name,type,in_this_network,ffl_count_used,T_topology,paper_score,score,paper_rank_overall,rank_overall,rank_change_overall,paper_rank_class,rank_class,rank_change_class,E_evidence,D_expression,R_replication,M_multiomic,C_clinical,F_functional
hsa-miR-21,miRNA,no,0,0.750853242320819,0.867488461692738,0.830002682398085,1,1,0,1,1,0,0.787435456110155,0.949565217391304,,0.870855148342059,0.791304347826087,
E2F1,TF,yes,65,0.959328782707622,0.825401598206921,0.822151151270467,2,2,0,1,1,0,0.918244406196213,0.949565217391304,1,0.40037211717364,0.627826086956522,0.899721448467967
hsa-miR-195,miRNA,yes,17,0.757963594994312,0.823539884776154,0.818192899565688,3,3,0,2,2,0,0.666092943201377,0.865217391304348,,0.986038394415358,0.815652173913044,
EZH2,TF,yes,33,0.916666666666667,0.819704187971799,0.815519237541115,4,4,0,2,2,0,0.913080895008606,0.953913043478261,1,0.57616940703478,0.744347826086957,0.604456824512535
COL1A1,Gene,yes,110,0.815699658703072,0.804376051433639,0.810430008852784,6,5,1,2,1,1,0.881239242685026,0.90695652173913,1,0.832336147864908,0.657391304347826,0.579387186629527
GATA3,TF,yes,99,0.747724687144482,0.780258747104671,0.796592242960351,11,6,5,3,3,0,0.700516351118761,0.669565217391304,1,0.758574397229711,0.758260869565218,0.94150417827298
STAT5A,Gene,no,0,0.391638225255973,0.789323577267212,0.796515191114116,9,7,2,3,2,1,0.700516351118761,0.869565217391305,1,0.832086858917116,0.890434782608696,0.891364902506964
hsa-miR-204,miRNA,no,0,0.515927189988623,0.790401871409796,0.784087878235734,7,8,-1,3,3,0,0.722030981067126,0.9,,0.963350785340314,0.819130434782609,
CCND2,Gene,no,0,0.658703071672355,0.810489838467959,0.778879242010946,5,9,-4,1,3,-2,0.826161790017212,0.808695652173913,1,0.543644440598272,0.954782608695652,0.66016713091922
PDGFRB,Gene,yes,49,0.652730375426621,0.763311185892041,0.776881801851736,18,10,8,6,4,2,0.957831325301205,0.359130434782609,1,0.907739288157784,0.850434782608696,0.710306406685237
hsa-miR-429,miRNA,yes,145,0.922070534698521,0.770917666621444,0.772851682548634,14,11,3,7,4,3,0.757314974182444,0.911304347826087,,0.650959860383944,0.622608695652174,
MYBL2,Gene,no,0,0.389362912400455,0.780355536250387,0.767516270851395,10,12,-2,4,5,-1,0.779690189328744,0.975652173913043,1,0.531268194012566,0.749565217391304,0.947075208913649
FN1,Gene,yes,524,0.886518771331058,0.763978162723125,0.766009692058409,16,13,3,5,6,-1,0.864888123924269,0.94695652173913,1,0.653802525997424,0.853913043478261,0.155988857938719
MET,Gene,yes,101,0.859499431171786,0.763191942553819,0.765264102475808,19,14,5,7,7,0,0.957831325301205,0.910434782608696,1,0.579995131742977,0.67304347826087,0.376044568245125
hsa-miR-383,miRNA,no,0,0.387087599544937,0.789883421664551,0.763774206647487,8,15,-7,4,5,-1,0.767641996557659,0.878260869565217,,0.94066317626527,0.845217391304348,
EGR2,TF,no,0,0.297212741751991,0.756572164902574,0.763763778749478,20,16,4,6,4,2,1,0.927826086956522,1,0.407760329332068,0.897391304347826,0.816155988857939
JUN,TF,yes,38,0.932025028441411,0.763471057339987,0.758473495175189,17,17,0,5,5,0,0.546471600688468,0.843478260869565,1,0.243122548250618,0.869565217391304,0.874651810584958
BRCA1,TF,no,0,0.59641638225256,0.767448497511985,0.757859679049446,15,18,-3,4,6,-2,0.896729776247849,0.560869565217391,1,0.517486224856613,0.780869565217391,0.952646239554318
MMP14,Gene,yes,117,0.774175199089875,0.747201792311082,0.750452239247536,22,19,3,9,8,1,0.821858864027539,0.652173913043478,1,0.816855482270541,0.923478260869565,0.264623955431755
CXCL12,Gene,yes,28,0.525028441410694,0.74774577312137,0.749289735416186,21,20,1,8,9,-1,0.896729776247849,0.929565217391304,1,0.535690906396214,0.594782608695652,0.763231197771588
PLAU,Gene,yes,30,0.550341296928328,0.738391230439058,0.7394069951067,23,21,2,10,10,0,0.957831325301205,0.569565217391304,1,0.705886347150648,0.843478260869565,0.54874651810585
DNMT1,TF,yes,22,0.795790671217293,0.724399243126725,0.737238508525717,30,22,8,9,7,2,0.972461273666093,0.749565217391304,1,0.643588742324794,0.0382608695652174,0.96100278551532
hsa-miR-124,miRNA,no,0,0.738339021615472,0.774848018414286,0.736110817049099,12,23,-11,5,6,-1,0.860585197934596,0.118260869565217,,0.968586387434555,0.994782608695652,
hsa-miR-155,miRNA,no,0,0.721843003412969,0.771305501076448,0.735526206423433,13,24,-11,6,7,-1,0.974182444061962,0.585217391304348,,0.961605584642234,0.434782608695652,
SREBF1,TF,no,0,0.505972696245734,0.726745579475784,0.733937193322688,28,25,3,8,8,0,0.803786574870912,0.606086956521739,1,0.472928852518819,0.829565217391304,0.919220055710306
ESR1,TF,yes,111,0.95221843003413,0.731842647610692,0.733305348732096,24,26,-2,7,9,-2,0.941480206540447,0.195652173913043,0.47329650092081,0.879449800298779,0.777391304347826,0.913649025069638
hsa-miR-300,miRNA,yes,152,0.821956769055745,0.681849032619895,0.729915016692705,58,27,31,23,8,15,0.594664371772806,,,0.773123909249564,,
BCL6,TF,yes,7,0.53839590443686,0.702436523748797,0.729659016841597,43,28,15,14,10,4,0.957831325301205,0.813913043478261,1,0.520888128676307,0.549565217391304,0.727019498607242
ABCA1,Gene,yes,14,0.858077360637088,0.731710490086741,0.721959149277379,25,29,-4,11,11,0,0.793459552495697,0.780869565217391,1,0.481033859433916,0.711304347826087,0.428969359331476
hsa-miR-100,miRNA,no,0,0.427758816837315,0.723423912851925,0.709999567004371,32,30,2,11,9,2,0.618760757314974,0.924347826086957,,1,0.579130434782609,
hsa-miR-145,miRNA,yes,41,0.914106939704209,0.711263214143485,0.708703487181027,39,31,8,17,10,7,0.844234079173838,0.930434782608696,,0.738219895287958,0.116521739130435,
FOXM1,TF,yes,2,0.53811149032992,0.702606955947798,0.706873167551894,42,32,10,13,11,2,0.20223752151463,0.983478260869565,1,0.520731551475289,0.798260869565217,0.905292479108635
VIM,Gene,no,0,0.319112627986348,0.724697308974142,0.706047869676239,29,33,-4,12,12,0,0.977624784853701,0.817391304347826,1,0.810936175559723,0.8,0.217270194986072
hsa-miR-30a,miRNA,no,0,0.592434584755404,0.721183316317092,0.703208344758503,33,34,-1,12,11,1,0.790877796901893,0.495652173913044,,0.659685863874346,0.977391304347826,
COL3A1,Gene,yes,29,0.631399317406143,0.670568284166704,0.701813205343365,70,35,35,15,13,2,0.991394148020654,0.684347826086957,1,0.918066587333427,0.514782608695652,0.172701949860724
MYB,TF,no,0,0.619453924914676,0.710891770894064,0.701302952431525,40,36,4,11,12,-1,0.981927710843373,0.622608695652174,0.47329650092081,0.528132732594453,0.803478260869565,0.880222841225627
ZEB2,TF,no,0,0.545506257110353,0.70483971696013,0.700329721835801,41,37,4,12,13,-1,0.975903614457831,0.846086956521739,1,0.686997248740334,0.0260869565217391,0.821727019498607
hsa-miR-206,miRNA,no,0,0.547212741751991,0.713451638429994,0.70002729258244,37,38,-1,15,12,3,0.896729776247849,0.440869565217391,,0.905759162303665,0.709565217391304,
NT5E,Gene,yes,16,0.459613196814562,0.693045460871812,0.699586985331426,49,39,10,13,14,-1,0.657487091222031,0.786086956521739,1,0.784111794459601,0.808695652173913,0.401114206128134
hsa-miR-143,miRNA,yes,41,0.888225255972696,0.698516240410527,0.697151052697217,44,40,4,18,13,5,0.821858864027539,0.682173913043478,,0.380453752181501,0.71304347826087,
hsa-miR-497,miRNA,yes,17,0.705915813424346,0.694093561098218,0.696368873953736,47,41,6,20,14,6,0.553356282271945,0.815652173913044,,0.989528795811518,0.417391304347826,
hsa-miR-141,miRNA,no,0,0.694823663253697,0.729807063623092,0.696359964646982,26,42,-16,8,15,-7,0.671256454388985,0.915217391304348,,0.894415357766143,0.306086956521739,
hsa-miR-34a,miRNA,no,0,0.706769055745165,0.729424792806183,0.695408865616194,27,43,-16,9,16,-7,0.931153184165232,0.0743478260869565,,0.87260034904014,0.892173913043478,
E2F3,TF,no,0,0.62542662116041,0.716596283806907,0.695265225786429,36,44,-8,10,14,-4,0.938898450946644,0.578260869565217,1,0.444755076279747,0.410434782608696,0.86908077994429
hsa-let-7b,miRNA,yes,69,0.761945392491468,0.68469796506554,0.694026747773162,55,45,10,22,17,5,0.746987951807229,0.498260869565217,,0.595113438045375,0.867826086956522,
hsa-miR-101,miRNA,no,0,0.672070534698521,0.724144185163388,0.691436562865322,31,46,-15,10,18,-8,0.716006884681583,0.482608695652174,,0.617801047120419,0.968695652173913,
BCL2L1,Gene,yes,78,0.802047781569966,0.684899837902177,0.690913164734616,54,47,7,14,15,-1,0.856282271944923,0.473913043478261,0.47329650092081,0.278516355640124,0.963478260869565,0.988857938718663
ESR2,TF,no,0,0.504266211604096,0.692476673107526,0.687966677983196,50,48,2,17,15,2,0.746987951807229,0.902608695652174,1,0.362763763287324,0.956521739130435,0.342618384401114
hsa-miR-205,miRNA,no,0,0.503128555176337,0.716968065775609,0.68710458454694,35,49,-14,14,19,-5,0.877796901893287,0.825217391304348,,0.446771378708552,0.782608695652174,
HDAC1,TF,yes,55,0.821103526734926,0.685705683068753,0.687005861843335,53,50,3,19,16,3,0.618760757314974,0.516521739130435,1,0.436513553988478,0.613913043478261,0.802228412256267
HMGA1,TF,yes,51,0.676905574516496,0.650907084265988,0.684671101818402,94,51,43,32,17,15,0.746987951807229,0.806086956521739,1,0.264308606896792,0.323478260869565,0.974930362116992
hsa-miR-106b,miRNA,yes,44,0.8080204778157,0.681631253322355,0.682200081536235,59,52,7,24,20,4,0.85025817555938,0.476521739130435,,0.907504363001745,0.368695652173913,
MYC,TF,yes,282,0.992605233219568,0.682297888014153,0.68213536566733,57,53,4,21,18,3,0.943201376936317,0.72695652173913,0.47329650092081,0.254540100768528,0.384347826086957,1
FOSB,Gene,yes,3,0.718145620022753,0.666711344431954,0.68036322156506,74,54,20,17,16,1,0.433734939759036,0.972173913043478,1,0.300311985118162,0.586086956521739,0.752089136490251
hsa-miR-9,miRNA,no,0,0.711035267349261,0.711670233448248,0.679815853471001,38,55,-17,16,21,-5,0.787435456110155,0.158260869565217,,0.924956369982548,0.817391304347826,
hsa-miR-200c,miRNA,no,0,0.747155858930603,0.718457949701908,0.679208802944228,34,56,-22,13,22,-9,0.779690189328744,0.786956521739131,,0.894415357766143,0.187826086956522,
HOXA9,TF,yes,10,0.548919226393629,0.649448003802246,0.677361216869043,95,57,38,33,19,14,0.957831325301205,0.931304347826087,1,0.536822292414867,0.0591304347826087,0.707520891364903
HDAC4,TF,no,0,0.526450511945393,0.693962505175743,0.677100811692889,48,58,-10,16,20,-4,0.585197934595525,0.742608695652174,1,0.41524386483577,0.857391304347826,0.612813370473538
hsa-miR-27a,miRNA,yes,53,0.934300341296928,0.681279768187744,0.676615376833933,60,59,1,25,23,2,0.836488812392427,0.379130434782609,,0.782722513089005,0.450434782608696,
hsa-miR-93,miRNA,yes,44,0.799203640500569,0.675115199713641,0.6762528561414,67,60,7,31,24,7,0.769363166953528,0.644347826086957,,0.900523560209424,0.267826086956522,
RUNX2,TF,yes,15,0.682025028441411,0.663562133146255,0.675385633877606,79,61,18,26,21,5,0.927710843373494,0.651304347826087,1,0.417827922843171,0.252173913043478,0.796657381615599
TYMS,Gene,yes,10,0.37542662116041,0.666481027593567,0.674363361414468,75,62,13,18,17,1,0.896729776247849,0.911304347826087,1,0.355535007023716,0.198260869565217,0.983286908077995
IRAK2,Gene,yes,8,0.535836177474403,0.646279577738282,0.673745854351316,101,63,38,24,18,6,0.896729776247849,0.641739130434783,1,0.493653815643345,0.730434782608696,0.417827298050139
STAT1,TF,yes,132,0.84584755403868,0.659341098332474,0.66905180855513,85,64,21,28,22,6,0.657487091222031,0.583478260869565,1,0.655815831023404,0.737391304347826,0.203342618384401
HOXA10,TF,no,0,0.632536973833902,0.678117099533657,0.668528281071118,62,65,-3,22,23,-1,0.803786574870912,0.837391304347826,1,0.478358069029178,0.28695652173913,0.64066852367688
hsa-miR-130b,miRNA,yes,30,0.668373151308305,0.647552930472957,0.668258277458167,99,66,33,43,25,18,0.73407917383821,0.708695652173913,,0.416230366492147,0.813913043478261,
FOS,TF,no,0,0.732935153583618,0.698437783436227,0.667924212820267,45,67,-22,15,24,-9,0.922547332185886,0.938260869565218,0.47329650092081,0.230088831742365,0.801739130434783,0.576601671309192
ITGB1,Gene,yes,88,0.552901023890785,0.631159934747301,0.666874220461586,120,68,52,31,19,12,0.987951807228916,0.626086956521739,0.47329650092081,0.436782370570514,0.786086956521739,0.805013927576602
ETS1,TF,yes,17,0.832764505119454,0.667539865122242,0.665386444026841,72,69,3,25,25,0,0.844234079173838,0.673913043478261,1,0.53210049264838,0.693913043478261,0.0807799442896936
hsa-miR-16,miRNA,yes,53,0.8467007963595,0.664565800147082,0.663200612433772,78,70,8,34,26,8,0.726333907056799,0.65304347826087,,0.853403141361257,0.236521739130435,
hsa-miR-183,miRNA,yes,162,0.912684869169511,0.654262953689366,0.662795376897557,89,71,18,40,27,13,0.451807228915663,0.901739130434783,,0.226876090750436,0.820869565217391,
CYFIP2,Gene,no,0,0.191410693970421,0.66673855494233,0.662228559818,73,72,1,16,20,-4,0.20223752151463,0.565217391304348,1,0.782540294739071,0.958260869565217,0.935933147632312
hsa-miR-1,miRNA,no,0,0.653299203640501,0.694185037378729,0.661477415080663,46,73,-27,19,28,-9,0.856282271944923,0.749565217391304,,0.869109947643979,0.179130434782609,
hsa-miR-150,miRNA,no,0,0.613765642775882,0.691016005438683,0.660014867782255,51,74,-23,21,29,-8,0.761617900172117,0.465217391304348,,0.598603839441536,0.860869565217391,
IRF1,TF,no,0,0.695676905574517,0.687903030992276,0.659461620298306,52,75,-23,18,26,-8,0.629948364888124,0.426956521739131,1,0.52620495741937,0.95304347826087,0.384401114206128
hsa-miR-223,miRNA,no,0,0.570534698521047,0.680307767952043,0.659318006859893,61,76,-15,26,30,-4,0.803786574870912,0.366086956521739,,0.902268760907504,0.653913043478261,
CAV1,Gene,yes,58,0.582764505119454,0.634538465774867,0.657657269610394,115,77,38,29,21,8,1,0.987826086956522,1,0.533070849877662,0.391304347826087,0.108635097493036
JUND,TF,no,0,0.300341296928328,0.660286272202479,0.655776277078149,83,78,5,27,27,0,1,0.471304347826087,1,0.0787858726053942,0.904347826086956,0.835654596100279
hsa-miR-182,miRNA,yes,151,0.926621160409556,0.650961131221966,0.654658514612182,93,79,14,41,31,10,0.647160068846816,0.927826086956522,,0.359511343804538,0.412173913043478,
IRF9,Gene,no,0,0.457337883959044,0.647017654319624,0.654209268166528,100,80,20,23,22,1,0.618760757314974,0.668695652173913,1,0.471332809707834,0.831304347826087,0.532033426183844
SMAD3,TF,no,0,0.746302616609784,0.68311567878432,0.652927152862006,56,81,-25,20,28,-8,0.913080895008606,0.545217391304348,1,0.666012698660292,0.318260869565217,0.381615598885794
hsa-miR-23a,miRNA,yes,28,0.877986348122867,0.660716766259526,0.652696288443826,81,82,-1,35,32,3,0.609294320137694,0.297826086956522,,0.782722513089005,0.695652173913044,
F3,Gene,yes,92,0.707906712172924,0.652901699946256,0.652617285839316,92,83,9,21,23,-2,0.20223752151463,0.915652173913043,1,0.377423466957551,0.476521739130435,0.88857938718663
KLF4,TF,no,0,0.696245733788396,0.673371530571907,0.651227860817316,69,84,-15,23,29,-6,0.729776247848537,0.955652173913044,1,0.298330583142049,0.229565217391304,0.649025069637883
PPARG,TF,no,0,0.608361774744027,0.667986881841315,0.651125188358461,71,85,-14,24,30,-6,0.20223752151463,0.981739130434783,1,0.636493444680023,0.794782608695652,0.334261838440111
hsa-miR-655,miRNA,yes,5,0.757963594994312,0.644639565527001,0.650612261772735,106,86,20,46,33,13,0.433734939759036,0.597391304347826,,0.891797556719023,0.572173913043478,
hsa-miR-181b,miRNA,yes,56,0.84613196814562,0.649201211439601,0.649201211439601,96,87,9,42,34,8,0.562822719449225,0.808695652173913,,0.402268760907504,0.626086956521739,
CEBPA,TF,yes,98,0.940273037542662,0.648800923928629,0.649125968622274,97,88,9,34,31,3,0.629948364888124,0.850434782608696,1,0.370148206434278,0.0539130434782609,0.6991643454039
hsa-miR-137,miRNA,no,0,0.632252559726963,0.674040495603018,0.647931280585953,68,89,-21,32,35,-3,0.685025817555938,0.199130434782609,,0.933682373472949,0.789565217391304,
hsa-miR-193a,miRNA,no,0,0.428043230944255,0.660399071358082,0.646974725510528,82,90,-8,36,36,0,0.832185886402754,0.337391304347826,,0.710296684118674,0.926956521739131,
SERPINE1,Gene,yes,113,0.621729237770193,0.647626254189252,0.646813642455139,98,91,7,22,24,-2,0.85197934595525,0.571304347826087,1,0.460432353693059,0.699130434782609,0.323119777158774
hsa-miR-449a,miRNA,no,0,0.350398179749716,0.660169845277432,0.646745499429878,84,92,-8,37,37,0,0.675559380378657,0.58,,0.733856893542757,0.893913043478261,
ID4,Gene,no,0,0.544084186575654,0.665246769925719,0.646597330627816,76,93,-17,19,25,-6,0.444061962134251,0.935652173913043,1,0.532459290669667,0.39304347826087,0.676880222841226
hsa-miR-224,miRNA,no,0,0.482935153583618,0.676362190920406,0.646498709691737,64,94,-30,28,38,-10,0.494836488812392,0.710434782608696,,0.982547993019197,0.561739130434783,
EDN1,Gene,yes,57,0.603811149032992,0.642675562680384,0.645275920229547,107,95,12,26,26,0,0.927710843373494,0.849565217391304,1,0.0961591161495969,0.674782608695652,0.364902506963788
NR1H3,TF,no,0,0.390216154721274,0.657609789963689,0.644770524564697,87,96,-9,29,32,-3,0.896729776247849,0.66,1,0.414247183880692,0.96,0.192200557103064
SPP1,Gene,yes,26,0.415813424345848,0.625271818020211,0.643880626731409,130,97,33,33,27,6,0.803786574870912,0.820869565217391,1,0.632517760798826,0.747826086956522,0.0863509749303621
hsa-miR-196a,miRNA,no,0,0.350398179749716,0.655466865428538,0.642042519580985,88,98,-10,39,39,0,0.746987951807229,0.738260869565217,,0.68760907504363,0.686956521739131,
hsa-miR-142,miRNA,no,0,0.688850967007964,0.675379552953268,0.641363625763279,66,99,-33,30,40,-10,0.546471600688468,0.745217391304348,,0.554973821989529,0.671304347826087,
TP63,TF,no,0,0.632252559726963,0.633789601873199,0.640981215720103,117,100,17,38,33,5,0.494836488812392,0.911304347826087,0.47329650092081,0.529127989041258,0.980869565217391,0.465181058495822
hsa-miR-200a,miRNA,no,0,0.728953356086462,0.676993634695565,0.640588629007283,63,101,-38,27,41,-14,0.714285714285714,0.872173913043478,,0.664921465968586,0.222608695652174,
hsa-miR-767,miRNA,no,0,0.191410693970421,0.630111140202106,0.640179399587771,122,102,20,53,42,11,1,0.383478260869565,,0.977312390924956,0.648695652173913,
hsa-miR-106a,miRNA,yes,184,0.866894197952218,0.636010475486781,0.640162921448101,113,103,10,49,43,6,0.675559380378657,0.562608695652174,,0.528795811518325,0.56695652173913,
hsa-miR-221,miRNA,yes,56,0.8467007963595,0.617603013542309,0.638791864509317,139,104,35,59,44,15,0.771944922547332,0.202608695652174,,,0.733913043478261,
MMP2,Gene,yes,421,0.912684869169511,0.63721872676022,0.638478274948096,111,105,6,27,28,-1,0.984509466437177,0.259130434782609,1,0.796961630691601,0.290434782608696,0.225626740947075
FOXD3,TF,no,0,0.358361774744027,0.629558297573156,0.63674991142006,124,106,18,39,34,5,0.20223752151463,0.668695652173913,1,0.756039692498522,0.886956521739131,0.584958217270195
NGF,Gene,no,0,0.327645051194539,0.628922745011477,0.636114358858381,126,107,19,32,29,3,0.585197934595525,0.588695652173913,1,0.347056957004601,0.907826086956522,0.696378830083566
hsa-miR-543,miRNA,yes,27,0.672070534698521,0.592743653113545,0.635519534797276,171,108,63,70,45,25,0.469879518072289,0.48,,0.74869109947644,0.80695652173913,
TFAP2A,TF,yes,17,0.695392491467577,0.638316037907574,0.635268743904649,108,109,-1,36,35,1,0.20223752151463,0.776521739130435,1,0.533935704462967,0.394782608695652,0.844011142061281
MEIS1,TF,no,0,0.274459613196815,0.627705215546085,0.634896829392989,128,110,18,40,36,4,0.957831325301205,0.76695652173913,1,0.307571219923363,0.739130434782609,0.398328690807799
hsa-miR-24,miRNA,yes,43,0.882821387940842,0.63792291055516,0.634680589736048,110,111,-1,48,46,2,0.736660929432014,0.0278260869565217,,0.7521815008726,0.773913043478261,
TWIST1,TF,yes,6,0.900170648464164,0.646057050781452,0.634558594743747,103,112,-9,35,37,-2,0.815834767641997,0.755652173913044,1,0.520084231174188,0.372173913043478,0.0779944289693593
hsa-miR-130a,miRNA,no,0,0.69254835039818,0.676284170057986,0.634532179159238,65,113,-48,29,47,-18,0.605851979345955,0.530434782608696,,0.849912739965096,0.493913043478261,
KLF5,TF,no,0,0.612343572241183,0.652939803876119,0.634290364578215,91,114,-23,31,38,-7,0.668674698795181,0.695652173913044,0.47329650092081,0.297639785661363,0.784347826086957,0.908077994428969
GJA1,Gene,yes,26,0.727246871444824,0.634945733708193,0.633767446693728,114,115,-1,28,30,-2,0.838209982788296,0.141739130434783,0.47329650092081,0.643274578896064,0.866086956521739,0.746518105849582
hsa-miR-29b,miRNA,yes,459,0.972696245733788,0.631680033213379,0.632931455283914,119,116,3,51,48,3,0.934595524956971,0.221739130434783,,0.242582897033159,0.79304347826087,
hsa-miR-29a,miRNA,yes,273,0.947383390216155,0.629290587809028,0.632248494521201,125,117,8,55,49,6,0.869191049913941,0.273913043478261,,0.342059336823735,0.728695652173913,
hsa-miR-125b,miRNA,no,0,0.649317406143345,0.658895182122178,0.630738185535147,86,118,-32,38,50,-12,0.6815834767642,0.879565217391304,,0.677137870855148,0.266086956521739,
HMGCS1,Gene,no,0,0.564562002275313,0.63443860184824,0.62992860672391,116,119,-3,30,31,-1,0.20223752151463,0.36,1,0.648271753918095,0.64,0.994428969359331
LEF1,TF,no,0,0.568543799772469,0.653082521281737,0.629719933925976,90,120,-30,30,39,-9,0.20223752151463,0.872173913043478,1,0.528654607135754,0.991304347826087,0.245125348189415
VEGFA,Gene,no,0,0.464448236632537,0.661094305272317,0.629321186468482,80,121,-41,20,32,-12,0.989672977624785,0.425217391304348,1,0.469734333361883,0.554782608695652,0.501392757660167
hsa-miR-15a,miRNA,yes,31,0.818259385665529,0.628798905263728,0.627490600371806,127,122,5,56,51,5,0.839931153184165,0.71304347826087,,0.287958115183246,0.478260869565217,
MEN1,TF,no,0,0.353811149032992,0.620101727211798,0.627293341058702,134,123,11,43,40,3,0.746987951807229,0.68,1,0.438506678480589,0.24695652173913,0.924791086350975
ILF3,TF,no,0,0.202502844141069,0.619978956539732,0.627170570386636,135,124,11,44,41,3,1,0.498260869565217,1,0.378494103633808,0.330434782608696,0.98050139275766
hsa-miR-411,miRNA,yes,27,0.540386803185438,0.583752186861245,0.626528068544977,186,125,61,77,52,25,0.536144578313253,0.639130434782609,,0.881326352530541,0.535652173913043,
hsa-miR-452,miRNA,no,0,0.333617747440273,0.638258231774206,0.624833885926652,109,126,-17,47,53,-6,0.562822719449225,0.786086956521739,,0.972076788830716,0.469565217391304,
hsa-miR-19a,miRNA,no,0,0.725824800910125,0.664945295797493,0.623477719005684,77,127,-50,33,54,-21,0.645438898450947,0.526086956521739,,0.760907504363002,0.459130434782609,
MYH11,Gene,no,0,0.339306029579067,0.615944499095746,0.62313611294265,142,128,14,36,33,3,0.20223752151463,0.978260869565217,1,0.832634018480265,0.558260869565217,0.45125348189415
IL11,Gene,yes,9,0.436291240045506,0.614739291010872,0.622418471898244,143,129,14,37,34,3,0.20223752151463,0.75304347826087,1,0.475329208313502,0.88,0.610027855153203
hsa-miR-381,miRNA,yes,152,0.83646188850967,0.592360114136572,0.621199704580258,172,130,42,71,55,16,0.501721170395869,0.780869565217391,,0.74694589877836,0.24,
hsa-miR-15b,miRNA,yes,22,0.770193401592719,0.618534106258251,0.620069942435726,137,131,6,58,56,2,0.598967297762479,0.734782608695652,,0.966841186736475,0.0295652173913043,
ADRB2,Gene,no,0,0.300910125142207,0.624109096305108,0.619599101180778,131,132,-1,34,35,-1,0.482788296041308,0.977391304347826,1,0.436934792955735,0.768695652173913,0.370473537604457
hsa-miR-20b,miRNA,yes,167,0.83617747440273,0.611548041492104,0.619511636486416,145,133,12,62,57,5,0.518932874354561,0.584347826086957,,0.453752181500873,0.704347826086957,
NR4A1,Gene,yes,2,0.482366325369738,0.605607690670057,0.618203172548816,154,134,20,40,36,4,0.957831325301205,0.86695652173913,0.47329650092081,0.319818815605654,0.539130434782609,0.688022284122563
SOX10,TF,no,0,0.416951080773606,0.610534293135745,0.617725906982649,146,135,11,47,42,5,0.20223752151463,0.888695652173913,0.47329650092081,0.50123412867785,0.911304347826087,0.930362116991643
MYCN,TF,yes,43,0.939135381114903,0.61780786114822,0.617523447041281,138,136,2,45,43,2,0.657487091222031,0.394782608695652,0.47329650092081,0.323749152640157,0.91304347826087,0.62116991643454
hsa-miR-379,miRNA,yes,28,0.517918088737201,0.574062979579886,0.617293923834721,203,137,66,88,58,30,0.562822719449225,0.738260869565217,,0.897033158813264,0.370434782608696,
BACE1,Gene,no,0,0.422354948805461,0.64547548079976,0.616709025412144,105,138,-33,25,37,-12,0.779690189328744,0.64,1,0.130904475502286,0.664347826086957,0.67966573816156
hsa-miR-151a,miRNA,no,0,0.203071672354949,0.60343590523883,0.616021229470912,162,139,23,65,59,6,0.986230636833047,0.403478260869565,,,0.871304347826087,
BDNF,Gene,no,0,0.609783845278726,0.619576544568611,0.615066549444281,136,140,-4,35,38,-3,0.896729776247849,0.722608695652174,0.243093922651934,0.52855782960495,0.641739130434783,0.662952646239554
hsa-miR-148a,miRNA,no,0,0.639647326507395,0.645946305010012,0.614091925032765,104,141,-37,45,60,-15,0.882960413080895,0.315652173913044,,0.757417102966841,0.474782608695652,
hsa-miR-129,miRNA,no,0,0.568543799772469,0.627344377607098,0.613920031759544,129,142,-13,57,61,-4,0.594664371772806,0.595652173913044,,0.837696335078534,0.47304347826087,
hsa-miR-133a,miRNA,no,0,0.434015927189989,0.60306113191967,0.613129391305336,163,143,20,66,62,4,0.679862306368331,0.686956521739131,,0.633507853403141,0.631304347826087,
SCARB1,Gene,yes,40,0.517633674630262,0.591635566327562,0.61239779613416,173,144,29,46,39,7,0.918244406196213,0.396521739130435,0.47329650092081,0.482543986589679,0.72695652173913,0.771587743732591
CELSR3,Gene,no,0,0.361205915813424,0.604343449688705,0.611535063535609,155,145,10,41,40,1,0.429432013769363,0.824347826086957,1,0.698415617382776,0.262608695652174,0.704735376044568
SOX2,TF,no,0,0.742605233219568,0.636370498618631,0.61122016544782,112,146,-34,37,44,-7,0.685025817555938,0.449565217391304,1,0.639378073933048,0.210434782608696,0.551532033426184
CEBPD,TF,no,0,0.344994311717861,0.603670730083833,0.610862343930736,160,147,13,53,45,8,0.957831325301205,0.552173913043478,0.47329650092081,0.171274327707772,0.996521739130435,0.779944289693593
ATF3,TF,yes,33,0.684300341296928,0.607753477529,0.610435096251575,149,148,1,49,46,3,0.981927710843373,0.915652173913043,0.47329650092081,0.31488238992602,0.540869565217391,0.362116991643454
NGFR,Gene,yes,2,0.463026166097838,0.609109636718654,0.609353420238888,147,149,-2,38,41,-3,0.525817555938038,0.899130434782609,0.243093922651934,0.380165823446801,0.940869565217391,0.813370473537604
hsa-miR-99b,miRNA,no,0,0.303754266211604,0.598964166310824,0.60903242569649,167,150,17,68,63,5,0.746987951807229,0.42,,0.645724258289703,0.928695652173913,
EGR1,TF,yes,336,0.986916951080774,0.607630228361661,0.608564731855891,150,151,-1,50,47,3,0.518932874354561,0.958260869565217,0.47329650092081,0.238854513723624,0.546086956521739,0.537604456824513
STAT6,TF,no,0,0.408703071672355,0.616960562862444,0.607371744399905,140,152,-12,46,48,-2,0.20223752151463,0.533913043478261,1,0.527157923776818,0.805217391304348,0.774373259052925
hsa-miR-139,miRNA,no,0,0.439135381114903,0.612567866631833,0.606253873457772,144,153,-9,61,64,-3,0.871772805507745,0.984347826086957,,0.603839441535777,0.132173913043478,
ITGA5,Gene,yes,2,0.517633674630262,0.603888502373694,0.606001292882389,157,154,3,42,42,0,0.938898450946644,0.16,0.47329650092081,0.503746367726483,0.899130434782609,0.749303621169917
hsa-miR-199a,miRNA,no,0,0.678043230944255,0.64622172478415,0.605948687241488,102,155,-53,44,65,-21,0.779690189328744,0.215652173913043,,0.952879581151833,0.403478260869565,
HDAC2,TF,yes,78,0.837599544937429,0.603730826017799,0.605477941246143,159,156,3,52,49,3,0.20223752151463,0.365217391304348,1,0.308097961534597,0.881739130434783,0.643454038997215
SHC1,Gene,yes,55,0.520193401592719,0.569295058314352,0.603343489973705,214,157,57,60,43,17,0.871772805507745,0.288695652173913,0.47329650092081,0.52447331922714,0.946086956521739,0.598885793871866
CTNNB1,TF,yes,19,0.805745164960182,0.601088002455651,0.602916378857406,164,158,6,54,50,4,0.832185886402754,0.409565217391304,0.47329650092081,0.244880450814133,0.660869565217391,0.793871866295265
SRF,TF,no,0,0.561717861205916,0.622609317144641,0.602497176725334,133,159,-26,42,51,-9,0.657487091222031,0.52695652173913,0.47329650092081,0.213732568396132,0.84,0.944289693593315
hsa-miR-340,miRNA,no,0,0.517349260523322,0.630415081522861,0.60225808493583,121,160,-39,52,66,-14,0.463855421686747,0.66,,0.399650959860384,0.970434782608696,
GAD1,Gene,yes,4,0.496587030716724,0.574813092605786,0.600735406924004,201,161,40,55,44,11,0.20223752151463,0.5,1,0.614970504665888,0.678260869565217,0.713091922005571
hsa-miR-29c,miRNA,yes,186,0.896757679180887,0.600354021013464,0.600354021013464,165,162,3,67,67,0,0.874354561101549,0.00695652173913044,,0.31413612565445,0.909565217391304,
hsa-miR-26a,miRNA,no,0,0.656427758816837,0.63343244605093,0.599985347074821,118,163,-45,50,68,-18,0.819277108433735,0.304347826086957,,0.713787085514834,0.506086956521739,
IL6,Gene,yes,197,0.862343572241183,0.573398505725522,0.599767756497503,205,164,41,57,45,12,0.957831325301205,0.90695652173913,0.47329650092081,0.546009836585753,0.346086956521739,0.105849582172702
hsa-miR-210,miRNA,no,0,0.400170648464164,0.589237452816189,0.599305712201855,176,165,11,72,69,3,0.844234079173838,0.770434782608696,,0.235602094240838,0.746086956521739,
FGL2,Gene,no,0,0.265073947667804,0.60375606418311,0.599246069058781,158,166,-8,43,46,-3,0.20223752151463,0.805217391304348,1,0.501154504600835,0.925217391304348,0.495821727019499
hsa-miR-125a,miRNA,no,0,0.478953356086462,0.588855382072318,0.598923641457983,177,167,10,73,70,3,0.675559380378657,0.428260869565217,,0.655322862129145,0.756521739130435,
FOXO1,TF,no,0,0.453924914675768,0.591157735673068,0.598349349519972,174,168,6,57,52,5,0.20223752151463,0.934782608695652,1,0.354254670858757,0.466086956521739,0.777158774373259
SPI1,TF,yes,2,0.806882821387941,0.593962510380651,0.598228721984746,170,169,1,56,53,3,0.598967297762479,0.465217391304348,0.47329650092081,0.465443655088798,0.659130434782609,0.71866295264624
THBS2,Gene,yes,5,0.50938566552901,0.571106643156268,0.59755715510166,211,170,41,59,47,12,0.424268502581756,0.486086956521739,1,0.765120932739527,0.878260869565217,0.119777158774373
TCF7L2,TF,no,0,0.389647326507395,0.606771128819411,0.597182310356872,152,171,-19,51,54,-3,0.20223752151463,0.805217391304348,1,0.423682592491096,0.84695652173913,0.512534818941504
TCF4,TF,no,0,0.507679180887372,0.58982945640194,0.597021070248844,175,172,3,58,55,3,0.700516351118761,0.704347826086957,1,0.800391223390853,0.0121739130434783,0.454038997214485
SNAI2,TF,no,0,0.707337883959044,0.62333283070296,0.594972681182401,132,173,-41,41,56,-15,0.700516351118761,0.686956521739131,0.47329650092081,0.491036014596224,0.509565217391304,0.596100278551532
TGFBR2,Gene,yes,91,0.660409556313993,0.595245624253447,0.594514273692745,169,174,-5,45,48,-3,0.924268502581756,0.959130434782609,1,0.304205373969331,0.12695652173913,0.186629526462396
hsa-miR-202,miRNA,no,0,0.337315130830489,0.58393342663921,0.594001686024875,184,175,9,76,71,5,0.700516351118761,0.48695652173913,,0.50087260034904,0.944347826086956,
hsa-miR-222,miRNA,yes,56,0.828213879408419,0.571589755456226,0.592778606423234,208,176,32,89,72,17,0.722030981067126,0.177391304347826,,,0.643478260869565,
DAB2,Gene,no,0,0.328782707622298,0.583389634097245,0.590581247944149,187,177,10,51,49,2,0.572289156626506,0.737391304347826,1,0.807738302872895,0.481739130434783,0.206128133704735
hsa-miR-148b,miRNA,no,0,0.410978384527873,0.603991714064568,0.590567368217014,156,178,-22,64,73,-9,0.444061962134251,0.748695652173913,,0.366492146596859,0.982608695652174,
CDH11,Gene,no,0,0.531569965870307,0.607019706525225,0.590158013042371,151,179,-28,39,50,-11,0.501721170395869,0.652173913043478,1,0.531439758227708,0.471304347826087,0.442896935933148
hsa-miR-493,miRNA,no,0,0.459613196814562,0.595773937165066,0.589459943991005,168,180,-12,69,74,-5,0.458691910499139,0.655652173913043,,0.835951134380454,0.537391304347826,
hsa-miR-30c,miRNA,yes,29,0.777872582480091,0.5618080747322,0.5891687118198,228,181,47,97,75,22,0.629948364888124,0.40695652173913,,0.181500872600349,0.949565217391304,
hsa-miR-758,miRNA,yes,4,0.514220705346985,0.552361657692137,0.588652897737643,248,182,66,107,76,31,0.618760757314974,0.707826086956522,,0.956369982547993,0.146086956521739,
PTN,Gene,no,0,0.242320819112628,0.579689966787238,0.586881580634142,192,183,9,52,51,1,0.20223752151463,0.927826086956522,1,0.630411803380584,0.787826086956522,0.317548746518106
NOTCH1,Gene,no,0,0.532423208191126,0.603580554739205,0.586718861256351,161,184,-23,44,52,-8,0.97934595524957,0.516521739130435,0.47329650092081,0.490768592845205,0.883478260869565,0.231197771587744
hsa-miR-17,miRNA,no,0,0.729806598407281,0.629644972328507,0.586357145252284,123,185,-62,54,77,-23,0.824440619621343,0.442608695652174,,0.792321116928447,0.142608695652174,
NRP1,Gene,yes,5,0.667519908987486,0.583842199959806,0.586239404575441,185,186,-1,50,53,-3,0.761617900172117,0.767826086956522,0.47329650092081,0.625901810187953,0.60695652173913,0.200557103064067
KLF10,Gene,no,0,0.46188850967008,0.579005624096447,0.586197237943351,194,187,7,53,54,-1,0.41394148020654,0.818260869565217,1,0.270212659498185,0.523478260869565,0.615598885793872
hsa-miR-154,miRNA,no,0,0.208759954493743,0.575522288629259,0.585590548014924,199,188,11,85,78,7,0.896729776247849,0.52,,0.958115183246073,0.344347826086957,
hsa-miR-31,miRNA,no,0,0.596985210466439,0.606738963783398,0.584270249335161,153,189,-36,63,79,-16,0.657487091222031,0.176521739130435,,,0.906086956521739,
F8,Gene,yes,31,0.556882821387941,0.563011144534605,0.583123284953913,224,190,34,63,55,8,0.20223752151463,0.913913043478261,1,0.457379929236365,0.812173913043478,0.139275766016713
ANPEP,Gene,no,0,0.251422070534699,0.57572185211613,0.582913465963034,198,191,7,54,56,-2,0.20223752151463,0.786086956521739,1,0.799460841424986,0.570434782608696,0.47075208913649
hsa-miR-200b,miRNA,yes,145,0.963594994311718,0.582972882846522,0.582859117203746,188,192,-4,78,80,-2,0.814113597246127,0.686956521739131,,0.268760907504363,0.180869565217391,
hsa-miR-181a,miRNA,yes,56,0.875995449374289,0.581905891478732,0.582133422764284,190,193,-3,80,81,-1,0.728055077452668,0.372173913043478,,0.402268760907504,0.532173913043478,
hsa-miR-18a,miRNA,no,0,0.685153583617748,0.61625754532557,0.580478250672555,141,194,-53,60,82,-22,0.685025817555938,0.482608695652174,,0.760907504363002,0.288695652173913,
PAX5,TF,yes,14,0.487201365187713,0.56836942108443,0.579949138295547,216,195,21,63,57,6,0.20223752151463,0.198260869565217,1,0.840162693089871,0.707826086956522,0.623955431754875
DNAJB4,Gene,no,0,0.390784982935154,0.583997622256718,0.579487627132389,183,196,-13,49,57,-8,0.20223752151463,0.895652173913044,1,0.39773992265751,0.587826086956522,0.582172701949861
hsa-miR-503,miRNA,yes,8,0.703071672354949,0.582203477697411,0.578733625592746,189,197,-8,79,83,-4,0.458691910499139,0.508260869565218,,0.797556719022688,0.426086956521739,
hsa-miR-133b,miRNA,no,0,0.487201365187713,0.568289895971047,0.578358155356712,218,198,20,94,84,10,0.668674698795181,0.406086956521739,,0.825479930191972,0.504347826086957,
hsa-miR-181c,miRNA,yes,47,0.792662116040956,0.574785245068345,0.578027565887458,202,199,3,87,85,2,0.454388984509467,0.40695652173913,,0.387434554973822,0.848695652173913,
EPAS1,TF,no,0,0.727815699658703,0.609062143443819,0.578020375200686,148,200,-52,48,58,-10,0.440619621342513,0.929565217391304,1,0.423932326597724,0.156521739130435,0.367688022284123
hsa-miR-185,miRNA,no,0,0.399886234357224,0.584197311601739,0.577883318427677,182,201,-19,75,86,-11,0.864888123924269,0.539130434782609,,0.584642233856894,0.500869565217391,
hsa-miR-485,miRNA,yes,27,0.565699658703072,0.534938119349565,0.577714001033297,284,202,82,120,87,33,0.20223752151463,0.592173913043478,,0.931937172774869,0.596521739130435,
MME,Gene,no,0,0.3080204778157,0.585831310466078,0.57624249200354,179,203,-24,47,58,-11,0.20223752151463,0.98695652173913,1,0.840733861552872,0.269565217391304,0.426183844011142
hsa-miR-96,miRNA,yes,173,0.927758816837315,0.571389842045635,0.575769819292506,210,204,6,90,88,2,0.572289156626506,0.887826086956522,,0.155322862129145,0.335652173913044,
hsa-miR-152,miRNA,no,0,0.48122866894198,0.588592393195087,0.575168047347533,178,205,-27,74,89,-15,0.648881239242685,0.162608695652174,,0.647469458987784,0.935652173913043,
XBP1,TF,no,0,0.43259385665529,0.566508803450683,0.573700417297587,220,206,14,64,59,5,0.20223752151463,0.533913043478261,1,0.564009656029329,0.932173913043478,0.350974930362117
VDR,TF,no,0,0.554607508532423,0.6001622935758,0.573224214589939,166,207,-41,55,60,-5,0.482788296041308,0.516521739130435,1,0.338661647174348,0.462608695652174,0.657381615598886
SEMA6A,Gene,yes,3,0.488339021615472,0.571545031461471,0.572845210236052,209,208,1,58,59,-1,0.525817555938038,0.879130434782609,1,0.579741969913317,0.35304347826087,0.183844011142061
TAL1,TF,no,0,0.455915813424346,0.565382287744615,0.572573901591519,221,209,12,65,61,4,0.700516351118761,0.938260869565217,0.47329650092081,0.503663479151342,0.253913043478261,0.682451253481894
hsa-miR-296,miRNA,no,0,0.263367463026166,0.578147562723278,0.571833569549216,196,210,-14,83,90,-7,0.803786574870912,0.455217391304348,,0.828970331588133,0.507826086956522,
TAGLN,Gene,no,0,0.165244596131968,0.562963451905788,0.570155065752692,225,211,14,64,60,4,0.20223752151463,0.814782608695652,1,0.771334964276597,0.44695652173913,0.590529247910864
S100B,Gene,no,0,0.203356086461889,0.562705166338161,0.569896780185065,226,212,14,65,61,4,0.20223752151463,0.975652173913043,1,0.603831606740275,0.979130434782609,0.0250696378830084
hsa-miR-377,miRNA,yes,27,0.487485779294653,0.526725341565047,0.569501223248779,296,213,83,123,91,32,0.618760757314974,0.720869565217391,,0.862129144851658,0.158260869565217,
MYD88,Gene,yes,9,0.507394766780432,0.550555101501429,0.566563552663464,252,214,38,75,62,13,0.20223752151463,0.554782608695652,1,0.26516325250614,0.918260869565217,0.518105849582173
POU5F1,TF,yes,2,0.764505119453925,0.571897002415034,0.56563989206236,206,215,-9,61,62,-1,0.508605851979346,0.390434782608696,0.47329650092081,0.337458353165159,0.855652173913044,0.629526462395543
UGCG,Gene,no,0,0.405858930602958,0.585418490594409,0.565306350175102,180,216,-36,48,63,-15,0.20223752151463,0.198260869565217,1,0.466465947515536,0.876521739130435,0.807799442896936
NTF3,Gene,yes,2,0.362343572241183,0.560682287710557,0.564948499314653,230,217,13,67,64,3,0.779690189328744,0.858260869565218,0.47329650092081,0.389194178818167,0.398260869565217,0.693593314763231
MYL9,Gene,no,0,0.261376564277588,0.556887263970315,0.564078877817219,238,218,20,70,65,5,0.20223752151463,0.851304347826087,1,0.617904027197662,0.274782608695652,0.740947075208914
hsa-miR-22,miRNA,no,0,0.59641638225256,0.581891049972377,0.563916078413788,191,219,-28,81,92,-11,0.790877796901893,0.14,,0.532286212914485,0.76,
KLF2,TF,no,0,0.409556313993174,0.556491398252286,0.56368301209919,239,220,19,67,63,4,0.20223752151463,0.815652173913044,1,0.125654925097871,0.740869565217391,0.651810584958217
hsa-miR-26b,miRNA,no,0,0.478100113765643,0.576886193837959,0.563461847990405,197,221,-24,84,93,-9,0.675559380378657,0.259130434782609,,0.799301919720768,0.605217391304348,
FGF7,Gene,yes,85,0.70221843003413,0.561199695431129,0.563231224766413,229,222,7,66,66,0,0.475043029259897,0.900869565217391,1,0.432597031716499,0.203478260869565,0.22841225626741
hsa-miR-126,miRNA,no,0,0.319112627986348,0.552966220398878,0.563034479784543,246,223,23,106,94,12,0.896729776247849,0.678695652173913,,0.682373472949389,0.238260869565217,
NFKB2,TF,no,0,0.218714448236633,0.554858204959842,0.562049818806746,241,224,17,68,64,4,0.20223752151463,0.507826086956522,1,0.428247191834196,0.975652173913043,0.601671309192201
hsa-miR-495,miRNA,yes,6,0.697667804323094,0.540525237339272,0.561799412538362,271,225,46,114,95,19,0.20223752151463,0.71304347826087,,0.863874345549738,0.332173913043478,
hsa-miR-373,miRNA,yes,25,0.783560864618885,0.565008053937734,0.56125378772613,223,226,-3,96,96,0,0.817555938037866,0.0217391304347826,,0.731239092495637,0.452173913043478,
STAT4,TF,no,0,0.294653014789534,0.553603614000207,0.560795227847111,244,227,17,69,65,4,0.20223752151463,0.592173913043478,1,0.559999783949579,0.961739130434783,0.314763231197772
SP1,TF,yes,131,0.978953356086462,0.562261172578478,0.560067120896372,227,228,-1,66,66,0,0.910499139414802,0.427826086956522,0.138121546961326,0.304168663204043,0.297391304347826,0.863509749303621
hsa-miR-424,miRNA,yes,8,0.829920364050057,0.570880227026378,0.560015608141281,212,229,-17,91,97,-6,0.618760757314974,0.0843478260869565,,0.776614310645724,0.490434782608696,
CEBPB,TF,no,0,0.72127417519909,0.584666021456253,0.558256140097566,181,230,-49,59,67,-8,0.546471600688468,0.326086956521739,0.47329650092081,0.317684457053717,0.667826086956522,0.855153203342618
hsa-miR-27b,miRNA,yes,46,0.870591581342435,0.560615647913856,0.557885272487235,231,231,0,98,98,0,0.585197934595525,0.198260869565217,,0.420593368237347,0.714782608695652,
TLR4,Gene,yes,94,0.857224118316269,0.538394695049165,0.557734854321065,276,232,44,86,67,19,0.585197934595525,0.86695652173913,0.47329650092081,0.819746729551584,0.151304347826087,0.15041782729805
hsa-miR-25,miRNA,yes,8,0.791524459613197,0.554767981932265,0.557043294787783,242,233,9,104,99,5,0.576592082616179,0.16,,0.916230366492147,0.340869565217391,
hsa-miR-10b,miRNA,no,0,0.296075085324232,0.570200406867088,0.556776061019534,213,234,-21,92,100,-8,0.700516351118761,0.914782608695652,,0.345549738219895,0.52695652173913,
hsa-miR-30d,miRNA,yes,29,0.840728100113766,0.553925048933805,0.555745299218219,243,235,8,105,101,4,0.448364888123924,0.0643478260869565,,0.769633507853403,0.655652173913043,
ETS2,TF,no,0,0.390500568828214,0.547836689819217,0.555028303666121,256,236,20,71,68,3,0.957831325301205,0.844347826086957,1,0.498975956615176,0.0486956521739131,0.144846796657382
hsa-miR-302a,miRNA,no,0,0.517064846416382,0.578328665914702,0.554722295038706,195,237,-42,82,102,-20,0.618760757314974,0.0260869565217391,,0.613438045375218,0.998260869565217,
ASS1,Gene,no,0,0.219283276450512,0.559135334625867,0.554625339501537,234,238,-4,68,68,0,0.20223752151463,0.617391304347826,1,0.665526555534841,0.32,0.857938718662953
RUNX1,TF,no,0,0.699943117178612,0.579175212214171,0.554390554323711,193,239,-46,60,69,-9,0.920826161790017,0.198260869565217,0.138121546961326,0.640801513824942,0.951304347826087,0.331476323119777
EGR3,TF,no,0,0.279579067121729,0.546296607213712,0.553488221060616,258,240,18,72,70,2,0.20223752151463,0.903478260869565,1,0.324394588435521,0.96695652173913,0.197771587743733
FOSL1,Gene,yes,1,0.690557451649602,0.550172864956435,0.553342050719478,253,241,12,76,69,7,0.546471600688468,0.460869565217391,0.47329650092081,0.471350259934179,0.333913043478261,0.896935933147632
hsa-miR-30e,miRNA,yes,29,0.765358361774744,0.540072524445164,0.552757393614675,274,242,32,116,103,13,0.463855421686747,0.258260869565217,,0.43979057591623,0.836521739130435,
PTGER4,Gene,no,0,0.283560864618885,0.573976393492228,0.55264533547175,204,243,-39,56,70,-14,0.20223752151463,0.868695652173913,1,0.305424545310314,0.634782608695652,0.573816155988858
hsa-miR-128,miRNA,no,0,0.560295790671217,0.575397259417935,0.55179088854194,200,244,-44,86,104,-18,0.657487091222031,0.376521739130435,,0.336823734729494,0.827826086956522,
hsa-miR-146a,miRNA,no,0,0.649317406143345,0.56925920731524,0.55128423575665,215,245,-30,93,105,-12,0.562822719449225,0.180869565217391,,0.980802792321117,0.382608695652174,
hsa-miR-99a,miRNA,no,0,0.304323094425484,0.541032860248615,0.551101119634281,268,246,22,113,106,7,0.746987951807229,0.915652173913043,,0.205933682373473,0.582608695652174,
FHL1,Gene,no,0,0.273321956769056,0.543891306646409,0.551082920493313,261,247,14,78,71,7,0.803786574870912,0.995652173913044,1,0.51898468885089,0.173913043478261,0.0919220055710306
ZBTB16,TF,no,0,0.297212741751991,0.542970306549714,0.550161920396617,264,248,16,74,71,3,0.20223752151463,0.970434782608696,1,0.588500425482815,0.742608695652174,0.0501392757660167
SMAD6,Gene,no,0,0.417804323094425,0.542324090239968,0.549515704086872,266,249,17,80,72,8,0.20223752151463,0.5,1,0.336838157875759,0.565217391304348,0.824512534818942
YY1,TF,no,0,0.656996587030717,0.571638484380467,0.549494814625876,207,250,-43,62,72,-10,0.722030981067126,0.258260869565217,1,0.109720256845964,0.121739130434783,0.977715877437326
ADAMTS1,Gene,no,0,0.300910125142207,0.557866768025205,0.548277949562666,236,251,-15,69,73,-4,0.20223752151463,0.94695652173913,1,0.594982086511693,0.302608695652174,0.49025069637883
IER3,Gene,no,0,0.219283276450512,0.568350673498114,0.548238533078807,217,252,-35,61,74,-13,0.20223752151463,0.685217391304348,1,0.252195924018865,0.690434782608696,0.788300835654596
IGFBP5,Gene,no,0,0.340159271899886,0.552360171658601,0.547850176534272,249,253,-4,73,75,-2,0.437177280550775,0.360869565217391,1,0.662941073019166,0.638260869565217,0.395543175487465
FBN1,Gene,yes,57,0.719852104664391,0.539940322559066,0.547213197579381,275,254,21,85,76,9,0.607573149741825,0.397391304347826,0.47329650092081,0.826163990935616,0.516521739130435,0.289693593314763
hsa-miR-494,miRNA,yes,21,0.736348122866894,0.536705938754135,0.546831080961188,280,255,25,118,107,11,0.469879518072289,0.599130434782609,,0.779232111692845,0.149565217391304,
SIRT1,TF,yes,1,0.624288964732651,0.543355639174865,0.546524824937908,263,256,7,73,73,0,0.896729776247849,0.544347826086957,0.47329650092081,0.408270243939326,0.419130434782609,0.459610027855153
hsa-miR-363,miRNA,yes,11,0.754550625711035,0.540195585588465,0.545883867727259,272,257,15,115,108,7,0.41394148020654,0.169565217391304,,0.516579406631763,0.874782608695652,
FST,Gene,yes,4,0.484641638225256,0.543506443197551,0.545375450186012,262,258,4,79,77,2,0.20223752151463,0.573913043478261,1,0.613321354405847,0.408695652173913,0.534818941504178
DDR2,Gene,no,0,0.253981797497156,0.538159012786201,0.545350626633105,277,259,18,87,78,9,0.20223752151463,0.926956521739131,1,0.789908919908744,0.123478260869565,0.520891364902507
hsa-miR-483,miRNA,no,0,0.246587030716724,0.549245558075949,0.542931564901887,254,260,-6,108,109,-1,0.700516351118761,0.8,,0.671902268760908,0.295652173913044,
hsa-miR-449b,miRNA,no,0,0.350398179749716,0.555474791771483,0.542050445923929,240,261,-21,103,110,-7,0.508605851979346,0.338260869565217,,0.733856893542757,0.779130434782609,
FLI1,TF,no,0,0.292662116040956,0.533364639692479,0.540556253539383,285,262,23,75,74,1,0.20223752151463,0.801739130434783,1,0.387615912683341,0.612173913043478,0.487465181058496
SPARC,Gene,yes,64,0.515358361774744,0.505473476905876,0.54045641205946,324,263,61,108,79,29,0.957831325301205,0.148695652173913,0.47329650092081,0.714162977635398,0.700869565217391,0.272980501392758
MTA1,TF,no,0,0.362059158134243,0.533034766054314,0.540226379901218,286,264,22,76,75,1,1,0.188695652173913,1,0.171583149230478,0.947826086956522,0.11142061281337
FMN2,Gene,no,0,0.23037542662116,0.552609136985405,0.539769871586413,247,265,-18,72,80,-8,0.20223752151463,0.780869565217391,1,0.981358083452324,0.349565217391304,0.233983286908078
PBX1,TF,no,0,0.276166097838453,0.531640571421005,0.538832185267909,288,266,22,78,76,2,0.957831325301205,0.345217391304348,1,0.250151962387758,0.75304347826087,0.18941504178273
POSTN,Gene,no,0,0.191410693970421,0.53077344071914,0.537965054566044,289,267,22,91,81,10,0.20223752151463,0.807826086956522,1,0.752761157030729,0.438260869565217,0.373259052924791
MT1E,Gene,no,0,0.165244596131968,0.529218181771455,0.536409795618359,291,268,23,92,82,10,0.20223752151463,0.616521739130435,1,0.523259044633346,0.292173913043478,0.955431754874652
FAS,Gene,no,0,0.379692832764505,0.56524196107788,0.536028569236501,222,269,-47,62,83,-21,0.494836488812392,0.596521739130435,0.47329650092081,0.477325597303738,0.575652173913043,0.754874651810585
hsa-miR-372,miRNA,yes,25,0.722696245733788,0.53578309766764,0.535953746131804,282,270,12,119,111,8,0.603270223752151,0.0826086956521739,,0.718150087260035,0.55304347826087,
PEG3,Gene,yes,2,0.373720136518771,0.528365879496387,0.535882538036936,293,271,22,93,84,9,0.20223752151463,0.734782608695652,1,0.601411218798001,0.772173913043478,0.0668523676880223
ADAMTS5,Gene,no,0,0.597554038680319,0.540090005645141,0.535580010520811,273,272,1,84,85,-1,0.406196213425129,0.987826086956522,1,0.591118226529935,0.0660869565217391,0.100278551532033
hsa-let-7c,miRNA,no,0,0.555460750853242,0.55915020296537,0.535543832089374,233,273,-40,100,112,-12,0.585197934595525,0.888695652173913,,0.404886561954625,0.243478260869565,
ID1,Gene,yes,69,0.560580204778157,0.52412702461002,0.535259805367374,298,274,24,96,86,10,0.700516351118761,0.71304347826087,0.47329650092081,0.253157081298883,0.413913043478261,0.632311977715878
MITF,TF,no,0,0.687144482366325,0.552073879227004,0.53521218574415,250,275,-25,70,77,-7,0.20223752151463,0.774782608695652,1,0.574000474479964,0.0347826086956522,0.473537604456825
hsa-let-7e,miRNA,no,0,0.576507394766781,0.567568772083298,0.534861149785232,219,276,-57,95,113,-18,0.429432013769363,0.091304347826087,,0.655322862129145,0.921739130434783,
hsa-miR-218,miRNA,no,0,0.441695108077361,0.547501709077019,0.534077363229465,257,277,-20,110,114,-4,0.618760757314974,0.733913043478261,,0.855148342059337,0.0208695652173913,
HRK,Gene,yes,58,0.604095563139932,0.499211772948758,0.534032185755519,336,278,58,113,87,26,0.20223752151463,0.138260869565217,1,0.356194020163559,0.56,0.877437325905292
LIF,Gene,yes,100,0.798634812286689,0.497276998476186,0.533722634751174,340,279,61,115,88,27,0.508605851979346,0.614782608695652,0.138121546961326,0.196969696969697,0.824347826086957,0.654596100278552
BMP7,Gene,yes,4,0.478384527872582,0.507302479481487,0.533224793799706,321,280,41,106,89,17,0.641135972461274,0.424347826086957,1,0.357066620512599,0.511304347826087,0.32033426183844
hsa-miR-144,miRNA,no,0,0.608930602957907,0.55744716289764,0.531337947880575,237,281,-44,102,115,-13,0.540447504302926,0.795652173913044,,0.602094240837696,0.109565217391304,
OPTN,Gene,yes,21,0.391069397042093,0.512317738036242,0.530032673839915,316,282,34,103,90,13,0.20223752151463,0.623478260869565,1,0.551605097341695,0.68,0.261838440111421
FOXO3,TF,yes,1,0.643060295790671,0.528629840872481,0.529645605540123,292,283,9,79,78,1,0.20223752151463,0.522608695652174,0.47329650092081,0.361731024466583,0.610434782608696,0.894150417827298
LPL,Gene,no,0,0.283560864618885,0.551302609472785,0.528549480917608,251,284,-33,74,91,-17,0.746987951807229,0.996521739130435,1,0.42057283157641,0.224347826086957,0.0278551532033426
SPRY1,Gene,no,0,0.379692832764505,0.545271959884734,0.52841026640188,259,285,-26,77,92,-15,0.494836488812392,0.928695652173913,1,0.448278597493257,0.386086956521739,0.0612813370473538
CACNA1H,Gene,no,0,0.286405005688282,0.540951421332719,0.528112155933727,269,286,-17,82,93,-11,0.20223752151463,0.563478260869565,0.47329650092081,0.738183837422295,0.965217391304348,0.467966573816156
APEX1,TF,no,0,0.296928327645051,0.520800170971354,0.527991784818258,301,287,14,81,79,2,0.20223752151463,0.323478260869565,1,0.421105093157202,0.76695652173913,0.685236768802228
HBEGF,Gene,yes,211,0.693401592718999,0.526076037348865,0.527823152577209,297,288,9,95,94,1,0.569707401032702,0.733913043478261,0.47329650092081,0.301934143914153,0.184347826086957,0.738161559888579
LDHA,Gene,no,0,0.354664391353811,0.537107312447102,0.527518493984564,279,289,-10,88,95,-7,0.844234079173838,0.411304347826087,0.47329650092081,0.524014479176924,0.182608695652174,0.902506963788301
MEF2C,TF,no,0,0.403014789533561,0.531989397674682,0.527479402550353,287,290,-3,77,80,-3,0.20223752151463,0.820869565217391,1,0.421418633363563,0.563478260869565,0.28133704735376
hsa-miR-1271,miRNA,no,0,0.430887372013652,0.542655341416837,0.524680369858248,265,291,-26,112,116,-4,0.20223752151463,0.555652173913043,,0.954624781849913,0.48,
hsa-miR-335,miRNA,no,0,0.495164960182025,0.514372481038848,0.524440740424514,312,292,20,127,117,10,0.585197934595525,0.857391304347826,,0.279232111692845,0.405217391304348,
GBP1,Gene,no,0,0.213594994311718,0.516945689140237,0.524137302987141,306,293,13,99,96,3,0.20223752151463,0.0617391304347826,1,0.683292102722004,0.914782608695652,0.593314763231198
TERT,Gene,no,0,0.618031854379977,0.553309174668079,0.523811368719761,245,294,-49,71,97,-26,0.20223752151463,0.672173913043478,0.47329650092081,0.887549940143943,0.314782608695652,0.498607242339833
SOX9,TF,no,0,0.370875995449374,0.516521968539585,0.523713582386488,308,295,13,83,81,2,0.957831325301205,0.211304347826087,0.138121546961326,0.64743313402682,0.429565217391304,0.910863509749304
FOXD1,Gene,no,0,0.242605233219568,0.516016725614909,0.523208339461813,309,296,13,100,98,2,0.585197934595525,0.525217391304348,1,0.413785643200208,0.895652173913044,0
STAT3,TF,yes,331,0.992036405005688,0.523358252643951,0.523195730297129,299,297,2,80,82,-2,0.853700516351119,0.169565217391304,0.0294659300184162,0.585038158125048,0.492173913043478,0.540389972144847
hsa-let-7g,miRNA,no,0,0.555745164960182,0.529238088955057,0.522924095780996,290,298,-8,121,118,3,0.634251290877797,0.358260869565217,,0.579406631762653,0.486956521739131,
PTPRZ1,Gene,no,0,0.207053469852105,0.527377166604057,0.522867171479727,295,299,-4,94,99,-5,0.20223752151463,0.918260869565217,0.47329650092081,0.563855482686022,0.902608695652174,0.392757660167131
ASCL1,Gene,no,0,0.294084186575654,0.515362152232251,0.522553766079155,310,300,10,101,100,1,0.20223752151463,0.635652173913044,1,0.467014264491656,0.624347826086957,0.434540389972145
TP73,TF,yes,2,0.637372013651877,0.514882354157446,0.522399012697995,311,301,10,84,83,1,0.779690189328744,0.185217391304348,0.0294659300184162,0.610582262414723,0.885217391304348,0.52924791086351
hsa-miR-92a,miRNA,no,0,0.746018202502844,0.5601386399991,0.522197798133344,232,302,-70,99,119,-20,0.598967297762479,0.091304347826087,,0.726003490401396,0.448695652173913,
hsa-miR-301a,miRNA,no,0,0.589021615472127,0.549044835821396,0.520887839234365,255,303,-48,109,120,-11,0.20223752151463,0.726086956521739,,0.539267015706806,0.547826086956522,
hsa-let-7f,miRNA,yes,83,0.637940841865757,0.487073553743257,0.520463769897979,344,304,40,136,121,15,0.634251290877797,0.112173913043478,,0.661431064572426,0.556521739130435,
COL7A1,Gene,no,0,0.242605233219568,0.540590972822372,0.519259914801895,270,305,-35,83,101,-18,0.746987951807229,0.293913043478261,0.47329650092081,0.625692585535341,0.441739130434783,0.81058495821727
CYLD,Gene,yes,25,0.719567690557452,0.513119043514884,0.519132370347324,314,306,8,102,102,0,0.555938037865749,0.313913043478261,0.47329650092081,0.520965467604634,0.231304347826087,0.818941504178273
hsa-miR-23b,miRNA,yes,28,0.863196814562002,0.527710501238545,0.51900742956619,294,307,-13,122,122,0,0.57487091222031,0.160869565217391,,0.378708551483421,0.617391304347826,
CXCR5,Gene,yes,6,0.429749715585893,0.49200444227049,0.518901890669645,342,308,34,117,103,14,0.20223752151463,0.605217391304348,1,0.395302381261448,0.852173913043478,0.147632311977716
CD44,Gene,yes,92,0.588168373151308,0.497677158031741,0.516814164370113,337,309,28,114,104,10,1,0.0139130434782609,0.138121546961326,0.467938236170295,0.916521739130435,0.493036211699164
HIC1,Gene,no,0,0.567974971558589,0.536425697780695,0.516313557361388,281,310,-29,89,105,-16,0.20223752151463,0.603478260869565,1,0.306566882236317,0.577391304347826,0.356545961002786
CHAC1,Gene,no,0,0.242605233219568,0.509080586634095,0.516272200480999,320,311,9,105,106,-1,0.20223752151463,0.550434782608696,1,0.231412170250819,0.972173913043478,0.415041782729805
hsa-miR-433,miRNA,no,0,0.366325369738339,0.505947933636198,0.516016193021864,322,312,10,129,123,6,0.700516351118761,0.595652173913044,,0.806282722513089,0.111304347826087,
hsa-miR-34c,miRNA,no,0,0.457053469852105,0.544028505035813,0.515871508448783,260,313,-53,111,124,-13,0.877796901893287,0.12,,0.795811518324607,0.328695652173913,
OXTR,Gene,no,0,0.300910125142207,0.541427648415776,0.515871009377909,267,314,-47,81,107,-26,0.20223752151463,0.985217391304348,1,0.346595416324117,0.645217391304348,0.13091922005571
hsa-miR-20a,miRNA,no,0,0.73094425483504,0.558619574111861,0.515729926785354,235,315,-80,101,125,-24,0.848537005163511,0.187826086956522,,0.760907504363002,0.0504347826086957,
TBX21,Gene,no,0,0.318828213879408,0.535018537217486,0.514906396798178,283,316,-33,90,108,-18,0.896729776247849,0.235652173913044,0.243093922651934,0.528604333864616,0.838260869565217,0.543175487465181
hsa-miR-302c,miRNA,no,0,0.526450511945393,0.537138823042056,0.51353245216606,278,317,-39,117,126,-9,0.421686746987952,0.00608695652173913,,0.613438045375218,1,
PPARA,TF,no,0,0.5,0.51777275419351,0.51326275906918,305,318,-13,82,84,-2,0.20223752151463,0.871304347826087,1,0.436960033461699,0.175652173913043,0.406685236768802
hsa-miR-346,miRNA,no,0,0.25,0.503114455408995,0.51318271479466,329,319,10,131,127,4,0.700516351118761,0.243478260869565,,0.926701570680628,0.445217391304348,
BAALC,Gene,no,0,0.142207053469852,0.504899928819755,0.512091542666659,325,320,5,109,109,0,0.20223752151463,0.834782608695652,1,0.431699190861495,0.497391304347826,0.476323119777159
RELA,TF,yes,293,0.992605233219568,0.512604965273184,0.512036137059304,315,321,-6,86,85,1,0.476764199655766,0.0782608695652174,0.47329650092081,0.0844452065563706,0.551304347826087,0.927576601671309
GLI1,TF,no,0,0.266496018202503,0.503722159850636,0.51091377369754,327,322,5,88,86,2,0.20223752151463,0.650434782608696,0.243093922651934,0.343299727402536,0.987826086956522,0.883008356545961
ADM,Gene,no,0,0.275312855517634,0.522155845071971,0.509316579672979,300,323,-23,97,110,-13,0.20223752151463,0.845217391304348,1,0.163349343025688,0.942608695652174,0.136490250696379
hsa-miR-301b,miRNA,yes,30,0.677189988623436,0.48660014138431,0.507305488369521,346,324,22,137,128,9,0.20223752151463,0.534782608695652,,0.416230366492147,0.706086956521739,
ME1,Gene,no,0,0.207053469852105,0.49957445957221,0.506766073419114,335,325,10,112,111,1,0.20223752151463,0.724347826086957,0.47329650092081,0.532288646449452,0.608695652173913,0.799442896935933
hsa-miR-519d,miRNA,yes,35,0.725255972696246,0.497523288866073,0.506397009002592,338,326,12,134,129,5,0.553356282271945,0.147826086956522,,0.844677137870855,0.260869565217391,
RXRA,TF,no,0,0.486063708759955,0.51055526776821,0.506045272643881,318,327,-9,87,87,0,0.20223752151463,0.336521739130435,1,0.40854395726855,0.365217391304348,0.743732590529248
DKK3,Gene,yes,23,0.511945392491468,0.502873528349518,0.505392624725269,331,328,3,110,112,-2,0.433734939759036,0.788695652173913,0.47329650092081,0.5152860124743,0.307826086956522,0.506963788300836
PLAGL1,Gene,no,0,0.291808873720137,0.518178211353189,0.505338945954197,304,329,-25,98,113,-15,0.20223752151463,0.921739130434783,1,0.28073933047755,0.361739130434783,0.479108635097493
hsa-miR-217,miRNA,yes,1,0.465017064846416,0.470627633058285,0.5031077240708,365,330,35,144,130,14,0.585197934595525,0.432173913043478,,0.530541012216405,0.502608695652174,
REST,TF,yes,5,0.734072810011377,0.503642028856631,0.502788786535812,328,331,-3,89,88,1,0.864888123924269,0.233913043478261,0.138121546961326,0.295213640331485,0.495652173913044,0.757660167130919
hsa-miR-410,miRNA,yes,6,0.678043230944255,0.464534937847916,0.502191365606733,375,332,43,148,131,17,0.20223752151463,0.527826086956522,,0.819371727748691,0.283478260869565,
hsa-miR-32,miRNA,no,0,0.562855517633675,0.518987125684913,0.501012154126324,303,333,-30,125,132,-7,0.418244406196213,0.699130434782609,,0.638743455497382,0.186086956521739,
hsa-miR-140,miRNA,no,0,0.590159271899886,0.516609269794182,0.498634298235592,307,334,-27,126,133,-7,0.717728055077453,0.710434782608696,,0.0191972076788831,0.455652173913044,
TGFB2,Gene,yes,15,0.610352673492605,0.480051184950746,0.496953509020305,352,335,17,120,114,6,0.858864027538726,0.401739130434783,0.138121546961326,0.463735491605818,0.721739130434783,0.284122562674095
hsa-miR-376c,miRNA,yes,7,0.624288964732651,0.482133411166338,0.496752296263038,351,336,15,139,134,5,0.20223752151463,0.600869565217391,,0.705061082024433,0.351304347826087,
ARNT,TF,yes,10,0.558873720136519,0.488852065954895,0.496734399775795,343,337,6,91,89,2,0.20223752151463,0.41304347826087,1,0.581329302449757,0.133913043478261,0.587743732590529
hsa-miR-215,miRNA,no,0,0.407281001137656,0.502966540168779,0.496652546994718,330,338,-8,132,135,-3,0.803786574870912,0.46695652173913,,0.506108202443281,0.299130434782609,
CITED2,Gene,no,0,0.581058020477816,0.505570232005187,0.495981413542649,323,339,-16,107,115,-8,0.20223752151463,0.651304347826087,0.47329650092081,0.254626283519051,0.518260869565217,0.79108635097493
RGS4,Gene,no,0,0.319112627986348,0.511664902221645,0.494803208738792,317,340,-23,104,116,-12,0.20223752151463,0.705217391304348,1,0.623054678147491,0.530434782608696,0.0835654596100279
GATA4,TF,no,0,0.320534698521047,0.484249944038212,0.491441557885116,348,341,7,93,90,3,0.20223752151463,0.544347826086957,1,0.5898922590974,0.666086956521739,0.116991643454039
ATF4,TF,no,0,0.421786120591581,0.500312052285135,0.490723233822596,333,342,-9,90,91,-1,0.20223752151463,0.222608695652174,1,0.293853576219116,0.325217391304348,0.969359331476323
hsa-miR-376a,miRNA,yes,2,0.501706484641638,0.456522020410489,0.490537947600477,391,343,48,154,136,18,0.20223752151463,0.39304347826087,,0.764397905759162,0.591304347826087,
EP300,TF,yes,36,0.734641638225256,0.473951385434495,0.489472269556062,362,344,18,98,92,6,0.803786574870912,0.316521739130435,0.138121546961326,0.430521538001221,0.0695652173913044,0.933147632311978
SMAD4,TF,no,0,0.678896473265074,0.513436418104566,0.488651760214106,313,345,-32,85,93,-8,0.746987951807229,0.637391304347826,0.47329650092081,0.522667576927453,0.0939130434782609,0.267409470752089
VGF,Gene,no,0,0.138509670079636,0.47875979487781,0.487150011032531,356,346,10,122,117,5,,0.84,0.243093922651934,0.477394329827915,0.984347826086957,0.239554317548747
TLX1,TF,no,0,0.392775881683732,0.479746110881775,0.486937724728679,353,347,6,94,94,0,0.20223752151463,0.682608695652174,1,0.482721070774379,0.436521739130435,0.211699164345404
hsa-miR-302b,miRNA,no,0,0.512514220705347,0.510022531970613,0.486416161094617,319,348,-29,128,137,-9,0.618760757314974,0.0226086956521739,,0.481675392670157,0.796521739130435,
hsa-miR-4295,miRNA,no,0,0.43287827076223,0.469503074947475,0.486283507256917,367,349,18,145,138,7,0.20223752151463,,,0.823734729493892,,
hsa-let-7a,miRNA,yes,193,0.882252559726963,0.479570960130747,0.486283133054524,354,350,4,140,139,1,0.76592082616179,0.263913043478261,,0.307155322862129,0.212173913043478,
PMEPA1,Gene,no,0,0.379692832764505,0.500584925070406,0.485592238576014,332,351,-19,111,118,-7,0.48881239242685,0.133913043478261,0.47329650092081,0.484927812152943,0.87304347826087,0.565459610027855
TP53,TF,yes,942,1,0.484628688521198,0.485278777908489,347,352,-5,92,95,-3,0.932874354561102,0.0208695652173913,0.47329650092081,0.488850106651154,0.464347826086957,0.0167130919220056
CD151,Gene,yes,1,0.29778156996587,0.459864336211918,0.483064401220857,383,353,30,129,119,10,1,0.199130434782609,0.47329650092081,0.320390904063582,0.358260869565217,0.732590529247911
hsa-miR-214,miRNA,no,0,0.639931740614335,0.503725748336036,0.482735987243886,326,354,-28,130,140,-10,0.451807228915663,0.136521739130435,,0.808027923211169,0.377391304347826,
hsa-miR-219a,miRNA,no,0,0.37514220705347,0.499850823031633,0.481875851473044,334,355,-21,133,141,-8,0.494836488812392,0.191304347826087,,0.577661431064573,0.770434782608696,
MAP1LC3A,Gene,yes,2,0.294084186575654,0.457485899459319,0.48178299030931,389,356,33,134,120,14,0.20223752151463,0.0165217391304348,1,0.0792814234208985,0.939130434782609,0.841225626740947
hsa-miR-486,miRNA,no,0,0.248862343572241,0.471367992489784,0.481436251875449,364,357,7,143,142,1,0.700516351118761,0.896521739130435,,0.368237347294939,0.19304347826087,
VHL,TF,yes,14,0.563139931740614,0.452394730112421,0.48075487963298,404,358,46,106,96,10,0.20223752151463,0.0608695652173913,0.47329650092081,0.159682747762498,0.933913043478261,0.972144846796657
hsa-miR-181d,miRNA,yes,47,0.723265073947668,0.466910254147738,0.479993303066964,370,359,11,147,143,4,0.20223752151463,0.342608695652174,,0.408376963350785,0.723478260869565,
ACTA2,Gene,yes,5,0.492889647326507,0.453084021325267,0.47953453327066,399,360,39,138,121,17,0.20223752151463,0.865217391304348,0.47329650092081,0.650430210401653,0.363478260869565,0.309192200557103
GLS,Gene,yes,4,0.350398179749716,0.452578877904321,0.478501192222539,402,361,41,141,122,19,0.20223752151463,0.408695652173913,0.47329650092081,0.333124405453279,0.732173913043478,0.84958217270195
hsa-miR-19b,miRNA,no,0,0.73094425483504,0.519898707012086,0.478431130220277,302,362,-60,124,144,-20,0.700516351118761,0.184347826086957,,0.699825479930192,0.0765217391304348,
TLR3,Gene,yes,11,0.372298065984073,0.450299609455636,0.478415975455961,413,363,50,145,123,22,0.20223752151463,0.772173913043478,0.47329650092081,0.567123096923721,0.92,0.0417827298050139
hsa-miR-329,miRNA,yes,4,0.511092150170649,0.441291152292915,0.477582392338421,432,364,68,165,145,20,0.20223752151463,0.63304347826087,,0.942408376963351,0.0991304347826087,
EPHB2,Gene,no,0,0.333902161547213,0.470203641609036,0.47739525545594,366,365,1,124,124,0,0.546471600688468,0.652173913043478,0.47329650092081,0.479655202520857,0.6,0.256267409470752
EPHA2,Gene,yes,14,0.520762229806598,0.47468545069874,0.477204547074491,361,366,-5,123,125,-2,0.641135972461274,0.800869565217391,0.47329650092081,0.587627825133775,0.107826086956522,0.20891364902507
ETV1,Gene,no,0,0.602104664391354,0.494921481886463,0.47627204258856,341,367,-26,116,126,-10,0.458691910499139,0.748695652173913,0.47329650092081,0.667387823979923,0.311304347826087,0.0724233983286908
hsa-miR-7,miRNA,no,0,0.624288964732651,0.4974655216652,0.473859150789205,339,368,-29,135,146,-11,0.731497418244406,0.514782608695652,,0.383944153577661,0.114782608695652,
HSF1,TF,no,0,0.424345847554039,0.466533903437375,0.473725517284279,371,369,2,99,97,2,0.20223752151463,0.537391304347826,0.47329650092081,0.584584363208299,0.130434782608696,0.963788300835655
ERG,TF,no,0,0.251706484641638,0.465954291732795,0.473145905579699,373,370,3,101,98,3,0.20223752151463,0.905217391304348,1,0.471377563009414,0.0608695652173913,0.420612813370474
AXL,Gene,yes,2,0.465301478953356,0.459577805035238,0.472173286913997,384,371,13,130,127,3,0.494836488812392,0.613913043478261,0.47329650092081,0.511948092817873,0.241739130434783,0.504178272980501
hsa-miR-196b,miRNA,no,0,0.436860068259386,0.46166095478302,0.471729214168685,379,372,7,149,147,2,0.93631669535284,0.0565217391304348,,0.572425828970332,0.356521739130435,
hsa-miR-590,miRNA,no,0,0.492889647326507,0.477920306736057,0.471606313561995,357,373,-16,141,148,-7,0.877796901893287,0.656521739130435,,0.111692844677138,0.219130434782609,
NKX2-5,TF,no,0,0.49089874857793,0.476105381591593,0.471595386467264,359,374,-15,96,99,-3,0.20223752151463,0.24,1,0.449562257510853,0.0521739130434783,0.866295264623956
RARA,TF,no,0,0.444823663253697,0.464197702946841,0.471389316793745,376,375,1,102,100,2,0.20223752151463,0.601739130434783,0.47329650092081,0.536238065959363,0.375652173913043,0.665738161559889
KLF8,TF,no,0,0.252275312855518,0.464141630633282,0.471333244480186,377,376,1,103,101,2,0.20223752151463,0.805217391304348,1,0.194762955591133,0.20695652173913,0.637883008356546
MEF2A,TF,no,0,0.562571103526735,0.475289585801168,0.470779590676838,360,377,-17,97,102,-5,0.585197934595525,0.616521739130435,0.47329650092081,0.41679924980646,0.281739130434783,0.35933147632312
GADD45G,Gene,no,0,0.463310580204778,0.482535728782859,0.469696463383867,350,378,-28,119,128,-9,0.20223752151463,0.661739130434783,1,0.0874331126591955,0.43304347826087,0.440111420612813
LAPTM4B,Gene,no,0,0.191410693970421,0.461949712175861,0.469141326022765,378,379,-1,127,129,-2,0.20223752151463,0.519130434782609,1,0.374107567824845,0.44,0.557103064066852
hsa-miR-369,miRNA,no,0,0.469852104664391,0.458658794008573,0.468727053394238,386,380,6,152,149,3,0.20223752151463,0.492173913043478,,0.819371727748691,0.36,
hsa-miR-135a,miRNA,no,0,0.32707622298066,0.456780693638533,0.466848953024199,390,381,9,153,150,3,0.746987951807229,0.0956521739130435,,0.301919720767888,0.862608695652174,
HDAC3,TF,no,0,0.414960182025028,0.476266864081445,0.466678045618906,358,382,-24,95,103,-8,0.20223752151463,0.0982608695652174,0.47329650092081,0.366701430603981,0.725217391304348,0.986072423398329
TGFBI,Gene,no,0,0.207053469852105,0.45880202806125,0.465993641908154,385,383,2,131,130,1,0.896729776247849,0.0765217391304348,0.47329650092081,0.563771228957119,0.986086956521739,0.0584958217270195
TMEM158,Gene,no,0,0.207053469852105,0.458191876369637,0.465383490216541,387,384,3,132,131,1,0.20223752151463,0.452173913043478,1,0.36492002365396,0.702608695652174,0.328690807799443
hsa-miR-708,miRNA,no,0,0.184015927189989,0.453805998152511,0.463874257538177,395,385,10,155,151,4,0.20223752151463,0.514782608695652,,0.771378708551483,0.64695652173913,
hsa-miR-496,miRNA,no,0,0.426621160409556,0.453720018466658,0.463788277852323,396,386,10,156,152,4,0.20223752151463,0.257391304347826,,0.898778359511344,0.533913043478261,
MAP3K1,Gene,no,0,0.454209328782708,0.486838504382738,0.463475917026977,345,387,-42,118,132,-14,0.514629948364888,0.118260869565217,0.138121546961326,0.636612450475338,0.822608695652174,0.559888579387187
RBPJ,TF,no,0,0.343856655290102,0.45587784871305,0.463069462559954,392,388,4,104,104,0,0.20223752151463,0.609565217391304,1,0.172468481122209,0.278260869565217,0.635097493036212
F2R,Gene,yes,3,0.408134243458476,0.459893407382934,0.463062593145976,382,389,-7,128,133,-5,0.20223752151463,0.463478260869565,1,0.430826590512454,0.00695652173913044,0.729805013927577
CCL2,Gene,yes,50,0.665529010238908,0.452732764573981,0.462362213623225,401,390,11,140,134,6,0.896729776247849,0.596521739130435,0.47329650092081,0.27837393449007,0.161739130434783,0.164345403899721
NCOR1,TF,no,0,0.431456200227531,0.46646110637847,0.461951111254141,372,391,-19,100,105,-5,0.20223752151463,0.453913043478261,0.138121546961326,0.754999831136415,0.528695652173913,0.724233983286908
hsa-miR-342,miRNA,no,0,0.354379977246871,0.468130265878271,0.46181627270421,369,392,-23,146,153,-7,0.525817555938038,0.705217391304348,,0.0541012216404887,0.669565217391304,
hsa-miR-1193,miRNA,yes,1,0.400170648464164,0.406413275536356,0.460546760557213,480,393,87,181,154,27,0.20223752151463,,,0.779232111692845,,
MAP2,Gene,no,0,0.300910125142207,0.452129298545712,0.459320912392616,405,394,11,142,135,7,0.482788296041308,0.756521739130435,0.47329650092081,0.771975577517912,0.248695652173913,0.181058495821727
IGFBP4,Gene,no,0,0.242605233219568,0.452099039809921,0.459290653656825,406,395,11,143,136,7,0.20223752151463,0.313913043478261,0.47329650092081,0.597389446138719,0.859130434782609,0.526462395543176
IL1R1,Gene,yes,6,0.395904436860068,0.432241933597706,0.459139381996861,444,396,48,159,137,22,0.20223752151463,0.750434782608696,0.47329650092081,0.37675060937793,0.636521739130435,0.37883008356546
PROX1,TF,no,0,0.271615472127418,0.45176992559354,0.458961539440444,408,397,11,107,106,1,0.20223752151463,0.940869565217391,0.47329650092081,0.86825537622777,0.0191304347826087,0.437325905292479
MYBL1,Gene,no,0,0.431456200227531,0.479283470427477,0.457952412406999,355,398,-43,121,138,-17,0.438898450946644,0.720869565217391,1,0.479778748936293,0.0817391304347826,0.052924791086351
INSM1,Gene,no,0,0.253981797497156,0.450176458413917,0.457368072260821,414,399,15,146,139,7,0.20223752151463,0.69304347826087,1,0.472669770076649,0.420869565217391,0.158774373259053
hsa-miR-134,miRNA,no,0,0.492605233219568,0.447079819598203,0.457148078983868,423,400,23,161,155,6,0.20223752151463,0.624347826086957,,0.883071553228621,0.0834782608695652,
SMAD7,Gene,yes,58,0.910409556313993,0.457944130363559,0.457009626869329,388,401,-13,133,140,-7,0.91566265060241,0.153913043478261,0.138121546961326,0.237109313025543,0.15304347826087,0.690807799442897
ADA,Gene,yes,3,0.343003412969283,0.447461309413013,0.456034363207909,420,402,18,151,141,10,0.803786574870912,0.313913043478261,0.47329650092081,0.282801988779742,0.51304347826087,0.462395543175488
hsa-miR-299,miRNA,no,0,0.407565415244596,0.445564685504688,0.455632944890354,425,403,22,162,156,6,0.20223752151463,0.663478260869565,,0.904013961605585,0.100869565217391,
hsa-miR-191,miRNA,no,0,0.368316268486917,0.445150838840364,0.45521909822603,426,404,22,163,157,6,0.657487091222031,0.631304347826087,,0.458987783595114,0.16,
PPP2R2B,Gene,no,0,0.284698521046644,0.464642889045342,0.455054070582804,374,405,-31,126,142,-16,0.20223752151463,0.879130434782609,0.243093922651934,0.338742013182756,0.989565217391304,0.247910863509749
VEGFC,Gene,yes,2,0.403299203640501,0.442217725320273,0.454813207199032,431,406,25,155,143,12,0.700516351118761,0.66,0.47329650092081,0.2239595881248,0.544347826086957,0.178272980501393
FDFT1,Gene,no,0,0.187428896473265,0.447620027885255,0.454811641732159,418,407,11,149,144,5,0.20223752151463,0.320869565217391,1,0.412082168723627,0.208695652173913,0.852367688022284
HOXB4,Gene,no,0,0.300910125142207,0.447617584132572,0.454809197979476,419,408,11,150,145,5,0.508605851979346,0.417391304347826,0.47329650092081,0.653648322976861,0.59304347826087,0.236768802228412
hsa-miR-193b,miRNA,no,0,0.431171786120592,0.460868678505837,0.454554685331775,381,409,-28,151,158,-7,0.618760757314974,0.0895652173913044,,0.816753926701571,0.316521739130435,
FOXA2,TF,no,0,0.356655290102389,0.447232809891117,0.454424423738021,422,410,12,110,107,3,0.20223752151463,0.0634782608695652,1,0.821484718676532,0.00173913043478261,0.735376044568245
hsa-miR-455,miRNA,no,0,0.465585893060296,0.471780947439657,0.453805975881068,363,411,-48,142,159,-17,0.20223752151463,0.306956521739131,,0.596858638743456,0.697391304347826,
hsa-miR-10a,miRNA,no,0,0.295506257110353,0.443175517587212,0.453243776972877,430,412,18,164,160,4,0.896729776247849,0.352173913043478,,0.520069808027923,0.201739130434783,
hsa-miR-367,miRNA,no,0,0.611490329920364,0.482992642459343,0.45303435652836,349,413,-64,138,161,-23,0.20223752151463,,,0.545375218150087,,
BMI1,TF,no,0,0.380830489192264,0.444301581694292,0.451493195541196,428,414,14,112,108,4,0.803786574870912,0.310434782608696,1,0.257431526113106,0.104347826086957,0.303621169916435
NFKB1,TF,yes,595,0.996018202502844,0.45109316326323,0.451255685610053,410,415,-5,108,109,-1,0.657487091222031,0.258260869565217,0.138121546961326,0.593712552867805,0.125217391304348,0.389972144846797
hsa-miR-448,miRNA,no,0,0.381968145620023,0.461221313386761,0.450697991429992,380,416,-36,150,162,-12,0.20223752151463,,,0.767888307155323,,
SNAP25,Gene,yes,2,0.668088737201365,0.455581063362321,0.450542870610818,393,417,-24,135,146,-11,0.407917383820998,0.334782608695652,0.243093922651934,0.595337085844252,0.681739130434783,0.222841225626741
hsa-miR-382,miRNA,yes,6,0.644766780432309,0.4123466027497,0.450003030508517,472,418,54,179,163,16,0.20223752151463,0.389565217391304,,0.865619546247818,0.147826086956522,
ELF4,Gene,no,0,0.493742889647327,0.468591839977332,0.449942400679429,368,419,-51,125,147,-22,0.469879518072289,0.337391304347826,1,0.407909724637209,0.128695652173913,0.311977715877437
hsa-miR-431,miRNA,no,0,0.227246871444824,0.436942816034513,0.447011075420178,441,420,21,169,164,5,0.20223752151463,0.352173913043478,,0.851657940663176,0.601739130434783,
SUZ12,TF,no,0,0.31683731513083,0.439643841440617,0.446835455287521,436,421,15,113,110,3,0.20223752151463,0.202608695652174,1,0.382228600458015,0.0852173913043478,0.938718662952646
HNF1A,TF,no,0,0.297497155858931,0.439206957460492,0.446398571307396,437,422,15,114,111,3,0.896729776247849,0.239130434782609,0.243093922651934,0.727243880980197,0.00521739130434783,0.715877437325905
PEG10,Gene,yes,2,0.638509670079636,0.448151756805777,0.445145093389557,417,423,-6,148,148,0,0.410499139414802,0.470434782608696,0.138121546961326,0.664980731448198,0.718260869565217,0.0752089136490251
CTGF,Gene,yes,23,0.565984072810011,0.447273782598337,0.444258993064777,421,424,-3,152,149,3,0.20223752151463,0.457391304347826,,0.673942936216633,0.321739130434783,
COL18A1,Gene,yes,3,0.309442548350398,0.418851491943799,0.444204978048139,467,425,42,171,150,21,0.20223752151463,0.285217391304348,0.47329650092081,0.489903352455576,0.900869565217391,0.448467966573816
MAX,TF,no,0,0.536973833902162,0.448550418867038,0.444040423742709,416,426,-10,109,112,-3,0.20223752151463,0.130434782608696,0.138121546961326,0.253602358843249,0.888695652173913,0.958217270194986
hsa-miR-370,miRNA,no,0,0.42349260523322,0.450629370980626,0.442736879513049,412,427,-15,160,165,-5,0.20223752151463,0.661739130434783,,,0.483478260869565,
FOXC2,Gene,no,0,0.165244596131968,0.43553150142813,0.442723115275034,443,428,15,158,151,7,0.20223752151463,0.34,0.47329650092081,0.502790878802302,0.568695652173913,0.846796657381616
CREB1,TF,no,0,0.667804323094426,0.452481653740803,0.439642388341811,403,429,-26,105,113,-8,0.536144578313253,0.452173913043478,0.138121546961326,0.175319693785327,0.339130434782609,0.768802228412256
DCBLD2,Gene,no,0,0.446530147895336,0.454425583901333,0.43943289740694,394,430,-36,136,152,-16,0.20223752151463,0.690434782608696,1,0.366233182863712,0.217391304347826,0.153203342618384
DACT1,Gene,no,0,0.333902161547213,0.443419628143431,0.438909633019101,429,431,-2,154,153,1,0.20223752151463,0.123478260869565,1,0.509966394069202,0.735652173913044,0.167130919220056
NFYA,TF,no,0,0.310864618885097,0.430695970619647,0.437887584466551,447,432,15,116,114,2,0.20223752151463,0.339130434782609,1,0.200893801780505,0.0956521739130435,0.916434540389972
hsa-miR-378a,miRNA,no,0,0.205915813424346,0.426121023582098,0.436189282967763,454,433,21,175,166,9,0.20223752151463,0.874782608695652,,0.178010471204188,0.72,
hsa-miR-520d,miRNA,yes,35,0.624004550625711,0.426648983735756,0.435522703872275,452,434,18,174,167,7,0.444061962134251,0.0226086956521739,,0.994764397905759,0.0921739130434783,
ASPN,Gene,no,0,0.291808873720137,0.440599458952308,0.435337797973924,435,435,0,156,154,2,0.20223752151463,0.644347826086957,1,0.442328218695733,0.031304347826087,
UBB,Gene,yes,4,0.350398179749716,0.408922246345484,0.434844560663702,478,436,42,175,155,20,0.20223752151463,0.258260869565217,0.47329650092081,0.206820705868778,0.692173913043478,0.860724233983287
UCP2,Gene,no,0,0.23037542662116,0.449512806178784,0.434520119684391,415,437,-22,147,156,-9,0.657487091222031,0.37304347826087,0.47329650092081,0.593736027577056,0.415652173913044,0.298050139275766
TBX3,Gene,no,0,0.3080204778157,0.427107457755867,0.434299071602771,450,438,12,162,157,5,0.469879518072289,0.106086956521739,0.47329650092081,0.705239501685638,0.139130434782609,0.838440111420613
hsa-miR-539,miRNA,yes,57,0.59641638225256,0.401247447433053,0.433272475874464,484,439,45,184,168,16,0.20223752151463,0.413478260869565,,0.841186736474695,0.11304347826087,
hsa-miR-107,miRNA,no,0,0.523321956769056,0.450842249709173,0.432867278150584,411,440,-29,159,169,-10,0.546471600688468,0.607826086956522,,0.431064572425829,0.0556521739130435,
hsa-miR-146b,miRNA,no,0,0.554323094425484,0.45326566343177,0.43227590233962,398,441,-43,157,170,-13,0.508605851979346,0.0991304347826087,,0.804537521815009,0.194782608695652,
S100A2,Gene,no,0,0.391638225255973,0.424663150815243,0.431854764662147,457,442,15,166,158,8,0.20223752151463,0.348695652173913,0.47329650092081,0.405914047901109,0.716521739130435,0.484679665738162
HOXB7,TF,no,0,0.427474402730375,0.423817251315843,0.431008865162747,459,443,16,117,115,2,0.927710843373494,0.0608695652173913,0.138121546961326,0.589144629672068,0.205217391304348,0.668523676880223
POU3F2,Gene,no,0,0.568259385665529,0.423599590461049,0.430791204307953,460,444,16,168,159,9,0.20223752151463,0.29304347826087,0.243093922651934,0.5905124543868,0.99304347826087,0.125348189415042
SQSTM1,Gene,yes,22,0.761092150170649,0.425052469508865,0.430618859887542,455,445,10,164,160,4,0.20223752151463,0.288695652173913,0.47329650092081,0.480973377186821,0.106086956521739,0.701949860724234
hsa-miR-330,miRNA,no,0,0.508532423208191,0.451247418850045,0.430257657757894,409,446,-37,158,171,-13,0.426850258175559,0.289565217391304,,0.322862129144852,0.603478260869565,
PITX2,TF,no,0,0.194823663253697,0.422671211887453,0.429862825734357,462,447,15,119,116,3,0.20223752151463,0.254782608695652,0.47329650092081,0.709211342362223,0.765217391304348,0.409470752089136
hsa-miR-487a,miRNA,no,0,0.190273037542662,0.419601012301353,0.429669271687018,466,448,18,177,172,5,0.20223752151463,0.453913043478261,,0.802792321116928,0.499130434782609,
CTSB,Gene,yes,20,0.397042093287827,0.426225299637989,0.429638268921266,453,449,4,163,161,2,0.20223752151463,0.461739130434783,1,0.424327301193696,0.488695652173913,0.0334261838440111
CD2AP,Gene,no,0,0.540955631399317,0.453586957361588,0.429289866511596,397,450,-53,137,162,-25,0.20223752151463,0.313913043478261,1,0.393067594876257,0.485217391304348,0.0696378830083566
BHLHE40,Gene,no,0,0.361205915813424,0.438159128269733,0.428570309807195,438,451,-13,157,163,-6,0.20223752151463,0.262608695652174,1,0.317212410624719,0.826086956521739,0.0306406685236769
LOX,Gene,yes,80,0.56712172923777,0.425047702275999,0.428541932732686,456,452,4,165,164,1,0.73407917383821,0.229565217391304,0.138121546961326,0.54993456461893,0.683478260869565,0.0974930362116992
CYR61,Gene,no,0,0.275312855517634,0.446175339158192,0.428200367599603,424,453,-29,153,165,-12,0.20223752151463,0.850434782608696,,0.416494939226619,0.396521739130435,
FURIN,Gene,yes,20,0.604664391353811,0.424656431691297,0.428069400974573,458,454,4,167,166,1,0.418244406196213,0.142608695652174,0.138121546961326,0.467563976298794,0.662608695652174,0.562674094707521
hsa-miR-132,miRNA,yes,43,0.750853242320819,0.420111252675438,0.427961082026973,465,455,10,176,173,3,0.562822719449225,0.229565217391304,,0.012216404886562,0.584347826086957,
hsa-miR-149,miRNA,no,0,0.43259385665529,0.441102788219447,0.427678442371893,433,456,-23,166,174,-8,0.508605851979346,0.31304347826087,,0.692844677137871,0.191304347826087,
hsa-miR-122,miRNA,no,0,0.535836177474403,0.440694264390976,0.427269918543422,434,457,-23,167,175,-8,0.722030981067126,0.0591304347826087,,0.56369982547993,0.255652173913043,
SKIL,Gene,no,0,0.524459613196815,0.430893107999884,0.426383112875554,445,458,-13,160,167,-7,0.20223752151463,0.28,1,0.348235351796266,0.12,0.50974930362117
CDCA7,Gene,no,0,0.346700796359499,0.451958586655421,0.425548705296734,407,459,-52,144,168,-24,0.20223752151463,0.243478260869565,1,0.454797859605094,0.589565217391304,0.142061281337047
PTHLH,Gene,no,0,0.37457337883959,0.452939939376381,0.424661051029234,400,460,-60,139,169,-30,0.20223752151463,0.723478260869565,1,0.306917340948755,0.170434782608696,0.194986072423398
MYH9,Gene,no,0,0.505688282138794,0.428211487816387,0.423701492692058,448,461,-13,161,170,-9,0.418244406196213,0.208695652173913,0.0294659300184162,0.573955454083083,0.28,0.949860724233983
POU2F1,TF,no,0,0.458475540386803,0.415880969848379,0.423072583695283,470,462,8,120,117,3,0.20223752151463,0.221739130434783,0.47329650092081,0.490458435845994,0.285217391304348,0.83008356545961
SNAI1,TF,no,0,0.633390216154721,0.445022551076811,0.42287888132222,427,463,-36,111,118,-7,0.803786574870912,0.0391304347826087,0.0294659300184162,0.250198318261146,0.864347826086956,0.33983286908078
hsa-miR-454,miRNA,no,0,0.425199089874858,0.428050499760328,0.421736506586267,449,464,-15,172,176,-4,0.20223752151463,0.743478260869565,,0.108202443280977,0.629565217391304,
THBD,Gene,yes,31,0.473265073947668,0.418195008587981,0.421486086111141,468,465,3,172,171,1,0.20223752151463,0.748695652173913,0.47329650092081,0.357100660324875,0.213913043478261,0.481894150417827
AHR,TF,yes,4,0.504266211604096,0.394825080526311,0.42074739484453,492,466,26,128,119,9,0.20223752151463,0.650434782608696,0.47329650092081,0.40203077899413,0.453913043478261,0.259052924791086
HRH1,Gene,no,0,0.165244596131968,0.41339407877252,0.420585692619424,471,467,4,173,172,1,0.20223752151463,0.541739130434783,0.47329650092081,0.499787258592589,0.841739130434783,0.220055710306407
hsa-miR-371a,miRNA,no,0,0.38509670079636,0.426805751443875,0.420491758269814,451,468,-17,173,177,-4,0.700516351118761,0.0395652173913044,,0.718150087260035,0.259130434782609,
hsa-miR-92b,miRNA,no,0,0.589874857792947,0.437717636700526,0.419742665141937,439,469,-30,168,178,-10,0.469879518072289,0.603478260869565,,0.200698080279232,0.234782608695652,
KDM2A,TF,no,0,0.215870307167235,0.412016108841559,0.419207722688463,473,470,3,121,120,1,0.20223752151463,0.0982608695652174,0.47329650092081,0.534736782625795,0.443478260869565,0.966573816155989
ELK1,TF,no,0,0.508532423208191,0.437580781376582,0.418931342078678,440,471,-31,115,121,-6,0.20223752151463,0.576521739130435,0.47329650092081,0.476274191489168,0.0243478260869565,0.671309192200557
DKK1,Gene,yes,25,0.610068259385666,0.421495936891396,0.417961075848003,463,472,-9,169,173,-4,0.832185886402754,0.0460869565217391,0.0294659300184162,0.312147215332647,0.31304347826087,0.782729805013928
hsa-miR-192,miRNA,no,0,0.503697383390216,0.430760787472308,0.417336441624754,446,473,-27,171,179,-8,0.779690189328744,0.57304347826087,,0.197207678883072,0.0330434782608696,
AR,TF,yes,223,0.949943117178612,0.411388573194235,0.414760911890806,475,474,1,122,122,0,0.20223752151463,0.416521739130435,0.138121546961326,0.825273198428839,0.276521739130435,0.0947075208913649
hsa-miR-320b,miRNA,no,0,0.387372013651877,0.404455210740435,0.414523470126101,482,475,7,182,180,2,0.20223752151463,0.283478260869565,,0.364746945898778,0.834782608695652,
THBS1,Gene,yes,421,0.643344709897611,0.409606997266608,0.414401406497877,477,476,1,174,174,0,0.636833046471601,0.0304347826086957,0.0294659300184162,0.472379674902283,0.751304347826087,0.337047353760446
hsa-miR-362,miRNA,no,0,0.325654152445961,0.402982285341442,0.413050544727107,483,477,6,183,181,2,0.525817555938038,0.228695652173913,,0.712041884816754,0.27304347826087,
HEY1,TF,no,0,0.265358361774744,0.404810269512181,0.412001883359085,481,478,3,125,123,2,0.20223752151463,0.577391304347826,0.47329650092081,0.0621277025370314,0.685217391304348,0.618384401114206
RBM38,Gene,no,0,0.275312855517634,0.421141518345224,0.411552699882685,464,479,-15,170,175,-5,0.525817555938038,0.249565217391304,0.47329650092081,0.292819605792264,0.342608695652174,0.721448467966574
hsa-miR-504,miRNA,no,0,0.187997724687144,0.398219764351962,0.410805088584044,488,480,8,186,182,4,0.957831325301205,0.23304347826087,,,0.264347826086957,
hsa-miR-136,miRNA,no,0,0.349829351535836,0.417077925489595,0.410763932315534,469,481,-12,178,183,-5,0.20223752151463,0.36,,0.753926701570681,0.387826086956522,
hsa-miR-506,miRNA,no,0,0.621729237770193,0.436753693666654,0.410644478649589,442,482,-40,170,184,-14,0.20223752151463,0.146086956521739,,0.910994764397906,0.172173913043478,
hsa-miR-216a,miRNA,yes,1,0.657281001137656,0.393567199989298,0.409665038442085,493,483,10,188,185,3,0.516351118760757,0.00608695652173913,,0.724258289703316,0.144347826086957,
NANOG,TF,yes,2,0.731228668941979,0.406685481637071,0.408798272145766,479,484,-5,124,124,0,0.536144578313253,0.234782608695652,0.47329650092081,0.459002206741379,0.424347826086957,0.00278551532033426
hsa-miR-324,miRNA,no,0,0.217292377701934,0.398687253806156,0.408755513191822,487,485,2,185,186,-1,0.20223752151463,0.377391304347826,,0.471204188481675,0.775652173913044,
USF1,TF,no,0,0.557167235494881,0.42326563630762,0.408272949813227,461,486,-25,118,125,-7,0.20223752151463,0.65304347826087,0.0294659300184162,0.337910011319499,0.245217391304348,0.832869080779944
CREBBP,TF,no,0,0.43259385665529,0.400989158652966,0.40818077249987,485,487,-2,126,126,0,0.20223752151463,0.230434782608696,0.138121546961326,0.582011404494525,0.4,0.871866295264624
LTBP1,Gene,yes,41,0.501137656427759,0.385961950452108,0.406886702605529,498,488,10,180,176,4,0.20223752151463,0.130434782608696,0.138121546961326,0.696544273509387,0.937391304347826,0.242339832869081
hsa-miR-194,miRNA,no,0,0.501706484641638,0.411575040516357,0.405261047342295,474,489,-15,180,187,-7,0.482788296041308,0.392173913043478,,0.270506108202443,0.379130434782609,
hsa-miR-421,miRNA,no,0,0.23037542662116,0.39488486366588,0.404953123051545,491,490,1,187,188,-1,0.20223752151463,0.447826086956522,,0.493891797556719,0.650434782608696,
SOX3,Gene,no,0,0.191410693970421,0.396046313520527,0.403237927367431,489,491,-2,177,177,0,0.957831325301205,0.237391304347826,0.0294659300184162,0.534666032048231,0.300869565217391,0.571030640668524
HDAC9,TF,no,0,0.325654152445961,0.394974583556398,0.402166197403302,490,492,-2,127,127,0,0.20223752151463,0.466086956521739,0.47329650092081,0.80665051274285,0.521739130434783,0.0194986072423398
NR1H4,TF,no,0,0.415529010238908,0.410733392189347,0.401144573726809,476,493,-17,123,128,-5,0.20223752151463,0.337391304347826,0.243093922651934,0.31479598459608,0.620869565217391,0.674094707520891
EXT1,Gene,no,0,0.428327645051195,0.39292843037401,0.400120044220914,495,494,1,178,178,0,0.20223752151463,0.150434782608696,0.138121546961326,0.362881463283388,0.63304347826087,0.885793871866295
WNT5A,Gene,yes,2,0.395051194539249,0.374920535890477,0.399217626740469,511,495,16,185,179,6,0.864888123924269,0.138260869565217,0.0294659300184162,0.319329111209521,0.83304347826087,0.214484679665738
LMO7,Gene,no,0,0.283560864618885,0.391385111980101,0.398576725827005,496,496,0,179,180,-1,0.20223752151463,0.470434782608696,1,0.657444459461136,0.165217391304348,0.011142061281337
hsa-miR-613,miRNA,no,0,0.494027303754266,0.380980756324168,0.397761188633611,503,497,6,192,189,3,0.603270223752151,,,0.0959860383944154,,
PCSK2,Gene,no,0,0.253981797497156,0.400145259451996,0.395635264327666,486,498,-12,176,181,-5,0.20223752151463,0.375652173913044,0.0294659300184162,0.811633709777451,0.973913043478261,0.122562674094708
hsa-let-7d,miRNA,yes,93,0.714163822525597,0.373569242345686,0.392966284438973,513,499,14,196,190,6,0.20223752151463,0.178260869565217,,0.673647469458988,0.196521739130435,
MBD2,TF,no,0,0.215301478953356,0.381389626412415,0.388581240259319,502,500,2,131,129,2,1,0.232173913043478,0.138121546961326,0.150511466727731,0.688695652173913,0.295264623955432
IRF3,TF,no,0,0.231797497155859,0.380816792631135,0.388008406478039,504,501,3,132,130,2,0.20223752151463,0.42,1,0.223796867731855,0.337391304347826,0.3008356545961
AFP,Gene,no,0,0.207053469852105,0.380738868316683,0.387930482163587,505,502,3,181,182,-1,0.20223752151463,0.841739130434783,0.47329650092081,0.557353641123275,0.0104347826086957,0.423398328690808
hsa-miR-188,miRNA,no,0,0.388225255972696,0.377301783022795,0.38737004240846,506,503,3,193,191,2,0.20223752151463,0.466086956521739,,0.586387434554974,0.293913043478261,
MKL1,TF,no,0,0.300056882821388,0.39327443386105,0.386960440686989,494,504,-10,129,131,-2,0.20223752151463,0.294782608695652,,0.207290407794577,0.930434782608696,
hsa-miR-33a,miRNA,no,0,0.376279863481229,0.390711748963135,0.384397755789074,497,505,-8,189,192,-3,0.832185886402754,0.561739130434783,,0.137870855148342,0.0139130434782609,
hsa-miR-502,miRNA,no,0,0.435437997724687,0.374189509307786,0.384257768693451,512,506,6,195,193,2,0.20223752151463,0.185217391304348,,0.788830715532286,0.309565217391304,
hsa-miR-376b,miRNA,yes,2,0.428896473265074,0.34905038918002,0.383066316370009,534,507,27,204,194,10,0.20223752151463,0.4,,0.706806282722513,0.177391304347826,
DBI,Gene,no,0,0.142207053469852,0.375365390883607,0.382557004730511,509,508,1,184,183,1,0.20223752151463,0.136521739130435,0.47329650092081,0.174642636874026,0.763478260869565,0.785515320334262
hsa-miR-138,miRNA,no,0,0.410409556313993,0.37186625000337,0.381934509389036,515,509,6,197,195,2,0.482788296041308,0.0539130434782609,,0.736474694589878,0.226086956521739,
CDH3,Gene,no,0,0.289817974971559,0.372823717526777,0.380015331373681,514,510,4,186,184,2,0.20223752151463,0.28,0.47329650092081,0.713168789569798,0.347826086956522,0.353760445682451
hsa-miR-668,miRNA,no,0,0.292093287827076,0.369797674847802,0.379865934233468,519,511,8,198,196,2,0.20223752151463,0.0660869565217391,,0.93717277486911,0.401739130434783,
hsa-miR-135b,miRNA,no,0,0.515073947667804,0.385552942068228,0.379238948894167,499,512,-13,190,197,-7,0.641135972461274,0.197391304347826,,0.495636998254799,0.0469565217391304,
ACTC1,Gene,no,0,0.313708759954494,0.370341483905111,0.377533097752015,517,513,4,188,185,3,0.20223752151463,0.461739130434783,0.243093922651934,0.378009028889562,0.598260869565217,0.445682451253482
SIX1,TF,no,0,0.256257110352674,0.368487369353823,0.375678983200727,520,514,6,134,132,2,0.20223752151463,0.384347826086957,0.47329650092081,0.502379819133746,0.0452173913043478,0.766016713091922
hsa-miR-30b,miRNA,yes,29,0.794653014789534,0.374973215628231,0.375200746913783,510,515,-5,194,198,-4,0.53184165232358,0.275652173913044,,0.233856893542757,0.04,
MAPK7,Gene,no,0,0.414106939704209,0.377177101949558,0.372667106825229,508,516,-8,183,186,-3,0.957831325301205,0.154782608695652,0.47329650092081,0.267492145469123,0.0626086956521739,0.278551532033426
HNF4A,TF,no,0,0.766780432309443,0.364232415867786,0.37142402971469,523,517,6,135,133,2,0.410499139414802,0.124347826086957,0.138121546961326,0.62340443944442,0.422608695652174,0.114206128133705
VCAM1,Gene,yes,95,0.494880546075085,0.333870129690148,0.370071982444901,543,518,25,197,187,10,0.20223752151463,0.276521739130435,0.47329650092081,0.729392929773701,0.163478260869565,0.250696378830084
HIF1A,TF,yes,161,0.982935153583618,0.369989680019695,0.368852023591936,518,519,-1,133,134,-1,0.827882960413081,0.0121739130434783,0.0294659300184162,0.513456795465363,0.168695652173913,0.0473537604456825
hsa-miR-1251,miRNA,no,0,0.206484641638225,0.357729439805343,0.367797699191008,529,520,9,202,199,3,0.20223752151463,0.208695652173913,,0.701570680628272,0.52,
FHL2,Gene,no,0,0.38452787258248,0.377212181124855,0.367623362662316,507,521,-14,182,188,-6,0.20223752151463,0.328695652173913,0.138121546961326,0.504593831439954,0.460869565217391,0.554317548746518
hsa-miR-409,miRNA,no,0,0.411547212741752,0.356929676918528,0.366997936304194,530,522,8,203,200,3,0.20223752151463,0.303478260869565,,0.846422338568936,0.071304347826087,
CUX1,TF,no,0,0.219852104664391,0.359557362308876,0.36674897615578,526,523,3,136,135,1,0.20223752151463,0.147826086956522,1,0.533289333834048,0.427826086956522,0.0362116991643454
ETV5,TF,no,0,0.181740614334471,0.3583762254612,0.365567839308104,528,524,4,137,136,1,0.20223752151463,0.788695652173913,0.47329650092081,0.600716830369377,0.0365217391304348,0.275766016713092
ETV4,TF,no,0,0.37485779294653,0.384926309316925,0.364814168897618,500,525,-25,130,137,-7,0.20223752151463,0.0652173913043478,0.47329650092081,0.0691085053293526,0.761739130434783,0.607242339832869
RNF144A,Gene,no,0,0.328782707622298,0.356744024393673,0.363935638240577,531,526,5,191,189,2,0.20223752151463,0.489565217391304,0.47329650092081,0.395922576550849,0.652173913043478,0.00557103064066852
CTSV,Gene,no,0,0.191410693970421,0.370886485464518,0.362993993996941,516,527,-11,187,190,-3,0.20223752151463,,,0.601503247967894,,0.456824512534819
DAPK1,Gene,no,0,0.333902161547213,0.365309671805669,0.360799676681339,522,528,-6,189,191,-2,0.448364888123924,0.0773913043478261,0.138121546961326,0.581309418688445,0.542608695652174,0.403899721448468
hsa-miR-302d,miRNA,no,0,0.466154721274175,0.383083951965967,0.359477581089971,501,529,-28,191,201,-10,0.771944922547332,0.0139130434782609,,0.545375218150087,0,
hsa-miR-18b,miRNA,yes,48,0.674630261660978,0.347709923856066,0.358460777098387,535,530,5,205,202,3,0.458691910499139,0.00173913043478261,,0.457242582897033,0.2,
hsa-miR-338,miRNA,no,0,0.37514220705347,0.342251166129898,0.352319425515563,537,531,6,207,203,4,0.536144578313253,0.0191304347826087,,0.464223385689354,0.36695652173913,
IL15,Gene,no,0,0.265073947667804,0.356147821742845,0.351637826618515,532,532,0,192,192,0,0.562822719449225,0.37304347826087,0.138121546961326,0.413399824037616,0.580869565217391,0.128133704735376
YBX1,TF,no,0,0.318828213879408,0.353648176160292,0.349138181035963,533,533,0,138,138,0,0.20223752151463,0.208695652173913,0.138121546961326,0.203571313466073,0.380869565217391,0.991643454038997
hsa-miR-320a,miRNA,no,0,0.474118316268487,0.368092994971363,0.347103233879213,521,534,-13,199,204,-5,0.761617900172117,0.297391304347826,,0.18673647469459,0.0156521739130435,
S100A10,Gene,no,0,0.152445961319681,0.339462782403638,0.346654396250542,538,535,3,193,193,0,0.20223752151463,0.330434782608696,0.47329650092081,0.282243759600221,0.810434782608696,0.175487465181059
MSC,Gene,no,0,0.18230944254835,0.335221178399304,0.342412792246208,539,536,3,194,194,0,0.20223752151463,0.365217391304348,0.243093922651934,0.601236063634921,0.457391304347826,0.345403899721449
RB1,TF,no,0,0.461035267349261,0.334546216185086,0.34173783003199,541,537,4,139,139,0,0.20223752151463,0.387826086956522,0.47329650092081,0.428108539695615,0.431304347826087,0.00835654596100279
SLC1A3,Gene,no,0,0.207053469852105,0.334330214174273,0.341521828021177,542,538,4,196,195,1,0.20223752151463,0.73304347826087,0.138121546961326,0.568697445660797,0.271304347826087,0.270194986072423
hsa-miR-425,miRNA,no,0,0.372866894197952,0.359274328029886,0.341299356471297,527,539,-12,201,205,-4,0.20223752151463,0.578260869565217,,0.525305410122164,0.0278260869565217,
hsa-miR-361,miRNA,no,0,0.4226393629124,0.361238635248177,0.33876992079994,524,540,-16,200,206,-6,0.641135972461274,0.188695652173913,,,0.102608695652174,
FBXO32,Gene,no,0,0.627701934015927,0.360490949989253,0.337737821434077,525,541,-16,190,196,-6,0.20223752151463,0.568695652173913,0.47329650092081,0.366279405189448,0.0869565217391304,0.0389972144846797
DDIT3,TF,no,0,0.418657565415245,0.328338210991369,0.335529824838273,544,542,2,140,140,0,0.20223752151463,0.0156521739130435,0.47329650092081,0.275914788051866,0.135652173913044,0.827298050139276
PERP,Gene,no,0,0.304891922639363,0.326006101792165,0.333197715639068,545,543,2,198,197,1,0.20223752151463,0.198260869565217,0.138121546961326,0.507348593022082,0.354782608695652,0.626740947075209
hsa-miR-1197,miRNA,yes,3,0.370022753128555,0.291086167477637,0.326581048023713,562,544,18,213,207,6,0.20223752151463,0.0521739130434783,,0.93542757417103,0.0730434782608696,
CTCF,TF,no,0,0.386803185437998,0.31859386881967,0.325785482666574,549,545,4,142,141,1,0.20223752151463,0.0547826086956522,0.138121546961326,0.410904248768053,0.0904347826086957,0.997214484679666
MECP2,TF,no,0,0.381968145620023,0.318436516113818,0.325628129960722,550,546,4,143,142,1,0.20223752151463,0.56695652173913,0.138121546961326,0.291307312196836,0.676521739130435,0.0222841225626741
WWC1,Gene,no,0,0.37457337883959,0.31715273232823,0.324344346175134,551,547,4,200,198,2,0.424268502581756,0.281739130434783,0.138121546961326,0.563191454089968,0.32695652173913,0.161559888579387
hsa-let-7i,miRNA,no,0,0.559442548350398,0.34281119128348,0.319204820407485,536,548,-12,206,208,-2,0.20223752151463,0.569565217391304,,0.1239092495637,0.140869565217391,
GRHL1,Gene,no,0,0.328782707622298,0.335020801932269,0.316371362634366,540,549,-9,195,199,-4,0.761617900172117,0.190434782608696,0.138121546961326,0.441068300482689,0.220869565217391,0.133704735376045
hsa-miR-375,miRNA,no,0,0.329920364050057,0.306165275387185,0.316233534772851,552,550,2,209,209,0,0.20223752151463,0.633913043478261,,0.340314136125655,0.0747826086956522,
hsa-miR-542,miRNA,no,0,0.350682593856655,0.32086603087128,0.314552037697218,546,551,-5,208,210,-2,0.562822719449225,0.0260869565217391,,0.535776614310646,0.0973913043478261,
SCG3,Gene,no,0,0.142207053469852,0.318971742887501,0.314461747763172,547,552,-5,199,200,-1,0.20223752151463,0.674782608695652,0.0294659300184162,0.629002727280443,0.467826086956522,0.0557103064066852
HES1,TF,no,0,0.468430034129693,0.299082908137874,0.306274521984778,555,553,2,146,143,3,0.20223752151463,0.193913043478261,0.138121546961326,0.243382521010458,0.137391304347826,0.760445682451254
hsa-miR-28,miRNA,no,0,0.232935153583618,0.292790845024681,0.302859104410347,558,554,4,210,211,-1,0.20223752151463,0.52695652173913,,0.2478184991274,0.304347826086957,
hsa-miR-331,miRNA,no,0,0.210182025028441,0.292621128335575,0.30268938772124,559,555,4,211,212,-1,0.20223752151463,0.530434782608696,,0.0453752181500873,0.525217391304348,
hsa-miR-499a,miRNA,no,0,0.142207053469852,0.292533683913834,0.302601943299499,560,556,4,212,213,-1,0.20223752151463,0.0869565217391304,,0.462478184991274,0.619130434782609,
SDC4,Gene,no,0,0.248577929465302,0.294932916841598,0.302124530688502,556,557,-1,201,201,0,0.20223752151463,0.206086956521739,0.138121546961326,0.291939319034001,0.615652173913044,0.412256267409471
PAX6,TF,no,0,0.312286689419795,0.293712400166914,0.300904014013818,557,558,-1,147,144,3,0.20223752151463,0.411304347826087,0.0294659300184162,0.635887672536887,0.16695652173913,0.348189415041783
ZBTB7A,TF,no,0,0.183447098976109,0.303928019267191,0.299418024142861,553,559,-6,144,145,-1,0.20223752151463,0.135652173913043,0.138121546961326,0.324897039212973,0.189565217391304,0.922005571030641
HSF2,TF,no,0,0.24089874857793,0.291903057173555,0.299094671020459,561,560,1,148,146,2,0.20223752151463,0.29304347826087,0.138121546961326,0.121771478127358,0.573913043478261,0.523676880222841
CDX2,TF,no,0,0.260807736063709,0.302484146916145,0.297974151791816,554,561,-7,145,147,-2,0.20223752151463,0.08,0.243093922651934,0.609962067125323,0.0434782608695652,0.646239554317549
SREBF2,TF,no,0,0.593856655290102,0.318811208984051,0.297480150963573,548,562,-14,141,148,-7,0.20223752151463,0.130434782608696,0.47329650092081,0.233389417411135,0.0173913043478261,0.431754874651811
BAG3,Gene,no,0,0.178896473265074,0.285628701323925,0.292820315170829,563,563,0,202,202,0,0.20223752151463,0.0373913043478261,0.47329650092081,0.384133316405427,0.227826086956522,0.545961002785515
HSD17B2,Gene,no,0,0.165244596131968,0.278512745259261,0.285704359106165,567,564,3,203,203,0,0.20223752151463,0.805217391304348,0.138121546961326,0.442138402968343,0.23304347826087,0.0139275766016713
GATA1,TF,yes,2,0.716723549488055,0.285140476535569,0.285384260055803,564,565,-1,149,149,0,0.20223752151463,0.0643478260869565,0.0294659300184162,0.271551786306665,0.40695652173913,0.306406685236769
FOXF2,TF,no,0,0.322241183162685,0.273295119365189,0.280486733212093,568,566,2,151,150,1,0.20223752151463,0.0365217391304348,0.47329650092081,0.481848470425339,0.154782608695652,0.292479108635098
NF1,TF,no,0,0.31740614334471,0.273100472803203,0.280292086650107,569,567,2,152,151,1,0.20223752151463,0.328695652173913,0.0294659300184162,0.539939977156823,0.257391304347826,0.286908077994429
GJB1,Gene,no,0,0.165244596131968,0.271289759285242,0.278481373132145,570,568,2,204,204,0,0.20223752151463,0.503478260869565,0.138121546961326,0.447658402203857,0.389565217391304,0.103064066852368
MYOD1,TF,no,0,0.498577929465302,0.280857196546941,0.276347201422611,566,569,-3,150,152,-2,0.20223752151463,0.0573913043478261,0.138121546961326,0.500173077755182,0.0226086956521739,0.515320334261839
hsa-miR-212,miRNA,yes,43,0.72098976109215,0.270008295892193,0.276151640602091,571,570,1,215,214,1,0.20223752151463,0.0434782608695652,,0.0401396160558464,0.373913043478261,
hsa-miR-374a,miRNA,no,0,0.434015927189989,0.282322878129586,0.276008884955524,565,571,-6,214,215,-1,0.525817555938038,0.0208695652173913,,0.31064572425829,0.088695652173913,
hsa-miR-190a,miRNA,no,0,0.263936291240046,0.255122190243197,0.265190449628862,573,572,1,217,216,1,0.20223752151463,0.414782608695652,,0.43630017452007,0.00869565217391304,
SYP,Gene,yes,2,0.284982935153584,0.237142239477274,0.261439330327266,577,573,4,207,205,2,0.20223752151463,0.117391304347826,0.243093922651934,0.592116510056821,0.0643478260869565,0.325905292479109
SOX1,Gene,no,0,0.300910125142207,0.252747155456631,0.259938769303535,574,574,0,205,206,-1,0.482788296041308,0.0843478260869565,0.243093922651934,0.606471665729162,0.0573913043478261,0.0445682451253482
CDX1,TF,no,0,0.199374288964733,0.246081142389853,0.253272756236757,575,575,0,153,153,0,0.20223752151463,0.465217391304348,0.0294659300184162,0.0577647007918307,0.754782608695652,0.064066852367688
hsa-miR-760,miRNA,no,0,0.335608646188851,0.257716597987237,0.251402604813175,572,576,-4,216,217,-1,0.20223752151463,0.630434782608696,,0.0104712041884817,0.0782608695652174,
KCTD11,Gene,no,0,0.152445961319681,0.242343595898124,0.249535209745028,576,577,-1,206,207,-1,0.20223752151463,0.0452173913043478,0.47329650092081,0.225303967807538,0.08,0.568245125348189
hsa-miR-491,miRNA,no,0,0.18287827076223,0.219780580358872,0.232365904590954,582,578,4,218,218,0,0.20223752151463,0.328695652173913,,,0.215652173913043,
REL,TF,no,0,0.322810011376564,0.222282188016128,0.229473801863032,579,579,0,155,154,1,0.20223752151463,0.122608695652174,0.0294659300184162,0.29157304234428,0.250434782608696,0.387186629526462
GATA6,TF,no,0,0.343003412969283,0.221728562382711,0.228920176229615,580,580,0,156,155,1,0.20223752151463,0.538260869565217,0.138121546961326,0.059509901489911,0.0678260869565218,0.253481894150418
NR1H2,TF,no,0,0.257394766780432,0.226051634042088,0.221541638917758,578,581,-3,154,156,-2,0.20223752151463,0.0765217391304348,0.47329650092081,0.253163639972391,0.118260869565217,0.16991643454039
MAFB,TF,no,0,0.194823663253697,0.22055682507132,0.21604682994699,581,582,-1,157,157,0,0.20223752151463,0.228695652173913,0.47329650092081,0.320659720645618,0.00347826086956522,0.0891364902506964
hsa-miR-802,miRNA,no,0,0.277872582480091,0.1884135113464,0.174989165498846,583,583,0,219,219,0,0.20223752151463,0.0878260869565217,,0.265270506108203,0.0417391304347826,
