name,type,in_this_network,ffl_count_used,T_topology,paper_score,score,paper_rank_overall,rank_overall,rank_change_overall,paper_rank_class,rank_class,rank_change_class,E_evidence,D_expression,R_replication,M_multiomic,C_clinical,F_functional
hsa-miR-21,miRNA,no,0,0.717576791808874,0.867488461692738,0.823347392295696,1,1,0,1,1,0,0.787435456110155,0.949565217391304,,0.870855148342059,0.791304347826087,
E2F1,TF,yes,376,0.967292377701934,0.825401598206921,0.823288807698226,2,2,0,1,1,0,0.918244406196213,0.949565217391304,1,0.40037211717364,0.627826086956522,0.899721448467967
EZH2,TF,yes,101,0.909271899886234,0.819704187971799,0.814462842286767,4,3,1,2,2,0,0.913080895008606,0.953913043478261,1,0.57616940703478,0.744347826086957,0.604456824512535
hsa-miR-195,miRNA,yes,46,0.739192263936291,0.823539884776154,0.814438633354083,3,4,-1,2,2,0,0.666092943201377,0.865217391304348,,0.986038394415358,0.815652173913044,
STAT5A,Gene,yes,29,0.506257110352674,0.789323577267212,0.812889317556502,9,5,4,3,1,2,0.700516351118761,0.869565217391305,1,0.832086858917116,0.890434782608696,0.891364902506964
COL1A1,Gene,yes,457,0.815699658703072,0.804376051433639,0.810430008852784,6,6,0,2,2,0,0.881239242685026,0.90695652173913,1,0.832336147864908,0.657391304347826,0.579387186629527
GATA3,TF,yes,110,0.712457337883959,0.780258747104671,0.791554050208848,11,7,4,3,3,0,0.700516351118761,0.669565217391304,1,0.758574397229711,0.758260869565218,0.94150417827298
hsa-miR-204,miRNA,no,0,0.482650739476678,0.790401871409796,0.777432588133345,7,8,-1,3,3,0,0.722030981067126,0.9,,0.963350785340314,0.819130434782609,
PDGFRB,Gene,yes,117,0.637940841865757,0.763311185892041,0.774769011343041,18,9,9,6,3,3,0.957831325301205,0.359130434782609,1,0.907739288157784,0.850434782608696,0.710306406685237
CCND2,Gene,no,0,0.62542662116041,0.810489838467959,0.774125463366383,5,10,-5,1,4,-3,0.826161790017212,0.808695652173913,1,0.543644440598272,0.954782608695652,0.66016713091922
hsa-miR-429,miRNA,yes,500,0.920932878270762,0.770917666621444,0.772624151263082,14,11,3,7,4,3,0.757314974182444,0.911304347826087,,0.650959860383944,0.622608695652174,
EGR2,TF,yes,3,0.352957906712173,0.756572164902574,0.77172737374379,20,12,8,6,4,2,1,0.927826086956522,1,0.407760329332068,0.897391304347826,0.816155988857939
FN1,Gene,yes,1973,0.887656427758817,0.763978162723125,0.766172214405231,16,13,3,5,5,0,0.864888123924269,0.94695652173913,1,0.653802525997424,0.853913043478261,0.155988857938719
BRCA1,TF,yes,2,0.646757679180887,0.767448497511985,0.76505129289635,15,14,1,4,5,-1,0.896729776247849,0.560869565217391,1,0.517486224856613,0.780869565217391,0.952646239554318
MET,Gene,yes,327,0.854948805460751,0.763191942553819,0.764614013088518,19,15,4,7,6,1,0.957831325301205,0.910434782608696,1,0.579995131742977,0.67304347826087,0.376044568245125
JUN,TF,yes,544,0.967292377701934,0.763471057339987,0.763511687926693,17,16,1,5,6,-1,0.546471600688468,0.843478260869565,1,0.243122548250618,0.869565217391304,0.874651810584958
MYBL2,Gene,no,0,0.35608646188851,0.780355536250387,0.762762492206831,10,17,-7,4,7,-3,0.779690189328744,0.975652173913043,1,0.531268194012566,0.749565217391304,0.947075208913649
hsa-miR-383,miRNA,no,0,0.353811149032992,0.789883421664551,0.757118916545097,8,18,-10,4,5,-1,0.767641996557659,0.878260869565217,,0.94066317626527,0.845217391304348,
SREBF1,TF,yes,31,0.622582480091013,0.726745579475784,0.750595733872013,28,19,9,8,7,1,0.803786574870912,0.606086956521739,1,0.472928852518819,0.829565217391304,0.919220055710306
MMP14,Gene,yes,448,0.771331058020478,0.747201792311082,0.750045933380479,22,20,2,9,8,1,0.821858864027539,0.652173913043478,1,0.816855482270541,0.923478260869565,0.264623955431755
CXCL12,Gene,yes,76,0.513367463026166,0.74774577312137,0.747623881361253,21,21,0,8,9,-1,0.896729776247849,0.929565217391304,1,0.535690906396214,0.594782608695652,0.763231197771588
PLAU,Gene,yes,147,0.556598407281001,0.738391230439058,0.740300868014225,23,22,1,10,10,0,0.957831325301205,0.569565217391304,1,0.705886347150648,0.843478260869565,0.54874651810585
ESR1,TF,yes,306,0.944823663253697,0.731842647610692,0.732248953477749,24,23,1,7,8,-1,0.941480206540447,0.195652173913043,0.47329650092081,0.879449800298779,0.777391304347826,0.913649025069638
DNMT1,TF,yes,27,0.751137656427759,0.724399243126725,0.730859506412927,30,24,6,9,9,0,0.972461273666093,0.749565217391304,1,0.643588742324794,0.0382608695652174,0.96100278551532
hsa-miR-124,miRNA,no,0,0.705062571103527,0.774848018414286,0.729455526946709,12,25,-13,5,6,-1,0.860585197934596,0.118260869565217,,0.968586387434555,0.994782608695652,
hsa-miR-155,miRNA,no,0,0.688566552901024,0.771305501076448,0.728870916321044,13,26,-13,6,7,-1,0.974182444061962,0.585217391304348,,0.961605584642234,0.434782608695652,
hsa-miR-300,miRNA,yes,225,0.802047781569966,0.681849032619895,0.723278687530778,58,27,31,23,8,15,0.594664371772806,,,0.773123909249564,,
MYB,TF,yes,67,0.765927189988623,0.710891770894064,0.722227704584947,40,28,12,11,10,1,0.981927710843373,0.622608695652174,0.47329650092081,0.528132732594453,0.803478260869565,0.880222841225627
BCL6,TF,yes,11,0.479806598407281,0.702436523748797,0.721289115980229,43,29,14,14,11,3,0.957831325301205,0.813913043478261,1,0.520888128676307,0.549565217391304,0.727019498607242
ABCA1,Gene,yes,36,0.832480091012514,0.731710490086741,0.718302396473869,25,30,-5,11,11,0,0.793459552495697,0.780869565217391,1,0.481033859433916,0.711304347826087,0.428969359331476
ZEB2,TF,yes,2,0.59584755403868,0.70483971696013,0.707521335682705,41,31,10,12,12,0,0.975903614457831,0.846086956521739,1,0.686997248740334,0.0260869565217391,0.821727019498607
hsa-miR-141,miRNA,yes,2,0.745164960182025,0.729807063623092,0.706428224032648,26,32,-6,8,9,-1,0.671256454388985,0.915217391304348,,0.894415357766143,0.306086956521739,
hsa-miR-145,miRNA,yes,95,0.898464163822526,0.711263214143485,0.705574932004691,39,33,6,17,10,7,0.844234079173838,0.930434782608696,,0.738219895287958,0.116521739130435,
hsa-miR-100,miRNA,no,0,0.39448236632537,0.723423912851925,0.703344276901982,32,34,-2,11,11,0,0.618760757314974,0.924347826086957,,1,0.579130434782609,
COL3A1,Gene,yes,138,0.637656427758817,0.670568284166704,0.70270707825089,70,35,35,15,12,3,0.991394148020654,0.684347826086957,1,0.918066587333427,0.514782608695652,0.172701949860724
VIM,Gene,no,0,0.285836177474403,0.724697308974142,0.701294091031675,29,36,-7,12,13,-1,0.977624784853701,0.817391304347826,1,0.810936175559723,0.8,0.217270194986072
ESR2,TF,yes,16,0.5967007963595,0.692476673107526,0.701171618662539,50,37,13,17,13,4,0.746987951807229,0.902608695652174,1,0.362763763287324,0.956521739130435,0.342618384401114
FOXM1,TF,yes,4,0.479806598407281,0.702606955947798,0.698543897277231,42,38,4,13,14,-1,0.20223752151463,0.983478260869565,1,0.520731551475289,0.798260869565217,0.905292479108635
HDAC4,TF,yes,68,0.674914675767918,0.693962505175743,0.69830997795325,48,39,9,16,15,1,0.585197934595525,0.742608695652174,1,0.41524386483577,0.857391304347826,0.612813370473538
NT5E,Gene,yes,54,0.445961319681456,0.693045460871812,0.697636717169553,49,40,9,13,14,-1,0.657487091222031,0.786086956521739,1,0.784111794459601,0.808695652173913,0.401114206128134
FOS,TF,yes,366,0.934869169510808,0.698437783436227,0.696771929381295,45,41,4,15,16,-1,0.922547332185886,0.938260869565218,0.47329650092081,0.230088831742365,0.801739130434783,0.576601671309192
hsa-miR-30a,miRNA,no,0,0.559158134243459,0.721183316317092,0.696553054656113,33,42,-9,12,12,0,0.790877796901893,0.495652173913044,,0.659685863874346,0.977391304347826,
hsa-miR-143,miRNA,yes,95,0.872582480091013,0.698516240410527,0.69402249752088,44,43,1,18,13,5,0.821858864027539,0.682173913043478,,0.380453752181501,0.71304347826087,
hsa-miR-206,miRNA,no,0,0.513936291240046,0.713451638429994,0.693372002480051,37,44,-7,15,14,1,0.896729776247849,0.440869565217391,,0.905759162303665,0.709565217391304,
hsa-miR-497,miRNA,yes,46,0.687144482366325,0.694093561098218,0.692614607742132,47,45,2,20,15,5,0.553356282271945,0.815652173913044,,0.989528795811518,0.417391304347826,
hsa-let-7b,miRNA,yes,186,0.750853242320819,0.68469796506554,0.691808317739033,55,46,9,22,16,6,0.746987951807229,0.498260869565217,,0.595113438045375,0.867826086956522,
BCL2L1,Gene,yes,253,0.801478953356087,0.684899837902177,0.690831903561205,54,47,7,14,15,-1,0.856282271944923,0.473913043478261,0.47329650092081,0.278516355640124,0.963478260869565,0.988857938718663
HOXA10,TF,yes,77,0.787258248009101,0.678117099533657,0.690631320239004,62,48,14,22,17,5,0.803786574870912,0.837391304347826,1,0.478358069029178,0.28695652173913,0.64066852367688
E2F3,TF,no,0,0.592150170648464,0.716596283806907,0.690511447141866,36,49,-13,10,18,-8,0.938898450946644,0.578260869565217,1,0.444755076279747,0.410434782608696,0.86908077994429
hsa-miR-200c,miRNA,yes,2,0.797497155858931,0.718457949701908,0.689277062329894,34,50,-16,13,17,-4,0.779690189328744,0.786956521739131,,0.894415357766143,0.187826086956522,
hsa-miR-34a,miRNA,no,0,0.67349260523322,0.729424792806183,0.688753575513805,27,51,-24,9,18,-9,0.931153184165232,0.0743478260869565,,0.87260034904014,0.892173913043478,
HDAC1,TF,yes,219,0.823094425483504,0.685705683068753,0.687290275950274,53,52,1,19,19,0,0.618760757314974,0.516521739130435,1,0.436513553988478,0.613913043478261,0.802228412256267
hsa-miR-101,miRNA,no,0,0.638794084186576,0.724144185163388,0.684781272762933,31,53,-22,10,19,-9,0.716006884681583,0.482608695652174,,0.617801047120419,0.968695652173913,
IRF1,TF,yes,135,0.869169510807736,0.687903030992276,0.684246278188765,52,54,-2,18,20,-2,0.629948364888124,0.426956521739131,1,0.52620495741937,0.95304347826087,0.384401114206128
hsa-miR-106b,miRNA,yes,194,0.813708759954494,0.681631253322355,0.683337737963993,59,55,4,24,20,4,0.85025817555938,0.476521739130435,,0.907504363001745,0.368695652173913,
HMGA1,TF,yes,129,0.66382252559727,0.650907084265988,0.682802094829941,94,56,38,32,21,11,0.746987951807229,0.806086956521739,1,0.264308606896792,0.323478260869565,0.974930362116992
MYC,TF,yes,565,0.986348122866894,0.682297888014153,0.681241492759805,57,57,0,21,22,-1,0.943201376936317,0.72695652173913,0.47329650092081,0.254540100768528,0.384347826086957,1
hsa-miR-205,miRNA,no,0,0.469852104664391,0.716968065775609,0.68044929444455,35,58,-23,14,21,-7,0.877796901893287,0.825217391304348,,0.446771378708552,0.782608695652174,
hsa-miR-27a,miRNA,yes,249,0.94254835039818,0.681279768187744,0.678264978654183,60,59,1,25,22,3,0.836488812392427,0.379130434782609,,0.782722513089005,0.450434782608696,
FOSB,Gene,yes,26,0.70164960182025,0.666711344431954,0.678006647536131,74,60,14,17,16,1,0.433734939759036,0.972173913043478,1,0.300311985118162,0.586086956521739,0.752089136490251
hsa-miR-93,miRNA,yes,194,0.804891922639363,0.675115199713641,0.677390512569159,67,61,6,31,23,8,0.769363166953528,0.644347826086957,,0.900523560209424,0.267826086956522,
SMAD3,TF,yes,92,0.907281001137656,0.68311567878432,0.675924064937416,56,62,-6,20,23,-3,0.913080895008606,0.545217391304348,1,0.666012698660292,0.318260869565217,0.381615598885794
KLF4,TF,yes,127,0.868031854379977,0.673371530571907,0.675768735187542,69,63,6,23,24,-1,0.729776247848537,0.955652173913044,1,0.298330583142049,0.229565217391304,0.649025069637883
PPARG,TF,yes,100,0.773037542662116,0.667986881841315,0.674650298061045,71,64,7,24,25,-1,0.20223752151463,0.981739130434783,1,0.636493444680023,0.794782608695652,0.334261838440111
RUNX2,TF,yes,59,0.670932878270762,0.663562133146255,0.673801040996085,79,65,14,26,26,0,0.927710843373494,0.651304347826087,1,0.417827922843171,0.252173913043478,0.796657381615599
hsa-miR-9,miRNA,no,0,0.677758816837315,0.711670233448248,0.673160563368612,38,66,-28,16,24,-8,0.787435456110155,0.158260869565217,,0.924956369982548,0.817391304347826,
IRAK2,Gene,yes,36,0.516496018202503,0.646279577738282,0.670982974455331,101,67,34,24,17,7,0.896729776247849,0.641739130434783,1,0.493653815643345,0.730434782608696,0.417827298050139
ETS1,TF,yes,156,0.859783845278726,0.667539865122242,0.66924634976388,72,68,4,25,27,-2,0.844234079173838,0.673913043478261,1,0.53210049264838,0.693913043478261,0.0807799442896936
JUND,TF,yes,14,0.389078498293515,0.660286272202479,0.668453020130319,83,69,14,27,28,-1,1,0.471304347826087,1,0.0787858726053942,0.904347826086956,0.835654596100279
HOXA9,TF,yes,10,0.482935153583618,0.649448003802246,0.667934920753327,95,70,25,33,29,4,0.957831325301205,0.931304347826087,1,0.536822292414867,0.0591304347826087,0.707520891364903
ITGB1,Gene,yes,462,0.559726962457338,0.631159934747301,0.667849354542523,120,71,49,31,18,13,0.987951807228916,0.626086956521739,0.47329650092081,0.436782370570514,0.786086956521739,0.805013927576602
hsa-miR-449a,miRNA,yes,22,0.453356086461889,0.660169845277432,0.667337080772313,84,72,12,37,25,12,0.675559380378657,0.58,,0.733856893542757,0.893913043478261,
TYMS,Gene,yes,17,0.324232081911263,0.666481027593567,0.667049855807447,75,73,2,18,19,-1,0.896729776247849,0.911304347826087,1,0.355535007023716,0.198260869565217,0.983286908077995
STAT1,TF,yes,176,0.819681456200227,0.659341098332474,0.665313794578208,85,74,11,28,30,-2,0.657487091222031,0.583478260869565,1,0.655815831023404,0.737391304347826,0.203342618384401
IRF9,Gene,yes,5,0.523890784982935,0.647017654319624,0.663716825455655,100,75,25,23,20,3,0.618760757314974,0.668695652173913,1,0.471332809707834,0.831304347826087,0.532033426183844
hsa-miR-183,miRNA,yes,746,0.915529010238908,0.654262953689366,0.663364205111436,89,76,13,40,26,14,0.451807228915663,0.901739130434783,,0.226876090750436,0.820869565217391,
hsa-miR-130b,miRNA,yes,66,0.641922639362912,0.647552930472957,0.662968175069089,99,77,22,43,27,16,0.73407917383821,0.708695652173913,,0.416230366492147,0.813913043478261,
hsa-miR-16,miRNA,yes,174,0.841865756541525,0.664565800147082,0.662233604470177,78,78,0,34,28,6,0.726333907056799,0.65304347826087,,0.853403141361257,0.236521739130435,
TP63,TF,yes,38,0.755688282138794,0.633789601873199,0.658614890350365,117,79,38,38,31,7,0.494836488812392,0.911304347826087,0.47329650092081,0.529127989041258,0.980869565217391,0.465181058495822
CYFIP2,Gene,no,0,0.158134243458476,0.66673855494233,0.657474781173436,73,80,-7,16,21,-5,0.20223752151463,0.565217391304348,1,0.782540294739071,0.958260869565217,0.935933147632312
ID4,Gene,yes,6,0.613765642775882,0.665246769925719,0.656551824370706,76,81,-5,19,22,-3,0.444061962134251,0.935652173913043,1,0.532459290669667,0.39304347826087,0.676880222841226
hsa-miR-200a,miRNA,yes,8,0.804323094425483,0.676993634695565,0.655662576675087,63,82,-19,27,29,-2,0.714285714285714,0.872173913043478,,0.664921465968586,0.222608695652174,
hsa-miR-182,miRNA,yes,736,0.931171786120592,0.650961131221966,0.655568639754389,93,83,10,41,30,11,0.647160068846816,0.927826086956522,,0.359511343804538,0.412173913043478,
CAV1,Gene,yes,151,0.567974971558589,0.634538465774867,0.6555444791017,115,84,31,29,23,6,1,0.987826086956522,1,0.533070849877662,0.391304347826087,0.108635097493036
hsa-miR-1,miRNA,no,0,0.620022753128555,0.694185037378729,0.654822124978274,46,85,-39,19,31,-12,0.856282271944923,0.749565217391304,,0.869109947643979,0.179130434782609,
hsa-miR-23a,miRNA,yes,139,0.887372013651877,0.660716766259526,0.654573421549628,81,86,-5,35,32,3,0.609294320137694,0.297826086956522,,0.782722513089005,0.695652173913044,
LEF1,TF,yes,112,0.738054607508532,0.653082521281737,0.653935763602557,90,87,3,30,32,-2,0.20223752151463,0.872173913043478,1,0.528654607135754,0.991304347826087,0.245125348189415
hsa-miR-150,miRNA,no,0,0.580489192263936,0.691016005438683,0.653359577679866,51,88,-37,21,33,-12,0.761617900172117,0.465217391304348,,0.598603839441536,0.860869565217391,
hsa-miR-181b,miRNA,yes,498,0.863765642775882,0.649201211439601,0.652727946365653,96,89,7,42,34,8,0.562822719449225,0.808695652173913,,0.402268760907504,0.626086956521739,
hsa-miR-223,miRNA,no,0,0.537258248009101,0.680307767952043,0.652662716757504,61,90,-29,26,35,-9,0.803786574870912,0.366086956521739,,0.902268760907504,0.653913043478261,
F3,Gene,yes,282,0.705346985210467,0.652901699946256,0.652251610558965,92,91,1,21,24,-3,0.20223752151463,0.915652173913043,1,0.377423466957551,0.476521739130435,0.88857938718663
KLF5,TF,yes,20,0.7113196814562,0.652939803876119,0.648429808751789,91,92,-1,31,33,-2,0.668674698795181,0.695652173913044,0.47329650092081,0.297639785661363,0.784347826086957,0.908077994428969
CEBPA,TF,yes,241,0.930034129692833,0.648800923928629,0.64766326750087,97,93,4,34,34,0,0.629948364888124,0.850434782608696,1,0.370148206434278,0.0539130434782609,0.6991643454039
SPP1,Gene,yes,157,0.433731513083049,0.625271818020211,0.646440353693866,130,94,36,33,25,8,0.803786574870912,0.820869565217391,1,0.632517760798826,0.747826086956522,0.0863509749303621
SERPINE1,Gene,yes,416,0.618600682593857,0.647626254189252,0.646366706001376,98,95,3,22,26,-4,0.85197934595525,0.571304347826087,1,0.460432353693059,0.699130434782609,0.323119777158774
NGF,Gene,yes,6,0.397326507394767,0.628922745011477,0.646068852601271,126,96,30,32,27,5,0.585197934595525,0.588695652173913,1,0.347056957004601,0.907826086956522,0.696378830083566
TWIST1,TF,yes,532,0.972696245733788,0.646057050781452,0.644919394353694,103,97,6,35,35,0,0.815834767641997,0.755652173913044,1,0.520084231174188,0.372173913043478,0.0779944289693593
EDN1,Gene,yes,178,0.595278725824801,0.642675562680384,0.644057002628377,107,98,9,26,28,-2,0.927710843373494,0.849565217391304,1,0.0961591161495969,0.674782608695652,0.364902506963788
hsa-miR-137,miRNA,no,0,0.598976109215017,0.674040495603018,0.641275990483564,68,99,-31,32,36,-4,0.685025817555938,0.199130434782609,,0.933682373472949,0.789565217391304,
hsa-miR-655,miRNA,yes,13,0.709897610921502,0.644639565527001,0.640999064958173,106,100,6,46,37,9,0.433734939759036,0.597391304347826,,0.891797556719023,0.572173913043478,
hsa-miR-193a,miRNA,no,0,0.394766780432309,0.660399071358082,0.640319435408139,82,101,-19,36,38,-2,0.832185886402754,0.337391304347826,,0.710296684118674,0.926956521739131,
NR1H3,TF,no,0,0.356939704209329,0.657609789963689,0.640016745920133,87,102,-15,29,36,-7,0.896729776247849,0.66,1,0.414247183880692,0.96,0.192200557103064
hsa-miR-224,miRNA,no,0,0.449658703071672,0.676362190920406,0.639843419589348,64,103,-39,28,39,-11,0.494836488812392,0.710434782608696,,0.982547993019197,0.561739130434783,
hsa-miR-106a,miRNA,yes,567,0.86518771331058,0.636010475486781,0.639821624519773,113,104,9,49,40,9,0.675559380378657,0.562608695652174,,0.528795811518325,0.56695652173913,
MMP2,Gene,yes,1317,0.91296928327645,0.63721872676022,0.638518905534801,111,105,6,27,29,-2,0.984509466437177,0.259130434782609,1,0.796961630691601,0.290434782608696,0.225626740947075
HMGCS1,Gene,yes,3,0.620307167235495,0.63443860184824,0.637892201718222,116,106,10,30,30,0,0.20223752151463,0.36,1,0.648271753918095,0.64,0.994428969359331
hsa-miR-221,miRNA,yes,159,0.837599544937429,0.617603013542309,0.636516551653799,139,107,32,59,41,18,0.771944922547332,0.202608695652174,,,0.733913043478261,
hsa-miR-24,miRNA,yes,196,0.891069397042093,0.63792291055516,0.636330191556298,110,108,2,48,42,6,0.736660929432014,0.0278260869565217,,0.7521815008726,0.773913043478261,
MEN1,TF,yes,4,0.415244596131968,0.620101727211798,0.636069547787127,134,109,25,43,37,6,0.746987951807229,0.68,1,0.438506678480589,0.24695652173913,0.924791086350975
hsa-miR-196a,miRNA,no,0,0.31712172923777,0.655466865428538,0.635387229478595,88,110,-22,39,43,-4,0.746987951807229,0.738260869565217,,0.68760907504363,0.686956521739131,
hsa-miR-142,miRNA,no,0,0.655574516496018,0.675379552953268,0.63470833566089,66,111,-45,30,44,-14,0.546471600688468,0.745217391304348,,0.554973821989529,0.671304347826087,
SOX2,TF,yes,83,0.900170648464164,0.636370498618631,0.633729510482762,112,112,0,37,38,-1,0.685025817555938,0.449565217391304,1,0.639378073933048,0.210434782608696,0.551532033426184
hsa-miR-767,miRNA,no,0,0.158134243458476,0.630111140202106,0.633524109485382,122,113,9,53,45,8,1,0.383478260869565,,0.977312390924956,0.648695652173913,
hsa-miR-29b,miRNA,yes,1852,0.973833902161547,0.631680033213379,0.633158986569466,119,114,5,51,46,5,0.934595524956971,0.221739130434783,,0.242582897033159,0.79304347826087,
TFAP2A,TF,yes,46,0.676621160409556,0.638316037907574,0.632587125182075,108,115,-7,36,39,-3,0.20223752151463,0.776521739130435,1,0.533935704462967,0.394782608695652,0.844011142061281
BDNF,Gene,yes,34,0.730091012514221,0.619576544568611,0.632253287620781,136,116,20,35,31,4,0.896729776247849,0.722608695652174,0.243093922651934,0.52855782960495,0.641739130434783,0.662952646239554
hsa-miR-29a,miRNA,yes,916,0.947383390216155,0.629290587809028,0.632248494521201,125,117,8,55,47,8,0.869191049913941,0.273913043478261,,0.342059336823735,0.728695652173913,
FOXD3,TF,no,0,0.325085324232082,0.629558297573156,0.631996132775496,124,118,6,39,40,-1,0.20223752151463,0.668695652173913,1,0.756039692498522,0.886956521739131,0.584958217270195
GJA1,Gene,yes,53,0.70193401592719,0.634945733708193,0.630151324476923,114,119,-5,28,32,-4,0.838209982788296,0.141739130434783,0.47329650092081,0.643274578896064,0.866086956521739,0.746518105849582
MEIS1,TF,no,0,0.241183162684869,0.627705215546085,0.630143050748425,128,120,8,40,41,-1,0.957831325301205,0.76695652173913,1,0.307571219923363,0.739130434782609,0.398328690807799
hsa-miR-543,miRNA,yes,51,0.64448236632537,0.592743653113545,0.630001901122646,171,121,50,70,48,22,0.469879518072289,0.48,,0.74869109947644,0.80695652173913,
hsa-miR-130a,miRNA,no,0,0.659271899886234,0.676284170057986,0.627876889056848,65,122,-57,29,49,-20,0.605851979345955,0.530434782608696,,0.849912739965096,0.493913043478261,
hsa-miR-15a,miRNA,yes,94,0.80745164960182,0.628798905263728,0.625329053159064,127,123,4,56,50,6,0.839931153184165,0.71304347826087,,0.287958115183246,0.478260869565217,
VEGFA,Gene,no,0,0.431171786120592,0.661094305272317,0.624567407823918,80,124,-44,20,33,-13,0.989672977624785,0.425217391304348,1,0.469734333361883,0.554782608695652,0.501392757660167
hsa-miR-125b,miRNA,no,0,0.616040955631399,0.658895182122178,0.624082895432758,86,125,-39,38,51,-13,0.6815834767642,0.879565217391304,,0.677137870855148,0.266086956521739,
ILF3,TF,no,0,0.169226393629124,0.619978956539732,0.622416791742072,135,126,9,44,42,2,1,0.498260869565217,1,0.378494103633808,0.330434782608696,0.98050139275766
TCF4,TF,yes,87,0.667519908987486,0.58982945640194,0.619855459977431,175,127,48,58,43,15,0.700516351118761,0.704347826086957,1,0.800391223390853,0.0121739130434783,0.454038997214485
hsa-miR-15b,miRNA,yes,80,0.76877133105802,0.618534106258251,0.619785528328786,137,128,9,58,52,6,0.598967297762479,0.734782608695652,,0.966841186736475,0.0295652173913043,
MYCN,TF,yes,226,0.951365187713311,0.61780786114822,0.619270562269624,138,129,9,45,44,1,0.657487091222031,0.394782608695652,0.47329650092081,0.323749152640157,0.91304347826087,0.62116991643454
hsa-miR-411,miRNA,yes,41,0.503412969283276,0.583752186861245,0.619133301764545,186,130,56,77,53,24,0.536144578313253,0.639130434782609,,0.881326352530541,0.535652173913043,
IL11,Gene,yes,33,0.411547212741752,0.614739291010872,0.618883610854851,143,131,12,37,34,3,0.20223752151463,0.75304347826087,1,0.475329208313502,0.88,0.610027855153203
hsa-miR-20b,miRNA,yes,526,0.832764505119454,0.611548041492104,0.61882904262976,145,132,13,62,54,8,0.518932874354561,0.584347826086957,,0.453752181500873,0.704347826086957,
MYH11,Gene,no,0,0.306029579067122,0.615944499095746,0.618382334298086,142,133,9,36,35,1,0.20223752151463,0.978260869565217,1,0.832634018480265,0.558260869565217,0.45125348189415
hsa-miR-452,miRNA,no,0,0.300341296928328,0.638258231774206,0.618178595824262,109,134,-25,47,55,-8,0.562822719449225,0.786086956521739,,0.972076788830716,0.469565217391304,
hsa-miR-381,miRNA,yes,225,0.816552901023891,0.592360114136572,0.617217907083102,172,135,37,71,56,15,0.501721170395869,0.780869565217391,,0.74694589877836,0.24,
SNAI2,TF,yes,80,0.862912400455063,0.62333283070296,0.617197612110403,132,136,-4,41,45,-4,0.700516351118761,0.686956521739131,0.47329650092081,0.491036014596224,0.509565217391304,0.596100278551532
hsa-miR-19a,miRNA,no,0,0.69254835039818,0.664945295797493,0.616822428903295,77,137,-60,33,57,-24,0.645438898450947,0.526086956521739,,0.760907504363002,0.459130434782609,
ADRB2,Gene,no,0,0.267633674630262,0.624109096305108,0.614845322536214,131,138,-7,34,36,-2,0.482788296041308,0.977391304347826,1,0.436934792955735,0.768695652173913,0.370473537604457
SRF,TF,yes,12,0.646188850967008,0.622609317144641,0.614564460976918,133,139,-6,42,46,-4,0.657487091222031,0.52695652173913,0.47329650092081,0.213732568396132,0.84,0.944289693593315
NR4A1,Gene,yes,12,0.447098976109215,0.605607690670057,0.613164979797312,154,140,14,40,37,3,0.957831325301205,0.86695652173913,0.47329650092081,0.319818815605654,0.539130434782609,0.688022284122563
SOX10,TF,no,0,0.383674630261661,0.610534293135745,0.612972128338085,146,141,5,47,47,0,0.20223752151463,0.888695652173913,0.47329650092081,0.50123412867785,0.911304347826087,0.930362116991643
TCF7L2,TF,yes,24,0.496587030716724,0.606771128819411,0.612459410958205,152,142,10,51,48,3,0.20223752151463,0.805217391304348,1,0.423682592491096,0.84695652173913,0.512534818941504
BACE1,Gene,no,0,0.389078498293515,0.64547548079976,0.61195524676758,105,143,-38,25,38,-13,0.779690189328744,0.64,1,0.130904475502286,0.664347826086957,0.67966573816156
SCARB1,Gene,yes,100,0.505403868031854,0.591635566327562,0.610650680905816,173,144,29,46,39,7,0.918244406196213,0.396521739130435,0.47329650092081,0.482543986589679,0.72695652173913,0.771587743732591
NGFR,Gene,yes,41,0.469852104664391,0.609109636718654,0.610328554319824,147,145,2,38,40,-2,0.525817555938038,0.899130434782609,0.243093922651934,0.380165823446801,0.940869565217391,0.813370473537604
ATF3,TF,yes,128,0.68287827076223,0.607753477529,0.610231943318046,149,146,3,49,49,0,0.981927710843373,0.915652173913043,0.47329650092081,0.31488238992602,0.540869565217391,0.362116991643454
hsa-miR-379,miRNA,yes,42,0.48122866894198,0.574062979579886,0.609956039875676,203,147,56,88,58,30,0.562822719449225,0.738260869565217,,0.897033158813264,0.370434782608696,
EGR1,TF,yes,692,0.98122866894198,0.607630228361661,0.607752120121778,150,148,2,50,50,0,0.518932874354561,0.958260869565217,0.47329650092081,0.238854513723624,0.546086956521739,0.537604456824513
hsa-miR-151a,miRNA,no,0,0.169795221843003,0.60343590523883,0.607702116842926,162,149,13,65,59,6,0.986230636833047,0.403478260869565,,,0.871304347826087,
hsa-miR-148a,miRNA,no,0,0.606370875995449,0.645946305010012,0.607436634930376,104,150,-46,45,60,-15,0.882960413080895,0.315652173913044,,0.757417102966841,0.474782608695652,
ITGA5,Gene,yes,42,0.527019340159272,0.603888502373694,0.607342102243676,157,151,6,42,41,1,0.938898450946644,0.16,0.47329650092081,0.503746367726483,0.899130434782609,0.749303621169917
hsa-miR-129,miRNA,no,0,0.535267349260523,0.627344377607098,0.607264741657155,129,152,-23,57,61,-4,0.594664371772806,0.595652173913044,,0.837696335078534,0.47304347826087,
FOXO1,TF,yes,4,0.515358361774744,0.591157735673068,0.607125556248397,174,153,21,57,51,6,0.20223752151463,0.934782608695652,1,0.354254670858757,0.466086956521739,0.777158774373259
CELSR3,Gene,no,0,0.327929465301479,0.604343449688705,0.606781284891045,155,154,1,41,42,-1,0.429432013769363,0.824347826086957,1,0.698415617382776,0.262608695652174,0.704735376044568
hsa-miR-133a,miRNA,no,0,0.400739476678043,0.60306113191967,0.606474101202946,163,155,8,66,62,4,0.679862306368331,0.686956521739131,,0.633507853403141,0.631304347826087,
CEBPD,TF,no,0,0.311717861205916,0.603670730083833,0.606108565286173,160,156,4,53,52,1,0.957831325301205,0.552173913043478,0.47329650092081,0.171274327707772,0.996521739130435,0.779944289693593
CTNNB1,TF,yes,141,0.827929465301479,0.601088002455651,0.606085564620448,164,157,7,54,53,1,0.832185886402754,0.409565217391304,0.47329650092081,0.244880450814133,0.660869565217391,0.793871866295265
HDAC2,TF,yes,246,0.834470989761092,0.603730826017799,0.605031004792381,159,158,1,52,54,-2,0.20223752151463,0.365217391304348,1,0.308097961534597,0.881739130434783,0.643454038997215
STAT6,TF,no,0,0.37542662116041,0.616960562862444,0.602617965755342,140,159,-19,46,55,-9,0.20223752151463,0.533913043478261,1,0.527157923776818,0.805217391304348,0.774373259052925
SHC1,Gene,yes,169,0.513651877133106,0.569295058314352,0.602408986479474,214,160,54,60,43,17,0.871772805507745,0.288695652173913,0.47329650092081,0.52447331922714,0.946086956521739,0.598885793871866
hsa-miR-99b,miRNA,no,0,0.270477815699659,0.598964166310824,0.602377135594101,167,161,6,68,63,5,0.746987951807229,0.42,,0.645724258289703,0.928695652173913,
SPI1,TF,yes,62,0.828498293515358,0.593962510380651,0.601316646574377,170,162,8,56,56,0,0.598967297762479,0.465217391304348,0.47329650092081,0.465443655088798,0.659130434782609,0.71866295264624
hsa-miR-29c,miRNA,yes,936,0.901308304891923,0.600354021013464,0.601264146155671,165,163,2,67,64,3,0.874354561101549,0.00695652173913044,,0.31413612565445,0.909565217391304,
IL6,Gene,yes,1033,0.866325369738339,0.573398505725522,0.600336584711383,205,164,41,57,44,13,0.957831325301205,0.90695652173913,0.47329650092081,0.546009836585753,0.346086956521739,0.105849582172702
hsa-miR-139,miRNA,no,0,0.405858930602958,0.612567866631833,0.599598583355383,144,165,-21,61,65,-4,0.871772805507745,0.984347826086957,,0.603839441535777,0.132173913043478,
hsa-miR-199a,miRNA,no,0,0.64476678043231,0.64622172478415,0.599293397139099,102,166,-64,44,66,-22,0.779690189328744,0.215652173913043,,0.952879581151833,0.403478260869565,
THBS2,Gene,yes,57,0.512229806598407,0.571106643156268,0.597963460968717,211,167,44,59,45,14,0.424268502581756,0.486086956521739,1,0.765120932739527,0.878260869565217,0.119777158774373
NOTCH1,Gene,yes,8,0.607792946530148,0.603580554739205,0.597485966733354,161,168,-7,44,46,-2,0.97934595524957,0.516521739130435,0.47329650092081,0.490768592845205,0.883478260869565,0.231197771587744
EPAS1,TF,yes,42,0.856939704209329,0.609062143443819,0.596466661565061,148,169,-21,48,57,-9,0.440619621342513,0.929565217391304,1,0.423932326597724,0.156521739130435,0.367688022284123
VDR,TF,yes,91,0.715017064846416,0.6001622935758,0.596139865491938,166,170,-4,55,58,-3,0.482788296041308,0.516521739130435,1,0.338661647174348,0.462608695652174,0.657381615598886
hsa-miR-340,miRNA,no,0,0.484072810011377,0.630415081522861,0.595602794833441,121,171,-50,52,67,-15,0.463855421686747,0.66,,0.399650959860384,0.970434782608696,
TGFBR2,Gene,yes,341,0.661547212741752,0.595245624253447,0.594676796039568,169,172,-3,45,47,-2,0.924268502581756,0.959130434782609,1,0.304205373969331,0.12695652173913,0.186629526462396
FGL2,Gene,no,0,0.231797497155859,0.60375606418311,0.594492290414217,158,173,-15,43,48,-5,0.20223752151463,0.805217391304348,1,0.501154504600835,0.925217391304348,0.495821727019499
hsa-miR-26a,miRNA,no,0,0.623151308304892,0.63343244605093,0.593330056972431,118,174,-56,50,68,-18,0.819277108433735,0.304347826086957,,0.713787085514834,0.506086956521739,
ANPEP,Gene,yes,7,0.323663253697383,0.57572185211613,0.593233634986275,198,175,23,54,49,5,0.20223752151463,0.786086956521739,1,0.799460841424986,0.570434782608696,0.47075208913649
hsa-miR-210,miRNA,no,0,0.366894197952218,0.589237452816189,0.592650422099466,176,176,0,72,69,3,0.844234079173838,0.770434782608696,,0.235602094240838,0.746086956521739,
hsa-miR-125a,miRNA,no,0,0.445676905574517,0.588855382072318,0.592268351355594,177,177,0,73,70,3,0.675559380378657,0.428260869565217,,0.655322862129145,0.756521739130435,
TAL1,TF,yes,50,0.591296928327645,0.565382287744615,0.591914060863419,221,178,43,65,59,6,0.700516351118761,0.938260869565217,0.47329650092081,0.503663479151342,0.253913043478261,0.682451253481894
GAD1,Gene,yes,4,0.426905574516496,0.574813092605786,0.590780913181115,201,179,22,55,50,5,0.20223752151463,0.5,1,0.614970504665888,0.678260869565217,0.713091922005571
hsa-miR-222,miRNA,yes,159,0.819112627986348,0.571589755456226,0.590503293567716,208,180,28,89,71,18,0.722030981067126,0.177391304347826,,,0.643478260869565,
hsa-miR-202,miRNA,no,0,0.304038680318544,0.58393342663921,0.587346395922486,184,181,3,76,72,4,0.700516351118761,0.48695652173913,,0.50087260034904,0.944347826086956,
hsa-miR-30c,miRNA,yes,85,0.768202502844141,0.5618080747322,0.58723469589261,228,182,46,97,73,24,0.629948364888124,0.40695652173913,,0.181500872600349,0.949565217391304,
hsa-miR-302a,miRNA,yes,81,0.673777019340159,0.578328665914702,0.586064729623462,195,183,12,82,74,8,0.618760757314974,0.0260869565217391,,0.613438045375218,0.998260869565217,
DAB2,Gene,no,0,0.295506257110353,0.583389634097245,0.585827469299585,187,184,3,51,51,0,0.572289156626506,0.737391304347826,1,0.807738302872895,0.481739130434783,0.206128133704735
hsa-miR-181a,miRNA,yes,498,0.893629124004551,0.581905891478732,0.585660157690336,190,185,5,80,75,5,0.728055077452668,0.372173913043478,,0.402268760907504,0.532173913043478,
CDH11,Gene,no,0,0.498293515358362,0.607019706525225,0.585404234397807,151,186,-35,39,52,-13,0.501721170395869,0.652173913043478,1,0.531439758227708,0.471304347826087,0.442896935933148
hsa-miR-148b,miRNA,no,0,0.377701934015927,0.603991714064568,0.583912078114625,156,187,-31,64,76,-12,0.444061962134251,0.748695652173913,,0.366492146596859,0.982608695652174,
XBP1,TF,yes,6,0.502275312855518,0.566508803450683,0.583654911040476,220,188,32,64,60,4,0.20223752151463,0.533913043478261,1,0.564009656029329,0.932173913043478,0.350974930362117
hsa-miR-493,miRNA,no,0,0.426336746302617,0.595773937165066,0.582804653888616,168,189,-21,69,77,-8,0.458691910499139,0.655652173913043,,0.835951134380454,0.537391304347826,
hsa-miR-200b,miRNA,yes,500,0.962457337883959,0.582972882846522,0.582631585918194,188,190,-2,78,78,0,0.814113597246127,0.686956521739131,,0.268760907504363,0.180869565217391,
RUNX1,TF,yes,252,0.895620022753129,0.579175212214171,0.582344397977214,193,191,2,60,61,-1,0.920826161790017,0.198260869565217,0.138121546961326,0.640801513824942,0.951304347826087,0.331476323119777
PTN,Gene,no,0,0.209044368600683,0.579689966787238,0.582127801989578,192,192,0,52,53,-1,0.20223752151463,0.927826086956522,1,0.630411803380584,0.787826086956522,0.317548746518106
KLF10,Gene,no,0,0.428612059158134,0.579005624096447,0.581443459298788,194,193,1,53,54,-1,0.41394148020654,0.818260869565217,1,0.270212659498185,0.523478260869565,0.615598885793872
hsa-miR-181c,miRNA,yes,273,0.806882821387941,0.574785245068345,0.580871706956855,202,194,8,87,79,8,0.454388984509467,0.40695652173913,,0.387434554973822,0.848695652173913,
NRP1,Gene,yes,16,0.62514220705347,0.583842199959806,0.580185447156296,185,195,-10,50,55,-5,0.761617900172117,0.767826086956522,0.47329650092081,0.625901810187953,0.60695652173913,0.200557103064067
TAGLN,Gene,yes,6,0.234926052332196,0.562963451905788,0.580109559495581,225,196,29,64,56,8,0.20223752151463,0.814782608695652,1,0.771334964276597,0.44695652173913,0.590529247910864
F8,Gene,yes,70,0.535267349260523,0.563011144534605,0.580035360364281,224,197,27,63,57,6,0.20223752151463,0.913913043478261,1,0.457379929236365,0.812173913043478,0.139275766016713
hsa-miR-17,miRNA,no,0,0.696530147895336,0.629644972328507,0.579701855149895,123,198,-75,54,80,-26,0.824440619621343,0.442608695652174,,0.792321116928447,0.142608695652174,
hsa-miR-154,miRNA,no,0,0.175483503981797,0.575522288629259,0.578935257912535,199,199,0,85,81,4,0.896729776247849,0.52,,0.958115183246073,0.344347826086957,
YY1,TF,yes,253,0.853526734926052,0.571638484380467,0.577570550039495,207,200,7,62,62,0,0.722030981067126,0.258260869565217,1,0.109720256845964,0.121739130434783,0.977715877437326
hsa-miR-758,miRNA,yes,8,0.458475540386803,0.552361657692137,0.577503864745606,248,201,47,107,82,25,0.618760757314974,0.707826086956522,,0.956369982547993,0.146086956521739,
hsa-miR-96,miRNA,yes,806,0.930034129692833,0.571389842045635,0.57622488186361,210,202,8,90,83,7,0.572289156626506,0.887826086956522,,0.155322862129145,0.335652173913044,
hsa-miR-503,miRNA,yes,42,0.690273037542662,0.582203477697411,0.576173898630289,189,203,-14,79,84,-5,0.458691910499139,0.508260869565218,,0.797556719022688,0.426086956521739,
CEBPB,TF,yes,40,0.84613196814562,0.584666021456253,0.576092967661356,181,204,-23,59,63,-4,0.546471600688468,0.326086956521739,0.47329650092081,0.317684457053717,0.667826086956522,0.855153203342618
hsa-miR-31,miRNA,no,0,0.563708759954494,0.606738963783398,0.575951136707175,153,205,-52,63,85,-22,0.657487091222031,0.176521739130435,,,0.906086956521739,
DNAJB4,Gene,no,0,0.357508532423208,0.583997622256718,0.574733848487825,183,206,-23,49,58,-9,0.20223752151463,0.895652173913044,1,0.39773992265751,0.587826086956522,0.582172701949861
PAX5,TF,yes,26,0.449658703071672,0.56836942108443,0.574585900850398,216,207,9,63,64,-1,0.20223752151463,0.198260869565217,1,0.840162693089871,0.707826086956522,0.623955431754875
hsa-miR-18a,miRNA,no,0,0.651877133105802,0.61625754532557,0.573822960570166,141,208,-67,60,86,-26,0.685025817555938,0.482608695652174,,0.760907504363002,0.288695652173913,
hsa-miR-485,miRNA,yes,60,0.542093287827076,0.534938119349565,0.572992726858098,284,209,75,120,87,33,0.20223752151463,0.592173913043478,,0.931937172774869,0.596521739130435,
KLF2,TF,yes,4,0.47098976109215,0.556491398252286,0.572459218827615,239,210,29,67,65,2,0.20223752151463,0.815652173913044,1,0.125654925097871,0.740869565217391,0.651810584958217
hsa-miR-133b,miRNA,no,0,0.453924914675768,0.568289895971047,0.571702865254323,218,211,7,94,88,6,0.668674698795181,0.406086956521739,,0.825479930191972,0.504347826086957,
MME,Gene,no,0,0.274744027303754,0.585831310466078,0.571488713358976,179,212,-33,47,59,-12,0.20223752151463,0.98695652173913,1,0.840733861552872,0.269565217391304,0.426183844011142
hsa-miR-185,miRNA,no,0,0.366609783845279,0.584197311601739,0.571228028325288,182,213,-31,75,89,-14,0.864888123924269,0.539130434782609,,0.584642233856894,0.500869565217391,
SMAD6,Gene,yes,72,0.569112627986348,0.542324090239968,0.57113117621429,266,214,52,80,60,20,0.20223752151463,0.5,1,0.336838157875759,0.565217391304348,0.824512534818942
NFKB2,TF,yes,2,0.26905574516496,0.554858204959842,0.56924143265365,241,215,26,68,66,2,0.20223752151463,0.507826086956522,1,0.428247191834196,0.975652173913043,0.601671309192201
hsa-miR-152,miRNA,no,0,0.447952218430034,0.588592393195087,0.568512757245144,178,216,-38,74,90,-16,0.648881239242685,0.162608695652174,,0.647469458987784,0.935652173913043,
SEMA6A,Gene,yes,12,0.445676905574517,0.571545031461471,0.566750622230202,209,217,-8,58,61,-3,0.525817555938038,0.879130434782609,1,0.579741969913317,0.35304347826087,0.183844011142061
FHL1,Gene,yes,24,0.380261660978385,0.543891306646409,0.566360021094646,261,218,43,78,62,16,0.803786574870912,0.995652173913044,1,0.51898468885089,0.173913043478261,0.0919220055710306
hsa-miR-296,miRNA,no,0,0.230091012514221,0.578147562723278,0.565178279446827,196,219,-23,83,91,-8,0.803786574870912,0.455217391304348,,0.828970331588133,0.507826086956522,
S100B,Gene,no,0,0.170079635949943,0.562705166338161,0.565143001540501,226,220,6,65,63,2,0.20223752151463,0.975652173913043,1,0.603831606740275,0.979130434782609,0.0250696378830084
POU5F1,TF,yes,29,0.75938566552901,0.571897002415034,0.564908541501658,206,221,-15,61,67,-6,0.508605851979346,0.390434782608696,0.47329650092081,0.337458353165159,0.855652173913044,0.629526462395543
hsa-miR-373,miRNA,yes,118,0.794368600682594,0.565008053937734,0.563415334938872,223,222,1,96,92,4,0.817555938037866,0.0217391304347826,,0.731239092495637,0.452173913043478,
NTF3,Gene,yes,23,0.348122866894198,0.560682287710557,0.562916969979369,230,223,7,67,64,3,0.779690189328744,0.858260869565218,0.47329650092081,0.389194178818167,0.398260869565217,0.693593314763231
hsa-miR-449b,miRNA,yes,22,0.453356086461889,0.555474791771483,0.562642027266364,240,224,16,103,93,10,0.508605851979346,0.338260869565217,,0.733856893542757,0.779130434782609,
FGF7,Gene,yes,234,0.695961319681456,0.561199695431129,0.562337351858888,229,225,4,66,65,1,0.475043029259897,0.900869565217391,1,0.432597031716499,0.203478260869565,0.22841225626741
ETS2,TF,yes,2,0.440841865756542,0.547836689819217,0.562219917513025,256,226,30,71,68,3,0.957831325301205,0.844347826086957,1,0.498975956615176,0.0486956521739131,0.144846796657382
hsa-miR-377,miRNA,yes,40,0.448805460750853,0.526725341565047,0.561765159540019,296,227,69,123,94,29,0.618760757314974,0.720869565217391,,0.862129144851658,0.158260869565217,
SP1,TF,yes,926,0.989192263936291,0.562261172578478,0.561529822017776,227,228,-1,66,69,-3,0.910499139414802,0.427826086956522,0.138121546961326,0.304168663204043,0.297391304347826,0.863509749303621
UGCG,Gene,no,0,0.372582480091013,0.585418490594409,0.560552571530538,180,229,-49,48,66,-18,0.20223752151463,0.198260869565217,1,0.466465947515536,0.876521739130435,0.807799442896936
MYL9,Gene,no,0,0.228100113765643,0.556887263970315,0.559325099172655,238,230,8,70,67,3,0.20223752151463,0.851304347826087,1,0.617904027197662,0.274782608695652,0.740947075208914
ZBTB16,TF,yes,4,0.358646188850967,0.542970306549714,0.558938127125043,264,231,33,74,70,4,0.20223752151463,0.970434782608696,1,0.588500425482815,0.742608695652174,0.0501392757660167
hsa-miR-27b,miRNA,yes,187,0.873435722411832,0.560615647913856,0.558454100701115,231,232,-1,98,95,3,0.585197934595525,0.198260869565217,,0.420593368237347,0.714782608695652,
TLR4,Gene,yes,373,0.857224118316269,0.538394695049165,0.557734854321065,276,233,43,86,68,18,0.585197934595525,0.86695652173913,0.47329650092081,0.819746729551584,0.151304347826087,0.15041782729805
MYD88,Gene,yes,11,0.445392491467577,0.550555101501429,0.557706084761627,252,234,18,75,69,6,0.20223752151463,0.554782608695652,1,0.26516325250614,0.918260869565217,0.518105849582173
hsa-miR-424,miRNA,yes,42,0.81712172923777,0.570880227026378,0.557455881178824,212,235,-23,91,96,-5,0.618760757314974,0.0843478260869565,,0.776614310645724,0.490434782608696,
hsa-miR-22,miRNA,no,0,0.563139931740614,0.581891049972377,0.557260788311399,191,236,-45,81,97,-16,0.790877796901893,0.14,,0.532286212914485,0.76,
hsa-miR-495,miRNA,yes,29,0.674345847554039,0.540525237339272,0.557135021184551,271,237,34,114,98,16,0.20223752151463,0.71304347826087,,0.863874345549738,0.332173913043478,
hsa-miR-26b,miRNA,no,0,0.444823663253697,0.576886193837959,0.556806557888016,197,238,-41,84,99,-15,0.675559380378657,0.259130434782609,,0.799301919720768,0.605217391304348,
hsa-miR-126,miRNA,no,0,0.285836177474403,0.552966220398878,0.556379189682154,246,239,7,106,100,6,0.896729776247849,0.678695652173913,,0.682373472949389,0.238260869565217,
POSTN,Gene,yes,41,0.317974971558589,0.53077344071914,0.556045665650068,289,240,49,91,70,21,0.20223752151463,0.807826086956522,1,0.752761157030729,0.438260869565217,0.373259052924791
STAT4,TF,no,0,0.261376564277588,0.553603614000207,0.556041449202547,244,241,3,69,71,-2,0.20223752151463,0.592173913043478,1,0.559999783949579,0.961739130434783,0.314763231197772
MITF,TF,yes,63,0.829351535836178,0.552073879227004,0.555527479096986,250,242,8,70,72,-2,0.20223752151463,0.774782608695652,1,0.574000474479964,0.0347826086956522,0.473537604456825
hsa-miR-30d,miRNA,yes,100,0.83703071672355,0.553925048933805,0.555005822540175,243,243,0,105,101,4,0.448364888123924,0.0643478260869565,,0.769633507853403,0.655652173913043,
FLI1,TF,yes,21,0.392775881683732,0.533364639692479,0.55485822005978,285,244,41,75,73,2,0.20223752151463,0.801739130434783,1,0.387615912683341,0.612173913043478,0.487465181058496
MTA1,TF,yes,15,0.453071672354949,0.533034766054314,0.553228167647033,286,245,41,76,74,2,1,0.188695652173913,1,0.171583149230478,0.947826086956522,0.11142061281337
hsa-miR-25,miRNA,yes,32,0.767349260523322,0.554767981932265,0.552208254969808,242,246,-4,104,102,2,0.576592082616179,0.16,,0.916230366492147,0.340869565217391,
hsa-miR-30e,miRNA,yes,85,0.755688282138794,0.540072524445164,0.550823377687485,274,247,27,116,103,13,0.463855421686747,0.258260869565217,,0.43979057591623,0.836521739130435,
hsa-miR-10b,miRNA,no,0,0.262798634812287,0.570200406867088,0.550120770917145,213,248,-35,92,104,-12,0.700516351118761,0.914782608695652,,0.345549738219895,0.52695652173913,
FOSL1,Gene,yes,14,0.667235494880546,0.550172864956435,0.550010342609613,253,249,4,76,71,5,0.546471600688468,0.460869565217391,0.47329650092081,0.471350259934179,0.333913043478261,0.896935933147632
ASS1,Gene,no,0,0.186006825938567,0.559135334625867,0.549871560856974,234,250,-16,68,72,-4,0.20223752151463,0.617391304347826,1,0.665526555534841,0.32,0.857938718662953
ADAMTS5,Gene,yes,17,0.691410693970421,0.540090005645141,0.548988104133683,273,251,22,84,73,11,0.406196213425129,0.987826086956522,1,0.591118226529935,0.0660869565217391,0.100278551532033
EGR3,TF,no,0,0.246302616609784,0.546296607213712,0.548734442416052,258,252,6,72,75,-3,0.20223752151463,0.903478260869565,1,0.324394588435521,0.96695652173913,0.197771587743733
PTGER4,Gene,no,0,0.25028441410694,0.573976393492228,0.547891556827187,204,253,-49,56,74,-18,0.20223752151463,0.868695652173913,1,0.305424545310314,0.634782608695652,0.573816155988858
SIRT1,TF,yes,35,0.633674630261661,0.543355639174865,0.547865634299195,263,254,9,73,76,-3,0.896729776247849,0.544347826086957,0.47329650092081,0.408270243939326,0.419130434782609,0.459610027855153
FBN1,Gene,yes,179,0.71188850967008,0.539940322559066,0.546075541151622,275,255,20,85,75,10,0.607573149741825,0.397391304347826,0.47329650092081,0.826163990935616,0.516521739130435,0.289693593314763
hsa-miR-128,miRNA,no,0,0.527019340159272,0.575397259417935,0.545135598439551,200,256,-56,86,105,-19,0.657487091222031,0.376521739130435,,0.336823734729494,0.827826086956522,
hsa-miR-146a,miRNA,no,0,0.616040955631399,0.56925920731524,0.544628945654261,215,257,-42,93,106,-13,0.562822719449225,0.180869565217391,,0.980802792321117,0.382608695652174,
hsa-miR-99a,miRNA,no,0,0.271046643913538,0.541032860248615,0.544445829531892,268,258,10,113,107,6,0.746987951807229,0.915652173913043,,0.205933682373473,0.582608695652174,
hsa-miR-494,miRNA,yes,60,0.720705346985211,0.536705938754135,0.543702525784851,280,259,21,118,108,10,0.469879518072289,0.599130434782609,,0.779232111692845,0.149565217391304,
ADAMTS1,Gene,no,0,0.267633674630262,0.557866768025205,0.543524170918103,236,260,-24,69,76,-7,0.20223752151463,0.94695652173913,1,0.594982086511693,0.302608695652174,0.49025069637883
hsa-miR-302c,miRNA,yes,69,0.676336746302617,0.537138823042056,0.543509699037505,278,261,17,117,109,8,0.421686746987952,0.00608695652173913,,0.613438045375218,1,
IER3,Gene,no,0,0.186006825938567,0.568350673498114,0.543484754434243,217,262,-45,61,77,-16,0.20223752151463,0.685217391304348,1,0.252195924018865,0.690434782608696,0.788300835654596
IGFBP5,Gene,no,0,0.306882821387941,0.552360171658601,0.543096397889708,249,263,-14,73,78,-5,0.437177280550775,0.360869565217391,1,0.662941073019166,0.638260869565217,0.395543175487465
LDHA,Gene,yes,22,0.457622298065984,0.537107312447102,0.542226766372017,279,264,15,88,79,9,0.844234079173838,0.411304347826087,0.47329650092081,0.524014479176924,0.182608695652174,0.902506963788301
hsa-miR-363,miRNA,yes,41,0.734641638225256,0.540195585588465,0.541902070230103,272,265,7,115,110,5,0.41394148020654,0.169565217391304,,0.516579406631763,0.874782608695652,
DDR2,Gene,no,0,0.22070534698521,0.538159012786201,0.540596847988541,277,266,11,87,80,7,0.20223752151463,0.926956521739131,1,0.789908919908744,0.123478260869565,0.520891364902507
SPARC,Gene,yes,207,0.510238907849829,0.505473476905876,0.539725061498758,324,267,57,108,81,27,0.957831325301205,0.148695652173913,0.47329650092081,0.714162977635398,0.700869565217391,0.272980501392758
hsa-miR-372,miRNA,yes,118,0.733503981797497,0.53578309766764,0.538115293344545,282,268,14,119,111,8,0.603270223752151,0.0826086956521739,,0.718150087260035,0.55304347826087,
APEX1,TF,yes,6,0.366609783845279,0.520800170971354,0.537946278561148,301,269,32,81,77,4,0.20223752151463,0.323478260869565,1,0.421105093157202,0.76695652173913,0.685236768802228
FST,Gene,yes,10,0.43259385665529,0.543506443197551,0.537940052818874,262,270,-8,79,82,-3,0.20223752151463,0.573913043478261,1,0.613321354405847,0.408695652173913,0.534818941504178
PPARA,TF,yes,107,0.667519908987486,0.51777275419351,0.537194174638821,305,271,34,82,78,4,0.20223752151463,0.871304347826087,1,0.436960033461699,0.175652173913043,0.406685236768802
hsa-miR-483,miRNA,no,0,0.213310580204778,0.549245558075949,0.536276274799498,254,272,-18,108,112,-4,0.700516351118761,0.8,,0.671902268760908,0.295652173913044,
FMN2,Gene,no,0,0.197098976109215,0.552609136985405,0.535016092941849,247,273,-26,72,83,-11,0.20223752151463,0.780869565217391,1,0.981358083452324,0.349565217391304,0.233983286908078
SOX9,TF,yes,8,0.446245733788396,0.516521968539585,0.534480687863492,308,274,34,83,79,4,0.957831325301205,0.211304347826087,0.138121546961326,0.64743313402682,0.429565217391304,0.910863509749304
LIF,Gene,yes,513,0.803185437997725,0.497276998476186,0.534372724138465,340,275,65,115,84,31,0.508605851979346,0.614782608695652,0.138121546961326,0.196969696969697,0.824347826086957,0.654596100278552
PBX1,TF,no,0,0.242889647326507,0.531640571421005,0.534078406623345,288,276,12,78,80,-2,0.957831325301205,0.345217391304348,1,0.250151962387758,0.75304347826087,0.18941504178273
HRK,Gene,yes,206,0.599544937428897,0.499211772948758,0.533382096368228,336,277,59,113,85,28,0.20223752151463,0.138260869565217,1,0.356194020163559,0.56,0.877437325905292
ASCL1,Gene,yes,8,0.369453924914676,0.515362152232251,0.533320871556158,310,278,32,101,86,15,0.20223752151463,0.635652173913044,1,0.467014264491656,0.624347826086957,0.434540389972145
PEG3,Gene,yes,19,0.351251422070535,0.528365879496387,0.532672721687188,293,279,14,93,87,6,0.20223752151463,0.734782608695652,1,0.601411218798001,0.772173913043478,0.0668523676880223
ID1,Gene,yes,149,0.542377701934016,0.52412702461002,0.532659447818211,298,280,18,96,88,8,0.700516351118761,0.71304347826087,0.47329650092081,0.253157081298883,0.413913043478261,0.632311977715878
MT1E,Gene,no,0,0.131968145620023,0.529218181771455,0.531656016973795,291,281,10,92,89,3,0.20223752151463,0.616521739130435,1,0.523259044633346,0.292173913043478,0.955431754874652
FAS,Gene,no,0,0.34641638225256,0.56524196107788,0.531274790591938,222,282,-60,62,90,-28,0.494836488812392,0.596521739130435,0.47329650092081,0.477325597303738,0.575652173913043,0.754874651810585
hsa-let-7c,miRNA,no,0,0.522184300341297,0.55915020296537,0.528888541986985,233,283,-50,100,113,-13,0.585197934595525,0.888695652173913,,0.404886561954625,0.243478260869565,
hsa-let-7e,miRNA,no,0,0.543230944254835,0.567568772083298,0.528205859682843,219,284,-65,95,114,-19,0.429432013769363,0.091304347826087,,0.655322862129145,0.921739130434783,
HBEGF,Gene,yes,870,0.693401592718999,0.526076037348865,0.527823152577209,297,285,12,95,91,4,0.569707401032702,0.733913043478261,0.47329650092081,0.301934143914153,0.184347826086957,0.738161559888579
hsa-miR-218,miRNA,no,0,0.408418657565415,0.547501709077019,0.527422073127076,257,286,-29,110,115,-5,0.618760757314974,0.733913043478261,,0.855148342059337,0.0208695652173913,
OPTN,Gene,yes,49,0.370307167235495,0.512317738036242,0.527066641010401,316,287,29,103,92,11,0.20223752151463,0.623478260869565,1,0.551605097341695,0.68,0.261838440111421
CHAC1,Gene,yes,7,0.314846416382253,0.509080586634095,0.52659236950424,320,288,32,105,93,12,0.20223752151463,0.550434782608696,1,0.231412170250819,0.972173913043478,0.415041782729805
GLI1,TF,yes,24,0.373435722411832,0.503722159850636,0.526190874298873,327,289,38,88,81,7,0.20223752151463,0.650434782608696,0.243093922651934,0.343299727402536,0.987826086956522,0.883008356545961
BMP7,Gene,yes,10,0.426336746302617,0.507302479481487,0.525789396432568,321,290,31,106,94,12,0.641135972461274,0.424347826086957,1,0.357066620512599,0.511304347826087,0.32033426183844
hsa-miR-144,miRNA,no,0,0.575654152445961,0.55744716289764,0.524682657778186,237,291,-54,102,116,-14,0.540447504302926,0.795652173913044,,0.602094240837696,0.109565217391304,
LPL,Gene,no,0,0.25028441410694,0.551302609472785,0.523795702273045,251,292,-41,74,95,-21,0.746987951807229,0.996521739130435,1,0.42057283157641,0.224347826086957,0.0278551532033426
SPRY1,Gene,no,0,0.34641638225256,0.545271959884734,0.523656487757316,259,293,-34,77,96,-19,0.494836488812392,0.928695652173913,1,0.448278597493257,0.386086956521739,0.0612813370473538
CACNA1H,Gene,no,0,0.253128555176337,0.540951421332719,0.523358377289163,269,294,-25,82,97,-15,0.20223752151463,0.563478260869565,0.47329650092081,0.738183837422295,0.965217391304348,0.467966573816156
STAT3,TF,yes,900,0.989761092150171,0.523358252643951,0.522870685603483,299,295,4,80,82,-2,0.853700516351119,0.169565217391304,0.0294659300184162,0.585038158125048,0.492173913043478,0.540389972144847
MEF2C,TF,no,0,0.369738339021616,0.531989397674682,0.522725623905789,287,296,-9,77,83,-6,0.20223752151463,0.820869565217391,1,0.421418633363563,0.563478260869565,0.28133704735376
FOXO3,TF,yes,4,0.592434584755404,0.528629840872481,0.522413361106514,292,297,-5,79,84,-5,0.20223752151463,0.522608695652174,0.47329650092081,0.361731024466583,0.610434782608696,0.894150417827298
ME1,Gene,yes,22,0.310011376564278,0.49957445957221,0.521474345806568,335,298,37,112,98,14,0.20223752151463,0.724347826086957,0.47329650092081,0.532288646449452,0.608695652173913,0.799442896935933
GBP1,Gene,no,0,0.180318543799772,0.516945689140237,0.519383524342577,306,299,7,99,99,0,0.20223752151463,0.0617391304347826,1,0.683292102722004,0.914782608695652,0.593314763231198
hsa-miR-23b,miRNA,yes,101,0.863765642775882,0.527710501238545,0.519121195208966,294,300,-6,122,117,5,0.57487091222031,0.160869565217391,,0.378708551483421,0.617391304347826,
TERT,Gene,no,0,0.584755403868032,0.553309174668079,0.519057590075197,245,301,-56,71,100,-29,0.20223752151463,0.672173913043478,0.47329650092081,0.887549940143943,0.314782608695652,0.498607242339833
hsa-let-7f,miRNA,yes,220,0.629977246871445,0.487073553743257,0.518871050899116,344,302,42,136,118,18,0.634251290877797,0.112173913043478,,0.661431064572426,0.556521739130435,
CD44,Gene,yes,604,0.600398179749716,0.497677158031741,0.518561279598457,337,303,34,114,101,13,1,0.0139130434782609,0.138121546961326,0.467938236170295,0.916521739130435,0.493036211699164
FOXD1,Gene,no,0,0.209328782707622,0.516016725614909,0.51845456081725,309,304,5,100,102,-2,0.585197934595525,0.525217391304348,1,0.413785643200208,0.895652173913044,0
PTPRZ1,Gene,no,0,0.173777019340159,0.527377166604057,0.518113392835163,295,305,-10,94,103,-9,0.20223752151463,0.918260869565217,0.47329650092081,0.563855482686022,0.902608695652174,0.392757660167131
hsa-miR-1271,miRNA,no,0,0.397610921501706,0.542655341416837,0.518025079755859,265,306,-41,112,119,-7,0.20223752151463,0.555652173913043,,0.954624781849913,0.48,
hsa-miR-335,miRNA,no,0,0.46188850967008,0.514372481038848,0.517785450322125,312,307,5,127,120,7,0.585197934595525,0.857391304347826,,0.279232111692845,0.405217391304348,
CYLD,Gene,yes,67,0.705915813424346,0.513119043514884,0.517182102185451,314,308,6,102,104,-2,0.555938037865749,0.313913043478261,0.47329650092081,0.520965467604634,0.231304347826087,0.818941504178273
hsa-let-7g,miRNA,no,0,0.522468714448237,0.529238088955057,0.516268805678607,290,309,-19,121,121,0,0.634251290877797,0.358260869565217,,0.579406631762653,0.486956521739131,
hsa-miR-302b,miRNA,yes,67,0.658987485779295,0.510022531970613,0.515710814109407,319,310,9,128,122,6,0.618760757314974,0.0226086956521739,,0.481675392670157,0.796521739130435,
hsa-miR-92a,miRNA,no,0,0.712741751990899,0.5601386399991,0.515542508030955,232,311,-79,99,123,-24,0.598967297762479,0.091304347826087,,0.726003490401396,0.448695652173913,
COL7A1,Gene,no,0,0.209328782707622,0.540590972822372,0.514506136157331,270,312,-42,83,105,-22,0.746987951807229,0.293913043478261,0.47329650092081,0.625692585535341,0.441739130434783,0.81058495821727
hsa-miR-301a,miRNA,no,0,0.555745164960182,0.549044835821396,0.514232549131976,255,313,-58,109,124,-15,0.20223752151463,0.726086956521739,,0.539267015706806,0.547826086956522,
TP73,TF,yes,4,0.579067121729238,0.514882354157446,0.514069742423332,311,314,-3,84,85,-1,0.779690189328744,0.185217391304348,0.0294659300184162,0.610582262414723,0.885217391304348,0.52924791086351
SMAD4,TF,yes,143,0.855233219567691,0.513436418104566,0.513842723971623,313,315,-2,85,86,-1,0.746987951807229,0.637391304347826,0.47329650092081,0.522667576927453,0.0939130434782609,0.267409470752089
CXCR5,Gene,yes,21,0.391922639362912,0.49200444227049,0.513498022637791,342,316,26,117,106,11,0.20223752151463,0.605217391304348,1,0.395302381261448,0.852173913043478,0.147632311977716
RELA,TF,yes,1057,0.994311717861206,0.512604965273184,0.512279920579538,315,317,-2,86,87,-1,0.476764199655766,0.0782608695652174,0.47329650092081,0.0844452065563706,0.551304347826087,0.927576601671309
HIC1,Gene,no,0,0.534698521046644,0.536425697780695,0.511559778716824,281,318,-37,89,107,-18,0.20223752151463,0.603478260869565,1,0.306566882236317,0.577391304347826,0.356545961002786
OXTR,Gene,no,0,0.267633674630262,0.541427648415776,0.511117230733345,267,319,-52,81,108,-27,0.20223752151463,0.985217391304348,1,0.346595416324117,0.645217391304348,0.13091922005571
TBX21,Gene,no,0,0.285551763367463,0.535018537217486,0.510152618153615,283,320,-37,90,109,-19,0.896729776247849,0.235652173913044,0.243093922651934,0.528604333864616,0.838260869565217,0.543175487465181
hsa-miR-433,miRNA,no,0,0.333048919226394,0.505947933636198,0.509360902919475,322,321,1,129,125,4,0.700516351118761,0.595652173913044,,0.806282722513089,0.111304347826087,
hsa-miR-34c,miRNA,no,0,0.423777019340159,0.544028505035813,0.509216218346393,260,322,-62,111,126,-15,0.877796901893287,0.12,,0.795811518324607,0.328695652173913,
hsa-miR-20a,miRNA,no,0,0.697667804323094,0.558619574111861,0.509074636682965,235,323,-88,101,127,-26,0.848537005163511,0.187826086956522,,0.760907504363002,0.0504347826086957,
BAALC,Gene,no,0,0.108930602957907,0.504899928819755,0.507337764022096,325,324,1,109,110,-1,0.20223752151463,0.834782608695652,1,0.431699190861495,0.497391304347826,0.476323119777159
hsa-miR-346,miRNA,no,0,0.216723549488055,0.503114455408995,0.506527424692271,329,325,4,131,128,3,0.700516351118761,0.243478260869565,,0.926701570680628,0.445217391304348,
ADM,Gene,no,0,0.242036405005688,0.522155845071971,0.504562801028415,300,326,-26,97,111,-14,0.20223752151463,0.845217391304348,1,0.163349343025688,0.942608695652174,0.136490250696379
ATF4,TF,yes,18,0.517064846416382,0.500312052285135,0.504334480368996,333,327,6,90,88,2,0.20223752151463,0.222608695652174,1,0.293853576219116,0.325217391304348,0.969359331476323
DKK3,Gene,yes,68,0.501990898748578,0.502873528349518,0.503970554190571,331,328,3,110,112,-2,0.433734939759036,0.788695652173913,0.47329650092081,0.5152860124743,0.307826086956522,0.506963788300836
hsa-miR-301b,miRNA,yes,66,0.650739476678043,0.48660014138431,0.502015385980442,346,329,17,137,129,8,0.20223752151463,0.534782608695652,,0.416230366492147,0.706086956521739,
RXRA,TF,no,0,0.452787258248009,0.51055526776821,0.501291493999317,318,330,-12,87,89,-2,0.20223752151463,0.336521739130435,1,0.40854395726855,0.365217391304348,0.743732590529248
hsa-miR-410,miRNA,yes,46,0.67349260523322,0.464534937847916,0.501281240464525,375,331,44,148,130,18,0.20223752151463,0.527826086956522,,0.819371727748691,0.283478260869565,
PLAGL1,Gene,no,0,0.258532423208191,0.518178211353189,0.500585167309633,304,332,-28,98,113,-15,0.20223752151463,0.921739130434783,1,0.28073933047755,0.361739130434783,0.479108635097493
hsa-miR-519d,miRNA,yes,66,0.694539249146758,0.497523288866073,0.500253664292694,338,333,5,134,131,3,0.553356282271945,0.147826086956522,,0.844677137870855,0.260869565217391,
hsa-miR-32,miRNA,no,0,0.529579067121729,0.518987125684913,0.494356864023935,303,334,-31,125,132,-7,0.418244406196213,0.699130434782609,,0.638743455497382,0.186086956521739,
REST,TF,yes,7,0.671501706484642,0.503642028856631,0.493850057460564,328,335,-7,89,90,-1,0.864888123924269,0.233913043478261,0.138121546961326,0.295213640331485,0.495652173913044,0.757660167130919
ARNT,TF,yes,34,0.534129692832765,0.488852065954895,0.493199538732402,343,336,7,91,91,0,0.20223752151463,0.41304347826087,1,0.581329302449757,0.133913043478261,0.587743732590529
TGFB2,Gene,yes,35,0.581911262798635,0.480051184950746,0.492890450349738,352,337,15,120,114,6,0.858864027538726,0.401739130434783,0.138121546961326,0.463735491605818,0.721739130434783,0.284122562674095
hsa-miR-140,miRNA,no,0,0.556882821387941,0.516609269794182,0.491979008133203,307,338,-31,126,133,-7,0.717728055077453,0.710434782608696,,0.0191972076788831,0.455652173913044,
hsa-miR-217,miRNA,yes,3,0.408703071672355,0.470627633058285,0.491844925435987,365,339,26,144,134,10,0.585197934595525,0.432173913043478,,0.530541012216405,0.502608695652174,
CITED2,Gene,no,0,0.54778156996587,0.505570232005187,0.491227634898085,323,340,-17,107,115,-8,0.20223752151463,0.651304347826087,0.47329650092081,0.254626283519051,0.518260869565217,0.79108635097493
hsa-miR-376c,miRNA,yes,25,0.592718998862344,0.482133411166338,0.490438303088977,351,341,10,139,135,4,0.20223752151463,0.600869565217391,,0.705061082024433,0.351304347826087,
RGS4,Gene,no,0,0.285836177474403,0.511664902221645,0.490049430094228,317,342,-25,104,116,-12,0.20223752151463,0.705217391304348,1,0.623054678147491,0.530434782608696,0.0835654596100279
hsa-miR-215,miRNA,no,0,0.374004550625711,0.502966540168779,0.489997256892329,330,343,-13,132,136,-4,0.803786574870912,0.46695652173913,,0.506108202443281,0.299130434782609,
HSF1,TF,yes,26,0.534982935153584,0.466533903437375,0.489530815512786,371,344,27,99,92,7,0.20223752151463,0.537391304347826,0.47329650092081,0.584584363208299,0.130434782608696,0.963788300835655
KLF8,TF,yes,39,0.376279863481229,0.464141630633282,0.489048180283859,377,345,32,103,93,10,0.20223752151463,0.805217391304348,1,0.194762955591133,0.20695652173913,0.637883008356546
GATA4,TF,no,0,0.287258248009101,0.484249944038212,0.486687779240552,348,346,2,93,94,-1,0.20223752151463,0.544347826086957,1,0.5898922590974,0.666086956521739,0.116991643454039
hsa-miR-376a,miRNA,yes,21,0.482081911262799,0.456522020410489,0.48661303292471,391,347,44,154,137,17,0.20223752151463,0.39304347826087,,0.764397905759162,0.591304347826087,
MEF2A,TF,yes,25,0.671217292377702,0.475289585801168,0.486300474798405,360,348,12,97,95,2,0.585197934595525,0.616521739130435,0.47329650092081,0.41679924980646,0.281739130434783,0.35933147632312
RARA,TF,yes,22,0.54778156996587,0.464197702946841,0.486097589181198,376,349,27,102,96,6,0.20223752151463,0.601739130434783,0.47329650092081,0.536238065959363,0.375652173913043,0.665738161559889
hsa-miR-369,miRNA,yes,12,0.554323094425484,0.458658794008573,0.485621251346457,386,350,36,152,138,14,0.20223752151463,0.492173913043478,,0.819371727748691,0.36,
EP300,TF,yes,68,0.707337883959044,0.473951385434495,0.485571733232317,362,351,11,98,97,1,0.803786574870912,0.316521739130435,0.138121546961326,0.430521538001221,0.0695652173913044,0.933147632311978
ERG,TF,yes,13,0.338452787258248,0.465954291732795,0.485538234524929,373,352,21,101,98,3,0.20223752151463,0.905217391304348,1,0.471377563009414,0.0608695652173913,0.420612813370474
HDAC3,TF,yes,44,0.546643913538112,0.476266864081445,0.485490007263632,358,353,5,95,99,-4,0.20223752151463,0.0982608695652174,0.47329650092081,0.366701430603981,0.725217391304348,0.986072423398329
hsa-let-7a,miRNA,yes,538,0.877701934015927,0.479570960130747,0.485373007912317,354,354,0,140,139,1,0.76592082616179,0.263913043478261,,0.307155322862129,0.212173913043478,
TP53,TF,yes,1405,0.998862343572241,0.484628688521198,0.485116255561666,347,355,-8,92,100,-8,0.932874354561102,0.0208695652173913,0.47329650092081,0.488850106651154,0.464347826086957,0.0167130919220056
hsa-miR-181d,miRNA,yes,273,0.737485779294653,0.466910254147738,0.482837444136362,370,356,14,147,140,7,0.20223752151463,0.342608695652174,,0.408376963350785,0.723478260869565,
TLX1,TF,no,0,0.359499431171786,0.479746110881775,0.482183946084115,353,357,-4,94,101,-7,0.20223752151463,0.682608695652174,1,0.482721070774379,0.436521739130435,0.211699164345404
VGF,Gene,no,0,0.105233219567691,0.47875979487781,0.481603935947207,356,358,-2,122,117,5,,0.84,0.243093922651934,0.477394329827915,0.984347826086957,0.239554317548747
PMEPA1,Gene,no,0,0.34641638225256,0.500584925070406,0.48083845993145,332,359,-27,111,118,-7,0.48881239242685,0.133913043478261,0.47329650092081,0.484927812152943,0.87304347826087,0.565459610027855
TGFBI,Gene,yes,10,0.286120591581342,0.45880202806125,0.477288945012331,385,360,25,131,119,12,0.896729776247849,0.0765217391304348,0.47329650092081,0.563771228957119,0.986086956521739,0.0584958217270195
ACTA2,Gene,yes,28,0.47127417519909,0.453084021325267,0.476446608681028,399,361,38,138,120,18,0.20223752151463,0.865217391304348,0.47329650092081,0.650430210401653,0.363478260869565,0.309192200557103
MAP1LC3A,Gene,yes,11,0.255972696245734,0.457485899459319,0.47633849169075,389,362,27,134,121,13,0.20223752151463,0.0165217391304348,1,0.0792814234208985,0.939130434782609,0.841225626740947
hsa-miR-214,miRNA,no,0,0.606655290102389,0.503725748336036,0.476080697141496,326,363,-37,130,141,-11,0.451807228915663,0.136521739130435,,0.808027923211169,0.377391304347826,
hsa-miR-219a,miRNA,no,0,0.341865756541524,0.499850823031633,0.475220561370654,334,364,-30,133,142,-9,0.494836488812392,0.191304347826087,,0.577661431064573,0.770434782608696,
hsa-miR-4295,miRNA,no,0,0.399601820250284,0.469503074947475,0.475191357086269,367,365,2,145,143,2,0.20223752151463,,,0.823734729493892,,
hsa-miR-496,miRNA,yes,3,0.482366325369738,0.453720018466658,0.47493731084436,396,366,30,156,144,12,0.20223752151463,0.257391304347826,,0.898778359511344,0.533913043478261,
hsa-miR-486,miRNA,no,0,0.215585893060296,0.471367992489784,0.47478096177306,364,367,-3,143,145,-2,0.700516351118761,0.896521739130435,,0.368237347294939,0.19304347826087,
TLR3,Gene,yes,33,0.344709897610922,0.450299609455636,0.474474808545511,413,368,45,145,122,23,0.20223752151463,0.772173913043478,0.47329650092081,0.567123096923721,0.92,0.0417827298050139
CD151,Gene,yes,1,0.23094425483504,0.459864336211918,0.473516213345024,383,369,14,129,123,6,1,0.199130434782609,0.47329650092081,0.320390904063582,0.358260869565217,0.732590529247911
VHL,TF,yes,18,0.510238907849829,0.452394730112421,0.473197590505725,404,370,34,106,102,4,0.20223752151463,0.0608695652173913,0.47329650092081,0.159682747762498,0.933913043478261,0.972144846796657
RBPJ,TF,yes,6,0.41353811149033,0.45587784871305,0.473023956302843,392,371,21,104,103,1,0.20223752151463,0.609565217391304,1,0.172468481122209,0.278260869565217,0.635097493036212
EPHB2,Gene,no,0,0.300625711035267,0.470203641609036,0.472641476811376,366,372,-6,124,124,0,0.546471600688468,0.652173913043478,0.47329650092081,0.479655202520857,0.6,0.256267409470752
EPHA2,Gene,yes,29,0.487201365187713,0.47468545069874,0.472410137843222,361,373,-12,123,125,-2,0.641135972461274,0.800869565217391,0.47329650092081,0.587627825133775,0.107826086956522,0.20891364902507
hsa-miR-19b,miRNA,no,0,0.697667804323094,0.519898707012086,0.471775840117888,302,374,-72,124,146,-22,0.700516351118761,0.184347826086957,,0.699825479930192,0.0765217391304348,
ETV1,Gene,no,0,0.568828213879408,0.494921481886463,0.471518263943996,341,375,-34,116,126,-10,0.458691910499139,0.748695652173913,0.47329650092081,0.667387823979923,0.311304347826087,0.0724233983286908
NCOR1,TF,yes,4,0.492889647326507,0.46646110637847,0.470727317982566,372,376,-4,100,104,-4,0.20223752151463,0.453913043478261,0.138121546961326,0.754999831136415,0.528695652173913,0.724233983286908
hsa-miR-367,miRNA,yes,2,0.661831626848692,0.482992642459343,0.469814788837803,349,377,-28,138,147,-9,0.20223752151463,,,0.545375218150087,,
FOXA2,TF,yes,22,0.459613196814562,0.447232809891117,0.469132696125474,422,378,44,110,105,5,0.20223752151463,0.0634782608695652,1,0.821484718676532,0.00173913043478261,0.735376044568245
GLS,Gene,yes,4,0.280716723549488,0.452578877904321,0.46854669847965,402,379,23,141,127,14,0.20223752151463,0.408695652173913,0.47329650092081,0.333124405453279,0.732173913043478,0.84958217270195
hsa-miR-134,miRNA,yes,3,0.54835039817975,0.447079819598203,0.468297111975905,423,380,43,161,148,13,0.20223752151463,0.624347826086957,,0.883071553228621,0.0834782608695652,
hsa-miR-7,miRNA,no,0,0.591012514220705,0.4974655216652,0.467203860686816,339,381,-42,135,149,-14,0.731497418244406,0.514782608695652,,0.383944153577661,0.114782608695652,
NKX2-5,TF,no,0,0.457622298065984,0.476105381591593,0.4668416078227,359,382,-23,96,106,-10,0.20223752151463,0.24,1,0.449562257510853,0.0521739130434783,0.866295264623956
hsa-miR-329,miRNA,yes,8,0.455346985210467,0.441291152292915,0.466433359346385,432,383,49,165,150,15,0.20223752151463,0.63304347826087,,0.942408376963351,0.0991304347826087,
hsa-miR-299,miRNA,yes,2,0.457906712172924,0.445564685504688,0.465701204276019,425,384,41,162,151,11,0.20223752151463,0.663478260869565,,0.904013961605585,0.100869565217391,
hsa-miR-196b,miRNA,no,0,0.40358361774744,0.46166095478302,0.465073924066296,379,385,-6,149,152,-3,0.93631669535284,0.0565217391304348,,0.572425828970332,0.356521739130435,
hsa-miR-590,miRNA,no,0,0.459613196814562,0.477920306736057,0.464951023459606,357,386,-29,141,153,-12,0.877796901893287,0.656521739130435,,0.111692844677138,0.219130434782609,
GADD45G,Gene,no,0,0.430034129692833,0.482535728782859,0.464942684739303,350,387,-37,119,128,-9,0.20223752151463,0.661739130434783,1,0.0874331126591955,0.43304347826087,0.440111420612813
AXL,Gene,yes,5,0.412116040955631,0.459577805035238,0.464575367200036,384,388,-4,130,129,1,0.494836488812392,0.613913043478261,0.47329650092081,0.511948092817873,0.241739130434783,0.504178272980501
LAPTM4B,Gene,no,0,0.158134243458476,0.461949712175861,0.464387547378202,378,389,-11,127,130,-3,0.20223752151463,0.519130434782609,1,0.374107567824845,0.44,0.557103064066852
FDFT1,Gene,yes,3,0.243174061433447,0.447620027885255,0.46277523672647,418,390,28,149,131,18,0.20223752151463,0.320869565217391,1,0.412082168723627,0.208695652173913,0.852367688022284
CREB1,TF,yes,85,0.82650739476678,0.452481653740803,0.462314255723576,403,391,12,105,107,-2,0.536144578313253,0.452173913043478,0.138121546961326,0.175319693785327,0.339130434782609,0.768802228412256
CCL2,Gene,yes,149,0.657849829351536,0.452732764573981,0.461265187782172,401,392,9,140,132,8,0.896729776247849,0.596521739130435,0.47329650092081,0.27837393449007,0.161739130434783,0.164345403899721
TMEM158,Gene,no,0,0.173777019340159,0.458191876369637,0.460629711571978,387,393,-6,132,133,-1,0.20223752151463,0.452173913043478,1,0.36492002365396,0.702608695652174,0.328690807799443
hsa-miR-135a,miRNA,no,0,0.293799772468714,0.456780693638533,0.46019366292181,390,394,-4,153,154,-1,0.746987951807229,0.0956521739130435,,0.301919720767888,0.862608695652174,
F2R,Gene,yes,23,0.386518771331058,0.459893407382934,0.459974668556345,382,395,-13,128,134,-6,0.20223752151463,0.463478260869565,1,0.430826590512454,0.00695652173913044,0.729805013927577
MAP3K1,Gene,no,0,0.420932878270762,0.486838504382738,0.458722138382413,345,396,-51,118,135,-17,0.514629948364888,0.118260869565217,0.138121546961326,0.636612450475338,0.822608695652174,0.559888579387187
SMAD7,Gene,yes,322,0.917235494880546,0.457944130363559,0.457984760950265,388,397,-9,133,136,-3,0.91566265060241,0.153913043478261,0.138121546961326,0.237109313025543,0.15304347826087,0.690807799442897
hsa-miR-708,miRNA,no,0,0.150739476678043,0.453805998152511,0.457218967435788,395,398,-3,155,155,0,0.20223752151463,0.514782608695652,,0.771378708551483,0.64695652173913,
MAX,TF,yes,12,0.621444823663254,0.448550418867038,0.456107707994293,416,399,17,109,108,1,0.20223752151463,0.130434782608696,0.138121546961326,0.253602358843249,0.888695652173913,0.958217270194986
hsa-miR-342,miRNA,no,0,0.321103526734926,0.468130265878271,0.455160982601821,369,400,-31,146,156,-10,0.525817555938038,0.705217391304348,,0.0541012216404887,0.669565217391304,
MAP2,Gene,no,0,0.267633674630262,0.452129298545712,0.454567133748052,405,401,4,142,137,5,0.482788296041308,0.756521739130435,0.47329650092081,0.771975577517912,0.248695652173913,0.181058495821727
IGFBP4,Gene,no,0,0.209328782707622,0.452099039809921,0.454536875012261,406,402,4,143,138,5,0.20223752151463,0.313913043478261,0.47329650092081,0.597389446138719,0.859130434782609,0.526462395543176
PROX1,TF,no,0,0.238339021615472,0.45176992559354,0.45420776079588,408,403,5,107,109,-2,0.20223752151463,0.940869565217391,0.47329650092081,0.86825537622777,0.0191304347826087,0.437325905292479
MYBL1,Gene,no,0,0.398179749715586,0.479283470427477,0.453198633762435,355,404,-49,121,139,-18,0.438898450946644,0.720869565217391,1,0.479778748936293,0.0817391304347826,0.052924791086351
hsa-miR-1193,miRNA,yes,14,0.376848691695108,0.406413275536356,0.452772774967528,480,405,75,181,157,24,0.20223752151463,,,0.779232111692845,,
INSM1,Gene,no,0,0.22070534698521,0.450176458413917,0.452614293616258,414,406,8,146,140,6,0.20223752151463,0.69304347826087,1,0.472669770076649,0.420869565217391,0.158774373259053
ADA,Gene,yes,17,0.309726962457338,0.447461309413013,0.451280584563346,420,407,13,151,141,10,0.803786574870912,0.313913043478261,0.47329650092081,0.282801988779742,0.51304347826087,0.462395543175488
NFKB1,TF,yes,1399,0.994880546075085,0.45109316326323,0.45109316326323,410,408,2,108,110,-2,0.657487091222031,0.258260869565217,0.138121546961326,0.593712552867805,0.125217391304348,0.389972144846797
IL1R1,Gene,yes,10,0.33703071672355,0.432241933597706,0.450728850548787,444,409,35,159,142,17,0.20223752151463,0.750434782608696,0.47329650092081,0.37675060937793,0.636521739130435,0.37883008356546
PPP2R2B,Gene,no,0,0.251422070534699,0.464642889045342,0.45030029193824,374,410,-36,126,143,-17,0.20223752151463,0.879130434782609,0.243093922651934,0.338742013182756,0.989565217391304,0.247910863509749
HOXB4,Gene,no,0,0.267633674630262,0.447617584132572,0.450055419334912,419,411,8,150,144,6,0.508605851979346,0.417391304347826,0.47329650092081,0.653648322976861,0.59304347826087,0.236768802228412
hsa-miR-191,miRNA,no,0,0.335039817974972,0.445150838840364,0.448563808123641,426,412,14,163,158,5,0.657487091222031,0.631304347826087,,0.458987783595114,0.16,
hsa-miR-193b,miRNA,no,0,0.397895335608646,0.460868678505837,0.447899395229386,381,413,-32,151,159,-8,0.618760757314974,0.0895652173913044,,0.816753926701571,0.316521739130435,
HOXB7,TF,yes,31,0.544084186575654,0.423817251315843,0.447667405712072,459,414,45,117,111,6,0.927710843373494,0.0608695652173913,0.138121546961326,0.589144629672068,0.205217391304348,0.668523676880223
SNAP25,Gene,yes,19,0.645620022753129,0.455581063362321,0.44733305426107,393,415,-22,135,145,-10,0.407917383820998,0.334782608695652,0.243093922651934,0.595337085844252,0.681739130434783,0.222841225626741
hsa-miR-455,miRNA,no,0,0.43230944254835,0.471780947439657,0.447150685778678,363,416,-53,142,160,-18,0.20223752151463,0.306956521739131,,0.596858638743456,0.697391304347826,
SNAI1,TF,yes,107,0.800910125142207,0.445022551076811,0.446810296891861,427,417,10,111,112,-1,0.803786574870912,0.0391304347826087,0.0294659300184162,0.250198318261146,0.864347826086956,0.33983286908078
BMI1,TF,no,0,0.347554038680319,0.444301581694292,0.446739416896632,428,418,10,112,113,-1,0.803786574870912,0.310434782608696,1,0.257431526113106,0.104347826086957,0.303621169916435
hsa-miR-10a,miRNA,no,0,0.262229806598407,0.443175517587212,0.446588486870488,430,419,11,164,161,3,0.896729776247849,0.352173913043478,,0.520069808027923,0.201739130434783,
VEGFC,Gene,yes,4,0.344994311717861,0.442217725320273,0.446483936924369,431,420,11,155,146,9,0.700516351118761,0.66,0.47329650092081,0.2239595881248,0.544347826086957,0.178272980501393
CTGF,Gene,yes,109,0.575938566552901,0.447273782598337,0.446249891813355,421,421,0,152,147,5,0.20223752151463,0.457391304347826,,0.673942936216633,0.321739130434783,
ELF4,Gene,no,0,0.460466439135381,0.468591839977332,0.445188622034865,368,422,-54,125,148,-23,0.469879518072289,0.337391304347826,1,0.407909724637209,0.128695652173913,0.311977715877437
POU2F1,TF,yes,75,0.611774744027304,0.415880969848379,0.44497246992964,470,423,47,120,114,6,0.20223752151463,0.221739130434783,0.47329650092081,0.490458435845994,0.285217391304348,0.83008356545961
SUZ12,TF,no,0,0.283560864618885,0.439643841440617,0.442081676642957,436,424,12,113,115,-2,0.20223752151463,0.202608695652174,1,0.382228600458015,0.0852173913043478,0.938718662952646
CD2AP,Gene,yes,14,0.629692832764505,0.453586957361588,0.441966609563765,397,425,-28,137,149,-12,0.20223752151463,0.313913043478261,1,0.393067594876257,0.485217391304348,0.0696378830083566
PEG10,Gene,yes,19,0.616040955631399,0.448151756805777,0.441935277039809,417,426,-9,148,150,-2,0.410499139414802,0.470434782608696,0.138121546961326,0.664980731448198,0.718260869565217,0.0752089136490251
HNF1A,TF,no,0,0.264220705346985,0.439206957460492,0.441644792662832,437,427,10,114,116,-2,0.896729776247849,0.239130434782609,0.243093922651934,0.727243880980197,0.00521739130434783,0.715877437325905
hsa-miR-431,miRNA,no,0,0.193970420932878,0.436942816034513,0.440355785317789,441,428,13,169,162,7,0.20223752151463,0.352173913043478,,0.851657940663176,0.601739130434783,
hsa-miR-382,miRNA,yes,14,0.595563139931741,0.4123466027497,0.440162302408403,472,429,43,179,163,16,0.20223752151463,0.389565217391304,,0.865619546247818,0.147826086956522,
hsa-miR-448,miRNA,no,0,0.348691695108077,0.461221313386761,0.439605841259343,380,430,-50,150,164,-14,0.20223752151463,,,0.767888307155323,,
POU3F2,Gene,yes,2,0.618600682593857,0.423599590461049,0.437982818154857,460,431,29,168,151,17,0.20223752151463,0.29304347826087,0.243093922651934,0.5905124543868,0.99304347826087,0.125348189415042
FOXC2,Gene,no,0,0.131968145620023,0.43553150142813,0.437969336630471,443,432,11,158,152,6,0.20223752151463,0.34,0.47329650092081,0.502790878802302,0.568695652173913,0.846796657381616
COL18A1,Gene,yes,5,0.248862343572241,0.418851491943799,0.43555066307983,467,433,34,171,153,18,0.20223752151463,0.285217391304348,0.47329650092081,0.489903352455576,0.900869565217391,0.448467966573816
DCBLD2,Gene,no,0,0.41325369738339,0.454425583901333,0.434679118762377,394,434,-40,136,154,-18,0.20223752151463,0.690434782608696,1,0.366233182863712,0.217391304347826,0.153203342618384
hsa-miR-370,miRNA,no,0,0.390216154721274,0.450629370980626,0.434417766885063,412,435,-23,160,165,-5,0.20223752151463,0.661739130434783,,,0.483478260869565,
DACT1,Gene,no,0,0.300625711035267,0.443419628143431,0.434155854374538,429,436,-7,154,155,-1,0.20223752151463,0.123478260869565,1,0.509966394069202,0.735652173913044,0.167130919220056
NFYA,TF,no,0,0.277588168373151,0.430695970619647,0.433133805821987,447,437,10,116,117,-1,0.20223752151463,0.339130434782609,1,0.200893801780505,0.0956521739130435,0.916434540389972
UBB,Gene,yes,25,0.327929465301479,0.408922246345484,0.431634744313954,478,438,40,175,156,19,0.20223752151463,0.258260869565217,0.47329650092081,0.206820705868778,0.692173913043478,0.860724233983287
ASPN,Gene,no,0,0.258532423208191,0.440599458952308,0.4297917228886,435,439,-4,156,157,-1,0.20223752151463,0.644347826086957,1,0.442328218695733,0.031304347826087,
UCP2,Gene,no,0,0.197098976109215,0.449512806178784,0.429766341039827,415,440,-25,147,158,-11,0.657487091222031,0.37304347826087,0.47329650092081,0.593736027577056,0.415652173913044,0.298050139275766
TBX3,Gene,no,0,0.274744027303754,0.427107457755867,0.429545292958208,450,441,9,162,159,3,0.469879518072289,0.106086956521739,0.47329650092081,0.705239501685638,0.139130434782609,0.838440111420613
hsa-miR-378a,miRNA,no,0,0.1726393629124,0.426121023582098,0.429533992865374,454,442,12,175,166,9,0.20223752151463,0.874782608695652,,0.178010471204188,0.72,
hsa-miR-520d,miRNA,yes,66,0.593287827076223,0.426648983735756,0.429379359162377,452,443,9,174,167,7,0.444061962134251,0.0226086956521739,,0.994764397905759,0.0921739130434783,
hsa-miR-132,miRNA,yes,192,0.757110352673493,0.420111252675438,0.429212504097508,465,444,21,176,168,8,0.562822719449225,0.229565217391304,,0.012216404886562,0.584347826086957,
LOX,Gene,yes,315,0.568828213879408,0.425047702275999,0.42878571625292,456,445,11,165,160,5,0.73407917383821,0.229565217391304,0.138121546961326,0.54993456461893,0.683478260869565,0.0974930362116992
SQSTM1,Gene,yes,60,0.744027303754266,0.425052469508865,0.428181024685202,455,446,9,164,161,3,0.20223752151463,0.288695652173913,0.47329650092081,0.480973377186821,0.106086956521739,0.701949860724234
S100A2,Gene,no,0,0.358361774744027,0.424663150815243,0.427100986017584,457,447,10,166,162,4,0.20223752151463,0.348695652173913,0.47329650092081,0.405914047901109,0.716521739130435,0.484679665738162
FURIN,Gene,yes,64,0.593003412969283,0.424656431691297,0.426403546919641,458,448,10,167,163,4,0.418244406196213,0.142608695652174,0.138121546961326,0.467563976298794,0.662608695652174,0.562674094707521
CTSB,Gene,yes,43,0.373435722411832,0.426225299637989,0.426265930224695,453,449,4,163,164,-1,0.20223752151463,0.461739130434783,1,0.424327301193696,0.488695652173913,0.0334261838440111
hsa-miR-107,miRNA,no,0,0.49004550625711,0.450842249709173,0.426211988048195,411,450,-39,159,169,-10,0.546471600688468,0.607826086956522,,0.431064572425829,0.0556521739130435,
hsa-miR-146b,miRNA,no,0,0.521046643913538,0.45326566343177,0.425620612237231,398,451,-53,157,170,-13,0.508605851979346,0.0991304347826087,,0.804537521815009,0.194782608695652,
ELK1,TF,yes,1,0.553754266211604,0.437580781376582,0.42539160536488,440,452,-12,115,118,-3,0.20223752151463,0.576521739130435,0.47329650092081,0.476274191489168,0.0243478260869565,0.671309192200557
PITX2,TF,no,0,0.161547212741752,0.422671211887453,0.425109047089793,462,453,9,119,119,0,0.20223752151463,0.254782608695652,0.47329650092081,0.709211342362223,0.765217391304348,0.409470752089136
hsa-miR-539,miRNA,yes,69,0.554607508532423,0.401247447433053,0.424910701130437,484,454,30,184,171,13,0.20223752151463,0.413478260869565,,0.841186736474695,0.11304347826087,
AHR,TF,yes,81,0.529863481228669,0.394825080526311,0.42440414764804,492,455,37,128,120,8,0.20223752151463,0.650434782608696,0.47329650092081,0.40203077899413,0.453913043478261,0.259052924791086
BHLHE40,Gene,no,0,0.327929465301479,0.438159128269733,0.423816531162631,438,456,-18,157,165,-8,0.20223752151463,0.262608695652174,1,0.317212410624719,0.826086956521739,0.0306406685236769
hsa-miR-330,miRNA,no,0,0.475255972696246,0.451247418850045,0.423602367655505,409,457,-48,158,172,-14,0.426850258175559,0.289565217391304,,0.322862129144852,0.603478260869565,
hsa-miR-487a,miRNA,no,0,0.156996587030717,0.419601012301353,0.423013981584629,466,458,8,177,173,4,0.20223752151463,0.453913043478261,,0.802792321116928,0.499130434782609,
hsa-miR-362,miRNA,yes,1,0.370875995449374,0.402982285341442,0.42209491332779,483,459,24,183,174,9,0.525817555938038,0.228695652173913,,0.712041884816754,0.27304347826087,
SKIL,Gene,no,0,0.491183162684869,0.430893107999884,0.421629334230991,445,460,-15,160,166,-6,0.20223752151463,0.28,1,0.348235351796266,0.12,0.50974930362117
CYR61,Gene,no,0,0.242036405005688,0.446175339158192,0.421545077497214,424,461,-37,153,167,-14,0.20223752151463,0.850434782608696,,0.416494939226619,0.396521739130435,
USF1,TF,yes,15,0.648179749715586,0.42326563630762,0.421274737559042,461,462,-1,118,121,-3,0.20223752151463,0.65304347826087,0.0294659300184162,0.337910011319499,0.245217391304348,0.832869080779944
hsa-miR-149,miRNA,no,0,0.399317406143345,0.441102788219447,0.421023152269504,433,463,-30,166,175,-9,0.508605851979346,0.31304347826087,,0.692844677137871,0.191304347826087,
CDCA7,Gene,no,0,0.313424345847554,0.451958586655421,0.420794926652171,407,464,-57,144,168,-24,0.20223752151463,0.243478260869565,1,0.454797859605094,0.589565217391304,0.142061281337047
hsa-miR-122,miRNA,no,0,0.502559726962457,0.440694264390976,0.420614628441033,434,465,-31,167,176,-9,0.722030981067126,0.0591304347826087,,0.56369982547993,0.255652173913043,
THBD,Gene,yes,96,0.464163822525597,0.418195008587981,0.420185907336559,468,466,2,172,169,3,0.20223752151463,0.748695652173913,0.47329650092081,0.357100660324875,0.213913043478261,0.481894150417827
NR1H4,TF,yes,44,0.547212741751991,0.410733392189347,0.419956535371535,476,467,9,123,122,1,0.20223752151463,0.337391304347826,0.243093922651934,0.31479598459608,0.620869565217391,0.674094707520891
PTHLH,Gene,no,0,0.341296928327645,0.452939939376381,0.41990727238467,400,468,-68,139,170,-31,0.20223752151463,0.723478260869565,1,0.306917340948755,0.170434782608696,0.194986072423398
MYH9,Gene,no,0,0.472411831626849,0.428211487816387,0.418947714047494,448,469,-21,161,171,-10,0.418244406196213,0.208695652173913,0.0294659300184162,0.573955454083083,0.28,0.949860724233983
DKK1,Gene,yes,73,0.602104664391354,0.421495936891396,0.416823419420244,463,470,-7,169,172,-3,0.832185886402754,0.0460869565217391,0.0294659300184162,0.312147215332647,0.31304347826087,0.782729805013928
HRH1,Gene,no,0,0.131968145620023,0.41339407877252,0.415831913974861,471,471,0,173,173,0,0.20223752151463,0.541739130434783,0.47329650092081,0.499787258592589,0.841739130434783,0.220055710306407
HDAC9,TF,yes,15,0.416666666666667,0.394974583556398,0.415167985149117,490,472,18,127,123,4,0.20223752151463,0.466086956521739,0.47329650092081,0.80665051274285,0.521739130434783,0.0194986072423398
hsa-miR-454,miRNA,no,0,0.391922639362912,0.428050499760328,0.415081216483878,449,473,-24,172,177,-5,0.20223752151463,0.743478260869565,,0.108202443280977,0.629565217391304,
KDM2A,TF,no,0,0.18259385665529,0.412016108841559,0.4144539440439,473,474,-1,121,124,-3,0.20223752151463,0.0982608695652174,0.47329650092081,0.534736782625795,0.443478260869565,0.966573816155989
THBS1,Gene,yes,931,0.641353811149033,0.409606997266608,0.414116992390937,477,475,2,174,174,0,0.636833046471601,0.0304347826086957,0.0294659300184162,0.472379674902283,0.751304347826087,0.337047353760446
hsa-miR-371a,miRNA,no,0,0.351820250284414,0.426805751443875,0.413836468167425,451,476,-25,173,178,-5,0.700516351118761,0.0395652173913044,,0.718150087260035,0.259130434782609,
hsa-miR-92b,miRNA,no,0,0.556598407281001,0.437717636700526,0.413087375039548,439,477,-38,168,179,-11,0.469879518072289,0.603478260869565,,0.200698080279232,0.234782608695652,
AR,TF,yes,449,0.937997724687144,0.411388573194235,0.413054427249168,475,478,-3,122,125,-3,0.20223752151463,0.416521739130435,0.138121546961326,0.825273198428839,0.276521739130435,0.0947075208913649
hsa-miR-192,miRNA,no,0,0.470420932878271,0.430760787472308,0.410681151522365,446,479,-33,171,180,-9,0.779690189328744,0.57304347826087,,0.197207678883072,0.0330434782608696,
hsa-miR-320b,miRNA,no,0,0.354095563139932,0.404455210740435,0.407868180023712,482,480,2,182,181,1,0.20223752151463,0.283478260869565,,0.364746945898778,0.834782608695652,
HEY1,TF,no,0,0.232081911262799,0.404810269512181,0.407248104714521,481,481,0,125,126,-1,0.20223752151463,0.577391304347826,0.47329650092081,0.0621277025370314,0.685217391304348,0.618384401114206
RBM38,Gene,no,0,0.242036405005688,0.421141518345224,0.406798921238122,464,482,-18,170,175,-5,0.525817555938038,0.249565217391304,0.47329650092081,0.292819605792264,0.342608695652174,0.721448467966574
NANOG,TF,yes,19,0.708759954493743,0.406685481637071,0.405588455796018,479,483,-4,124,127,-3,0.536144578313253,0.234782608695652,0.47329650092081,0.459002206741379,0.424347826086957,0.00278551532033426
hsa-miR-136,miRNA,no,0,0.316552901023891,0.417077925489595,0.404108642213145,469,484,-15,178,182,-4,0.20223752151463,0.36,,0.753926701570681,0.387826086956522,
hsa-miR-506,miRNA,no,0,0.588452787258248,0.436753693666654,0.4039891885472,442,485,-43,170,183,-13,0.20223752151463,0.146086956521739,,0.910994764397906,0.172173913043478,
CREBBP,TF,no,0,0.399317406143345,0.400989158652966,0.403426993855306,485,486,-1,126,128,-2,0.20223752151463,0.230434782608696,0.138121546961326,0.582011404494525,0.4,0.871866295264624
LTBP1,Gene,yes,73,0.475255972696246,0.385961950452108,0.403189319215313,498,487,11,180,176,4,0.20223752151463,0.130434782608696,0.138121546961326,0.696544273509387,0.937391304347826,0.242339832869081
hsa-miR-504,miRNA,no,0,0.154721274175199,0.398219764351962,0.402485975956058,488,488,0,186,184,2,0.957831325301205,0.23304347826087,,,0.264347826086957,
hsa-miR-324,miRNA,no,0,0.184015927189989,0.398687253806156,0.402100223089433,487,489,-2,185,185,0,0.20223752151463,0.377391304347826,,0.471204188481675,0.775652173913044,
IRF3,TF,yes,12,0.316268486916951,0.380816792631135,0.400075690729623,504,490,14,132,129,3,0.20223752151463,0.42,1,0.223796867731855,0.337391304347826,0.3008356545961
hsa-miR-194,miRNA,no,0,0.468430034129693,0.411575040516357,0.398605757239906,474,491,-17,180,186,-6,0.482788296041308,0.392173913043478,,0.270506108202443,0.379130434782609,
SOX3,Gene,no,0,0.158134243458476,0.396046313520527,0.398484148722867,489,492,-3,177,177,0,0.957831325301205,0.237391304347826,0.0294659300184162,0.534666032048231,0.300869565217391,0.571030640668524
hsa-miR-216a,miRNA,yes,3,0.600967007963595,0.393567199989298,0.398402239807273,493,493,0,188,187,1,0.516351118760757,0.00608695652173913,,0.724258289703316,0.144347826086957,
hsa-miR-421,miRNA,no,0,0.197098976109215,0.39488486366588,0.398297832949156,491,494,-3,187,188,-1,0.20223752151463,0.447826086956522,,0.493891797556719,0.650434782608696,
MKL1,TF,yes,2,0.350398179749716,0.39327443386105,0.397028700072654,494,495,-1,129,130,-1,0.20223752151463,0.294782608695652,,0.207290407794577,0.930434782608696,
EXT1,Gene,no,0,0.395051194539249,0.39292843037401,0.395366265576351,495,496,-1,178,178,0,0.20223752151463,0.150434782608696,0.138121546961326,0.362881463283388,0.63304347826087,0.885793871866295
LMO7,Gene,no,0,0.25028441410694,0.391385111980101,0.393822947182441,496,497,-1,179,179,0,0.20223752151463,0.470434782608696,1,0.657444459461136,0.165217391304348,0.011142061281337
hsa-miR-502,miRNA,yes,1,0.4806598407281,0.374189509307786,0.393302137294134,512,498,14,195,189,6,0.20223752151463,0.185217391304348,,0.788830715532286,0.309565217391304,
hsa-miR-668,miRNA,yes,4,0.353526734926052,0.369797674847802,0.392152623653263,519,499,20,198,190,8,0.20223752151463,0.0660869565217391,,0.93717277486911,0.401739130434783,
WNT5A,Gene,yes,5,0.341865756541524,0.374920535890477,0.391619707026508,511,500,11,185,180,5,0.864888123924269,0.138260869565217,0.0294659300184162,0.319329111209521,0.83304347826087,0.214484679665738
hsa-let-7d,miRNA,yes,248,0.706769055745165,0.373569242345686,0.391487331082887,513,501,12,196,191,5,0.20223752151463,0.178260869565217,,0.673647469458988,0.196521739130435,
PCSK2,Gene,no,0,0.22070534698521,0.400145259451996,0.390881485683103,486,502,-16,176,181,-5,0.20223752151463,0.375652173913044,0.0294659300184162,0.811633709777451,0.973913043478261,0.122562674094708
hsa-miR-302d,miRNA,yes,67,0.612627986348123,0.383083951965967,0.388772234104761,501,503,-2,191,192,-1,0.771944922547332,0.0139130434782609,,0.545375218150087,0,
HNF4A,TF,yes,33,0.885665529010239,0.364232415867786,0.38840761495766,523,504,19,135,131,4,0.410499139414802,0.124347826086957,0.138121546961326,0.62340443944442,0.422608695652174,0.114206128133705
ETV4,TF,yes,75,0.528156996587031,0.384926309316925,0.386714055131975,500,505,-5,130,132,-2,0.20223752151463,0.0652173913043478,0.47329650092081,0.0691085053293526,0.761739130434783,0.607242339832869
hsa-miR-613,miRNA,no,0,0.460750853242321,0.380980756324168,0.386669038462963,503,506,-3,192,193,-1,0.603270223752151,,,0.0959860383944154,,
MBD2,TF,no,0,0.182025028441411,0.381389626412415,0.383827461614756,502,507,-5,131,133,-2,1,0.232173913043478,0.138121546961326,0.150511466727731,0.688695652173913,0.295264623955432
AFP,Gene,no,0,0.173777019340159,0.380738868316683,0.383176703519023,505,508,-3,181,182,-1,0.20223752151463,0.841739130434783,0.47329650092081,0.557353641123275,0.0104347826086957,0.423398328690808
hsa-miR-188,miRNA,no,0,0.354948805460751,0.377301783022795,0.380714752306071,506,509,-3,193,194,-1,0.20223752151463,0.466086956521739,,0.586387434554974,0.293913043478261,
CTSV,Gene,yes,4,0.252844141069397,0.370886485464518,0.378352355771685,516,510,6,187,183,4,0.20223752151463,,,0.601503247967894,,0.456824512534819
DBI,Gene,no,0,0.108930602957907,0.375365390883607,0.377803226085948,509,511,-2,184,184,0,0.20223752151463,0.136521739130435,0.47329650092081,0.174642636874026,0.763478260869565,0.785515320334262
hsa-miR-33a,miRNA,no,0,0.343003412969283,0.390711748963135,0.377742465686685,497,512,-15,189,195,-6,0.832185886402754,0.561739130434783,,0.137870855148342,0.0139130434782609,
hsa-miR-376b,miRNA,yes,11,0.390784982935154,0.34905038918002,0.375444018304025,534,513,21,204,196,8,0.20223752151463,0.4,,0.706806282722513,0.177391304347826,
hsa-miR-138,miRNA,no,0,0.377133105802048,0.37186625000337,0.375279219286647,515,514,1,197,197,0,0.482788296041308,0.0539130434782609,,0.736474694589878,0.226086956521739,
CDH3,Gene,no,0,0.256541524459613,0.372823717526777,0.375261552729118,514,515,-1,186,185,1,0.20223752151463,0.28,0.47329650092081,0.713168789569798,0.347826086956522,0.353760445682451
hsa-miR-30b,miRNA,yes,100,0.790955631399317,0.374973215628231,0.37446127023574,510,516,-6,194,198,-4,0.53184165232358,0.275652173913044,,0.233856893542757,0.04,
ACTC1,Gene,no,0,0.280432309442548,0.370341483905111,0.372779319107451,517,517,0,188,186,2,0.20223752151463,0.461739130434783,0.243093922651934,0.378009028889562,0.598260869565217,0.445682451253482
hsa-miR-135b,miRNA,no,0,0.481797497155859,0.385552942068228,0.372583658791778,499,518,-19,190,199,-9,0.641135972461274,0.197391304347826,,0.495636998254799,0.0469565217391304,
SIX1,TF,no,0,0.222980659840728,0.368487369353823,0.370925204556163,520,519,1,134,134,0,0.20223752151463,0.384347826086957,0.47329650092081,0.502379819133746,0.0452173913043478,0.766016713091922
VCAM1,Gene,yes,416,0.495733788395905,0.333870129690148,0.370193874205018,543,520,23,197,187,10,0.20223752151463,0.276521739130435,0.47329650092081,0.729392929773701,0.163478260869565,0.250696378830084
YBX1,TF,yes,62,0.460182025028442,0.353648176160292,0.369331582628682,533,521,12,138,135,3,0.20223752151463,0.208695652173913,0.138121546961326,0.203571313466073,0.380869565217391,0.991643454038997
HIF1A,TF,yes,664,0.984641638225256,0.369989680019695,0.36909580711217,518,522,-4,133,136,-3,0.827882960413081,0.0121739130434783,0.0294659300184162,0.513456795465363,0.168695652173913,0.0473537604456825
MAPK7,Gene,no,0,0.380830489192264,0.377177101949558,0.367913328180665,508,523,-15,183,188,-5,0.957831325301205,0.154782608695652,0.47329650092081,0.267492145469123,0.0626086956521739,0.278551532033426
FHL2,Gene,no,0,0.351251422070535,0.377212181124855,0.362869584017752,507,524,-17,182,189,-7,0.20223752151463,0.328695652173913,0.138121546961326,0.504593831439954,0.460869565217391,0.554317548746518
CUX1,TF,no,0,0.186575654152446,0.359557362308876,0.361995197511216,526,525,1,136,137,-1,0.20223752151463,0.147826086956522,1,0.533289333834048,0.427826086956522,0.0362116991643454
hsa-miR-1251,miRNA,no,0,0.17320819112628,0.357729439805343,0.361142409088619,529,526,3,202,200,2,0.20223752151463,0.208695652173913,,0.701570680628272,0.52,
ETV5,TF,no,0,0.148464163822526,0.3583762254612,0.36081406066354,528,527,1,137,138,-1,0.20223752151463,0.788695652173913,0.47329650092081,0.600716830369377,0.0365217391304348,0.275766016713092
hsa-miR-409,miRNA,no,0,0.378270762229807,0.356929676918528,0.360342646201805,530,528,2,203,201,2,0.20223752151463,0.303478260869565,,0.846422338568936,0.071304347826087,
RNF144A,Gene,no,0,0.295506257110353,0.356744024393673,0.359181859596013,531,529,2,191,190,1,0.20223752151463,0.489565217391304,0.47329650092081,0.395922576550849,0.652173913043478,0.00557103064066852
hsa-miR-18b,miRNA,yes,182,0.674630261660978,0.347709923856066,0.358460777098387,535,530,5,205,202,3,0.458691910499139,0.00173913043478261,,0.457242582897033,0.2,
RB1,TF,yes,26,0.571672354948805,0.334546216185086,0.357543128260496,541,531,10,139,139,0,0.20223752151463,0.387826086956522,0.47329650092081,0.428108539695615,0.431304347826087,0.00835654596100279
DAPK1,Gene,no,0,0.300625711035267,0.365309671805669,0.356045898036776,522,532,-10,189,191,-2,0.448364888123924,0.0773913043478261,0.138121546961326,0.581309418688445,0.542608695652174,0.403899721448468
DDIT3,TF,yes,58,0.556882821387941,0.328338210991369,0.35527628997723,544,533,11,140,140,0,0.20223752151463,0.0156521739130435,0.47329650092081,0.275914788051866,0.135652173913044,0.827298050139276
IL15,Gene,no,0,0.231797497155859,0.356147821742845,0.346884047973952,532,534,-2,192,192,0,0.562822719449225,0.37304347826087,0.138121546961326,0.413399824037616,0.580869565217391,0.128133704735376
hsa-miR-338,miRNA,no,0,0.341865756541524,0.342251166129898,0.345664135413174,537,535,2,207,203,4,0.536144578313253,0.0191304347826087,,0.464223385689354,0.36695652173913,
S100A10,Gene,no,0,0.119169510807736,0.339462782403638,0.341900617605978,538,536,2,193,193,0,0.20223752151463,0.330434782608696,0.47329650092081,0.282243759600221,0.810434782608696,0.175487465181059
hsa-miR-320a,miRNA,no,0,0.440841865756542,0.368092994971363,0.340447943776824,521,537,-16,199,204,-5,0.761617900172117,0.297391304347826,,0.18673647469459,0.0156521739130435,
MSC,Gene,no,0,0.149032992036405,0.335221178399304,0.337659013601645,539,538,1,194,194,0,0.20223752151463,0.365217391304348,0.243093922651934,0.601236063634921,0.457391304347826,0.345403899721449
SLC1A3,Gene,no,0,0.173777019340159,0.334330214174273,0.336768049376613,542,539,3,196,195,1,0.20223752151463,0.73304347826087,0.138121546961326,0.568697445660797,0.271304347826087,0.270194986072423
hsa-miR-425,miRNA,no,0,0.339590443686007,0.359274328029886,0.334644066368908,527,540,-13,201,205,-4,0.20223752151463,0.578260869565217,,0.525305410122164,0.0278260869565217,
FBXO32,Gene,no,0,0.594425483503982,0.360490949989253,0.332984042789513,525,541,-16,190,196,-6,0.20223752151463,0.568695652173913,0.47329650092081,0.366279405189448,0.0869565217391304,0.0389972144846797
CTCF,TF,yes,1,0.432025028441411,0.31859386881967,0.332245745952776,549,542,7,142,141,1,0.20223752151463,0.0547826086956522,0.138121546961326,0.410904248768053,0.0904347826086957,0.997214484679666
hsa-miR-361,miRNA,no,0,0.389362912400455,0.361238635248177,0.330450808171954,524,543,-19,200,206,-6,0.641135972461274,0.188695652173913,,,0.102608695652174,
PERP,Gene,no,0,0.271615472127418,0.326006101792165,0.328443936994505,545,544,1,198,197,1,0.20223752151463,0.198260869565217,0.138121546961326,0.507348593022082,0.354782608695652,0.626740947075209
PAX6,TF,yes,137,0.486348122866894,0.293712400166914,0.32576993307769,557,545,12,147,142,5,0.20223752151463,0.411304347826087,0.0294659300184162,0.635887672536887,0.16695652173913,0.348189415041783
MECP2,TF,no,0,0.348691695108077,0.318436516113818,0.320874351316158,550,546,4,143,143,0,0.20223752151463,0.56695652173913,0.138121546961326,0.291307312196836,0.676521739130435,0.0222841225626741
WWC1,Gene,no,0,0.341296928327645,0.31715273232823,0.319590567530571,551,547,4,200,198,2,0.424268502581756,0.281739130434783,0.138121546961326,0.563191454089968,0.32695652173913,0.161559888579387
SDC4,Gene,yes,31,0.36518771331058,0.294932916841598,0.318783071237827,556,548,8,201,199,2,0.20223752151463,0.206086956521739,0.138121546961326,0.291939319034001,0.615652173913044,0.412256267409471
HES1,TF,yes,8,0.543799772468715,0.299082908137874,0.317041627461781,555,549,6,146,144,2,0.20223752151463,0.193913043478261,0.138121546961326,0.243382521010458,0.137391304347826,0.760445682451254
hsa-miR-1197,miRNA,yes,8,0.318259385665529,0.291086167477637,0.316228374531107,562,550,12,213,207,6,0.20223752151463,0.0521739130434783,,0.93542757417103,0.0730434782608696,
HSF2,TF,yes,22,0.343856655290102,0.291903057173555,0.313802943407913,561,551,10,148,145,3,0.20223752151463,0.29304347826087,0.138121546961326,0.121771478127358,0.573913043478261,0.523676880222841
hsa-let-7i,miRNA,no,0,0.526166097838453,0.34281119128348,0.312549530305096,536,552,-16,206,208,-2,0.20223752151463,0.569565217391304,,0.1239092495637,0.140869565217391,
GRHL1,Gene,no,0,0.295506257110353,0.335020801932269,0.311617583989802,540,553,-13,195,200,-5,0.761617900172117,0.190434782608696,0.138121546961326,0.441068300482689,0.220869565217391,0.133704735376045
SCG3,Gene,no,0,0.108930602957907,0.318971742887501,0.309707969118608,547,554,-7,199,201,-2,0.20223752151463,0.674782608695652,0.0294659300184162,0.629002727280443,0.467826086956522,0.0557103064066852
hsa-miR-375,miRNA,no,0,0.296643913538111,0.306165275387185,0.309578244670462,552,555,-3,209,209,0,0.20223752151463,0.633913043478261,,0.340314136125655,0.0747826086956522,
hsa-miR-542,miRNA,no,0,0.31740614334471,0.32086603087128,0.307896747594829,546,556,-10,208,210,-2,0.562822719449225,0.0260869565217391,,0.535776614310646,0.0973913043478261,
SREBF2,TF,yes,2,0.64419795221843,0.318811208984051,0.304671764810477,548,557,-9,141,146,-5,0.20223752151463,0.130434782608696,0.47329650092081,0.233389417411135,0.0173913043478261,0.431754874651811
BAG3,Gene,yes,2,0.229237770193402,0.285628701323925,0.300011929017733,563,558,5,202,202,0,0.20223752151463,0.0373913043478261,0.47329650092081,0.384133316405427,0.227826086956522,0.545961002785515
hsa-miR-28,miRNA,no,0,0.199658703071672,0.292790845024681,0.296203814307958,558,559,-1,210,211,-1,0.20223752151463,0.52695652173913,,0.2478184991274,0.304347826086957,
hsa-miR-331,miRNA,no,0,0.176905574516496,0.292621128335575,0.296034097618851,559,560,-1,211,212,-1,0.20223752151463,0.530434782608696,,0.0453752181500873,0.525217391304348,
hsa-miR-499a,miRNA,no,0,0.108930602957907,0.292533683913834,0.29594665319711,560,561,-1,212,213,-1,0.20223752151463,0.0869565217391304,,0.462478184991274,0.619130434782609,
ZBTB7A,TF,no,0,0.150170648464164,0.303928019267191,0.294664245498297,553,562,-9,144,147,-3,0.20223752151463,0.135652173913043,0.138121546961326,0.324897039212973,0.189565217391304,0.922005571030641
CDX2,TF,no,0,0.227531285551763,0.302484146916145,0.293220373147252,554,563,-9,145,148,-3,0.20223752151463,0.08,0.243093922651934,0.609962067125323,0.0434782608695652,0.646239554317549
NF1,TF,yes,1,0.362627986348123,0.273100472803203,0.286752349936309,569,564,5,152,149,3,0.20223752151463,0.328695652173913,0.0294659300184162,0.539939977156823,0.257391304347826,0.286908077994429
HSD17B2,Gene,no,0,0.131968145620023,0.278512745259261,0.280950580461602,567,565,2,203,203,0,0.20223752151463,0.805217391304348,0.138121546961326,0.442138402968343,0.23304347826087,0.0139275766016713
GATA1,TF,yes,5,0.66353811149033,0.285140476535569,0.277786340341842,564,566,-2,149,150,-1,0.20223752151463,0.0643478260869565,0.0294659300184162,0.271551786306665,0.40695652173913,0.306406685236769
hsa-miR-212,miRNA,yes,192,0.727246871444824,0.270008295892193,0.277403062672625,571,567,4,215,214,1,0.20223752151463,0.0434782608695652,,0.0401396160558464,0.373913043478261,
FOXF2,TF,no,0,0.288964732650739,0.273295119365189,0.275732954567529,568,568,0,151,151,0,0.20223752151463,0.0365217391304348,0.47329650092081,0.481848470425339,0.154782608695652,0.292479108635098
GJB1,Gene,no,0,0.131968145620023,0.271289759285242,0.273727594487582,570,569,1,204,204,0,0.20223752151463,0.503478260869565,0.138121546961326,0.447658402203857,0.389565217391304,0.103064066852368
MYOD1,TF,no,0,0.465301478953356,0.280857196546941,0.271593422778047,566,570,-4,150,152,-2,0.20223752151463,0.0573913043478261,0.138121546961326,0.500173077755182,0.0226086956521739,0.515320334261839
hsa-miR-374a,miRNA,no,0,0.400739476678043,0.282322878129586,0.269353594853135,565,571,-6,214,215,-1,0.525817555938038,0.0208695652173913,,0.31064572425829,0.088695652173913,
hsa-miR-190a,miRNA,no,0,0.2306598407281,0.255122190243197,0.258535159526473,573,572,1,217,216,1,0.20223752151463,0.414782608695652,,0.43630017452007,0.00869565217391304,
SYP,Gene,yes,19,0.262514220705347,0.237142239477274,0.258229513977518,577,573,4,207,205,2,0.20223752151463,0.117391304347826,0.243093922651934,0.592116510056821,0.0643478260869565,0.325905292479109
SOX1,Gene,no,0,0.267633674630262,0.252747155456631,0.255184990658971,574,574,0,205,206,-1,0.482788296041308,0.0843478260869565,0.243093922651934,0.606471665729162,0.0573913043478261,0.0445682451253482
CDX1,TF,no,0,0.166097838452787,0.246081142389853,0.248518977592193,575,575,0,153,153,0,0.20223752151463,0.465217391304348,0.0294659300184162,0.0577647007918307,0.754782608695652,0.064066852367688
GATA6,TF,yes,27,0.455346985210466,0.221728562382711,0.244969257978356,580,576,4,156,154,2,0.20223752151463,0.538260869565217,0.138121546961326,0.059509901489911,0.0678260869565218,0.253481894150418
KCTD11,Gene,no,0,0.119169510807736,0.242343595898124,0.244781431100464,576,577,-1,206,207,-1,0.20223752151463,0.0452173913043478,0.47329650092081,0.225303967807538,0.08,0.568245125348189
hsa-miR-760,miRNA,no,0,0.302332195676906,0.257716597987237,0.244747314710786,572,578,-6,216,217,-1,0.20223752151463,0.630434782608696,,0.0104712041884817,0.0782608695652174,
REL,TF,no,0,0.289533560864619,0.222282188016128,0.224720023218468,579,579,0,155,155,0,0.20223752151463,0.122608695652174,0.0294659300184162,0.29157304234428,0.250434782608696,0.387186629526462
hsa-miR-491,miRNA,no,0,0.149601820250284,0.219780580358872,0.224046791962968,582,580,2,218,218,0,0.20223752151463,0.328695652173913,,,0.215652173913043,
NR1H2,TF,no,0,0.224118316268487,0.226051634042088,0.216787860273194,578,581,-3,154,156,-2,0.20223752151463,0.0765217391304348,0.47329650092081,0.253163639972391,0.118260869565217,0.16991643454039
MAFB,TF,no,0,0.161547212741752,0.22055682507132,0.211293051302426,581,582,-1,157,157,0,0.20223752151463,0.228695652173913,0.47329650092081,0.320659720645618,0.00347826086956522,0.0891364902506964
hsa-miR-802,miRNA,no,0,0.244596131968146,0.1884135113464,0.168333875396456,583,583,0,219,219,0,0.20223752151463,0.0878260869565217,,0.265270506108203,0.0417391304347826,
