compound,gene,n_lines,rho,p,resource,name,moa,fdr
BRD-A03506276-001-01-5,TBX3,21,0.500726086838227,0.0207763120972139,PRISM_secondary_AUC,XL888,HSP inhibitor,0.221613995703615
BRD-A03932035-004-04-3,YBX1,19,-0.643601532379331,0.00294641688029489,PRISM_secondary_AUC,methscopolamine,acetylcholine receptor antagonist,0.249578841624979
BRD-A05906449-004-01-1,CCND2,22,-0.637760206102319,0.00140747839753333,PRISM_secondary_AUC,lappaconite,sodium channel blocker,0.225196543605332
BRD-A05906449-004-01-1,CEBPA,22,0.541501976284585,0.00924671307982479,PRISM_secondary_AUC,lappaconite,sodium channel blocker,0.165804012795143
BRD-A05906449-004-01-1,IER3,22,-0.540372670807454,0.00942321766721647,PRISM_secondary_AUC,lappaconite,sodium channel blocker,0.193849049154167
BRD-A05906449-004-01-1,IGFBP5,22,0.627329192546584,0.0017777774339812,PRISM_secondary_AUC,lappaconite,sodium channel blocker,0.12083111831314
BRD-A06352418-001-25-9,IGFBP5,19,0.614519326616861,0.00511690136562941,PRISM_secondary_AUC,terfenadine,histamine receptor antagonist,0.193903630697536
BRD-A06352508-001-03-7,CEBPA,20,0.593815909543266,0.00577163835130629,PRISM_secondary_AUC,SB-218078,CHK inhibitor,0.143456379520677
BRD-A06352508-001-03-7,FHL1,20,-0.503656779168661,0.0235709988703167,PRISM_secondary_AUC,SB-218078,CHK inhibitor,0.245958249081565
BRD-A06426627-001-03-5,S100A10,20,-0.633655551377767,0.00270215735278389,PRISM_secondary_AUC,diclazuril,antiprotozoal agent,0.216172588222711
BRD-A06627858-236-03-0,SREBF2,20,0.573814215753617,0.00815744853245217,PRISM_secondary_AUC,monensin,bacterial permeability inducer,0.246454742839873
BRD-A07986123-001-02-8,CD44,21,0.594099798230782,0.00451392482886052,PRISM_secondary_AUC,galeterone,androgen receptor modulator,0.105707478187367
BRD-A07986123-001-02-8,COL18A1,21,0.6800909744853,0.000693623769690647,PRISM_secondary_AUC,galeterone,androgen receptor modulator,0.180725867093232
BRD-A07986123-001-02-8,FHL1,21,0.526315900580142,0.0142478155622196,PRISM_secondary_AUC,galeterone,androgen receptor modulator,0.197277446246118
BRD-A07986123-001-02-8,HEY1,21,0.711540730302512,0.000298019887321784,PRISM_secondary_AUC,galeterone,androgen receptor modulator,0.228855710173611
BRD-A07986123-001-02-8,IER3,21,0.581748565973625,0.00566783032562259,PRISM_secondary_AUC,galeterone,androgen receptor modulator,0.163233513377931
BRD-A07986123-001-02-8,PTHLH,21,0.600199385481611,0.00402052893299627,PRISM_secondary_AUC,galeterone,androgen receptor modulator,0.148450299064478
BRD-A08187463-001-12-9,CCND2,19,-0.744074952278871,0.000259442714960634,PRISM_secondary_AUC,racecadotril,enkephalinase inhibitor,0.175300849548085
BRD-A08187463-001-12-9,SLC1A3,19,-0.648773454003417,0.00265539159055082,PRISM_secondary_AUC,racecadotril,enkephalinase inhibitor,0.112463643835094
BRD-A08187463-001-12-9,SREBF2,19,0.625762831138003,0.00415994102188241,PRISM_secondary_AUC,racecadotril,enkephalinase inhibitor,0.179733712564276
BRD-A08187463-001-12-9,VCAM1,19,-0.801571678972485,3.69048139588331e-05,PRISM_secondary_AUC,racecadotril,enkephalinase inhibitor,0.0531429321007196
BRD-A09349126-001-10-7,AXL,17,-0.825628112713641,4.4695219564869e-05,PRISM_secondary_AUC,norethindrone-acetate,progesterone receptor agonist,0.0471894240447387
BRD-A09349126-001-10-7,BDNF,17,-0.743557162773754,0.000623322489107373,PRISM_secondary_AUC,norethindrone-acetate,progesterone receptor agonist,0.245569959472486
BRD-A09349126-001-10-7,CACNA1H,17,0.737163338513029,0.00073458357609541,PRISM_secondary_AUC,norethindrone-acetate,progesterone receptor agonist,0.184753912185442
BRD-A09349126-001-10-7,CAV1,17,-0.73981518194623,0.000686594205404202,PRISM_secondary_AUC,norethindrone-acetate,progesterone receptor agonist,0.108471643795376
BRD-A09349126-001-10-7,CD44,17,-0.717051387352307,0.00119697865879138,PRISM_secondary_AUC,norethindrone-acetate,progesterone receptor agonist,0.0593010292159956
BRD-A09349126-001-10-7,CEBPA,17,0.83546770567569,2.98005104960891e-05,PRISM_secondary_AUC,norethindrone-acetate,progesterone receptor agonist,0.0214563675571841
BRD-A09349126-001-10-7,CEBPD,17,-0.74922893710981,0.00053669385803557,PRISM_secondary_AUC,norethindrone-acetate,progesterone receptor agonist,0.221405256340658
BRD-A09349126-001-10-7,CYFIP2,17,0.610397441932852,0.00925915507693036,PRISM_secondary_AUC,norethindrone-acetate,progesterone receptor agonist,0.215051343722254
BRD-A09349126-001-10-7,DCBLD2,17,-0.835539888507725,2.9709181355579e-05,PRISM_secondary_AUC,norethindrone-acetate,progesterone receptor agonist,0.0282670837721528
BRD-A09349126-001-10-7,DNAJB4,17,-0.76198654133356,0.000377808289838782,PRISM_secondary_AUC,norethindrone-acetate,progesterone receptor agonist,0.0589293550962454
BRD-A09349126-001-10-7,EPHA2,17,-0.752036324538695,0.000497669446858424,PRISM_secondary_AUC,norethindrone-acetate,progesterone receptor agonist,0.146253923456797
BRD-A09349126-001-10-7,ESR1,17,0.815292229252585,6.66730964947931e-05,PRISM_secondary_AUC,norethindrone-acetate,progesterone receptor agonist,0.048004629476251
BRD-A09349126-001-10-7,ETS1,17,-0.925238300760995,1.05300261112251e-07,PRISM_secondary_AUC,norethindrone-acetate,progesterone receptor agonist,0.000151632376001642
BRD-A09349126-001-10-7,ETS2,17,-0.705236174765469,0.00156567482659783,PRISM_secondary_AUC,norethindrone-acetate,progesterone receptor agonist,0.241877892615977
BRD-A09349126-001-10-7,ETV1,17,-0.795001651629475,0.000136779177931706,PRISM_secondary_AUC,norethindrone-acetate,progesterone receptor agonist,0.0656540054072189
BRD-A09349126-001-10-7,FBN1,17,-0.806663013331056,9.14202017202065e-05,PRISM_secondary_AUC,norethindrone-acetate,progesterone receptor agonist,0.131645090477097
BRD-A09349126-001-10-7,FHL1,17,-0.724177681159215,0.00101155934998437,PRISM_secondary_AUC,norethindrone-acetate,progesterone receptor agonist,0.0441407716356814
BRD-A09349126-001-10-7,FLI1,17,-0.73548525204344,0.000766362613907705,PRISM_secondary_AUC,norethindrone-acetate,progesterone receptor agonist,0.165800426157255
BRD-A09349126-001-10-7,FOSL1,17,-0.90709188470154,5.0914759167409e-07,PRISM_secondary_AUC,norethindrone-acetate,progesterone receptor agonist,0.00073317253201069
BRD-A09349126-001-10-7,FOXF2,17,-0.707659369627856,0.00148331260304066,PRISM_secondary_AUC,norethindrone-acetate,progesterone receptor agonist,0.157862415282767
BRD-A09349126-001-10-7,FST,17,-0.887336520791899,2.03771540972461e-06,PRISM_secondary_AUC,norethindrone-acetate,progesterone receptor agonist,0.00293431019000343
BRD-A09349126-001-10-7,GATA3,17,0.770298539945682,0.000297106330626089,PRISM_secondary_AUC,norethindrone-acetate,progesterone receptor agonist,0.0898125159594988
BRD-A09349126-001-10-7,GJB1,17,0.670304306491909,0.00323446657849158,PRISM_secondary_AUC,norethindrone-acetate,progesterone receptor agonist,0.155254395767596
BRD-A09349126-001-10-7,HBEGF,17,-0.713335804619654,0.0013042437656857,PRISM_secondary_AUC,norethindrone-acetate,progesterone receptor agonist,0.209865105018725
BRD-A09349126-001-10-7,HDAC9,17,-0.780827953618381,0.000216015275830537,PRISM_secondary_AUC,norethindrone-acetate,progesterone receptor agonist,0.0777654992989934
BRD-A09349126-001-10-7,HRH1,17,-0.887495855725986,2.01716604206521e-06,PRISM_secondary_AUC,norethindrone-acetate,progesterone receptor agonist,0.0029047191005739
BRD-A09349126-001-10-7,IER3,17,-0.717635108996732,0.00118080838395003,PRISM_secondary_AUC,norethindrone-acetate,progesterone receptor agonist,0.106272754555503
BRD-A09349126-001-10-7,IL15,17,-0.804792658467395,9.76954492791994e-05,PRISM_secondary_AUC,norethindrone-acetate,progesterone receptor agonist,0.0483312693833422
BRD-A09349126-001-10-7,IL6,17,-0.914796796526263,2.72154541521936e-07,PRISM_secondary_AUC,norethindrone-acetate,progesterone receptor agonist,0.000391902539791587
BRD-A09349126-001-10-7,ITGB1,17,-0.725783207731718,0.000973246455171762,PRISM_secondary_AUC,norethindrone-acetate,progesterone receptor agonist,0.249199843213319
BRD-A09349126-001-10-7,LOX,17,-0.822248880085539,5.10799399139103e-05,PRISM_secondary_AUC,norethindrone-acetate,progesterone receptor agonist,0.0679300793374402
BRD-A09349126-001-10-7,MMP14,17,-0.784930539577459,0.000189903909733296,PRISM_secondary_AUC,norethindrone-acetate,progesterone receptor agonist,0.0945753539321783
BRD-A09349126-001-10-7,NGF,17,-0.82463737625651,4.64930402008042e-05,PRISM_secondary_AUC,norethindrone-acetate,progesterone receptor agonist,0.0669499778891581
BRD-A09349126-001-10-7,NRP1,17,-0.753296391624756,0.000480937601018309,PRISM_secondary_AUC,norethindrone-acetate,progesterone receptor agonist,0.230850048488788
BRD-A09349126-001-10-7,NT5E,17,-0.818848257391057,5.82655131460219e-05,PRISM_secondary_AUC,norethindrone-acetate,progesterone receptor agonist,0.0419511694651358
BRD-A09349126-001-10-7,OPTN,17,-0.727960735337995,0.0009232067323181,PRISM_secondary_AUC,norethindrone-acetate,progesterone receptor agonist,0.175393518678971
BRD-A09349126-001-10-7,OXTR,17,-0.778502093550129,0.000232107999890665,PRISM_secondary_AUC,norethindrone-acetate,progesterone receptor agonist,0.207091255261972
BRD-A09349126-001-10-7,PBX1,17,0.660108424919844,0.00392966808483746,PRISM_secondary_AUC,norethindrone-acetate,progesterone receptor agonist,0.142888339290418
BRD-A09349126-001-10-7,PLAU,17,-0.811116865740278,7.78283670525061e-05,PRISM_secondary_AUC,norethindrone-acetate,progesterone receptor agonist,0.0855405959484126
BRD-A09349126-001-10-7,POSTN,17,-0.715016328645633,0.00125478847015059,PRISM_secondary_AUC,norethindrone-acetate,progesterone receptor agonist,0.143538875915913
BRD-A09349126-001-10-7,PTN,17,-0.764604900789404,0.000350625706922295,PRISM_secondary_AUC,norethindrone-acetate,progesterone receptor agonist,0.0331807640712829
BRD-A09349126-001-10-7,RGS4,17,-0.82658838940815,4.30090534751813e-05,PRISM_secondary_AUC,norethindrone-acetate,progesterone receptor agonist,0.0619330370042611
BRD-A09349126-001-10-7,S100A2,17,-0.687713375799318,0.00228015792798887,PRISM_secondary_AUC,norethindrone-acetate,progesterone receptor agonist,0.172811969279157
BRD-A09349126-001-10-7,SERPINE1,17,-0.871916544177699,5.09074163646463e-06,PRISM_secondary_AUC,norethindrone-acetate,progesterone receptor agonist,0.00733066795650907
BRD-A09349126-001-10-7,SNAI2,17,-0.754488188419899,0.000465545484831185,PRISM_secondary_AUC,norethindrone-acetate,progesterone receptor agonist,0.167596374539226
BRD-A09349126-001-10-7,TGFB2,17,-0.784938118098467,0.000189858243633003,PRISM_secondary_AUC,norethindrone-acetate,progesterone receptor agonist,0.0572539231823413
BRD-A09349126-001-10-7,TGFBI,17,-0.738245885341302,0.000714668142441187,PRISM_secondary_AUC,norethindrone-acetate,progesterone receptor agonist,0.147017446445044
BRD-A09349126-001-10-7,TGFBR2,17,-0.77059548090568,0.000294513931184682,PRISM_secondary_AUC,norethindrone-acetate,progesterone receptor agonist,0.128132470323195
BRD-A09349126-001-10-7,TMEM158,17,-0.825579608252319,4.47818492406906e-05,PRISM_secondary_AUC,norethindrone-acetate,progesterone receptor agonist,0.0644858629065945
BRD-A09349126-001-10-7,XBP1,17,0.744829882894122,0.000602938609744826,PRISM_secondary_AUC,norethindrone-acetate,progesterone receptor agonist,0.0770873108815505
BRD-A09349126-001-10-7,YBX1,17,-0.721094565097462,0.00108862780596222,PRISM_secondary_AUC,norethindrone-acetate,progesterone receptor agonist,0.195953005073199
BRD-A09349126-001-10-7,ZEB2,17,-0.790166371725029,0.000160467037893016,PRISM_secondary_AUC,norethindrone-acetate,progesterone receptor agonist,0.0462145069131885
BRD-A10039652-001-01-2,CCND2,15,-0.728600241805189,0.00206394372887573,PRISM_secondary_AUC,tipranavir,HIV protease inhibitor,0.247673247465087
BRD-A10039652-001-01-2,CD44,15,-0.639679749452155,0.0102267751345537,PRISM_secondary_AUC,tipranavir,HIV protease inhibitor,0.156665491422951
BRD-A10039652-001-01-2,TBX3,15,0.623645618552167,0.0129800872649916,PRISM_secondary_AUC,tipranavir,HIV protease inhibitor,0.186639908414174
BRD-A10070317-003-28-3,TBX21,15,0.813389410186266,0.000225818339960655,PRISM_secondary_AUC,propranolol,adrenergic receptor antagonist,0.162589204771672
BRD-A10977446-001-12-1,AR,19,0.771516124044677,0.000109580547639817,PRISM_secondary_AUC,carvedilol,adrenergic receptor antagonist,0.0576012032696939
BRD-A10977446-001-12-1,CACNA1H,19,0.652958091467668,0.00243772523022458,PRISM_secondary_AUC,carvedilol,adrenergic receptor antagonist,0.184753912185442
BRD-A10977446-001-12-1,CAV1,19,-0.736847284614771,0.000319941137445206,PRISM_secondary_AUC,carvedilol,adrenergic receptor antagonist,0.108471643795376
BRD-A10977446-001-12-1,CD44,19,-0.778050410778499,8.77225009938198e-05,PRISM_secondary_AUC,carvedilol,adrenergic receptor antagonist,0.0315801003577751
BRD-A10977446-001-12-1,CEBPA,19,0.747299844618789,0.000235761631135601,PRISM_secondary_AUC,carvedilol,adrenergic receptor antagonist,0.0484995355478951
BRD-A10977446-001-12-1,CYFIP2,19,0.753698433168783,0.000194168529386264,PRISM_secondary_AUC,carvedilol,adrenergic receptor antagonist,0.0580579565377456
BRD-A10977446-001-12-1,DBI,19,0.789283918017079,5.87948004711983e-05,PRISM_secondary_AUC,carvedilol,adrenergic receptor antagonist,0.0298140748930497
BRD-A10977446-001-12-1,DKK3,19,-0.598734248390873,0.00675797883873706,PRISM_secondary_AUC,carvedilol,adrenergic receptor antagonist,0.224742059993937
BRD-A10977446-001-12-1,DNAJB4,19,-0.700743147814151,0.00083226388403844,PRISM_secondary_AUC,carvedilol,adrenergic receptor antagonist,0.0688926208683871
BRD-A10977446-001-12-1,ESR1,19,0.691613888589861,0.00103756196169318,PRISM_secondary_AUC,carvedilol,adrenergic receptor antagonist,0.0959021974363475
BRD-A10977446-001-12-1,ETS1,19,-0.665876934891932,0.0018568792281209,PRISM_secondary_AUC,carvedilol,adrenergic receptor antagonist,0.121541185840641
BRD-A10977446-001-12-1,ETS2,19,-0.766300777248933,0.000130213281718753,PRISM_secondary_AUC,carvedilol,adrenergic receptor antagonist,0.0809287625674825
BRD-A10977446-001-12-1,FHL1,19,-0.725675224011635,0.000436790325177012,PRISM_secondary_AUC,carvedilol,adrenergic receptor antagonist,0.0310163940942692
BRD-A10977446-001-12-1,FOSL1,19,-0.680665727814197,0.00133816638767649,PRISM_secondary_AUC,carvedilol,adrenergic receptor antagonist,0.120434974890884
BRD-A10977446-001-12-1,FOXF2,19,-0.718317876119608,0.000531965762427865,PRISM_secondary_AUC,carvedilol,adrenergic receptor antagonist,0.109941264327236
BRD-A10977446-001-12-1,FST,19,-0.645259410651341,0.00285038950952608,PRISM_secondary_AUC,carvedilol,adrenergic receptor antagonist,0.186570949714435
BRD-A10977446-001-12-1,GADD45G,19,0.66066048637452,0.00207571689346587,PRISM_secondary_AUC,carvedilol,adrenergic receptor antagonist,0.2415018956315
BRD-A10977446-001-12-1,GJB1,19,0.664953058865463,0.00189417126880488,PRISM_secondary_AUC,carvedilol,adrenergic receptor antagonist,0.123982119412683
BRD-A10977446-001-12-1,GRHL1,19,0.628854643019731,0.0039243438161688,PRISM_secondary_AUC,carvedilol,adrenergic receptor antagonist,0.226042203811323
BRD-A10977446-001-12-1,HBEGF,19,-0.766033248860717,0.000131355328252851,PRISM_secondary_AUC,carvedilol,adrenergic receptor antagonist,0.088778578453949
BRD-A10977446-001-12-1,IER3,19,-0.545915195380814,0.0156082118595321,PRISM_secondary_AUC,carvedilol,adrenergic receptor antagonist,0.233752890674518
BRD-A10977446-001-12-1,IGFBP5,19,0.603673004202852,0.00620405733791681,PRISM_secondary_AUC,carvedilol,adrenergic receptor antagonist,0.209243454339449
BRD-A10977446-001-12-1,IL15,19,-0.673028352368232,0.00158836181387736,PRISM_secondary_AUC,carvedilol,adrenergic receptor antagonist,0.152482734132226
BRD-A10977446-001-12-1,LOX,19,-0.685471762755496,0.0011983067970263,PRISM_secondary_AUC,carvedilol,adrenergic receptor antagonist,0.143796815643156
BRD-A10977446-001-12-1,MMP14,19,-0.636938930910797,0.00335972856667565,PRISM_secondary_AUC,carvedilol,adrenergic receptor antagonist,0.183209563560898
BRD-A10977446-001-12-1,MTA1,19,0.810318679404724,2.59721742129014e-05,PRISM_secondary_AUC,carvedilol,adrenergic receptor antagonist,0.0252105998708383
BRD-A10977446-001-12-1,MYB,19,0.66059241085704,0.00207870844891103,PRISM_secondary_AUC,carvedilol,adrenergic receptor antagonist,0.189951900485205
BRD-A10977446-001-12-1,NGF,19,-0.634676659009137,0.00351049908987399,PRISM_secondary_AUC,carvedilol,adrenergic receptor antagonist,0.17530360994232
BRD-A10977446-001-12-1,NT5E,19,-0.702259664815297,0.000801718010078548,PRISM_secondary_AUC,carvedilol,adrenergic receptor antagonist,0.164924847787587
BRD-A10977446-001-12-1,OPTN,19,-0.689286122928426,0.00109620949174357,PRISM_secondary_AUC,carvedilol,adrenergic receptor antagonist,0.175393518678971
BRD-A10977446-001-12-1,PBX1,19,0.73179626061761,0.000368977339116863,PRISM_secondary_AUC,carvedilol,adrenergic receptor antagonist,0.0759039097611833
BRD-A10977446-001-12-1,PLAU,19,-0.69363291027746,0.000988845085410132,PRISM_secondary_AUC,carvedilol,adrenergic receptor antagonist,0.17266496787374
BRD-A10977446-001-12-1,PTHLH,19,-0.607320405535709,0.00581924174603677,PRISM_secondary_AUC,carvedilol,adrenergic receptor antagonist,0.159280036083197
BRD-A10977446-001-12-1,PTN,19,-0.645794678197065,0.00281994461285479,PRISM_secondary_AUC,carvedilol,adrenergic receptor antagonist,0.0833026220846105
BRD-A10977446-001-12-1,RARA,19,0.695774377529112,0.0009392846524448,PRISM_secondary_AUC,carvedilol,adrenergic receptor antagonist,0.0790687048813912
BRD-A10977446-001-12-1,S100A2,19,-0.631637934616761,0.00372175763284316,PRISM_secondary_AUC,carvedilol,adrenergic receptor antagonist,0.239935464998578
BRD-A10977446-001-12-1,SERPINE1,19,-0.643795216512068,0.00293506219340329,PRISM_secondary_AUC,carvedilol,adrenergic receptor antagonist,0.162557290711567
BRD-A10977446-001-12-1,SLC1A3,19,-0.656189806032565,0.00227993961564646,PRISM_secondary_AUC,carvedilol,adrenergic receptor antagonist,0.0994882741373001
BRD-A10977446-001-12-1,TBX3,19,0.628013772745695,0.00398730276070321,PRISM_secondary_AUC,carvedilol,adrenergic receptor antagonist,0.103878743291829
BRD-A10977446-001-12-1,TGFB2,19,-0.741678911080237,0.000278317682136381,PRISM_secondary_AUC,carvedilol,adrenergic receptor antagonist,0.0572539231823413
BRD-A10977446-001-12-1,TGFBI,19,-0.653546350327664,0.00240834890772836,PRISM_secondary_AUC,carvedilol,adrenergic receptor antagonist,0.233886738836178
BRD-A10977446-001-12-1,XBP1,19,0.733463593928788,0.000352132518812949,PRISM_secondary_AUC,carvedilol,adrenergic receptor antagonist,0.0762289074755202
BRD-A10977446-001-12-1,ZEB2,19,-0.702983804460473,0.000787468084697257,PRISM_secondary_AUC,carvedilol,adrenergic receptor antagonist,0.106260261552127
BRD-A11132253-001-08-2,FOXD1,18,0.801480791509795,6.36866041770956e-05,PRISM_secondary_AUC,nadide,electron acceptor,0.0917087100150177
BRD-A12417644-001-07-6,BAALC,16,0.759197368278315,0.000647669014629421,PRISM_secondary_AUC,usniacin-(+),MAP kinase activator,0.195863661052913
BRD-A13133631-001-04-0,CYFIP2,20,0.62789984035994,0.00303423486620798,PRISM_secondary_AUC,fluorometholone,glucocorticoid receptor agonist,0.112033287367679
BRD-A13561534-003-02-0,SREBF2,20,0.648887122501646,0.00196618011559828,PRISM_secondary_AUC,ornithine,NFkB pathway modulator,0.154948658158848
BRD-A14240607-003-26-1,BAALC,18,0.694171316093496,0.00139304469811544,PRISM_secondary_AUC,octopamine,trace amine associated receptor agonist,0.195863661052913
BRD-A14395271-074-17-8,POSTN,16,-0.679849760320605,0.00376224998532769,PRISM_secondary_AUC,mesoridazine,dopamine receptor antagonist,0.215018440675219
BRD-A14395271-074-17-8,PTN,16,-0.633364030590734,0.00843994580432232,PRISM_secondary_AUC,mesoridazine,dopamine receptor antagonist,0.155814384079797
BRD-A14395271-074-17-8,SPP1,16,-0.829552015482208,7.05054416042744e-05,PRISM_secondary_AUC,mesoridazine,dopamine receptor antagonist,0.101527835910155
BRD-A18696154-003-22-6,CAV1,21,-0.694331968636162,0.00047924350091817,PRISM_secondary_AUC,idazoxan,adrenergic receptor antagonist,0.108471643795376
BRD-A18696154-003-22-6,CD44,21,-0.70999195599654,0.000311458379524045,PRISM_secondary_AUC,idazoxan,adrenergic receptor antagonist,0.0369913324987507
BRD-A18696154-003-22-6,CEBPA,21,0.596539633131113,0.00431085557636475,PRISM_secondary_AUC,idazoxan,adrenergic receptor antagonist,0.140371673879831
BRD-A18696154-003-22-6,CYFIP2,21,0.601696053372152,0.00390658330976964,PRISM_secondary_AUC,idazoxan,adrenergic receptor antagonist,0.125010665912629
BRD-A18696154-003-22-6,DKK3,21,-0.550643054904212,0.00968837470849636,PRISM_secondary_AUC,idazoxan,adrenergic receptor antagonist,0.232520993003914
BRD-A18696154-003-22-6,ETS1,21,-0.699437062936299,0.000417651052495906,PRISM_secondary_AUC,idazoxan,adrenergic receptor antagonist,0.0751771894492631
BRD-A18696154-003-22-6,FHL1,21,-0.565302263586078,0.00757319926461575,PRISM_secondary_AUC,idazoxan,adrenergic receptor antagonist,0.144053580413382
BRD-A18696154-003-22-6,FOSL1,21,-0.622389864405888,0.00258684898799876,PRISM_secondary_AUC,idazoxan,adrenergic receptor antagonist,0.155210939279926
BRD-A18696154-003-22-6,FOXF2,21,-0.661372286958638,0.00109538248360046,PRISM_secondary_AUC,idazoxan,adrenergic receptor antagonist,0.150698593796544
BRD-A18696154-003-22-6,FST,21,-0.627946449053895,0.00230449552134555,PRISM_secondary_AUC,idazoxan,adrenergic receptor antagonist,0.16592367753688
BRD-A18696154-003-22-6,GJB1,21,0.560568050114438,0.00821006979816299,PRISM_secondary_AUC,idazoxan,adrenergic receptor antagonist,0.218152956540731
BRD-A18696154-003-22-6,HRH1,21,-0.62979192424025,0.00221664568546847,PRISM_secondary_AUC,idazoxan,adrenergic receptor antagonist,0.198746571836088
BRD-A18696154-003-22-6,IGFBP5,21,0.558972976878615,0.00843429321751865,PRISM_secondary_AUC,idazoxan,adrenergic receptor antagonist,0.227662792357204
BRD-A18696154-003-22-6,LOX,21,-0.560367435564772,0.00823799875980193,PRISM_secondary_AUC,idazoxan,adrenergic receptor antagonist,0.231375825522891
BRD-A18696154-003-22-6,MMP14,21,-0.571695127075645,0.00677817877441143,PRISM_secondary_AUC,idazoxan,adrenergic receptor antagonist,0.214464597314534
BRD-A18696154-003-22-6,NGF,21,-0.72289837523952,0.000213793532324165,PRISM_secondary_AUC,idazoxan,adrenergic receptor antagonist,0.121604486337169
BRD-A18696154-003-22-6,PBX1,21,0.520779220779221,0.0154962261340791,PRISM_secondary_AUC,idazoxan,adrenergic receptor antagonist,0.237388996096532
BRD-A18696154-003-22-6,PLAU,21,-0.67497922566948,0.000788282005918105,PRISM_secondary_AUC,idazoxan,adrenergic receptor antagonist,0.17266496787374
BRD-A18696154-003-22-6,RARA,21,0.561608415014588,0.00806647676148007,PRISM_secondary_AUC,idazoxan,adrenergic receptor antagonist,0.186647957347258
BRD-A18696154-003-22-6,SERPINE1,21,-0.666617804185705,0.000966768601260241,PRISM_secondary_AUC,idazoxan,adrenergic receptor antagonist,0.110649349402389
BRD-A18696154-003-22-6,TGFBI,21,-0.62673571947697,0.00236370273575613,PRISM_secondary_AUC,idazoxan,adrenergic receptor antagonist,0.233886738836178
BRD-A22081593-001-11-1,GJA1,20,0.506097038201608,0.0227970620457906,PRISM_secondary_AUC,sulmazole,adenosine receptor antagonist,0.235479501891428
BRD-A22707317-001-10-8,JUND,20,0.730289761195646,0.000256159818682285,PRISM_secondary_AUC,SB-205384,GABA receptor modulator,0.184435069451245
BRD-A23072235-050-18-5,FAS,21,-0.641809123596962,0.00171060623522624,PRISM_secondary_AUC,pheniramine,histamine receptor antagonist,0.21313064089374
BRD-A23072235-050-18-5,GJA1,21,-0.567822249442568,0.00725112724665209,PRISM_secondary_AUC,pheniramine,histamine receptor antagonist,0.160640357464292
BRD-A23127772-001-02-3,USF1,17,0.834915255661077,3.05073947875745e-05,PRISM_secondary_AUC,sclareol,,0.0439306484941073
BRD-A24397426-001-10-4,CAV1,18,0.698119604817009,0.00127320297019647,PRISM_secondary_AUC,nadifloxacin,bacterial DNA gyrase inhibitor,0.108471643795376
BRD-A24397426-001-10-4,CD44,18,0.785223989294332,0.000113119468263929,PRISM_secondary_AUC,nadifloxacin,bacterial DNA gyrase inhibitor,0.0321138142983593
BRD-A24397426-001-10-4,CEBPA,18,-0.566139541804775,0.0143156810283425,PRISM_secondary_AUC,nadifloxacin,bacterial DNA gyrase inhibitor,0.196329339817268
BRD-A24397426-001-10-4,CEBPD,18,0.688846720193665,0.00156934796605641,PRISM_secondary_AUC,nadifloxacin,bacterial DNA gyrase inhibitor,0.221405256340658
BRD-A24397426-001-10-4,DNAJB4,18,0.690122193292069,0.00152551907593953,PRISM_secondary_AUC,nadifloxacin,bacterial DNA gyrase inhibitor,0.0878698987741168
BRD-A24397426-001-10-4,ETS1,18,0.7838789723546,0.000118368464021051,PRISM_secondary_AUC,nadifloxacin,bacterial DNA gyrase inhibitor,0.0340901176380628
BRD-A24397426-001-10-4,FHL1,18,0.745299825506119,0.000385719605053049,PRISM_secondary_AUC,nadifloxacin,bacterial DNA gyrase inhibitor,0.0292334858566522
BRD-A24397426-001-10-4,FLI1,18,0.749665596926401,0.000341013902043327,PRISM_secondary_AUC,nadifloxacin,bacterial DNA gyrase inhibitor,0.122765004735598
BRD-A24397426-001-10-4,FOSL1,18,0.650102714048323,0.00349201205099859,PRISM_secondary_AUC,nadifloxacin,bacterial DNA gyrase inhibitor,0.168327404666045
BRD-A24397426-001-10-4,FOXF2,18,0.623783437921241,0.0056680628783133,PRISM_secondary_AUC,nadifloxacin,bacterial DNA gyrase inhibitor,0.209282321660799
BRD-A24397426-001-10-4,FST,18,0.721975923379195,0.000716771960540625,PRISM_secondary_AUC,nadifloxacin,bacterial DNA gyrase inhibitor,0.1146835136865
BRD-A24397426-001-10-4,GJB1,18,-0.708435986680368,0.000999822468683389,PRISM_secondary_AUC,nadifloxacin,bacterial DNA gyrase inhibitor,0.104817214801887
BRD-A24397426-001-10-4,GRHL1,18,-0.660597337050984,0.00284269800803369,PRISM_secondary_AUC,nadifloxacin,bacterial DNA gyrase inhibitor,0.186067505980387
BRD-A24397426-001-10-4,HBEGF,18,0.770132036191665,0.00018495537177906,PRISM_secondary_AUC,nadifloxacin,bacterial DNA gyrase inhibitor,0.088778578453949
BRD-A24397426-001-10-4,HRH1,18,0.763368823919811,0.000227888951299935,PRISM_secondary_AUC,nadifloxacin,bacterial DNA gyrase inhibitor,0.074164848933775
BRD-A24397426-001-10-4,IL15,18,0.767802400149848,0.000198897063134649,PRISM_secondary_AUC,nadifloxacin,bacterial DNA gyrase inhibitor,0.0483312693833422
BRD-A24397426-001-10-4,ITGB1,18,0.706430917575269,0.00104872705492415,PRISM_secondary_AUC,nadifloxacin,bacterial DNA gyrase inhibitor,0.249199843213319
BRD-A24397426-001-10-4,LOX,18,0.713845943362039,0.000877252592927258,PRISM_secondary_AUC,nadifloxacin,bacterial DNA gyrase inhibitor,0.140360414868361
BRD-A24397426-001-10-4,MMP14,18,0.67931167800246,0.00193120733083039,PRISM_secondary_AUC,nadifloxacin,bacterial DNA gyrase inhibitor,0.168437626141598
BRD-A24397426-001-10-4,NGF,18,0.719096802976355,0.000770531406105727,PRISM_secondary_AUC,nadifloxacin,bacterial DNA gyrase inhibitor,0.135639160626051
BRD-A24397426-001-10-4,OPTN,18,0.663288362491727,0.00269327854336278,PRISM_secondary_AUC,nadifloxacin,bacterial DNA gyrase inhibitor,0.202339339577317
BRD-A24397426-001-10-4,PBX1,18,-0.581793169688778,0.0113140181307165,PRISM_secondary_AUC,nadifloxacin,bacterial DNA gyrase inhibitor,0.203863236662291
BRD-A24397426-001-10-4,PLAU,18,0.708712906287683,0.000993220043380762,PRISM_secondary_AUC,nadifloxacin,bacterial DNA gyrase inhibitor,0.17266496787374
BRD-A24397426-001-10-4,SERPINE1,18,0.700668390697462,0.00120048732832214,PRISM_secondary_AUC,nadifloxacin,bacterial DNA gyrase inhibitor,0.110649349402389
BRD-A24397426-001-10-4,SLC1A3,18,0.586390829123095,0.0105355488098936,PRISM_secondary_AUC,nadifloxacin,bacterial DNA gyrase inhibitor,0.207824524469134
BRD-A24397426-001-10-4,SNAI2,18,0.768817133041782,0.000192719129805109,PRISM_secondary_AUC,nadifloxacin,bacterial DNA gyrase inhibitor,0.167596374539226
BRD-A24397426-001-10-4,TGFB2,18,0.699440753135051,0.00123506791979353,PRISM_secondary_AUC,nadifloxacin,bacterial DNA gyrase inhibitor,0.138678314150837
BRD-A24397426-001-10-4,TGFBR2,18,0.707137468662135,0.00103127177255175,PRISM_secondary_AUC,nadifloxacin,bacterial DNA gyrase inhibitor,0.165003483608281
BRD-A24397426-001-10-4,XBP1,18,-0.669437172915373,0.00237598150970846,PRISM_secondary_AUC,nadifloxacin,bacterial DNA gyrase inhibitor,0.123866191995401
BRD-A24397426-001-10-4,ZEB2,18,0.674038067552957,0.00215927491048358,PRISM_secondary_AUC,nadifloxacin,bacterial DNA gyrase inhibitor,0.141334357777107
BRD-A24587114-066-22-5,BAALC,17,0.686131110825073,0.00235599807200327,PRISM_secondary_AUC,isoetharine,adrenergic receptor agonist,0.226175814912314
BRD-A25004090-001-08-4,FHL1,15,0.595870919458728,0.0190725452039667,PRISM_secondary_AUC,erastin,ion channel antagonist,0.228870542447601
BRD-A25569250-001-03-3,CAV1,18,-0.652247842315587,0.00335027259536972,PRISM_secondary_AUC,KI-16425,lysophosphatidic acid receptor antagonist,0.134010903814789
BRD-A25569250-001-03-3,DKK3,18,-0.688794601070379,0.00157116087390197,PRISM_secondary_AUC,KI-16425,lysophosphatidic acid receptor antagonist,0.144755418315575
BRD-A25569250-001-03-3,DNAJB4,18,-0.594846322934494,0.00921617513463016,PRISM_secondary_AUC,KI-16425,lysophosphatidic acid receptor antagonist,0.184323502692603
BRD-A25569250-001-03-3,FHL1,18,-0.610461426638608,0.00712980674790814,PRISM_secondary_AUC,KI-16425,lysophosphatidic acid receptor antagonist,0.139124159220426
BRD-A25569250-001-03-3,GJA1,18,-0.586302140801956,0.0105501479890105,PRISM_secondary_AUC,KI-16425,lysophosphatidic acid receptor antagonist,0.188104590419647
BRD-A25569250-001-03-3,LOX,18,-0.670515962860793,0.00232362794476704,PRISM_secondary_AUC,KI-16425,lysophosphatidic acid receptor antagonist,0.185890235581363
BRD-A25569250-001-03-3,PLAGL1,18,-0.657322721541363,0.00303364233718163,PRISM_secondary_AUC,KI-16425,lysophosphatidic acid receptor antagonist,0.199080154676696
BRD-A25569250-001-03-3,POSTN,18,-0.612123774183282,0.00693232459393606,PRISM_secondary_AUC,KI-16425,lysophosphatidic acid receptor antagonist,0.215018440675219
BRD-A25569250-001-03-3,ZEB2,18,-0.735032047451023,0.000510602068906954,PRISM_secondary_AUC,KI-16425,lysophosphatidic acid receptor antagonist,0.10503813988943
BRD-A25608658-001-01-1,CDX1,21,-0.644474772678494,0.00161268119912294,PRISM_secondary_AUC,narasin,antiprotozoal agent,0.2120614242183
BRD-A25687296-300-04-3,AR,20,0.621417182565758,0.00344820470125596,PRISM_secondary_AUC,emetine,protein synthesis inhibitor,0.217165624670238
BRD-A25687296-300-04-3,CAV1,20,-0.7271914794581,0.00028035190295805,PRISM_secondary_AUC,emetine,protein synthesis inhibitor,0.108471643795376
BRD-A25687296-300-04-3,CD44,20,-0.838756193375859,3.83662436006612e-06,PRISM_secondary_AUC,emetine,protein synthesis inhibitor,0.00314576108407326
BRD-A25687296-300-04-3,CEBPA,20,0.738740451999909,0.000199028519322916,PRISM_secondary_AUC,emetine,protein synthesis inhibitor,0.0484995355478951
BRD-A25687296-300-04-3,COL18A1,20,-0.654086772085082,0.0017570570411842,PRISM_secondary_AUC,emetine,protein synthesis inhibitor,0.180725867093232
BRD-A25687296-300-04-3,CYFIP2,20,0.720873539349629,0.000335776218206036,PRISM_secondary_AUC,emetine,protein synthesis inhibitor,0.0690739648880989
BRD-A25687296-300-04-3,DBI,20,0.637958497280566,0.00247417618563448,PRISM_secondary_AUC,emetine,protein synthesis inhibitor,0.142512548292546
BRD-A25687296-300-04-3,DKK3,20,-0.659620458807388,0.00155530371502097,PRISM_secondary_AUC,emetine,protein synthesis inhibitor,0.144755418315575
BRD-A25687296-300-04-3,DNAJB4,20,-0.69825137103871,0.00061729453661634,PRISM_secondary_AUC,emetine,protein synthesis inhibitor,0.0667023579981936
BRD-A25687296-300-04-3,ESR1,20,0.633670313093931,0.0027013463339334,PRISM_secondary_AUC,emetine,protein synthesis inhibitor,0.122341755419107
BRD-A25687296-300-04-3,ETS1,20,-0.593034961928038,0.00585253803957637,PRISM_secondary_AUC,emetine,protein synthesis inhibitor,0.191537608567954
BRD-A25687296-300-04-3,ETS2,20,-0.696608761575829,0.000643843146693678,PRISM_secondary_AUC,emetine,protein synthesis inhibitor,0.185426826247779
BRD-A25687296-300-04-3,FHL1,20,-0.70040740709312,0.000583860823798911,PRISM_secondary_AUC,emetine,protein synthesis inhibitor,0.0336303834508173
BRD-A25687296-300-04-3,FOSL1,20,-0.564957521225644,0.00944437989035498,PRISM_secondary_AUC,emetine,protein synthesis inhibitor,0.237147109160517
BRD-A25687296-300-04-3,FOXF2,20,-0.602357567985392,0.00494526806554333,PRISM_secondary_AUC,emetine,protein synthesis inhibitor,0.19369302884378
BRD-A25687296-300-04-3,FST,20,-0.626100268235276,0.00314476990042382,PRISM_secondary_AUC,emetine,protein synthesis inhibitor,0.196889941591752
BRD-A25687296-300-04-3,GADD45G,20,0.668633880024676,0.00126839024100143,PRISM_secondary_AUC,emetine,protein synthesis inhibitor,0.191864239338836
BRD-A25687296-300-04-3,GJA1,20,-0.607681946121782,0.00448144304072785,PRISM_secondary_AUC,emetine,protein synthesis inhibitor,0.146665408605639
BRD-A25687296-300-04-3,GJB1,20,0.642817148011995,0.00223626667884847,PRISM_secondary_AUC,emetine,protein synthesis inhibitor,0.134176000730908
BRD-A25687296-300-04-3,IER3,20,-0.561878320009475,0.00992870356342752,PRISM_secondary_AUC,emetine,protein synthesis inhibitor,0.19857407126855
BRD-A25687296-300-04-3,IGFBP5,20,0.656923927560559,0.00165104034830284,PRISM_secondary_AUC,emetine,protein synthesis inhibitor,0.12083111831314
BRD-A25687296-300-04-3,LOX,20,-0.660507845138966,0.00152483606687445,PRISM_secondary_AUC,emetine,protein synthesis inhibitor,0.156840281164229
BRD-A25687296-300-04-3,MMP14,20,-0.686816911677545,0.000823027058294112,PRISM_secondary_AUC,emetine,protein synthesis inhibitor,0.131684329327058
BRD-A25687296-300-04-3,NGF,20,-0.601735864988216,0.00500191675525809,PRISM_secondary_AUC,emetine,protein synthesis inhibitor,0.240092004252388
BRD-A25687296-300-04-3,NT5E,20,-0.695916295138303,0.000655321539455559,PRISM_secondary_AUC,emetine,protein synthesis inhibitor,0.164924847787587
BRD-A25687296-300-04-3,OPTN,20,-0.644863813465021,0.00214193736438332,PRISM_secondary_AUC,emetine,protein synthesis inhibitor,0.187273237705224
BRD-A25687296-300-04-3,PBX1,20,0.691885838671231,0.000725630306063916,PRISM_secondary_AUC,emetine,protein synthesis inhibitor,0.104490764073204
BRD-A25687296-300-04-3,PTHLH,20,-0.585415095819578,0.00669195122806586,PRISM_secondary_AUC,emetine,protein synthesis inhibitor,0.166144996007152
BRD-A25687296-300-04-3,PTN,20,-0.689473312725403,0.000770692951615805,PRISM_secondary_AUC,emetine,protein synthesis inhibitor,0.0432414362343798
BRD-A25687296-300-04-3,RARA,20,0.670744372943807,0.00120807547684146,PRISM_secondary_AUC,emetine,protein synthesis inhibitor,0.0790687048813912
BRD-A25687296-300-04-3,S100A10,20,-0.546442744306418,0.0126701722547046,PRISM_secondary_AUC,emetine,protein synthesis inhibitor,0.249459562790091
BRD-A25687296-300-04-3,SLC1A3,20,-0.687785178248109,0.000803613709690681,PRISM_secondary_AUC,emetine,protein synthesis inhibitor,0.0921669084516871
BRD-A25687296-300-04-3,TBX3,20,0.638205135323453,0.00246161080050598,PRISM_secondary_AUC,emetine,protein synthesis inhibitor,0.0964809662308276
BRD-A25687296-300-04-3,TGFBR2,20,-0.650301905403449,0.00190731860694206,PRISM_secondary_AUC,emetine,protein synthesis inhibitor,0.196181342428326
BRD-A25687296-300-04-3,XBP1,20,0.703208974072825,0.00054272165873289,PRISM_secondary_AUC,emetine,protein synthesis inhibitor,0.0770873108815505
BRD-A25687296-300-04-3,ZEB2,20,-0.618015660571606,0.00368351195379554,PRISM_secondary_AUC,emetine,protein synthesis inhibitor,0.204009892825599
BRD-A26503646-001-16-6,GJA1,22,0.519062432446541,0.0133085060150031,PRISM_secondary_AUC,formestane,aromatase inhibitor,0.198971688275002
BRD-A26503646-001-16-6,POSTN,22,0.543345915705844,0.00896436319839724,PRISM_secondary_AUC,formestane,aromatase inhibitor,0.218791237384611
BRD-A27376179-001-01-3,ADAMTS5,15,-0.832782627992358,0.000116299872038748,PRISM_secondary_AUC,lestaurtinib,"FLT3 inhibitor, growth factor receptor inhibitor, JAK inhibitor",0.167471815735796
BRD-A27376179-001-01-3,CAV1,15,-0.675799356507125,0.00568436201421387,PRISM_secondary_AUC,lestaurtinib,"FLT3 inhibitor, growth factor receptor inhibitor, JAK inhibitor",0.163709626009359
BRD-A27376179-001-01-3,CEBPA,15,0.663128023469227,0.00704466145810161,PRISM_secondary_AUC,lestaurtinib,"FLT3 inhibitor, growth factor receptor inhibitor, JAK inhibitor",0.153795555486954
BRD-A27376179-001-01-3,DCBLD2,15,-0.717431552972465,0.00260360792790189,PRISM_secondary_AUC,lestaurtinib,"FLT3 inhibitor, growth factor receptor inhibitor, JAK inhibitor",0.20716281660071
BRD-A27376179-001-01-3,DNAJB4,15,-0.752325586976726,0.00121282823657692,PRISM_secondary_AUC,lestaurtinib,"FLT3 inhibitor, growth factor receptor inhibitor, JAK inhibitor",0.0873236330335386
BRD-A27376179-001-01-3,ESR1,15,0.775445504492678,0.000681611056724252,PRISM_secondary_AUC,lestaurtinib,"FLT3 inhibitor, growth factor receptor inhibitor, JAK inhibitor",0.0837822134747072
BRD-A27376179-001-01-3,FHL1,15,-0.731884933683003,0.00192364699574452,PRISM_secondary_AUC,lestaurtinib,"FLT3 inhibitor, growth factor receptor inhibitor, JAK inhibitor",0.0615567038638248
BRD-A27376179-001-01-3,FST,15,-0.790829363622668,0.000447307203633179,PRISM_secondary_AUC,lestaurtinib,"FLT3 inhibitor, growth factor receptor inhibitor, JAK inhibitor",0.0805152966539723
BRD-A27376179-001-01-3,GJA1,15,-0.625449353366769,0.0126444836069273,PRISM_secondary_AUC,lestaurtinib,"FLT3 inhibitor, growth factor receptor inhibitor, JAK inhibitor",0.197913656456253
BRD-A27376179-001-01-3,HRH1,15,-0.690387101151641,0.0043847310829436,PRISM_secondary_AUC,lestaurtinib,"FLT3 inhibitor, growth factor receptor inhibitor, JAK inhibitor",0.233852324423659
BRD-A27376179-001-01-3,LOX,15,-0.758242514602736,0.00105272678885275,PRISM_secondary_AUC,lestaurtinib,"FLT3 inhibitor, growth factor receptor inhibitor, JAK inhibitor",0.143796815643156
BRD-A27376179-001-01-3,MMP14,15,-0.777054607828279,0.00065322290284922,PRISM_secondary_AUC,lestaurtinib,"FLT3 inhibitor, growth factor receptor inhibitor, JAK inhibitor",0.118441671197848
BRD-A27376179-001-01-3,PLAGL1,15,-0.736855301510488,0.00172601315277866,PRISM_secondary_AUC,lestaurtinib,"FLT3 inhibitor, growth factor receptor inhibitor, JAK inhibitor",0.182466034216484
BRD-A27376179-001-01-3,POSTN,15,-0.685935627703228,0.00475329802747877,PRISM_secondary_AUC,lestaurtinib,"FLT3 inhibitor, growth factor receptor inhibitor, JAK inhibitor",0.215018440675219
BRD-A27376179-001-01-3,PTN,15,-0.770222288735072,0.000780748154231857,PRISM_secondary_AUC,lestaurtinib,"FLT3 inhibitor, growth factor receptor inhibitor, JAK inhibitor",0.0432414362343798
BRD-A27376179-001-01-3,TGFBI,15,-0.722268115646068,0.00235755045596703,PRISM_secondary_AUC,lestaurtinib,"FLT3 inhibitor, growth factor receptor inhibitor, JAK inhibitor",0.233886738836178
BRD-A27376179-001-01-3,XBP1,15,0.795855257618203,0.000386911453229863,PRISM_secondary_AUC,lestaurtinib,"FLT3 inhibitor, growth factor receptor inhibitor, JAK inhibitor",0.0762289074755202
BRD-A27376179-001-01-3,ZEB2,15,-0.750891074541826,0.0012544614211015,PRISM_secondary_AUC,lestaurtinib,"FLT3 inhibitor, growth factor receptor inhibitor, JAK inhibitor",0.106260261552127
BRD-A28301258-001-03-0,IER3,19,-0.612560126058484,0.00530076919137845,PRISM_secondary_AUC,salinomycin,,0.163233513377931
BRD-A28329383-001-02-1,BAALC,16,0.737184409255178,0.00112048022876354,PRISM_secondary_AUC,MTPG,glutamate receptor antagonist,0.195863661052913
BRD-A28329383-001-02-1,TBX3,16,0.622402262534382,0.0100291824383706,PRISM_secondary_AUC,MTPG,glutamate receptor antagonist,0.166000261048893
BRD-A28970875-300-04-9,CYFIP2,21,0.585893934798742,0.00525610837970354,PRISM_secondary_AUC,puromycin,protein synthesis inhibitor,0.152654577048927
BRD-A28970875-300-04-9,IER3,21,-0.571497489921227,0.00680168184109405,PRISM_secondary_AUC,puromycin,protein synthesis inhibitor,0.170450046668045
BRD-A28970875-300-04-9,PTHLH,21,-0.717311460697535,0.000252231113585875,PRISM_secondary_AUC,puromycin,protein synthesis inhibitor,0.0726425607127321
BRD-A28970875-300-04-9,PTN,21,-0.507083269192875,0.018966579473348,PRISM_secondary_AUC,puromycin,protein synthesis inhibitor,0.227273642977085
BRD-A28970875-300-04-9,THBS1,21,-0.77012987012987,4.43764702206794e-05,PRISM_secondary_AUC,puromycin,protein synthesis inhibitor,0.0639021171177784
BRD-A29485665-001-12-8,CYLD,16,-0.789386222438341,0.000276654246610809,PRISM_secondary_AUC,bicalutamide,androgen receptor antagonist,0.199191057559782
BRD-A29485665-001-12-8,YBX1,16,-0.709896768652645,0.00206435642295069,PRISM_secondary_AUC,bicalutamide,androgen receptor antagonist,0.230021770438404
BRD-A30582499-003-05-1,CD44,18,0.571139904280458,0.0132951930092957,PRISM_secondary_AUC,tiletamine,glutamate receptor antagonist,0.184087287821018
BRD-A30582499-003-05-1,GJB1,18,-0.591851732159333,0.00966730811783246,PRISM_secondary_AUC,tiletamine,glutamate receptor antagonist,0.223274645908358
BRD-A30582499-003-05-1,STAT1,18,0.707698889688776,0.00101757495374011,PRISM_secondary_AUC,tiletamine,glutamate receptor antagonist,0.244217988897626
BRD-A35588707-001-05-5,DCBLD2,20,-0.651905778725135,0.00184238130675486,PRISM_secondary_AUC,teniposide,topoisomerase inhibitor,0.20716281660071
BRD-A35588707-001-05-5,ETV1,20,-0.611690736614638,0.00415646434218625,PRISM_secondary_AUC,teniposide,topoisomerase inhibitor,0.201370789765271
BRD-A35588707-001-05-5,FAS,20,-0.815362845167692,1.18598340398683e-05,PRISM_secondary_AUC,teniposide,topoisomerase inhibitor,0.0170781610174104
BRD-A35588707-001-05-5,FHL1,20,-0.586126719048897,0.00660960429844893,PRISM_secondary_AUC,teniposide,topoisomerase inhibitor,0.13793956796763
BRD-A35588707-001-05-5,GJA1,20,-0.560449126643639,0.0101602568780726,PRISM_secondary_AUC,teniposide,topoisomerase inhibitor,0.187573973133647
BRD-A35588707-001-05-5,IER3,20,-0.603243595102197,0.00486544988761073,PRISM_secondary_AUC,teniposide,topoisomerase inhibitor,0.163233513377931
BRD-A35588707-001-05-5,LOX,20,-0.588958349376671,0.00629012477605024,PRISM_secondary_AUC,teniposide,topoisomerase inhibitor,0.212921750862405
BRD-A35588707-001-05-5,PTN,20,-0.689473312725403,0.000770692951615805,PRISM_secondary_AUC,teniposide,topoisomerase inhibitor,0.0432414362343798
BRD-A35588707-001-05-5,SLC1A3,20,-0.549557132668489,0.0120728401303132,PRISM_secondary_AUC,teniposide,topoisomerase inhibitor,0.22327542923316
BRD-A36057565-001-01-0,SLC1A3,22,-0.664596273291926,0.00074113731109104,PRISM_secondary_AUC,bruceantin,protein synthesis inhibitor,0.0921669084516871
BRD-A36456202-001-01-3,CYFIP2,16,-0.730798804516161,0.00130091339130685,PRISM_secondary_AUC,colistin-b-sulfate,bacterial permeability inducer,0.099363811369483
BRD-A36456202-001-01-3,SLC1A3,16,0.606197371617079,0.0128010273706671,PRISM_secondary_AUC,colistin-b-sulfate,bacterial permeability inducer,0.224855385895843
BRD-A42699921-001-03-6,CEBPD,22,-0.622811970638058,0.00196202288906292,PRISM_secondary_AUC,teriflunomide,dihydroorotate dehydrogenase inhibitor,0.235442746687551
BRD-A42699921-001-03-6,FHL1,22,-0.518644150570429,0.0133961330617076,PRISM_secondary_AUC,teriflunomide,dihydroorotate dehydrogenase inhibitor,0.190330379167972
BRD-A42699921-001-03-6,PTN,22,-0.509074303006953,0.0155328825755981,PRISM_secondary_AUC,teriflunomide,dihydroorotate dehydrogenase inhibitor,0.209040662699638
BRD-A42746051-001-02-9,TBX3,19,0.520728066351578,0.0222585481263724,PRISM_secondary_AUC,melengestrol-acetate,progesterone receptor agonist,0.230592153251627
BRD-A43082461-001-06-3,CTSV,19,0.720646590910829,0.000500114780915201,PRISM_secondary_AUC,linalool,anticonvulsant,0.144033056903578
BRD-A43885598-001-08-1,SREBF2,18,0.657787501643309,0.00300591695343227,PRISM_secondary_AUC,SID-7969543,steroidogenic factor antagonist,0.179733712564276
BRD-A43885598-001-08-1,TBX3,18,0.613921563052772,0.00672375671511754,PRISM_secondary_AUC,SID-7969543,steroidogenic factor antagonist,0.140321879272018
BRD-A46813902-001-01-6,GJA1,20,-0.831156629324339,5.63903257038184e-06,PRISM_secondary_AUC,iododexetimide,acetylcholine receptor antagonist,0.00812020690134985
BRD-A46813902-001-01-6,S100A10,20,-0.587323747621113,0.00647296330448358,PRISM_secondary_AUC,iododexetimide,acetylcholine receptor antagonist,0.249459562790091
BRD-A48300215-001-04-8,ANPEP,19,0.71355069876124,0.00060253235514862,PRISM_secondary_AUC,ajmaline,sodium channel blocker,0.173529318282803
BRD-A48300215-001-04-8,CD44,19,0.639409406264373,0.00320122774487669,PRISM_secondary_AUC,ajmaline,sodium channel blocker,0.0932523478164524
BRD-A48300215-001-04-8,DNAJB4,19,0.57723889560613,0.00965823331193682,PRISM_secondary_AUC,ajmaline,sodium channel blocker,0.187863140452283
BRD-A48300215-001-04-8,ETS1,19,0.625437068944556,0.00418542717864706,PRISM_secondary_AUC,ajmaline,sodium channel blocker,0.177903487411386
BRD-A48300215-001-04-8,FHL1,19,0.547846846881034,0.0151724636784877,PRISM_secondary_AUC,ajmaline,sodium channel blocker,0.203447108518298
BRD-A48300215-001-04-8,IL15,19,0.630218384425612,0.00382397677376836,PRISM_secondary_AUC,ajmaline,sodium channel blocker,0.195165974368966
BRD-A48300215-001-04-8,SLC1A3,19,0.577185892317512,0.00966645910054836,PRISM_secondary_AUC,ajmaline,sodium channel blocker,0.201281936198874
BRD-A48300215-001-04-8,TBX21,19,0.723740284908889,0.000460302816742294,PRISM_secondary_AUC,ajmaline,sodium channel blocker,0.192091941614574
BRD-A49035384-003-28-9,COL3A1,21,-0.74889165301188,9.38313772803544e-05,PRISM_secondary_AUC,methacycline,protein synthesis inhibitor,0.13511718328371
BRD-A49035384-003-28-9,POSTN,21,-0.67684918559085,0.000752455001037238,PRISM_secondary_AUC,methacycline,protein synthesis inhibitor,0.135441900186703
BRD-A49035384-003-28-9,THBS2,21,-0.819384022170157,5.52320072108847e-06,PRISM_secondary_AUC,methacycline,protein synthesis inhibitor,0.00795340903836739
BRD-A50157456-065-20-6,TGFBR2,19,-0.717605673969637,0.000542042024435765,PRISM_secondary_AUC,terbutaline,adrenergic receptor agonist,0.130090085864584
BRD-A50998626-001-02-1,GJA1,19,-0.577295577343128,0.00964944291278536,PRISM_secondary_AUC,palomid-529,"AKT inhibitor, mTOR inhibitor",0.182831549926459
BRD-A50998626-001-02-1,PMEPA1,19,0.688006257204703,0.00112962140553282,PRISM_secondary_AUC,palomid-529,"AKT inhibitor, mTOR inhibitor",0.232379260566751
BRD-A54927599-001-16-9,DNAJB4,22,-0.61038961038961,0.00255390205921473,PRISM_secondary_AUC,KF-38789,P selectin inhibitor,0.119177005712133
BRD-A55484088-050-02-5,CAV1,21,-0.62904767984524,0.00225172913986625,PRISM_secondary_AUC,BNTX,opioid receptor antagonist,0.124711152361823
BRD-A55484088-050-02-5,CD44,21,-0.717311460697535,0.000252231113585875,PRISM_secondary_AUC,BNTX,opioid receptor antagonist,0.0356120013215665
BRD-A55484088-050-02-5,DKK3,21,-0.683137741404342,0.000641947946991973,PRISM_secondary_AUC,BNTX,opioid receptor antagonist,0.132057863381206
BRD-A55484088-050-02-5,DNAJB4,21,-0.535361158703108,0.0123842835318228,PRISM_secondary_AUC,BNTX,opioid receptor antagonist,0.205580731798803
BRD-A55484088-050-02-5,ETS1,21,-0.76336410632295,5.67967766455064e-05,PRISM_secondary_AUC,BNTX,opioid receptor antagonist,0.0272624527898431
BRD-A55484088-050-02-5,FHL1,21,-0.669265898268575,0.00090686684206909,PRISM_secondary_AUC,BNTX,opioid receptor antagonist,0.0435296084193163
BRD-A55484088-050-02-5,FLI1,21,-0.674082318264464,0.000805974293819991,PRISM_secondary_AUC,BNTX,opioid receptor antagonist,0.165800426157255
BRD-A55484088-050-02-5,FOSL1,21,-0.645212882228503,0.00158641767498962,PRISM_secondary_AUC,BNTX,opioid receptor antagonist,0.134052071439734
BRD-A55484088-050-02-5,FOXF2,21,-0.737567250893965,0.000135885597384604,PRISM_secondary_AUC,BNTX,opioid receptor antagonist,0.0489188150584573
BRD-A55484088-050-02-5,FST,21,-0.618854560312767,0.00278115700122473,PRISM_secondary_AUC,BNTX,opioid receptor antagonist,0.186570949714435
BRD-A55484088-050-02-5,HBEGF,21,-0.695352946594549,0.000466340706157115,PRISM_secondary_AUC,BNTX,opioid receptor antagonist,0.164166393932873
BRD-A55484088-050-02-5,HRH1,21,-0.655082295340984,0.00126845261690458,PRISM_secondary_AUC,BNTX,opioid receptor antagonist,0.197909586347056
BRD-A55484088-050-02-5,IL15,21,-0.615035764230577,0.00300462695601243,PRISM_secondary_AUC,BNTX,opioid receptor antagonist,0.180277617360745
BRD-A55484088-050-02-5,LOX,21,-0.658826789752942,0.0011628422923777,PRISM_secondary_AUC,BNTX,opioid receptor antagonist,0.143796815643156
BRD-A55484088-050-02-5,MMP14,21,-0.619895676743708,0.00272270649003635,PRISM_secondary_AUC,BNTX,opioid receptor antagonist,0.17821351571147
BRD-A55484088-050-02-5,NGF,21,-0.717161086547142,0.000253342679869103,PRISM_secondary_AUC,BNTX,opioid receptor antagonist,0.121604486337169
BRD-A55484088-050-02-5,PLAU,21,-0.648385297453609,0.00147760539984985,PRISM_secondary_AUC,BNTX,opioid receptor antagonist,0.177312647981982
BRD-A55484088-050-02-5,PTHLH,21,-0.595319715680947,0.00441141938267441,PRISM_secondary_AUC,BNTX,opioid receptor antagonist,0.15354009292606
BRD-A55484088-050-02-5,SERPINE1,21,-0.655579054898361,0.00125399170894416,PRISM_secondary_AUC,BNTX,opioid receptor antagonist,0.110649349402389
BRD-A55484088-050-02-5,TGFB2,21,-0.580891534105444,0.00575619340306224,PRISM_secondary_AUC,BNTX,opioid receptor antagonist,0.236826242868847
BRD-A55484088-050-02-5,TGFBI,21,-0.619214890843247,0.00276080955523716,PRISM_secondary_AUC,BNTX,opioid receptor antagonist,0.248472859971344
BRD-A55962179-001-22-1,CD44,18,-0.575066124495527,0.0125352459696717,PRISM_secondary_AUC,omeprazole,ATPase inhibitor,0.176968178395365
BRD-A55962179-001-22-1,DNAJB4,18,-0.61245345537649,0.00689369034835567,PRISM_secondary_AUC,omeprazole,ATPase inhibitor,0.162898523675226
BRD-A55962179-001-22-1,FHL1,18,-0.574594862017216,0.0126245874919236,PRISM_secondary_AUC,omeprazole,ATPase inhibitor,0.185674100051831
BRD-A56085258-001-01-8,NOTCH1,20,0.735050111256351,0.000222469030159191,PRISM_secondary_AUC,LGX818,RAF inhibitor,0.160177701714618
BRD-A57798112-001-03-7,CEBPA,22,0.52343308865048,0.0124205025461777,PRISM_secondary_AUC,PD-318088,MEK inhibitor,0.186307538192665
BRD-A57798112-001-03-7,PBX1,22,0.583286278938453,0.00438042595015607,PRISM_secondary_AUC,PD-318088,MEK inhibitor,0.142888339290418
BRD-A57798112-001-03-7,RARA,22,0.517786561264822,0.0135772614767642,PRISM_secondary_AUC,PD-318088,MEK inhibitor,0.239748109559099
BRD-A57886255-001-01-1,AR,20,0.644118920945842,0.00217587625185376,PRISM_secondary_AUC,golgicide-a,ARF inhibitor,0.212573160875114
BRD-A57886255-001-01-1,CEBPA,20,0.501125858176264,0.024395523211882,PRISM_secondary_AUC,golgicide-a,ARF inhibitor,0.239701486934372
BRD-A57886255-001-01-1,GADD45G,20,0.726826258870478,0.000283328011977477,PRISM_secondary_AUC,golgicide-a,ARF inhibitor,0.101998084311892
BRD-A57886255-001-01-1,PBX1,20,0.616014635133669,0.00382804923095096,PRISM_secondary_AUC,golgicide-a,ARF inhibitor,0.142888339290418
BRD-A57886255-001-01-1,RARA,20,0.538559227882331,0.0142894292251857,PRISM_secondary_AUC,golgicide-a,ARF inhibitor,0.244961643860326
BRD-A58193911-003-18-7,GJA1,21,-0.555663314764997,0.00891558000574425,PRISM_secondary_AUC,oxyphencyclimine,cholinergic receptor antagonist,0.178781612997055
BRD-A58193911-003-18-7,MYCN,21,0.592898197459006,0.004616817448925,PRISM_secondary_AUC,oxyphencyclimine,cholinergic receptor antagonist,0.20028114549211
BRD-A58193911-003-18-7,POSTN,21,-0.56072420480007,0.008188384229959,PRISM_secondary_AUC,oxyphencyclimine,cholinergic receptor antagonist,0.215018440675219
BRD-A58564983-001-04-6,DBI,17,-0.7367740775563,0.000741856193714197,PRISM_secondary_AUC,selamectin,nematocide,0.0944393459040236
BRD-A58564983-001-04-6,ETS1,17,0.588218372962064,0.0130041931539421,PRISM_secondary_AUC,selamectin,nematocide,0.241928589910256
BRD-A58564983-001-04-6,FOXF2,17,0.653015570073345,0.00448122544836358,PRISM_secondary_AUC,selamectin,nematocide,0.19369302884378
BRD-A58564983-001-04-6,GJB1,17,-0.618135460821887,0.00817717857089444,PRISM_secondary_AUC,selamectin,nematocide,0.218152956540731
BRD-A58564983-001-04-6,IL15,17,0.633677124720321,0.00630945848425265,PRISM_secondary_AUC,selamectin,nematocide,0.215932831470013
BRD-A58564983-001-04-6,LOX,17,0.654582809963522,0.00435426568825266,PRISM_secondary_AUC,selamectin,nematocide,0.212921750862405
BRD-A58564983-001-04-6,MYB,17,-0.805143070108198,9.64929782635398e-05,PRISM_secondary_AUC,selamectin,nematocide,0.0694749443497487
BRD-A58564983-001-04-6,PBX1,17,-0.609746179291202,0.00935518443898436,PRISM_secondary_AUC,selamectin,nematocide,0.185882649873859
BRD-A58564983-001-04-6,PLAU,17,0.712845595670221,0.00131896850459107,PRISM_secondary_AUC,selamectin,nematocide,0.17266496787374
BRD-A58564983-001-04-6,PPP2R2B,17,0.79939497254423,0.000117872669479838,PRISM_secondary_AUC,selamectin,nematocide,0.169736644050967
BRD-A58564983-001-04-6,S100A2,17,0.699927927584908,0.00175928141772489,PRISM_secondary_AUC,selamectin,nematocide,0.16057625067005
BRD-A58564983-001-04-6,TGFBR2,17,0.714186009714208,0.00127902668773178,PRISM_secondary_AUC,selamectin,nematocide,0.167436220939433
BRD-A58564983-001-04-6,XBP1,17,-0.619819591459602,0.00795567585814053,PRISM_secondary_AUC,selamectin,nematocide,0.23361372924776
BRD-A60197193-001-14-6,GJA1,18,-0.656599729946148,0.00307718777288143,PRISM_secondary_AUC,amisulpride,dopamine receptor antagonist,0.130327952733802
BRD-A60197193-001-14-6,MYCN,18,0.633903711220933,0.00472886037967482,PRISM_secondary_AUC,amisulpride,dopamine receptor antagonist,0.20028114549211
BRD-A60197193-001-14-6,SREBF2,18,0.651722704068379,0.00338452726327066,PRISM_secondary_AUC,amisulpride,dopamine receptor antagonist,0.179733712564276
BRD-A60197193-001-14-6,TBX3,18,0.536081473278078,0.0218326751397934,PRISM_secondary_AUC,amisulpride,dopamine receptor antagonist,0.227819218850018
BRD-A60594020-034-01-1,CEBPA,21,0.514843531335567,0.0169311812556233,PRISM_secondary_AUC,8-hydroxy-PIPAT,dopamine receptor ligand,0.217686616143728
BRD-A60594020-034-01-1,EGR3,21,0.751089092569957,8.71322313673938e-05,PRISM_secondary_AUC,8-hydroxy-PIPAT,dopamine receptor ligand,0.125470413169047
BRD-A60594020-034-01-1,GJB1,21,0.593637379153169,0.00455329378007624,PRISM_secondary_AUC,8-hydroxy-PIPAT,dopamine receptor ligand,0.174600715865758
BRD-A60594020-034-01-1,RARA,21,0.545808717192394,0.0104834737262285,PRISM_secondary_AUC,8-hydroxy-PIPAT,dopamine receptor ligand,0.206797289942042
BRD-A60594020-034-01-1,XBP1,21,0.57012987012987,0.00696616651488973,PRISM_secondary_AUC,8-hydroxy-PIPAT,dopamine receptor ligand,0.222917328476471
BRD-A63546914-003-02-0,TBX3,20,0.529481783131504,0.0163559887627199,PRISM_secondary_AUC,Ro-04-5595,,0.208430299277139
BRD-A64092382-003-18-3,CEBPA,21,0.650427471094047,0.00141094943157209,PRISM_secondary_AUC,mexiletine,sodium channel blocker,0.10158835907319
BRD-A64092382-003-18-3,CYFIP2,21,0.633008672462211,0.00207024220620987,PRISM_secondary_AUC,mexiletine,sodium channel blocker,0.100970676408489
BRD-A64092382-003-18-3,DCBLD2,21,-0.6204683622822,0.00269099570661113,PRISM_secondary_AUC,mexiletine,sodium channel blocker,0.20716281660071
BRD-A64092382-003-18-3,ESR1,21,0.679831424434642,0.000698185112289227,PRISM_secondary_AUC,mexiletine,sodium channel blocker,0.0837822134747072
BRD-A64092382-003-18-3,ETS1,21,-0.54715118429678,0.010257525115689,PRISM_secondary_AUC,mexiletine,sodium channel blocker,0.223800547978669
BRD-A64092382-003-18-3,ETV1,21,-0.602597402597403,0.00383926774177885,PRISM_secondary_AUC,mexiletine,sodium channel blocker,0.197448055291483
BRD-A64092382-003-18-3,FOSL1,21,-0.633240178321624,0.0020600271456064,PRISM_secondary_AUC,mexiletine,sodium channel blocker,0.141442987660482
BRD-A64092382-003-18-3,FST,21,-0.608243707396148,0.00343919760342755,PRISM_secondary_AUC,mexiletine,sodium channel blocker,0.206351856205653
BRD-A64092382-003-18-3,GJB1,21,0.556268229754624,0.00882597329987443,PRISM_secondary_AUC,mexiletine,sodium channel blocker,0.218152956540731
BRD-A64092382-003-18-3,HRH1,21,-0.625723982155721,0.00241415294456219,PRISM_secondary_AUC,mexiletine,sodium channel blocker,0.198746571836088
BRD-A64092382-003-18-3,POSTN,21,-0.561988520932652,0.00801453093975252,PRISM_secondary_AUC,mexiletine,sodium channel blocker,0.215018440675219
BRD-A64092382-003-18-3,PTN,21,-0.64936631835929,0.00144526075687087,PRISM_secondary_AUC,mexiletine,sodium channel blocker,0.0585178680529862
BRD-A64092382-003-18-3,XBP1,21,0.585824795541583,0.00526276626336066,PRISM_secondary_AUC,mexiletine,sodium channel blocker,0.19431752357024
BRD-A66419424-001-02-4,CD44,21,-0.517244998870331,0.0163382675380723,PRISM_secondary_AUC,ixazomib-citrate,proteasome inhibitor,0.197186409422771
BRD-A66419424-001-02-4,CYLD,21,-0.714256912031115,0.000275650830743508,PRISM_secondary_AUC,ixazomib-citrate,proteasome inhibitor,0.199191057559782
BRD-A66419424-001-02-4,FHL2,21,-0.678285630936064,0.000725883338116746,PRISM_secondary_AUC,ixazomib-citrate,proteasome inhibitor,0.194233996934152
BRD-A67516570-001-02-8,ETS1,20,0.546290449318041,0.0126999830173182,PRISM_secondary_AUC,lafutidine,histamine receptor antagonist,0.241928589910256
BRD-A67748489-001-10-0,ANPEP,19,-0.635497430099184,0.00345516635416984,PRISM_secondary_AUC,K-858,kinesin-like spindle protein inhibitor,0.225167598471809
BRD-A67748489-001-10-0,CD44,19,-0.605033731482969,0.00605813761181674,PRISM_secondary_AUC,K-858,kinesin-like spindle protein inhibitor,0.116316242146881
BRD-A67748489-001-10-0,DNAJB4,19,-0.598977515532976,0.00672978279191049,PRISM_secondary_AUC,K-858,kinesin-like spindle protein inhibitor,0.162898523675226
BRD-A67748489-001-10-0,GJA1,19,-0.646563748653743,0.00277667297271357,PRISM_secondary_AUC,K-858,kinesin-like spindle protein inhibitor,0.129768789699103
BRD-A67748489-001-10-0,PTHLH,19,-0.561811179153229,0.0123034123202027,PRISM_secondary_AUC,K-858,kinesin-like spindle protein inhibitor,0.224048765025159
BRD-A67748489-001-10-0,PTN,19,-0.707829394174288,0.000697484991250393,PRISM_secondary_AUC,K-858,kinesin-like spindle protein inhibitor,0.0432414362343798
BRD-A67748489-001-10-0,SLC1A3,19,-0.617585911540791,0.00483962097914916,PRISM_secondary_AUC,K-858,kinesin-like spindle protein inhibitor,0.154390604014149
BRD-A68083442-001-01-6,TBX3,21,0.554991911565711,0.00901590681765766,PRISM_secondary_AUC,pranidipine,calcium channel blocker,0.160282787869469
BRD-A68969091-001-12-7,CDX1,21,-0.715889008336282,0.000262915395997684,PRISM_secondary_AUC,echinomycin,DNA intercalating agent,0.0757196340473331
BRD-A69815203-001-07-6,TBX3,17,0.621485120750791,0.00774136781242205,PRISM_secondary_AUC,cyclosporin-a,calcineurin inhibitor,0.150256667231026
BRD-A70858459-001-01-7,GJA1,22,-0.525840179116136,0.0119524842733096,PRISM_secondary_AUC,estramustine,DNA alkylating agent,0.197913656456253
BRD-A71033472-003-23-9,TBX3,19,0.639481763078928,0.00319668027688901,PRISM_secondary_AUC,fendiline,calcium channel blocker,0.0964809662308276
BRD-A71725768-001-01-3,TBX3,17,0.546752850239743,0.0231381356114277,PRISM_secondary_AUC,metoxibutropate,cyclooxygenase inhibitor,0.23626047109244
BRD-A72703248-003-04-9,DDR2,19,-0.828063364850763,1.20187822258367e-05,PRISM_secondary_AUC,SKF-96365,calcium channel blocker,0.0173070464052049
BRD-A72703248-003-04-9,LOX,19,-0.611410472625663,0.0054111571659306,PRISM_secondary_AUC,SKF-96365,calcium channel blocker,0.212921750862405
BRD-A72711497-236-03-8,CEBPA,20,0.516777883011918,0.0196434159444557,PRISM_secondary_AUC,lasalocid,bacterial permeability inducer,0.230352856084835
BRD-A72711497-236-03-8,ETV1,20,-0.596853695594216,0.005465643619489,PRISM_secondary_AUC,lasalocid,bacterial permeability inducer,0.207119126633267
BRD-A72711497-236-03-8,FOSL1,20,-0.629800020609295,0.00292104660122103,PRISM_secondary_AUC,lasalocid,bacterial permeability inducer,0.158307085356517
BRD-A72711497-236-03-8,MT1E,20,-0.708011910613819,0.000477911409907232,PRISM_secondary_AUC,lasalocid,bacterial permeability inducer,0.229397476755471
BRD-A72711497-236-03-8,POSTN,20,-0.569402817306057,0.00877925312710987,PRISM_secondary_AUC,lasalocid,bacterial permeability inducer,0.218791237384611
BRD-A72711497-236-03-8,PTN,20,-0.617617533235411,0.00371190284205667,PRISM_secondary_AUC,lasalocid,bacterial permeability inducer,0.0989840757881779
BRD-A72711497-236-03-8,UGCG,20,-0.638691870595459,0.0024369694199115,PRISM_secondary_AUC,lasalocid,bacterial permeability inducer,0.230153648553243
BRD-A72716251-001-01-5,S100A10,21,-0.576201778010532,0.0062601356843044,PRISM_secondary_AUC,peruvoside,cardiac glycoside,0.249459562790091
BRD-A74391928-051-01-3,CEBPA,19,0.505227924065224,0.0273494928308646,PRISM_secondary_AUC,ibutilide,potassium channel blocker,0.244616581841273
BRD-A74391928-051-01-3,DNAJB4,19,-0.729560639631405,0.000392629797913163,PRISM_secondary_AUC,ibutilide,potassium channel blocker,0.0589293550962454
BRD-A74391928-051-01-3,ESR1,19,0.588825816204819,0.00799096719991322,PRISM_secondary_AUC,ibutilide,potassium channel blocker,0.234836587099491
BRD-A74391928-051-01-3,FHL1,19,-0.52699399996732,0.0204265796735556,PRISM_secondary_AUC,ibutilide,potassium channel blocker,0.235314197839361
BRD-A74391928-051-01-3,PLAGL1,19,-0.724424205917082,0.000451872901508252,PRISM_secondary_AUC,ibutilide,potassium channel blocker,0.173265252525774
BRD-A74765037-001-01-1,PMEPA1,16,0.741719173043233,0.00100520871804315,PRISM_secondary_AUC,estradiol-benzoate,contraceptive agent,0.232379260566751
BRD-A74914197-001-02-9,PAX6,22,-0.746750053285825,6.54753541878493e-05,PRISM_secondary_AUC,pralatrexate,dihydrofolate reductase inhibitor,0.0942845100305029
BRD-A75726477-003-21-3,CEBPA,20,0.56716202443864,0.00910958729890141,PRISM_secondary_AUC,clenbuterol,adrenergic receptor agonist,0.165804012795143
BRD-A75726477-003-21-3,DNAJB4,20,-0.558601096830968,0.0104661519398218,PRISM_secondary_AUC,clenbuterol,adrenergic receptor agonist,0.195730633679785
BRD-A75726477-003-21-3,ESR1,20,0.656449311277046,0.00166839196852462,PRISM_secondary_AUC,clenbuterol,adrenergic receptor agonist,0.113464152208224
BRD-A75726477-003-21-3,ETV1,20,-0.573923723108111,0.00814248325678014,PRISM_secondary_AUC,clenbuterol,adrenergic receptor agonist,0.244274497703404
BRD-A75726477-003-21-3,FOSL1,20,-0.590480632685166,0.00612368360980573,PRISM_secondary_AUC,clenbuterol,adrenergic receptor agonist,0.22503072507118
BRD-A75726477-003-21-3,GJB1,20,0.603247683616367,0.00486508405092548,PRISM_secondary_AUC,clenbuterol,adrenergic receptor agonist,0.179633872649556
BRD-A75726477-003-21-3,HRH1,20,-0.629543496042133,0.00293611865865648,PRISM_secondary_AUC,clenbuterol,adrenergic receptor agonist,0.199263294961138
BRD-A75726477-003-21-3,MT1E,20,-0.721921771333147,0.000325982622957467,PRISM_secondary_AUC,clenbuterol,adrenergic receptor agonist,0.229397476755471
BRD-A75726477-003-21-3,NGF,20,-0.680547288013221,0.000958577539037547,PRISM_secondary_AUC,clenbuterol,adrenergic receptor agonist,0.135639160626051
BRD-A75726477-003-21-3,OPTN,20,-0.683281232139533,0.000897318981326335,PRISM_secondary_AUC,clenbuterol,adrenergic receptor agonist,0.175393518678971
BRD-A75726477-003-21-3,XBP1,20,0.741149551278615,0.000184894449261207,PRISM_secondary_AUC,clenbuterol,adrenergic receptor agonist,0.0762289074755202
BRD-A75726477-003-21-3,ZEB2,20,-0.595699428215497,0.00558029909088776,PRISM_secondary_AUC,clenbuterol,adrenergic receptor agonist,0.221539809333086
BRD-A78391468-001-02-8,IER3,21,-0.505148989898438,0.0195032883645208,PRISM_secondary_AUC,prednisolone-hemisuccinate,glucocorticoid receptor agonist,0.248537480043452
BRD-A79981887-003-16-4,CD44,20,-0.505503523082349,0.0229834160772531,PRISM_secondary_AUC,midodrine,adrenergic receptor agonist,0.239826950371337
BRD-A79981887-003-16-4,GJA1,20,-0.506871600071416,0.02255566657266,PRISM_secondary_AUC,midodrine,adrenergic receptor agonist,0.235363477279931
BRD-A80017228-001-25-7,GJA1,16,-0.580871100627777,0.018297601264383,PRISM_secondary_AUC,bendroflumethiazide,sodium/potassium/chloride transporter inhibitor,0.215291663793694
BRD-A80017228-001-25-7,PEG10,16,-0.767523259027002,0.000518628705933194,PRISM_secondary_AUC,bendroflumethiazide,sodium/potassium/chloride transporter inhibitor,0.248941778847933
BRD-A81370665-001-03-6,IER3,18,-0.57215272629404,0.0130957334414669,PRISM_secondary_AUC,BI-D1870,ribosomal protein inhibitor,0.217896820752629
BRD-A81370665-001-03-6,PTHLH,18,-0.586106481327212,0.0105824132493462,PRISM_secondary_AUC,BI-D1870,ribosomal protein inhibitor,0.214629226465612
BRD-A83650191-004-02-8,FHL1,19,-0.548886363126462,0.0149420206694612,PRISM_secondary_AUC,A61603,adrenergic receptor agonist,0.202985941170039
BRD-A83937277-001-10-5,GJA1,15,-0.590247420877216,0.0205357659251034,PRISM_secondary_AUC,mephenytoin,hydantoin antiepileptic,0.220682857702604
BRD-A91733352-300-04-5,TBX21,19,0.691170934511034,0.00104851472403915,PRISM_secondary_AUC,camylofine-chlorhydrate,,0.215694457516626
BRD-A91831168-003-02-5,GJA1,20,-0.495954114804474,0.0261512586185347,PRISM_secondary_AUC,tetrahydropapaverine,,0.249389486163509
BRD-A92537424-001-04-7,MMP14,19,-0.601754385964912,0.00641466623437207,PRISM_secondary_AUC,danazol,"estrogen receptor antagonist, progesterone receptor agonist",0.214464597314534
BRD-A93477898-001-04-2,CAV1,22,-0.564812222466312,0.00616743538364572,PRISM_secondary_AUC,PETCM,caspase activator,0.172207648004113
BRD-A93477898-001-04-2,CD44,22,-0.494071146245059,0.0194320643083271,PRISM_secondary_AUC,PETCM,caspase activator,0.217121739607018
BRD-A93477898-001-04-2,CEBPA,22,0.477131564088086,0.0247437388993281,PRISM_secondary_AUC,PETCM,caspase activator,0.239701486934372
BRD-A93477898-001-04-2,DKK3,22,-0.675889328063241,0.000555137220115531,PRISM_secondary_AUC,PETCM,caspase activator,0.132057863381206
BRD-A93477898-001-04-2,RARA,22,0.53811405985319,0.00978453856522305,PRISM_secondary_AUC,PETCM,caspase activator,0.201281936198874
BRD-A93477898-001-04-2,TBX3,22,0.520045172219085,0.0131044652868056,PRISM_secondary_AUC,PETCM,caspase activator,0.186639908414174
BRD-A93695607-322-02-5,SREBF2,19,0.739008930707139,0.000300710287367619,PRISM_secondary_AUC,nicotine,acetylcholine receptor agonist,0.144340937936457
BRD-A93695607-322-02-5,TBX3,19,0.638112891970216,0.00328362083422124,PRISM_secondary_AUC,nicotine,acetylcholine receptor agonist,0.0964982449240526
BRD-A97701745-001-16-0,CD44,20,-0.554718052450589,0.0111332676606336,PRISM_secondary_AUC,pindolol,adrenergic receptor antagonist,0.165025015750182
BRD-A97701745-001-16-0,CEBPA,20,0.545374287605463,0.0128805132707558,PRISM_secondary_AUC,pindolol,adrenergic receptor antagonist,0.188158466322418
BRD-A97701745-001-16-0,CYFIP2,20,0.623971374205446,0.00327983418170749,PRISM_secondary_AUC,pindolol,adrenergic receptor antagonist,0.116206314104891
BRD-A97701745-001-16-0,DNAJB4,20,-0.572957667076624,0.0082752809713378,PRISM_secondary_AUC,pindolol,adrenergic receptor antagonist,0.179410722098393
BRD-A97701745-001-16-0,ETS1,20,-0.582141093511449,0.00708172265939026,PRISM_secondary_AUC,pindolol,adrenergic receptor antagonist,0.199760941739037
BRD-A97701745-001-16-0,FHL1,20,-0.591034478658158,0.00606403301965886,PRISM_secondary_AUC,pindolol,adrenergic receptor antagonist,0.130659851464442
BRD-A97701745-001-16-0,FST,20,-0.614562377113325,0.0039358646402211,PRISM_secondary_AUC,pindolol,adrenergic receptor antagonist,0.226705803276735
BRD-A97701745-001-16-0,IER3,20,-0.583939800058927,0.00686534910190738,PRISM_secondary_AUC,pindolol,adrenergic receptor antagonist,0.170450046668045
BRD-A97701745-001-16-0,IGFBP5,20,0.669384023130728,0.00124666853023918,PRISM_secondary_AUC,pindolol,adrenergic receptor antagonist,0.112200167721526
BRD-A97701745-001-16-0,MMP14,20,-0.579686618277124,0.0073859613181994,PRISM_secondary_AUC,pindolol,adrenergic receptor antagonist,0.221336303940943
BRD-A97701745-001-16-0,PBX1,20,0.5631628919417,0.00972425849515708,PRISM_secondary_AUC,pindolol,adrenergic receptor antagonist,0.186705763107016
BRD-A97701745-001-16-0,PTHLH,20,-0.543270476997921,0.0133029176330235,PRISM_secondary_AUC,pindolol,adrenergic receptor antagonist,0.224048765025159
BRD-A97701745-001-16-0,RARA,20,0.565556355190909,0.00935246175814268,PRISM_secondary_AUC,pindolol,adrenergic receptor antagonist,0.198052131348904
BRD-A97739905-001-26-5,TBX3,20,0.518120025294304,0.0192730697852872,PRISM_secondary_AUC,ketoprofen,cyclooxygenase inhibitor,0.221613995703615
BRD-A97739905-001-26-5,VDR,20,0.677538390465416,0.00103004018761034,PRISM_secondary_AUC,ketoprofen,cyclooxygenase inhibitor,0.21189398145127
BRD-A99888680-001-03-8,IGFBP5,22,0.567476002258611,0.00587760481969481,PRISM_secondary_AUC,paliperidone,"dopamine receptor antagonist, serotonin receptor antagonist",0.209243454339449
BRD-A99888680-001-03-8,SLC1A3,22,-0.54488989271598,0.00873343724986077,PRISM_secondary_AUC,paliperidone,"dopamine receptor antagonist, serotonin receptor antagonist",0.19962142285396
BRD-A99888680-001-03-8,TBX3,22,0.530208921513269,0.0111398831169617,PRISM_secondary_AUC,paliperidone,"dopamine receptor antagonist, serotonin receptor antagonist",0.174363387917662
BRD-K00077635-304-01-2,ADA,19,-0.699395052279782,0.000860232545403097,PRISM_secondary_AUC,estramustine-phosphate,"DNA synthesis inhibitor, microtubule inhibitor",0.247746973076092
BRD-K00259736-001-16-4,GJA1,20,-0.52097094916937,0.0185048694792997,PRISM_secondary_AUC,colchicine,microtubule inhibitor,0.215291663793694
BRD-K00259736-001-16-4,IER3,20,-0.543953367469296,0.013164599587138,PRISM_secondary_AUC,colchicine,microtubule inhibitor,0.217896820752629
BRD-K00259736-001-16-4,PTN,20,-0.57313538402732,0.00825071955372096,PRISM_secondary_AUC,colchicine,microtubule inhibitor,0.154299170874782
BRD-K00312224-001-09-5,CEBPA,19,0.555261451682661,0.0135892225677302,PRISM_secondary_AUC,PPT,estrogen receptor agonist,0.188158466322418
BRD-K00312224-001-09-5,POSTN,19,-0.63772725654182,0.00330846289502193,PRISM_secondary_AUC,PPT,estrogen receptor agonist,0.215018440675219
BRD-K00312224-001-09-5,PTN,19,-0.698339917053104,0.000882670075079512,PRISM_secondary_AUC,PPT,estrogen receptor agonist,0.046787522253416
BRD-K00312224-001-09-5,TBX3,19,0.661301923856764,0.00204770442712798,PRISM_secondary_AUC,PPT,estrogen receptor agonist,0.0964809662308276
BRD-K00317371-001-06-1,GJB1,19,-0.566634066711754,0.011420617174664,PRISM_secondary_AUC,RITA,MDM inhibitor,0.231629418753749
BRD-K00317371-001-06-1,NR4A1,19,-0.665015495884111,0.00189163153249493,PRISM_secondary_AUC,RITA,MDM inhibitor,0.209534569753285
BRD-K00535541-001-06-3,SLC1A3,21,-0.533230800311837,0.01280426503018,PRISM_secondary_AUC,9-aminoacridine,,0.224855385895843
BRD-K00535541-001-06-3,TBX3,21,0.53551598865329,0.0123542018121793,PRISM_secondary_AUC,9-aminoacridine,,0.18425936912111
BRD-K00634421-001-01-0,IL15,22,-0.662337662337662,0.000784118790099197,PRISM_secondary_AUC,brivaracetam,voltage-gated sodium channel blocker,0.0806522184102032
BRD-K00634421-001-01-0,TBX21,22,-0.635264367798242,0.00148950597496203,PRISM_secondary_AUC,brivaracetam,voltage-gated sodium channel blocker,0.242710490646619
BRD-K00634421-001-01-0,TGFB2,22,-0.616036137775268,0.00226851971982326,PRISM_secondary_AUC,brivaracetam,voltage-gated sodium channel blocker,0.163333419827275
BRD-K00662280-001-09-4,DKK3,20,-0.563772480938302,0.00962844471368432,PRISM_secondary_AUC,CL-218872,benzodiazepine receptor agonist,0.232520993003914
BRD-K00662280-001-09-4,FAS,20,-0.62433915723007,0.00325616256920991,PRISM_secondary_AUC,CL-218872,benzodiazepine receptor agonist,0.21313064089374
BRD-K00662280-001-09-4,OPTN,20,-0.648818355519962,0.00196907943968681,PRISM_secondary_AUC,CL-218872,benzodiazepine receptor agonist,0.187273237705224
BRD-K00673382-001-18-9,GJA1,19,-0.546773738859496,0.0154133223249285,PRISM_secondary_AUC,famotidine,histamine receptor antagonist,0.201774401344518
BRD-K01029106-001-01-4,SREBF2,21,0.605342696119862,0.00364016460745783,PRISM_secondary_AUC,picolinic-acid,chelating agent,0.179733712564276
BRD-K01295354-001-02-8,ETS1,17,-0.68271440687694,0.00252681231731656,PRISM_secondary_AUC,uric-acid,,0.13772856139148
BRD-K01295354-001-02-8,FOXF2,17,-0.621862177838943,0.00769349868091228,PRISM_secondary_AUC,uric-acid,,0.230804960427368
BRD-K01295354-001-02-8,TMEM158,17,-0.797640419497414,0.00012514111471581,PRISM_secondary_AUC,uric-acid,,0.0901016025953834
BRD-K01507359-001-22-9,S100A10,22,-0.558441558441558,0.00690896248865598,PRISM_secondary_AUC,rifampin,RNA polymerase inhibitor,0.249459562790091
BRD-K01507359-001-22-9,TBX3,22,0.547148503670243,0.00840446814156807,PRISM_secondary_AUC,rifampin,RNA polymerase inhibitor,0.155159411844333
BRD-K01614093-001-02-6,CD44,21,-0.600412819258937,0.00400411251787371,PRISM_secondary_AUC,dihydromyricetin,,0.103284321622462
BRD-K01669786-001-02-2,FAS,22,-0.601355166572558,0.00307319060953297,PRISM_secondary_AUC,triapine,ribonucleotide reductase inhibitor,0.21313064089374
BRD-K01669786-001-02-2,FHL1,22,-0.592655461817407,0.00365433664171485,PRISM_secondary_AUC,triapine,ribonucleotide reductase inhibitor,0.0943871868220896
BRD-K01669786-001-02-2,IER3,22,-0.548277809147374,0.00824385413837579,PRISM_secondary_AUC,triapine,ribonucleotide reductase inhibitor,0.184931052009113
BRD-K01669786-001-02-2,PTHLH,22,-0.517786561264822,0.0135772614767642,PRISM_secondary_AUC,triapine,ribonucleotide reductase inhibitor,0.224048765025159
BRD-K01669786-001-02-2,PTN,22,-0.485831489617994,0.0218873898034988,PRISM_secondary_AUC,triapine,ribonucleotide reductase inhibitor,0.240594208527009
BRD-K01683783-001-02-6,ETV1,22,-0.550536420101638,0.00793021299274859,PRISM_secondary_AUC,TAK-901,Aurora kinase inhibitor,0.242968227862936
BRD-K01683783-001-02-6,IER3,22,-0.531338226990401,0.0109373556692055,PRISM_secondary_AUC,TAK-901,Aurora kinase inhibitor,0.201720652412208
BRD-K01773560-001-02-4,GJA1,20,-0.590828334524523,0.00608617922810859,PRISM_secondary_AUC,UNC2250,MER tyrosine kinase inhibitor,0.160615743082015
BRD-K01773560-001-02-4,PTN,20,-0.581961788621257,0.00710359459512896,PRISM_secondary_AUC,UNC2250,MER tyrosine kinase inhibitor,0.144072904464587
BRD-K02113016-001-15-4,NR4A1,22,0.613777526821005,0.00237926187009199,PRISM_secondary_AUC,olaparib,PARP inhibitor,0.214133568308279
BRD-K02113016-001-15-4,PTN,22,-0.498303243143777,0.0182601033179756,PRISM_secondary_AUC,olaparib,PARP inhibitor,0.226664702183154
BRD-K02113016-001-19-6,AR,21,0.664718565375338,0.00101176928673295,PRISM_secondary_AUC,olaparib,PARP inhibitor,0.157133524626891
BRD-K02113016-001-19-6,CEBPA,21,0.518223723247662,0.0161014766210938,PRISM_secondary_AUC,olaparib,PARP inhibitor,0.212716755361239
BRD-K02113016-001-19-6,DNAJB4,21,-0.55226844880878,0.00943239824565922,PRISM_secondary_AUC,olaparib,PARP inhibitor,0.186063746215744
BRD-K02113016-001-19-6,ETV1,21,-0.664951024686804,0.00100616774006093,PRISM_secondary_AUC,olaparib,PARP inhibitor,0.167676285524588
BRD-K02113016-001-19-6,ETV4,21,-0.730508453727119,0.00016960277141971,PRISM_secondary_AUC,olaparib,PARP inhibitor,0.122113995422191
BRD-K02113016-001-19-6,FOSL1,21,-0.547374180149824,0.0102203810084122,PRISM_secondary_AUC,olaparib,PARP inhibitor,0.237147109160517
BRD-K02113016-001-19-6,HDAC9,21,-0.728843992813768,0.000178528116724469,PRISM_secondary_AUC,olaparib,PARP inhibitor,0.0777654992989934
BRD-K02113016-001-19-6,PBX1,21,0.542362288292031,0.0110821848363322,PRISM_secondary_AUC,olaparib,PARP inhibitor,0.203863236662291
BRD-K02113016-001-19-6,RARA,21,0.567622083993828,0.00727629050458735,PRISM_secondary_AUC,olaparib,PARP inhibitor,0.175978283777411
BRD-K02241333-001-02-7,CD44,18,-0.625894763050471,0.00546058031181034,PRISM_secondary_AUC,CHIR-124,CHK inhibitor,0.110749797873336
BRD-K02241333-001-02-7,CEBPA,18,0.651813961226106,0.00337855405921213,PRISM_secondary_AUC,CHIR-124,CHK inhibitor,0.140371673879831
BRD-K02241333-001-02-7,COL18A1,18,-0.722185271757414,0.000712988450712472,PRISM_secondary_AUC,CHIR-124,CHK inhibitor,0.180725867093232
BRD-K02241333-001-02-7,CYFIP2,18,0.618720006805335,0.00619183276156673,PRISM_secondary_AUC,CHIR-124,CHK inhibitor,0.165115540308446
BRD-K02241333-001-02-7,DBI,18,0.643151287601717,0.0039854732914542,PRISM_secondary_AUC,CHIR-124,CHK inhibitor,0.179346298115439
BRD-K02241333-001-02-7,DNAJB4,18,-0.553323925958597,0.0172170312730922,PRISM_secondary_AUC,CHIR-124,CHK inhibitor,0.243063970914243
BRD-K02241333-001-02-7,FHL1,18,-0.703649021521323,0.00111986248640776,PRISM_secondary_AUC,CHIR-124,CHK inhibitor,0.0474294700125638
BRD-K02241333-001-02-7,FOSL1,18,-0.592531849182119,0.00956332504576882,PRISM_secondary_AUC,CHIR-124,CHK inhibitor,0.237147109160517
BRD-K02241333-001-02-7,FOXF2,18,-0.665575510425185,0.00257141897915826,PRISM_secondary_AUC,CHIR-124,CHK inhibitor,0.160993188260343
BRD-K02241333-001-02-7,FST,18,-0.684013135249334,0.00174502572085293,PRISM_secondary_AUC,CHIR-124,CHK inhibitor,0.147813943413425
BRD-K02241333-001-02-7,GJB1,18,0.729212622302401,0.000595313481323355,PRISM_secondary_AUC,CHIR-124,CHK inhibitor,0.104817214801887
BRD-K02241333-001-02-7,HRH1,18,-0.641091708606481,0.0041421472807547,PRISM_secondary_AUC,CHIR-124,CHK inhibitor,0.233852324423659
BRD-K02241333-001-02-7,MMP14,18,-0.681333082014961,0.00184924323825628,PRISM_secondary_AUC,CHIR-124,CHK inhibitor,0.168437626141598
BRD-K02241333-001-02-7,NGF,18,-0.649533739168775,0.00353041992244949,PRISM_secondary_AUC,CHIR-124,CHK inhibitor,0.17530360994232
BRD-K02241333-001-02-7,PBX1,18,0.698527090726787,0.00126133800110112,PRISM_secondary_AUC,CHIR-124,CHK inhibitor,0.107691189691704
BRD-K02241333-001-02-7,SMAD3,18,-0.808425202408087,4.90371478940044e-05,PRISM_secondary_AUC,CHIR-124,CHK inhibitor,0.0706134929673663
BRD-K02241333-001-02-7,STAT4,18,-0.817050620336838,3.49204712887402e-05,PRISM_secondary_AUC,CHIR-124,CHK inhibitor,0.0502854786557859
BRD-K02241333-001-02-7,TGFBI,18,-0.746652448293388,0.000371371328850829,PRISM_secondary_AUC,CHIR-124,CHK inhibitor,0.106954942709039
BRD-K02241333-001-02-7,TGFBR2,18,-0.748158734120801,0.000355923528675543,PRISM_secondary_AUC,CHIR-124,CHK inhibitor,0.128132470323195
BRD-K02241333-001-02-7,XBP1,18,0.675503683917756,0.00209377182847433,PRISM_secondary_AUC,CHIR-124,CHK inhibitor,0.123866191995401
BRD-K02389548-001-02-5,ID1,18,0.7322160882482,0.000550234509207809,PRISM_secondary_AUC,RG2833,HDAC inhibitor,0.233218978001717
BRD-K02389548-001-02-5,NCOR1,18,0.717172239796507,0.000808311842049791,PRISM_secondary_AUC,RG2833,HDAC inhibitor,0.23279381051034
BRD-K02407574-001-09-7,CD44,21,-0.536763678072985,0.0121139500745842,PRISM_secondary_AUC,parbendazole,tubulin polymerization inhibitor,0.174440881074013
BRD-K02407574-001-09-7,NR4A1,21,0.633470330320645,0.00204991386391922,PRISM_secondary_AUC,parbendazole,tubulin polymerization inhibitor,0.210848283145977
BRD-K02407574-001-09-7,S100A10,21,-0.739564479908023,0.000127466159547193,PRISM_secondary_AUC,parbendazole,tubulin polymerization inhibitor,0.0824974111912821
BRD-K02407574-001-09-7,TBX3,21,0.592670827349465,0.00463650445983369,PRISM_secondary_AUC,parbendazole,tubulin polymerization inhibitor,0.111276107036008
BRD-K02594908-001-16-4,PTN,20,-0.592981265981699,0.0058581345711507,PRISM_secondary_AUC,sulfanilamide,carbonic anhydrase inhibitor,0.132034116497778
BRD-K02764365-001-13-6,CYFIP2,21,0.537662337662338,0.0119432706263616,PRISM_secondary_AUC,methiazole,anthelmintic agent,0.238991103163402
BRD-K02898090-001-02-7,CAV1,21,-0.600981537000544,0.00396064135294745,PRISM_secondary_AUC,kifunensine,mannosidase inhibitor,0.146239065339598
BRD-K02898090-001-02-7,CD44,21,-0.581900623729123,0.00565227043196806,PRISM_secondary_AUC,kifunensine,mannosidase inhibitor,0.111496841397726
BRD-K02898090-001-02-7,CEBPA,21,0.564821779426801,0.00763592349076416,PRISM_secondary_AUC,kifunensine,mannosidase inhibitor,0.153795555486954
BRD-K02898090-001-02-7,ETS1,21,-0.551527433139734,0.00954840269698769,PRISM_secondary_AUC,kifunensine,mannosidase inhibitor,0.222879423118307
BRD-K02898090-001-02-7,FHL1,21,-0.49707612832569,0.0218761641811327,PRISM_secondary_AUC,kifunensine,mannosidase inhibitor,0.242320587852546
BRD-K02898090-001-02-7,IGFBP5,21,0.600650786558161,0.00398587490575596,PRISM_secondary_AUC,kifunensine,mannosidase inhibitor,0.167994292588895
BRD-K02898090-001-02-7,PBX1,21,0.624675324675325,0.00246739447503332,PRISM_secondary_AUC,kifunensine,mannosidase inhibitor,0.126894573001714
BRD-K02898090-001-02-7,RARA,21,0.639885694098479,0.00178433735256692,PRISM_secondary_AUC,kifunensine,mannosidase inhibitor,0.0988248379883215
BRD-K02900412-001-11-3,SMAD3,21,0.664951708453466,0.00100615130228942,PRISM_secondary_AUC,clofoctol,protein synthesis inhibitor,0.241476312549461
BRD-K02900412-001-11-3,TBX21,21,0.674363938746452,0.000800383090060725,PRISM_secondary_AUC,clofoctol,protein synthesis inhibitor,0.192091941614574
BRD-K03063480-001-06-6,CACNA1H,21,0.603878006581252,0.00374529181785514,PRISM_secondary_AUC,PF-477736,CHK inhibitor,0.229916745020656
BRD-K03063480-001-06-6,CD44,21,-0.618498147234099,0.002801406589821,PRISM_secondary_AUC,PF-477736,CHK inhibitor,0.0898103226775567
BRD-K03063480-001-06-6,CYFIP2,21,0.662473432500652,0.00106724510772472,PRISM_secondary_AUC,PF-477736,CHK inhibitor,0.099363811369483
BRD-K03063480-001-06-6,ETS1,21,-0.581610747674628,0.00568196370131446,PRISM_secondary_AUC,PF-477736,CHK inhibitor,0.191537608567954
BRD-K03063480-001-06-6,FAS,21,-0.616707947965339,0.00290499325085894,PRISM_secondary_AUC,PF-477736,CHK inhibitor,0.21313064089374
BRD-K03063480-001-06-6,FHL1,21,-0.532813627747798,0.012887844746418,PRISM_secondary_AUC,PF-477736,CHK inhibitor,0.185674100051831
BRD-K03063480-001-06-6,FLI1,21,-0.727251095861026,0.000187445407369503,PRISM_secondary_AUC,PF-477736,CHK inhibitor,0.0899737955373615
BRD-K03063480-001-06-6,FST,21,-0.699469307150767,0.000417284667018366,PRISM_secondary_AUC,PF-477736,CHK inhibitor,0.0805152966539723
BRD-K03063480-001-06-6,GJA1,21,-0.498405664674282,0.0214702759565019,PRISM_secondary_AUC,PF-477736,CHK inhibitor,0.225672973557392
BRD-K03063480-001-06-6,IER3,21,-0.534337339231281,0.0125847012369473,PRISM_secondary_AUC,PF-477736,CHK inhibitor,0.216774410005938
BRD-K03063480-001-06-6,IL15,21,-0.70822300123521,0.000327439810525871,PRISM_secondary_AUC,PF-477736,CHK inhibitor,0.0523903696841394
BRD-K03063480-001-06-6,LOX,21,-0.585893934798742,0.00525610837970354,PRISM_secondary_AUC,PF-477736,CHK inhibitor,0.212921750862405
BRD-K03063480-001-06-6,MMP14,21,-0.589388999738605,0.00492851653891378,PRISM_secondary_AUC,PF-477736,CHK inhibitor,0.208737171059878
BRD-K03063480-001-06-6,MSC,21,-0.711500194301241,0.000298365167333698,PRISM_secondary_AUC,PF-477736,CHK inhibitor,0.214822920480262
BRD-K03063480-001-06-6,PTHLH,21,-0.525784421021492,0.0143640011699469,PRISM_secondary_AUC,PF-477736,CHK inhibitor,0.227298480051908
BRD-K03063480-001-06-6,SLC1A3,21,-0.633747870715447,0.00203777380934893,PRISM_secondary_AUC,PF-477736,CHK inhibitor,0.0921669084516871
BRD-K03063480-001-06-6,TGFBI,21,-0.690662762863621,0.000528163037482769,PRISM_secondary_AUC,PF-477736,CHK inhibitor,0.126759128995865
BRD-K03109492-001-02-2,CD44,22,-0.660079051383399,0.00082921239684623,PRISM_secondary_AUC,NSC-663284,CDC inhibitor,0.0521731539328496
BRD-K03109492-001-02-2,FOXF2,22,-0.546078088522889,0.00855907852207619,PRISM_secondary_AUC,NSC-663284,CDC inhibitor,0.24162753617698
BRD-K03109492-001-02-2,SLC1A3,22,-0.649915302089215,0.00106058442237273,PRISM_secondary_AUC,NSC-663284,CDC inhibitor,0.0921669084516871
BRD-K03109492-001-02-2,STAT1,22,-0.719932241671372,0.000158344327036337,PRISM_secondary_AUC,NSC-663284,CDC inhibitor,0.139408494695803
BRD-K03109492-001-02-2,TBX3,22,0.54488989271598,0.00873343724986077,PRISM_secondary_AUC,NSC-663284,CDC inhibitor,0.157201870497494
BRD-K03109492-001-02-2,YBX1,22,-0.63184641445511,0.00160839353683972,PRISM_secondary_AUC,NSC-663284,CDC inhibitor,0.230021770438404
BRD-K03243820-001-23-8,GJA1,21,-0.58733670466933,0.00511875794349922,PRISM_secondary_AUC,trifluridine,"DNA directed DNA polymerase inhibitor, thymidylate synthase inhibitor",0.151920694199782
BRD-K03243820-001-23-8,MYCN,21,0.635807701511614,0.00194954877477838,PRISM_secondary_AUC,trifluridine,"DNA directed DNA polymerase inhibitor, thymidylate synthase inhibitor",0.155879633386404
BRD-K03273112-001-01-8,CD44,21,-0.558722192175971,0.00846999919942325,PRISM_secondary_AUC,1-azakenpaullone,glycogen synthase kinase inhibitor,0.14019309019735
BRD-K03273112-001-01-8,CYFIP2,21,0.537272031495942,0.0120171583493384,PRISM_secondary_AUC,1-azakenpaullone,glycogen synthase kinase inhibitor,0.238991103163402
BRD-K03273112-001-01-8,GJA1,21,-0.510944171961685,0.0179307175742133,PRISM_secondary_AUC,1-azakenpaullone,glycogen synthase kinase inhibitor,0.215291663793694
BRD-K03273112-001-01-8,S100A10,21,-0.721835194430776,0.000220692727646695,PRISM_secondary_AUC,1-azakenpaullone,glycogen synthase kinase inhibitor,0.0824974111912821
BRD-K03273112-001-01-8,TBX3,21,0.53054600267971,0.0133499378935139,PRISM_secondary_AUC,1-azakenpaullone,glycogen synthase kinase inhibitor,0.186639908414174
BRD-K03294269-001-08-0,IL15,21,0.578965234977569,0.00595896468605643,PRISM_secondary_AUC,NU6027,CDK inhibitor,0.215932831470013
BRD-K03390685-001-01-7,CACNA1H,22,0.600398438539891,0.00313303243319687,PRISM_secondary_AUC,cobimetinib,MEK inhibitor,0.214836509704928
BRD-K03390685-001-01-7,CEBPA,22,0.578711266256586,0.00477653612507758,PRISM_secondary_AUC,cobimetinib,MEK inhibitor,0.140371673879831
BRD-K03390685-001-01-7,CYFIP2,22,0.604758935774984,0.00286801266737008,PRISM_secondary_AUC,cobimetinib,MEK inhibitor,0.108682585289814
BRD-K03390685-001-01-7,DBI,22,0.571916222034395,0.00541965872964143,PRISM_secondary_AUC,cobimetinib,MEK inhibitor,0.222980244876676
BRD-K03390685-001-01-7,PBX1,22,0.557193626219648,0.00706252556168264,PRISM_secondary_AUC,cobimetinib,MEK inhibitor,0.169608664979172
BRD-K03406345-001-27-8,TBX3,22,0.497459062676454,0.0184892007203974,PRISM_secondary_AUC,azacitidine,DNA methyltransferase inhibitor,0.21823318883092
BRD-K03449891-001-08-6,BAALC,22,0.610594863192053,0.00254302301610352,PRISM_secondary_AUC,foretinib,VEGFR inhibitor,0.228872071449317
BRD-K03449891-001-08-6,ETV1,22,-0.635234330886505,0.00149051733190269,PRISM_secondary_AUC,foretinib,VEGFR inhibitor,0.167676285524588
BRD-K03449891-001-08-6,GJA1,22,-0.719570771422081,0.000160131569560605,PRISM_secondary_AUC,foretinib,VEGFR inhibitor,0.0768631533890906
BRD-K03449891-001-08-6,PDGFRB,22,-0.6890709114089,0.000389996506882326,PRISM_secondary_AUC,foretinib,VEGFR inhibitor,0.140398742477637
BRD-K03449891-001-08-6,PTN,22,-0.553292338234729,0.00756091648329632,PRISM_secondary_AUC,foretinib,VEGFR inhibitor,0.145169596479289
BRD-K03601870-001-01-2,IER3,21,-0.509991033606835,0.0181821098390534,PRISM_secondary_AUC,ixabepilone,microtubule stabilizing agent,0.24700224687016
BRD-K03601870-001-01-2,TGFB2,21,-0.585824795541583,0.00526276626336066,PRISM_secondary_AUC,ixabepilone,microtubule stabilizing agent,0.23682448185123
BRD-K04196797-001-24-4,GJA1,19,-0.509688837308159,0.0257992747725907,PRISM_secondary_AUC,oxcarbazepine,sodium channel blocker,0.249389486163509
BRD-K04196797-001-24-4,IER3,19,-0.531794526670352,0.0191054947063455,PRISM_secondary_AUC,oxcarbazepine,sodium channel blocker,0.247855066460699
BRD-K04196797-001-24-4,PTN,19,-0.759241097633008,0.00016335288319479,PRISM_secondary_AUC,oxcarbazepine,sodium channel blocker,0.0234052535051954
BRD-K04196797-001-24-4,SREBF2,19,0.648773454003417,0.00265539159055082,PRISM_secondary_AUC,oxcarbazepine,sodium channel blocker,0.179733712564276
BRD-K04430056-236-02-1,PMEPA1,21,0.756016858864403,7.35946995373665e-05,PRISM_secondary_AUC,7-nitroindazole,nitric oxide synthase inhibitor,0.105976367333808
BRD-K04568635-300-01-4,GJA1,19,-0.518122774802246,0.0230573678935356,PRISM_secondary_AUC,octenidine,membrane integrity inhibitor,0.235479501891428
BRD-K04568635-300-01-4,PTN,19,-0.606845781541824,0.00586818295545678,PRISM_secondary_AUC,octenidine,membrane integrity inhibitor,0.132034116497778
BRD-K04622161-001-02-3,IER3,19,-0.603987791947114,0.00617004812992666,PRISM_secondary_AUC,YO-01027,gamma secretase inhibitor,0.1659281495617
BRD-K04622161-001-02-3,S100A10,19,-0.569709406047899,0.0108848459337866,PRISM_secondary_AUC,YO-01027,gamma secretase inhibitor,0.249459562790091
BRD-K04701033-001-03-9,CAV1,22,-0.547303043569856,0.00838233781512243,PRISM_secondary_AUC,VE-822,ATR kinase inhibitor,0.211036837510388
BRD-K04701033-001-03-9,CD44,22,-0.686053077357425,0.000423493930419556,PRISM_secondary_AUC,VE-822,ATR kinase inhibitor,0.0369913324987507
BRD-K04701033-001-03-9,CEBPA,22,0.539243365330322,0.00960248202827028,PRISM_secondary_AUC,VE-822,ATR kinase inhibitor,0.165804012795143
BRD-K04701033-001-03-9,COL18A1,22,-0.607737951373752,0.00269801053676924,PRISM_secondary_AUC,VE-822,ATR kinase inhibitor,0.242820948309231
BRD-K04701033-001-03-9,CTSB,22,-0.717673630717109,0.000169800966378333,PRISM_secondary_AUC,VE-822,ATR kinase inhibitor,0.101638543300694
BRD-K04701033-001-03-9,CYFIP2,22,0.632975719932242,0.00156825381312321,PRISM_secondary_AUC,VE-822,ATR kinase inhibitor,0.100970676408489
BRD-K04701033-001-03-9,DBI,22,0.826086956521739,2.1813503909614e-06,PRISM_secondary_AUC,VE-822,ATR kinase inhibitor,0.00314114456298441
BRD-K04701033-001-03-9,DKK3,22,-0.592320722755505,0.00367841816380898,PRISM_secondary_AUC,VE-822,ATR kinase inhibitor,0.197119167757023
BRD-K04701033-001-03-9,DNAJB4,22,-0.607001693958216,0.00273921611682234,PRISM_secondary_AUC,VE-822,ATR kinase inhibitor,0.119177005712133
BRD-K04701033-001-03-9,ESR1,22,0.640113096510126,0.00133369288848794,PRISM_secondary_AUC,VE-822,ATR kinase inhibitor,0.100744011422738
BRD-K04701033-001-03-9,ETS1,22,-0.620553359683794,0.00206003814908212,PRISM_secondary_AUC,VE-822,ATR kinase inhibitor,0.12897630150775
BRD-K04701033-001-03-9,FHL1,22,-0.731073563004504,0.000111086148233529,PRISM_secondary_AUC,VE-822,ATR kinase inhibitor,0.0133303377880235
BRD-K04701033-001-03-9,FOSL1,22,-0.528664240228468,0.0114218641472371,PRISM_secondary_AUC,VE-822,ATR kinase inhibitor,0.239519517763814
BRD-K04701033-001-03-9,GATA3,22,0.695087521174478,0.000329958278479869,PRISM_secondary_AUC,VE-822,ATR kinase inhibitor,0.0898125159594988
BRD-K04701033-001-03-9,HRH1,22,-0.605478702483886,0.00282613473857464,PRISM_secondary_AUC,VE-822,ATR kinase inhibitor,0.199263294961138
BRD-K04701033-001-03-9,IGFBP5,22,0.620553359683794,0.00206003814908212,PRISM_secondary_AUC,VE-822,ATR kinase inhibitor,0.12083111831314
BRD-K04701033-001-03-9,IL15,22,-0.575381140598532,0.00508327102822324,PRISM_secondary_AUC,VE-822,ATR kinase inhibitor,0.215932831470013
BRD-K04701033-001-03-9,ITGB1,22,-0.644268774703557,0.00121138812673141,PRISM_secondary_AUC,VE-822,ATR kinase inhibitor,0.249199843213319
BRD-K04701033-001-03-9,LOX,22,-0.55957086391869,0.00677238890007576,PRISM_secondary_AUC,VE-822,ATR kinase inhibitor,0.213594075210713
BRD-K04701033-001-03-9,MEF2C,22,-0.727683731955024,0.000123957184091641,PRISM_secondary_AUC,VE-822,ATR kinase inhibitor,0.178498345091963
BRD-K04701033-001-03-9,MET,22,-0.713156408808583,0.000194882000403881,PRISM_secondary_AUC,VE-822,ATR kinase inhibitor,0.140315040290794
BRD-K04701033-001-03-9,MMP14,22,-0.712793024752486,0.000197031987358705,PRISM_secondary_AUC,VE-822,ATR kinase inhibitor,0.0945753539321783
BRD-K04701033-001-03-9,MYB,22,0.599096555618295,0.00321603220769426,PRISM_secondary_AUC,VE-822,ATR kinase inhibitor,0.207950851804224
BRD-K04701033-001-03-9,NT5E,22,-0.663466967814794,0.000762369194186986,PRISM_secondary_AUC,VE-822,ATR kinase inhibitor,0.164924847787587
BRD-K04701033-001-03-9,PBX1,22,0.730095990965556,0.000114673087807073,PRISM_secondary_AUC,VE-822,ATR kinase inhibitor,0.0412823116105464
BRD-K04701033-001-03-9,RARA,22,0.582156973461321,0.00447555613426025,PRISM_secondary_AUC,VE-822,ATR kinase inhibitor,0.149642329289171
BRD-K04701033-001-03-9,S100A2,22,-0.640880858272163,0.00131033894440303,PRISM_secondary_AUC,VE-822,ATR kinase inhibitor,0.16057625067005
BRD-K04701033-001-03-9,SLC1A3,22,-0.621682665160926,0.00201052580350342,PRISM_secondary_AUC,VE-822,ATR kinase inhibitor,0.0921669084516871
BRD-K04701033-001-03-9,SMAD3,22,-0.660830300285585,0.00081397400238688,PRISM_secondary_AUC,VE-822,ATR kinase inhibitor,0.237717549054867
BRD-K04701033-001-03-9,TGFBR2,22,-0.727837380011293,0.000123346990812548,PRISM_secondary_AUC,VE-822,ATR kinase inhibitor,0.1222566957924
BRD-K04701033-001-03-9,XBP1,22,0.558441558441558,0.00690896248865598,PRISM_secondary_AUC,VE-822,ATR kinase inhibitor,0.222917328476471
BRD-K04833372-001-06-2,RARA,18,0.640024188981993,0.00422531241260329,PRISM_secondary_AUC,GSK1904529A,"IGF-1 inhibitor, insulin growth factor receptor inhibitor, insulin receptor ligand",0.144867854146398
BRD-K04833372-001-06-2,TBX3,18,0.638929694639444,0.00431198951503403,PRISM_secondary_AUC,GSK1904529A,"IGF-1 inhibitor, insulin growth factor receptor inhibitor, insulin receptor ligand",0.107314919158616
BRD-K04993719-001-01-7,PTHLH,20,-0.540636438321568,0.0138474583939161,PRISM_secondary_AUC,LY2334737,"antitumor agent, ribonucleotide reductase inhibitor",0.224048765025159
BRD-K05104363-001-10-0,CYFIP2,21,0.610204886450142,0.00330865199881981,PRISM_secondary_AUC,PD-184352,MEK inhibitor,0.116206314104891
BRD-K05104363-001-10-0,RARA,21,0.554153436054217,0.00914249532366543,PRISM_secondary_AUC,PD-184352,MEK inhibitor,0.196495421881764
BRD-K05444225-001-01-7,FAS,21,-0.648044733939187,0.00148897587761885,PRISM_secondary_AUC,E7449,PARP inhibitor,0.21313064089374
BRD-K05444225-001-01-7,GJA1,21,-0.485867157386879,0.0255470404931781,PRISM_secondary_AUC,E7449,PARP inhibitor,0.249389486163509
BRD-K05444225-001-01-7,PTHLH,21,-0.575801036478293,0.00630483476162653,PRISM_secondary_AUC,E7449,PARP inhibitor,0.159280036083197
BRD-K05444225-001-01-7,SLC1A3,21,-0.523424256857826,0.0148892480802352,PRISM_secondary_AUC,E7449,PARP inhibitor,0.246442726845272
BRD-K05524748-003-04-4,GRHL1,20,-0.639106351819726,0.00241614852731102,PRISM_secondary_AUC,dronedarone,adrenergic receptor antagonist,0.183118625227783
BRD-K05524748-003-04-4,MYL9,20,0.798533488163069,2.43466006975895e-05,PRISM_secondary_AUC,dronedarone,adrenergic receptor antagonist,0.0350591050045289
BRD-K05524748-003-04-4,TGFB2,20,0.595185807908364,0.00563195036843624,PRISM_secondary_AUC,dronedarone,adrenergic receptor antagonist,0.236826242868847
BRD-K05638300-001-01-2,GJA1,20,-0.598560624781519,0.00529965136724001,PRISM_secondary_AUC,sevoflurane,membrane integrity inhibitor,0.151920694199782
BRD-K05638300-001-01-2,PTN,20,-0.618404756203808,0.00365593930907446,PRISM_secondary_AUC,sevoflurane,membrane integrity inhibitor,0.0989840757881779
BRD-K05638300-001-01-2,SREBF2,20,0.607539776171812,0.00449334281410689,PRISM_secondary_AUC,sevoflurane,membrane integrity inhibitor,0.179733712564276
BRD-K05804044-001-06-0,TBX3,22,0.506493506493507,0.0161541090386241,PRISM_secondary_AUC,AZ-628,RAF inhibitor,0.207695687639452
BRD-K05804044-001-18-5,ASS1,22,0.764097421909996,3.48530959671633e-05,PRISM_secondary_AUC,AZ-628,RAF inhibitor,0.0501884581927151
BRD-K06222852-001-03-2,KLF4,21,0.727070800298862,0.000188478465753878,PRISM_secondary_AUC,posaconazole,sterol demethylase inhibitor,0.135704495342792
BRD-K06234293-001-04-2,MAFB,19,0.775294480040991,9.64375507139573e-05,PRISM_secondary_AUC,LY364947,"TGF beta receptor inhibitor, p38 MAPK inhibitor",0.106431677366764
BRD-K06426971-001-02-7,TBX3,22,0.507622811970638,0.0158798418459703,PRISM_secondary_AUC,ryuvidine,histone lysine methyltransferase inhibitor,0.207695687639452
BRD-K06519765-065-01-6,ANPEP,21,-0.59571940140656,0.00437825885917406,PRISM_secondary_AUC,vinblastine,"microtubule inhibitor, tubulin polymerization inhibitor",0.225167598471809
BRD-K06519765-065-01-6,CAV1,21,-0.610378520814066,0.00329729622729931,PRISM_secondary_AUC,vinblastine,"microtubule inhibitor, tubulin polymerization inhibitor",0.134010903814789
BRD-K06519765-065-01-6,CEBPA,21,0.566091749797025,0.00747105688502712,PRISM_secondary_AUC,vinblastine,"microtubule inhibitor, tubulin polymerization inhibitor",0.153795555486954
BRD-K06519765-065-01-6,DKK3,21,-0.600266844576234,0.00401533422421389,PRISM_secondary_AUC,vinblastine,"microtubule inhibitor, tubulin polymerization inhibitor",0.197119167757023
BRD-K06519765-065-01-6,DNAJB4,21,-0.652655835838744,0.00134113237927144,PRISM_secondary_AUC,vinblastine,"microtubule inhibitor, tubulin polymerization inhibitor",0.0877832102795848
BRD-K06519765-065-01-6,ESR1,21,0.687459534338012,0.000574293900581373,PRISM_secondary_AUC,vinblastine,"microtubule inhibitor, tubulin polymerization inhibitor",0.0826983216837177
BRD-K06519765-065-01-6,ETS1,21,-0.72691003352855,0.000189403756267037,PRISM_secondary_AUC,vinblastine,"microtubule inhibitor, tubulin polymerization inhibitor",0.0389630584320762
BRD-K06519765-065-01-6,FHL1,21,-0.817143527606345,6.15187058012194e-06,PRISM_secondary_AUC,vinblastine,"microtubule inhibitor, tubulin polymerization inhibitor",0.0022146734088439
BRD-K06519765-065-01-6,FOSL1,21,-0.673501142065797,0.000817617815673225,PRISM_secondary_AUC,vinblastine,"microtubule inhibitor, tubulin polymerization inhibitor",0.102906601477334
BRD-K06519765-065-01-6,FOXF2,21,-0.579952994804852,0.00585426373334414,PRISM_secondary_AUC,vinblastine,"microtubule inhibitor, tubulin polymerization inhibitor",0.210145086380974
BRD-K06519765-065-01-6,FST,21,-0.739197034409911,0.000128980450319808,PRISM_secondary_AUC,vinblastine,"microtubule inhibitor, tubulin polymerization inhibitor",0.0549540852342794
BRD-K06519765-065-01-6,GJA1,21,-0.722288502620128,0.00021772807090507,PRISM_secondary_AUC,vinblastine,"microtubule inhibitor, tubulin polymerization inhibitor",0.0783821055258253
BRD-K06519765-065-01-6,GJB1,21,0.544950376839731,0.0106300560004758,PRISM_secondary_AUC,vinblastine,"microtubule inhibitor, tubulin polymerization inhibitor",0.225958815875582
BRD-K06519765-065-01-6,GRHL1,21,0.718856708174458,0.000241049102612767,PRISM_secondary_AUC,vinblastine,"microtubule inhibitor, tubulin polymerization inhibitor",0.0495872439660548
BRD-K06519765-065-01-6,HRH1,21,-0.638199682946771,0.00185115193787235,PRISM_secondary_AUC,vinblastine,"microtubule inhibitor, tubulin polymerization inhibitor",0.198746571836088
BRD-K06519765-065-01-6,LOX,21,-0.736289269343843,0.000141520998619667,PRISM_secondary_AUC,vinblastine,"microtubule inhibitor, tubulin polymerization inhibitor",0.0679300793374402
BRD-K06519765-065-01-6,MYCN,21,0.666197493252418,0.000976578266719022,PRISM_secondary_AUC,vinblastine,"microtubule inhibitor, tubulin polymerization inhibitor",0.148715704717394
BRD-K06519765-065-01-6,PLAGL1,21,-0.596604212526529,0.00430558554443642,PRISM_secondary_AUC,vinblastine,"microtubule inhibitor, tubulin polymerization inhibitor",0.229631229036609
BRD-K06519765-065-01-6,POSTN,21,-0.575895998391052,0.00629421888276996,PRISM_secondary_AUC,vinblastine,"microtubule inhibitor, tubulin polymerization inhibitor",0.215018440675219
BRD-K06519765-065-01-6,PTHLH,21,-0.636158204618294,0.00193486114345854,PRISM_secondary_AUC,vinblastine,"microtubule inhibitor, tubulin polymerization inhibitor",0.116091668607512
BRD-K06519765-065-01-6,PTN,21,-0.628752184133382,0.00226578744280051,PRISM_secondary_AUC,vinblastine,"microtubule inhibitor, tubulin polymerization inhibitor",0.075877532968203
BRD-K06519765-065-01-6,S100A10,21,-0.604173233575799,0.00372390098096205,PRISM_secondary_AUC,vinblastine,"microtubule inhibitor, tubulin polymerization inhibitor",0.223745321961412
BRD-K06519765-065-01-6,S100A2,21,-0.674008250445213,0.000807450315313021,PRISM_secondary_AUC,vinblastine,"microtubule inhibitor, tubulin polymerization inhibitor",0.129192050450083
BRD-K06519765-065-01-6,SERPINE1,21,-0.651092971194361,0.00138978429722434,PRISM_secondary_AUC,vinblastine,"microtubule inhibitor, tubulin polymerization inhibitor",0.110649349402389
BRD-K06519765-065-01-6,XBP1,21,0.591971672711592,0.00469747843188736,PRISM_secondary_AUC,vinblastine,"microtubule inhibitor, tubulin polymerization inhibitor",0.182820782213995
BRD-K06519765-065-01-6,YBX1,21,-0.622975305160108,0.0025557974493156,PRISM_secondary_AUC,vinblastine,"microtubule inhibitor, tubulin polymerization inhibitor",0.230021770438404
BRD-K06519765-065-01-6,ZEB2,21,-0.855883587230323,7.51918038474678e-07,PRISM_secondary_AUC,vinblastine,"microtubule inhibitor, tubulin polymerization inhibitor",0.00108276197540354
BRD-K06543683-066-02-1,TBX3,22,0.596837944664032,0.0033644050001755,PRISM_secondary_AUC,bisindolylmaleimide-ix,PKC inhibitor,0.0968948640050545
BRD-K06749501-001-02-1,CD44,18,-0.630915433936643,0.00499189878153565,PRISM_secondary_AUC,GSK1838705A,insulin growth factor receptor inhibitor,0.108914155233505
BRD-K06749501-001-02-1,CEBPA,18,0.520050522893602,0.0269456070324249,PRISM_secondary_AUC,GSK1838705A,insulin growth factor receptor inhibitor,0.24294263703367
BRD-K06749501-001-02-1,DKK3,18,-0.67238451371875,0.00223519786119457,PRISM_secondary_AUC,GSK1838705A,insulin growth factor receptor inhibitor,0.163149385377737
BRD-K06749501-001-02-1,FHL1,18,-0.536383809518114,0.0217441617240421,PRISM_secondary_AUC,GSK1838705A,insulin growth factor receptor inhibitor,0.242320587852546
BRD-K06749501-001-02-1,GJA1,18,-0.732440821472775,0.000546979791307553,PRISM_secondary_AUC,GSK1838705A,insulin growth factor receptor inhibitor,0.0984563624353596
BRD-K06749501-001-02-1,LOX,18,-0.620225183083698,0.0060321975135844,PRISM_secondary_AUC,GSK1838705A,insulin growth factor receptor inhibitor,0.212921750862405
BRD-K06749501-001-02-1,MMP14,18,-0.637319724252806,0.00444212200723532,PRISM_secondary_AUC,GSK1838705A,insulin growth factor receptor inhibitor,0.204248406662577
BRD-K06749501-001-02-1,S100A10,18,-0.615029357026245,0.00659778731418321,PRISM_secondary_AUC,GSK1838705A,insulin growth factor receptor inhibitor,0.249459562790091
BRD-K06749501-001-02-1,TBX3,18,0.615635959480593,0.00652962336592911,PRISM_secondary_AUC,GSK1838705A,insulin growth factor receptor inhibitor,0.138274377160852
BRD-K06753942-001-14-5,TBX3,21,0.546523017674312,0.0103627507996964,PRISM_secondary_AUC,nobiletin,MEK inhibitor,0.169572285813214
BRD-K06814349-304-01-9,CACNA1H,21,0.628197254967031,0.00229238757821369,PRISM_secondary_AUC,fosbretabulin,"tubulin polymerization inhibitor, VE-cadherin antagonist",0.184753912185442
BRD-K06814349-304-01-9,CYFIP2,21,0.651948051948052,0.00136298420487951,PRISM_secondary_AUC,fosbretabulin,"tubulin polymerization inhibitor, VE-cadherin antagonist",0.099363811369483
BRD-K06814349-304-01-9,IER3,21,-0.554991911565711,0.00901590681765766,PRISM_secondary_AUC,fosbretabulin,"tubulin polymerization inhibitor, VE-cadherin antagonist",0.193774713692941
BRD-K06814349-304-01-9,TBX3,21,0.505194805194805,0.0194904366969709,PRISM_secondary_AUC,fosbretabulin,"tubulin polymerization inhibitor, VE-cadherin antagonist",0.221613995703615
BRD-K06814349-304-02-7,CD44,21,-0.586940010617403,0.00515622292637998,PRISM_secondary_AUC,fosbretabulin,"tubulin polymerization inhibitor, VE-cadherin antagonist",0.109902502955332
BRD-K06814349-304-02-7,CEBPA,21,0.6638199121601,0.00103367347560503,PRISM_secondary_AUC,fosbretabulin,"tubulin polymerization inhibitor, VE-cadherin antagonist",0.0973281974376798
BRD-K06814349-304-02-7,DNAJB4,21,-0.647389739605156,0.00151105208897604,PRISM_secondary_AUC,fosbretabulin,"tubulin polymerization inhibitor, VE-cadherin antagonist",0.0878698987741168
BRD-K06814349-304-02-7,ESR1,21,0.738364737925285,0.000132467952736619,PRISM_secondary_AUC,fosbretabulin,"tubulin polymerization inhibitor, VE-cadherin antagonist",0.0629751916638788
BRD-K06814349-304-02-7,ETS1,21,-0.686607625882387,0.000587125646582394,PRISM_secondary_AUC,fosbretabulin,"tubulin polymerization inhibitor, VE-cadherin antagonist",0.0840952482344187
BRD-K06814349-304-02-7,ETV1,21,-0.638998465922349,0.0018192392274621,PRISM_secondary_AUC,fosbretabulin,"tubulin polymerization inhibitor, VE-cadherin antagonist",0.167676285524588
BRD-K06814349-304-02-7,FHL1,21,-0.715042654681455,0.000269455036174302,PRISM_secondary_AUC,fosbretabulin,"tubulin polymerization inhibitor, VE-cadherin antagonist",0.0277153751493568
BRD-K06814349-304-02-7,FOSL1,21,-0.72041036145042,0.000230238267797902,PRISM_secondary_AUC,fosbretabulin,"tubulin polymerization inhibitor, VE-cadherin antagonist",0.0663086211257959
BRD-K06814349-304-02-7,GJB1,21,0.659119496855346,0.0011549104091976,PRISM_secondary_AUC,fosbretabulin,"tubulin polymerization inhibitor, VE-cadherin antagonist",0.104817214801887
BRD-K06814349-304-02-7,HRH1,21,-0.69722003788697,0.000443511747994861,PRISM_secondary_AUC,fosbretabulin,"tubulin polymerization inhibitor, VE-cadherin antagonist",0.106442819518767
BRD-K06814349-304-02-7,IGFBP4,21,0.749361136273331,9.23638863958068e-05,PRISM_secondary_AUC,fosbretabulin,"tubulin polymerization inhibitor, VE-cadherin antagonist",0.0665019982049809
BRD-K06814349-304-02-7,MYB,21,0.635699455902515,0.00195410365962669,PRISM_secondary_AUC,fosbretabulin,"tubulin polymerization inhibitor, VE-cadherin antagonist",0.189951900485205
BRD-K06814349-304-02-7,PBX1,21,0.573319039906872,0.00658758511156294,PRISM_secondary_AUC,fosbretabulin,"tubulin polymerization inhibitor, VE-cadherin antagonist",0.169608664979172
BRD-K06814349-304-02-7,POSTN,21,-0.586661341236191,0.00518267693054176,PRISM_secondary_AUC,fosbretabulin,"tubulin polymerization inhibitor, VE-cadherin antagonist",0.215018440675219
BRD-K06814349-304-02-7,PTHLH,21,-0.564545262230325,0.00767221426087558,PRISM_secondary_AUC,fosbretabulin,"tubulin polymerization inhibitor, VE-cadherin antagonist",0.178045005802059
BRD-K06814349-304-02-7,SERPINE1,21,-0.707191775753874,0.000337076634849947,PRISM_secondary_AUC,fosbretabulin,"tubulin polymerization inhibitor, VE-cadherin antagonist",0.0731433057831524
BRD-K06814349-304-02-7,XBP1,21,0.55782827013159,0.00859828309036894,PRISM_secondary_AUC,fosbretabulin,"tubulin polymerization inhibitor, VE-cadherin antagonist",0.23361372924776
BRD-K06814349-304-02-7,YBX1,21,-0.681901498361356,0.000662505637768439,PRISM_secondary_AUC,fosbretabulin,"tubulin polymerization inhibitor, VE-cadherin antagonist",0.195953005073199
BRD-K06858286-001-01-3,CD44,22,-0.587803500846979,0.0040166125075402,PRISM_secondary_AUC,cabazitaxel,microtubule inhibitor,0.103284321622462
BRD-K06858286-001-01-3,CYFIP2,22,0.531338226990401,0.0109373556692055,PRISM_secondary_AUC,cabazitaxel,microtubule inhibitor,0.235071524830684
BRD-K06858286-001-01-3,IER3,22,-0.576510446075664,0.00497746552844075,PRISM_secondary_AUC,cabazitaxel,microtubule inhibitor,0.163233513377931
BRD-K06858286-001-01-3,PTHLH,22,-0.61038961038961,0.00255390205921473,PRISM_secondary_AUC,cabazitaxel,microtubule inhibitor,0.1313435344739
BRD-K06858286-001-01-3,SLC1A3,22,-0.585544889892716,0.00419522478677647,PRISM_secondary_AUC,cabazitaxel,microtubule inhibitor,0.151028092323953
BRD-K06858286-001-01-3,TGFB2,22,-0.592320722755505,0.00367841816380898,PRISM_secondary_AUC,cabazitaxel,microtubule inhibitor,0.209985535511434
BRD-K07106112-003-03-8,CD44,21,0.496506402217511,0.0220519572411126,PRISM_secondary_AUC,BMS-599626,"EGFR inhibitor, protein tyrosine kinase inhibitor",0.232678869657332
BRD-K07106112-003-03-8,DKK3,21,0.616282624362992,0.00293006929789172,PRISM_secondary_AUC,BMS-599626,"EGFR inhibitor, protein tyrosine kinase inhibitor",0.183447816911481
BRD-K07106112-003-03-8,ETS1,21,0.594145462064168,0.00451005253540263,PRISM_secondary_AUC,BMS-599626,"EGFR inhibitor, protein tyrosine kinase inhibitor",0.177953040235771
BRD-K07106112-003-03-8,FHL1,21,0.569850672603438,0.00700014518985223,PRISM_secondary_AUC,BMS-599626,"EGFR inhibitor, protein tyrosine kinase inhibitor",0.139124159220426
BRD-K07106112-003-03-8,FOSL1,21,0.561322870772407,0.0081056811962607,PRISM_secondary_AUC,BMS-599626,"EGFR inhibitor, protein tyrosine kinase inhibitor",0.237147109160517
BRD-K07106112-003-03-8,FOXF2,21,0.615045748885959,0.00300402367007902,PRISM_secondary_AUC,BMS-599626,"EGFR inhibitor, protein tyrosine kinase inhibitor",0.173031763396551
BRD-K07106112-003-03-8,GJB1,21,-0.685210485220529,0.000608699138762464,PRISM_secondary_AUC,BMS-599626,"EGFR inhibitor, protein tyrosine kinase inhibitor",0.104817214801887
BRD-K07106112-003-03-8,GRHL1,21,-0.595197441021868,0.00442160566960007,PRISM_secondary_AUC,BMS-599626,"EGFR inhibitor, protein tyrosine kinase inhibitor",0.244516492782628
BRD-K07106112-003-03-8,HRH1,21,0.588463756831732,0.00501354463007343,PRISM_secondary_AUC,BMS-599626,"EGFR inhibitor, protein tyrosine kinase inhibitor",0.248948423010543
BRD-K07106112-003-03-8,KLF10,21,0.826493006724644,3.8845151144132e-06,PRISM_secondary_AUC,BMS-599626,"EGFR inhibitor, protein tyrosine kinase inhibitor",0.00559370176475501
BRD-K07106112-003-03-8,LOX,21,0.546996412156502,0.0102833700232396,PRISM_secondary_AUC,BMS-599626,"EGFR inhibitor, protein tyrosine kinase inhibitor",0.231375825522891
BRD-K07106112-003-03-8,MYB,21,-0.592891990625214,0.00461735394932182,PRISM_secondary_AUC,BMS-599626,"EGFR inhibitor, protein tyrosine kinase inhibitor",0.246258877297164
BRD-K07106112-003-03-8,NGF,21,0.675725112657752,0.000773821282633715,PRISM_secondary_AUC,BMS-599626,"EGFR inhibitor, protein tyrosine kinase inhibitor",0.135639160626051
BRD-K07106112-003-03-8,PTHLH,21,0.530664090822156,0.0133255471721912,PRISM_secondary_AUC,BMS-599626,"EGFR inhibitor, protein tyrosine kinase inhibitor",0.224048765025159
BRD-K07106112-003-03-8,XBP1,21,-0.577754010636611,0.00608945955547705,PRISM_secondary_AUC,BMS-599626,"EGFR inhibitor, protein tyrosine kinase inhibitor",0.208781470473499
BRD-K07265709-003-05-6,PTHLH,19,-0.630264244241594,0.00382063873852733,PRISM_secondary_AUC,dexrazoxane,"chelating agent, topoisomerase inhibitor",0.148450299064478
BRD-K07359318-001-03-9,CITED2,19,-0.726782060029046,0.00042380293890591,PRISM_secondary_AUC,benfotiamine,antioxidant,0.203425410674837
BRD-K07359318-001-03-9,GJA1,19,-0.560030742199472,0.0126428354839573,PRISM_secondary_AUC,benfotiamine,antioxidant,0.197913656456253
BRD-K07359318-001-03-9,UGCG,19,-0.744004341833078,0.000259982994361499,PRISM_secondary_AUC,benfotiamine,antioxidant,0.0991517678963931
BRD-K07442505-001-03-6,ETV1,20,-0.598016674954281,0.00535209126458932,PRISM_secondary_AUC,BAM7,BAX activator,0.207119126633267
BRD-K07442505-001-03-6,GJA1,20,-0.724743107131754,0.000300823808512229,PRISM_secondary_AUC,BAM7,BAX activator,0.086637256851522
BRD-K07442505-001-03-6,PTN,20,-0.631292924785761,0.00283460311260133,PRISM_secondary_AUC,BAM7,BAX activator,0.0833026220846105
BRD-K07442505-001-03-6,S100A10,20,-0.615856148237605,0.0038396949749147,PRISM_secondary_AUC,BAM7,BAX activator,0.223745321961412
BRD-K07487750-001-03-3,CEBPA,21,0.546523017674312,0.0103627507996964,PRISM_secondary_AUC,WHI-P154,JAK inhibitor,0.165804012795143
BRD-K07736136-001-04-6,TBX3,20,0.563995235867238,0.00959362475570991,PRISM_secondary_AUC,VX-702,p38 MAPK inhibitor,0.164462138669313
BRD-K07762753-001-04-4,CEBPA,21,0.519038817757392,0.0159063928557258,PRISM_secondary_AUC,aminopurvalanol-a,"CDK inhibitor, tyrosine kinase inhibitor",0.212085238076344
BRD-K07762753-001-04-4,CXCL12,21,0.721787977940755,0.000221003511506925,PRISM_secondary_AUC,aminopurvalanol-a,"CDK inhibitor, tyrosine kinase inhibitor",0.13478610855662
BRD-K07762753-001-04-4,IGFBP5,21,0.641948900707346,0.0017053497661999,PRISM_secondary_AUC,aminopurvalanol-a,"CDK inhibitor, tyrosine kinase inhibitor",0.12083111831314
BRD-K07762753-001-04-4,PBX1,21,0.582076940195136,0.00563427242482388,PRISM_secondary_AUC,aminopurvalanol-a,"CDK inhibitor, tyrosine kinase inhibitor",0.153082118712196
BRD-K07762753-001-04-4,POSTN,21,-0.615370463627337,0.00298445911755963,PRISM_secondary_AUC,aminopurvalanol-a,"CDK inhibitor, tyrosine kinase inhibitor",0.215018440675219
BRD-K07762753-001-04-4,RARA,21,0.58556037607962,0.00528829346378249,PRISM_secondary_AUC,aminopurvalanol-a,"CDK inhibitor, tyrosine kinase inhibitor",0.158648803913475
BRD-K07881437-001-04-6,GJA1,21,-0.658898557953045,0.00116089323590448,PRISM_secondary_AUC,danusertib,"Aurora kinase inhibitor, growth factor receptor inhibitor",0.112924591495791
BRD-K07881437-001-04-6,IER3,21,-0.517679340646133,0.0162328396301748,PRISM_secondary_AUC,danusertib,"Aurora kinase inhibitor, growth factor receptor inhibitor",0.233752890674518
BRD-K07881437-001-04-6,PTN,21,-0.662686438439786,0.00106187353693984,PRISM_secondary_AUC,danusertib,"Aurora kinase inhibitor, growth factor receptor inhibitor",0.046787522253416
BRD-K07881437-001-04-6,S100A10,21,-0.533144941851503,0.012821430551888,PRISM_secondary_AUC,danusertib,"Aurora kinase inhibitor, growth factor receptor inhibitor",0.249459562790091
BRD-K07972848-001-02-0,IL15,15,0.67734797917356,0.00553349002715641,PRISM_secondary_AUC,GSK2126458,"mTOR inhibitor, PI3K inhibitor",0.215932831470013
BRD-K07972848-001-02-0,PTHLH,15,0.69999342265247,0.00366652527801294,PRISM_secondary_AUC,GSK2126458,"mTOR inhibitor, PI3K inhibitor",0.148450299064478
BRD-K07972848-001-02-0,RELA,15,0.787258584914234,0.000494719978331989,PRISM_secondary_AUC,GSK2126458,"mTOR inhibitor, PI3K inhibitor",0.237465589599355
BRD-K08248804-001-01-8,MYL9,21,-0.730773848910147,0.000168215778636903,PRISM_secondary_AUC,LCL-161,XIAP inhibitor,0.0807435737457132
BRD-K08303368-001-10-0,DKK3,19,-0.575804867458904,0.0098827900499657,PRISM_secondary_AUC,chlorpyrifos,acetylcholinesterase inhibitor,0.233298650359846
BRD-K08303368-001-10-0,FHL1,19,-0.61508619226955,0.00506468790317402,PRISM_secondary_AUC,chlorpyrifos,acetylcholinesterase inhibitor,0.115764294929692
BRD-K08303368-001-10-0,IER3,19,-0.620584694375058,0.00458051019428859,PRISM_secondary_AUC,chlorpyrifos,acetylcholinesterase inhibitor,0.163233513377931
BRD-K08303368-001-10-0,LOX,19,-0.596590698749578,0.00701061408933672,PRISM_secondary_AUC,chlorpyrifos,acetylcholinesterase inhibitor,0.213594075210713
BRD-K08303368-001-10-0,PTHLH,19,-0.607820881078184,0.0057679967172566,PRISM_secondary_AUC,chlorpyrifos,acetylcholinesterase inhibitor,0.159280036083197
BRD-K08542803-001-03-1,TBX3,21,0.510666058785388,0.0180037801199494,PRISM_secondary_AUC,gambogic-acid,caspase activator,0.217860868678379
BRD-K08547377-001-04-4,ETV1,22,-0.562005506057451,0.00648554641760783,PRISM_secondary_AUC,irinotecan,topoisomerase inhibitor,0.212683704498722
BRD-K08547377-001-04-4,GJA1,22,-0.721278367017526,0.000151839603338296,PRISM_secondary_AUC,irinotecan,topoisomerase inhibitor,0.0768631533890906
BRD-K08547377-001-04-4,PTN,22,-0.57480862278557,0.00513762194624169,PRISM_secondary_AUC,irinotecan,topoisomerase inhibitor,0.123302926709801
BRD-K08547377-001-04-4,SPP1,22,-0.697491311904799,0.000308300418173771,PRISM_secondary_AUC,irinotecan,topoisomerase inhibitor,0.214413751892835
BRD-K08547377-394-03-5,PTN,15,-0.595789593933305,0.019093119391771,PRISM_secondary_AUC,irinotecan,topoisomerase inhibitor,0.227273642977085
BRD-K08547377-394-03-5,SLC1A3,15,-0.652330823629837,0.00839510545907091,PRISM_secondary_AUC,irinotecan,topoisomerase inhibitor,0.19962142285396
BRD-K08703257-001-13-9,FOXA2,19,0.788797515798973,5.98514282525305e-05,PRISM_secondary_AUC,3-amino-benzamide,PARP inhibitor,0.0861860566836439
BRD-K08791496-001-01-0,HIF1A,20,0.77829262872345,5.32057519852739e-05,PRISM_secondary_AUC,fenaclon,,0.0766162828587945
BRD-K09397065-003-06-1,GJA1,21,-0.552759108248243,0.00935622289605852,PRISM_secondary_AUC,SR-57227A,serotonin receptor agonist,0.179639479604323
BRD-K09426783-300-01-0,PTN,21,-0.53088140096005,0.0132807568942734,PRISM_secondary_AUC,TAS-103,topoisomerase inhibitor,0.199211353414101
BRD-K09549677-300-03-4,SHC1,18,0.79844768937937,7.11655057359145e-05,PRISM_secondary_AUC,mibefradil,T-type calcium channel blocker,0.102478328259717
BRD-K09877029-001-01-2,TBX3,20,0.641237293470311,0.00231143214035555,PRISM_secondary_AUC,VS-4718,focal adhesion kinase inhibitor,0.0964809662308276
BRD-K09900591-001-26-7,BACE1,20,-0.696209848425912,0.000650434579042115,PRISM_secondary_AUC,caffeic-acid,"HIV integrase inhibitor, lipoxygenase inhibitor, nitric oxide production inhibitor, tumor necrosis factor production inhibitor",0.230524139158015
BRD-K09900591-001-26-7,GJA1,20,-0.501578402627674,0.0242464425421735,PRISM_secondary_AUC,caffeic-acid,"HIV integrase inhibitor, lipoxygenase inhibitor, nitric oxide production inhibitor, tumor necrosis factor production inhibitor",0.242837307581377
BRD-K09900591-001-26-7,S100A10,20,-0.543335305022864,0.0132897367109083,PRISM_secondary_AUC,caffeic-acid,"HIV integrase inhibitor, lipoxygenase inhibitor, nitric oxide production inhibitor, tumor necrosis factor production inhibitor",0.249459562790091
BRD-K09900591-001-26-7,TBX3,20,0.523732723005801,0.0177842039494762,PRISM_secondary_AUC,caffeic-acid,"HIV integrase inhibitor, lipoxygenase inhibitor, nitric oxide production inhibitor, tumor necrosis factor production inhibitor",0.217860868678379
BRD-K09951645-001-06-8,GJA1,19,-0.626865686741796,0.0040746041639502,PRISM_secondary_AUC,dabrafenib,RAF inhibitor,0.140031097880623
BRD-K09951645-001-06-8,PTN,19,-0.594416635041503,0.00727464754038772,PRISM_secondary_AUC,dabrafenib,RAF inhibitor,0.145169596479289
BRD-K09951645-001-06-8,TBX3,19,0.543815258173335,0.0160931932491835,PRISM_secondary_AUC,dabrafenib,RAF inhibitor,0.207695687639452
BRD-K10799896-001-26-2,NOTCH1,19,0.708376540503534,0.000687891759885527,PRISM_secondary_AUC,clobetasol-propionate,glucocorticoid receptor agonist,0.24764103355879
BRD-K10845183-304-01-6,GJA1,18,-0.6897375596353,0.00153862799357365,PRISM_secondary_AUC,tiludronate,"bone resorption inhibitor, osteoclast inhibitor",0.123090239485892
BRD-K10845183-304-01-6,PTN,18,-0.653313234850762,0.00328165002856554,PRISM_secondary_AUC,tiludronate,"bone resorption inhibitor, osteoclast inhibitor",0.0926583537477328
BRD-K10961822-001-05-1,GJA1,18,-0.611322626337713,0.00702693875983814,PRISM_secondary_AUC,latanoprost,prostanoid receptor agonist,0.160615743082015
BRD-K11073688-001-01-6,ANPEP,22,-0.588700658926347,0.00394745199222985,PRISM_secondary_AUC,CPI-1189,tumor necrosis factor release inhibitor,0.225167598471809
BRD-K11073688-001-01-6,OPTN,22,-0.612648221343874,0.00243632019621019,PRISM_secondary_AUC,CPI-1189,tumor necrosis factor release inhibitor,0.194905615696815
BRD-K11196887-001-22-0,TBX3,22,0.623941276115189,0.00191451285487753,PRISM_secondary_AUC,norfloxacin,bacterial DNA gyrase inhibitor,0.0964809662308276
BRD-K11244467-001-08-5,TBX3,21,0.514393548265574,0.0170441833474902,PRISM_secondary_AUC,ambazone,DNA damage inducer,0.211582965692982
BRD-K11267252-001-04-4,PEG10,19,0.729037115468558,0.000398350130726992,PRISM_secondary_AUC,alectinib,ALK tyrosine kinase receptor inhibitor,0.248941778847933
BRD-K11433652-001-17-0,BAALC,17,0.819862531855349,5.60383573891385e-05,PRISM_secondary_AUC,aspirin,cyclooxygenase inhibitor,0.0806952346403594
BRD-K11630072-001-13-2,SREBF2,22,0.585710274697565,0.00418192475683352,PRISM_secondary_AUC,carmofur,thymidylate synthase inhibitor,0.179733712564276
BRD-K11630072-001-13-2,TBX3,22,0.490257009100759,0.0205394799470181,PRISM_secondary_AUC,carmofur,thymidylate synthase inhibitor,0.221613995703615
BRD-K11636097-001-03-1,CEBPA,19,0.634193456246636,0.00354341480599882,PRISM_secondary_AUC,JNJ-7706621,CDK inhibitor,0.140371673879831
BRD-K11636097-001-03-1,DCBLD2,19,-0.646280003422818,0.00279257341678642,PRISM_secondary_AUC,JNJ-7706621,CDK inhibitor,0.20716281660071
BRD-K11636097-001-03-1,IER3,19,-0.640877990766783,0.00310996973440183,PRISM_secondary_AUC,JNJ-7706621,CDK inhibitor,0.152477070192036
BRD-K11636097-001-03-1,PTHLH,19,-0.552869887177315,0.0140847027934224,PRISM_secondary_AUC,JNJ-7706621,CDK inhibitor,0.225355244694758
BRD-K11636097-001-03-1,PTN,19,-0.83356711309762,9.29780294786985e-06,PRISM_secondary_AUC,JNJ-7706621,CDK inhibitor,0.00446294541497753
BRD-K11640013-236-10-1,ID4,20,0.693362754748571,0.000699160018440383,PRISM_secondary_AUC,sulfamethazine,PABA antagonist,0.246691956397171
BRD-K11851476-003-01-7,CD44,22,-0.5957086391869,0.00344071784861922,PRISM_secondary_AUC,pardoprunox,"serotonin receptor agonist, dopamine receptor agonist",0.0952814173463785
BRD-K11851476-003-01-7,DNAJB4,22,-0.50875211744777,0.0156093607524371,PRISM_secondary_AUC,pardoprunox,"serotonin receptor agonist, dopamine receptor agonist",0.237832384076735
BRD-K11851476-003-01-7,IER3,22,-0.566346696781479,0.00599906534513705,PRISM_secondary_AUC,pardoprunox,"serotonin receptor agonist, dopamine receptor agonist",0.1659281495617
BRD-K11851476-003-01-7,IL15,22,-0.702992659514399,0.000263290325873618,PRISM_secondary_AUC,pardoprunox,"serotonin receptor agonist, dopamine receptor agonist",0.0483312693833422
BRD-K11851476-003-01-7,PTHLH,22,-0.599096555618295,0.00321603220769426,PRISM_secondary_AUC,pardoprunox,"serotonin receptor agonist, dopamine receptor agonist",0.148450299064478
BRD-K11851476-003-01-7,SLC1A3,22,-0.53811405985319,0.00978453856522305,PRISM_secondary_AUC,pardoprunox,"serotonin receptor agonist, dopamine receptor agonist",0.201281936198874
BRD-K11851476-003-01-7,TGFB2,22,-0.77639751552795,2.15704058888416e-05,PRISM_secondary_AUC,pardoprunox,"serotonin receptor agonist, dopamine receptor agonist",0.02382452237583
BRD-K11927976-050-02-9,CD44,22,-0.535855448898927,0.0101571588758209,PRISM_secondary_AUC,ER-27319,"mediator release inhibitor, SYK inhibitor",0.156665491422951
BRD-K11927976-050-02-9,CYFIP2,22,0.612648221343874,0.00243632019621019,PRISM_secondary_AUC,ER-27319,"mediator release inhibitor, SYK inhibitor",0.100970676408489
BRD-K11927976-050-02-9,DKK3,22,-0.562958780350085,0.00637601293424885,PRISM_secondary_AUC,ER-27319,"mediator release inhibitor, SYK inhibitor",0.224742059993937
BRD-K11927976-050-02-9,DNAJB4,22,-0.542631281761717,0.00907293608450236,PRISM_secondary_AUC,ER-27319,"mediator release inhibitor, SYK inhibitor",0.184216111865868
BRD-K11927976-050-02-9,FHL1,22,-0.527118728194128,0.0117098132395875,PRISM_secondary_AUC,ER-27319,"mediator release inhibitor, SYK inhibitor",0.18131323725813
BRD-K11927976-050-02-9,IER3,22,-0.533596837944664,0.0105413422091625,PRISM_secondary_AUC,ER-27319,"mediator release inhibitor, SYK inhibitor",0.201720652412208
BRD-K11927976-050-02-9,MMP14,22,-0.616774946933212,0.00223325281716483,PRISM_secondary_AUC,ER-27319,"mediator release inhibitor, SYK inhibitor",0.168437626141598
BRD-K11927976-050-02-9,PTN,22,-0.501704630468991,0.0173601140116351,PRISM_secondary_AUC,ER-27319,"mediator release inhibitor, SYK inhibitor",0.221226231652695
BRD-K11927976-050-02-9,RARA,22,0.596837944664032,0.0033644050001755,PRISM_secondary_AUC,ER-27319,"mediator release inhibitor, SYK inhibitor",0.13457620000702
BRD-K11927976-050-02-9,SLC1A3,22,-0.662337662337662,0.000784118790099197,PRISM_secondary_AUC,ER-27319,"mediator release inhibitor, SYK inhibitor",0.0921669084516871
BRD-K12244279-001-05-8,CAV1,19,-0.629861743102475,0.00385001796891584,PRISM_secondary_AUC,MEK1-2-inhibitor,MEK inhibitor,0.145895417769442
BRD-K12244279-001-05-8,DKK3,19,-0.579015923156833,0.00938570722663789,PRISM_secondary_AUC,MEK1-2-inhibitor,MEK inhibitor,0.232520993003914
BRD-K12244279-001-05-8,GJB1,19,0.644147432202453,0.00291450637353867,PRISM_secondary_AUC,MEK1-2-inhibitor,MEK inhibitor,0.15164983456734
BRD-K12244279-001-05-8,RARA,19,0.602774151449075,0.00630201127358576,PRISM_secondary_AUC,MEK1-2-inhibitor,MEK inhibitor,0.166616117808853
BRD-K12244279-001-05-8,XBP1,19,0.592593054400854,0.00750230435410846,PRISM_secondary_AUC,MEK1-2-inhibitor,MEK inhibitor,0.225069130623254
BRD-K12251893-065-04-7,GJA1,22,-0.495340319102956,0.0190744186495082,PRISM_secondary_AUC,vincristine,tubulin polymerization inhibitor,0.216276872876313
BRD-K12251893-065-04-7,PTHLH,22,-0.654432523997742,0.00095174489575696,PRISM_secondary_AUC,vincristine,tubulin polymerization inhibitor,0.116091668607512
BRD-K12251893-065-04-7,PTN,22,-0.580503436836437,0.00461795281252373,PRISM_secondary_AUC,vincristine,tubulin polymerization inhibitor,0.114652621552313
BRD-K12343256-001-08-9,CYFIP2,22,0.619424054206663,0.00211057667205784,PRISM_secondary_AUC,trametinib,MEK inhibitor,0.100970676408489
BRD-K12343256-001-08-9,IGFBP5,22,0.564088085827216,0.00624824203930299,PRISM_secondary_AUC,trametinib,MEK inhibitor,0.209243454339449
BRD-K12343256-001-08-9,RARA,22,0.586674195369848,0.00410510668063783,PRISM_secondary_AUC,trametinib,MEK inhibitor,0.144807744024473
BRD-K12343256-001-14-7,CEBPA,21,0.485534668052443,0.0256629539058829,PRISM_secondary_AUC,trametinib,MEK inhibitor,0.239965283275788
BRD-K12343256-001-14-7,PBX1,21,0.523246098580788,0.0149295183029661,PRISM_secondary_AUC,trametinib,MEK inhibitor,0.235233501027996
BRD-K12502280-001-08-0,CEBPA,20,0.563501486866176,0.00967094368831148,PRISM_secondary_AUC,TG-101348,"FLT3 inhibitor, JAK inhibitor",0.165804012795143
BRD-K12502280-001-08-0,PBX1,20,0.58116196282297,0.00720183364238287,PRISM_secondary_AUC,TG-101348,"FLT3 inhibitor, JAK inhibitor",0.169682723446061
BRD-K12539581-001-23-7,ANPEP,22,-0.590395574451087,0.00381951066099535,PRISM_secondary_AUC,nocodazole,tubulin polymerization inhibitor,0.225167598471809
BRD-K12539581-001-23-7,PTHLH,22,-0.551665725578769,0.00777712482461112,PRISM_secondary_AUC,nocodazole,tubulin polymerization inhibitor,0.178045005802059
BRD-K12829205-003-02-8,GJA1,17,-0.651635770316388,0.00459546545379174,PRISM_secondary_AUC,mechlorethamine,DNA inhibitor,0.147054894521336
BRD-K12829205-003-02-8,PMEPA1,17,0.713227517907189,0.00130748473976017,PRISM_secondary_AUC,mechlorethamine,DNA inhibitor,0.235347253156831
BRD-K12829205-003-02-8,PTN,17,-0.587504304652704,0.0131420908381746,PRISM_secondary_AUC,mechlorethamine,DNA inhibitor,0.199206429547067
BRD-K12932420-001-02-3,CACNA1H,22,0.645580370278994,0.00117482544770258,PRISM_secondary_AUC,YM-976,phosphodiesterase inhibitor,0.184753912185442
BRD-K12932420-001-02-3,CEBPA,22,0.496329757199322,0.0187992960278912,PRISM_secondary_AUC,YM-976,phosphodiesterase inhibitor,0.230112372972273
BRD-K12932420-001-02-3,DBI,22,0.567476002258611,0.00587760481969481,PRISM_secondary_AUC,YM-976,phosphodiesterase inhibitor,0.228750025415149
BRD-K12932420-001-02-3,ETS1,22,-0.575381140598532,0.00508327102822324,PRISM_secondary_AUC,YM-976,phosphodiesterase inhibitor,0.178534397088816
BRD-K12932420-001-02-3,PBX1,22,0.511010728402033,0.015079604012522,PRISM_secondary_AUC,YM-976,phosphodiesterase inhibitor,0.235233501027996
BRD-K12932420-001-02-3,TGFB2,22,-0.612648221343874,0.00243632019621019,PRISM_secondary_AUC,YM-976,phosphodiesterase inhibitor,0.167061956311556
BRD-K12932420-001-02-3,XBP1,22,0.543760587238848,0.00890185472079618,PRISM_secondary_AUC,YM-976,phosphodiesterase inhibitor,0.237382792554565
BRD-K13044802-213-20-7,ANPEP,22,-0.584745856035287,0.0042599810015137,PRISM_secondary_AUC,ciclopirox,membrane integrity inhibitor,0.225167598471809
BRD-K13044802-213-20-7,CACNA1H,22,0.590228772477296,0.00383194575034427,PRISM_secondary_AUC,ciclopirox,membrane integrity inhibitor,0.229916745020656
BRD-K13044802-213-20-7,CDX1,22,-0.668051583102672,0.000679284642743361,PRISM_secondary_AUC,ciclopirox,membrane integrity inhibitor,0.139738555078634
BRD-K13044802-213-20-7,CYFIP2,22,0.629587803500847,0.00169129015260225,PRISM_secondary_AUC,ciclopirox,membrane integrity inhibitor,0.100970676408489
BRD-K13044802-213-20-7,FHL1,22,-0.509039629263569,0.01554109856737,PRISM_secondary_AUC,ciclopirox,membrane integrity inhibitor,0.203447108518298
BRD-K13044802-213-20-7,GJA1,22,-0.497034755770354,0.0186052233315795,PRISM_secondary_AUC,ciclopirox,membrane integrity inhibitor,0.215291663793694
BRD-K13044802-213-20-7,NKX2-5,22,-0.673850766560694,0.000585387270348649,PRISM_secondary_AUC,ciclopirox,membrane integrity inhibitor,0.230679506857608
BRD-K13044802-213-20-7,PLAGL1,22,-0.619599008045544,0.00210267930812585,PRISM_secondary_AUC,ciclopirox,membrane integrity inhibitor,0.182466034216484
BRD-K13044802-213-20-7,POSTN,22,-0.730882410073555,0.000111779772552184,PRISM_secondary_AUC,ciclopirox,membrane integrity inhibitor,0.043305933474153
BRD-K13044802-213-20-7,PTN,22,-0.636059429814924,0.00146294670132466,PRISM_secondary_AUC,ciclopirox,membrane integrity inhibitor,0.0585178680529862
BRD-K13044802-213-20-7,SLC1A3,22,-0.53811405985319,0.00978453856522305,PRISM_secondary_AUC,ciclopirox,membrane integrity inhibitor,0.201281936198874
BRD-K13044802-213-20-7,TBX3,22,0.499717673630717,0.0178813871183816,PRISM_secondary_AUC,ciclopirox,membrane integrity inhibitor,0.217860868678379
BRD-K13049116-001-05-7,CEBPA,20,0.562363459275639,0.00985108502754554,PRISM_secondary_AUC,BMS-754807,IGF-1 inhibitor,0.165804012795143
BRD-K13049116-001-05-7,RARA,20,0.54366003822105,0.0132238699595818,PRISM_secondary_AUC,BMS-754807,IGF-1 inhibitor,0.238614966427491
BRD-K13049116-001-05-7,TBX3,20,0.576138673960073,0.00784456723686823,PRISM_secondary_AUC,BMS-754807,IGF-1 inhibitor,0.150256667231026
BRD-K13049116-001-05-7,USF1,20,0.731368634701952,0.000248165411879979,PRISM_secondary_AUC,BMS-754807,IGF-1 inhibitor,0.178679096553585
BRD-K13060017-001-01-3,ETV1,21,-0.616345947650471,0.0029263244791137,PRISM_secondary_AUC,UNC0631,histone lysine methyltransferase inhibitor,0.167676285524588
BRD-K13060017-001-01-3,PCSK2,21,0.690318426066258,0.000532965075495837,PRISM_secondary_AUC,UNC0631,histone lysine methyltransferase inhibitor,0.191867427178501
BRD-K13094524-001-07-5,TP73,21,0.748777310863122,9.4191819583776e-05,PRISM_secondary_AUC,PFI-1,bromodomain inhibitor,0.135636220200637
BRD-K13112821-001-17-4,UGCG,21,-0.796781655638377,1.54038520788172e-05,PRISM_secondary_AUC,artemisinin,DNA synthesis inhibitor,0.0221815469934968
BRD-K13169950-001-14-4,CD44,18,-0.626259730053576,0.00542534857641928,PRISM_secondary_AUC,NSC-3852,HDAC inhibitor,0.110749797873336
BRD-K13169950-001-14-4,DNAJB4,18,-0.583564627001699,0.0110088089369411,PRISM_secondary_AUC,NSC-3852,HDAC inhibitor,0.200642840806788
BRD-K13169950-001-14-4,FHL1,18,-0.610851964712144,0.00708300821854252,PRISM_secondary_AUC,NSC-3852,HDAC inhibitor,0.139124159220426
BRD-K13169950-001-14-4,GJA1,18,-0.58003019882883,0.011624446885373,PRISM_secondary_AUC,NSC-3852,HDAC inhibitor,0.196931806058084
BRD-K13169950-001-14-4,IER3,18,-0.71231103812012,0.000910679531990321,PRISM_secondary_AUC,NSC-3852,HDAC inhibitor,0.0978937607064302
BRD-K13169950-001-14-4,LOX,18,-0.588196452498953,0.0102418233905878,PRISM_secondary_AUC,NSC-3852,HDAC inhibitor,0.231375825522891
BRD-K13169950-001-14-4,PTHLH,18,-0.813010131759262,4.1027398898507e-05,PRISM_secondary_AUC,NSC-3852,HDAC inhibitor,0.0590794544138501
BRD-K13169950-001-14-4,PTN,18,-0.678683515879706,0.00195728090509248,PRISM_secondary_AUC,NSC-3852,HDAC inhibitor,0.0704621125833293
BRD-K13169950-001-14-4,TGFB2,18,-0.638066335146602,0.00438138142222253,PRISM_secondary_AUC,NSC-3852,HDAC inhibitor,0.21755824993105
BRD-K13302470-001-02-7,CEBPA,19,0.555283154456244,0.0135847910615133,PRISM_secondary_AUC,KY02111,Wnt pathway inhibitor,0.188158466322418
BRD-K13387373-004-14-5,CYFIP2,20,0.549330517270062,0.0121155212020336,PRISM_secondary_AUC,thonzonium,ATPase inhibitor,0.238991103163402
BRD-K13514097-001-04-6,TBX3,19,-0.579598701222348,0.00929769914615713,PRISM_secondary_AUC,everolimus,mTOR inhibitor,0.163276667932515
BRD-K13566078-001-02-3,CEBPA,21,0.520904751220829,0.0154669752901239,PRISM_secondary_AUC,BMS-345541,IKK inhibitor,0.208153686147461
BRD-K13571841-001-14-4,CD44,19,-0.550307062303605,0.0146316082765096,PRISM_secondary_AUC,pepstatin,aspartic protease inhibitor,0.187885647522946
BRD-K13571841-001-14-4,CEBPA,19,0.747758330969871,0.000232548872220992,PRISM_secondary_AUC,pepstatin,aspartic protease inhibitor,0.0484995355478951
BRD-K13571841-001-14-4,COL18A1,19,-0.678751380521393,0.0013975498589746,PRISM_secondary_AUC,pepstatin,aspartic protease inhibitor,0.180725867093232
BRD-K13571841-001-14-4,DBI,19,0.663942499721659,0.00193567384277483,PRISM_secondary_AUC,pepstatin,aspartic protease inhibitor,0.12669865152708
BRD-K13571841-001-14-4,DCBLD2,19,-0.644790878990968,0.00287726134167653,PRISM_secondary_AUC,pepstatin,aspartic protease inhibitor,0.20716281660071
BRD-K13571841-001-14-4,ETV1,19,-0.620335662548321,0.00460158455441266,PRISM_secondary_AUC,pepstatin,aspartic protease inhibitor,0.203523952690609
BRD-K13571841-001-14-4,FAS,19,-0.679458684936011,0.00137535787158127,PRISM_secondary_AUC,pepstatin,aspartic protease inhibitor,0.21313064089374
BRD-K13571841-001-14-4,FHL1,19,-0.699830112986239,0.000851121460778906,PRISM_secondary_AUC,pepstatin,aspartic protease inhibitor,0.0431286935399552
BRD-K13571841-001-14-4,GJA1,19,-0.606962670997684,0.00585609870718318,PRISM_secondary_AUC,pepstatin,aspartic protease inhibitor,0.160615743082015
BRD-K13571841-001-14-4,GJB1,19,0.680773571121753,0.00133488482439162,PRISM_secondary_AUC,pepstatin,aspartic protease inhibitor,0.104817214801887
BRD-K13571841-001-14-4,GRHL1,19,0.707326541845772,0.000706400648746549,PRISM_secondary_AUC,pepstatin,aspartic protease inhibitor,0.127152116774379
BRD-K13571841-001-14-4,LOX,19,-0.618586651881833,0.00475184857042475,PRISM_secondary_AUC,pepstatin,aspartic protease inhibitor,0.212921750862405
BRD-K13571841-001-14-4,MMP14,19,-0.606444302699208,0.00590984387722452,PRISM_secondary_AUC,pepstatin,aspartic protease inhibitor,0.209097426201482
BRD-K13571841-001-14-4,MYCN,19,0.67281580887435,0.00159584663782107,PRISM_secondary_AUC,pepstatin,aspartic protease inhibitor,0.152401522523339
BRD-K13571841-001-14-4,NGF,19,-0.677305788265151,0.00144383727320275,PRISM_secondary_AUC,pepstatin,aspartic protease inhibitor,0.141034839117308
BRD-K13571841-001-14-4,NR4A1,19,0.666447052424015,0.00183417300488612,PRISM_secondary_AUC,pepstatin,aspartic protease inhibitor,0.209534569753285
BRD-K13571841-001-14-4,OPTN,19,-0.692093965005615,0.00102579973754592,PRISM_secondary_AUC,pepstatin,aspartic protease inhibitor,0.175393518678971
BRD-K13571841-001-14-4,PBX1,19,0.646245580716454,0.00279450750295868,PRISM_secondary_AUC,pepstatin,aspartic protease inhibitor,0.138761751871052
BRD-K13571841-001-14-4,PTN,19,-0.693036721359778,0.00100302658927507,PRISM_secondary_AUC,pepstatin,aspartic protease inhibitor,0.046787522253416
BRD-K13571841-001-14-4,S100A10,19,-0.564175556837851,0.0118640242494982,PRISM_secondary_AUC,pepstatin,aspartic protease inhibitor,0.249459562790091
BRD-K13571841-001-14-4,SERPINE1,19,-0.645942890139862,0.00281156236625273,PRISM_secondary_AUC,pepstatin,aspartic protease inhibitor,0.161945992296157
BRD-K13571841-001-14-4,XBP1,19,0.733193443038639,0.000354816747024494,PRISM_secondary_AUC,pepstatin,aspartic protease inhibitor,0.0762289074755202
BRD-K13571841-001-14-4,ZEB2,19,-0.622265178347739,0.00444036079683061,PRISM_secondary_AUC,pepstatin,aspartic protease inhibitor,0.214870748808551
BRD-K13646352-001-03-8,CITED2,21,-0.714285714285714,0.000275421577489981,PRISM_secondary_AUC,midostaurin,"FLT3 inhibitor, KIT inhibitor, PKC inhibitor",0.198303535792786
BRD-K13646352-001-03-8,DKK3,21,-0.554289697651922,0.00912182484746971,PRISM_secondary_AUC,midostaurin,"FLT3 inhibitor, KIT inhibitor, PKC inhibitor",0.232520993003914
BRD-K13646352-001-03-8,GJA1,21,-0.621909961455205,0.00261253808630608,PRISM_secondary_AUC,midostaurin,"FLT3 inhibitor, KIT inhibitor, PKC inhibitor",0.129768789699103
BRD-K13646352-001-03-8,MMP14,21,-0.583897797877686,0.00545115988634229,PRISM_secondary_AUC,midostaurin,"FLT3 inhibitor, KIT inhibitor, PKC inhibitor",0.208874284743947
BRD-K13646352-001-03-8,POSTN,21,-0.579619391081665,0.00588945376765802,PRISM_secondary_AUC,midostaurin,"FLT3 inhibitor, KIT inhibitor, PKC inhibitor",0.215018440675219
BRD-K13646352-001-03-8,PTN,21,-0.540034528562809,0.0115021033329972,PRISM_secondary_AUC,midostaurin,"FLT3 inhibitor, KIT inhibitor, PKC inhibitor",0.186157846368624
BRD-K13662825-001-07-5,ADA,22,-0.68944099378882,0.000386050001751659,PRISM_secondary_AUC,dinaciclib,CDK inhibitor,0.206854351133695
BRD-K13662825-001-07-5,AR,22,0.712226458135773,0.000200425024103941,PRISM_secondary_AUC,dinaciclib,CDK inhibitor,0.0576012032696939
BRD-K13662825-001-07-5,CACNA1H,22,0.585145462475099,0.00422749204793768,PRISM_secondary_AUC,dinaciclib,CDK inhibitor,0.24350354196121
BRD-K13662825-001-07-5,CAV1,22,-0.765320561441853,3.32717176763169e-05,PRISM_secondary_AUC,dinaciclib,CDK inhibitor,0.0479112734538964
BRD-K13662825-001-07-5,CD44,22,-0.687182382834557,0.000410680357402235,PRISM_secondary_AUC,dinaciclib,CDK inhibitor,0.0369913324987507
BRD-K13662825-001-07-5,CEBPA,22,0.829474872953134,1.81876380956905e-06,PRISM_secondary_AUC,dinaciclib,CDK inhibitor,0.00261901988577943
BRD-K13662825-001-07-5,CTCF,22,0.708639186900057,0.000223103849004306,PRISM_secondary_AUC,dinaciclib,CDK inhibitor,0.0803173856415502
BRD-K13662825-001-07-5,CYFIP2,22,0.548277809147374,0.00824385413837579,PRISM_secondary_AUC,dinaciclib,CDK inhibitor,0.204674999297606
BRD-K13662825-001-07-5,DBI,22,0.658949745906268,0.000852577428300213,PRISM_secondary_AUC,dinaciclib,CDK inhibitor,0.0944393459040236
BRD-K13662825-001-07-5,DKK3,22,-0.654432523997742,0.00095174489575696,PRISM_secondary_AUC,dinaciclib,CDK inhibitor,0.137051264989002
BRD-K13662825-001-07-5,DNAJB4,22,-0.620553359683794,0.00206003814908212,PRISM_secondary_AUC,dinaciclib,CDK inhibitor,0.102291549471664
BRD-K13662825-001-07-5,ESR1,22,0.624293884945886,0.00189987937013794,PRISM_secondary_AUC,dinaciclib,CDK inhibitor,0.113992762208276
BRD-K13662825-001-07-5,ETS1,22,-0.665725578769057,0.000720413010921357,PRISM_secondary_AUC,dinaciclib,CDK inhibitor,0.0864495613105629
BRD-K13662825-001-07-5,ETV1,22,-0.623941276115189,0.00191451285487753,PRISM_secondary_AUC,dinaciclib,CDK inhibitor,0.167676285524588
BRD-K13662825-001-07-5,FHL1,22,-0.755932324034023,4.71946130961323e-05,PRISM_secondary_AUC,dinaciclib,CDK inhibitor,0.00870940426857415
BRD-K13662825-001-07-5,FOSL1,22,-0.720135583644548,0.00015734653953706,PRISM_secondary_AUC,dinaciclib,CDK inhibitor,0.0566447542333416
BRD-K13662825-001-07-5,FOXF2,22,-0.682739375474101,0.00046309511764896,PRISM_secondary_AUC,dinaciclib,CDK inhibitor,0.109941264327236
BRD-K13662825-001-07-5,GADD45G,22,0.700931968080693,0.000279436564062632,PRISM_secondary_AUC,dinaciclib,CDK inhibitor,0.101998084311892
BRD-K13662825-001-07-5,GJA1,22,-0.513979122444344,0.0144056564936138,PRISM_secondary_AUC,dinaciclib,CDK inhibitor,0.201774401344518
BRD-K13662825-001-07-5,GJB1,22,0.690378545284273,0.000376205458701872,PRISM_secondary_AUC,dinaciclib,CDK inhibitor,0.104817214801887
BRD-K13662825-001-07-5,GRHL1,22,0.626199887069452,0.00182240619443757,PRISM_secondary_AUC,dinaciclib,CDK inhibitor,0.174950994666006
BRD-K13662825-001-07-5,HBEGF,22,-0.621682665160926,0.00201052580350342,PRISM_secondary_AUC,dinaciclib,CDK inhibitor,0.24126309642041
BRD-K13662825-001-07-5,IGFBP5,22,0.716544325239978,0.00017579345075638,PRISM_secondary_AUC,dinaciclib,CDK inhibitor,0.0418197152844492
BRD-K13662825-001-07-5,MMP14,22,-0.585145462475099,0.00422749204793768,PRISM_secondary_AUC,dinaciclib,CDK inhibitor,0.204248406662577
BRD-K13662825-001-07-5,MTA1,22,0.673630717108978,0.000588735448582319,PRISM_secondary_AUC,dinaciclib,CDK inhibitor,0.169555809191708
BRD-K13662825-001-07-5,MYB,22,0.738001129305477,8.8340657624753e-05,PRISM_secondary_AUC,dinaciclib,CDK inhibitor,0.0694749443497487
BRD-K13662825-001-07-5,MYCN,22,0.586606596749701,0.00411045509859935,PRISM_secondary_AUC,dinaciclib,CDK inhibitor,0.189488453426075
BRD-K13662825-001-07-5,NT5E,22,-0.649915302089215,0.00106058442237273,PRISM_secondary_AUC,dinaciclib,CDK inhibitor,0.169693507579636
BRD-K13662825-001-07-5,PBX1,22,0.731225296442688,0.000110538224788703,PRISM_secondary_AUC,dinaciclib,CDK inhibitor,0.0412823116105464
BRD-K13662825-001-07-5,POSTN,22,-0.641363479227336,0.00129583707424088,PRISM_secondary_AUC,dinaciclib,CDK inhibitor,0.143538875915913
BRD-K13662825-001-07-5,PTN,22,-0.488099081168137,0.0211881430985604,PRISM_secondary_AUC,dinaciclib,CDK inhibitor,0.236518806681604
BRD-K13662825-001-07-5,RARA,22,0.760587238848108,3.97615020086796e-05,PRISM_secondary_AUC,dinaciclib,CDK inhibitor,0.0152421207279239
BRD-K13662825-001-07-5,S100A10,22,-0.585544889892716,0.00419522478677647,PRISM_secondary_AUC,dinaciclib,CDK inhibitor,0.223745321961412
BRD-K13662825-001-07-5,S100A2,22,-0.590062111801242,0.00384440412646234,PRISM_secondary_AUC,dinaciclib,CDK inhibitor,0.239935464998578
BRD-K13662825-001-07-5,SERPINE1,22,-0.758757183241923,4.25519154690316e-05,PRISM_secondary_AUC,dinaciclib,CDK inhibitor,0.0306373791377028
BRD-K13662825-001-07-5,SLC1A3,22,-0.53811405985319,0.00978453856522305,PRISM_secondary_AUC,dinaciclib,CDK inhibitor,0.201281936198874
BRD-K13662825-001-07-5,SNAI2,22,-0.6890709114089,0.000389996506882326,PRISM_secondary_AUC,dinaciclib,CDK inhibitor,0.167596374539226
BRD-K13662825-001-07-5,TBX3,22,0.700734048560136,0.000281031325685999,PRISM_secondary_AUC,dinaciclib,CDK inhibitor,0.0454775600539718
BRD-K13662825-001-07-5,VDR,22,0.675889328063241,0.000555137220115531,PRISM_secondary_AUC,dinaciclib,CDK inhibitor,0.158077085450859
BRD-K13662825-001-07-5,XBP1,22,0.636363636363636,0.00145289144656945,PRISM_secondary_AUC,dinaciclib,CDK inhibitor,0.116231315725556
BRD-K13810148-311-03-2,GJA1,21,-0.600594499066619,0.00399018247586064,PRISM_secondary_AUC,givinostat,HDAC inhibitor,0.140031097880623
BRD-K14109347-001-03-4,CACNA1H,22,0.650098868058725,0.00105596352241452,PRISM_secondary_AUC,LY2603618,CHK inhibitor,0.184753912185442
BRD-K14109347-001-03-4,CD44,22,-0.636363636363636,0.00145289144656945,PRISM_secondary_AUC,LY2603618,CHK inhibitor,0.0615342259723533
BRD-K14109347-001-03-4,CYFIP2,22,0.6386222473179,0.00138005293568726,PRISM_secondary_AUC,LY2603618,CHK inhibitor,0.099363811369483
BRD-K14109347-001-03-4,DBI,22,0.709768492377188,0.000215736766853359,PRISM_secondary_AUC,LY2603618,CHK inhibitor,0.0621321888537674
BRD-K14109347-001-03-4,ETS1,22,-0.6171654432524,0.00221480021819357,PRISM_secondary_AUC,LY2603618,CHK inhibitor,0.132888013091614
BRD-K14109347-001-03-4,FHL1,22,-0.591525518134247,0.00373615947837438,PRISM_secondary_AUC,LY2603618,CHK inhibitor,0.0943871868220896
BRD-K14109347-001-03-4,FOXF2,22,-0.555718096316128,0.00724772764943649,PRISM_secondary_AUC,LY2603618,CHK inhibitor,0.230804960427368
BRD-K14109347-001-03-4,GJB1,22,0.636922545896529,0.00143457005403481,PRISM_secondary_AUC,LY2603618,CHK inhibitor,0.104817214801887
BRD-K14109347-001-03-4,IL15,22,-0.618294748729531,0.0021621583150805,PRISM_secondary_AUC,LY2603618,CHK inhibitor,0.163333419827275
BRD-K14109347-001-03-4,PBX1,22,0.540372670807454,0.00942321766721647,PRISM_secondary_AUC,LY2603618,CHK inhibitor,0.185882649873859
BRD-K14109347-001-03-4,PTHLH,22,-0.576510446075664,0.00497746552844075,PRISM_secondary_AUC,LY2603618,CHK inhibitor,0.155728282504639
BRD-K14109347-001-03-4,S100A2,22,-0.64652738565782,0.00114901344197261,PRISM_secondary_AUC,LY2603618,CHK inhibitor,0.16057625067005
BRD-K14109347-001-03-4,SYP,22,0.68944099378882,0.000386050001751659,PRISM_secondary_AUC,LY2603618,CHK inhibitor,0.190562265356872
BRD-K14109347-001-03-4,TGFB2,22,-0.640880858272163,0.00131033894440303,PRISM_secondary_AUC,LY2603618,CHK inhibitor,0.138678314150837
BRD-K14109347-001-03-4,TGFBR2,22,-0.620553359683794,0.00206003814908212,PRISM_secondary_AUC,LY2603618,CHK inhibitor,0.197763662311883
BRD-K14385366-001-04-4,BAALC,20,0.609660803794155,0.00431849590087732,PRISM_secondary_AUC,FG-4592,hypoxia inducible factor prolyl hydroxylase inhibitor,0.248745363890534
BRD-K14385366-001-04-4,SREBF2,20,0.619624783117733,0.0035705911948647,PRISM_secondary_AUC,FG-4592,hypoxia inducible factor prolyl hydroxylase inhibitor,0.179733712564276
BRD-K14385366-001-04-4,TBX3,20,0.555003442701206,0.0110830928219381,PRISM_secondary_AUC,FG-4592,hypoxia inducible factor prolyl hydroxylase inhibitor,0.174363387917662
BRD-K15025317-001-15-1,MYCN,21,0.628061820884062,0.00229891916307892,PRISM_secondary_AUC,BAY-11-7082,NFkB pathway inhibitor,0.155879633386404
BRD-K15071410-001-01-1,FAS,21,-0.584415584415584,0.0053999983649124,PRISM_secondary_AUC,tiotidine,histamine receptor antagonist,0.236918570590239
BRD-K15071410-001-01-1,IER3,21,-0.562808676090319,0.00790338271252407,PRISM_secondary_AUC,tiotidine,histamine receptor antagonist,0.183562437194107
BRD-K15071410-001-01-1,SLC1A3,21,-0.643160125048303,0.00166036777196943,PRISM_secondary_AUC,tiotidine,histamine receptor antagonist,0.0921669084516871
BRD-K15108141-001-06-6,CD44,17,-0.747703952268323,0.000558936199278925,PRISM_secondary_AUC,gemcitabine,ribonucleotide reductase inhibitor,0.044714895942314
BRD-K15108141-001-06-6,CEBPA,17,0.586575166824911,0.0133232493875633,PRISM_secondary_AUC,gemcitabine,ribonucleotide reductase inhibitor,0.188158466322418
BRD-K15108141-001-06-6,CYFIP2,17,0.692968666046899,0.00204245286502676,PRISM_secondary_AUC,gemcitabine,ribonucleotide reductase inhibitor,0.100970676408489
BRD-K15108141-001-06-6,ETS1,17,-0.646183334198709,0.00507017825657341,PRISM_secondary_AUC,gemcitabine,ribonucleotide reductase inhibitor,0.178534397088816
BRD-K15108141-001-06-6,FHL1,17,-0.622581556698021,0.00760282785515073,PRISM_secondary_AUC,gemcitabine,ribonucleotide reductase inhibitor,0.144053580413382
BRD-K15108141-001-06-6,FOSL1,17,-0.600370337318318,0.0108278108517263,PRISM_secondary_AUC,gemcitabine,ribonucleotide reductase inhibitor,0.239519517763814
BRD-K15108141-001-06-6,FST,17,-0.651402337952761,0.00461502330216896,PRISM_secondary_AUC,gemcitabine,ribonucleotide reductase inhibitor,0.248186318231838
BRD-K15108141-001-06-6,GJA1,17,-0.696772390940676,0.00188339419771724,PRISM_secondary_AUC,gemcitabine,ribonucleotide reductase inhibitor,0.129768789699103
BRD-K15108141-001-06-6,IER3,17,-0.708359562851892,0.00146018893069566,PRISM_secondary_AUC,gemcitabine,ribonucleotide reductase inhibitor,0.123686591776573
BRD-K15108141-001-06-6,LOX,17,-0.616247896647864,0.00843127055140378,PRISM_secondary_AUC,gemcitabine,ribonucleotide reductase inhibitor,0.231375825522891
BRD-K15108141-001-06-6,PTHLH,17,-0.699391263242025,0.00177990190474809,PRISM_secondary_AUC,gemcitabine,ribonucleotide reductase inhibitor,0.116091668607512
BRD-K15108141-001-06-6,PTN,17,-0.795656663535,0.00013380883014557,PRISM_secondary_AUC,gemcitabine,ribonucleotide reductase inhibitor,0.0234052535051954
BRD-K15108141-001-06-6,S100A10,17,-0.721924116196425,0.0010674305457483,PRISM_secondary_AUC,gemcitabine,ribonucleotide reductase inhibitor,0.140235571888445
BRD-K15108141-001-06-6,SLC1A3,17,-0.7023903779866,0.00166716242110421,PRISM_secondary_AUC,gemcitabine,ribonucleotide reductase inhibitor,0.0921669084516871
BRD-K15108141-001-06-6,TBX3,17,0.55528810921386,0.020668975186296,PRISM_secondary_AUC,gemcitabine,ribonucleotide reductase inhibitor,0.221613995703615
BRD-K15179879-001-03-2,CD44,22,-0.539243365330322,0.00960248202827028,PRISM_secondary_AUC,carfilzomib,proteasome inhibitor,0.153149299281752
BRD-K15179879-001-03-2,ETS1,22,-0.53811405985319,0.00978453856522305,PRISM_secondary_AUC,carfilzomib,proteasome inhibitor,0.222879423118307
BRD-K15519488-050-01-3,PMEPA1,19,0.730401663496404,0.000383585780249335,PRISM_secondary_AUC,CS-110266,dopamine receptor agonist,0.232379260566751
BRD-K15519488-050-01-3,S100A10,19,-0.569755145565128,0.0108770331506667,PRISM_secondary_AUC,CS-110266,dopamine receptor agonist,0.249459562790091
BRD-K15600710-066-05-8,GJA1,20,-0.51430784934948,0.0203398000292364,PRISM_secondary_AUC,obatoclax,BCL inhibitor,0.220682857702604
BRD-K15766189-001-09-8,ANPEP,20,-0.597154962639302,0.00543603956225865,PRISM_secondary_AUC,cefdinir,bacterial cell wall synthesis inhibitor,0.237208999080378
BRD-K15766189-001-09-8,PTN,20,-0.556648680037525,0.0107974028606859,PRISM_secondary_AUC,cefdinir,bacterial cell wall synthesis inhibitor,0.180793722318462
BRD-K16180792-001-01-7,ADA,21,-0.698283029288049,0.000430946564861864,PRISM_secondary_AUC,bis(maltolato)oxovanadium(IV),tyrosine phosphatase inhibitor,0.206854351133695
BRD-K16180792-001-01-7,ANPEP,21,-0.635893779237521,0.00194593307541316,PRISM_secondary_AUC,bis(maltolato)oxovanadium(IV),tyrosine phosphatase inhibitor,0.220275412710353
BRD-K16180792-001-01-7,CEBPA,21,0.54458841528368,0.0106923686557961,PRISM_secondary_AUC,bis(maltolato)oxovanadium(IV),tyrosine phosphatase inhibitor,0.167358813742896
BRD-K16180792-001-01-7,DNAJB4,21,-0.595416203407941,0.00440339508847005,PRISM_secondary_AUC,bis(maltolato)oxovanadium(IV),tyrosine phosphatase inhibitor,0.132101852654101
BRD-K16180792-001-01-7,ESR1,21,0.608643956773252,0.00341221175326515,PRISM_secondary_AUC,bis(maltolato)oxovanadium(IV),tyrosine phosphatase inhibitor,0.144517203667701
BRD-K16180792-001-01-7,ETS1,21,-0.548341472260572,0.0100605295157569,PRISM_secondary_AUC,bis(maltolato)oxovanadium(IV),tyrosine phosphatase inhibitor,0.222879423118307
BRD-K16180792-001-01-7,ETV1,21,-0.793506493506493,1.76853334504027e-05,PRISM_secondary_AUC,bis(maltolato)oxovanadium(IV),tyrosine phosphatase inhibitor,0.0254668801685799
BRD-K16180792-001-01-7,FHL1,21,-0.611408112999602,0.00323062691923235,PRISM_secondary_AUC,bis(maltolato)oxovanadium(IV),tyrosine phosphatase inhibitor,0.0864489504788874
BRD-K16180792-001-01-7,FOSL1,21,-0.676843166584224,0.0007525680590552,PRISM_secondary_AUC,bis(maltolato)oxovanadium(IV),tyrosine phosphatase inhibitor,0.102906601477334
BRD-K16180792-001-01-7,FOXF2,21,-0.587415493390144,0.00511134381671085,PRISM_secondary_AUC,bis(maltolato)oxovanadium(IV),tyrosine phosphatase inhibitor,0.19369302884378
BRD-K16180792-001-01-7,GJB1,21,0.598250737660634,0.00417301780642804,PRISM_secondary_AUC,bis(maltolato)oxovanadium(IV),tyrosine phosphatase inhibitor,0.174600715865758
BRD-K16180792-001-01-7,HRH1,21,-0.614382802242452,0.00304430033968406,PRISM_secondary_AUC,bis(maltolato)oxovanadium(IV),tyrosine phosphatase inhibitor,0.199263294961138
BRD-K16180792-001-01-7,MYB,21,0.626597023702869,0.0023705660044486,PRISM_secondary_AUC,bis(maltolato)oxovanadium(IV),tyrosine phosphatase inhibitor,0.200800885082705
BRD-K16180792-001-01-7,PLAGL1,21,-0.585137003453573,0.00532937957876642,PRISM_secondary_AUC,bis(maltolato)oxovanadium(IV),tyrosine phosphatase inhibitor,0.239822081044489
BRD-K16180792-001-01-7,POSTN,21,-0.561553550157949,0.00807399744755944,PRISM_secondary_AUC,bis(maltolato)oxovanadium(IV),tyrosine phosphatase inhibitor,0.215018440675219
BRD-K16180792-001-01-7,SERPINE1,21,-0.60000033451967,0.00403588952598226,PRISM_secondary_AUC,bis(maltolato)oxovanadium(IV),tyrosine phosphatase inhibitor,0.193722697247148
BRD-K16180792-001-01-7,XBP1,21,0.583029950480175,0.00553780975419767,PRISM_secondary_AUC,bis(maltolato)oxovanadium(IV),tyrosine phosphatase inhibitor,0.199361151151116
BRD-K16180792-001-01-7,ZEB2,21,-0.598887958838265,0.00412263250887178,PRISM_secondary_AUC,bis(maltolato)oxovanadium(IV),tyrosine phosphatase inhibitor,0.214870748808551
BRD-K16189898-003-03-3,CEBPA,21,0.568481531777298,0.0071687531799749,PRISM_secondary_AUC,CHIR-99021,glycogen synthase kinase inhibitor,0.153795555486954
BRD-K16189898-003-03-3,GJA1,21,-0.536021186536492,0.0122564601426484,PRISM_secondary_AUC,CHIR-99021,glycogen synthase kinase inhibitor,0.197913656456253
BRD-K16189898-003-03-3,S100A10,21,-0.544542339658305,0.0107003220262515,PRISM_secondary_AUC,CHIR-99021,glycogen synthase kinase inhibitor,0.249459562790091
BRD-K16189898-003-03-3,UGCG,21,-0.714285714285714,0.000275421577489981,PRISM_secondary_AUC,CHIR-99021,glycogen synthase kinase inhibitor,0.0991517678963931
BRD-K16195444-003-26-0,BAALC,22,0.594735256355896,0.00350765368362386,PRISM_secondary_AUC,oxymetazoline,adrenergic receptor agonist,0.242088271176359
BRD-K16195444-003-26-0,TBX3,22,0.530208921513269,0.0111398831169617,PRISM_secondary_AUC,oxymetazoline,adrenergic receptor agonist,0.174363387917662
BRD-K16277217-001-10-9,TBX3,18,0.758619161330794,0.000262823792755329,PRISM_secondary_AUC,piperacetazine,dopamine receptor antagonist,0.0454775600539718
BRD-K16338837-001-02-6,COL18A1,19,-0.677437547758176,0.00143956605209391,PRISM_secondary_AUC,CCMI,acetylcholine receptor allosteric modulator,0.180725867093232
BRD-K16338837-001-02-6,FHL1,19,-0.566822233360685,0.011387237651292,PRISM_secondary_AUC,CCMI,acetylcholine receptor allosteric modulator,0.178235024107179
BRD-K16478699-001-09-2,SREBF2,21,0.584415584415584,0.0053999983649124,PRISM_secondary_AUC,PLX-4720,RAF inhibitor,0.19938455501215
BRD-K16478699-001-09-2,TBX3,21,0.63445514457863,0.00200710957894242,PRISM_secondary_AUC,PLX-4720,RAF inhibitor,0.0964809662308276
BRD-K16505263-003-02-9,DKK3,19,-0.58153789363064,0.00900964777524106,PRISM_secondary_AUC,forodesine,purinergic receptor antagonist,0.232520993003914
BRD-K16803204-001-01-6,NF1,15,0.831979678157453,0.00011973250394756,PRISM_secondary_AUC,filgotinib,JAK inhibitor,0.172414805684486
BRD-K16803204-001-01-6,SREBF2,15,0.697140726556751,0.00386922410026392,PRISM_secondary_AUC,filgotinib,JAK inhibitor,0.179733712564276
BRD-K17061841-001-03-5,IER3,21,-0.54330703077713,0.0109153608860301,PRISM_secondary_AUC,stattic,,0.201720652412208
BRD-K17061841-001-03-5,S100A10,21,-0.602795706226402,0.00382458822394086,PRISM_secondary_AUC,stattic,,0.223745321961412
BRD-K17068645-003-04-2,CELSR3,20,0.765271556972032,8.44414828191186e-05,PRISM_secondary_AUC,bendamustine,DNA inhibitor,0.121595735259531
BRD-K17068645-003-04-2,SREBF2,20,0.674141285378332,0.00111607217852357,PRISM_secondary_AUC,bendamustine,DNA inhibitor,0.154948658158848
BRD-K17068645-003-04-2,TBX3,20,0.613194169489787,0.00403972890579335,PRISM_secondary_AUC,bendamustine,DNA inhibitor,0.103878743291829
BRD-K17075857-001-18-4,DAPK1,22,0.678147939017504,0.000523196350824238,PRISM_secondary_AUC,chloroxine,opioid receptor antagonist,0.188350686296726
BRD-K17203476-001-01-9,CEBPA,21,0.507485659269004,0.0188564305630057,PRISM_secondary_AUC,LY2874455,FGFR antagonist,0.230112372972273
BRD-K17203476-001-01-9,DNAJB4,21,-0.585021356682355,0.00534064834193784,PRISM_secondary_AUC,LY2874455,FGFR antagonist,0.145104407780953
BRD-K17203476-001-01-9,IER3,21,-0.511272418113384,0.0178447914700353,PRISM_secondary_AUC,LY2874455,FGFR antagonist,0.244728568731912
BRD-K17203476-001-01-9,PTN,21,-0.525999732905245,0.0143168402847098,PRISM_secondary_AUC,LY2874455,FGFR antagonist,0.204334466258437
BRD-K17555800-003-01-5,CEBPA,22,0.521174477696217,0.0128731495499878,PRISM_secondary_AUC,talmapimod,p38 MAPK inhibitor,0.188158466322418
BRD-K17555800-003-01-5,ETV1,22,-0.585544889892716,0.00419522478677647,PRISM_secondary_AUC,talmapimod,p38 MAPK inhibitor,0.201370789765271
BRD-K17555800-003-01-5,TBX3,22,0.603613777526821,0.0029357159706803,PRISM_secondary_AUC,talmapimod,p38 MAPK inhibitor,0.0964809662308276
BRD-K17555800-003-01-5,YBX1,22,-0.664596273291926,0.00074113731109104,PRISM_secondary_AUC,talmapimod,p38 MAPK inhibitor,0.195953005073199
BRD-K17555800-003-02-3,AR,22,0.631028103439826,0.00163802047479685,PRISM_secondary_AUC,talmapimod,p38 MAPK inhibitor,0.192062538655317
BRD-K17555800-003-02-3,CEBPA,22,0.540788049596237,0.0093579769659772,PRISM_secondary_AUC,talmapimod,p38 MAPK inhibitor,0.165804012795143
BRD-K17555800-003-02-3,GJB1,22,0.524151822400039,0.0122792173503067,PRISM_secondary_AUC,talmapimod,p38 MAPK inhibitor,0.238946932222185
BRD-K17555800-003-02-3,MAFB,22,0.686313682098759,0.000420506909902515,PRISM_secondary_AUC,talmapimod,p38 MAPK inhibitor,0.201843316753207
BRD-K17705806-003-04-4,CEBPA,22,-0.474872953133823,0.025531919822234,PRISM_secondary_AUC,JTC-801,opioid receptor antagonist,0.239965283275788
BRD-K17705806-003-04-4,CYFIP2,22,-0.521174477696217,0.0128731495499878,PRISM_secondary_AUC,JTC-801,opioid receptor antagonist,0.243912307262926
BRD-K17705806-003-04-4,FHL2,22,0.630717108977979,0.00164940064136735,PRISM_secondary_AUC,JTC-801,opioid receptor antagonist,0.232962715439463
BRD-K17705806-003-04-4,PTHLH,22,0.656691134952005,0.000900997659753756,PRISM_secondary_AUC,JTC-801,opioid receptor antagonist,0.116091668607512
BRD-K17743125-001-08-4,CD44,22,-0.558441558441558,0.00690896248865598,PRISM_secondary_AUC,belinostat,HDAC inhibitor,0.125935518780565
BRD-K17743125-001-08-4,GJA1,22,-0.510590249109546,0.0151771056228548,PRISM_secondary_AUC,belinostat,HDAC inhibitor,0.201774401344518
BRD-K17849083-001-32-9,TBX3,22,0.527950310559006,0.0115541501778172,PRISM_secondary_AUC,tranilast,angiogenesis inhibitor,0.178902970495234
BRD-K18157228-001-01-7,GJA1,19,-0.508721536043228,0.0261294210324045,PRISM_secondary_AUC,fdcyd,DNA methyltransferase inhibitor,0.249389486163509
BRD-K18250272-003-11-0,RARA,17,-0.614845589289351,0.0086240941666282,PRISM_secondary_AUC,propoxycaine,local anesthetic,0.191056855383763
BRD-K18375018-376-02-3,ME1,19,-0.799362465627985,4.02206966494522e-05,PRISM_secondary_AUC,spermine,,0.0579178031752111
BRD-K18518344-001-15-9,CEBPA,22,0.495200451722191,0.019113570454149,PRISM_secondary_AUC,digitoxigenin,ATPase inhibitor,0.230352856084835
BRD-K18518344-001-15-9,FOSL1,22,-0.534312362453131,0.0104183660320913,PRISM_secondary_AUC,digitoxigenin,ATPase inhibitor,0.237147109160517
BRD-K18518344-001-15-9,GJB1,22,0.535697355566545,0.0101836706675293,PRISM_secondary_AUC,digitoxigenin,ATPase inhibitor,0.223274645908358
BRD-K18518344-001-15-9,PBX1,22,0.553924336533032,0.00747826241378773,PRISM_secondary_AUC,digitoxigenin,ATPase inhibitor,0.169682723446061
BRD-K18779551-003-07-8,GJA1,21,-0.535147204691932,0.0124259502936652,PRISM_secondary_AUC,bifemelane,acetylcholine release enhancer,0.197913656456253
BRD-K18779551-003-07-8,PTN,21,-0.662277199987576,0.00107221405164078,PRISM_secondary_AUC,bifemelane,acetylcholine release enhancer,0.046787522253416
BRD-K18834913-001-01-1,CEBPA,22,0.480519480519481,0.0235980142596325,PRISM_secondary_AUC,LB42708,farnesyltransferase inhibitor,0.239701486934372
BRD-K18834913-001-01-1,CYFIP2,22,0.639751552795031,0.00134481227248219,PRISM_secondary_AUC,LB42708,farnesyltransferase inhibitor,0.099363811369483
BRD-K18834913-001-01-1,FHL1,22,-0.503389910847769,0.0169276739613797,PRISM_secondary_AUC,LB42708,farnesyltransferase inhibitor,0.21196391742945
BRD-K18834913-001-01-1,RARA,22,0.5742518351214,0.00519094275015464,PRISM_secondary_AUC,LB42708,farnesyltransferase inhibitor,0.158648803913475
BRD-K18834913-001-01-1,SLC1A3,22,-0.531338226990401,0.0109373556692055,PRISM_secondary_AUC,LB42708,farnesyltransferase inhibitor,0.211074524672697
BRD-K18910433-001-36-6,CD44,18,-0.544577854685093,0.0194504891731287,PRISM_secondary_AUC,estradiol,estrogen receptor agonist,0.217121739607018
BRD-K18910433-001-36-6,ETS1,18,-0.580655373005566,0.0115135951922576,PRISM_secondary_AUC,estradiol,estrogen receptor agonist,0.234337693747279
BRD-K19034817-001-01-4,CYFIP2,21,0.579816196885892,0.00586867271830326,PRISM_secondary_AUC,pacritinib,"FLT3 inhibitor, JAK inhibitor",0.15945073045956
BRD-K19034817-001-01-4,IER3,21,-0.530493185711632,0.0133608587743433,PRISM_secondary_AUC,pacritinib,"FLT3 inhibitor, JAK inhibitor",0.218632234489255
BRD-K19085898-001-01-8,CYFIP2,20,0.651837290724219,0.00184511587325418,PRISM_secondary_AUC,darapladib,phospholipase inhibitor,0.100970676408489
BRD-K19295594-015-14-3,ETS1,20,0.546736021157536,0.012612924405026,PRISM_secondary_AUC,gossypol,"BCL inhibitor, MCL1 inhibitor",0.241928589910256
BRD-K19295594-015-14-3,FOSL1,20,0.57668435622056,0.00777255636059087,PRISM_secondary_AUC,gossypol,"BCL inhibitor, MCL1 inhibitor",0.237147109160517
BRD-K19295594-015-14-3,IL15,20,0.728678654304569,0.000268507052129679,PRISM_secondary_AUC,gossypol,"BCL inhibitor, MCL1 inhibitor",0.0483312693833422
BRD-K19295594-015-14-3,LOX,20,0.559808554806847,0.0102654540194905,PRISM_secondary_AUC,gossypol,"BCL inhibitor, MCL1 inhibitor",0.231375825522891
BRD-K19295594-015-14-3,MYL9,20,0.777952728158866,5.38717888156455e-05,PRISM_secondary_AUC,gossypol,"BCL inhibitor, MCL1 inhibitor",0.0387876879472647
BRD-K19295594-015-14-3,TGFB2,20,0.783068588307847,4.45706969991379e-05,PRISM_secondary_AUC,gossypol,"BCL inhibitor, MCL1 inhibitor",0.02382452237583
BRD-K19295594-015-14-3,ZEB2,20,0.618735539034707,0.00363263369561414,PRISM_secondary_AUC,gossypol,"BCL inhibitor, MCL1 inhibitor",0.204009892825599
BRD-K19318328-001-01-3,CAV1,18,-0.628142169650811,0.00524655101617766,PRISM_secondary_AUC,FR-139317,endothelin receptor antagonist,0.163709626009359
BRD-K19318328-001-01-3,CD44,18,-0.861495876829402,4.36911261676842e-06,PRISM_secondary_AUC,FR-139317,endothelin receptor antagonist,0.00314576108407326
BRD-K19318328-001-01-3,CEBPA,18,0.529881374343136,0.0237109784069955,PRISM_secondary_AUC,FR-139317,endothelin receptor antagonist,0.239701486934372
BRD-K19318328-001-01-3,CTSB,18,-0.745715377190634,0.000381262827658804,PRISM_secondary_AUC,FR-139317,endothelin receptor antagonist,0.101638543300694
BRD-K19318328-001-01-3,CYFIP2,18,0.714289158842643,0.000867792959076362,PRISM_secondary_AUC,FR-139317,endothelin receptor antagonist,0.099363811369483
BRD-K19318328-001-01-3,DNAJB4,18,-0.582758770168575,0.011146824489266,PRISM_secondary_AUC,FR-139317,endothelin receptor antagonist,0.200642840806788
BRD-K19318328-001-01-3,ETS1,18,-0.682398081692331,0.00180722994573486,PRISM_secondary_AUC,FR-139317,endothelin receptor antagonist,0.121541185840641
BRD-K19318328-001-01-3,ETS2,18,-0.773271435805209,0.000167480233519858,PRISM_secondary_AUC,FR-139317,endothelin receptor antagonist,0.0809287625674825
BRD-K19318328-001-01-3,FHL1,18,-0.653939770065584,0.00324183564295828,PRISM_secondary_AUC,FR-139317,endothelin receptor antagonist,0.0864489504788874
BRD-K19318328-001-01-3,FHL2,18,-0.797736948467916,7.3021987851299e-05,PRISM_secondary_AUC,FR-139317,endothelin receptor antagonist,0.10515166250587
BRD-K19318328-001-01-3,FOSL1,18,-0.625977290615839,0.00545259736920018,PRISM_secondary_AUC,FR-139317,endothelin receptor antagonist,0.22503072507118
BRD-K19318328-001-01-3,FOXF2,18,-0.655139527411017,0.00316670020175782,PRISM_secondary_AUC,FR-139317,endothelin receptor antagonist,0.175386472712741
BRD-K19318328-001-01-3,FST,18,-0.675048351630797,0.00211394401940918,PRISM_secondary_AUC,FR-139317,endothelin receptor antagonist,0.160214704628906
BRD-K19318328-001-01-3,GBP1,18,-0.760985489159765,0.000244894054284605,PRISM_secondary_AUC,FR-139317,endothelin receptor antagonist,0.24775807131075
BRD-K19318328-001-01-3,GJB1,18,0.697448581532978,0.00129294341595061,PRISM_secondary_AUC,FR-139317,endothelin receptor antagonist,0.104817214801887
BRD-K19318328-001-01-3,HRH1,18,-0.667265306814844,0.0024843321479511,PRISM_secondary_AUC,FR-139317,endothelin receptor antagonist,0.198746571836088
BRD-K19318328-001-01-3,IER3,18,-0.572994666666091,0.0129317473575832,PRISM_secondary_AUC,FR-139317,endothelin receptor antagonist,0.217896820752629
BRD-K19318328-001-01-3,IL15,18,-0.727786580069543,0.000617775204739346,PRISM_secondary_AUC,FR-139317,endothelin receptor antagonist,0.0741330245687215
BRD-K19318328-001-01-3,LOX,18,-0.593680627120813,0.00938972976377825,PRISM_secondary_AUC,FR-139317,endothelin receptor antagonist,0.231375825522891
BRD-K19318328-001-01-3,PTHLH,18,-0.622953538123686,0.00575135089196172,PRISM_secondary_AUC,FR-139317,endothelin receptor antagonist,0.159280036083197
BRD-K19318328-001-01-3,RUNX2,18,-0.76789088840547,0.000198351755986789,PRISM_secondary_AUC,FR-139317,endothelin receptor antagonist,0.166094792509787
BRD-K19318328-001-01-3,S100A2,18,-0.684648811804594,0.00172103338802992,PRISM_secondary_AUC,FR-139317,endothelin receptor antagonist,0.16057625067005
BRD-K19318328-001-01-3,SERPINE1,18,-0.671220924553184,0.00228993270132851,PRISM_secondary_AUC,FR-139317,endothelin receptor antagonist,0.143369699561437
BRD-K19318328-001-01-3,SLC1A3,18,-0.688091621569774,0.00159578325958973,PRISM_secondary_AUC,FR-139317,endothelin receptor antagonist,0.0921669084516871
BRD-K19318328-001-01-3,SMAD3,18,-0.755416232991374,0.000288844149178327,PRISM_secondary_AUC,FR-139317,endothelin receptor antagonist,0.207967787408395
BRD-K19318328-001-01-3,STAT1,18,-0.718752959120433,0.000777170911203804,PRISM_secondary_AUC,FR-139317,endothelin receptor antagonist,0.238235201818183
BRD-K19318328-001-01-3,TGFB2,18,-0.649992283659361,0.0034994396094489,PRISM_secondary_AUC,FR-139317,endothelin receptor antagonist,0.209966376566934
BRD-K19318328-001-01-3,TGFBI,18,-0.673147538589539,0.00219989460232952,PRISM_secondary_AUC,FR-139317,endothelin receptor antagonist,0.233886738836178
BRD-K19318328-001-01-3,TGFBR2,18,-0.738350686904423,0.000466993316359574,PRISM_secondary_AUC,FR-139317,endothelin receptor antagonist,0.130090085864584
BRD-K19318328-001-01-3,XBP1,18,0.628834480479579,0.00518201221344107,PRISM_secondary_AUC,FR-139317,endothelin receptor antagonist,0.19431752357024
BRD-K19388745-003-01-7,SREBF2,17,0.646683771674372,0.00502502361007067,PRISM_secondary_AUC,colforsin-daproate,adenylyl cyclase activator,0.195568486445994
BRD-K19412355-001-01-0,BAALC,19,0.665611605009803,0.00186752609708338,PRISM_secondary_AUC,SB-242235,p38 MAPK inhibitor,0.195863661052913
BRD-K19540840-001-09-4,AR,22,0.640209929327458,0.00133072806178332,PRISM_secondary_AUC,saracatinib,src inhibitor,0.174204400815271
BRD-K19540840-001-09-4,CEBPA,22,0.55957086391869,0.00677238890007576,PRISM_secondary_AUC,saracatinib,src inhibitor,0.153795555486954
BRD-K19540840-001-09-4,CYFIP2,22,0.546019198193111,0.00856765215489777,PRISM_secondary_AUC,saracatinib,src inhibitor,0.209108798356827
BRD-K19540840-001-09-4,PBX1,22,0.587803500846979,0.0040166125075402,PRISM_secondary_AUC,saracatinib,src inhibitor,0.142888339290418
BRD-K19540840-001-09-4,RARA,22,0.657820440429136,0.00087650221641765,PRISM_secondary_AUC,saracatinib,src inhibitor,0.0790687048813912
BRD-K19669037-001-01-1,COL18A1,21,-0.685937028707237,0.000597397637765025,PRISM_secondary_AUC,GGTI-298,GGTase inhibitor,0.180725867093232
BRD-K19669037-001-01-1,DNAJB4,21,-0.517192793588749,0.0163509764052755,PRISM_secondary_AUC,GGTI-298,GGTase inhibitor,0.237832384076735
BRD-K19669037-001-01-1,IER3,21,-0.575341643440876,0.00635639960569707,PRISM_secondary_AUC,GGTI-298,GGTase inhibitor,0.166422098767342
BRD-K19669037-001-01-1,LOX,21,-0.556720792817062,0.00875941828973359,PRISM_secondary_AUC,GGTI-298,GGTase inhibitor,0.231375825522891
BRD-K19669037-001-01-1,NRP1,21,-0.695791787056561,0.000460886686934119,PRISM_secondary_AUC,GGTI-298,GGTase inhibitor,0.230850048488788
BRD-K19669037-001-01-1,S100A10,21,-0.685110245942193,0.000610272590750176,PRISM_secondary_AUC,GGTI-298,GGTase inhibitor,0.125541790097179
BRD-K19761926-001-03-6,FHL1,19,-0.51925969478733,0.0227060399829841,PRISM_secondary_AUC,eplerenone,cytochrome P450 inhibitor,0.244005205787291
BRD-K19761926-001-03-6,PTHLH,19,-0.562889035239228,0.0121015136277131,PRISM_secondary_AUC,eplerenone,cytochrome P450 inhibitor,0.224048765025159
BRD-K19796430-001-05-6,KLF4,22,0.716224313030387,0.000177524459506949,PRISM_secondary_AUC,sonidegib,smoothened receptor antagonist,0.135704495342792
BRD-K20285085-074-04-5,CEBPA,21,0.614838394883601,0.00301657308106854,PRISM_secondary_AUC,R406,SYK inhibitor,0.140371673879831
BRD-K20285085-074-04-5,GADD45G,21,0.718614965073684,0.000242769820889869,PRISM_secondary_AUC,R406,SYK inhibitor,0.101998084311892
BRD-K20285085-074-04-5,IGFBP5,21,0.552843887219859,0.00934311202197785,PRISM_secondary_AUC,R406,SYK inhibitor,0.238060235803364
BRD-K20285085-074-04-5,PBX1,21,0.666233766233766,0.000975728373124384,PRISM_secondary_AUC,R406,SYK inhibitor,0.107691189691704
BRD-K20285085-074-04-5,RARA,21,0.639885694098479,0.00178433735256692,PRISM_secondary_AUC,R406,SYK inhibitor,0.0988248379883215
BRD-K20285085-074-04-5,S100A10,21,-0.56480438020373,0.00763820283810175,PRISM_secondary_AUC,R406,SYK inhibitor,0.249459562790091
BRD-K20285085-074-04-5,TBX3,21,0.596398316829651,0.00432240646611092,PRISM_secondary_AUC,R406,SYK inhibitor,0.107314919158616
BRD-K20463415-300-01-4,CD44,19,-0.730521984715604,0.000382306425001363,PRISM_secondary_AUC,LY2606368,CHK inhibitor,0.0369913324987507
BRD-K20463415-300-01-4,CEBPA,19,0.523748353520584,0.0213599858551108,PRISM_secondary_AUC,LY2606368,CHK inhibitor,0.23438974369893
BRD-K20463415-300-01-4,CYFIP2,19,0.755760171816089,0.000182174170988928,PRISM_secondary_AUC,LY2606368,CHK inhibitor,0.0580579565377456
BRD-K20463415-300-01-4,DBI,19,0.673548303118765,0.00157017482630741,PRISM_secondary_AUC,LY2606368,CHK inhibitor,0.119002723678035
BRD-K20463415-300-01-4,FAS,19,-0.627082963426106,0.00405796274052941,PRISM_secondary_AUC,LY2606368,CHK inhibitor,0.236918570590239
BRD-K20463415-300-01-4,FHL1,19,-0.597480591181947,0.0069048153729644,PRISM_secondary_AUC,LY2606368,CHK inhibitor,0.139124159220426
BRD-K20463415-300-01-4,FOXF2,19,-0.655138041556973,0.00233033200853901,PRISM_secondary_AUC,LY2606368,CHK inhibitor,0.160993188260343
BRD-K20463415-300-01-4,FST,19,-0.690248901992576,0.00107162450027507,PRISM_secondary_AUC,LY2606368,CHK inhibitor,0.130247811384262
BRD-K20463415-300-01-4,GJB1,19,0.630511331910747,0.00380269503938378,PRISM_secondary_AUC,LY2606368,CHK inhibitor,0.165935783536747
BRD-K20463415-300-01-4,IER3,19,-0.536682094870267,0.0178310037073018,PRISM_secondary_AUC,LY2606368,CHK inhibitor,0.244728568731912
BRD-K20463415-300-01-4,IL15,19,-0.715497708983291,0.000572814121603977,PRISM_secondary_AUC,LY2606368,CHK inhibitor,0.0741330245687215
BRD-K20463415-300-01-4,LOX,19,-0.607022208997554,0.00584995138047507,PRISM_secondary_AUC,LY2606368,CHK inhibitor,0.212921750862405
BRD-K20463415-300-01-4,MMP14,19,-0.604480960981089,0.00611707298778698,PRISM_secondary_AUC,LY2606368,CHK inhibitor,0.209728216724125
BRD-K20463415-300-01-4,PTHLH,19,-0.633245044373918,0.00360876066129132,PRISM_secondary_AUC,LY2606368,CHK inhibitor,0.148450299064478
BRD-K20463415-300-01-4,SLC1A3,19,-0.672647279813262,0.00160180235958094,PRISM_secondary_AUC,LY2606368,CHK inhibitor,0.0921669084516871
BRD-K20463415-300-01-4,TGFB2,19,-0.636396103067893,0.00339540897810476,PRISM_secondary_AUC,LY2606368,CHK inhibitor,0.209966376566934
BRD-K20463415-300-01-4,TGFBI,19,-0.759721515426961,0.000160890224281976,PRISM_secondary_AUC,LY2606368,CHK inhibitor,0.0772273076553484
BRD-K20463415-300-01-4,TGFBR2,19,-0.710511394496462,0.000651515691870675,PRISM_secondary_AUC,LY2606368,CHK inhibitor,0.134026085184825
BRD-K20463415-300-01-4,XBP1,19,0.642628239395698,0.00300402734919886,PRISM_secondary_AUC,LY2606368,CHK inhibitor,0.142243522946739
BRD-K20468903-001-01-6,CAV1,22,-0.661959924730518,0.00079151106595447,PRISM_secondary_AUC,BNC105,tubulin polymerization inhibitor,0.108471643795376
BRD-K20468903-001-01-6,CD44,22,-0.604743083003953,0.00286894086331084,PRISM_secondary_AUC,BNC105,tubulin polymerization inhibitor,0.0898103226775567
BRD-K20468903-001-01-6,CEBPA,22,0.745906267645398,6.742903590223e-05,PRISM_secondary_AUC,BNC105,tubulin polymerization inhibitor,0.0323659372330704
BRD-K20468903-001-01-6,CYFIP2,22,0.541501976284585,0.00924671307982479,PRISM_secondary_AUC,BNC105,tubulin polymerization inhibitor,0.215051343722254
BRD-K20468903-001-01-6,DCBLD2,22,-0.654432523997742,0.00095174489575696,PRISM_secondary_AUC,BNC105,tubulin polymerization inhibitor,0.148669525521995
BRD-K20468903-001-01-6,DKK3,22,-0.628458498023715,0.00173407728325924,PRISM_secondary_AUC,BNC105,tubulin polymerization inhibitor,0.146886546346665
BRD-K20468903-001-01-6,DNAJB4,22,-0.714285714285714,0.000188329318605602,PRISM_secondary_AUC,BNC105,tubulin polymerization inhibitor,0.0589293550962454
BRD-K20468903-001-01-6,ESR1,22,0.818079226607822,3.30256231019168e-06,PRISM_secondary_AUC,BNC105,tubulin polymerization inhibitor,0.00475568972667601
BRD-K20468903-001-01-6,ETS1,22,-0.738001129305477,8.8340657624753e-05,PRISM_secondary_AUC,BNC105,tubulin polymerization inhibitor,0.0318026367449111
BRD-K20468903-001-01-6,ETV1,22,-0.647656691134952,0.00111886523369476,PRISM_secondary_AUC,BNC105,tubulin polymerization inhibitor,0.167676285524588
BRD-K20468903-001-01-6,FHL1,22,-0.828813691597842,1.88502544357499e-06,PRISM_secondary_AUC,BNC105,tubulin polymerization inhibitor,0.00149792014176123
BRD-K20468903-001-01-6,FOSL1,22,-0.769274246999117,2.85803475010832e-05,PRISM_secondary_AUC,BNC105,tubulin polymerization inhibitor,0.0205778502007799
BRD-K20468903-001-01-6,FOXF2,22,-0.606186372410144,0.00278546318787284,PRISM_secondary_AUC,BNC105,tubulin polymerization inhibitor,0.167127791272371
BRD-K20468903-001-01-6,FST,22,-0.72110791662102,0.000152650236761887,PRISM_secondary_AUC,BNC105,tubulin polymerization inhibitor,0.0549540852342794
BRD-K20468903-001-01-6,GATA3,22,0.648785996612084,0.00108939301492351,PRISM_secondary_AUC,BNC105,tubulin polymerization inhibitor,0.142611449226351
BRD-K20468903-001-01-6,GJA1,22,-0.602654641371555,0.0029934503699306,PRISM_secondary_AUC,BNC105,tubulin polymerization inhibitor,0.130327952733802
BRD-K20468903-001-01-6,GJB1,22,0.673318119947759,0.000593519997327425,PRISM_secondary_AUC,BNC105,tubulin polymerization inhibitor,0.104817214801887
BRD-K20468903-001-01-6,GRHL1,22,0.741389045736872,7.87750589529021e-05,PRISM_secondary_AUC,BNC105,tubulin polymerization inhibitor,0.0495872439660548
BRD-K20468903-001-01-6,HRH1,22,-0.703756029193024,0.000257516836575608,PRISM_secondary_AUC,BNC105,tubulin polymerization inhibitor,0.074164848933775
BRD-K20468903-001-01-6,IER3,22,-0.496329757199322,0.0187992960278912,PRISM_secondary_AUC,BNC105,tubulin polymerization inhibitor,0.247036486701962
BRD-K20468903-001-01-6,IGFBP5,22,0.540372670807454,0.00942321766721647,PRISM_secondary_AUC,BNC105,tubulin polymerization inhibitor,0.238060235803364
BRD-K20468903-001-01-6,LOX,22,-0.706380575945793,0.000238492122832662,PRISM_secondary_AUC,BNC105,tubulin polymerization inhibitor,0.0858571642197584
BRD-K20468903-001-01-6,MMP14,22,-0.669867295845046,0.000648591459135582,PRISM_secondary_AUC,BNC105,tubulin polymerization inhibitor,0.118441671197848
BRD-K20468903-001-01-6,MYCN,22,0.65103159870487,0.00103274794942635,PRISM_secondary_AUC,BNC105,tubulin polymerization inhibitor,0.148715704717394
BRD-K20468903-001-01-6,NGF,22,-0.594955514879887,0.00349241259707281,PRISM_secondary_AUC,BNC105,tubulin polymerization inhibitor,0.17530360994232
BRD-K20468903-001-01-6,NR4A1,22,0.637492941840768,0.00141607468409869,PRISM_secondary_AUC,BNC105,tubulin polymerization inhibitor,0.209534569753285
BRD-K20468903-001-01-6,PBX1,22,0.645398080180689,0.00117985017210295,PRISM_secondary_AUC,BNC105,tubulin polymerization inhibitor,0.107691189691704
BRD-K20468903-001-01-6,PLAGL1,22,-0.65857105139572,0.000860537304850687,PRISM_secondary_AUC,BNC105,tubulin polymerization inhibitor,0.180086552585334
BRD-K20468903-001-01-6,POSTN,22,-0.686122944650446,0.000422691336477341,PRISM_secondary_AUC,BNC105,tubulin polymerization inhibitor,0.101445920754562
BRD-K20468903-001-01-6,PTHLH,22,-0.596837944664032,0.0033644050001755,PRISM_secondary_AUC,BNC105,tubulin polymerization inhibitor,0.148450299064478
BRD-K20468903-001-01-6,PTN,22,-0.740935539009007,8.00008495939243e-05,PRISM_secondary_AUC,BNC105,tubulin polymerization inhibitor,0.0192002039025418
BRD-K20468903-001-01-6,S100A2,22,-0.683794466403162,0.000450154795874097,PRISM_secondary_AUC,BNC105,tubulin polymerization inhibitor,0.117673785017985
BRD-K20468903-001-01-6,SERPINE1,22,-0.668361688589125,0.000673956245190054,PRISM_secondary_AUC,BNC105,tubulin polymerization inhibitor,0.0882269993703343
BRD-K20468903-001-01-6,VDR,22,0.712027103331451,0.000201630866115858,PRISM_secondary_AUC,BNC105,tubulin polymerization inhibitor,0.145174223603418
BRD-K20468903-001-01-6,XBP1,22,0.686053077357425,0.000423493930419556,PRISM_secondary_AUC,BNC105,tubulin polymerization inhibitor,0.0762289074755202
BRD-K20468903-001-01-6,YBX1,22,-0.612648221343874,0.00243632019621019,PRISM_secondary_AUC,BNC105,tubulin polymerization inhibitor,0.230021770438404
BRD-K20468903-001-01-6,ZEB2,22,-0.776239145652204,2.17081466325701e-05,PRISM_secondary_AUC,BNC105,tubulin polymerization inhibitor,0.0156298655754504
BRD-K20482099-001-09-4,ID4,22,-0.647656691134952,0.00111886523369476,PRISM_secondary_AUC,rutin,"antioxidant, capillary stabilizing agent, nitric oxide scavenger",0.246691956397171
BRD-K20545304-001-01-6,IER3,15,-0.680015072642899,0.00528108620752079,PRISM_secondary_AUC,bardoxolone,"nuclear factor erythroid derived, like (NRF2) activator",0.163233513377931
BRD-K20605374-001-05-4,TBX3,22,0.504234895539243,0.016714155732792,PRISM_secondary_AUC,NSC-697923,ubiquitin-conjugating enzyme inhibitor,0.211126177677372
BRD-K20655524-003-12-0,TBX3,21,0.526818513199525,0.0141386413045839,PRISM_secondary_AUC,mefexamide,psychoactive drug,0.195765802678854
BRD-K20755323-001-05-9,IER3,19,-0.615448402680072,0.00503155426623487,PRISM_secondary_AUC,SKI-II,sphingosine kinase inhibitor,0.163233513377931
BRD-K20755323-001-05-9,NKX2-5,19,-0.712396703151996,0.00062075190774922,PRISM_secondary_AUC,SKI-II,sphingosine kinase inhibitor,0.230679506857608
BRD-K20755323-001-05-9,POSTN,19,-0.580361648025172,0.00918349344050719,PRISM_secondary_AUC,SKI-II,sphingosine kinase inhibitor,0.220403842572173
BRD-K20755323-001-05-9,PTN,19,-0.626884282982855,0.00407317766721722,PRISM_secondary_AUC,SKI-II,sphingosine kinase inhibitor,0.104738854299871
BRD-K21025364-001-05-6,IGFBP5,21,0.567553702400875,0.00728490335996382,PRISM_secondary_AUC,NVP-TAE226,protein tyrosine kinase inhibitor,0.223911896265843
BRD-K21164796-001-02-8,BCL6,17,0.821893375645669,5.17942326159249e-05,PRISM_secondary_AUC,beta-naphthol,,0.0745836949669318
BRD-K21164796-001-02-8,STAT3,17,0.848408235620042,1.67733837126064e-05,PRISM_secondary_AUC,beta-naphthol,,0.0241536725461532
BRD-K21361524-001-01-1,AR,22,0.603351076000368,0.00295143520241774,PRISM_secondary_AUC,selinexor,exportin antagonist,0.217165624670238
BRD-K21361524-001-01-1,CAV1,22,-0.612821261375948,0.00242750324018251,PRISM_secondary_AUC,selinexor,exportin antagonist,0.124843023780815
BRD-K21361524-001-01-1,CD44,22,-0.496329757199322,0.0187992960278912,PRISM_secondary_AUC,selinexor,exportin antagonist,0.216567890241307
BRD-K21361524-001-01-1,CEBPA,22,0.629587803500847,0.00169129015260225,PRISM_secondary_AUC,selinexor,exportin antagonist,0.106249421495858
BRD-K21361524-001-01-1,CTCF,22,0.843026538678713,8.43356499466287e-07,PRISM_secondary_AUC,selinexor,exportin antagonist,0.00121443335923145
BRD-K21361524-001-01-1,CYFIP2,22,0.613777526821005,0.00237926187009199,PRISM_secondary_AUC,selinexor,exportin antagonist,0.100970676408489
BRD-K21361524-001-01-1,DBI,22,0.68266516092603,0.000464017234489378,PRISM_secondary_AUC,selinexor,exportin antagonist,0.0913528153830969
BRD-K21361524-001-01-1,DNAJB4,22,-0.504234895539243,0.016714155732792,PRISM_secondary_AUC,selinexor,exportin antagonist,0.240683842552205
BRD-K21361524-001-01-1,ESR1,22,0.559887095005768,0.00673454841732739,PRISM_secondary_AUC,selinexor,exportin antagonist,0.215505549354477
BRD-K21361524-001-01-1,ETS1,22,-0.637492941840768,0.00141607468409869,PRISM_secondary_AUC,selinexor,exportin antagonist,0.107323555005375
BRD-K21361524-001-01-1,FHL1,22,-0.658192195440686,0.000868563967124098,PRISM_secondary_AUC,selinexor,exportin antagonist,0.0431286935399552
BRD-K21361524-001-01-1,FOSL1,22,-0.66930248362258,0.000658009284432487,PRISM_secondary_AUC,selinexor,exportin antagonist,0.102906601477334
BRD-K21361524-001-01-1,FOXF2,22,-0.624332269432712,0.0018982921149716,PRISM_secondary_AUC,selinexor,exportin antagonist,0.157862415282767
BRD-K21361524-001-01-1,GRHL1,22,0.654432523997742,0.00095174489575696,PRISM_secondary_AUC,selinexor,exportin antagonist,0.137051264989002
BRD-K21361524-001-01-1,IGFBP5,22,0.61038961038961,0.00255390205921473,PRISM_secondary_AUC,selinexor,exportin antagonist,0.130851821672241
BRD-K21361524-001-01-1,LOX,22,-0.541501976284585,0.00924671307982479,PRISM_secondary_AUC,selinexor,exportin antagonist,0.231375825522891
BRD-K21361524-001-01-1,MYB,22,0.642010163749294,0.00127661937895546,PRISM_secondary_AUC,selinexor,exportin antagonist,0.185925952924919
BRD-K21361524-001-01-1,MYCN,22,0.564001332905782,0.00625798145291588,PRISM_secondary_AUC,selinexor,exportin antagonist,0.243553872762132
BRD-K21361524-001-01-1,PBX1,22,0.583286278938453,0.00438042595015607,PRISM_secondary_AUC,selinexor,exportin antagonist,0.142888339290418
BRD-K21361524-001-01-1,RARA,22,0.58102766798419,0.00457240450605799,PRISM_secondary_AUC,selinexor,exportin antagonist,0.149642329289171
BRD-K21361524-001-01-1,SERPINE1,22,-0.687570731202845,0.000406351698795291,PRISM_secondary_AUC,selinexor,exportin antagonist,0.0731433057831524
BRD-K21361524-001-01-1,SLC1A3,22,-0.54488989271598,0.00873343724986077,PRISM_secondary_AUC,selinexor,exportin antagonist,0.19962142285396
BRD-K21361524-001-01-1,ZEB2,22,-0.577087411490706,0.00492412132686263,PRISM_secondary_AUC,selinexor,exportin antagonist,0.214870748808551
BRD-K21396683-001-04-8,CD44,22,-0.658949745906268,0.000852577428300213,PRISM_secondary_AUC,marimastat,matrix metalloprotease inhibitor,0.0521731539328496
BRD-K21396683-001-04-8,CTSB,22,-0.68944099378882,0.000386050001751659,PRISM_secondary_AUC,marimastat,matrix metalloprotease inhibitor,0.101638543300694
BRD-K21396683-001-04-8,CYFIP2,22,0.68944099378882,0.000386050001751659,PRISM_secondary_AUC,marimastat,matrix metalloprotease inhibitor,0.0694890003152986
BRD-K21396683-001-04-8,DBI,22,0.603613777526821,0.0029357159706803,PRISM_secondary_AUC,marimastat,matrix metalloprotease inhibitor,0.156571518436282
BRD-K21396683-001-04-8,FAS,22,-0.623941276115189,0.00191451285487753,PRISM_secondary_AUC,marimastat,matrix metalloprotease inhibitor,0.21313064089374
BRD-K21396683-001-04-8,FHL2,22,-0.620553359683794,0.00206003814908212,PRISM_secondary_AUC,marimastat,matrix metalloprotease inhibitor,0.232962715439463
BRD-K21396683-001-04-8,IER3,22,-0.605872388481084,0.00280344743932017,PRISM_secondary_AUC,marimastat,matrix metalloprotease inhibitor,0.152477070192036
BRD-K21396683-001-04-8,SLC1A3,22,-0.723320158102767,0.000142415121441172,PRISM_secondary_AUC,marimastat,matrix metalloprotease inhibitor,0.0815044638615998
BRD-K21396683-001-04-8,TGFBI,22,-0.612648221343874,0.00243632019621019,PRISM_secondary_AUC,marimastat,matrix metalloprotease inhibitor,0.233886738836178
BRD-K21528677-001-02-8,PLAGL1,21,-0.646911703270668,0.00152733788791566,PRISM_secondary_AUC,desonide,glucocorticoid receptor agonist,0.182466034216484
BRD-K21670884-001-01-9,CAV1,19,-0.673863434895748,0.00155923684445007,PRISM_secondary_AUC,cariporide,sodium/hydrogen exchanger inhibitor,0.108471643795376
BRD-K21670884-001-01-9,CD44,19,-0.617499754395319,0.00484723935303032,PRISM_secondary_AUC,cariporide,sodium/hydrogen exchanger inhibitor,0.108914155233505
BRD-K21670884-001-01-9,CEBPA,19,0.527840703951383,0.0201884681701489,PRISM_secondary_AUC,cariporide,sodium/hydrogen exchanger inhibitor,0.230696257742143
BRD-K21670884-001-01-9,GJA1,19,-0.545960570938097,0.0155978626232815,PRISM_secondary_AUC,cariporide,sodium/hydrogen exchanger inhibitor,0.202350650247976
BRD-K21670884-001-01-9,RARA,19,0.619145050362603,0.00470344335714957,PRISM_secondary_AUC,cariporide,sodium/hydrogen exchanger inhibitor,0.150510187428786
BRD-K21670884-001-01-9,S100A10,19,-0.644605653190494,0.00288794229038247,PRISM_secondary_AUC,cariporide,sodium/hydrogen exchanger inhibitor,0.218875626218461
BRD-K21670884-001-01-9,TBX3,19,0.661679736687029,0.00203135239490035,PRISM_secondary_AUC,cariporide,sodium/hydrogen exchanger inhibitor,0.0964809662308276
BRD-K21680192-300-14-4,IER3,19,-0.599066562386201,0.00671948575546548,PRISM_secondary_AUC,mitoxantrone,topoisomerase inhibitor,0.170450046668045
BRD-K21680192-300-14-4,S100A10,19,-0.628854643019731,0.0039243438161688,PRISM_secondary_AUC,mitoxantrone,topoisomerase inhibitor,0.223745321961412
BRD-K21718444-001-06-8,CEBPA,20,0.514285714285714,0.0203461282869807,PRISM_secondary_AUC,KW-2449,"Abl kinase inhibitor, Aurora kinase inhibitor, FLT3 inhibitor",0.230696257742143
BRD-K21718444-001-06-8,DNAJB4,20,-0.591580905276686,0.00600565017381226,PRISM_secondary_AUC,KW-2449,"Abl kinase inhibitor, Aurora kinase inhibitor, FLT3 inhibitor",0.151721688601573
BRD-K21718444-001-06-8,ETS1,20,-0.545567826828263,0.0128422046991937,PRISM_secondary_AUC,KW-2449,"Abl kinase inhibitor, Aurora kinase inhibitor, FLT3 inhibitor",0.241928589910256
BRD-K21718444-001-06-8,FHL1,20,-0.563222261388222,0.00971489300523015,PRISM_secondary_AUC,KW-2449,"Abl kinase inhibitor, Aurora kinase inhibitor, FLT3 inhibitor",0.166541022946803
BRD-K21718444-001-06-8,IGFBP5,20,0.738042793708983,0.000203290282632739,PRISM_secondary_AUC,KW-2449,"Abl kinase inhibitor, Aurora kinase inhibitor, FLT3 inhibitor",0.0418197152844492
BRD-K21718444-001-06-8,NT5E,20,-0.648909502025467,0.00196523733050672,PRISM_secondary_AUC,KW-2449,"Abl kinase inhibitor, Aurora kinase inhibitor, FLT3 inhibitor",0.247932281316932
BRD-K21718444-001-06-8,PBX1,20,0.739518199224112,0.000194367839780184,PRISM_secondary_AUC,KW-2449,"Abl kinase inhibitor, Aurora kinase inhibitor, FLT3 inhibitor",0.0466482815472442
BRD-K21718444-001-06-8,RARA,20,0.64812030075188,0.00199871355911281,PRISM_secondary_AUC,KW-2449,"Abl kinase inhibitor, Aurora kinase inhibitor, FLT3 inhibitor",0.106598056486016
BRD-K21728777-001-02-3,CD44,21,-0.55018277002481,0.00976188574857236,PRISM_secondary_AUC,AMG900,Aurora kinase inhibitor,0.153149299281752
BRD-K21728777-001-02-3,FAS,21,-0.587878104869398,0.00506799074044775,PRISM_secondary_AUC,AMG900,Aurora kinase inhibitor,0.236918570590239
BRD-K21728777-001-02-3,IER3,21,-0.583029950480175,0.00553780975419767,PRISM_secondary_AUC,AMG900,Aurora kinase inhibitor,0.163233513377931
BRD-K21728777-001-02-3,SLC1A3,21,-0.608005694148669,0.00345532934078854,PRISM_secondary_AUC,AMG900,Aurora kinase inhibitor,0.134477682452311
BRD-K21937671-001-09-2,CD44,20,-0.540656758345378,0.0138431899313159,PRISM_secondary_AUC,loxistatin-acid,cysteine peptidase inhibitor,0.184575865750878
BRD-K21937671-001-09-2,SLC1A3,20,-0.679733059088131,0.000977489637469923,PRISM_secondary_AUC,loxistatin-acid,cysteine peptidase inhibitor,0.0921669084516871
BRD-K22025381-003-01-9,EDN1,21,-0.758488945806471,6.75181930441354e-05,PRISM_secondary_AUC,U-18666A,oxidosqualene cyclase inhibitor,0.0486130989917775
BRD-K22025381-003-01-9,IER3,21,-0.69835455606966,0.00043011212059794,PRISM_secondary_AUC,U-18666A,oxidosqualene cyclase inhibitor,0.0688179392956704
BRD-K22064724-001-01-8,GJB1,22,-0.538540759789297,0.00971541955719522,PRISM_secondary_AUC,napabucasin,STAT inhibitor,0.223274645908358
BRD-K22064724-001-01-8,MYB,22,-0.587803500846979,0.0040166125075402,PRISM_secondary_AUC,napabucasin,STAT inhibitor,0.231356880434316
BRD-K22127577-001-03-7,CEBPA,21,0.661194405379715,0.00109998630508519,PRISM_secondary_AUC,crenolanib,PDGFR tyrosine kinase receptor inhibitor,0.0973281974376798
BRD-K22127577-001-03-7,DNAJB4,21,-0.598406564558773,0.00416064946157546,PRISM_secondary_AUC,crenolanib,PDGFR tyrosine kinase receptor inhibitor,0.128534546658683
BRD-K22127577-001-03-7,ESR1,21,0.657050038493896,0.00121198595917902,PRISM_secondary_AUC,crenolanib,PDGFR tyrosine kinase receptor inhibitor,0.100744011422738
BRD-K22127577-001-03-7,ETS1,21,-0.534025550462117,0.0126462558492815,PRISM_secondary_AUC,crenolanib,PDGFR tyrosine kinase receptor inhibitor,0.241928589910256
BRD-K22127577-001-03-7,FHL1,21,-0.707230235710435,0.000336712912100862,PRISM_secondary_AUC,crenolanib,PDGFR tyrosine kinase receptor inhibitor,0.0292334858566522
BRD-K22127577-001-03-7,FOSL1,21,-0.633179277620323,0.00206271023671536,PRISM_secondary_AUC,crenolanib,PDGFR tyrosine kinase receptor inhibitor,0.141442987660482
BRD-K22127577-001-03-7,GJB1,21,0.555114102420889,0.00899757952321657,PRISM_secondary_AUC,crenolanib,PDGFR tyrosine kinase receptor inhibitor,0.218152956540731
BRD-K22127577-001-03-7,IGFBP4,21,0.817688083040147,5.99358046223948e-06,PRISM_secondary_AUC,crenolanib,PDGFR tyrosine kinase receptor inhibitor,0.00863075586562486
BRD-K22127577-001-03-7,PBX1,21,0.606094871598072,0.00358714106175676,PRISM_secondary_AUC,crenolanib,PDGFR tyrosine kinase receptor inhibitor,0.142888339290418
BRD-K22127577-001-03-7,PLAGL1,21,-0.673587444926888,0.000815879803249834,PRISM_secondary_AUC,crenolanib,PDGFR tyrosine kinase receptor inhibitor,0.180086552585334
BRD-K22127577-001-03-7,POSTN,21,-0.635959176808735,0.00194318982039326,PRISM_secondary_AUC,crenolanib,PDGFR tyrosine kinase receptor inhibitor,0.181183584095244
BRD-K22127577-001-03-7,SERPINE1,21,-0.646723219709835,0.00153379976349544,PRISM_secondary_AUC,crenolanib,PDGFR tyrosine kinase receptor inhibitor,0.110649349402389
BRD-K22127577-001-03-7,THBS2,21,-0.717295250115145,0.000252350740506846,PRISM_secondary_AUC,crenolanib,PDGFR tyrosine kinase receptor inhibitor,0.181692533164929
BRD-K22520627-001-01-7,GJA1,20,-0.505764036029296,0.0229014711538551,PRISM_secondary_AUC,DVD-111,,0.235479501891428
BRD-K22822991-001-02-3,CEBPA,21,0.496998597358042,0.0219000209376619,PRISM_secondary_AUC,odanacatib,cathepsin inhibitor,0.23438974369893
BRD-K22822991-001-02-3,FHL1,21,-0.496209581786922,0.022143988928154,PRISM_secondary_AUC,odanacatib,cathepsin inhibitor,0.243414840126273
BRD-K23190681-001-01-1,CD44,21,-0.589220128430118,0.00494394563960288,PRISM_secondary_AUC,AV-412,protein tyrosine kinase inhibitor,0.108914155233505
BRD-K23190681-001-01-1,DNAJB4,21,-0.614090740865329,0.00306218695232564,PRISM_secondary_AUC,AV-412,protein tyrosine kinase inhibitor,0.119177005712133
BRD-K23190681-001-01-1,HDAC9,21,-0.748536642711585,9.49543933378828e-05,PRISM_secondary_AUC,AV-412,protein tyrosine kinase inhibitor,0.0683671632032756
BRD-K23190681-001-01-1,IGFBP5,21,0.744071484573069,0.000110103003661728,PRISM_secondary_AUC,AV-412,protein tyrosine kinase inhibitor,0.0418197152844492
BRD-K23190681-001-01-1,MMP14,21,-0.571084993535543,0.00685095241421428,PRISM_secondary_AUC,AV-412,protein tyrosine kinase inhibitor,0.214464597314534
BRD-K23190681-001-01-1,PBX1,21,0.58961038961039,0.00490834953262272,PRISM_secondary_AUC,AV-412,protein tyrosine kinase inhibitor,0.144245374019933
BRD-K23190681-001-01-1,RARA,21,0.598883309816441,0.00412299826736347,PRISM_secondary_AUC,AV-412,protein tyrosine kinase inhibitor,0.144807744024473
BRD-K23190681-001-01-1,SLC1A3,21,-0.654586775555221,0.00128301772451673,PRISM_secondary_AUC,AV-412,protein tyrosine kinase inhibitor,0.0921669084516871
BRD-K23228615-001-02-8,KLF10,22,0.719932241671372,0.000158344327036337,PRISM_secondary_AUC,GDC-0980,"mTOR inhibitor, PI3K inhibitor",0.0760052769774419
BRD-K23228615-001-02-8,RELA,22,0.699604743083004,0.0002902818250955,PRISM_secondary_AUC,GDC-0980,"mTOR inhibitor, PI3K inhibitor",0.237465589599355
BRD-K23301018-001-11-7,CD44,20,-0.627836781797688,0.0030380527174444,PRISM_secondary_AUC,broxyquinoline,antiprotozoal agent,0.0925148777940329
BRD-K23301018-001-11-7,CYFIP2,20,0.654089614723233,0.00175694803239992,PRISM_secondary_AUC,broxyquinoline,antiprotozoal agent,0.100970676408489
BRD-K23301018-001-11-7,GJA1,20,-0.614731620670758,0.00392317204396817,PRISM_secondary_AUC,broxyquinoline,antiprotozoal agent,0.140031097880623
BRD-K23301018-001-11-7,SLC1A3,20,-0.597869847628356,0.00536631927237684,PRISM_secondary_AUC,broxyquinoline,antiprotozoal agent,0.160989578171305
BRD-K23301018-001-11-7,TBX3,20,0.634157322625841,0.00267470316838708,PRISM_secondary_AUC,broxyquinoline,antiprotozoal agent,0.0964809662308276
BRD-K23363278-001-02-1,CEBPA,21,0.481800574462738,0.0269936263370744,PRISM_secondary_AUC,CYT-997,tubulin polymerization inhibitor,0.24294263703367
BRD-K23363278-001-02-1,GJA1,21,-0.501725731179718,0.0204829346523826,PRISM_secondary_AUC,CYT-997,tubulin polymerization inhibitor,0.220682857702604
BRD-K23363278-001-02-1,MYCN,21,0.605599752562505,0.00362197077795794,PRISM_secondary_AUC,CYT-997,tubulin polymerization inhibitor,0.189488453426075
BRD-K23363278-001-02-1,PTN,21,-0.697699858248612,0.00043780174816276,PRISM_secondary_AUC,CYT-997,tubulin polymerization inhibitor,0.0331807640712829
BRD-K23363278-001-02-1,SREBF2,21,0.641948900707346,0.0017053497661999,PRISM_secondary_AUC,CYT-997,tubulin polymerization inhibitor,0.154948658158848
BRD-K23677682-003-01-2,FAS,21,-0.617961419404292,0.00283213353501225,PRISM_secondary_AUC,voreloxin,topoisomerase inhibitor,0.21313064089374
BRD-K23677682-003-01-2,GJA1,21,-0.523482679249089,0.0148760616349651,PRISM_secondary_AUC,voreloxin,topoisomerase inhibitor,0.201774401344518
BRD-K23677682-003-01-2,IER3,21,-0.661194405379715,0.00109998630508519,PRISM_secondary_AUC,voreloxin,topoisomerase inhibitor,0.105598685288178
BRD-K23677682-003-01-2,PTN,21,-0.565663285850536,0.00752634928502745,PRISM_secondary_AUC,voreloxin,topoisomerase inhibitor,0.145169596479289
BRD-K23677682-003-01-2,S100A10,21,-0.709171419089885,0.000318786235141107,PRISM_secondary_AUC,voreloxin,topoisomerase inhibitor,0.0918104357206387
BRD-K23677682-003-01-2,SLC1A3,21,-0.529553346516583,0.0135564020231475,PRISM_secondary_AUC,voreloxin,topoisomerase inhibitor,0.232395463253957
BRD-K23925186-001-02-8,CCND2,21,-0.633714652075018,0.002039223652303,PRISM_secondary_AUC,oridonin,BCL inhibitor,0.247673247465087
BRD-K23925186-001-02-8,CD44,21,-0.532725361555425,0.0129055853268997,PRISM_secondary_AUC,oridonin,BCL inhibitor,0.180427600686753
BRD-K23925186-001-02-8,CEBPD,21,-0.672727272727273,0.000833343532622752,PRISM_secondary_AUC,oridonin,BCL inhibitor,0.221405256340658
BRD-K23925186-001-02-8,DKK3,21,-0.596398316829651,0.00432240646611092,PRISM_secondary_AUC,oridonin,BCL inhibitor,0.197119167757023
BRD-K23925186-001-02-8,DNAJB4,21,-0.697774021283084,0.000436924819737344,PRISM_secondary_AUC,oridonin,BCL inhibitor,0.0589293550962454
BRD-K23925186-001-02-8,LOX,21,-0.622157899584597,0.00259923945212409,PRISM_secondary_AUC,oridonin,BCL inhibitor,0.196994990055721
BRD-K23952234-236-01-8,S100A10,20,-0.550488850644175,0.0118986347543747,PRISM_secondary_AUC,BMS-986020,lysophosphatidic acid receptor antagonist,0.249459562790091
BRD-K23984367-001-07-5,CAV1,22,0.548619640387315,0.0081957396556946,PRISM_secondary_AUC,sorafenib,"FLT3 inhibitor, KIT inhibitor, PDGFR tyrosine kinase receptor inhibitor, RAF inhibitor, RET tyrosine kinase inhibitor, VEGFR inhibitor",0.211036837510388
BRD-K23984367-001-07-5,CEBPA,22,-0.492954547160067,0.019751162763538,PRISM_secondary_AUC,sorafenib,"FLT3 inhibitor, KIT inhibitor, PDGFR tyrosine kinase receptor inhibitor, RAF inhibitor, RET tyrosine kinase inhibitor, VEGFR inhibitor",0.230352856084835
BRD-K23984367-001-07-5,DCBLD2,22,0.593114222592835,0.00362154745909,PRISM_secondary_AUC,sorafenib,"FLT3 inhibitor, KIT inhibitor, PDGFR tyrosine kinase receptor inhibitor, RAF inhibitor, RET tyrosine kinase inhibitor, VEGFR inhibitor",0.246151279559208
BRD-K23984367-001-07-5,FBN1,22,0.668724490153074,0.000667767832732376,PRISM_secondary_AUC,sorafenib,"FLT3 inhibitor, KIT inhibitor, PDGFR tyrosine kinase receptor inhibitor, RAF inhibitor, RET tyrosine kinase inhibitor, VEGFR inhibitor",0.240396419783655
BRD-K23984367-001-07-5,FOXF2,22,0.559891425523675,0.00673403144168348,PRISM_secondary_AUC,sorafenib,"FLT3 inhibitor, KIT inhibitor, PDGFR tyrosine kinase receptor inhibitor, RAF inhibitor, RET tyrosine kinase inhibitor, VEGFR inhibitor",0.226328160096615
BRD-K23984367-001-07-5,IL15,22,0.562945645655254,0.00637751165337022,PRISM_secondary_AUC,sorafenib,"FLT3 inhibitor, KIT inhibitor, PDGFR tyrosine kinase receptor inhibitor, RAF inhibitor, RET tyrosine kinase inhibitor, VEGFR inhibitor",0.215932831470013
BRD-K23984367-001-07-5,LOX,22,0.537604041027686,0.00986768322572849,PRISM_secondary_AUC,sorafenib,"FLT3 inhibitor, KIT inhibitor, PDGFR tyrosine kinase receptor inhibitor, RAF inhibitor, RET tyrosine kinase inhibitor, VEGFR inhibitor",0.231375825522891
BRD-K23984367-001-07-5,MMP14,22,0.621044675421944,0.00203837218431218,PRISM_secondary_AUC,sorafenib,"FLT3 inhibitor, KIT inhibitor, PDGFR tyrosine kinase receptor inhibitor, RAF inhibitor, RET tyrosine kinase inhibitor, VEGFR inhibitor",0.168437626141598
BRD-K23984367-001-07-5,NGF,22,0.656496520435508,0.000905277438598205,PRISM_secondary_AUC,sorafenib,"FLT3 inhibitor, KIT inhibitor, PDGFR tyrosine kinase receptor inhibitor, RAF inhibitor, RET tyrosine kinase inhibitor, VEGFR inhibitor",0.135639160626051
BRD-K23984367-001-07-5,OPTN,22,0.617249084142899,0.00221086461179778,PRISM_secondary_AUC,sorafenib,"FLT3 inhibitor, KIT inhibitor, PDGFR tyrosine kinase receptor inhibitor, RAF inhibitor, RET tyrosine kinase inhibitor, VEGFR inhibitor",0.187273237705224
BRD-K23984367-001-07-5,PLAU,22,0.642590688770467,0.00125957462473583,PRISM_secondary_AUC,sorafenib,"FLT3 inhibitor, KIT inhibitor, PDGFR tyrosine kinase receptor inhibitor, RAF inhibitor, RET tyrosine kinase inhibitor, VEGFR inhibitor",0.17266496787374
BRD-K23984367-001-07-5,POSTN,22,0.550937804086618,0.00787551924944381,PRISM_secondary_AUC,sorafenib,"FLT3 inhibitor, KIT inhibitor, PDGFR tyrosine kinase receptor inhibitor, RAF inhibitor, RET tyrosine kinase inhibitor, VEGFR inhibitor",0.215018440675219
BRD-K23984367-001-07-5,PTN,22,0.509453108089028,0.0154433534198657,PRISM_secondary_AUC,sorafenib,"FLT3 inhibitor, KIT inhibitor, PDGFR tyrosine kinase receptor inhibitor, RAF inhibitor, RET tyrosine kinase inhibitor, VEGFR inhibitor",0.209040662699638
BRD-K23984367-001-07-5,TLR3,22,0.68120646725057,0.000482464294181512,PRISM_secondary_AUC,sorafenib,"FLT3 inhibitor, KIT inhibitor, PDGFR tyrosine kinase receptor inhibitor, RAF inhibitor, RET tyrosine kinase inhibitor, VEGFR inhibitor",0.231582861207126
BRD-K23984367-001-07-5,XBP1,22,-0.638970459537957,0.00136910411492675,PRISM_secondary_AUC,sorafenib,"FLT3 inhibitor, KIT inhibitor, PDGFR tyrosine kinase receptor inhibitor, RAF inhibitor, RET tyrosine kinase inhibitor, VEGFR inhibitor",0.115971172087913
BRD-K23984367-075-15-2,DBI,19,-0.639507909967173,0.00319503831493452,PRISM_secondary_AUC,sorafenib,"FLT3 inhibitor, KIT inhibitor, PDGFR tyrosine kinase receptor inhibitor, RAF inhibitor, RET tyrosine kinase inhibitor, VEGFR inhibitor",0.164316256196633
BRD-K24187789-001-01-7,IER3,22,-0.553924336533032,0.00747826241378773,PRISM_secondary_AUC,VU0238429,acetylcholine receptor allosteric modulator,0.17653603075171
BRD-K24556098-001-16-7,TBX3,22,0.491812535290796,0.020081872418542,PRISM_secondary_AUC,deoxycorticosterone-acetate,progestogen hormone,0.221613995703615
BRD-K24576554-001-04-8,PTN,18,-0.591002664138725,0.00979839408948714,PRISM_secondary_AUC,AT-9283,"Aurora kinase inhibitor, JAK inhibitor",0.167972470105494
BRD-K24593301-001-02-3,AR,21,0.719004115449995,0.000240005013623725,PRISM_secondary_AUC,AZD3463,"ALK tyrosine kinase receptor inhibitor, insulin growth factor receptor inhibitor",0.0576012032696939
BRD-K24593301-001-02-3,CEBPA,21,0.557502274725805,0.00864546014550927,PRISM_secondary_AUC,AZD3463,"ALK tyrosine kinase receptor inhibitor, insulin growth factor receptor inhibitor",0.163808718546491
BRD-K24593301-001-02-3,CYFIP2,21,0.546996412156502,0.0102833700232396,PRISM_secondary_AUC,AZD3463,"ALK tyrosine kinase receptor inhibitor, insulin growth factor receptor inhibitor",0.227816197437923
BRD-K24593301-001-02-3,ETS2,21,-0.644586164851342,0.00160869428916576,PRISM_secondary_AUC,AZD3463,"ALK tyrosine kinase receptor inhibitor, insulin growth factor receptor inhibitor",0.241877892615977
BRD-K24593301-001-02-3,PBX1,21,0.538961038961039,0.011700072360478,PRISM_secondary_AUC,AZD3463,"ALK tyrosine kinase receptor inhibitor, insulin growth factor receptor inhibitor",0.206621714231523
BRD-K24593301-001-02-3,RARA,21,0.661008134486196,0.00110482481604898,PRISM_secondary_AUC,AZD3463,"ALK tyrosine kinase receptor inhibitor, insulin growth factor receptor inhibitor",0.0790687048813912
BRD-K24593301-001-02-3,TBX3,21,0.641128190591874,0.00173640918844107,PRISM_secondary_AUC,AZD3463,"ALK tyrosine kinase receptor inhibitor, insulin growth factor receptor inhibitor",0.0964809662308276
BRD-K24601397-001-01-1,NCOR1,20,0.697179317268083,0.000634514010626269,PRISM_secondary_AUC,phlorizin,sodium/glucose cotransporter inhibitor,0.228425043825457
BRD-K24696047-001-02-3,IER3,20,0.622661885487282,0.00336528046763358,PRISM_secondary_AUC,NVP-AEW541,IGF-1 inhibitor,0.152477070192036
BRD-K24696047-001-02-3,MEF2A,20,0.730966657497705,0.000251118767691941,PRISM_secondary_AUC,NVP-AEW541,IGF-1 inhibitor,0.157816953469292
BRD-K24844714-001-24-5,SREBF2,19,0.681861312556824,0.00130216029361761,PRISM_secondary_AUC,5-fluorouracil,thymidylate synthase inhibitor,0.154948658158848
BRD-K24869513-001-02-1,FAS,20,0.676630074579477,0.00105247602337982,PRISM_secondary_AUC,CNX-2006,EGFR inhibitor,0.21313064089374
BRD-K25224017-001-25-0,CEBPA,22,0.481648785996612,0.0232256806436644,PRISM_secondary_AUC,pirenperone,serotonin receptor antagonist,0.239701486934372
BRD-K25224017-001-25-0,GJA1,22,-0.687941286963968,0.000402257988488975,PRISM_secondary_AUC,pirenperone,serotonin receptor antagonist,0.0965419172373539
BRD-K25224017-001-25-0,PTN,22,-0.565197193872976,0.00612483049722222,PRISM_secondary_AUC,pirenperone,serotonin receptor antagonist,0.135688552553846
BRD-K25224017-001-25-0,S100A10,22,-0.6386222473179,0.00138005293568726,PRISM_secondary_AUC,pirenperone,serotonin receptor antagonist,0.152867402106897
BRD-K25224017-001-25-0,TBX3,22,0.497459062676454,0.0184892007203974,PRISM_secondary_AUC,pirenperone,serotonin receptor antagonist,0.21823318883092
BRD-K25224017-001-25-0,UGCG,22,-0.654432523997742,0.00095174489575696,PRISM_secondary_AUC,pirenperone,serotonin receptor antagonist,0.171314081236253
BRD-K25244359-066-03-4,CDX1,19,-0.726406781672992,0.000428169292616815,PRISM_secondary_AUC,apatinib,RET tyrosine kinase inhibitor,0.102760630228036
BRD-K25279140-001-01-5,CD44,21,-0.525784421021493,0.0143640011699469,PRISM_secondary_AUC,MK-8745,Aurora kinase inhibitor,0.187885647522946
BRD-K25279140-001-01-5,CEBPA,21,0.489186897516516,0.0244123429977309,PRISM_secondary_AUC,MK-8745,Aurora kinase inhibitor,0.239701486934372
BRD-K25279140-001-01-5,S100A10,21,-0.720568816896687,0.000229159475531339,PRISM_secondary_AUC,MK-8745,Aurora kinase inhibitor,0.0824974111912821
BRD-K25279140-001-01-5,TBX3,21,0.760407853957804,6.31057208943291e-05,PRISM_secondary_AUC,MK-8745,Aurora kinase inhibitor,0.045436119043917
BRD-K25340465-001-11-1,GJA1,21,-0.557963574289448,0.00857876436512778,PRISM_secondary_AUC,OSI-930,"KIT inhibitor, VEGFR inhibitor",0.176477438368343
BRD-K25412176-001-01-9,ETS2,22,0.643139469226426,0.00124364018003649,PRISM_secondary_AUC,GSK2110183,AKT inhibitor,0.241877892615977
BRD-K25412176-001-01-9,FOXF2,22,0.559687511289815,0.00675841033621835,PRISM_secondary_AUC,GSK2110183,AKT inhibitor,0.226328160096615
BRD-K25412176-001-01-9,IL15,22,0.616036137775268,0.00226851971982326,PRISM_secondary_AUC,GSK2110183,AKT inhibitor,0.163333419827275
BRD-K25412176-001-01-9,PLAU,22,0.642010163749294,0.00127661937895546,PRISM_secondary_AUC,GSK2110183,AKT inhibitor,0.17266496787374
BRD-K25412176-001-01-9,PTHLH,22,0.520045172219085,0.0131044652868056,PRISM_secondary_AUC,GSK2110183,AKT inhibitor,0.224048765025159
BRD-K25412176-001-01-9,SERPINE1,22,0.626553772312206,0.00180832023187151,PRISM_secondary_AUC,GSK2110183,AKT inhibitor,0.123999101614046
BRD-K25412176-001-01-9,SMAD3,22,0.660265488063119,0.00082540815644051,PRISM_secondary_AUC,GSK2110183,AKT inhibitor,0.237717549054867
BRD-K25433859-003-25-4,GJA1,17,-0.681340705849708,0.00259827823220863,PRISM_secondary_AUC,maprotiline,"norepinephrine reputake inhibitor, tricyclic antidepressant",0.129768789699103
BRD-K25433859-003-25-4,MYCN,17,0.679654580028541,0.00268824480266522,PRISM_secondary_AUC,maprotiline,"norepinephrine reputake inhibitor, tricyclic antidepressant",0.168307500688605
BRD-K25433859-003-25-4,S100A10,17,-0.625599744204604,0.0072316968980968,PRISM_secondary_AUC,maprotiline,"norepinephrine reputake inhibitor, tricyclic antidepressant",0.249459562790091
BRD-K25433859-003-25-4,SREBF2,17,0.692922208142707,0.00204446146181813,PRISM_secondary_AUC,maprotiline,"norepinephrine reputake inhibitor, tricyclic antidepressant",0.154948658158848
BRD-K25596805-001-01-8,ANPEP,15,-0.741252569769444,0.00156510229071663,PRISM_secondary_AUC,JNJ-16259685,glutamate receptor antagonist,0.220275412710353
BRD-K25596805-001-01-8,GJA1,15,-0.637565240057487,0.0105611284895784,PRISM_secondary_AUC,JNJ-16259685,glutamate receptor antagonist,0.188104590419647
BRD-K25596805-001-01-8,GJB1,15,0.73276028791058,0.00188758269073102,PRISM_secondary_AUC,JNJ-16259685,glutamate receptor antagonist,0.123982119412683
BRD-K25596805-001-01-8,MYCN,15,0.707513036042873,0.00317247635990053,PRISM_secondary_AUC,JNJ-16259685,glutamate receptor antagonist,0.179386339021306
BRD-K25596805-001-01-8,OPTN,15,-0.68897067768349,0.00449945445777928,PRISM_secondary_AUC,JNJ-16259685,glutamate receptor antagonist,0.249787525037684
BRD-K25596805-001-01-8,POSTN,15,-0.653047310475174,0.00829965452556923,PRISM_secondary_AUC,JNJ-16259685,glutamate receptor antagonist,0.215018440675219
BRD-K25596805-001-01-8,PTN,15,-0.735278841864817,0.00178683950684338,PRISM_secondary_AUC,JNJ-16259685,glutamate receptor antagonist,0.067711812890907
BRD-K25596805-001-01-8,XBP1,15,0.720527849249369,0.00244383944088703,PRISM_secondary_AUC,JNJ-16259685,glutamate receptor antagonist,0.123866191995401
BRD-K25630527-001-03-8,GJA1,22,-0.56198816135398,0.00648755371678506,PRISM_secondary_AUC,LY2784544,JAK inhibitor,0.160615743082015
BRD-K25630527-001-03-8,PMEPA1,22,0.656691134952005,0.000900997659753756,PRISM_secondary_AUC,LY2784544,JAK inhibitor,0.232379260566751
BRD-K25835157-001-01-4,CTSB,22,-0.686053077357425,0.000423493930419556,PRISM_secondary_AUC,PRT062070,"JAK inhibitor, syk inhibitor",0.101638543300694
BRD-K26011976-001-01-0,CCND2,22,-0.624616402571536,0.00188657762955451,PRISM_secondary_AUC,licochalcone-a,topoisomerase inhibitor,0.247673247465087
BRD-K26011976-001-01-0,CD44,22,-0.53811405985319,0.00978453856522305,PRISM_secondary_AUC,licochalcone-a,topoisomerase inhibitor,0.153149299281752
BRD-K26011976-001-01-0,IGFBP5,22,0.551665725578769,0.00777712482461112,PRISM_secondary_AUC,licochalcone-a,topoisomerase inhibitor,0.223911896265843
BRD-K26011976-001-01-0,SLC1A3,22,-0.626199887069452,0.00182240619443757,PRISM_secondary_AUC,licochalcone-a,topoisomerase inhibitor,0.0921669084516871
BRD-K26026438-001-01-0,CEBPA,22,-0.512140033879164,0.0148202524296279,PRISM_secondary_AUC,tucatinib,EGFR inhibitor,0.201331731119473
BRD-K26026438-001-01-0,FHL1,22,0.531073531085188,0.0109845530312408,PRISM_secondary_AUC,tucatinib,EGFR inhibitor,0.175424438068925
BRD-K26026438-001-01-0,GRHL1,22,-0.754940711462451,4.89259294100854e-05,PRISM_secondary_AUC,tucatinib,EGFR inhibitor,0.0495872439660548
BRD-K26026438-001-01-0,MYCN,22,-0.575869096423839,0.00503732658018208,PRISM_secondary_AUC,tucatinib,EGFR inhibitor,0.201493063207283
BRD-K26253904-001-01-5,IER3,21,-0.720138092681007,0.000232102113874216,PRISM_secondary_AUC,NMS-873,ATPase inhibitor,0.04182156846813
BRD-K26305185-001-02-1,S100A10,21,-0.533144941851503,0.012821430551888,PRISM_secondary_AUC,K-Ras(G12C)-inhibitor-6,K-ras inhibitor,0.249459562790091
BRD-K26305185-001-02-1,SLC1A3,21,-0.608005694148669,0.00345532934078854,PRISM_secondary_AUC,K-Ras(G12C)-inhibitor-6,K-ras inhibitor,0.134477682452311
BRD-K26305185-001-02-1,TBX3,21,0.545455960600451,0.010543514488928,PRISM_secondary_AUC,K-Ras(G12C)-inhibitor-6,K-ras inhibitor,0.170591695101756
BRD-K26531771-001-02-2,PBX1,18,0.577378174661944,0.012104207853261,PRISM_secondary_AUC,EPZ-5676,histone lysine methyltransferase inhibitor,0.207500706055902
BRD-K26603252-003-04-9,YBX1,19,0.692019837118386,0.00102760859338519,PRISM_secondary_AUC,PD-153035,EGFR inhibitor,0.195953005073199
BRD-K26657438-001-15-2,MYBL1,21,0.769813661139847,4.48993893103485e-05,PRISM_secondary_AUC,imiquimod,"interferon inducer, toll-like receptor agonist",0.0646551206069019
BRD-K26667523-001-02-5,S100A2,20,-0.631554921949116,0.00281965466286125,PRISM_secondary_AUC,TAK-733,MEK inhibitor,0.20301513572601
BRD-K26756394-001-02-2,BACE1,22,0.654052553615989,0.000960517246491727,PRISM_secondary_AUC,VE-821,ATR kinase inhibitor,0.230524139158015
BRD-K26818574-305-04-3,CD44,21,-0.520904751220829,0.0154669752901239,PRISM_secondary_AUC,BIX-01294,histone lysine methyltransferase inhibitor,0.190362772801525
BRD-K26818574-305-04-3,CEBPA,21,0.516025081420166,0.016637333126681,PRISM_secondary_AUC,BIX-01294,histone lysine methyltransferase inhibitor,0.215835672994781
BRD-K26818574-305-04-3,CYFIP2,21,0.623575909858412,0.00252426691021222,PRISM_secondary_AUC,BIX-01294,histone lysine methyltransferase inhibitor,0.100970676408489
BRD-K26818574-305-04-3,IGFBP5,21,0.661941683145729,0.00108075533829103,PRISM_secondary_AUC,BIX-01294,histone lysine methyltransferase inhibitor,0.112200167721526
BRD-K26818574-305-04-3,PBX1,21,0.544155844155844,0.0107672273194573,PRISM_secondary_AUC,BIX-01294,histone lysine methyltransferase inhibitor,0.201361134285954
BRD-K26818574-305-04-3,RARA,21,0.785257783825706,2.47810619442625e-05,PRISM_secondary_AUC,BIX-01294,histone lysine methyltransferase inhibitor,0.0152421207279239
BRD-K26818574-305-04-3,TBX3,21,0.723132959155951,0.000212296498772204,PRISM_secondary_AUC,BIX-01294,histone lysine methyltransferase inhibitor,0.0454775600539718
BRD-K26824830-001-02-0,CUX1,19,-0.764949868977702,0.000136067885084266,PRISM_secondary_AUC,azomycin-(2-nitroimidazole),protein synthesis inhibitor,0.195937754521342
BRD-K26824830-001-02-0,FLI1,19,0.680427621773531,0.00134543559662797,PRISM_secondary_AUC,azomycin-(2-nitroimidazole),protein synthesis inhibitor,0.193742725914428
BRD-K26833429-001-02-8,CD44,21,-0.489543618397671,0.0242928390556885,PRISM_secondary_AUC,costunolide,telomerase inhibitor,0.249869201715653
BRD-K26833429-001-02-8,FOXF2,21,-0.602854554656307,0.00382024094835051,PRISM_secondary_AUC,costunolide,telomerase inhibitor,0.183371565520825
BRD-K26833429-001-02-8,SLC1A3,21,-0.542863265323815,0.010993464826703,PRISM_secondary_AUC,costunolide,telomerase inhibitor,0.211074524672697
BRD-K26833429-001-02-8,TLR3,21,-0.70999195599654,0.000311458379524045,PRISM_secondary_AUC,costunolide,telomerase inhibitor,0.231582861207126
BRD-K26997899-001-02-2,FAS,18,-0.674351790086933,0.00214511332891302,PRISM_secondary_AUC,D-64131,microtubule inhibitor,0.21313064089374
BRD-K26997899-001-02-2,GJA1,18,-0.547833246890309,0.0185939988391925,PRISM_secondary_AUC,D-64131,microtubule inhibitor,0.215291663793694
BRD-K27182532-001-02-3,PBX1,22,0.532467532467532,0.0107378533434307,PRISM_secondary_AUC,metatinib,Bcr-Abl kinase inhibitor,0.201361134285954
BRD-K27316855-001-13-3,DAB2,20,0.776812839498384,5.61581618215037e-05,PRISM_secondary_AUC,calcitriol,vitamin D receptor agonist,0.0808677530229653
BRD-K27351809-001-09-5,STAT3,18,0.741877246804214,0.000424119851332799,PRISM_secondary_AUC,nomegestrol-acetate,progesterone receptor agonist,0.203577528639744
BRD-K28061410-001-06-6,DNAJB4,22,0.507622811970638,0.0158798418459703,PRISM_secondary_AUC,beta-lapachone,topoisomerase inhibitor,0.237832384076735
BRD-K28061410-001-06-6,GRHL1,22,-0.593450028232637,0.00359770283144897,PRISM_secondary_AUC,beta-lapachone,topoisomerase inhibitor,0.225247481621153
BRD-K28061410-001-06-6,MYB,22,-0.619424054206663,0.00211057667205784,PRISM_secondary_AUC,beta-lapachone,topoisomerase inhibitor,0.189951900485205
BRD-K28061410-001-06-6,PTGER4,22,0.733483907396951,0.000102655035120079,PRISM_secondary_AUC,beta-lapachone,topoisomerase inhibitor,0.147823250572914
BRD-K28143534-001-02-2,FHL1,20,-0.509144422306515,0.0218590172059978,PRISM_secondary_AUC,cyproheptadine,histamine receptor antagonist,0.242320587852546
BRD-K28192623-066-08-1,GJA1,20,-0.638707948453126,0.00243615898952007,PRISM_secondary_AUC,spiradoline,opioid receptor agonist,0.129768789699103
BRD-K28192623-066-08-1,PTN,20,-0.537319282715058,0.0145586192798762,PRISM_secondary_AUC,spiradoline,opioid receptor agonist,0.204334466258437
BRD-K28192623-066-08-1,S100A10,20,-0.640332326349872,0.00235543029080626,PRISM_secondary_AUC,spiradoline,opioid receptor agonist,0.199518801103589
BRD-K28192623-066-08-1,TBX3,20,0.630951341642529,0.00285419142676614,PRISM_secondary_AUC,spiradoline,opioid receptor agonist,0.0964809662308276
BRD-K28307902-001-21-7,TBX3,21,0.580467181467075,0.0058003654735266,PRISM_secondary_AUC,flutamide,androgen receptor antagonist,0.132579782252036
BRD-K28352084-001-02-3,GJA1,15,0.623115587122863,0.0130800059831652,PRISM_secondary_AUC,CH5132799,PI3K inhibitor,0.198971688275002
BRD-K28352084-001-02-3,IL15,15,0.72554877169902,0.00220152725994192,PRISM_secondary_AUC,CH5132799,PI3K inhibitor,0.163333419827275
BRD-K28352084-001-02-3,PTHLH,15,0.6235436290522,0.0129992676535744,PRISM_secondary_AUC,CH5132799,PI3K inhibitor,0.224048765025159
BRD-K28360340-001-08-3,IER3,21,-0.518960725152683,0.0159250004589213,PRISM_secondary_AUC,TW-37,BCL inhibitor,0.233752890674518
BRD-K28360340-001-08-3,PTN,21,-0.518677230823037,0.0159926980033105,PRISM_secondary_AUC,TW-37,BCL inhibitor,0.213235973377473
BRD-K28392481-001-05-1,GJA1,21,-0.489067733404434,0.0244523677772915,PRISM_secondary_AUC,AZD4547,FGFR inhibitor,0.242837307581377
BRD-K28392481-001-05-1,MYCN,21,0.598333422957922,0.00416645107871184,PRISM_secondary_AUC,AZD4547,FGFR inhibitor,0.189488453426075
BRD-K28453807-003-11-2,SREBF2,17,0.626359284558372,0.00714062739221338,PRISM_secondary_AUC,nitrocaramiphen,cholinergic receptor antagonist,0.226808580350901
BRD-K28542495-003-13-5,CD44,21,-0.513559120565877,0.0172553354236678,PRISM_secondary_AUC,benzydamine,prostanoid receptor antagonist,0.202417296832402
BRD-K28578425-001-07-0,CACNA1H,21,0.644009139930006,0.00162943732321528,PRISM_secondary_AUC,cilostamide,phosphodiesterase inhibitor,0.184753912185442
BRD-K28578425-001-07-0,CEBPA,21,0.564821779426801,0.00763592349076417,PRISM_secondary_AUC,cilostamide,phosphodiesterase inhibitor,0.153795555486954
BRD-K28578425-001-07-0,DKK3,21,-0.545780864573932,0.0104882042006487,PRISM_secondary_AUC,cilostamide,phosphodiesterase inhibitor,0.243597000789259
BRD-K28578425-001-07-0,IER3,21,-0.54715118429678,0.010257525115689,PRISM_secondary_AUC,cilostamide,phosphodiesterase inhibitor,0.201720652412208
BRD-K28578425-001-07-0,PBX1,21,0.571428571428571,0.00680989342253968,PRISM_secondary_AUC,cilostamide,phosphodiesterase inhibitor,0.169608664979172
BRD-K28578425-001-07-0,RARA,21,0.550425946574032,0.00972299198938425,PRISM_secondary_AUC,cilostamide,phosphodiesterase inhibitor,0.201281936198874
BRD-K28824103-001-02-8,DNAJB4,22,-0.532467532467532,0.0107378533434307,PRISM_secondary_AUC,genipin,choleretic agent,0.198237292494105
BRD-K28907958-001-04-3,HEY1,22,-0.696413470300962,0.000317855153018904,PRISM_secondary_AUC,CD-437,retinoid receptor agonist,0.228855710173611
BRD-K29458283-001-29-9,PTN,19,-0.559627818694999,0.01272068233714,PRISM_secondary_AUC,chlorambucil,DNA inhibitor,0.194870027292358
BRD-K29458283-001-29-9,YBX1,19,-0.698423959146449,0.000880865089580201,PRISM_secondary_AUC,chlorambucil,DNA inhibitor,0.195953005073199
BRD-K29542628-001-03-9,CDX1,18,-0.791233129336061,9.20081629650425e-05,PRISM_secondary_AUC,1-naphthyl-PP1,src inhibitor,0.0441639182232204
BRD-K29582115-066-01-2,CITED2,22,-0.769621682665161,2.81972000181291e-05,PRISM_secondary_AUC,ziprasidone,"dopamine receptor antagonist, serotonin receptor antagonist",0.0406039680261059
BRD-K29582115-066-01-2,GJA1,22,-0.489692196878292,0.0207076967170359,PRISM_secondary_AUC,ziprasidone,"dopamine receptor antagonist, serotonin receptor antagonist",0.22088209831505
BRD-K29582115-066-01-2,MT1E,22,-0.714285714285714,0.000188329318605602,PRISM_secondary_AUC,ziprasidone,"dopamine receptor antagonist, serotonin receptor antagonist",0.229397476755471
BRD-K29582115-066-01-2,UGCG,22,-0.616036137775268,0.00226851971982326,PRISM_secondary_AUC,ziprasidone,"dopamine receptor antagonist, serotonin receptor antagonist",0.230153648553243
BRD-K29656036-001-02-5,GJA1,22,-0.505506939107349,0.0163968390134471,PRISM_secondary_AUC,MK-8245,stearoyl-CoA desaturase inhibitor,0.207117966485648
BRD-K29656036-001-02-5,PTHLH,22,-0.524562394127612,0.0121990998045689,PRISM_secondary_AUC,MK-8245,stearoyl-CoA desaturase inhibitor,0.224048765025159
BRD-K29673530-001-05-4,GJA1,19,-0.597823960769362,0.00686434173629496,PRISM_secondary_AUC,hypericin,tyrosine kinase inhibitor,0.160615743082015
BRD-K29968218-001-03-2,IER3,21,-0.524086263178883,0.0147403791464376,PRISM_secondary_AUC,KX2-391,"src inhibitor, tubulin polymerization inhibitor",0.230718977944241
BRD-K29968218-001-03-2,PTHLH,21,-0.564821779426801,0.00763592349076417,PRISM_secondary_AUC,KX2-391,"src inhibitor, tubulin polymerization inhibitor",0.178045005802059
BRD-K30431096-004-01-3,GJA1,19,-0.644279071096663,0.00290685437036751,PRISM_secondary_AUC,domiphen,,0.130327952733802
BRD-K30431096-004-01-3,PTN,19,-0.62720932733521,0.00404831015620082,PRISM_secondary_AUC,domiphen,,0.104738854299871
BRD-K30431096-004-01-3,TBX3,19,0.513324644317841,0.0245875197416602,PRISM_secondary_AUC,domiphen,,0.245875197416602
BRD-K30480208-001-18-5,CEBPA,19,0.524034583685046,0.0212763394969531,PRISM_secondary_AUC,torasemide,"electrolyte reabsorption inhibitor, thromboxane receptor antagonist",0.23438974369893
BRD-K30480208-001-18-5,ESR1,19,0.584196771152089,0.00862648195208069,PRISM_secondary_AUC,torasemide,"electrolyte reabsorption inhibitor, thromboxane receptor antagonist",0.243643419655599
BRD-K30480208-001-18-5,ETV1,19,-0.596738271581961,0.00699297854169986,PRISM_secondary_AUC,torasemide,"electrolyte reabsorption inhibitor, thromboxane receptor antagonist",0.223775313334396
BRD-K30480208-001-18-5,FHL1,19,-0.54447152764781,0.0159403544691853,PRISM_secondary_AUC,torasemide,"electrolyte reabsorption inhibitor, thromboxane receptor antagonist",0.20679378770835
BRD-K30480208-001-18-5,GJA1,19,-0.582020601619169,0.00893908064985273,PRISM_secondary_AUC,torasemide,"electrolyte reabsorption inhibitor, thromboxane receptor antagonist",0.178781612997055
BRD-K30480208-001-18-5,IER3,19,-0.548115403974594,0.0151126590229874,PRISM_secondary_AUC,torasemide,"electrolyte reabsorption inhibitor, thromboxane receptor antagonist",0.231513074394701
BRD-K30480208-001-18-5,POSTN,19,-0.662103265813229,0.0020131509343916,PRISM_secondary_AUC,torasemide,"electrolyte reabsorption inhibitor, thromboxane receptor antagonist",0.181183584095244
BRD-K30480208-001-18-5,PTN,19,-0.845613685712196,5.12642988596148e-06,PRISM_secondary_AUC,torasemide,"electrolyte reabsorption inhibitor, thromboxane receptor antagonist",0.00369102951789227
BRD-K30480208-001-18-5,ZEB2,19,-0.620736989731687,0.00456766126755051,PRISM_secondary_AUC,torasemide,"electrolyte reabsorption inhibitor, thromboxane receptor antagonist",0.214870748808551
BRD-K30577245-001-05-0,CACNA1H,21,0.636850583805936,0.00190612091091213,PRISM_secondary_AUC,docetaxel,tubulin polymerization inhibitor,0.184753912185442
BRD-K30577245-001-05-0,CAV1,21,-0.622011473494389,0.00260708641813907,PRISM_secondary_AUC,docetaxel,tubulin polymerization inhibitor,0.129455325590354
BRD-K30577245-001-05-0,CD44,21,-0.528245049354778,0.0138324616758941,PRISM_secondary_AUC,docetaxel,tubulin polymerization inhibitor,0.184575865750878
BRD-K30577245-001-05-0,CEBPA,21,0.587195200272135,0.00513209607716983,PRISM_secondary_AUC,docetaxel,tubulin polymerization inhibitor,0.141490811820921
BRD-K30577245-001-05-0,CYFIP2,21,0.56433555553586,0.00769983108027611,PRISM_secondary_AUC,docetaxel,tubulin polymerization inhibitor,0.194522048343817
BRD-K30577245-001-05-0,DBI,21,0.633562268998027,0.00204588560350313,PRISM_secondary_AUC,docetaxel,tubulin polymerization inhibitor,0.128090229088892
BRD-K30577245-001-05-0,DKK3,21,-0.572045211848068,0.00673671087537064,PRISM_secondary_AUC,docetaxel,tubulin polymerization inhibitor,0.224742059993937
BRD-K30577245-001-05-0,DNAJB4,21,-0.534403945960478,0.0125715830564278,PRISM_secondary_AUC,docetaxel,tubulin polymerization inhibitor,0.205716813650636
BRD-K30577245-001-05-0,ESR1,21,0.651855581425211,0.00136586120144815,PRISM_secondary_AUC,docetaxel,tubulin polymerization inhibitor,0.100744011422738
BRD-K30577245-001-05-0,ETS1,21,-0.589041255581792,0.00496033220009974,PRISM_secondary_AUC,docetaxel,tubulin polymerization inhibitor,0.178534397088816
BRD-K30577245-001-05-0,FHL1,21,-0.647949791708834,0.0014921588732571,PRISM_secondary_AUC,docetaxel,tubulin polymerization inhibitor,0.0525566701253952
BRD-K30577245-001-05-0,FOSL1,21,-0.556102205780978,0.00885049281515112,PRISM_secondary_AUC,docetaxel,tubulin polymerization inhibitor,0.237147109160517
BRD-K30577245-001-05-0,GJA1,21,-0.604823834461532,0.00367712053077969,PRISM_secondary_AUC,docetaxel,tubulin polymerization inhibitor,0.140031097880623
BRD-K30577245-001-05-0,GJB1,21,0.614702121682778,0.00302484441029345,PRISM_secondary_AUC,docetaxel,tubulin polymerization inhibitor,0.15164983456734
BRD-K30577245-001-05-0,GRHL1,21,0.652110133255737,0.00135795379362713,PRISM_secondary_AUC,docetaxel,tubulin polymerization inhibitor,0.160634168504866
BRD-K30577245-001-05-0,HBEGF,21,-0.687746738408747,0.000570022201155808,PRISM_secondary_AUC,docetaxel,tubulin polymerization inhibitor,0.164166393932873
BRD-K30577245-001-05-0,IL15,21,-0.571764185605317,0.00676998211000508,PRISM_secondary_AUC,docetaxel,tubulin polymerization inhibitor,0.215932831470013
BRD-K30577245-001-05-0,LOX,21,-0.59756339320627,0.00422793948933084,PRISM_secondary_AUC,docetaxel,tubulin polymerization inhibitor,0.212921750862405
BRD-K30577245-001-05-0,MYCN,21,0.669805865366288,0.000895047459640927,PRISM_secondary_AUC,docetaxel,tubulin polymerization inhibitor,0.148715704717394
BRD-K30577245-001-05-0,OPTN,21,-0.694445129682522,0.000477798545319794,PRISM_secondary_AUC,docetaxel,tubulin polymerization inhibitor,0.157887052894669
BRD-K30577245-001-05-0,POSTN,21,-0.563543077341672,0.00780493336467874,PRISM_secondary_AUC,docetaxel,tubulin polymerization inhibitor,0.215018440675219
BRD-K30577245-001-05-0,PTHLH,21,-0.654437719953637,0.00128742658113271,PRISM_secondary_AUC,docetaxel,tubulin polymerization inhibitor,0.116091668607512
BRD-K30577245-001-05-0,PTN,21,-0.579954794015819,0.00585407441666464,PRISM_secondary_AUC,docetaxel,tubulin polymerization inhibitor,0.132034116497778
BRD-K30577245-001-05-0,S100A2,21,-0.68761183105476,0.000572025343837426,PRISM_secondary_AUC,docetaxel,tubulin polymerization inhibitor,0.117673785017985
BRD-K30577245-001-05-0,TGFB2,21,-0.635383861130717,0.00196743476476203,PRISM_secondary_AUC,docetaxel,tubulin polymerization inhibitor,0.15020956548928
BRD-K30577245-001-05-0,XBP1,21,0.654437719953637,0.00128742658113271,PRISM_secondary_AUC,docetaxel,tubulin polymerization inhibitor,0.115868392301944
BRD-K30577245-001-05-0,ZEB2,21,-0.657058365411475,0.00121175160750508,PRISM_secondary_AUC,docetaxel,tubulin polymerization inhibitor,0.106260261552127
BRD-K30577245-341-01-9,CD44,22,-0.568605307735743,0.00575819339992729,PRISM_secondary_AUC,docetaxel,tubulin polymerization inhibitor,0.112051331025612
BRD-K30577245-341-01-9,CEBPA,22,0.47261434217956,0.0263399945351111,PRISM_secondary_AUC,docetaxel,tubulin polymerization inhibitor,0.241589758793376
BRD-K30577245-341-01-9,CTCF,22,0.640880858272163,0.00131033894440303,PRISM_secondary_AUC,docetaxel,tubulin polymerization inhibitor,0.235861009992546
BRD-K30577245-341-01-9,DKK3,22,-0.557312252964427,0.00704780769381294,PRISM_secondary_AUC,docetaxel,tubulin polymerization inhibitor,0.224742059993937
BRD-K30577245-341-01-9,DNAJB4,22,-0.506493506493507,0.0161541090386241,PRISM_secondary_AUC,docetaxel,tubulin polymerization inhibitor,0.237832384076735
BRD-K30577245-341-01-9,FHL1,22,-0.500565051639869,0.0176575553858655,PRISM_secondary_AUC,docetaxel,tubulin polymerization inhibitor,0.217323758595268
BRD-K30577245-341-01-9,PTHLH,22,-0.640880858272163,0.00131033894440303,PRISM_secondary_AUC,docetaxel,tubulin polymerization inhibitor,0.116091668607512
BRD-K30867024-003-03-3,DNAJB4,21,-0.528571428571429,0.0137631709312804,PRISM_secondary_AUC,SB-216641,serotonin receptor antagonist,0.220210734900487
BRD-K30867024-003-03-3,IGFBP5,21,0.566578400988168,0.00740866116748097,PRISM_secondary_AUC,SB-216641,serotonin receptor antagonist,0.223911896265843
BRD-K30867024-003-03-3,PBX1,21,0.56979169587413,0.00700734016052084,PRISM_secondary_AUC,SB-216641,serotonin receptor antagonist,0.169608664979172
BRD-K30867024-003-03-3,RARA,21,0.655272368457876,0.00126290292518889,PRISM_secondary_AUC,SB-216641,serotonin receptor antagonist,0.0790687048813912
BRD-K30933884-001-01-0,ANPEP,21,-0.620627213109304,0.0026822548178224,PRISM_secondary_AUC,UNBS-5162,CC chemokine receptor antagonist,0.225167598471809
BRD-K30933884-001-01-0,FAS,21,-0.584117690552536,0.00542938390935964,PRISM_secondary_AUC,UNBS-5162,CC chemokine receptor antagonist,0.236918570590239
BRD-K30933884-001-01-0,GJA1,21,-0.663913960868006,0.00103136241416082,PRISM_secondary_AUC,UNBS-5162,CC chemokine receptor antagonist,0.112924591495791
BRD-K30933884-001-01-0,PTN,21,-0.571155162412191,0.006842550409385,PRISM_secondary_AUC,UNBS-5162,CC chemokine receptor antagonist,0.142801052021948
BRD-K31928526-001-02-1,EDN1,22,-0.695087521174478,0.000329958278479869,PRISM_secondary_AUC,barasertib,Aurora kinase inhibitor,0.136403953240296
BRD-K31928526-001-02-1,TAGLN,22,-0.666854884246189,0.000700186313596097,PRISM_secondary_AUC,barasertib,Aurora kinase inhibitor,0.207478947145351
BRD-K32007074-001-02-9,RARA,20,0.586689091656078,0.00654511771975795,PRISM_secondary_AUC,enocitabine,DNA synthesis inhibitor,0.167698315590044
BRD-K32107296-001-16-9,AR,16,0.686714770766232,0.00329984613632149,PRISM_secondary_AUC,temozolomide,DNA alkylating agent,0.217165624670238
BRD-K32107296-001-16-9,CXCL12,16,0.744675031344495,0.000935439230967159,PRISM_secondary_AUC,temozolomide,DNA alkylating agent,0.19243321322753
BRD-K32107296-001-16-9,ETV4,16,-0.785107485695124,0.000314593961153078,PRISM_secondary_AUC,temozolomide,DNA alkylating agent,0.151005101353477
BRD-K32107296-001-16-9,FOSL1,16,-0.619260188642958,0.0105256745080235,PRISM_secondary_AUC,temozolomide,DNA alkylating agent,0.237147109160517
BRD-K32107296-001-16-9,MYB,16,0.689646147676817,0.00311691460809545,PRISM_secondary_AUC,temozolomide,DNA alkylating agent,0.207950851804224
BRD-K32107296-001-16-9,PBX1,16,0.59048523707743,0.0160297645663071,PRISM_secondary_AUC,temozolomide,DNA alkylating agent,0.240446468494607
BRD-K32107296-001-16-9,PPARG,16,-0.906325358542108,1.32081204623466e-06,PRISM_secondary_AUC,temozolomide,DNA alkylating agent,0.00190196934657791
BRD-K32107296-001-16-9,RARA,16,0.604347021158284,0.0131522588142286,PRISM_secondary_AUC,temozolomide,DNA alkylating agent,0.238614966427491
BRD-K32372024-001-01-0,CYFIP2,20,0.596148962186757,0.0055354130286123,PRISM_secondary_AUC,D-7193,,0.156294014925524
BRD-K32372024-001-01-0,IGFBP5,20,0.649167719671126,0.0019543866973813,PRISM_secondary_AUC,D-7193,,0.12083111831314
BRD-K32372024-001-01-0,RARA,20,0.645752412831556,0.00210203073848638,PRISM_secondary_AUC,D-7193,,0.107922628231167
BRD-K32405725-001-02-8,GJB1,21,0.541851990758957,0.011173154318517,PRISM_secondary_AUC,etomoxir,carnitine palmitoyltransferase inhibitor,0.229847745980922
BRD-K32405725-001-02-8,MYCN,21,0.658711827636031,0.00116597016871577,PRISM_secondary_AUC,etomoxir,carnitine palmitoyltransferase inhibitor,0.152401522523339
BRD-K32405725-001-02-8,PTHLH,21,-0.518937175726931,0.0159306151690851,PRISM_secondary_AUC,etomoxir,carnitine palmitoyltransferase inhibitor,0.239813577480605
BRD-K32572029-001-04-4,CAV1,20,-0.607337673108422,0.00451030397716811,PRISM_secondary_AUC,orotic-acid,,0.15405670425523
BRD-K32572029-001-04-4,DKK3,20,-0.567675892792583,0.0090329534452165,PRISM_secondary_AUC,orotic-acid,,0.232520993003914
BRD-K32572029-001-04-4,FHL1,20,-0.596897571944375,0.00546132386380927,PRISM_secondary_AUC,orotic-acid,,0.120989328675159
BRD-K32572029-001-04-4,LOX,20,-0.620890602692718,0.003483793177495,PRISM_secondary_AUC,orotic-acid,,0.212921750862405
BRD-K32572029-001-04-4,MMP14,20,-0.577217545610131,0.00770271687322091,PRISM_secondary_AUC,orotic-acid,,0.221838245948762
BRD-K32572029-001-04-4,XBP1,20,0.574054714728696,0.00812461139312324,PRISM_secondary_AUC,orotic-acid,,0.23361372924776
BRD-K32821942-001-21-3,S100A10,21,-0.75856014291936,6.7349828869133e-05,PRISM_secondary_AUC,azathioprine,dehydrogenase inhibitor,0.0824974111912821
BRD-K33127281-001-05-6,DNMT1,22,0.74703557312253,6.48255198041989e-05,PRISM_secondary_AUC,adapalene,retinoid receptor agonist,0.0933487485180464
BRD-K33127281-001-05-6,IER3,22,0.515527950310559,0.0140638533579292,PRISM_secondary_AUC,adapalene,retinoid receptor agonist,0.222633885701087
BRD-K33277808-331-01-3,CEBPA,19,0.564874636610376,0.0117365560876125,PRISM_secondary_AUC,ouabain,ATPase inhibitor,0.179794050703851
BRD-K33277808-331-01-3,DNAJB4,19,-0.597516594763383,0.00690056246124222,PRISM_secondary_AUC,ouabain,ATPase inhibitor,0.162898523675226
BRD-K33277808-331-01-3,FOSL1,19,-0.571754754860409,0.0105398715182452,PRISM_secondary_AUC,ouabain,ATPase inhibitor,0.237147109160517
BRD-K33277808-331-01-3,HDAC2,19,-0.747886439267639,0.000231657851817069,PRISM_secondary_AUC,ouabain,ATPase inhibitor,0.16679365330829
BRD-K33277808-331-01-3,NRP1,19,-0.734770467866965,0.000339388793504212,PRISM_secondary_AUC,ouabain,ATPase inhibitor,0.230850048488788
BRD-K33277808-331-01-3,PBX1,19,0.563132632015388,0.0120562553419088,PRISM_secondary_AUC,ouabain,ATPase inhibitor,0.207500706055902
BRD-K33379087-001-07-5,ANPEP,22,-0.742372999836104,7.61715305608765e-05,PRISM_secondary_AUC,tivantinib,tyrosine kinase inhibitor,0.109687004007662
BRD-K33379087-001-07-5,CAV1,22,-0.639932248054331,0.00133924513354345,PRISM_secondary_AUC,tivantinib,tyrosine kinase inhibitor,0.108471643795376
BRD-K33379087-001-07-5,CD44,22,-0.71089779785432,0.000208580796425423,PRISM_secondary_AUC,tivantinib,tyrosine kinase inhibitor,0.0356120013215665
BRD-K33379087-001-07-5,CEBPA,22,0.498588368153586,0.0181832444008402,PRISM_secondary_AUC,tivantinib,tyrosine kinase inhibitor,0.225723033941464
BRD-K33379087-001-07-5,CEBPD,22,-0.643139469226426,0.00124364018003649,PRISM_secondary_AUC,tivantinib,tyrosine kinase inhibitor,0.221405256340658
BRD-K33379087-001-07-5,DKK3,22,-0.64652738565782,0.00114901344197261,PRISM_secondary_AUC,tivantinib,tyrosine kinase inhibitor,0.137881613036713
BRD-K33379087-001-07-5,DNAJB4,22,-0.856578204404291,3.62744677476647e-07,PRISM_secondary_AUC,tivantinib,tyrosine kinase inhibitor,0.000522352335566372
BRD-K33379087-001-07-5,ESR1,22,0.614124391797447,0.00236196430644021,PRISM_secondary_AUC,tivantinib,tyrosine kinase inhibitor,0.115787037379657
BRD-K33379087-001-07-5,ETS1,22,-0.640880858272163,0.00131033894440303,PRISM_secondary_AUC,tivantinib,tyrosine kinase inhibitor,0.104827115552243
BRD-K33379087-001-07-5,FHL1,22,-0.781921028746703,1.72204016869062e-05,PRISM_secondary_AUC,tivantinib,tyrosine kinase inhibitor,0.00495947568582899
BRD-K33379087-001-07-5,FLI1,22,-0.664597614472604,0.000741112399532592,PRISM_secondary_AUC,tivantinib,tyrosine kinase inhibitor,0.165800426157255
BRD-K33379087-001-07-5,FOSL1,22,-0.524145742448737,0.0122804069906118,PRISM_secondary_AUC,tivantinib,tyrosine kinase inhibitor,0.246440139206141
BRD-K33379087-001-07-5,FOXF2,22,-0.576699289748472,0.00495995296562998,PRISM_secondary_AUC,tivantinib,tyrosine kinase inhibitor,0.19369302884378
BRD-K33379087-001-07-5,FST,22,-0.658943441050242,0.000852709435305254,PRISM_secondary_AUC,tivantinib,tyrosine kinase inhibitor,0.122790158683957
BRD-K33379087-001-07-5,GATA3,22,0.651044607566347,0.00103242726056941,PRISM_secondary_AUC,tivantinib,tyrosine kinase inhibitor,0.142611449226351
BRD-K33379087-001-07-5,GJB1,22,0.550483057524857,0.00793750787857589,PRISM_secondary_AUC,tivantinib,tyrosine kinase inhibitor,0.218152956540731
BRD-K33379087-001-07-5,HRH1,22,-0.648404431391326,0.00109927612532274,PRISM_secondary_AUC,tivantinib,tyrosine kinase inhibitor,0.197869702558093
BRD-K33379087-001-07-5,IL15,22,-0.5742518351214,0.00519094275015464,PRISM_secondary_AUC,tivantinib,tyrosine kinase inhibitor,0.215932831470013
BRD-K33379087-001-07-5,LOX,22,-0.663466967814794,0.000762369194186986,PRISM_secondary_AUC,tivantinib,tyrosine kinase inhibitor,0.137226454953658
BRD-K33379087-001-07-5,MMP14,22,-0.612256449153482,0.00245638204789831,PRISM_secondary_AUC,tivantinib,tyrosine kinase inhibitor,0.168437626141598
BRD-K33379087-001-07-5,PBX1,22,0.579898362507058,0.00467099518190126,PRISM_secondary_AUC,tivantinib,tyrosine kinase inhibitor,0.143111341743358
BRD-K33379087-001-07-5,PLAGL1,22,-0.717876334754682,0.000168744276589948,PRISM_secondary_AUC,tivantinib,tyrosine kinase inhibitor,0.121495879144763
BRD-K33379087-001-07-5,RARA,22,0.586674195369848,0.00410510668063783,PRISM_secondary_AUC,tivantinib,tyrosine kinase inhibitor,0.144807744024473
BRD-K33379087-001-07-5,SLC1A3,22,-0.601355166572558,0.00307319060953297,PRISM_secondary_AUC,tivantinib,tyrosine kinase inhibitor,0.126439842220785
BRD-K33379087-001-07-5,XBP1,22,0.614906832298137,0.0023233343577543,PRISM_secondary_AUC,tivantinib,tyrosine kinase inhibitor,0.123866191995401
BRD-K33379087-001-07-5,ZEB2,22,-0.64780890799692,0.0011148535887522,PRISM_secondary_AUC,tivantinib,tyrosine kinase inhibitor,0.106260261552127
BRD-K33588785-001-01-9,FAS,21,-0.617244088665259,0.00287363974009315,PRISM_secondary_AUC,obidoxime,cholinesterase reactivator,0.21313064089374
BRD-K33610132-001-02-9,IL15,22,0.572154781358374,0.00539592007754858,PRISM_secondary_AUC,rociletinib,EGFR inhibitor,0.215932831470013
BRD-K33622447-066-01-9,IL15,22,0.557312252964427,0.00704780769381294,PRISM_secondary_AUC,abemaciclib,CDK inhibitor,0.215932831470013
BRD-K33622447-066-01-9,SYP,22,-0.670242800677583,0.000642394257346254,PRISM_secondary_AUC,abemaciclib,CDK inhibitor,0.231261932644651
BRD-K33743361-003-02-6,CACNA1H,22,0.618469383600611,0.0021541129039446,PRISM_secondary_AUC,ML133,potassium channel blocker,0.184753912185442
BRD-K33743361-003-02-6,CEBPA,22,0.586674195369848,0.00410510668063783,PRISM_secondary_AUC,ML133,potassium channel blocker,0.140371673879831
BRD-K33743361-003-02-6,CYFIP2,22,0.525691699604743,0.0119809302690262,PRISM_secondary_AUC,ML133,potassium channel blocker,0.238991103163402
BRD-K33743361-003-02-6,DKK3,22,-0.588932806324111,0.00392971925419447,PRISM_secondary_AUC,ML133,potassium channel blocker,0.197119167757023
BRD-K33743361-003-02-6,DNAJB4,22,-0.60248447204969,0.00300379255244245,PRISM_secondary_AUC,ML133,potassium channel blocker,0.119177005712133
BRD-K33743361-003-02-6,FOSL1,22,-0.552386353572053,0.00768071813086157,PRISM_secondary_AUC,ML133,potassium channel blocker,0.237147109160517
BRD-K33743361-003-02-6,PBX1,22,0.505364201016375,0.0164322007852309,PRISM_secondary_AUC,ML133,potassium channel blocker,0.243116932260786
BRD-K33743361-003-02-6,RARA,22,0.652173913043478,0.00100490950060077,PRISM_secondary_AUC,ML133,potassium channel blocker,0.0790687048813912
BRD-K33743361-003-02-6,UGCG,22,-0.6386222473179,0.00138005293568726,PRISM_secondary_AUC,ML133,potassium channel blocker,0.218917484446626
BRD-K33813875-003-01-8,S100A10,21,-0.542863265323815,0.010993464826703,PRISM_secondary_AUC,valnemulin,bacterial 50S ribosomal subunit inhibitor,0.249459562790091
BRD-K34022604-001-06-6,CD44,22,-0.627329192546584,0.0017777774339812,PRISM_secondary_AUC,clofarabine,ribonucleotide reductase inhibitor,0.069189175808998
BRD-K34022604-001-06-6,CEBPA,22,0.662337662337662,0.000784118790099197,PRISM_secondary_AUC,clofarabine,ribonucleotide reductase inhibitor,0.0937087011684775
BRD-K34022604-001-06-6,DBI,22,0.5957086391869,0.00344071784861922,PRISM_secondary_AUC,clofarabine,ribonucleotide reductase inhibitor,0.164375209619646
BRD-K34022604-001-06-6,DCBLD2,22,-0.679277244494636,0.000507826123113878,PRISM_secondary_AUC,clofarabine,ribonucleotide reductase inhibitor,0.147617394262774
BRD-K34022604-001-06-6,DNAJB4,22,-0.669113495200452,0.00066118654829638,PRISM_secondary_AUC,clofarabine,ribonucleotide reductase inhibitor,0.0667023579981936
BRD-K34022604-001-06-6,ESR1,22,0.713559435915524,0.000192521212727908,PRISM_secondary_AUC,clofarabine,ribonucleotide reductase inhibitor,0.0629751916638788
BRD-K34022604-001-06-6,ETS1,22,-0.58102766798419,0.00457240450605799,PRISM_secondary_AUC,clofarabine,ribonucleotide reductase inhibitor,0.177953040235771
BRD-K34022604-001-06-6,ETV1,22,-0.730095990965556,0.000114673087807073,PRISM_secondary_AUC,clofarabine,ribonucleotide reductase inhibitor,0.0656540054072189
BRD-K34022604-001-06-6,FHL1,22,-0.680226097262305,0.000495213018507475,PRISM_secondary_AUC,clofarabine,ribonucleotide reductase inhibitor,0.031472789409997
BRD-K34022604-001-06-6,FOSL1,22,-0.594747270257026,0.0035068209305426,PRISM_secondary_AUC,clofarabine,ribonucleotide reductase inhibitor,0.168327404666045
BRD-K34022604-001-06-6,GATA3,22,0.655561829474873,0.000926074814496498,PRISM_secondary_AUC,clofarabine,ribonucleotide reductase inhibitor,0.142611449226351
BRD-K34022604-001-06-6,GJA1,22,-0.642191496944197,0.00127127434169798,PRISM_secondary_AUC,clofarabine,ribonucleotide reductase inhibitor,0.114414690752818
BRD-K34022604-001-06-6,GJB1,22,0.56583744032772,0.00605451513413445,PRISM_secondary_AUC,clofarabine,ribonucleotide reductase inhibitor,0.199788296956874
BRD-K34022604-001-06-6,GRHL1,22,0.614906832298137,0.0023233343577543,PRISM_secondary_AUC,clofarabine,ribonucleotide reductase inhibitor,0.183118625227783
BRD-K34022604-001-06-6,HRH1,22,-0.632589689162269,0.00158187813868256,PRISM_secondary_AUC,clofarabine,ribonucleotide reductase inhibitor,0.198746571836088
BRD-K34022604-001-06-6,IGFBP5,22,0.625070581592321,0.00186797934441181,PRISM_secondary_AUC,clofarabine,ribonucleotide reductase inhibitor,0.12083111831314
BRD-K34022604-001-06-6,LOX,22,-0.561829474872953,0.00650594238746237,PRISM_secondary_AUC,clofarabine,ribonucleotide reductase inhibitor,0.212921750862405
BRD-K34022604-001-06-6,MMP14,22,-0.597571331369358,0.00331561070781483,PRISM_secondary_AUC,clofarabine,ribonucleotide reductase inhibitor,0.183209563560898
BRD-K34022604-001-06-6,NR4A1,22,0.758328627893845,4.3229517842262e-05,PRISM_secondary_AUC,clofarabine,ribonucleotide reductase inhibitor,0.0622505056928573
BRD-K34022604-001-06-6,PBX1,22,0.623941276115189,0.00191451285487753,PRISM_secondary_AUC,clofarabine,ribonucleotide reductase inhibitor,0.114870771292652
BRD-K34022604-001-06-6,PCSK2,22,0.679485297148086,0.000505037139453066,PRISM_secondary_AUC,clofarabine,ribonucleotide reductase inhibitor,0.191867427178501
BRD-K34022604-001-06-6,PTN,22,-0.715992031957441,0.000178790130942465,PRISM_secondary_AUC,clofarabine,ribonucleotide reductase inhibitor,0.0234052535051954
BRD-K34022604-001-06-6,S100A10,22,-0.65330321852061,0.000978019278855119,PRISM_secondary_AUC,clofarabine,ribonucleotide reductase inhibitor,0.140235571888445
BRD-K34022604-001-06-6,SLC1A3,22,-0.565217391304348,0.00612260200151767,PRISM_secondary_AUC,clofarabine,ribonucleotide reductase inhibitor,0.169548978503566
BRD-K34022604-001-06-6,XBP1,22,0.614906832298137,0.0023233343577543,PRISM_secondary_AUC,clofarabine,ribonucleotide reductase inhibitor,0.123866191995401
BRD-K34022604-001-06-6,ZEB2,22,-0.601415606288843,0.00306944266839936,PRISM_secondary_AUC,clofarabine,ribonucleotide reductase inhibitor,0.184166560103961
BRD-K34332569-001-01-3,IER3,20,-0.630508856723831,0.00287973341870385,PRISM_secondary_AUC,imidapril,angiotensin converting enzyme inhibitor,0.152477070192036
BRD-K34332569-001-01-3,TGFB2,20,-0.73470732222579,0.000224761403210485,PRISM_secondary_AUC,imidapril,angiotensin converting enzyme inhibitor,0.0572539231823413
BRD-K34411947-001-12-5,SOX9,19,0.795655527972831,4.63596639108627e-05,PRISM_secondary_AUC,streptozotocin,DNA alkylating agent,0.0667579160316423
BRD-K34411947-001-12-5,SQSTM1,19,0.758648880164079,0.000166432733583623,PRISM_secondary_AUC,streptozotocin,DNA alkylating agent,0.239663136360417
BRD-K34533029-001-08-5,POSTN,21,-0.650800719810992,0.00139904559218564,PRISM_secondary_AUC,tyrphostin-AG-494,EGFR inhibitor,0.143901832339094
BRD-K34533029-001-08-5,PTN,21,-0.630345387576703,0.00219085427675753,PRISM_secondary_AUC,tyrphostin-AG-494,EGFR inhibitor,0.075115003774544
BRD-K34533029-001-08-5,RGS4,21,-0.745745870104589,0.000104194518563159,PRISM_secondary_AUC,tyrphostin-AG-494,EGFR inhibitor,0.0750200533654742
BRD-K34851558-001-02-3,CD44,22,-0.532467532467532,0.0107378533434307,PRISM_secondary_AUC,parthenolide-(-),NFkB pathway inhibitor,0.161067800151461
BRD-K35240538-001-26-2,UGCG,18,-0.66288453990429,0.00271527956958815,PRISM_secondary_AUC,methylprednisolone,glucocorticoid receptor agonist,0.230153648553243
BRD-K35329391-334-01-7,CEBPA,19,0.567974660876596,0.0111845141854867,PRISM_secondary_AUC,GZD824,Bcr-Abl kinase inhibitor,0.173179574484955
BRD-K35329391-334-01-7,MAFB,19,0.762380952010088,0.000147821774120506,PRISM_secondary_AUC,GZD824,Bcr-Abl kinase inhibitor,0.106431677366764
BRD-K35687421-001-02-5,CACNA1H,19,-0.654040485256937,0.00238390039662254,PRISM_secondary_AUC,gimeracil,dihydropyrimidine dehydrogenase inhibitor,0.184753912185442
BRD-K35687421-001-02-5,CYFIP2,19,-0.572123966437991,0.0104785496689524,PRISM_secondary_AUC,gimeracil,dihydropyrimidine dehydrogenase inhibitor,0.228622901868052
BRD-K35687421-001-02-5,FHL1,19,0.540865219709799,0.0167947226191013,PRISM_secondary_AUC,gimeracil,dihydropyrimidine dehydrogenase inhibitor,0.21196391742945
BRD-K35687421-001-02-5,GJB1,19,-0.573617498609953,0.0102334212707997,PRISM_secondary_AUC,gimeracil,dihydropyrimidine dehydrogenase inhibitor,0.223274645908358
BRD-K35687421-001-02-5,PBX1,19,-0.675552956222249,0.0015016728109632,PRISM_secondary_AUC,gimeracil,dihydropyrimidine dehydrogenase inhibitor,0.107691189691704
BRD-K35952844-236-01-6,CEBPA,18,0.536896785369133,0.0215946245266543,PRISM_secondary_AUC,sodium-glucoheptonate,,0.23438974369893
BRD-K35952844-236-01-6,SREBF2,18,0.649567534219602,0.00352812901156298,PRISM_secondary_AUC,sodium-glucoheptonate,,0.179733712564276
BRD-K35952844-236-01-6,TBX3,18,0.685223150542458,0.00169959146606372,PRISM_secondary_AUC,sodium-glucoheptonate,,0.0964809662308276
BRD-K36055864-001-19-2,AR,20,0.726336764212735,0.000287359054330195,PRISM_secondary_AUC,cycloheximide,protein synthesis inhibitor,0.0591138626050687
BRD-K36055864-001-19-2,CAV1,20,-0.606275647651835,0.00460030436317701,PRISM_secondary_AUC,cycloheximide,protein synthesis inhibitor,0.15405670425523
BRD-K36055864-001-19-2,CCND2,20,-0.728600440575622,0.000269119174963879,PRISM_secondary_AUC,cycloheximide,protein synthesis inhibitor,0.175300849548085
BRD-K36055864-001-19-2,CD44,20,-0.669511190221725,0.00124301740137785,PRISM_secondary_AUC,cycloheximide,protein synthesis inhibitor,0.0593010292159956
BRD-K36055864-001-19-2,CEBPA,20,0.616755610560411,0.00377398928916532,PRISM_secondary_AUC,cycloheximide,protein synthesis inhibitor,0.140371673879831
BRD-K36055864-001-19-2,CTCF,20,0.676691789857614,0.00105093869138747,PRISM_secondary_AUC,cycloheximide,protein synthesis inhibitor,0.216193102228279
BRD-K36055864-001-19-2,CXCL12,20,0.704492597501978,0.000524710802041034,PRISM_secondary_AUC,cycloheximide,protein synthesis inhibitor,0.13478610855662
BRD-K36055864-001-19-2,CYFIP2,20,0.554443354499049,0.0111817363778466,PRISM_secondary_AUC,cycloheximide,protein synthesis inhibitor,0.236775022598087
BRD-K36055864-001-19-2,DBI,20,0.68153118972327,0.000936137379519507,PRISM_secondary_AUC,cycloheximide,protein synthesis inhibitor,0.0962884161791493
BRD-K36055864-001-19-2,FOSL1,20,-0.54154957579279,0.0136566868727182,PRISM_secondary_AUC,cycloheximide,protein synthesis inhibitor,0.248932013882458
BRD-K36055864-001-19-2,FOXF2,20,-0.618665931584592,0.00363752769075786,PRISM_secondary_AUC,cycloheximide,protein synthesis inhibitor,0.180622064644528
BRD-K36055864-001-19-2,IGFBP5,20,0.850445572796433,2.03858736599079e-06,PRISM_secondary_AUC,cycloheximide,protein synthesis inhibitor,0.00293556580702674
BRD-K36055864-001-19-2,MMP14,20,-0.578915255382242,0.00748375242446216,PRISM_secondary_AUC,cycloheximide,protein synthesis inhibitor,0.221336303940943
BRD-K36055864-001-19-2,MYB,20,0.652704547716091,0.00181073815318489,PRISM_secondary_AUC,cycloheximide,protein synthesis inhibitor,0.189951900485205
BRD-K36055864-001-19-2,NT5E,20,-0.677964063103791,0.00101966549992049,PRISM_secondary_AUC,cycloheximide,protein synthesis inhibitor,0.169693507579636
BRD-K36055864-001-19-2,PBX1,20,0.662684578895163,0.00145221499214148,PRISM_secondary_AUC,cycloheximide,protein synthesis inhibitor,0.107691189691704
BRD-K36055864-001-19-2,RARA,20,0.75633116665729,0.000114066448403851,PRISM_secondary_AUC,cycloheximide,protein synthesis inhibitor,0.0272744652792924
BRD-K36055864-001-19-2,SLC1A3,20,-0.764911422502021,8.54918513512158e-05,PRISM_secondary_AUC,cycloheximide,protein synthesis inhibitor,0.0815044638615998
BRD-K36055864-001-19-2,TBX3,20,0.634123980669358,0.00267652022034208,PRISM_secondary_AUC,cycloheximide,protein synthesis inhibitor,0.0964809662308276
BRD-K36198571-001-02-0,GJA1,22,0.48856257243336,0.0210474511893116,PRISM_secondary_AUC,WAY-170523,metalloproteinase inhibitor,0.222855365533888
BRD-K36467523-001-02-8,FHL1,18,0.543062260196102,0.0198596885939371,PRISM_secondary_AUC,bindarit,NFkB pathway inhibitor,0.234157795231833
BRD-K36467523-001-02-8,MEF2A,18,0.780844768794589,0.000130971849190469,PRISM_secondary_AUC,bindarit,NFkB pathway inhibitor,0.157816953469292
BRD-K36467523-001-02-8,ZEB2,18,0.623799081802939,0.00566650233191593,PRISM_secondary_AUC,bindarit,NFkB pathway inhibitor,0.221539809333086
BRD-K36529613-001-02-6,CD44,21,-0.738050057350355,0.000133807559576497,PRISM_secondary_AUC,PU-H71,HSP inhibitor,0.0321138142983593
BRD-K36529613-001-02-6,CEBPA,21,0.603859137832109,0.00374666243719306,PRISM_secondary_AUC,PU-H71,HSP inhibitor,0.140371673879831
BRD-K36529613-001-02-6,CTSB,21,-0.661328490162662,0.001096514487449,PRISM_secondary_AUC,PU-H71,HSP inhibitor,0.225568694560937
BRD-K36529613-001-02-6,DNAJB4,21,-0.532938710021193,0.0128627384177155,PRISM_secondary_AUC,PU-H71,HSP inhibitor,0.208116217095621
BRD-K36529613-001-02-6,ETS1,21,-0.597905876381029,0.00420049900832438,PRISM_secondary_AUC,PU-H71,HSP inhibitor,0.177903487411386
BRD-K36529613-001-02-6,FHL1,21,-0.542560218499282,0.0110470631417237,PRISM_secondary_AUC,PU-H71,HSP inhibitor,0.175424438068925
BRD-K36529613-001-02-6,FOSL1,21,-0.637193984074611,0.00189200041328619,PRISM_secondary_AUC,PU-H71,HSP inhibitor,0.141442987660482
BRD-K36529613-001-02-6,FOXF2,21,-0.59188247984962,0.00470530467408949,PRISM_secondary_AUC,PU-H71,HSP inhibitor,0.19369302884378
BRD-K36529613-001-02-6,GJB1,21,0.660669487634874,0.0011136675933466,PRISM_secondary_AUC,PU-H71,HSP inhibitor,0.104817214801887
BRD-K36529613-001-02-6,NGF,21,-0.608152601391977,0.00344536502214092,PRISM_secondary_AUC,PU-H71,HSP inhibitor,0.17530360994232
BRD-K36529613-001-02-6,PTHLH,21,-0.62703756938526,0.00234882351128843,PRISM_secondary_AUC,PU-H71,HSP inhibitor,0.125270587268716
BRD-K36529613-001-02-6,S100A10,21,-0.590131930885512,0.0048611112912362,PRISM_secondary_AUC,PU-H71,HSP inhibitor,0.241994533464345
BRD-K36529613-001-02-6,SERPINE1,21,-0.651286207953283,0.00138368921925647,PRISM_secondary_AUC,PU-H71,HSP inhibitor,0.110649349402389
BRD-K36529613-001-02-6,YBX1,21,-0.627618781056691,0.00232039491637585,PRISM_secondary_AUC,PU-H71,HSP inhibitor,0.230021770438404
BRD-K36711084-001-02-0,PMEPA1,20,0.687479683782131,0.000809696486471814,PRISM_secondary_AUC,cyromazine,,0.232379260566751
BRD-K36739687-001-03-0,MYCN,17,0.688362428952666,0.00224963115570403,PRISM_secondary_AUC,stemregenin-1,aryl hydrocarbon receptor antagonist,0.155879633386404
BRD-K36739687-001-03-0,TBX3,17,0.712932442176589,0.00131634990643721,PRISM_secondary_AUC,stemregenin-1,aryl hydrocarbon receptor antagonist,0.0964809662308276
BRD-K36739687-001-03-0,XBP1,17,0.624551085381758,0.00735896012379291,PRISM_secondary_AUC,stemregenin-1,aryl hydrocarbon receptor antagonist,0.225069130623254
BRD-K36740062-001-06-6,CACNA1H,19,0.676410659845879,0.0014731355283997,PRISM_secondary_AUC,GSK1070916,Aurora kinase inhibitor,0.184753912185442
BRD-K36740062-001-06-6,CAV1,19,-0.611554683154981,0.00539720796318742,PRISM_secondary_AUC,GSK1070916,Aurora kinase inhibitor,0.163709626009359
BRD-K36740062-001-06-6,CD44,19,-0.688751389717286,0.00111006700384333,PRISM_secondary_AUC,GSK1070916,Aurora kinase inhibitor,0.0593010292159956
BRD-K36740062-001-06-6,CEBPA,19,0.680931825922641,0.0013300814684198,PRISM_secondary_AUC,GSK1070916,Aurora kinase inhibitor,0.10158835907319
BRD-K36740062-001-06-6,CYFIP2,19,0.68095168870361,0.00132947961418186,PRISM_secondary_AUC,GSK1070916,Aurora kinase inhibitor,0.099363811369483
BRD-K36740062-001-06-6,DKK3,19,-0.592780818986654,0.00747859957262165,PRISM_secondary_AUC,GSK1070916,Aurora kinase inhibitor,0.224742059993937
BRD-K36740062-001-06-6,ETS1,19,-0.628965062091281,0.00391613748207235,PRISM_secondary_AUC,GSK1070916,Aurora kinase inhibitor,0.177903487411386
BRD-K36740062-001-06-6,FHL1,19,-0.55514065618104,0.0136139090654869,PRISM_secondary_AUC,GSK1070916,Aurora kinase inhibitor,0.190330379167972
BRD-K36740062-001-06-6,FOSL1,19,-0.57680458622708,0.00972580255921403,PRISM_secondary_AUC,GSK1070916,Aurora kinase inhibitor,0.237147109160517
BRD-K36740062-001-06-6,IER3,19,-0.671187917897343,0.00165415496112025,PRISM_secondary_AUC,GSK1070916,Aurora kinase inhibitor,0.125367533895429
BRD-K36740062-001-06-6,IL15,19,-0.583358164823514,0.00874587784851969,PRISM_secondary_AUC,GSK1070916,Aurora kinase inhibitor,0.246942433369968
BRD-K36740062-001-06-6,LOX,19,-0.578655786875963,0.00944042916397369,PRISM_secondary_AUC,GSK1070916,Aurora kinase inhibitor,0.231375825522891
BRD-K36740062-001-06-6,MMP14,19,-0.624435631901476,0.00426458036510345,PRISM_secondary_AUC,GSK1070916,Aurora kinase inhibitor,0.204248406662577
BRD-K36740062-001-06-6,OPTN,19,-0.66609586462244,0.00184813234173177,PRISM_secondary_AUC,GSK1070916,Aurora kinase inhibitor,0.187273237705224
BRD-K36740062-001-06-6,PTHLH,19,-0.560450031101679,0.0125622333296785,PRISM_secondary_AUC,GSK1070916,Aurora kinase inhibitor,0.224048765025159
BRD-K36740062-001-06-6,PTN,19,-0.528508553570122,0.0200022088852797,PRISM_secondary_AUC,GSK1070916,Aurora kinase inhibitor,0.232347412021292
BRD-K36740062-001-06-6,S100A10,19,-0.580556544889241,0.00915450210530861,PRISM_secondary_AUC,GSK1070916,Aurora kinase inhibitor,0.249459562790091
BRD-K36740062-001-06-6,SERPINE1,19,-0.640332187118279,0.00314363165391489,PRISM_secondary_AUC,GSK1070916,Aurora kinase inhibitor,0.167660354875461
BRD-K36740062-001-06-6,SLC1A3,19,-0.663860833982961,0.00193906054136648,PRISM_secondary_AUC,GSK1070916,Aurora kinase inhibitor,0.0921669084516871
BRD-K36740062-001-06-6,TGFB2,19,-0.680839817536296,0.00133287234943734,PRISM_secondary_AUC,GSK1070916,Aurora kinase inhibitor,0.138678314150837
BRD-K36788280-001-01-2,CDX1,22,-0.645076264107077,0.00118876548437062,PRISM_secondary_AUC,ribociclib,CDK inhibitor,0.1902024774993
BRD-K36788280-001-01-2,TBX3,22,0.550536420101638,0.00793021299274859,PRISM_secondary_AUC,ribociclib,CDK inhibitor,0.150256667231026
BRD-K37069697-001-01-3,IER3,20,0.574287902537292,0.00809287563947761,PRISM_secondary_AUC,fexinidazole,,0.184931052009113
BRD-K37249724-001-25-7,CAV1,19,-0.663824498640668,0.00194056896081156,PRISM_secondary_AUC,astemizole,histamine receptor antagonist,0.121114328148049
BRD-K37249724-001-25-7,CD44,19,-0.567501236659772,0.0112674394373424,PRISM_secondary_AUC,astemizole,histamine receptor antagonist,0.165025015750182
BRD-K37249724-001-25-7,CEBPA,19,0.562702817255702,0.012136203421931,PRISM_secondary_AUC,astemizole,histamine receptor antagonist,0.183959293974532
BRD-K37249724-001-25-7,FOSL1,19,-0.597627779471421,0.00688744226910592,PRISM_secondary_AUC,astemizole,histamine receptor antagonist,0.236140877797917
BRD-K37249724-001-25-7,GJB1,19,0.698975088981579,0.00086910501337628,PRISM_secondary_AUC,astemizole,histamine receptor antagonist,0.104817214801887
BRD-K37249724-001-25-7,HBEGF,19,-0.681482106076125,0.00131349163757974,PRISM_secondary_AUC,astemizole,histamine receptor antagonist,0.209865105018725
BRD-K37249724-001-25-7,HRH1,19,-0.643782041045822,0.00293583345309164,PRISM_secondary_AUC,astemizole,histamine receptor antagonist,0.199263294961138
BRD-K37249724-001-25-7,MYB,19,0.659966329107444,0.00210638981063892,PRISM_secondary_AUC,astemizole,histamine receptor antagonist,0.189951900485205
BRD-K37249724-001-25-7,NGF,19,-0.710624200012037,0.000649639550804179,PRISM_secondary_AUC,astemizole,histamine receptor antagonist,0.135639160626051
BRD-K37249724-001-25-7,OPTN,19,-0.775094621818313,9.7097331946069e-05,PRISM_secondary_AUC,astemizole,histamine receptor antagonist,0.139820158002339
BRD-K37249724-001-25-7,XBP1,19,0.739315238838331,0.000298066224971665,PRISM_secondary_AUC,astemizole,histamine receptor antagonist,0.0762289074755202
BRD-K37270826-001-27-6,IER3,21,0.542134221826222,0.0111227668094047,PRISM_secondary_AUC,mifepristone,"glucocorticoid receptor antagonist, progesterone receptor antagonist",0.201720652412208
BRD-K37270826-001-27-6,IL15,21,0.565315618968227,0.00757146187195661,PRISM_secondary_AUC,mifepristone,"glucocorticoid receptor antagonist, progesterone receptor antagonist",0.227143856158698
BRD-K37270826-001-27-6,NOTCH1,21,0.77226529700335,4.09814115755434e-05,PRISM_secondary_AUC,mifepristone,"glucocorticoid receptor antagonist, progesterone receptor antagonist",0.0590132326687825
BRD-K37270826-001-27-6,SMAD3,21,0.693082206089604,0.000495451679151713,PRISM_secondary_AUC,mifepristone,"glucocorticoid receptor antagonist, progesterone receptor antagonist",0.237717549054867
BRD-K37379014-001-01-2,IER3,18,-0.546768311600453,0.0188708427341776,PRISM_secondary_AUC,filanesib,"kinesin inhibitor, kinesin-like spindle protein inhibitor",0.247036486701962
BRD-K37379014-001-01-2,PTHLH,18,-0.583520583273395,0.011016316603779,PRISM_secondary_AUC,filanesib,"kinesin inhibitor, kinesin-like spindle protein inhibitor",0.217308163143038
BRD-K37379014-001-02-0,POSTN,20,-0.572334855808292,0.00836182824848073,PRISM_secondary_AUC,filanesib,"kinesin inhibitor, kinesin-like spindle protein inhibitor",0.215018440675219
BRD-K37561857-001-15-5,CD44,20,-0.541408691205241,0.0136859813058741,PRISM_secondary_AUC,zardaverine,phosphodiesterase inhibitor,0.184575865750878
BRD-K37561857-001-15-5,GJA1,20,-0.587522097513891,0.00645054712693176,PRISM_secondary_AUC,zardaverine,phosphodiesterase inhibitor,0.160615743082015
BRD-K37561857-001-15-5,TBX3,20,0.618208569851713,0.00366982027460933,PRISM_secondary_AUC,zardaverine,phosphodiesterase inhibitor,0.101625792219951
BRD-K37590257-001-02-8,CD44,16,-0.573606982590858,0.0201702714781457,PRISM_secondary_AUC,GSK256066,phosphodiesterase inhibitor,0.223424545604076
BRD-K37590257-001-02-8,COL18A1,16,-0.703426290695439,0.00236320639587683,PRISM_secondary_AUC,GSK256066,phosphodiesterase inhibitor,0.226867814004176
BRD-K37590257-001-02-8,PTHLH,16,-0.591948119761802,0.01570482474142,PRISM_secondary_AUC,GSK256066,phosphodiesterase inhibitor,0.239813577480605
BRD-K37618799-001-03-0,CEBPA,21,-0.609187119331615,0.00337587313506593,PRISM_secondary_AUC,MRS-1220,adenosine receptor antagonist,0.140371673879831
BRD-K37618799-001-03-0,DBI,21,-0.606791156645177,0.00353863298486739,PRISM_secondary_AUC,MRS-1220,adenosine receptor antagonist,0.164375209619646
BRD-K37618799-001-03-0,ESR1,21,-0.601106886120521,0.00395111305679214,PRISM_secondary_AUC,MRS-1220,adenosine receptor antagonist,0.158044522271685
BRD-K37618799-001-03-0,FHL1,21,0.552679756737611,0.00936850806018271,PRISM_secondary_AUC,MRS-1220,adenosine receptor antagonist,0.162537971164616
BRD-K37618799-001-03-0,FOSL1,21,0.549186619188266,0.0099225403018171,PRISM_secondary_AUC,MRS-1220,adenosine receptor antagonist,0.237147109160517
BRD-K37618799-001-03-0,GJB1,21,-0.649044804567985,0.00145579465002621,PRISM_secondary_AUC,MRS-1220,adenosine receptor antagonist,0.104817214801887
BRD-K37618799-001-03-0,GRHL1,21,-0.618935638229158,0.00277656771385513,PRISM_secondary_AUC,MRS-1220,adenosine receptor antagonist,0.186067505980387
BRD-K37618799-001-03-0,MMP14,21,0.571324751023062,0.0068222789585522,PRISM_secondary_AUC,MRS-1220,adenosine receptor antagonist,0.214464597314534
BRD-K37618799-001-03-0,MYB,21,-0.611688311688312,0.00321267937109343,PRISM_secondary_AUC,MRS-1220,adenosine receptor antagonist,0.207950851804224
BRD-K37618799-001-03-0,PBX1,21,-0.582864219113582,0.00555448603258477,PRISM_secondary_AUC,MRS-1220,adenosine receptor antagonist,0.153082118712196
BRD-K37618799-001-03-0,XBP1,21,-0.634515838101542,0.00200449635985383,PRISM_secondary_AUC,MRS-1220,adenosine receptor antagonist,0.123866191995401
BRD-K37687095-001-06-9,AR,20,0.615839867361936,0.00384089296734408,PRISM_secondary_AUC,AZD8330,MEK inhibitor,0.221235434919019
BRD-K37687095-001-06-9,CAV1,20,-0.567157928327337,0.00911020027739426,PRISM_secondary_AUC,AZD8330,MEK inhibitor,0.222350650838097
BRD-K37687095-001-06-9,CEBPA,20,0.591938415979902,0.00596770257991625,PRISM_secondary_AUC,AZD8330,MEK inhibitor,0.145652401950498
BRD-K37687095-001-06-9,CYFIP2,20,0.738319598339517,0.000201590126867172,PRISM_secondary_AUC,AZD8330,MEK inhibitor,0.0580579565377456
BRD-K37687095-001-06-9,DBI,20,0.666937462155175,0.00131868984958757,PRISM_secondary_AUC,AZD8330,MEK inhibitor,0.117789327795436
BRD-K37687095-001-06-9,ETS1,20,-0.557629889574125,0.0106298821948333,PRISM_secondary_AUC,AZD8330,MEK inhibitor,0.227389835507944
BRD-K37687095-001-06-9,FHL1,20,-0.573530028056363,0.00819639040991695,PRISM_secondary_AUC,AZD8330,MEK inhibitor,0.149402559370638
BRD-K37687095-001-06-9,FOSL1,20,-0.552790595722012,0.0114769768928494,PRISM_secondary_AUC,AZD8330,MEK inhibitor,0.239519517763814
BRD-K37687095-001-06-9,ITGB1,20,-0.688623942314149,0.000787111182157465,PRISM_secondary_AUC,AZD8330,MEK inhibitor,0.249199843213319
BRD-K37687095-001-06-9,PBX1,20,0.645049678301475,0.00213353830001341,PRISM_secondary_AUC,AZD8330,MEK inhibitor,0.119240230783004
BRD-K37687095-001-06-9,RARA,20,0.560039560905677,0.0102274158357112,PRISM_secondary_AUC,AZD8330,MEK inhibitor,0.204548316714223
BRD-K37687095-001-06-9,S100A2,20,-0.704818006342784,0.000520226408836293,PRISM_secondary_AUC,AZD8330,MEK inhibitor,0.117673785017985
BRD-K37764012-001-04-1,CDX1,16,-0.827361463706848,7.66237077010146e-05,PRISM_secondary_AUC,PF-03758309,p21 activated kinase inhibitor,0.0441639182232204
BRD-K37764012-001-04-1,TBX3,16,0.593826919779516,0.0152950564863981,PRISM_secondary_AUC,PF-03758309,p21 activated kinase inhibitor,0.203934086485308
BRD-K37798499-001-27-2,ANPEP,22,-0.592090489975827,0.00369505840396815,PRISM_secondary_AUC,etoposide,topoisomerase inhibitor,0.225167598471809
BRD-K37798499-001-27-2,DNAJB4,22,-0.496329757199322,0.0187992960278912,PRISM_secondary_AUC,etoposide,topoisomerase inhibitor,0.248357672295077
BRD-K37798499-001-27-2,ETV1,22,-0.608130999435347,0.00267622752224902,PRISM_secondary_AUC,etoposide,topoisomerase inhibitor,0.167676285524588
BRD-K37798499-001-27-2,FHL1,22,-0.600000095757947,0.00315823501946394,PRISM_secondary_AUC,etoposide,topoisomerase inhibitor,0.0864489504788874
BRD-K37798499-001-27-2,PLAGL1,22,-0.576673279138104,0.00496236202690867,PRISM_secondary_AUC,etoposide,topoisomerase inhibitor,0.238066097386684
BRD-K37798499-001-27-2,POSTN,22,-0.64872896087924,0.00109086549849752,PRISM_secondary_AUC,etoposide,topoisomerase inhibitor,0.143538875915913
BRD-K37798499-001-27-2,PTN,22,-0.553859236122264,0.00748674173894267,PRISM_secondary_AUC,etoposide,topoisomerase inhibitor,0.145169596479289
BRD-K37865504-001-04-1,CD44,22,-0.529079616036138,0.011345469832825,PRISM_secondary_AUC,LY2183240,"FAAH inhibitor, FAAH reuptake inhibitor",0.165025015750182
BRD-K37865504-001-04-1,DNAJB4,22,-0.542631281761717,0.00907293608450236,PRISM_secondary_AUC,LY2183240,"FAAH inhibitor, FAAH reuptake inhibitor",0.184216111865868
BRD-K37865504-001-04-1,ESR1,22,0.572881447362108,0.00532414303226833,PRISM_secondary_AUC,LY2183240,"FAAH inhibitor, FAAH reuptake inhibitor",0.182542046820629
BRD-K37865504-001-04-1,ETS1,22,-0.564088085827216,0.00624824203930299,PRISM_secondary_AUC,LY2183240,"FAAH inhibitor, FAAH reuptake inhibitor",0.195178271623871
BRD-K37865504-001-04-1,ETV1,22,-0.600225861095426,0.00314393035358602,PRISM_secondary_AUC,LY2183240,"FAAH inhibitor, FAAH reuptake inhibitor",0.167676285524588
BRD-K37865504-001-04-1,FHL1,22,-0.601130039441107,0.00308718486118395,PRISM_secondary_AUC,LY2183240,"FAAH inhibitor, FAAH reuptake inhibitor",0.0864489504788874
BRD-K37865504-001-04-1,GATA3,22,0.672501411631846,0.000606177887372259,PRISM_secondary_AUC,LY2183240,"FAAH inhibitor, FAAH reuptake inhibitor",0.112331001716269
BRD-K37865504-001-04-1,IER3,22,-0.522303783173348,0.0126451739170131,PRISM_secondary_AUC,LY2183240,"FAAH inhibitor, FAAH reuptake inhibitor",0.216774410005938
BRD-K37865504-001-04-1,IGFBP5,22,0.550536420101638,0.00793021299274859,PRISM_secondary_AUC,LY2183240,"FAAH inhibitor, FAAH reuptake inhibitor",0.223911896265843
BRD-K37865504-001-04-1,PBX1,22,0.588932806324111,0.00392971925419447,PRISM_secondary_AUC,LY2183240,"FAAH inhibitor, FAAH reuptake inhibitor",0.142888339290418
BRD-K37865504-001-04-1,PCSK2,22,0.66680618218858,0.000701048469347723,PRISM_secondary_AUC,LY2183240,"FAAH inhibitor, FAAH reuptake inhibitor",0.201901959172144
BRD-K37865504-001-04-1,PTN,22,-0.488099081168137,0.0211881430985604,PRISM_secondary_AUC,LY2183240,"FAAH inhibitor, FAAH reuptake inhibitor",0.236518806681604
BRD-K37865504-001-04-1,S100A10,22,-0.521174477696217,0.0128731495499878,PRISM_secondary_AUC,LY2183240,"FAAH inhibitor, FAAH reuptake inhibitor",0.249459562790091
BRD-K37890730-001-15-1,FAS,18,-0.629369322887017,0.00513259647866606,PRISM_secondary_AUC,camptothecin,topoisomerase inhibitor,0.236918570590239
BRD-K37890730-001-15-1,IER3,18,-0.727113057959701,0.000628627882539375,PRISM_secondary_AUC,camptothecin,topoisomerase inhibitor,0.079916068227671
BRD-K37890730-001-15-1,PTN,18,-0.577180673794721,0.0121405593132205,PRISM_secondary_AUC,camptothecin,topoisomerase inhibitor,0.190779850875394
BRD-K38183498-001-02-0,S100A10,20,-0.566883245963766,0.00915138290847892,PRISM_secondary_AUC,clonazepam,GABA benzodiazepine site receptor agonist,0.249459562790091
BRD-K38305202-001-17-4,ASS1,20,0.725453384563634,0.000294757691500994,PRISM_secondary_AUC,domperidone,dopamine receptor antagonist,0.212225537880715
BRD-K38332599-001-01-3,CAV1,22,0.569330720246042,0.00568255755438502,PRISM_secondary_AUC,uprosertib,AKT inhibitor,0.163709626009359
BRD-K38332599-001-01-3,CEBPA,22,-0.5742518351214,0.00519094275015464,PRISM_secondary_AUC,uprosertib,AKT inhibitor,0.141490811820921
BRD-K38332599-001-01-3,FOSL1,22,0.590228772477296,0.00383194575034427,PRISM_secondary_AUC,uprosertib,AKT inhibitor,0.178000060661153
BRD-K38332599-001-01-3,FOXF2,22,0.544943969958979,0.00872543880639094,PRISM_secondary_AUC,uprosertib,AKT inhibitor,0.24162753617698
BRD-K38332599-001-01-3,GJB1,22,-0.527167142898288,0.0117007037919339,PRISM_secondary_AUC,uprosertib,AKT inhibitor,0.234014075838677
BRD-K38332599-001-01-3,MYB,22,-0.596837944664032,0.0033644050001755,PRISM_secondary_AUC,uprosertib,AKT inhibitor,0.207950851804224
BRD-K38332599-001-01-3,RUNX2,22,0.707509881422925,0.000230687211819148,PRISM_secondary_AUC,uprosertib,AKT inhibitor,0.166094792509787
BRD-K38332599-001-01-3,SERPINE1,22,0.692655477777065,0.000353191501208836,PRISM_secondary_AUC,uprosertib,AKT inhibitor,0.0731433057831524
BRD-K38332599-001-01-3,XBP1,22,-0.536984754376059,0.00996941990043176,PRISM_secondary_AUC,uprosertib,AKT inhibitor,0.244600667156878
BRD-K38350380-001-01-8,EGR1,20,-0.848401239808275,2.2855339171493e-06,PRISM_secondary_AUC,FK-3311,cyclooxygenase inhibitor,0.00329116884069499
BRD-K38350380-001-01-8,TAGLN,20,-0.791592189891231,3.21352984960235e-05,PRISM_secondary_AUC,FK-3311,cyclooxygenase inhibitor,0.0462748298342739
BRD-K38527262-300-01-0,ACTA2,22,0.704885653637957,0.000249173812484973,PRISM_secondary_AUC,atiprimod,"JAK inhibitor, STAT inhibitor",0.096350126126559
BRD-K38527262-300-01-0,DACT1,22,0.763526786254998,3.56130417172435e-05,PRISM_secondary_AUC,atiprimod,"JAK inhibitor, STAT inhibitor",0.0512827800728306
BRD-K38527262-300-01-0,FBN1,22,0.704885653637957,0.000249173812484973,PRISM_secondary_AUC,atiprimod,"JAK inhibitor, STAT inhibitor",0.142249380993569
BRD-K38548312-001-01-0,BHLHE40,22,-0.756070016939582,4.69584818888799e-05,PRISM_secondary_AUC,VER-49009,HSP inhibitor,0.067620213919987
BRD-K38548312-001-01-0,CACNA1H,22,0.626941566937606,0.00179299046098756,PRISM_secondary_AUC,VER-49009,HSP inhibitor,0.184753912185442
BRD-K38548312-001-01-0,CD44,22,-0.6386222473179,0.00138005293568726,PRISM_secondary_AUC,VER-49009,HSP inhibitor,0.0615342259723533
BRD-K38548312-001-01-0,CEBPA,22,0.534726143421796,0.0103477885523017,PRISM_secondary_AUC,VER-49009,HSP inhibitor,0.165804012795143
BRD-K38548312-001-01-0,CYFIP2,22,0.573122529644269,0.00530050614753219,PRISM_secondary_AUC,VER-49009,HSP inhibitor,0.152654577048927
BRD-K38548312-001-01-0,DBI,22,0.594579333709769,0.00351847662865537,PRISM_secondary_AUC,VER-49009,HSP inhibitor,0.164375209619646
BRD-K38548312-001-01-0,DNAJB4,22,-0.596837944664032,0.0033644050001755,PRISM_secondary_AUC,VER-49009,HSP inhibitor,0.127493242111914
BRD-K38548312-001-01-0,ETS1,22,-0.657820440429136,0.00087650221641765,PRISM_secondary_AUC,VER-49009,HSP inhibitor,0.0901545136886725
BRD-K38548312-001-01-0,FHL1,22,-0.652542477024886,0.000996065105938379,PRISM_secondary_AUC,VER-49009,HSP inhibitor,0.0441407716356814
BRD-K38548312-001-01-0,FHL2,22,-0.709768492377188,0.000215736766853359,PRISM_secondary_AUC,VER-49009,HSP inhibitor,0.155330472134418
BRD-K38548312-001-01-0,FOSL1,22,-0.641061872499264,0.00130488372352109,PRISM_secondary_AUC,VER-49009,HSP inhibitor,0.120434974890884
BRD-K38548312-001-01-0,FOXF2,22,-0.555718096316128,0.00724772764943649,PRISM_secondary_AUC,VER-49009,HSP inhibitor,0.230804960427368
BRD-K38548312-001-01-0,GJB1,22,0.604507737757152,0.00288275030350387,PRISM_secondary_AUC,VER-49009,HSP inhibitor,0.15164983456734
BRD-K38548312-001-01-0,HRH1,22,-0.638802623609399,0.00137437212741011,PRISM_secondary_AUC,VER-49009,HSP inhibitor,0.197909586347056
BRD-K38548312-001-01-0,PBX1,22,0.593450028232637,0.00359770283144897,PRISM_secondary_AUC,VER-49009,HSP inhibitor,0.142888339290418
BRD-K38548312-001-01-0,POSTN,22,-0.537680160588995,0.00985523731119355,PRISM_secondary_AUC,VER-49009,HSP inhibitor,0.231428898711615
BRD-K38548312-001-01-0,RARA,22,0.516657255787691,0.0138188146481981,PRISM_secondary_AUC,VER-49009,HSP inhibitor,0.239748109559099
BRD-K38548312-001-01-0,S100A2,22,-0.586674195369848,0.00410510668063783,PRISM_secondary_AUC,VER-49009,HSP inhibitor,0.239935464998578
BRD-K38548312-001-01-0,SERPINE1,22,-0.645197843084346,0.00118539065477037,PRISM_secondary_AUC,VER-49009,HSP inhibitor,0.110649349402389
BRD-K38548312-001-01-0,SLC1A3,22,-0.644268774703557,0.00121138812673141,PRISM_secondary_AUC,VER-49009,HSP inhibitor,0.0921669084516871
BRD-K38852836-001-02-1,AR,22,0.593144008925174,0.0036194270778373,PRISM_secondary_AUC,ganetespib,HSP inhibitor,0.217165624670238
BRD-K38852836-001-02-1,CEBPA,22,0.64652738565782,0.00114901344197261,PRISM_secondary_AUC,ganetespib,HSP inhibitor,0.0973281974376798
BRD-K38852836-001-02-1,CXCL12,22,0.69980234363576,0.000288644527462519,PRISM_secondary_AUC,ganetespib,HSP inhibitor,0.13478610855662
BRD-K38852836-001-02-1,EPHA2,22,-0.679277244494636,0.000507826123113878,PRISM_secondary_AUC,ganetespib,HSP inhibitor,0.146253923456797
BRD-K38852836-001-02-1,ESR1,22,0.581920996827387,0.00449565050635359,PRISM_secondary_AUC,ganetespib,HSP inhibitor,0.165993249465363
BRD-K38852836-001-02-1,ETV4,22,-0.663466967814794,0.000762369194186986,PRISM_secondary_AUC,ganetespib,HSP inhibitor,0.182968606604877
BRD-K38852836-001-02-1,ETV5,22,-0.766233766233766,3.21322625131384e-05,PRISM_secondary_AUC,ganetespib,HSP inhibitor,0.0462704580189193
BRD-K38852836-001-02-1,FOSL1,22,-0.605478702483886,0.00282613473857464,PRISM_secondary_AUC,ganetespib,HSP inhibitor,0.158307085356517
BRD-K38852836-001-02-1,GJB1,22,0.580623142286032,0.00460751889090194,PRISM_secondary_AUC,ganetespib,HSP inhibitor,0.174600715865758
BRD-K38852836-001-02-1,IGFBP5,22,0.643139469226426,0.00124364018003649,PRISM_secondary_AUC,ganetespib,HSP inhibitor,0.112200167721526
BRD-K38852836-001-02-1,MMP14,22,-0.544478982457525,0.00879441149848714,PRISM_secondary_AUC,ganetespib,HSP inhibitor,0.243537549188875
BRD-K38852836-001-02-1,PBX1,22,0.686053077357425,0.000423493930419556,PRISM_secondary_AUC,ganetespib,HSP inhibitor,0.0762289074755202
BRD-K38852836-001-02-1,POSTN,22,-0.584139352547159,0.0043096895421497,PRISM_secondary_AUC,ganetespib,HSP inhibitor,0.215018440675219
BRD-K38852836-001-02-1,RARA,22,0.55957086391869,0.00677238890007576,PRISM_secondary_AUC,ganetespib,HSP inhibitor,0.16814206924326
BRD-K38904395-001-02-3,GJA1,19,-0.579546540312719,0.00930554890073566,PRISM_secondary_AUC,SAR131675,VEGFR inhibitor,0.179639479604323
BRD-K38904395-001-02-3,S100A10,19,-0.727683355294773,0.000413469888367959,PRISM_secondary_AUC,SAR131675,VEGFR inhibitor,0.0992327732083102
BRD-K38904395-001-02-3,SREBF2,19,0.587159798021917,0.00821515809466242,PRISM_secondary_AUC,SAR131675,VEGFR inhibitor,0.246454742839873
BRD-K39160765-003-02-9,BAALC,19,0.634434281388376,0.00352697815986397,PRISM_secondary_AUC,4-chlorophenylguanidine,urokinase inhibitor,0.242088271176359
BRD-K39381259-001-01-0,BACE1,18,-0.722463549433471,0.000707985040877653,PRISM_secondary_AUC,DMH1,ALK tyrosine kinase receptor inhibitor,0.230524139158015
BRD-K39381259-001-01-0,GJA1,18,-0.565104746497014,0.0145344356971527,PRISM_secondary_AUC,DMH1,ALK tyrosine kinase receptor inhibitor,0.201774401344518
BRD-K39381259-001-01-0,SREBF2,18,0.67760526692936,0.00200271433456673,PRISM_secondary_AUC,DMH1,ALK tyrosine kinase receptor inhibitor,0.154948658158848
BRD-K39467894-001-06-7,GJA1,19,-0.508896079814137,0.0260696044274893,PRISM_secondary_AUC,nithiamide,bacterial DNA inhibitor,0.249389486163509
BRD-K39484304-001-16-5,DKK3,21,-0.702586502725462,0.000383137376805403,PRISM_secondary_AUC,triptolide,RNA polymerase inhibitor,0.132057863381206
BRD-K39484304-001-16-5,FHL1,21,-0.536712264048392,0.0121237746135334,PRISM_secondary_AUC,triptolide,RNA polymerase inhibitor,0.183770899405139
BRD-K39484304-001-16-5,GJA1,21,-0.650748528216232,0.00140070499217753,PRISM_secondary_AUC,triptolide,RNA polymerase inhibitor,0.118647952278568
BRD-K39484304-001-16-5,MMP14,21,-0.625997012144729,0.00240045015640539,PRISM_secondary_AUC,triptolide,RNA polymerase inhibitor,0.168437626141598
BRD-K39484304-001-16-5,PTN,21,-0.529660983946348,0.0135338900483714,PRISM_secondary_AUC,triptolide,RNA polymerase inhibitor,0.200915481130462
BRD-K39558284-001-01-2,IER3,22,-0.575381140598532,0.00508327102822324,PRISM_secondary_AUC,SDZ-WAG-994,adenosine receptor agonist,0.163233513377931
BRD-K39624409-003-02-6,GJB1,16,-0.622790491418526,0.00996914213116026,PRISM_secondary_AUC,ADL5859,opioid receptor agonist,0.223274645908358
BRD-K39974922-001-04-3,CEBPA,22,0.476002258610954,0.0251353642549237,PRISM_secondary_AUC,lenvatinib,"FGFR inhibitor, KIT inhibitor, PDGFR tyrosine kinase receptor inhibitor, VEGFR inhibitor",0.239701486934372
BRD-K39974922-001-04-3,CYFIP2,22,0.518915866741954,0.0133391571769702,PRISM_secondary_AUC,lenvatinib,"FGFR inhibitor, KIT inhibitor, PDGFR tyrosine kinase receptor inhibitor, VEGFR inhibitor",0.246261363267141
BRD-K39974922-001-04-3,FHL1,22,-0.533898390293088,0.0104893705864531,PRISM_secondary_AUC,lenvatinib,"FGFR inhibitor, KIT inhibitor, PDGFR tyrosine kinase receptor inhibitor, VEGFR inhibitor",0.175231684789624
BRD-K39974922-001-04-3,PTHLH,22,-0.506493506493507,0.0161541090386241,PRISM_secondary_AUC,lenvatinib,"FGFR inhibitor, KIT inhibitor, PDGFR tyrosine kinase receptor inhibitor, VEGFR inhibitor",0.239813577480605
BRD-K40255344-001-17-6,CEBPA,22,0.477131564088086,0.0247437388993281,PRISM_secondary_AUC,tyrphostin-A9,"protein tyrosine kinase inhibitor, tyrosine kinase inhibitor",0.239701486934372
BRD-K40308497-001-01-2,GJA1,20,-0.612616718306065,0.00408424035485151,PRISM_secondary_AUC,crizotinib-(S),MTH1 inhibitor,0.140031097880623
BRD-K40331046-305-01-5,CAV1,22,-0.619599008045544,0.00210267930812585,PRISM_secondary_AUC,CR8-(R),CDK inhibitor,0.121114328148049
BRD-K40331046-305-01-5,CD44,22,-0.50875211744777,0.0156093607524371,PRISM_secondary_AUC,CR8-(R),CDK inhibitor,0.190487114267029
BRD-K40331046-305-01-5,CEBPA,22,0.542631281761717,0.00907293608450236,PRISM_secondary_AUC,CR8-(R),CDK inhibitor,0.165804012795143
BRD-K40331046-305-01-5,DKK3,22,-0.583286278938453,0.00438042595015607,PRISM_secondary_AUC,CR8-(R),CDK inhibitor,0.197119167757023
BRD-K40331046-305-01-5,DNAJB4,22,-0.569734613212874,0.00564080428566255,PRISM_secondary_AUC,CR8-(R),CDK inhibitor,0.147686512206438
BRD-K40331046-305-01-5,GJB1,22,0.54252152570115,0.00908970652253048,PRISM_secondary_AUC,CR8-(R),CDK inhibitor,0.218152956540731
BRD-K40331046-305-01-5,HDAC2,22,-0.72557876905703,0.000132584206218783,PRISM_secondary_AUC,CR8-(R),CDK inhibitor,0.16679365330829
BRD-K40331046-305-01-5,LOX,22,-0.5742518351214,0.00519094275015464,PRISM_secondary_AUC,CR8-(R),CDK inhibitor,0.212921750862405
BRD-K40331046-305-01-5,OPTN,22,-0.587803500846979,0.0040166125075402,PRISM_secondary_AUC,CR8-(R),CDK inhibitor,0.249787525037684
BRD-K40331046-305-01-5,XBP1,22,0.663466967814794,0.000762369194186986,PRISM_secondary_AUC,CR8-(R),CDK inhibitor,0.0844470492022508
BRD-K40530731-001-11-6,ANPEP,21,-0.603122246511702,0.0038005178154354,PRISM_secondary_AUC,hyoscyamine,acetylcholine receptor antagonist,0.225167598471809
BRD-K40530731-001-11-6,DKK3,21,-0.565099696106111,0.00759959134371593,PRISM_secondary_AUC,hyoscyamine,acetylcholine receptor antagonist,0.224742059993937
BRD-K40530731-001-11-6,FAS,21,-0.663750938844577,0.00103537114827607,PRISM_secondary_AUC,hyoscyamine,acetylcholine receptor antagonist,0.21313064089374
BRD-K40530731-001-11-6,OPTN,21,-0.617961419404293,0.00283213353501224,PRISM_secondary_AUC,hyoscyamine,acetylcholine receptor antagonist,0.202339339577317
BRD-K40530731-001-11-6,TAGLN,21,-0.70999195599654,0.000311458379524045,PRISM_secondary_AUC,hyoscyamine,acetylcholine receptor antagonist,0.207478947145351
BRD-K40530731-001-11-6,UGCG,21,-0.64711891991952,0.00152026030865713,PRISM_secondary_AUC,hyoscyamine,acetylcholine receptor antagonist,0.218917484446626
BRD-K40787673-001-02-1,YBX1,19,-0.653888749744122,0.00239138586982036,PRISM_secondary_AUC,lacitol,osmosis stimulant,0.230021770438404
BRD-K40797222-001-01-8,GJA1,18,-0.54898672504393,0.0182977599763919,PRISM_secondary_AUC,SC-12267,dihydroorotate dehydrogenase inhibitor,0.215291663793694
BRD-K40797222-001-01-8,TBX3,18,0.589611420860262,0.0100162664412236,PRISM_secondary_AUC,SC-12267,dihydroorotate dehydrogenase inhibitor,0.166000261048893
BRD-K40992116-001-09-7,EP300,19,0.826716457169166,1.27806722984413e-05,PRISM_secondary_AUC,parachlorophenol,antiinfective drug,0.0184041681097555
BRD-K40992116-001-09-7,SREBF2,19,0.609678289075131,0.0055810261870276,PRISM_secondary_AUC,parachlorophenol,antiinfective drug,0.200916942732994
BRD-K41104902-001-01-3,DDR2,21,0.721137234169639,0.000225325251378349,PRISM_secondary_AUC,GSK2656157,PERK inhibitor,0.162234180992411
BRD-K41104902-001-01-3,TBX3,21,0.565335904494773,0.00756882356835604,PRISM_secondary_AUC,GSK2656157,PERK inhibitor,0.150256667231026
BRD-K41213548-001-02-0,BDNF,22,-0.724858872747124,0.000135651709788686,PRISM_secondary_AUC,KW-2478,HSP inhibitor,0.0976692310478537
BRD-K41213548-001-02-0,CD44,22,-0.480519480519481,0.0235980142596325,PRISM_secondary_AUC,KW-2478,HSP inhibitor,0.244468636934322
BRD-K41213548-001-02-0,CEBPA,22,0.494071146245059,0.0194320643083271,PRISM_secondary_AUC,KW-2478,HSP inhibitor,0.230352856084835
BRD-K41213548-001-02-0,CYFIP2,22,0.605872388481084,0.00280344743932017,PRISM_secondary_AUC,KW-2478,HSP inhibitor,0.108682585289814
BRD-K41213548-001-02-0,ETS1,22,-0.532467532467532,0.0107378533434307,PRISM_secondary_AUC,KW-2478,HSP inhibitor,0.227389835507944
BRD-K41213548-001-02-0,FHL2,22,-0.680406549971767,0.000492844941288689,PRISM_secondary_AUC,KW-2478,HSP inhibitor,0.194233996934152
BRD-K41213548-001-02-0,FOSL1,22,-0.526969803561069,0.0117378704390555,PRISM_secondary_AUC,KW-2478,HSP inhibitor,0.241464763317712
BRD-K41213548-001-02-0,UGCG,22,-0.625070581592321,0.00186797934441181,PRISM_secondary_AUC,KW-2478,HSP inhibitor,0.230153648553243
BRD-K41337261-001-03-0,CACNA1H,22,0.626941566937606,0.00179299046098756,PRISM_secondary_AUC,ZM-306416,"Abl kinase inhibitor, src inhibitor, VEGFR inhibitor",0.184753912185442
BRD-K41337261-001-03-0,CTSV,22,-0.707509881422925,0.000230687211819148,PRISM_secondary_AUC,ZM-306416,"Abl kinase inhibitor, src inhibitor, VEGFR inhibitor",0.126402926400929
BRD-K41337261-001-03-0,PBX1,22,0.568605307735743,0.00575819339992729,PRISM_secondary_AUC,ZM-306416,"Abl kinase inhibitor, src inhibitor, VEGFR inhibitor",0.153551823998061
BRD-K41337261-001-03-0,RARA,22,0.591191417278374,0.00376064454882123,PRISM_secondary_AUC,ZM-306416,"Abl kinase inhibitor, src inhibitor, VEGFR inhibitor",0.142508635534278
BRD-K41599323-001-02-3,IGFBP5,22,0.564088085827216,0.00624824203930299,PRISM_secondary_AUC,lonafarnib,farnesyltransferase inhibitor,0.209243454339449
BRD-K41783120-001-02-8,RARA,22,0.524562394127612,0.0121990998045689,PRISM_secondary_AUC,STA-5326,interleukin synthesis inhibitor,0.234222716247723
BRD-K41783120-001-02-8,SLC1A3,22,-0.541501976284585,0.00924671307982479,PRISM_secondary_AUC,STA-5326,interleukin synthesis inhibitor,0.201281936198874
BRD-K41783120-001-02-8,TBX3,22,0.6386222473179,0.00138005293568726,PRISM_secondary_AUC,STA-5326,interleukin synthesis inhibitor,0.0964809662308276
BRD-K41859756-001-06-8,AR,22,0.662325241323712,0.000784360926329365,PRISM_secondary_AUC,NVP-AUY922,HSP inhibitor,0.141184966739286
BRD-K41859756-001-06-8,CEBPA,22,0.585544889892716,0.00419522478677647,PRISM_secondary_AUC,NVP-AUY922,HSP inhibitor,0.140371673879831
BRD-K41859756-001-06-8,CXCL12,22,0.687941286963968,0.000402257988488975,PRISM_secondary_AUC,NVP-AUY922,HSP inhibitor,0.13478610855662
BRD-K41859756-001-06-8,GJB1,22,0.545933610768453,0.00858012513344435,PRISM_secondary_AUC,NVP-AUY922,HSP inhibitor,0.218152956540731
BRD-K41859756-001-06-8,IGFBP5,22,0.613777526821005,0.00237926187009199,PRISM_secondary_AUC,NVP-AUY922,HSP inhibitor,0.126893966404906
BRD-K41859756-001-06-8,PBX1,22,0.630717108977979,0.00164940064136735,PRISM_secondary_AUC,NVP-AUY922,HSP inhibitor,0.107691189691704
BRD-K41859756-001-06-8,POSTN,22,-0.585839079082214,0.00417159089965868,PRISM_secondary_AUC,NVP-AUY922,HSP inhibitor,0.215018440675219
BRD-K41859756-001-06-8,RARA,22,0.677018633540373,0.000538963909998519,PRISM_secondary_AUC,NVP-AUY922,HSP inhibitor,0.0646756691998223
BRD-K41876534-001-13-7,NCOR1,21,0.729520377471193,0.00017485354689824,PRISM_secondary_AUC,tioxolone,carbonic anhydrase inhibitor,0.1834707912618
BRD-K42191735-001-05-3,DNAJB4,21,-0.559585645522253,0.00834758220874469,PRISM_secondary_AUC,buparlisib,PI3K inhibitor,0.179410722098393
BRD-K42191735-001-05-3,IGFBP5,21,0.621489691397934,0.00263521029756597,PRISM_secondary_AUC,buparlisib,PI3K inhibitor,0.130851821672241
BRD-K42191735-001-05-3,PBX1,21,0.55974025974026,0.00832581561706139,PRISM_secondary_AUC,buparlisib,PI3K inhibitor,0.173756152008238
BRD-K42191735-001-05-3,RARA,21,0.577760869428724,0.00608871401402807,PRISM_secondary_AUC,buparlisib,PI3K inhibitor,0.16634994117331
BRD-K42205652-001-02-7,ADA,18,-0.816489553076374,3.57190421780712e-05,PRISM_secondary_AUC,"MNS-(3,4-Methylenedioxy-nitrostyrene)","src inhibitor, syk inhibitor",0.0514354207364225
BRD-K42205652-001-02-7,ANPEP,18,-0.729192532981017,0.000595625095114971,PRISM_secondary_AUC,"MNS-(3,4-Methylenedioxy-nitrostyrene)","src inhibitor, syk inhibitor",0.173529318282803
BRD-K42205652-001-02-7,CD44,18,-0.536933602616237,0.0215839230683275,PRISM_secondary_AUC,"MNS-(3,4-Methylenedioxy-nitrostyrene)","src inhibitor, syk inhibitor",0.230228512728826
BRD-K42205652-001-02-7,CDX1,18,-0.683241074069345,0.00177453708341736,PRISM_secondary_AUC,"MNS-(3,4-Methylenedioxy-nitrostyrene)","src inhibitor, syk inhibitor",0.212944450010083
BRD-K42205652-001-02-7,DKK3,18,-0.609524066158222,0.00724315207788831,PRISM_secondary_AUC,"MNS-(3,4-Methylenedioxy-nitrostyrene)","src inhibitor, syk inhibitor",0.224742059993937
BRD-K42205652-001-02-7,DNAJB4,18,-0.595753667516761,0.00908287773783097,PRISM_secondary_AUC,"MNS-(3,4-Methylenedioxy-nitrostyrene)","src inhibitor, syk inhibitor",0.184216111865868
BRD-K42205652-001-02-7,ETV1,18,-0.629854532724749,0.00508809881726523,PRISM_secondary_AUC,"MNS-(3,4-Methylenedioxy-nitrostyrene)","src inhibitor, syk inhibitor",0.203523952690609
BRD-K42205652-001-02-7,PLAGL1,18,-0.655773180284667,0.00312759763158084,PRISM_secondary_AUC,"MNS-(3,4-Methylenedioxy-nitrostyrene)","src inhibitor, syk inhibitor",0.199080154676696
BRD-K42205652-001-02-7,POSTN,18,-0.82279237035398,2.75843569917103e-05,PRISM_secondary_AUC,"MNS-(3,4-Methylenedioxy-nitrostyrene)","src inhibitor, syk inhibitor",0.0198607370340314
BRD-K42205652-001-02-7,PTN,18,-0.661889876056874,0.0027701017428598,PRISM_secondary_AUC,"MNS-(3,4-Methylenedioxy-nitrostyrene)","src inhibitor, syk inhibitor",0.0833026220846105
BRD-K42205652-001-02-7,SLC1A3,18,-0.598673982139092,0.00866434393389808,PRISM_secondary_AUC,"MNS-(3,4-Methylenedioxy-nitrostyrene)","src inhibitor, syk inhibitor",0.19962142285396
BRD-K42436189-001-01-2,CD44,21,-0.52944417337199,0.0135792661751423,PRISM_secondary_AUC,AZ20,ATR kinase inhibitor,0.184575865750878
BRD-K42436189-001-01-2,CTSV,21,-0.715833585505739,0.000263339430001936,PRISM_secondary_AUC,AZ20,ATR kinase inhibitor,0.126402926400929
BRD-K42436189-001-01-2,CYFIP2,21,0.599264958207012,0.00409306206029266,PRISM_secondary_AUC,AZ20,ATR kinase inhibitor,0.125404454613222
BRD-K42436189-001-01-2,DKK3,21,-0.557936340399632,0.00858269015239748,PRISM_secondary_AUC,AZ20,ATR kinase inhibitor,0.232520993003914
BRD-K42436189-001-01-2,FHL1,21,-0.601689535724952,0.00390707362311009,PRISM_secondary_AUC,AZ20,ATR kinase inhibitor,0.0953590850386192
BRD-K42436189-001-01-2,IER3,21,-0.609939025117722,0.0033261027238306,PRISM_secondary_AUC,AZ20,ATR kinase inhibitor,0.152477070192036
BRD-K42436189-001-01-2,PTHLH,21,-0.603859137832108,0.00374666243719307,PRISM_secondary_AUC,AZ20,ATR kinase inhibitor,0.148450299064478
BRD-K42497885-001-01-1,CD44,19,-0.585359726282161,0.00846309696089789,PRISM_secondary_AUC,satraplatin,DNA alkylating agent,0.14019309019735
BRD-K42497885-001-01-1,GJA1,19,-0.549875215563557,0.0147254130290742,PRISM_secondary_AUC,satraplatin,DNA alkylating agent,0.201774401344518
BRD-K42497885-001-01-1,PTN,19,-0.550899376032737,0.0145037250073422,PRISM_secondary_AUC,satraplatin,DNA alkylating agent,0.204334466258437
BRD-K42497885-001-01-1,SLC1A3,19,-0.661291583001807,0.0020481535211486,PRISM_secondary_AUC,satraplatin,DNA alkylating agent,0.0921669084516871
BRD-K42673188-001-01-1,ADAMTS5,21,-0.698595761019366,0.00042730835762385,PRISM_secondary_AUC,verubulin,tubulin polymerization inhibitor,0.205108011659448
BRD-K42673188-001-01-1,CEBPA,21,0.589618425172399,0.0049076188404369,PRISM_secondary_AUC,verubulin,tubulin polymerization inhibitor,0.141339422604583
BRD-K42673188-001-01-1,DNAJB4,21,-0.58961038961039,0.00490834953262272,PRISM_secondary_AUC,verubulin,tubulin polymerization inhibitor,0.141360466539534
BRD-K42673188-001-01-1,ESR1,21,0.713450642945987,0.000282135177074925,PRISM_secondary_AUC,verubulin,tubulin polymerization inhibitor,0.0629751916638788
BRD-K42673188-001-01-1,ETS1,21,-0.557206114999196,0.00868850321064227,PRISM_secondary_AUC,verubulin,tubulin polymerization inhibitor,0.215714562471119
BRD-K42673188-001-01-1,ETV1,21,-0.617244088665259,0.00287363974009315,PRISM_secondary_AUC,verubulin,tubulin polymerization inhibitor,0.167676285524588
BRD-K42673188-001-01-1,FHL1,21,-0.8383680348169,2.08044464133504e-06,PRISM_secondary_AUC,verubulin,tubulin polymerization inhibitor,0.00149792014176123
BRD-K42673188-001-01-1,FOSL1,21,-0.565640739009117,0.00752926820214256,PRISM_secondary_AUC,verubulin,tubulin polymerization inhibitor,0.237147109160517
BRD-K42673188-001-01-1,GATA3,21,0.633924094543945,0.00203009692683832,PRISM_secondary_AUC,verubulin,tubulin polymerization inhibitor,0.243611631220598
BRD-K42673188-001-01-1,GJA1,21,-0.595184445811234,0.00442268940441636,PRISM_secondary_AUC,verubulin,tubulin polymerization inhibitor,0.146665408605639
BRD-K42673188-001-01-1,GRHL1,21,0.723376623376623,0.000210751069654653,PRISM_secondary_AUC,verubulin,tubulin polymerization inhibitor,0.0495872439660548
BRD-K42673188-001-01-1,LOX,21,-0.614285714285714,0.00305023654562098,PRISM_secondary_AUC,verubulin,tubulin polymerization inhibitor,0.212921750862405
BRD-K42673188-001-01-1,MYCN,21,0.603467574689223,0.00377519991856324,PRISM_secondary_AUC,verubulin,tubulin polymerization inhibitor,0.189488453426075
BRD-K42673188-001-01-1,NR4A1,21,0.640593576014392,0.00175689675183612,PRISM_secondary_AUC,verubulin,tubulin polymerization inhibitor,0.209534569753285
BRD-K42673188-001-01-1,PBX1,21,0.563876248605621,0.00776060389891691,PRISM_secondary_AUC,verubulin,tubulin polymerization inhibitor,0.169682723446061
BRD-K42673188-001-01-1,PLAGL1,21,-0.612205787121888,0.00317975247053056,PRISM_secondary_AUC,verubulin,tubulin polymerization inhibitor,0.199080154676696
BRD-K42673188-001-01-1,POSTN,21,-0.564729339757963,0.00764803975671839,PRISM_secondary_AUC,verubulin,tubulin polymerization inhibitor,0.215018440675219
BRD-K42673188-001-01-1,PTHLH,21,-0.566091749797025,0.00747105688502712,PRISM_secondary_AUC,verubulin,tubulin polymerization inhibitor,0.178045005802059
BRD-K42673188-001-01-1,PTN,21,-0.683100852235957,0.000642553420086631,PRISM_secondary_AUC,verubulin,tubulin polymerization inhibitor,0.0432414362343798
BRD-K42673188-001-01-1,TCF4,21,-0.717311460697535,0.000252231113585875,PRISM_secondary_AUC,verubulin,tubulin polymerization inhibitor,0.166365229310564
BRD-K42673188-001-01-1,VDR,21,0.682130574873913,0.000658654522711911,PRISM_secondary_AUC,verubulin,tubulin polymerization inhibitor,0.158077085450859
BRD-K42673188-001-01-1,ZEB2,21,-0.758354120752653,6.78380208842049e-05,PRISM_secondary_AUC,verubulin,tubulin polymerization inhibitor,0.0244216875183138
BRD-K42756753-001-01-9,BCL6,21,0.734534263227009,0.000149587573482061,PRISM_secondary_AUC,epiandrosterone,steroid,0.107703052907084
BRD-K42805893-001-04-9,S100A10,22,0.533596837944664,0.0105413422091625,PRISM_secondary_AUC,osimertinib,EGFR inhibitor,0.249459562790091
BRD-K42898655-001-01-8,ID4,21,-0.680328952121999,0.000689463861532946,PRISM_secondary_AUC,temsirolimus,mTOR inhibitor,0.246691956397171
BRD-K42898655-001-01-8,NCOR1,21,-0.702672451295545,0.00038223081512875,PRISM_secondary_AUC,temsirolimus,mTOR inhibitor,0.1834707912618
BRD-K42898655-001-01-8,SREBF2,21,-0.714651854211037,0.000272521494576559,PRISM_secondary_AUC,temsirolimus,mTOR inhibitor,0.144340937936457
BRD-K42938903-332-01-1,ESR1,19,0.584178721430271,0.00862903777946913,PRISM_secondary_AUC,acetophenazine,dopamine receptor antagonist,0.243643419655599
BRD-K42938903-332-01-1,GATA3,19,0.735241686664035,0.000334890654804128,PRISM_secondary_AUC,acetophenazine,dopamine receptor antagonist,0.0898125159594988
BRD-K42938903-332-01-1,LOX,19,-0.59736101329455,0.00691895579637664,PRISM_secondary_AUC,acetophenazine,dopamine receptor antagonist,0.213594075210713
BRD-K42973005-001-04-0,BMP7,20,-0.749073757881178,0.00014429110305482,PRISM_secondary_AUC,CHIR-98014,glycogen synthase kinase inhibitor,0.207779188398941
BRD-K42973005-001-04-0,JUND,20,-0.755869767578997,0.000115811102848814,PRISM_secondary_AUC,CHIR-98014,glycogen synthase kinase inhibitor,0.166767988102292
BRD-K43389675-001-02-1,CEBPA,22,0.486715969628384,0.0216124781420275,PRISM_secondary_AUC,daunorubicin,"RNA synthesis inhibitor, topoisomerase inhibitor",0.23438974369893
BRD-K43389675-001-02-1,DBI,22,0.614471845512258,0.00234474381176296,PRISM_secondary_AUC,daunorubicin,"RNA synthesis inhibitor, topoisomerase inhibitor",0.140684628705778
BRD-K43389675-001-02-1,FHL1,22,-0.56561095020241,0.00607931253341503,PRISM_secondary_AUC,daunorubicin,"RNA synthesis inhibitor, topoisomerase inhibitor",0.130659851464442
BRD-K43389675-001-02-1,PBX1,22,0.615602428484681,0.00228944076456992,PRISM_secondary_AUC,daunorubicin,"RNA synthesis inhibitor, topoisomerase inhibitor",0.122103507443729
BRD-K43389675-003-20-9,FAS,20,-0.735782352421797,0.0002176390901609,PRISM_secondary_AUC,daunorubicin,"RNA synthesis inhibitor, topoisomerase inhibitor",0.104466763277232
BRD-K43389675-003-20-9,GJA1,20,-0.547759712455481,0.012414734335087,PRISM_secondary_AUC,daunorubicin,"RNA synthesis inhibitor, topoisomerase inhibitor",0.197913656456253
BRD-K43389675-003-20-9,IER3,20,-0.639093500182557,0.00241679187420511,PRISM_secondary_AUC,daunorubicin,"RNA synthesis inhibitor, topoisomerase inhibitor",0.145007512452307
BRD-K43389675-003-20-9,PTN,20,-0.720268646792543,0.000341540968787061,PRISM_secondary_AUC,daunorubicin,"RNA synthesis inhibitor, topoisomerase inhibitor",0.0331807640712829
BRD-K43389675-003-20-9,SLC1A3,20,-0.577739549728412,0.00763484028814099,PRISM_secondary_AUC,daunorubicin,"RNA synthesis inhibitor, topoisomerase inhibitor",0.192880175700404
BRD-K43389698-001-09-9,CCND2,20,-0.686066960524711,0.000838334372140639,PRISM_secondary_AUC,BMS-387032,"CDK inhibitor, cell cycle inhibitor, MCL1 inhibitor",0.20735417842032
BRD-K43389698-001-09-9,RARA,20,0.573752824106719,0.00816584813394253,PRISM_secondary_AUC,BMS-387032,"CDK inhibitor, cell cycle inhibitor, MCL1 inhibitor",0.186647957347258
BRD-K43389698-001-09-9,TBX3,20,0.619315342734598,0.00359208032830487,PRISM_secondary_AUC,BMS-387032,"CDK inhibitor, cell cycle inhibitor, MCL1 inhibitor",0.101423444563902
BRD-K43578482-001-01-4,CEBPA,20,0.655674705323422,0.00169703937111439,PRISM_secondary_AUC,defactinib,focal adhesion kinase inhibitor,0.106249421495858
BRD-K43578482-001-01-4,IGFBP5,20,0.645848287053743,0.00209776247071424,PRISM_secondary_AUC,defactinib,focal adhesion kinase inhibitor,0.12083111831314
BRD-K43578482-001-01-4,PBX1,20,0.611433996965274,0.00417667535314202,PRISM_secondary_AUC,defactinib,focal adhesion kinase inhibitor,0.142888339290418
BRD-K43578482-001-01-4,PTN,20,-0.582716154625986,0.00701194743499905,PRISM_secondary_AUC,defactinib,focal adhesion kinase inhibitor,0.144072904464587
BRD-K43621685-001-02-5,CAV1,22,-0.590228772477296,0.00383194575034427,PRISM_secondary_AUC,CP-673451,PDGFR tyrosine kinase receptor inhibitor,0.145895417769442
BRD-K43621685-001-02-5,CEBPA,22,0.626199887069452,0.00182240619443757,PRISM_secondary_AUC,CP-673451,PDGFR tyrosine kinase receptor inhibitor,0.10759561023812
BRD-K43621685-001-02-5,DNAJB4,22,-0.604743083003953,0.00286894086331084,PRISM_secondary_AUC,CP-673451,PDGFR tyrosine kinase receptor inhibitor,0.119177005712133
BRD-K43621685-001-02-5,FHL1,22,-0.632768462569586,0.00157555620150092,PRISM_secondary_AUC,CP-673451,PDGFR tyrosine kinase receptor inhibitor,0.054019069765746
BRD-K43621685-001-02-5,GADD45G,22,0.65857105139572,0.000860537304850687,PRISM_secondary_AUC,CP-673451,PDGFR tyrosine kinase receptor inhibitor,0.190073434034614
BRD-K43621685-001-02-5,GJB1,22,0.564131397794068,0.00624338427990232,PRISM_secondary_AUC,CP-673451,PDGFR tyrosine kinase receptor inhibitor,0.199788296956874
BRD-K43621685-001-02-5,IGFBP5,22,0.590062111801242,0.00384440412646234,PRISM_secondary_AUC,CP-673451,PDGFR tyrosine kinase receptor inhibitor,0.167994292588895
BRD-K43621685-001-02-5,PBX1,22,0.651044607566347,0.00103242726056941,PRISM_secondary_AUC,CP-673451,PDGFR tyrosine kinase receptor inhibitor,0.107691189691704
BRD-K43621685-001-02-5,PLAGL1,22,-0.618469383600611,0.0021541129039446,PRISM_secondary_AUC,CP-673451,PDGFR tyrosine kinase receptor inhibitor,0.182466034216484
BRD-K43621685-001-02-5,RARA,22,0.684923771880294,0.000436649573199914,PRISM_secondary_AUC,CP-673451,PDGFR tyrosine kinase receptor inhibitor,0.058141281391824
BRD-K43621685-001-02-5,TBX3,22,0.614906832298137,0.0023233343577543,PRISM_secondary_AUC,CP-673451,PDGFR tyrosine kinase receptor inhibitor,0.0964809662308276
BRD-K43644456-001-04-0,CAV1,22,-0.640497060276798,0.00132196958192796,PRISM_secondary_AUC,WP1130,deubiquitinase inhibitor,0.108471643795376
BRD-K43644456-001-04-0,CD44,22,-0.532467532467532,0.0107378533434307,PRISM_secondary_AUC,WP1130,deubiquitinase inhibitor,0.161067800151461
BRD-K43644456-001-04-0,CEBPA,22,0.625070581592321,0.00186797934441181,PRISM_secondary_AUC,WP1130,deubiquitinase inhibitor,0.10759561023812
BRD-K43644456-001-04-0,CTCF,22,0.76171654432524,3.81204270461823e-05,PRISM_secondary_AUC,WP1130,deubiquitinase inhibitor,0.0182978049821675
BRD-K43644456-001-04-0,DKK3,22,-0.531338226990401,0.0109373556692055,PRISM_secondary_AUC,WP1130,deubiquitinase inhibitor,0.24999670101041
BRD-K43644456-001-04-0,EP300,22,0.724449463579898,0.000137423502356998,PRISM_secondary_AUC,WP1130,deubiquitinase inhibitor,0.0966179164994611
BRD-K43644456-001-04-0,FHL1,22,-0.608474673381647,0.00265730234101262,PRISM_secondary_AUC,WP1130,deubiquitinase inhibitor,0.0765303074211635
BRD-K43644456-001-04-0,FOSL1,22,-0.541654921345193,0.00922301898839013,PRISM_secondary_AUC,WP1130,deubiquitinase inhibitor,0.237147109160517
BRD-K43644456-001-04-0,FOXF2,22,-0.651551114966563,0.00102000684121395,PRISM_secondary_AUC,WP1130,deubiquitinase inhibitor,0.150698593796544
BRD-K43644456-001-04-0,GJA1,22,-0.590228772477296,0.00383194575034427,PRISM_secondary_AUC,WP1130,deubiquitinase inhibitor,0.140031097880623
BRD-K43644456-001-04-0,GJB1,22,0.564700078638619,0.00617989250909097,PRISM_secondary_AUC,WP1130,deubiquitinase inhibitor,0.199788296956874
BRD-K43644456-001-04-0,GRHL1,22,0.591191417278374,0.00376064454882123,PRISM_secondary_AUC,WP1130,deubiquitinase inhibitor,0.225638672929274
BRD-K43644456-001-04-0,MTA1,22,0.68944099378882,0.000386050001751659,PRISM_secondary_AUC,WP1130,deubiquitinase inhibitor,0.138978000630597
BRD-K43644456-001-04-0,MYCN,22,0.723933574601509,0.000139684634819191,PRISM_secondary_AUC,WP1130,deubiquitinase inhibitor,0.100572937069818
BRD-K43644456-001-04-0,PTHLH,22,-0.565217391304348,0.00612260200151767,PRISM_secondary_AUC,WP1130,deubiquitinase inhibitor,0.159280036083197
BRD-K43644456-001-04-0,PTN,22,-0.515310179769845,0.0141115095673552,PRISM_secondary_AUC,WP1130,deubiquitinase inhibitor,0.204334466258437
BRD-K43644456-001-04-0,RARA,22,0.553924336533032,0.00747826241378773,PRISM_secondary_AUC,WP1130,deubiquitinase inhibitor,0.17653603075171
BRD-K43644456-001-04-0,S100A10,22,-0.552795031055901,0.00762648461578274,PRISM_secondary_AUC,WP1130,deubiquitinase inhibitor,0.249459562790091
BRD-K43644456-001-04-0,SERPINE1,22,-0.633898406252746,0.00153609160696715,PRISM_secondary_AUC,WP1130,deubiquitinase inhibitor,0.110649349402389
BRD-K43644456-001-04-0,SREBF2,22,0.728966685488425,0.000118941475270589,PRISM_secondary_AUC,WP1130,deubiquitinase inhibitor,0.144340937936457
BRD-K43644456-001-04-0,TBX3,22,0.629587803500847,0.00169129015260225,PRISM_secondary_AUC,WP1130,deubiquitinase inhibitor,0.0964809662308276
BRD-K43644456-001-04-0,ZEB2,22,-0.557851164441015,0.00698126473121229,PRISM_secondary_AUC,WP1130,deubiquitinase inhibitor,0.239357647927279
BRD-K43860855-065-11-9,BAALC,17,0.733991528432191,0.000795600175257805,PRISM_secondary_AUC,iobenguane,antineoplastic agent,0.195863661052913
BRD-K43905307-001-01-2,EDN1,21,-0.779455306910065,3.11507049189936e-05,PRISM_secondary_AUC,"L-798,106",prostanoid receptor antagonist,0.0448570150833508
BRD-K43905307-001-01-2,GJA1,21,-0.591190618601067,0.00476638047302991,PRISM_secondary_AUC,"L-798,106",prostanoid receptor antagonist,0.149208432199197
BRD-K43905307-001-01-2,IER3,21,-0.617627332157021,0.00285140163106074,PRISM_secondary_AUC,"L-798,106",prostanoid receptor antagonist,0.152477070192036
BRD-K43905307-001-01-2,PTHLH,21,-0.55018277002481,0.00976188574857236,PRISM_secondary_AUC,"L-798,106",prostanoid receptor antagonist,0.203726311274554
BRD-K43905307-001-01-2,S100A10,21,-0.553406982396928,0.00925641161828509,PRISM_secondary_AUC,"L-798,106",prostanoid receptor antagonist,0.249459562790091
BRD-K44009692-001-02-3,TBX3,20,0.591584735702909,0.00600524254901484,PRISM_secondary_AUC,hyodeoxycholic-acid,atherosclerosis formation inhibitor,0.135117957352834
BRD-K44084986-300-08-4,IL15,15,-0.707790584979114,0.00315531481279303,PRISM_secondary_AUC,Y-27632,rho associated kinase inhibitor,0.181746133216878
BRD-K44084986-300-08-4,LOX,15,-0.642184986857419,0.00984138877722256,PRISM_secondary_AUC,Y-27632,rho associated kinase inhibitor,0.231375825522891
BRD-K44084986-300-08-4,PTHLH,15,-0.735829263402597,0.0017654092384125,PRISM_secondary_AUC,Y-27632,rho associated kinase inhibitor,0.116091668607512
BRD-K44084986-300-08-4,S100A2,15,-0.697616003785178,0.00383484866073562,PRISM_secondary_AUC,Y-27632,rho associated kinase inhibitor,0.239935464998578
BRD-K44227013-001-06-4,ADA,22,-0.660079051383399,0.00082921239684623,PRISM_secondary_AUC,ponatinib,"Bcr-Abl kinase inhibitor, FLT3 inhibitor, PDGFR tyrosine kinase receptor inhibitor",0.247746973076092
BRD-K44227013-001-06-4,AR,22,0.614125202357517,0.00236192400972349,PRISM_secondary_AUC,ponatinib,"Bcr-Abl kinase inhibitor, FLT3 inhibitor, PDGFR tyrosine kinase receptor inhibitor",0.212573160875114
BRD-K44227013-001-06-4,BDNF,22,-0.661017054648586,0.000810223202571483,PRISM_secondary_AUC,ponatinib,"Bcr-Abl kinase inhibitor, FLT3 inhibitor, PDGFR tyrosine kinase receptor inhibitor",0.245569959472486
BRD-K44227013-001-06-4,CACNA1H,22,0.592488021367161,0.00366636594571818,PRISM_secondary_AUC,ponatinib,"Bcr-Abl kinase inhibitor, FLT3 inhibitor, PDGFR tyrosine kinase receptor inhibitor",0.229916745020656
BRD-K44227013-001-06-4,CEBPA,22,0.597967250141163,0.00328951680715106,PRISM_secondary_AUC,ponatinib,"Bcr-Abl kinase inhibitor, FLT3 inhibitor, PDGFR tyrosine kinase receptor inhibitor",0.140371673879831
BRD-K44227013-001-06-4,ETV1,22,-0.603613777526821,0.0029357159706803,PRISM_secondary_AUC,ponatinib,"Bcr-Abl kinase inhibitor, FLT3 inhibitor, PDGFR tyrosine kinase receptor inhibitor",0.167676285524588
BRD-K44227013-001-06-4,GJB1,22,0.53057922796559,0.0110731376413783,PRISM_secondary_AUC,ponatinib,"Bcr-Abl kinase inhibitor, FLT3 inhibitor, PDGFR tyrosine kinase receptor inhibitor",0.229847745980922
BRD-K44227013-001-06-4,PBX1,22,0.585544889892716,0.00419522478677647,PRISM_secondary_AUC,ponatinib,"Bcr-Abl kinase inhibitor, FLT3 inhibitor, PDGFR tyrosine kinase receptor inhibitor",0.142888339290418
BRD-K44227013-001-06-4,POSTN,22,-0.556943727986282,0.00709361332366412,PRISM_secondary_AUC,ponatinib,"Bcr-Abl kinase inhibitor, FLT3 inhibitor, PDGFR tyrosine kinase receptor inhibitor",0.215018440675219
BRD-K44227013-001-06-4,S100A2,22,-0.625070581592321,0.00186797934441181,PRISM_secondary_AUC,ponatinib,"Bcr-Abl kinase inhibitor, FLT3 inhibitor, PDGFR tyrosine kinase receptor inhibitor",0.16057625067005
BRD-K44408410-001-17-6,CD44,22,-0.512140033879164,0.0148202524296279,PRISM_secondary_AUC,2-methoxyestradiol,hypoxia inducible factor inhibitor,0.187885647522946
BRD-K44408410-001-17-6,DKK3,22,-0.539243365330322,0.00960248202827028,PRISM_secondary_AUC,2-methoxyestradiol,hypoxia inducible factor inhibitor,0.232520993003914
BRD-K44408410-001-17-6,IER3,22,-0.524562394127612,0.0121990998045689,PRISM_secondary_AUC,2-methoxyestradiol,hypoxia inducible factor inhibitor,0.214228094129015
BRD-K44408410-001-17-6,MMP14,22,-0.637672999164466,0.00141027843836212,PRISM_secondary_AUC,2-methoxyestradiol,hypoxia inducible factor inhibitor,0.156378854796458
BRD-K44408410-001-17-6,TGFB2,22,-0.564088085827216,0.00624824203930299,PRISM_secondary_AUC,2-methoxyestradiol,hypoxia inducible factor inhibitor,0.243174825313414
BRD-K44665581-001-01-8,S100A10,18,-0.59822225327533,0.00872804964574139,PRISM_secondary_AUC,bromosporine,bromodomain inhibitor,0.249459562790091
BRD-K44827188-001-06-0,GJA1,21,-0.691655690771914,0.000514522144470853,PRISM_secondary_AUC,vismodegib,"hedgehog pathway inhibitor, smoothened receptor antagonist",0.0984563624353596
BRD-K44827188-001-06-0,TBX3,21,0.551402687474976,0.0095680456129475,PRISM_secondary_AUC,vismodegib,"hedgehog pathway inhibitor, smoothened receptor antagonist",0.164462138669313
BRD-K44844162-001-01-6,IL15,22,0.60248447204969,0.00300379255244245,PRISM_secondary_AUC,taselisib,PI3K inhibitor,0.180277617360745
BRD-K44993696-001-12-3,PTN,17,-0.563178141245626,0.018573913095564,PRISM_secondary_AUC,atenolol-(-),adrenergic receptor antagonist,0.226664702183154
BRD-K44993696-001-12-3,SREBF2,17,0.627775148440398,0.00697332065810496,PRISM_secondary_AUC,atenolol-(-),adrenergic receptor antagonist,0.226808580350901
BRD-K44993696-001-12-3,TBX3,17,0.56950369802456,0.0170174620889441,PRISM_secondary_AUC,atenolol-(-),adrenergic receptor antagonist,0.211582965692982
BRD-K45033733-001-12-2,BAALC,15,0.736278946576959,0.00174805500200463,PRISM_secondary_AUC,famciclovir,DNA polymerase inhibitor,0.195863661052913
BRD-K45252063-001-13-6,TBX21,16,0.723057767471264,0.00155074199054394,PRISM_secondary_AUC,clofibrate,PPAR receptor agonist,0.242710490646619
BRD-K45293975-001-02-0,CD44,15,-0.589248565885388,0.0208043969678399,PRISM_secondary_AUC,7-hydroxystaurosporine,"CDK inhibitor, CHK inhibitor, PKC inhibitor",0.226741581630337
BRD-K45293975-001-02-0,CEBPA,15,0.640858798800485,0.0100439599328179,PRISM_secondary_AUC,7-hydroxystaurosporine,"CDK inhibitor, CHK inhibitor, PKC inhibitor",0.165804012795143
BRD-K45293975-001-02-0,DKK3,15,-0.66431141221974,0.00690773190629677,PRISM_secondary_AUC,7-hydroxystaurosporine,"CDK inhibitor, CHK inhibitor, PKC inhibitor",0.224742059993937
BRD-K45293975-001-02-0,FHL1,15,-0.652867268276519,0.00832355945935349,PRISM_secondary_AUC,7-hydroxystaurosporine,"CDK inhibitor, CHK inhibitor, PKC inhibitor",0.149824070268363
BRD-K45293975-001-02-0,FOSL1,15,-0.660167688313693,0.00739656303014715,PRISM_secondary_AUC,7-hydroxystaurosporine,"CDK inhibitor, CHK inhibitor, PKC inhibitor",0.237147109160517
BRD-K45293975-001-02-0,FOXF2,15,-0.651387969425086,0.00852202165255282,PRISM_secondary_AUC,7-hydroxystaurosporine,"CDK inhibitor, CHK inhibitor, PKC inhibitor",0.24162753617698
BRD-K45293975-001-02-0,GJB1,15,0.765179287161111,0.000887264142474865,PRISM_secondary_AUC,7-hydroxystaurosporine,"CDK inhibitor, CHK inhibitor, PKC inhibitor",0.104817214801887
BRD-K45293975-001-02-0,MMP14,15,-0.680592656511665,0.0052276454433502,PRISM_secondary_AUC,7-hydroxystaurosporine,"CDK inhibitor, CHK inhibitor, PKC inhibitor",0.208874284743947
BRD-K45293975-001-02-0,PTHLH,15,-0.656990413752318,0.0077894690038401,PRISM_secondary_AUC,7-hydroxystaurosporine,"CDK inhibitor, CHK inhibitor, PKC inhibitor",0.178045005802059
BRD-K45401373-001-20-9,CCL2,15,-0.913405506496356,1.97605651923497e-06,PRISM_secondary_AUC,betulinic-acid,"apoptosis stimulant, NFkB pathway inhibitor",0.00284552138769836
BRD-K45401373-001-20-9,CEBPD,15,-0.753822314633379,0.00117058654581401,PRISM_secondary_AUC,betulinic-acid,"apoptosis stimulant, NFkB pathway inhibitor",0.221405256340658
BRD-K45401373-001-20-9,DNAJB4,15,-0.629724380210149,0.0118759436552975,PRISM_secondary_AUC,betulinic-acid,"apoptosis stimulant, NFkB pathway inhibitor",0.205580731798803
BRD-K45401373-001-20-9,ETS1,15,-0.659021363244256,0.00753648005007683,PRISM_secondary_AUC,betulinic-acid,"apoptosis stimulant, NFkB pathway inhibitor",0.200972801335382
BRD-K45401373-001-20-9,HRH1,15,-0.691740801349978,0.00427726954670539,PRISM_secondary_AUC,betulinic-acid,"apoptosis stimulant, NFkB pathway inhibitor",0.233852324423659
BRD-K45401373-001-20-9,S100A10,15,-0.621902484563981,0.0133109374580314,PRISM_secondary_AUC,betulinic-acid,"apoptosis stimulant, NFkB pathway inhibitor",0.249459562790091
BRD-K45401373-001-20-9,TMEM158,15,-0.789657066205697,0.000462445269190366,PRISM_secondary_AUC,betulinic-acid,"apoptosis stimulant, NFkB pathway inhibitor",0.221973729211376
BRD-K45446451-001-05-0,EP300,20,0.728694510585341,0.000268383101387392,PRISM_secondary_AUC,JZL-184,monoacylglucerol lipase inhibitor,0.0966179164994611
BRD-K45446451-001-05-0,MYCN,20,0.611002149704761,0.00421085452057945,PRISM_secondary_AUC,JZL-184,monoacylglucerol lipase inhibitor,0.189488453426075
BRD-K45462423-001-03-7,DNAJB4,22,-0.499717673630717,0.0178813871183816,PRISM_secondary_AUC,VU0361737,glutamate receptor positive allosteric modulator,0.245230451909234
BRD-K45551181-001-02-1,FAS,19,-0.618088223070823,0.00479539978136749,PRISM_secondary_AUC,MPI-0479605,mitotic kinase inhibitor,0.236918570590239
BRD-K45551181-001-02-1,GJA1,19,-0.602393315883523,0.00634389228601032,PRISM_secondary_AUC,MPI-0479605,mitotic kinase inhibitor,0.160615743082015
BRD-K45551181-001-02-1,IER3,19,-0.56784770809801,0.0112067029117893,PRISM_secondary_AUC,MPI-0479605,mitotic kinase inhibitor,0.201720652412208
BRD-K45551181-001-02-1,PTN,19,-0.715225730581543,0.000576889651651905,PRISM_secondary_AUC,MPI-0479605,mitotic kinase inhibitor,0.0415360549189372
BRD-K45662124-050-01-5,GJA1,17,-0.679773270560719,0.00268182981420164,PRISM_secondary_AUC,3'-fluorobenzylspiperone,dopamine receptor ligand,0.129768789699103
BRD-K45662124-050-01-5,PTN,17,-0.54776347213368,0.0228343760640981,PRISM_secondary_AUC,3'-fluorobenzylspiperone,dopamine receptor ligand,0.246850843923853
BRD-K45662124-050-01-5,S100A10,17,-0.614079624184315,0.00873089564341153,PRISM_secondary_AUC,3'-fluorobenzylspiperone,dopamine receptor ligand,0.249459562790091
BRD-K45662124-050-01-5,TBX3,17,0.713208359653988,0.00130805882788226,PRISM_secondary_AUC,3'-fluorobenzylspiperone,dopamine receptor ligand,0.0964809662308276
BRD-K45724504-001-01-6,SLC1A3,20,-0.605921966788334,0.00463060389735824,PRISM_secondary_AUC,anguidine,protein synthesis inhibitor,0.154390604014149
BRD-K46585355-001-14-3,CD44,20,-0.648464577868403,0.00198405187007263,PRISM_secondary_AUC,acetylsalicylsalicylic-acid,cyclooxygenase inhibitor,0.0714258673226145
BRD-K46585355-001-14-3,COL18A1,20,-0.655220305625812,0.0017140356195205,PRISM_secondary_AUC,acetylsalicylsalicylic-acid,cyclooxygenase inhibitor,0.180725867093232
BRD-K46585355-001-14-3,DNAJB4,20,-0.525131112226156,0.0174279621856392,PRISM_secondary_AUC,acetylsalicylsalicylic-acid,cyclooxygenase inhibitor,0.243653063566219
BRD-K46585355-001-14-3,IER3,20,-0.621062096074514,0.00347216962398279,PRISM_secondary_AUC,acetylsalicylsalicylic-acid,cyclooxygenase inhibitor,0.152477070192036
BRD-K46585355-001-14-3,IL15,20,-0.732272807802081,0.000241630615815935,PRISM_secondary_AUC,acetylsalicylsalicylic-acid,cyclooxygenase inhibitor,0.0483312693833422
BRD-K46585355-001-14-3,MMP14,20,-0.606998901117656,0.00453885348139061,PRISM_secondary_AUC,acetylsalicylsalicylic-acid,cyclooxygenase inhibitor,0.204248406662577
BRD-K46585355-001-14-3,SLC1A3,20,-0.582220697333295,0.007072030134715,PRISM_secondary_AUC,acetylsalicylsalicylic-acid,cyclooxygenase inhibitor,0.192145724414898
BRD-K46585355-001-14-3,TGFB2,20,-0.728014001412558,0.000273746883176987,PRISM_secondary_AUC,acetylsalicylsalicylic-acid,cyclooxygenase inhibitor,0.0572539231823413
BRD-K47000838-001-01-6,TAGLN,22,-0.665725578769057,0.000720413010921357,PRISM_secondary_AUC,cytochalasin-b,microtubule inhibitor,0.207478947145351
BRD-K47079459-004-04-6,ANPEP,22,-0.578531165777907,0.00479272061510936,PRISM_secondary_AUC,cetrimonium,,0.225350863956534
BRD-K47079459-004-04-6,CAV1,22,-0.668737671400113,0.000667543914969837,PRISM_secondary_AUC,cetrimonium,,0.108471643795376
BRD-K47079459-004-04-6,CD44,22,-0.628458498023715,0.00173407728325924,PRISM_secondary_AUC,cetrimonium,,0.069189175808998
BRD-K47079459-004-04-6,CEBPA,22,0.586674195369848,0.00410510668063783,PRISM_secondary_AUC,cetrimonium,,0.140371673879831
BRD-K47079459-004-04-6,CYFIP2,22,0.522303783173348,0.0126451739170131,PRISM_secondary_AUC,cetrimonium,,0.242787339206651
BRD-K47079459-004-04-6,DCBLD2,22,-0.651044607566347,0.00103242726056941,PRISM_secondary_AUC,cetrimonium,,0.148669525521995
BRD-K47079459-004-04-6,ETV1,22,-0.562958780350085,0.00637601293424885,PRISM_secondary_AUC,cetrimonium,,0.212683704498722
BRD-K47079459-004-04-6,FOSL1,22,-0.536571611342996,0.0100377687525259,PRISM_secondary_AUC,cetrimonium,,0.237147109160517
BRD-K47079459-004-04-6,FOXF2,22,-0.62092991374098,0.00204341561450812,PRISM_secondary_AUC,cetrimonium,,0.157862415282767
BRD-K47079459-004-04-6,GJB1,22,0.59085939748794,0.00378511004426585,PRISM_secondary_AUC,cetrimonium,,0.165935783536747
BRD-K47079459-004-04-6,MMP14,22,-0.550127104682188,0.00798630989982787,PRISM_secondary_AUC,cetrimonium,,0.225495808936316
BRD-K47079459-004-04-6,MTA1,22,0.763975155279503,3.5014722042831e-05,PRISM_secondary_AUC,cetrimonium,,0.0252105998708383
BRD-K47079459-004-04-6,MYCN,22,0.575869096423839,0.00503732658018208,PRISM_secondary_AUC,cetrimonium,,0.201493063207283
BRD-K47079459-004-04-6,NGF,22,-0.634352761066751,0.00152046077434452,PRISM_secondary_AUC,cetrimonium,,0.141034839117308
BRD-K47079459-004-04-6,OPTN,22,-0.680406549971767,0.000492844941288689,PRISM_secondary_AUC,cetrimonium,,0.157887052894669
BRD-K47079459-004-04-6,POSTN,22,-0.667992528276528,0.000680303429369269,PRISM_secondary_AUC,cetrimonium,,0.135441900186703
BRD-K47079459-004-04-6,PTN,22,-0.721661010832797,0.0001500333795432,PRISM_secondary_AUC,cetrimonium,,0.0234052535051954
BRD-K47079459-004-04-6,SLC1A3,22,-0.663466967814794,0.000762369194186986,PRISM_secondary_AUC,cetrimonium,,0.0921669084516871
BRD-K47079459-004-04-6,XBP1,22,0.67476002258611,0.000571724835885698,PRISM_secondary_AUC,cetrimonium,,0.0770873108815505
BRD-K47150025-001-05-3,PERP,20,0.724960794192297,0.000298953442202222,PRISM_secondary_AUC,KI-8751,"KIT inhibitor, PDGFR tyrosine kinase receptor inhibitor, VEGFR inhibitor",0.2152464783856
BRD-K47337578-034-02-5,ANPEP,19,-0.641799859465185,0.00305379091553116,PRISM_secondary_AUC,4-(4-fluorobenzoyl)-1-(4-phenylbutyl)-piperidine,serotonin receptor antagonist,0.225167598471809
BRD-K47337578-034-02-5,CEBPD,19,-0.696089387848466,0.000932173310738312,PRISM_secondary_AUC,4-(4-fluorobenzoyl)-1-(4-phenylbutyl)-piperidine,serotonin receptor antagonist,0.221405256340658
BRD-K47337578-034-02-5,DNAJB4,19,-0.588786003245161,0.00799626613751992,PRISM_secondary_AUC,4-(4-fluorobenzoyl)-1-(4-phenylbutyl)-piperidine,serotonin receptor antagonist,0.179131110580244
BRD-K47337578-034-02-5,ETV1,19,-0.677986590924482,0.00142188123601008,PRISM_secondary_AUC,4-(4-fluorobenzoyl)-1-(4-phenylbutyl)-piperidine,serotonin receptor antagonist,0.167676285524588
BRD-K47337578-034-02-5,NT5E,19,-0.7662842891787,0.000130283421675899,PRISM_secondary_AUC,4-(4-fluorobenzoyl)-1-(4-phenylbutyl)-piperidine,serotonin receptor antagonist,0.0625360424044315
BRD-K47337578-034-02-5,PLAGL1,19,-0.614431459696125,0.00512503404096333,PRISM_secondary_AUC,4-(4-fluorobenzoyl)-1-(4-phenylbutyl)-piperidine,serotonin receptor antagonist,0.238066097386684
BRD-K47337578-034-02-5,POSTN,19,-0.588759029986092,0.00799985778588542,PRISM_secondary_AUC,4-(4-fluorobenzoyl)-1-(4-phenylbutyl)-piperidine,serotonin receptor antagonist,0.215018440675219
BRD-K47337578-034-02-5,SLC1A3,19,-0.587575753243512,0.00815871201794982,PRISM_secondary_AUC,4-(4-fluorobenzoyl)-1-(4-phenylbutyl)-piperidine,serotonin receptor antagonist,0.19962142285396
BRD-K47598052-001-15-8,CYFIP2,20,0.617427760111303,0.00372549946756778,PRISM_secondary_AUC,PP-1,src inhibitor,0.1219254371204
BRD-K47598052-001-15-8,RARA,20,0.710738702866395,0.000444134788409767,PRISM_secondary_AUC,PP-1,src inhibitor,0.058141281391824
BRD-K47598052-001-15-8,SLC1A3,20,-0.578642694331467,0.00751855909858673,PRISM_secondary_AUC,PP-1,src inhibitor,0.192880175700404
BRD-K47598052-001-15-8,TBX3,20,0.650828449569226,0.00188579205279425,PRISM_secondary_AUC,PP-1,src inhibitor,0.0964809662308276
BRD-K47832606-001-30-1,CD44,21,-0.561162027076303,0.00812783336843355,PRISM_secondary_AUC,floxuridine,DNA synthesis inhibitor,0.139334286316004
BRD-K47832606-001-30-1,CEBPA,21,0.580680706278957,0.00577810417513839,PRISM_secondary_AUC,floxuridine,DNA synthesis inhibitor,0.143456379520677
BRD-K47832606-001-30-1,DCBLD2,21,-0.626218232671133,0.00238939548466085,PRISM_secondary_AUC,floxuridine,DNA synthesis inhibitor,0.20716281660071
BRD-K47832606-001-30-1,DKK3,21,-0.598049410624442,0.0041890428667817,PRISM_secondary_AUC,floxuridine,DNA synthesis inhibitor,0.197119167757023
BRD-K47832606-001-30-1,DNAJB4,21,-0.599556048773842,0.00407035090183222,PRISM_secondary_AUC,floxuridine,DNA synthesis inhibitor,0.128534546658683
BRD-K47832606-001-30-1,ESR1,21,0.632763381425958,0.00208111196085681,PRISM_secondary_AUC,floxuridine,DNA synthesis inhibitor,0.115787037379657
BRD-K47832606-001-30-1,FAS,21,-0.611694062209523,0.00321231190737319,PRISM_secondary_AUC,floxuridine,DNA synthesis inhibitor,0.21313064089374
BRD-K47832606-001-30-1,FHL1,21,-0.649122944048842,0.00145322858743275,PRISM_secondary_AUC,floxuridine,DNA synthesis inhibitor,0.0525566701253952
BRD-K47832606-001-30-1,GJA1,21,-0.632567692649498,0.00208981802461044,PRISM_secondary_AUC,floxuridine,DNA synthesis inhibitor,0.129768789699103
BRD-K47832606-001-30-1,IER3,21,-0.540744261764031,0.0113727206612026,PRISM_secondary_AUC,floxuridine,DNA synthesis inhibitor,0.202181700643603
BRD-K47832606-001-30-1,LOX,21,-0.568876268642762,0.00711980250702377,PRISM_secondary_AUC,floxuridine,DNA synthesis inhibitor,0.213594075210713
BRD-K47832606-001-30-1,MMP14,21,-0.583287664337584,0.00551196029185416,PRISM_secondary_AUC,floxuridine,DNA synthesis inhibitor,0.208874284743947
BRD-K47832606-001-30-1,NR4A1,21,0.706143790778081,0.00034711802830424,PRISM_secondary_AUC,floxuridine,DNA synthesis inhibitor,0.124962490189526
BRD-K47832606-001-30-1,PTHLH,21,-0.650216000938412,0.00141773163947808,PRISM_secondary_AUC,floxuridine,DNA synthesis inhibitor,0.116091668607512
BRD-K47832606-001-30-1,PTN,21,-0.729199165686505,0.000176590380165575,PRISM_secondary_AUC,floxuridine,DNA synthesis inhibitor,0.0234052535051954
BRD-K47832606-001-30-1,XBP1,21,0.570486664590868,0.00692294202932181,PRISM_secondary_AUC,floxuridine,DNA synthesis inhibitor,0.222917328476471
BRD-K47869605-001-32-0,CD44,22,-0.500846979107849,0.0175835891038024,PRISM_secondary_AUC,podophyllotoxin,"microtubule inhibitor, tubulin polymerization inhibitor",0.204196518624802
BRD-K47869605-001-32-0,FHL1,22,-0.532203474768348,0.0107842324119891,PRISM_secondary_AUC,podophyllotoxin,"microtubule inhibitor, tubulin polymerization inhibitor",0.175424438068925
BRD-K47869605-001-32-0,MYCN,22,0.560610543329194,0.00664863804324739,PRISM_secondary_AUC,podophyllotoxin,"microtubule inhibitor, tubulin polymerization inhibitor",0.245488173904519
BRD-K47869605-001-32-0,PTHLH,22,-0.567476002258611,0.00587760481969481,PRISM_secondary_AUC,podophyllotoxin,"microtubule inhibitor, tubulin polymerization inhibitor",0.159280036083197
BRD-K47976015-001-01-2,CEBPA,22,0.473743647656691,0.0259334488017816,PRISM_secondary_AUC,balapiravir,RNA polymerase inhibitor,0.240930104997197
BRD-K47976015-001-01-2,FHL1,22,-0.664406885698066,0.000744662258381125,PRISM_secondary_AUC,balapiravir,RNA polymerase inhibitor,0.0399323272174093
BRD-K47976015-001-01-2,GADD45G,22,0.650098868058725,0.00105596352241452,PRISM_secondary_AUC,balapiravir,RNA polymerase inhibitor,0.190073434034614
BRD-K47976015-001-01-2,GJA1,22,-0.537701235787929,0.00985179369384165,PRISM_secondary_AUC,balapiravir,RNA polymerase inhibitor,0.184241336612104
BRD-K47976015-001-01-2,MYCN,22,0.589432254730191,0.00389179436083422,PRISM_secondary_AUC,balapiravir,RNA polymerase inhibitor,0.189488453426075
BRD-K47976015-001-01-2,PLAGL1,22,-0.601525016926622,0.00306266774518566,PRISM_secondary_AUC,balapiravir,RNA polymerase inhibitor,0.199080154676696
BRD-K47976015-001-01-2,POSTN,22,-0.557510303497967,0.00702329236686807,PRISM_secondary_AUC,balapiravir,RNA polymerase inhibitor,0.215018440675219
BRD-K48141473-001-01-7,SREBF2,19,0.613759973949238,0.00518753494292688,PRISM_secondary_AUC,cebranopadol,opioid receptor agonist,0.19658027152144
BRD-K48488978-001-05-3,GJA1,22,-0.511719873554478,0.0149163181568036,PRISM_secondary_AUC,YM-201636,PI3K inhibitor,0.201774401344518
BRD-K48488978-001-05-3,ZBTB7A,22,0.70412196499153,0.000254788160145728,PRISM_secondary_AUC,YM-201636,PI3K inhibitor,0.122298316869949
BRD-K48684885-001-04-2,ETV4,22,-0.669113495200452,0.00066118654829638,PRISM_secondary_AUC,BAY-11-7085,NFkB pathway inhibitor,0.182968606604877
BRD-K48684885-001-04-2,PBX1,22,0.582156973461321,0.00447555613426025,PRISM_secondary_AUC,BAY-11-7085,NFkB pathway inhibitor,0.142888339290418
BRD-K48826825-001-01-8,SREBF2,21,0.57965161961099,0.00588604654630717,PRISM_secondary_AUC,S26948,PPAR receptor agonist,0.206729439675179
BRD-K48826825-001-01-8,STAT3,21,0.738294677543871,0.000132765197015026,PRISM_secondary_AUC,S26948,PPAR receptor agonist,0.0955909418508185
BRD-K48988407-001-01-2,CEBPA,21,0.486276777121353,0.0254048094233031,PRISM_secondary_AUC,cytochlor,,0.239965283275788
BRD-K48988407-001-01-2,CYFIP2,21,0.658516317726322,0.00117130594051358,PRISM_secondary_AUC,cytochlor,,0.099363811369483
BRD-K49027941-001-01-1,GJA1,18,-0.603893823397655,0.00795498948364714,PRISM_secondary_AUC,PSB-1115,adenosine receptor antagonist,0.166507763993298
BRD-K49027941-001-01-1,TBX3,18,0.706831772039154,0.00103879406008121,PRISM_secondary_AUC,PSB-1115,adenosine receptor antagonist,0.0879919674421732
BRD-K49049886-001-08-7,CAV1,22,0.620728632490477,0.00205228678252727,PRISM_secondary_AUC,CGS-15943,adenosine receptor antagonist,0.121114328148049
BRD-K49049886-001-08-7,CEBPA,22,-0.541501976284585,0.00924671307982479,PRISM_secondary_AUC,CGS-15943,adenosine receptor antagonist,0.165804012795143
BRD-K49049886-001-08-7,ETS1,22,0.530208921513269,0.0111398831169617,PRISM_secondary_AUC,CGS-15943,adenosine receptor antagonist,0.232484517223549
BRD-K49049886-001-08-7,FHL1,22,0.492090474016169,0.0200009783427191,PRISM_secondary_AUC,CGS-15943,adenosine receptor antagonist,0.234157795231833
BRD-K49049886-001-08-7,FOSL1,22,0.584015838030167,0.00431987183525701,PRISM_secondary_AUC,CGS-15943,adenosine receptor antagonist,0.194394232586566
BRD-K49049886-001-08-7,GJB1,22,-0.65057088616574,0.00104416009356027,PRISM_secondary_AUC,CGS-15943,adenosine receptor antagonist,0.104817214801887
BRD-K49049886-001-08-7,GRHL1,22,-0.719932241671372,0.000158344327036337,PRISM_secondary_AUC,CGS-15943,adenosine receptor antagonist,0.0495872439660548
BRD-K49049886-001-08-7,HRH1,22,0.580062152472902,0.00465658702924154,PRISM_secondary_AUC,CGS-15943,adenosine receptor antagonist,0.239481618646708
BRD-K49049886-001-08-7,MYB,22,-0.661208356860531,0.000806396379838524,PRISM_secondary_AUC,CGS-15943,adenosine receptor antagonist,0.145151348370934
BRD-K49049886-001-08-7,XBP1,22,-0.670242800677583,0.000642394257346254,PRISM_secondary_AUC,CGS-15943,adenosine receptor antagonist,0.0770873108815505
BRD-K49049886-001-08-7,ZEB2,22,0.630269976863378,0.00166587982023511,PRISM_secondary_AUC,CGS-15943,adenosine receptor antagonist,0.126256154796766
BRD-K49071277-001-04-7,GJA1,20,-0.654275640493185,0.00174982667288713,PRISM_secondary_AUC,securinine,"GABA receptor antagonist, TP53 activator",0.129768789699103
BRD-K49071277-001-04-7,IER3,20,-0.595488721804511,0.00560144103007422,PRISM_secondary_AUC,securinine,"GABA receptor antagonist, TP53 activator",0.163233513377931
BRD-K49071277-001-04-7,PTN,20,-0.552605161315894,0.0115104920507635,PRISM_secondary_AUC,securinine,"GABA receptor antagonist, TP53 activator",0.186157846368624
BRD-K49071277-001-04-7,S100A10,20,-0.544431341520882,0.013068479015522,PRISM_secondary_AUC,securinine,"GABA receptor antagonist, TP53 activator",0.249459562790091
BRD-K49071277-001-04-7,SLC1A3,20,-0.558596522713819,0.0104669182375573,PRISM_secondary_AUC,securinine,"GABA receptor antagonist, TP53 activator",0.207824524469134
BRD-K49071277-001-04-7,TBX3,20,0.513645385390777,0.0205298733402699,PRISM_secondary_AUC,securinine,"GABA receptor antagonist, TP53 activator",0.221613995703615
BRD-K49075727-001-08-5,TBX3,20,0.518561280286833,0.0191525353346817,PRISM_secondary_AUC,nintedanib,"FGFR inhibitor, PDGFR tyrosine kinase receptor inhibitor, VEGFR inhibitor",0.221613995703615
BRD-K49111258-003-29-7,TAGLN,20,-0.692177941912282,0.000720328805554675,PRISM_secondary_AUC,prazosin,adrenergic receptor antagonist,0.207478947145351
BRD-K49313711-001-05-4,PTN,20,-0.632673029890457,0.00275659575165889,PRISM_secondary_AUC,ribitol,,0.0833026220846105
BRD-K49328571-001-15-0,IGFBP5,21,0.616725859101383,0.00290394120611407,PRISM_secondary_AUC,dasatinib,"Bcr-Abl kinase inhibitor, ephrin inhibitor, KIT inhibitor, PDGFR tyrosine kinase receptor inhibitor, src inhibitor, tyrosine kinase inhibitor",0.139389177893475
BRD-K49328571-001-15-0,MMP14,21,-0.612566877423877,0.00315694374350146,PRISM_secondary_AUC,dasatinib,"Bcr-Abl kinase inhibitor, ephrin inhibitor, KIT inhibitor, PDGFR tyrosine kinase receptor inhibitor, src inhibitor, tyrosine kinase inhibitor",0.183209563560898
BRD-K49350383-001-14-5,GJB1,22,0.537462059314862,0.00989093240076796,PRISM_secondary_AUC,thioguanine,purine antagonist,0.223274645908358
BRD-K49350383-001-14-5,MYB,22,0.597425187982792,0.00332528638324655,PRISM_secondary_AUC,thioguanine,purine antagonist,0.207950851804224
BRD-K49371609-003-03-8,CCND2,22,-0.65204694907056,0.00100797170065433,PRISM_secondary_AUC,PIK-75,"DNA protein kinase inhibitor, PI3K inhibitor",0.20735417842032
BRD-K49371609-003-03-8,CD44,22,-0.70412196499153,0.000254788160145728,PRISM_secondary_AUC,PIK-75,"DNA protein kinase inhibitor, PI3K inhibitor",0.0356120013215665
BRD-K49371609-003-03-8,CEBPD,22,-0.647656691134952,0.00111886523369476,PRISM_secondary_AUC,PIK-75,"DNA protein kinase inhibitor, PI3K inhibitor",0.221405256340658
BRD-K49371609-003-03-8,COL18A1,22,-0.664219173620383,0.000748170153245235,PRISM_secondary_AUC,PIK-75,"DNA protein kinase inhibitor, PI3K inhibitor",0.180725867093232
BRD-K49371609-003-03-8,DNAJB4,22,-0.52343308865048,0.0124205025461777,PRISM_secondary_AUC,PIK-75,"DNA protein kinase inhibitor, PI3K inhibitor",0.205580731798803
BRD-K49371609-003-03-8,IER3,22,-0.53811405985319,0.00978453856522305,PRISM_secondary_AUC,PIK-75,"DNA protein kinase inhibitor, PI3K inhibitor",0.198446979351003
BRD-K49371609-003-03-8,IGFBP5,22,0.600225861095426,0.00314393035358602,PRISM_secondary_AUC,PIK-75,"DNA protein kinase inhibitor, PI3K inhibitor",0.14604063577948
BRD-K49371609-003-03-8,NGF,22,-0.616081574429365,0.00226633733447162,PRISM_secondary_AUC,PIK-75,"DNA protein kinase inhibitor, PI3K inhibitor",0.17530360994232
BRD-K49371609-003-03-8,SLC1A3,22,-0.717673630717109,0.000169800966378333,PRISM_secondary_AUC,PIK-75,"DNA protein kinase inhibitor, PI3K inhibitor",0.0815044638615998
BRD-K49456274-001-01-9,CD44,21,-0.637662337662338,0.00187288389681966,PRISM_secondary_AUC,pilaralisib,PI3K inhibitor,0.0698295763684472
BRD-K49456274-001-01-9,FHL1,21,-0.59939363299315,0.00408300976583824,PRISM_secondary_AUC,pilaralisib,PI3K inhibitor,0.0969457156965906
BRD-K49456274-001-01-9,IER3,21,-0.559585645522253,0.00834758220874469,PRISM_secondary_AUC,pilaralisib,PI3K inhibitor,0.184931052009113
BRD-K49456274-001-01-9,SLC1A3,21,-0.535258865821152,0.0124041905129533,PRISM_secondary_AUC,pilaralisib,PI3K inhibitor,0.22327542923316
BRD-K49555808-001-03-9,BAALC,17,0.659847219866046,0.00394895205797556,PRISM_secondary_AUC,BMS-707035,HIV integrase inhibitor,0.247238737542818
BRD-K49555808-001-03-9,S100A10,17,-0.698713545188674,0.00180622509894566,PRISM_secondary_AUC,BMS-707035,HIV integrase inhibitor,0.168118140997063
BRD-K49555808-001-03-9,SREBF2,17,0.722732265280332,0.00104710894787483,PRISM_secondary_AUC,BMS-707035,HIV integrase inhibitor,0.154948658158848
BRD-K49555808-001-03-9,TBX3,17,0.67090624861132,0.00319678345352436,PRISM_secondary_AUC,BMS-707035,HIV integrase inhibitor,0.0964809662308276
BRD-K49669041-001-08-4,DNAJB4,21,-0.508714223202048,0.018523299621768,PRISM_secondary_AUC,BX-912,pyruvate dehydrogenase kinase inhibitor,0.248357672295077
BRD-K49669041-001-08-4,GJA1,21,-0.524736529977829,0.0145953239361543,PRISM_secondary_AUC,BX-912,pyruvate dehydrogenase kinase inhibitor,0.201774401344518
BRD-K49669041-001-08-4,S100A10,21,-0.585066420749155,0.00533625490027544,PRISM_secondary_AUC,BX-912,pyruvate dehydrogenase kinase inhibitor,0.249459562790091
BRD-K49865102-001-08-4,AR,21,0.641194086340363,0.00173389791841606,PRISM_secondary_AUC,PD-0325901,MEK inhibitor,0.192062538655317
BRD-K49865102-001-08-4,IGFBP5,21,0.62775751774877,0.0023136518096438,PRISM_secondary_AUC,PD-0325901,MEK inhibitor,0.126893966404906
BRD-K49865102-001-08-4,PBX1,21,0.671180093067213,0.000865555410770213,PRISM_secondary_AUC,PD-0325901,MEK inhibitor,0.107691189691704
BRD-K49865102-001-08-4,RARA,21,0.668882712419014,0.000915334588232886,PRISM_secondary_AUC,PD-0325901,MEK inhibitor,0.0790687048813912
BRD-K49962337-001-02-9,SREBF2,20,0.570322400451289,0.00864654688339155,PRISM_secondary_AUC,baicalin,beta glucuronidase inhibitor,0.249020550241677
BRD-K50010139-001-02-3,SREBF2,22,-0.627329192546584,0.0017777774339812,PRISM_secondary_AUC,poziotinib,EGFR inhibitor,0.154948658158848
BRD-K50140147-001-10-1,CD44,19,-0.530544653988835,0.0194427375366184,PRISM_secondary_AUC,NVP-TAE684,ALK tyrosine kinase receptor inhibitor,0.217121739607018
BRD-K50140147-001-10-1,COL18A1,19,-0.671963866716179,0.00162614413468618,PRISM_secondary_AUC,NVP-TAE684,ALK tyrosine kinase receptor inhibitor,0.180725867093232
BRD-K50140147-001-10-1,CYFIP2,19,0.670086084304175,0.0016946200093275,PRISM_secondary_AUC,NVP-TAE684,ALK tyrosine kinase receptor inhibitor,0.100970676408489
BRD-K50140147-001-10-1,IER3,19,-0.621502609650578,0.00450351457927046,PRISM_secondary_AUC,NVP-TAE684,ALK tyrosine kinase receptor inhibitor,0.163233513377931
BRD-K50140147-001-10-1,S100A10,19,-0.556810340691142,0.013275849000552,PRISM_secondary_AUC,NVP-TAE684,ALK tyrosine kinase receptor inhibitor,0.249459562790091
BRD-K50140147-001-10-1,TBX3,19,0.559990521074009,0.0126505891802148,PRISM_secondary_AUC,NVP-TAE684,ALK tyrosine kinase receptor inhibitor,0.18425936912111
BRD-K50388907-001-30-4,PEG10,19,0.774186721253393,0.000100143297050324,PRISM_secondary_AUC,fenofibrate,PPAR receptor agonist,0.144206347752467
BRD-K50388907-001-30-4,SYP,19,0.729159672651653,0.000397004719493484,PRISM_secondary_AUC,fenofibrate,PPAR receptor agonist,0.190562265356872
BRD-K50677762-001-01-5,ETS1,22,-0.561829474872953,0.00650594238746237,PRISM_secondary_AUC,oxiracetam,acetylcholine receptor agonist,0.195178271623871
BRD-K50677762-001-01-5,FHL1,22,-0.609604617064807,0.00259587153797296,PRISM_secondary_AUC,oxiracetam,acetylcholine receptor agonist,0.0765303074211635
BRD-K50677762-001-01-5,PTHLH,22,-0.60248447204969,0.00300379255244245,PRISM_secondary_AUC,oxiracetam,acetylcholine receptor agonist,0.148450299064478
BRD-K50677762-001-01-5,ZEB2,22,-0.611033729813688,0.00251989261190635,PRISM_secondary_AUC,oxiracetam,acetylcholine receptor agonist,0.157767189615006
BRD-K50850824-237-04-8,FAS,22,-0.60248447204969,0.00300379255244245,PRISM_secondary_AUC,acesulfame-potassium,,0.21313064089374
BRD-K50850824-237-04-8,FHL1,22,-0.510169572946729,0.0152751642391342,PRISM_secondary_AUC,acesulfame-potassium,,0.203447108518298
BRD-K50850824-237-04-8,GJA1,22,-0.671561732512445,0.00062102709238295,PRISM_secondary_AUC,acesulfame-potassium,,0.099364334781272
BRD-K50850824-237-04-8,MYCN,22,0.621644755707775,0.00201217140754946,PRISM_secondary_AUC,acesulfame-potassium,,0.155879633386404
BRD-K50853363-001-02-3,CAV1,19,-0.62052603961269,0.00458546671535409,PRISM_secondary_AUC,dienogest,progesterone receptor agonist,0.15405670425523
BRD-K50853363-001-02-3,CD44,19,-0.641305217057345,0.0030838292598011,PRISM_secondary_AUC,dienogest,progesterone receptor agonist,0.0925148777940329
BRD-K50853363-001-02-3,ETS2,19,-0.670489561165145,0.00167970758761095,PRISM_secondary_AUC,dienogest,progesterone receptor agonist,0.241877892615977
BRD-K50853363-001-02-3,GJB1,19,0.589507480443986,0.00790068197810973,PRISM_secondary_AUC,dienogest,progesterone receptor agonist,0.218152956540731
BRD-K50853363-001-02-3,NGF,19,-0.645809053234853,0.0028191307164143,PRISM_secondary_AUC,dienogest,progesterone receptor agonist,0.17530360994232
BRD-K51143828-003-03-1,COL3A1,22,0.698870168034445,0.000296438838953745,PRISM_secondary_AUC,lurasidone,"dopamine receptor antagonist, serotonin receptor antagonist",0.213435964046696
BRD-K51143828-003-03-1,ESR1,22,-0.661017054648586,0.000810223202571483,PRISM_secondary_AUC,lurasidone,"dopamine receptor antagonist, serotonin receptor antagonist",0.0897478009002258
BRD-K51143828-003-03-1,ZEB2,22,0.636493468555925,0.00144861786029932,PRISM_secondary_AUC,lurasidone,"dopamine receptor antagonist, serotonin receptor antagonist",0.115889428823946
BRD-K51313569-001-07-8,GJA1,21,-0.530289926240887,0.0134029540018578,PRISM_secondary_AUC,palbociclib,CDK inhibitor,0.198971688275002
BRD-K51313569-003-03-3,IL15,19,0.596972919192151,0.00696501160546128,PRISM_secondary_AUC,palbociclib,CDK inhibitor,0.215932831470013
BRD-K51313569-003-03-3,OXTR,19,0.740547588097792,0.000287626743419406,PRISM_secondary_AUC,palbociclib,CDK inhibitor,0.207091255261972
BRD-K51324732-001-01-0,SREBF2,19,0.628752582826633,0.00393194150339662,PRISM_secondary_AUC,meglitinide,potassium channel blocker,0.179733712564276
BRD-K51350053-048-16-5,DAPK1,22,0.757199322416714,4.50603720255723e-05,PRISM_secondary_AUC,toremifene,"estrogen receptor antagonist, selective estrogen receptor modulator (SERM)",0.0648869357168241
BRD-K51474575-001-10-4,BAALC,19,0.676975705583142,0.00145458398009321,PRISM_secondary_AUC,taurine,antioxidant,0.195863661052913
BRD-K51474575-001-10-4,SREBF2,19,0.658330682630634,0.00218015661290425,PRISM_secondary_AUC,taurine,antioxidant,0.156971276129106
BRD-K51544265-001-04-2,IGFBP5,20,0.571087713632731,0.00853735471339516,PRISM_secondary_AUC,cabozantinib,"RET tyrosine kinase inhibitor, VEGFR inhibitor",0.227662792357204
BRD-K51544265-001-04-2,TBX3,20,0.628760239029026,0.00298253977365938,PRISM_secondary_AUC,cabozantinib,"RET tyrosine kinase inhibitor, VEGFR inhibitor",0.0964809662308276
BRD-K51911221-001-01-2,GJA1,22,-0.533182738008198,0.0106130548093548,PRISM_secondary_AUC,nemorubicin,topoisomerase inhibitor,0.188104590419647
BRD-K51911221-001-01-2,S100A10,22,-0.590062111801242,0.00384440412646234,PRISM_secondary_AUC,nemorubicin,topoisomerase inhibitor,0.223745321961412
BRD-K51911221-001-01-2,TBX3,22,0.48729531338227,0.0214339147695167,PRISM_secondary_AUC,nemorubicin,topoisomerase inhibitor,0.225817731274614
BRD-K51967704-001-03-6,AR,22,0.708824102444041,0.000221882873685344,PRISM_secondary_AUC,BIIB021,HSP inhibitor,0.0576012032696939
BRD-K51967704-001-03-6,CEBPA,22,0.492941840767928,0.0197548180762206,PRISM_secondary_AUC,BIIB021,HSP inhibitor,0.230352856084835
BRD-K51967704-001-03-6,GADD45G,22,0.661395112508051,0.000802675411056921,PRISM_secondary_AUC,BIIB021,HSP inhibitor,0.190073434034614
BRD-K51967704-001-03-6,GJB1,22,0.547639653302105,0.00833430103442146,PRISM_secondary_AUC,BIIB021,HSP inhibitor,0.218152956540731
BRD-K51967704-001-03-6,PBX1,22,0.570863918690006,0.00552541090168514,PRISM_secondary_AUC,BIIB021,HSP inhibitor,0.153082118712196
BRD-K51967704-001-03-6,POSTN,22,-0.645329507809131,0.00118174505732131,PRISM_secondary_AUC,BIIB021,HSP inhibitor,0.143538875915913
BRD-K51967704-001-03-6,RARA,22,0.639751552795031,0.00134481227248219,PRISM_secondary_AUC,BIIB021,HSP inhibitor,0.0806887363489312
BRD-K51967704-001-03-6,S100A2,22,-0.618294748729531,0.0021621583150805,PRISM_secondary_AUC,BIIB021,HSP inhibitor,0.172811969279157
BRD-K52075715-001-06-7,FHL1,22,-0.481356009026149,0.0233217550448121,PRISM_secondary_AUC,oxibendazole,tubulin polymerization inhibitor,0.245133775653499
BRD-K52233191-001-02-4,IER3,19,-0.546981913049789,0.0153663606651749,PRISM_secondary_AUC,R547,CDK inhibitor,0.232921677451072
BRD-K52313696-001-12-3,GJA1,22,-0.516238371334209,0.0139092963242782,PRISM_secondary_AUC,tacedinaline,HDAC inhibitor,0.201774401344518
BRD-K52662033-003-21-2,ETV1,21,-0.684415584415584,0.000621272233576977,PRISM_secondary_AUC,lidocaine,histamine receptor agonist,0.160885008169636
BRD-K52662033-003-21-2,GJA1,21,-0.630440763032059,0.00218643534456193,PRISM_secondary_AUC,lidocaine,histamine receptor agonist,0.129768789699103
BRD-K52662033-003-21-2,PCSK2,21,0.71671666465877,0.000256652469670349,PRISM_secondary_AUC,lidocaine,histamine receptor agonist,0.191867427178501
BRD-K52662033-003-21-2,PTN,21,-0.57336370619177,0.00658240588831355,PRISM_secondary_AUC,lidocaine,histamine receptor agonist,0.142801052021948
BRD-K52662033-003-21-2,TBX3,21,0.670522408667988,0.000879565159107952,PRISM_secondary_AUC,lidocaine,histamine receptor agonist,0.0879919674421732
BRD-K52662033-003-21-2,XBP1,21,0.596924633772898,0.00427951655965748,PRISM_secondary_AUC,lidocaine,histamine receptor agonist,0.171180662386299
BRD-K52662033-003-21-2,YBX1,21,-0.633008672462211,0.00207024220620987,PRISM_secondary_AUC,lidocaine,histamine receptor agonist,0.230021770438404
BRD-K52762805-001-01-2,PTHLH,20,-0.747408474415322,0.00015212098917587,PRISM_secondary_AUC,epothilone-d,"microtubule stabilizing agent, tubulin polymerization inhibitor",0.0726425607127321
BRD-K52911425-001-09-8,GJA1,21,-0.53037885825716,0.0133845228882188,PRISM_secondary_AUC,GDC-0941,PI3K inhibitor,0.198971688275002
BRD-K53414658-001-08-2,BAALC,22,0.656474440110936,0.000905764101989856,PRISM_secondary_AUC,tivozanib,VEGFR inhibitor,0.195863661052913
BRD-K53414658-001-08-2,TBX3,22,0.748164878599661,6.23099422816803e-05,PRISM_secondary_AUC,tivozanib,VEGFR inhibitor,0.045436119043917
BRD-K53417444-003-03-1,CAV1,22,-0.569330720246042,0.00568255755438502,PRISM_secondary_AUC,OTS167,maternal embryonic leucine zipper kinase inhibitor,0.163709626009359
BRD-K53417444-003-03-1,CEBPA,22,0.518915866741954,0.0133391571769702,PRISM_secondary_AUC,OTS167,maternal embryonic leucine zipper kinase inhibitor,0.188158466322418
BRD-K53417444-003-03-1,DKK3,22,-0.564088085827216,0.00624824203930299,PRISM_secondary_AUC,OTS167,maternal embryonic leucine zipper kinase inhibitor,0.224742059993937
BRD-K53417444-003-03-1,DNAJB4,22,-0.588932806324111,0.00392971925419447,PRISM_secondary_AUC,OTS167,maternal embryonic leucine zipper kinase inhibitor,0.128534546658683
BRD-K53417444-003-03-1,FHL1,22,-0.509039629263569,0.01554109856737,PRISM_secondary_AUC,OTS167,maternal embryonic leucine zipper kinase inhibitor,0.203447108518298
BRD-K53417444-003-03-1,GJA1,22,-0.491386633545691,0.0202063415696493,PRISM_secondary_AUC,OTS167,maternal embryonic leucine zipper kinase inhibitor,0.220682857702604
BRD-K53417444-003-03-1,GJB1,22,0.594271482555243,0.00353992746880755,PRISM_secondary_AUC,OTS167,maternal embryonic leucine zipper kinase inhibitor,0.164435340486544
BRD-K53417444-003-03-1,POSTN,22,-0.586405654593899,0.00412638809065682,PRISM_secondary_AUC,OTS167,maternal embryonic leucine zipper kinase inhibitor,0.215018440675219
BRD-K53581288-001-02-9,CACNA1H,22,0.634284125829668,0.00152281329499811,PRISM_secondary_AUC,baricitinib,JAK inhibitor,0.184753912185442
BRD-K53581288-001-02-9,DNAJB4,22,-0.503105590062112,0.0170000127190616,PRISM_secondary_AUC,baricitinib,JAK inhibitor,0.242376418964838
BRD-K53581288-001-02-9,ETS1,22,-0.568605307735743,0.00575819339992729,PRISM_secondary_AUC,baricitinib,JAK inhibitor,0.191537608567954
BRD-K53581288-001-02-9,MMP14,22,-0.652922929171056,0.000987005107338661,PRISM_secondary_AUC,baricitinib,JAK inhibitor,0.142128735456767
BRD-K53581288-001-02-9,PBX1,22,0.526821005081875,0.0117659587270728,PRISM_secondary_AUC,baricitinib,JAK inhibitor,0.206621714231523
BRD-K53734668-003-02-0,AR,22,0.608454609537965,0.00265840409677189,PRISM_secondary_AUC,PRT062607,syk inhibitor,0.217165624670238
BRD-K53734668-003-02-0,CAV1,22,-0.605478702483886,0.00282613473857464,PRISM_secondary_AUC,PRT062607,syk inhibitor,0.131278516888628
BRD-K53734668-003-02-0,RARA,22,0.560700169395822,0.00663805832543922,PRISM_secondary_AUC,PRT062607,syk inhibitor,0.167698315590044
BRD-K53734668-003-02-0,TBX3,22,0.670242800677583,0.000642394257346254,PRISM_secondary_AUC,PRT062607,syk inhibitor,0.0770873108815505
BRD-K53972329-001-07-0,TBX21,21,0.631865972657825,0.00212128925090552,PRISM_secondary_AUC,ruxolitinib,JAK inhibitor,0.242710490646619
BRD-K54094468-003-11-1,ETS1,17,0.606363027330305,0.00986688856733631,PRISM_secondary_AUC,remoxipride,dopamine receptor antagonist,0.222879423118307
BRD-K54094468-003-11-1,PTHLH,17,0.635814753091153,0.00608195338613838,PRISM_secondary_AUC,remoxipride,dopamine receptor antagonist,0.159280036083197
BRD-K54095730-001-03-1,CDX1,22,-0.631526717007111,0.00161991365722312,PRISM_secondary_AUC,CMPD-1,p38 MAPK inhibitor,0.2120614242183
BRD-K54095730-001-03-1,GJA1,22,-0.541654921345193,0.00922301898839013,PRISM_secondary_AUC,CMPD-1,p38 MAPK inhibitor,0.179639479604323
BRD-K54095730-001-03-1,MYCN,22,0.619949360919482,0.00208693949548587,PRISM_secondary_AUC,CMPD-1,p38 MAPK inhibitor,0.155879633386404
BRD-K54095730-001-03-1,POSTN,22,-0.728616108026815,0.000120294259650425,PRISM_secondary_AUC,CMPD-1,p38 MAPK inhibitor,0.043305933474153
BRD-K54095730-001-03-1,PTN,22,-0.577668947398759,0.0048708374232428,PRISM_secondary_AUC,CMPD-1,p38 MAPK inhibitor,0.118881455753722
BRD-K54256913-001-08-7,ANPEP,22,-0.641243040193286,0.00129944321219627,PRISM_secondary_AUC,MK-1775,WEE1 kinase inhibitor,0.207910913951404
BRD-K54256913-001-08-7,CACNA1H,22,0.621293444712943,0.00202747562385417,PRISM_secondary_AUC,MK-1775,WEE1 kinase inhibitor,0.184753912185442
BRD-K54256913-001-08-7,CAV1,22,-0.646145182501461,0.00115937214205764,PRISM_secondary_AUC,MK-1775,WEE1 kinase inhibitor,0.108471643795376
BRD-K54256913-001-08-7,CD44,22,-0.649915302089215,0.00106058442237273,PRISM_secondary_AUC,MK-1775,WEE1 kinase inhibitor,0.0593010292159956
BRD-K54256913-001-08-7,CEBPA,22,0.533596837944664,0.0105413422091625,PRISM_secondary_AUC,MK-1775,WEE1 kinase inhibitor,0.166808052540593
BRD-K54256913-001-08-7,CYFIP2,22,0.767363071710898,3.07704149074318e-05,PRISM_secondary_AUC,MK-1775,WEE1 kinase inhibitor,0.0443093974667019
BRD-K54256913-001-08-7,DBI,22,0.660079051383399,0.00082921239684623,PRISM_secondary_AUC,MK-1775,WEE1 kinase inhibitor,0.0944393459040236
BRD-K54256913-001-08-7,DKK3,22,-0.656691134952005,0.000900997659753756,PRISM_secondary_AUC,MK-1775,WEE1 kinase inhibitor,0.137051264989002
BRD-K54256913-001-08-7,DNAJB4,22,-0.699604743083004,0.0002902818250955,PRISM_secondary_AUC,MK-1775,WEE1 kinase inhibitor,0.0589293550962454
BRD-K54256913-001-08-7,ESR1,22,0.615819307322187,0.00227895882224822,PRISM_secondary_AUC,MK-1775,WEE1 kinase inhibitor,0.115787037379657
BRD-K54256913-001-08-7,ETS1,22,-0.603613777526821,0.0029357159706803,PRISM_secondary_AUC,MK-1775,WEE1 kinase inhibitor,0.150979678492129
BRD-K54256913-001-08-7,FHL1,22,-0.764971873499303,3.37160130974714e-05,PRISM_secondary_AUC,MK-1775,WEE1 kinase inhibitor,0.00809184314339312
BRD-K54256913-001-08-7,FST,22,-0.702458573949786,0.000267395783412215,PRISM_secondary_AUC,MK-1775,WEE1 kinase inhibitor,0.0668073214817564
BRD-K54256913-001-08-7,GJA1,22,-0.513979122444344,0.0144056564936138,PRISM_secondary_AUC,MK-1775,WEE1 kinase inhibitor,0.201774401344518
BRD-K54256913-001-08-7,GJB1,22,0.532853951343792,0.0106702774163469,PRISM_secondary_AUC,MK-1775,WEE1 kinase inhibitor,0.225958815875582
BRD-K54256913-001-08-7,IL15,22,-0.571993224167137,0.00541198689757653,PRISM_secondary_AUC,MK-1775,WEE1 kinase inhibitor,0.215932831470013
BRD-K54256913-001-08-7,LOX,22,-0.675889328063241,0.000555137220115531,PRISM_secondary_AUC,MK-1775,WEE1 kinase inhibitor,0.133232932827728
BRD-K54256913-001-08-7,MET,22,-0.692828910220215,0.000351489331183093,PRISM_secondary_AUC,MK-1775,WEE1 kinase inhibitor,0.168714878967884
BRD-K54256913-001-08-7,MMP14,22,-0.66930248362258,0.000658009284432487,PRISM_secondary_AUC,MK-1775,WEE1 kinase inhibitor,0.118441671197848
BRD-K54256913-001-08-7,PBX1,22,0.600225861095426,0.00314393035358602,PRISM_secondary_AUC,MK-1775,WEE1 kinase inhibitor,0.142888339290418
BRD-K54256913-001-08-7,PLAGL1,22,-0.62016382026801,0.00207735397406942,PRISM_secondary_AUC,MK-1775,WEE1 kinase inhibitor,0.182466034216484
BRD-K54256913-001-08-7,PTHLH,22,-0.550536420101638,0.00793021299274859,PRISM_secondary_AUC,MK-1775,WEE1 kinase inhibitor,0.178429792336843
BRD-K54256913-001-08-7,PTN,22,-0.513042588219702,0.0146155902948743,PRISM_secondary_AUC,MK-1775,WEE1 kinase inhibitor,0.204334466258437
BRD-K54256913-001-08-7,RARA,22,0.565217391304348,0.00612260200151767,PRISM_secondary_AUC,MK-1775,WEE1 kinase inhibitor,0.16634994117331
BRD-K54256913-001-08-7,S100A2,22,-0.629587803500847,0.00169129015260225,PRISM_secondary_AUC,MK-1775,WEE1 kinase inhibitor,0.16057625067005
BRD-K54256913-001-08-7,SLC1A3,22,-0.579898362507058,0.00467099518190126,PRISM_secondary_AUC,MK-1775,WEE1 kinase inhibitor,0.154390604014149
BRD-K54256913-001-08-7,TGFBI,22,-0.660079051383399,0.00082921239684623,PRISM_secondary_AUC,MK-1775,WEE1 kinase inhibitor,0.149258231432321
BRD-K54256913-001-08-7,XBP1,22,0.65330321852061,0.000978019278855119,PRISM_secondary_AUC,MK-1775,WEE1 kinase inhibitor,0.0938898507700914
BRD-K54256913-001-08-7,ZEB2,22,-0.622349169254682,0.00198177889061786,PRISM_secondary_AUC,MK-1775,WEE1 kinase inhibitor,0.138790924873085
BRD-K54314721-001-10-2,CEBPA,19,0.503647217037672,0.0279159669816286,PRISM_secondary_AUC,zolmitriptan,serotonin receptor agonist,0.248141928725588
BRD-K54314721-001-10-2,FHL1,19,-0.558737634977821,0.0128940347258216,PRISM_secondary_AUC,zolmitriptan,serotonin receptor agonist,0.185674100051831
BRD-K54314721-001-10-2,VDR,19,0.738500539537892,0.000305142620679959,PRISM_secondary_AUC,zolmitriptan,serotonin receptor agonist,0.14646845792638
BRD-K54606188-001-13-1,ASPN,19,-0.805276664098173,3.18696200471273e-05,PRISM_secondary_AUC,JQ1-(+),bromodomain inhibitor,0.0458922528678632
BRD-K54634444-001-05-9,POSTN,20,-0.58594187772271,0.0066309132551328,PRISM_secondary_AUC,artesunate,DNA synthesis inhibitor,0.215018440675219
BRD-K54838207-001-03-8,IER3,21,-0.553529523817466,0.00923763128960636,PRISM_secondary_AUC,fudosteine,mucolytic agent,0.193849049154167
BRD-K54838207-001-03-8,NR4A1,21,0.639270433866509,0.00180847994799485,PRISM_secondary_AUC,fudosteine,mucolytic agent,0.209534569753285
BRD-K54838207-001-03-8,PTN,21,-0.509390568788344,0.0183419318981858,PRISM_secondary_AUC,fudosteine,mucolytic agent,0.226664702183154
BRD-K54955827-001-02-2,IER3,22,-0.569734613212874,0.00564080428566255,PRISM_secondary_AUC,niraparib,PARP inhibitor,0.163233513377931
BRD-K54955827-001-02-2,PTN,22,-0.487532183280601,0.0213612494299286,PRISM_secondary_AUC,niraparib,PARP inhibitor,0.236616916762286
BRD-K55187425-236-05-2,ANPEP,22,-0.641644707256859,0.00128744975399466,PRISM_secondary_AUC,rigosertib,"cell cycle inhibitor, PLK inhibitor",0.207910913951404
BRD-K55187425-236-05-2,DKK3,22,-0.565121177812204,0.0061332238087621,PRISM_secondary_AUC,rigosertib,"cell cycle inhibitor, PLK inhibitor",0.224742059993937
BRD-K55187425-236-05-2,DNAJB4,22,-0.655721767441415,0.000922487481575605,PRISM_secondary_AUC,rigosertib,"cell cycle inhibitor, PLK inhibitor",0.0699148407088879
BRD-K55187425-236-05-2,ESR1,22,0.607366998833866,0.00271870567598015,PRISM_secondary_AUC,rigosertib,"cell cycle inhibitor, PLK inhibitor",0.122341755419107
BRD-K55187425-236-05-2,ETS1,22,-0.609855218941627,0.00258241052609026,PRISM_secondary_AUC,rigosertib,"cell cycle inhibitor, PLK inhibitor",0.13772856139148
BRD-K55187425-236-05-2,FHL1,22,-0.690653331696346,0.000373361373896489,PRISM_secondary_AUC,rigosertib,"cell cycle inhibitor, PLK inhibitor",0.0292334858566522
BRD-K55187425-236-05-2,FOSL1,22,-0.566130414453416,0.00602256327101884,PRISM_secondary_AUC,rigosertib,"cell cycle inhibitor, PLK inhibitor",0.22503072507118
BRD-K55187425-236-05-2,LOX,22,-0.567386192552935,0.00588718879562478,PRISM_secondary_AUC,rigosertib,"cell cycle inhibitor, PLK inhibitor",0.212921750862405
BRD-K55187425-236-05-2,PLAGL1,22,-0.645428321430383,0.00117901532635772,PRISM_secondary_AUC,rigosertib,"cell cycle inhibitor, PLK inhibitor",0.182466034216484
BRD-K55187425-236-05-2,PTHLH,22,-0.543603537775267,0.00892548635433579,PRISM_secondary_AUC,rigosertib,"cell cycle inhibitor, PLK inhibitor",0.194737884094599
BRD-K55187425-236-05-2,ZEB2,22,-0.647943497067251,0.00111131672635319,PRISM_secondary_AUC,rigosertib,"cell cycle inhibitor, PLK inhibitor",0.106260261552127
BRD-K55305701-001-01-2,DNAJB4,17,-0.665244608938025,0.00356572724981425,PRISM_secondary_AUC,SC-144,P glycoprotein inhibitor,0.128366180993313
BRD-K55305701-001-01-2,PBX1,17,0.577528843169925,0.0151921636080581,PRISM_secondary_AUC,SC-144,P glycoprotein inhibitor,0.235233501027996
BRD-K55675242-001-03-0,RARA,22,0.555053642010164,0.00733242849072544,PRISM_secondary_AUC,torcetrapib,cholesteryl ester transfer protein inhibitor,0.175978283777411
BRD-K55696337-003-24-4,DCBLD2,22,-0.591191417278374,0.00376064454882123,PRISM_secondary_AUC,topotecan,topoisomerase inhibitor,0.246151279559208
BRD-K55696337-003-24-4,DNAJB4,22,-0.507622811970638,0.0158798418459703,PRISM_secondary_AUC,topotecan,topoisomerase inhibitor,0.237832384076735
BRD-K55696337-003-24-4,ETV1,22,-0.600225861095426,0.00314393035358602,PRISM_secondary_AUC,topotecan,topoisomerase inhibitor,0.167676285524588
BRD-K55696337-003-24-4,FHL1,22,-0.550282573698908,0.00796496434954901,PRISM_secondary_AUC,topotecan,topoisomerase inhibitor,0.147045495683982
BRD-K55696337-003-24-4,GJA1,22,-0.558034475796716,0.00695874891124623,PRISM_secondary_AUC,topotecan,topoisomerase inhibitor,0.160615743082015
BRD-K55696337-003-24-4,IER3,22,-0.494071146245059,0.0194320643083271,PRISM_secondary_AUC,topotecan,topoisomerase inhibitor,0.248537480043452
BRD-K55696337-003-24-4,PTHLH,22,-0.532467532467532,0.0107378533434307,PRISM_secondary_AUC,topotecan,topoisomerase inhibitor,0.214757066868614
BRD-K55696337-003-24-4,PTN,22,-0.649664979115778,0.00106691354298156,PRISM_secondary_AUC,topotecan,topoisomerase inhibitor,0.046787522253416
BRD-K55696337-003-24-4,S100A10,22,-0.551665725578769,0.00777712482461112,PRISM_secondary_AUC,topotecan,topoisomerase inhibitor,0.249459562790091
BRD-K55696337-003-24-4,ZEB2,22,-0.577653183462755,0.00487227544927541,PRISM_secondary_AUC,topotecan,topoisomerase inhibitor,0.214870748808551
BRD-K55966568-001-05-4,CAV1,19,0.684626812268626,0.0012219676625265,PRISM_secondary_AUC,orantinib,"FGFR inhibitor, PDGFR tyrosine kinase receptor inhibitor, VEGFR inhibitor",0.108471643795376
BRD-K55966568-001-05-4,FOXF2,19,0.593580272046426,0.00737835141389788,PRISM_secondary_AUC,orantinib,"FGFR inhibitor, PDGFR tyrosine kinase receptor inhibitor, VEGFR inhibitor",0.230804960427368
BRD-K55966568-001-05-4,GJB1,19,-0.677586275070481,0.00143475747006805,PRISM_secondary_AUC,orantinib,"FGFR inhibitor, PDGFR tyrosine kinase receptor inhibitor, VEGFR inhibitor",0.104817214801887
BRD-K55966568-001-05-4,MYCN,19,-0.696252740019302,0.000928503468065536,PRISM_secondary_AUC,orantinib,"FGFR inhibitor, PDGFR tyrosine kinase receptor inhibitor, VEGFR inhibitor",0.148715704717394
BRD-K55966568-001-05-4,XBP1,19,-0.634661441458356,0.00351153184786015,PRISM_secondary_AUC,orantinib,"FGFR inhibitor, PDGFR tyrosine kinase receptor inhibitor, VEGFR inhibitor",0.148723701791724
BRD-K56032964-001-02-1,CEBPA,21,0.573361201577962,0.00658269621879049,PRISM_secondary_AUC,AP26113,ALK tyrosine kinase receptor inhibitor,0.152888428307392
BRD-K56032964-001-02-1,COL18A1,21,-0.708022122434553,0.000329298281422128,PRISM_secondary_AUC,AP26113,ALK tyrosine kinase receptor inhibitor,0.180725867093232
BRD-K56032964-001-02-1,DBI,21,0.597640813323046,0.00422172342211645,PRISM_secondary_AUC,AP26113,ALK tyrosine kinase receptor inhibitor,0.184220658419627
BRD-K56032964-001-02-1,FHL1,21,-0.511371128094533,0.0178190166542754,PRISM_secondary_AUC,AP26113,ALK tyrosine kinase receptor inhibitor,0.217452406628445
BRD-K56032964-001-02-1,IGFBP5,21,0.562650430673869,0.00792472912437244,PRISM_secondary_AUC,AP26113,ALK tyrosine kinase receptor inhibitor,0.223911896265843
BRD-K56032964-001-02-1,MMP14,21,-0.608303139481769,0.00343517931676685,PRISM_secondary_AUC,AP26113,ALK tyrosine kinase receptor inhibitor,0.183209563560898
BRD-K56032964-001-02-1,PBX1,21,0.646753246753247,0.00153276878901872,PRISM_secondary_AUC,AP26113,ALK tyrosine kinase receptor inhibitor,0.107691189691704
BRD-K56032964-001-02-1,RARA,21,0.575275876441934,0.00636381005519926,PRISM_secondary_AUC,AP26113,ALK tyrosine kinase receptor inhibitor,0.166616117808853
BRD-K56277358-001-07-5,PTN,22,0.503405324131598,0.0169237595387092,PRISM_secondary_AUC,MGCD-265,VEGFR inhibitor,0.221182500472768
BRD-K56301217-001-07-4,DKK3,21,-0.684373689543056,0.00062194098679385,PRISM_secondary_AUC,ABT-737,BCL inhibitor,0.132057863381206
BRD-K56301217-001-07-4,NGF,21,-0.583612087539731,0.00547956172272597,PRISM_secondary_AUC,ABT-737,BCL inhibitor,0.246580277522668
BRD-K56301217-001-07-4,OPTN,21,-0.613618477433436,0.00309129546576457,PRISM_secondary_AUC,ABT-737,BCL inhibitor,0.202339339577317
BRD-K56301217-001-07-4,PTHLH,21,-0.581267288146888,0.00571731262115082,PRISM_secondary_AUC,ABT-737,BCL inhibitor,0.159280036083197
BRD-K56334280-001-05-1,ETV1,19,-0.729877943961067,0.000389196682588146,PRISM_secondary_AUC,amonafide,topoisomerase inhibitor,0.140110805731733
BRD-K56334280-001-05-1,FHL1,19,-0.522927370514098,0.0216013475550158,PRISM_secondary_AUC,amonafide,topoisomerase inhibitor,0.242320587852546
BRD-K56334280-001-05-1,FLI1,19,-0.682762419364067,0.00127556111048206,PRISM_secondary_AUC,amonafide,topoisomerase inhibitor,0.193742725914428
BRD-K56334280-001-05-1,GATA3,19,0.736843220552277,0.000319978251157629,PRISM_secondary_AUC,amonafide,topoisomerase inhibitor,0.0898125159594988
BRD-K56334280-001-05-1,POSTN,19,-0.607981542130376,0.00575162464480132,PRISM_secondary_AUC,amonafide,topoisomerase inhibitor,0.215018440675219
BRD-K56334280-001-05-1,SLC1A3,19,-0.606698171527095,0.00588347225922433,PRISM_secondary_AUC,amonafide,topoisomerase inhibitor,0.169548978503566
BRD-K56334280-001-05-1,ZBTB7A,19,0.756558172795867,0.000177704055070997,PRISM_secondary_AUC,amonafide,topoisomerase inhibitor,0.122298316869949
BRD-K56343971-001-10-6,NOTCH1,19,0.721067892683819,0.000494528018885508,PRISM_secondary_AUC,vemurafenib,RAF inhibitor,0.237373449065044
BRD-K56343971-001-14-8,FGL2,22,0.765282135134763,3.33204281481248e-05,PRISM_secondary_AUC,vemurafenib,RAF inhibitor,0.0239907082666499
BRD-K56405753-001-02-4,CD44,21,-0.568481531777298,0.0071687531799749,PRISM_secondary_AUC,MK-2461,"FGFR inhibitor, VEGFR inhibitor",0.127444500977332
BRD-K56405753-001-02-4,CEBPA,21,0.496506402217511,0.0220519572411126,PRISM_secondary_AUC,MK-2461,"FGFR inhibitor, VEGFR inhibitor",0.23438974369893
BRD-K56405753-001-02-4,CYFIP2,21,0.630869195353832,0.00216667748228909,PRISM_secondary_AUC,MK-2461,"FGFR inhibitor, VEGFR inhibitor",0.100970676408489
BRD-K56405753-001-02-4,IER3,21,-0.739358860279255,0.000128311643368576,PRISM_secondary_AUC,MK-2461,"FGFR inhibitor, VEGFR inhibitor",0.0408550493950611
BRD-K56405753-001-02-4,IGFBP5,21,0.565102066537372,0.00759928206872942,PRISM_secondary_AUC,MK-2461,"FGFR inhibitor, VEGFR inhibitor",0.223911896265843
BRD-K56405753-001-02-4,NT5E,21,-0.677074406595107,0.000748234934569232,PRISM_secondary_AUC,MK-2461,"FGFR inhibitor, VEGFR inhibitor",0.164924847787587
BRD-K56405753-001-02-4,PBX1,21,0.593506493506494,0.00456448861622169,PRISM_secondary_AUC,MK-2461,"FGFR inhibitor, VEGFR inhibitor",0.142888339290418
BRD-K56405753-001-02-4,RARA,21,0.5330309956665,0.0128442404370954,PRISM_secondary_AUC,MK-2461,"FGFR inhibitor, VEGFR inhibitor",0.238614966427491
BRD-K56405753-001-02-4,SLC1A3,21,-0.587166789308896,0.00513477754888233,PRISM_secondary_AUC,MK-2461,"FGFR inhibitor, VEGFR inhibitor",0.157320844050863
BRD-K56751279-300-01-4,CYFIP2,21,0.661257884918082,0.00109834148900238,PRISM_secondary_AUC,Y-39983,rho associated kinase inhibitor,0.099363811369483
BRD-K56751279-300-01-4,IER3,21,-0.517679340646133,0.0162328396301748,PRISM_secondary_AUC,Y-39983,rho associated kinase inhibitor,0.233752890674518
BRD-K56851771-001-06-8,FHL2,16,0.71579358368074,0.00181943799677498,PRISM_secondary_AUC,enzalutamide,androgen receptor antagonist,0.232962715439463
BRD-K56981171-001-01-0,AR,21,0.616837235957063,0.0028974064252965,PRISM_secondary_AUC,brigatinib,"ALK tyrosine kinase receptor inhibitor, EGFR inhibitor",0.217165624670238
BRD-K56981171-001-01-0,CACNA1H,21,0.617181746249497,0.00287727091169895,PRISM_secondary_AUC,brigatinib,"ALK tyrosine kinase receptor inhibitor, EGFR inhibitor",0.207163505642324
BRD-K56981171-001-01-0,CAV1,21,-0.572305260615747,0.00670604336754409,PRISM_secondary_AUC,brigatinib,"ALK tyrosine kinase receptor inhibitor, EGFR inhibitor",0.182201933004972
BRD-K56981171-001-01-0,CEBPA,21,0.642857142857143,0.00167152488670481,PRISM_secondary_AUC,brigatinib,"ALK tyrosine kinase receptor inhibitor, EGFR inhibitor",0.106249421495858
BRD-K56981171-001-01-0,DBI,21,0.687683859712507,0.000570955096144356,PRISM_secondary_AUC,brigatinib,"ALK tyrosine kinase receptor inhibitor, EGFR inhibitor",0.0913528153830969
BRD-K56981171-001-01-0,DKK3,21,-0.662415175440071,0.00106871823513933,PRISM_secondary_AUC,brigatinib,"ALK tyrosine kinase receptor inhibitor, EGFR inhibitor",0.137881613036713
BRD-K56981171-001-01-0,DNAJB4,21,-0.589618425172399,0.0049076188404369,PRISM_secondary_AUC,brigatinib,"ALK tyrosine kinase receptor inhibitor, EGFR inhibitor",0.141360466539534
BRD-K56981171-001-01-0,ETS1,21,-0.561162027076303,0.00812783336843355,PRISM_secondary_AUC,brigatinib,"ALK tyrosine kinase receptor inhibitor, EGFR inhibitor",0.208349370334769
BRD-K56981171-001-01-0,FHL1,21,-0.688082038911096,0.000565069461661649,PRISM_secondary_AUC,brigatinib,"ALK tyrosine kinase receptor inhibitor, EGFR inhibitor",0.0336303834508173
BRD-K56981171-001-01-0,FOSL1,21,-0.560526888636025,0.00821579383163415,PRISM_secondary_AUC,brigatinib,"ALK tyrosine kinase receptor inhibitor, EGFR inhibitor",0.237147109160517
BRD-K56981171-001-01-0,FOXF2,21,-0.632722980518955,0.00208290686831428,PRISM_secondary_AUC,brigatinib,"ALK tyrosine kinase receptor inhibitor, EGFR inhibitor",0.157862415282767
BRD-K56981171-001-01-0,GJB1,21,0.627284683895922,0.002336700975911,PRISM_secondary_AUC,brigatinib,"ALK tyrosine kinase receptor inhibitor, EGFR inhibitor",0.134593976212474
BRD-K56981171-001-01-0,GRHL1,21,0.622094729833552,0.00260262228453248,PRISM_secondary_AUC,brigatinib,"ALK tyrosine kinase receptor inhibitor, EGFR inhibitor",0.186067505980387
BRD-K56981171-001-01-0,IGFBP5,21,0.599391264490968,0.00408319461153564,PRISM_secondary_AUC,brigatinib,"ALK tyrosine kinase receptor inhibitor, EGFR inhibitor",0.167994292588895
BRD-K56981171-001-01-0,MMP14,21,-0.587147275957477,0.00513661992231236,PRISM_secondary_AUC,brigatinib,"ALK tyrosine kinase receptor inhibitor, EGFR inhibitor",0.208874284743947
BRD-K56981171-001-01-0,MYB,21,0.699704988526237,0.000414614998434312,PRISM_secondary_AUC,brigatinib,"ALK tyrosine kinase receptor inhibitor, EGFR inhibitor",0.119409119549082
BRD-K56981171-001-01-0,PBX1,21,0.745896367578469,0.000103677128795945,PRISM_secondary_AUC,brigatinib,"ALK tyrosine kinase receptor inhibitor, EGFR inhibitor",0.0412823116105464
BRD-K56981171-001-01-0,RARA,21,0.771393472943001,4.2339224244233e-05,PRISM_secondary_AUC,brigatinib,"ALK tyrosine kinase receptor inhibitor, EGFR inhibitor",0.0152421207279239
BRD-K56981171-001-01-0,XBP1,21,0.549166433424604,0.00992581795818815,PRISM_secondary_AUC,brigatinib,"ALK tyrosine kinase receptor inhibitor, EGFR inhibitor",0.244600667156878
BRD-K56981171-001-02-8,CEBPA,22,0.476784508931034,0.024863569995671,PRISM_secondary_AUC,brigatinib,"ALK tyrosine kinase receptor inhibitor, EGFR inhibitor",0.239701486934372
BRD-K57080016-001-15-9,CYFIP2,22,0.614906832298137,0.0023233343577543,PRISM_secondary_AUC,selumetinib,MEK inhibitor,0.100970676408489
BRD-K57080016-001-15-9,PBX1,22,0.588932806324111,0.00392971925419447,PRISM_secondary_AUC,selumetinib,MEK inhibitor,0.142888339290418
BRD-K57080016-001-15-9,RARA,22,0.546019198193111,0.00856765215489777,PRISM_secondary_AUC,selumetinib,MEK inhibitor,0.191056855383763
BRD-K57136142-001-02-4,GJA1,22,-0.565941846911244,0.00604311241993369,PRISM_secondary_AUC,CCT129202,Aurora kinase inhibitor,0.160615743082015
BRD-K57136142-001-02-4,POSTN,22,-0.564875785149871,0.00616038398819259,PRISM_secondary_AUC,CCT129202,Aurora kinase inhibitor,0.215018440675219
BRD-K57927309-001-01-7,GJA1,20,-0.579385526419849,0.00742400767873095,PRISM_secondary_AUC,BW-180C,opioid receptor agonist,0.16197834935413
BRD-K57927309-001-01-7,S100A10,20,-0.618756620042301,0.00363115259934869,PRISM_secondary_AUC,BW-180C,opioid receptor agonist,0.223745321961412
BRD-K58049875-001-04-7,S100A10,19,-0.606893810488758,0.00586321517011367,PRISM_secondary_AUC,thiostrepton,"FOXM1 inhibitor, protein synthesis inhibitor",0.249459562790091
BRD-K58122457-001-02-2,CEBPA,19,0.678439511333611,0.00140742947281226,PRISM_secondary_AUC,hesperadin,Aurora kinase inhibitor,0.10158835907319
BRD-K58122457-001-02-2,DKK3,19,-0.604614570624212,0.00610278505206554,PRISM_secondary_AUC,hesperadin,Aurora kinase inhibitor,0.224742059993937
BRD-K58122457-001-02-2,FHL1,19,-0.57251897042774,0.0104132630340606,PRISM_secondary_AUC,hesperadin,Aurora kinase inhibitor,0.175231684789624
BRD-K58122457-001-02-2,FST,19,-0.614324041329394,0.00513499071844929,PRISM_secondary_AUC,hesperadin,Aurora kinase inhibitor,0.248186318231838
BRD-K58122457-001-02-2,GJA1,19,-0.568123152527317,0.0111586058239056,PRISM_secondary_AUC,hesperadin,Aurora kinase inhibitor,0.193595088993061
BRD-K58122457-001-02-2,IER3,19,-0.63491633503872,0.00349426619190082,PRISM_secondary_AUC,hesperadin,Aurora kinase inhibitor,0.152477070192036
BRD-K58122457-001-02-2,LOX,19,-0.638679953799108,0.00324737142695899,PRISM_secondary_AUC,hesperadin,Aurora kinase inhibitor,0.212921750862405
BRD-K58122457-001-02-2,MMP14,19,-0.627970477458421,0.00399056680006643,PRISM_secondary_AUC,hesperadin,Aurora kinase inhibitor,0.204248406662577
BRD-K58122457-001-02-2,PTHLH,19,-0.563301394482548,0.0120249805210964,PRISM_secondary_AUC,hesperadin,Aurora kinase inhibitor,0.224048765025159
BRD-K58122457-001-02-2,PTN,19,-0.729278769755327,0.000395700976538834,PRISM_secondary_AUC,hesperadin,Aurora kinase inhibitor,0.0331807640712829
BRD-K58435339-001-03-0,CEBPA,22,0.551665725578769,0.00777712482461112,PRISM_secondary_AUC,AT13387,HSP antagonist,0.153795555486954
BRD-K58435339-001-03-0,ETV1,22,-0.607001693958216,0.00273921611682234,PRISM_secondary_AUC,AT13387,HSP antagonist,0.167676285524588
BRD-K58435339-001-03-0,FHL1,22,-0.572881447362108,0.00532414303226833,PRISM_secondary_AUC,AT13387,HSP antagonist,0.119793218226037
BRD-K58435339-001-03-0,GADD45G,22,0.617904571378145,0.00218022544667326,PRISM_secondary_AUC,AT13387,HSP antagonist,0.2415018956315
BRD-K58435339-001-03-0,GJA1,22,-0.589663960254829,0.00387430440660079,PRISM_secondary_AUC,AT13387,HSP antagonist,0.140031097880623
BRD-K58435339-001-03-0,IGFBP5,22,0.536984754376059,0.00996941990043176,PRISM_secondary_AUC,AT13387,HSP antagonist,0.24751663201072
BRD-K58435339-001-03-0,PBX1,22,0.521174477696217,0.0128731495499878,PRISM_secondary_AUC,AT13387,HSP antagonist,0.209649758399197
BRD-K58435339-001-03-0,POSTN,22,-0.593771136245803,0.00357502499931141,PRISM_secondary_AUC,AT13387,HSP antagonist,0.215018440675219
BRD-K58435339-001-03-0,PTN,22,-0.484697693842923,0.0222438872844317,PRISM_secondary_AUC,AT13387,HSP antagonist,0.242660588557436
BRD-K58435339-001-03-0,RARA,22,0.565217391304348,0.00612260200151767,PRISM_secondary_AUC,AT13387,HSP antagonist,0.16634994117331
BRD-K58435339-001-03-0,ZEB2,22,-0.566337744021761,0.00600003650277107,PRISM_secondary_AUC,AT13387,HSP antagonist,0.221539809333086
BRD-K58772419-001-07-0,ANPEP,22,-0.681356040945465,0.000480544229593896,PRISM_secondary_AUC,AZD6482,PI3K inhibitor,0.173529318282803
BRD-K58772419-001-07-0,CD44,22,-0.642010163749294,0.00127661937895546,PRISM_secondary_AUC,AZD6482,PI3K inhibitor,0.0593010292159956
BRD-K58772419-001-07-0,CEBPA,22,0.482778091473744,0.0228580634292668,PRISM_secondary_AUC,AZD6482,PI3K inhibitor,0.239701486934372
BRD-K58772419-001-07-0,CEBPD,22,-0.629587803500847,0.00169129015260225,PRISM_secondary_AUC,AZD6482,PI3K inhibitor,0.221405256340658
BRD-K58772419-001-07-0,CYFIP2,22,0.529079616036138,0.011345469832825,PRISM_secondary_AUC,AZD6482,PI3K inhibitor,0.236775022598087
BRD-K58772419-001-07-0,DKK3,22,-0.613777526821005,0.00237926187009199,PRISM_secondary_AUC,AZD6482,PI3K inhibitor,0.163149385377737
BRD-K58772419-001-07-0,DNAJB4,22,-0.604743083003953,0.00286894086331084,PRISM_secondary_AUC,AZD6482,PI3K inhibitor,0.119177005712133
BRD-K58772419-001-07-0,FAS,22,-0.575381140598532,0.00508327102822324,PRISM_secondary_AUC,AZD6482,PI3K inhibitor,0.236918570590239
BRD-K58772419-001-07-0,FHL1,22,-0.530508559243608,0.0110858499057446,PRISM_secondary_AUC,AZD6482,PI3K inhibitor,0.175424438068925
BRD-K58772419-001-07-0,POSTN,22,-0.543912491217529,0.00887904635671706,PRISM_secondary_AUC,AZD6482,PI3K inhibitor,0.218791237384611
BRD-K58772419-001-07-0,PTHLH,22,-0.516657255787691,0.0138188146481981,PRISM_secondary_AUC,AZD6482,PI3K inhibitor,0.224048765025159
BRD-K58772419-001-07-0,PTN,22,-0.511341894557096,0.0150031709549733,PRISM_secondary_AUC,AZD6482,PI3K inhibitor,0.207732326775499
BRD-K58772419-001-07-0,SLC1A3,22,-0.660079051383399,0.00082921239684623,PRISM_secondary_AUC,AZD6482,PI3K inhibitor,0.0921669084516871
BRD-K59058747-001-18-3,GJA1,17,-0.563696298354104,0.018442378158676,PRISM_secondary_AUC,acetylcysteine,mucolytic agent,0.215291663793694
BRD-K59146805-001-03-7,BAALC,19,0.758547640121917,0.000166964152115971,PRISM_secondary_AUC,AZ3146,monopolar spindle 1 kinase inhibitor,0.120214189523499
BRD-K59146805-001-03-7,TBX3,19,0.548745720143816,0.0149730341688159,PRISM_secondary_AUC,AZ3146,monopolar spindle 1 kinase inhibitor,0.203934086485308
BRD-K59369769-001-20-3,EDN1,21,-0.674651957913192,0.000794698991116755,PRISM_secondary_AUC,tozasertib,"Aurora kinase inhibitor, Bcr-Abl kinase inhibitor, FLT3 inhibitor, JAK inhibitor",0.228873309441625
BRD-K59369769-001-20-3,ETV1,21,-0.589131576308352,0.00495205228934439,PRISM_secondary_AUC,tozasertib,"Aurora kinase inhibitor, Bcr-Abl kinase inhibitor, FLT3 inhibitor, JAK inhibitor",0.203523952690609
BRD-K59369769-001-20-3,GJA1,21,-0.52140125004951,0.0153517186430302,PRISM_secondary_AUC,tozasertib,"Aurora kinase inhibitor, Bcr-Abl kinase inhibitor, FLT3 inhibitor, JAK inhibitor",0.201774401344518
BRD-K59369769-001-20-3,IER3,21,-0.599391264490968,0.00408319461153564,PRISM_secondary_AUC,tozasertib,"Aurora kinase inhibitor, Bcr-Abl kinase inhibitor, FLT3 inhibitor, JAK inhibitor",0.163233513377931
BRD-K59369769-001-20-3,PTN,21,-0.571822911928146,0.00676301821963429,PRISM_secondary_AUC,tozasertib,"Aurora kinase inhibitor, Bcr-Abl kinase inhibitor, FLT3 inhibitor, JAK inhibitor",0.142801052021948
BRD-K59369769-001-22-9,ETV1,20,-0.63630955549944,0.00255956639111231,PRISM_secondary_AUC,tozasertib,"Aurora kinase inhibitor, Bcr-Abl kinase inhibitor, FLT3 inhibitor, JAK inhibitor",0.167676285524588
BRD-K59369769-001-22-9,SPP1,20,-0.710525924232051,0.000446695316443406,PRISM_secondary_AUC,tozasertib,"Aurora kinase inhibitor, Bcr-Abl kinase inhibitor, FLT3 inhibitor, JAK inhibitor",0.214413751892835
BRD-K59369769-001-22-9,VDR,20,0.7984340993621,2.44453689189942e-05,PRISM_secondary_AUC,tozasertib,"Aurora kinase inhibitor, Bcr-Abl kinase inhibitor, FLT3 inhibitor, JAK inhibitor",0.0352013312433516
BRD-K59647213-001-10-5,BAALC,19,0.719518060840224,0.000515343053193461,PRISM_secondary_AUC,levocarnitine,,0.195863661052913
BRD-K59753975-001-02-6,CEBPA,22,0.585544889892716,0.00419522478677647,PRISM_secondary_AUC,vindesine,tubulin polymerization inhibitor,0.140371673879831
BRD-K59753975-001-02-6,CYFIP2,22,0.55957086391869,0.00677238890007576,PRISM_secondary_AUC,vindesine,tubulin polymerization inhibitor,0.177313454838347
BRD-K59753975-001-02-6,DKK3,22,-0.587803500846979,0.0040166125075402,PRISM_secondary_AUC,vindesine,tubulin polymerization inhibitor,0.197119167757023
BRD-K59753975-001-02-6,ESR1,22,0.583615912352127,0.00435297887236362,PRISM_secondary_AUC,vindesine,tubulin polymerization inhibitor,0.164954988847464
BRD-K59753975-001-02-6,ETS1,22,-0.536984754376059,0.00996941990043176,PRISM_secondary_AUC,vindesine,tubulin polymerization inhibitor,0.222879423118307
BRD-K59753975-001-02-6,FHL1,22,-0.709039661182885,0.000220466854165103,PRISM_secondary_AUC,vindesine,tubulin polymerization inhibitor,0.0244209438459807
BRD-K59753975-001-02-6,FOSL1,22,-0.533747550230665,0.0105153410895667,PRISM_secondary_AUC,vindesine,tubulin polymerization inhibitor,0.237147109160517
BRD-K59753975-001-02-6,GJA1,22,-0.656311802505854,0.00090935561283001,PRISM_secondary_AUC,vindesine,tubulin polymerization inhibitor,0.112156547365757
BRD-K59753975-001-02-6,GRHL1,22,0.6386222473179,0.00138005293568726,PRISM_secondary_AUC,vindesine,tubulin polymerization inhibitor,0.160634168504866
BRD-K59753975-001-02-6,LOX,22,-0.583286278938453,0.00438042595015607,PRISM_secondary_AUC,vindesine,tubulin polymerization inhibitor,0.212921750862405
BRD-K59753975-001-02-6,MYCN,22,0.692851336816121,0.000351269739518522,PRISM_secondary_AUC,vindesine,tubulin polymerization inhibitor,0.110298849055463
BRD-K59753975-001-02-6,POSTN,22,-0.562042907591447,0.00648121969690257,PRISM_secondary_AUC,vindesine,tubulin polymerization inhibitor,0.215018440675219
BRD-K59753975-001-02-6,PTHLH,22,-0.705251270468662,0.000246523949436267,PRISM_secondary_AUC,vindesine,tubulin polymerization inhibitor,0.0726425607127321
BRD-K59753975-001-02-6,PTN,22,-0.688780933355733,0.000393112986397209,PRISM_secondary_AUC,vindesine,tubulin polymerization inhibitor,0.0331807640712829
BRD-K59753975-001-02-6,S100A2,22,-0.636363636363636,0.00145289144656945,PRISM_secondary_AUC,vindesine,tubulin polymerization inhibitor,0.16057625067005
BRD-K59753975-001-02-6,ZEB2,22,-0.655163943633566,0.000935050868165209,PRISM_secondary_AUC,vindesine,tubulin polymerization inhibitor,0.106260261552127
BRD-K59866480-001-07-3,CEBPA,21,0.481818181818182,0.0269872261116597,PRISM_secondary_AUC,cyclovalone,breast cancer resistance protein inhibitor,0.24294263703367
BRD-K59866480-001-07-3,FHL1,21,-0.576468018339064,0.00623058386720245,PRISM_secondary_AUC,cyclovalone,breast cancer resistance protein inhibitor,0.131941776011346
BRD-K59866480-001-07-3,PTHLH,21,-0.594521696899404,0.00447825271034341,PRISM_secondary_AUC,cyclovalone,breast cancer resistance protein inhibitor,0.15354009292606
BRD-K60184833-001-05-6,EDN1,21,-0.7029897546499,0.000378899870111933,PRISM_secondary_AUC,tyrphostin-AG-99,tyrosine kinase inhibitor,0.136403953240296
BRD-K60184833-001-05-6,IER3,21,-0.588155488506374,0.00504214254110184,PRISM_secondary_AUC,tyrphostin-AG-99,tyrosine kinase inhibitor,0.163233513377931
BRD-K60230970-001-17-5,BACE1,21,-0.688961970112367,0.000552246176726608,PRISM_secondary_AUC,MG-132,proteasome inhibitor,0.230524139158015
BRD-K60348325-065-09-9,CDX1,20,-0.810599915620061,1.46405477782102e-05,PRISM_secondary_AUC,brilliant-green,,0.0210823888006228
BRD-K60369935-001-18-3,MYCN,20,0.586014939684261,0.00662248377158986,PRISM_secondary_AUC,ribavirin,antiviral,0.245488173904519
BRD-K60369935-001-18-3,SREBF2,20,0.701205376848072,0.000571882500672108,PRISM_secondary_AUC,ribavirin,antiviral,0.154948658158848
BRD-K60369935-001-18-3,TBX3,20,0.589817728468379,0.00619571287834003,PRISM_secondary_AUC,ribavirin,antiviral,0.13632528085752
BRD-K60446698-001-01-2,RARA,21,-0.555395932547612,0.00895542439759155,PRISM_secondary_AUC,ONX-0914,proteasome inhibitor,0.195391077765634
BRD-K60585088-001-01-5,AXL,17,0.769079792407131,0.000307946928214469,PRISM_secondary_AUC,paricalcitol,vitamin D receptor agonist,0.147814525542945
BRD-K60585088-001-01-5,CAV1,17,0.670763219490856,0.00320570491590106,PRISM_secondary_AUC,paricalcitol,vitamin D receptor agonist,0.134010903814789
BRD-K60585088-001-01-5,CD44,17,0.715309736743825,0.00124631450330298,PRISM_secondary_AUC,paricalcitol,vitamin D receptor agonist,0.0593010292159956
BRD-K60585088-001-01-5,CEBPA,17,-0.558298845413507,0.0198488519359442,PRISM_secondary_AUC,paricalcitol,vitamin D receptor agonist,0.230352856084835
BRD-K60585088-001-01-5,CEBPD,17,0.727434621562769,0.000935097451981982,PRISM_secondary_AUC,paricalcitol,vitamin D receptor agonist,0.221405256340658
BRD-K60585088-001-01-5,DBI,17,-0.700248951844456,0.00174704056213446,PRISM_secondary_AUC,paricalcitol,vitamin D receptor agonist,0.121904738330139
BRD-K60585088-001-01-5,DCBLD2,17,0.828843138192253,3.92598385724344e-05,PRISM_secondary_AUC,paricalcitol,vitamin D receptor agonist,0.0282670837721528
BRD-K60585088-001-01-5,DNAJB4,17,0.645631688951044,0.00512033247029431,PRISM_secondary_AUC,paricalcitol,vitamin D receptor agonist,0.141793822254304
BRD-K60585088-001-01-5,ESR1,17,-0.641210943426819,0.00553689415622287,PRISM_secondary_AUC,paricalcitol,vitamin D receptor agonist,0.185421571743278
BRD-K60585088-001-01-5,ETS1,17,0.792481052402089,0.000148731330362916,PRISM_secondary_AUC,paricalcitol,vitamin D receptor agonist,0.0356955192870999
BRD-K60585088-001-01-5,ETV1,17,0.740747427780563,0.000670354200706819,PRISM_secondary_AUC,paricalcitol,vitamin D receptor agonist,0.160885008169636
BRD-K60585088-001-01-5,FHL1,17,0.715278596158441,0.00124721163645814,PRISM_secondary_AUC,paricalcitol,vitamin D receptor agonist,0.0492691652918609
BRD-K60585088-001-01-5,FLI1,17,0.880790429843436,3.05175514961705e-06,PRISM_secondary_AUC,paricalcitol,vitamin D receptor agonist,0.00439452741544855
BRD-K60585088-001-01-5,FOSL1,17,0.728471908552868,0.000911773686384823,PRISM_secondary_AUC,paricalcitol,vitamin D receptor agonist,0.102906601477334
BRD-K60585088-001-01-5,FOXF2,17,0.82350011709874,4.86316455020749e-05,PRISM_secondary_AUC,paricalcitol,vitamin D receptor agonist,0.023343189840996
BRD-K60585088-001-01-5,FST,17,0.772496145676637,0.000278363839507318,PRISM_secondary_AUC,paricalcitol,vitamin D receptor agonist,0.0668073214817564
BRD-K60585088-001-01-5,GATA3,17,-0.858726630564549,1.02014924818254e-05,PRISM_secondary_AUC,paricalcitol,vitamin D receptor agonist,0.0146901491738286
BRD-K60585088-001-01-5,GJB1,17,-0.634780870097355,0.0061911491657962,PRISM_secondary_AUC,paricalcitol,vitamin D receptor agonist,0.199788296956874
BRD-K60585088-001-01-5,GRHL1,17,-0.647906040999817,0.00491610202421243,PRISM_secondary_AUC,paricalcitol,vitamin D receptor agonist,0.244516492782628
BRD-K60585088-001-01-5,HDAC9,17,0.877889332055157,3.62301386894605e-06,PRISM_secondary_AUC,paricalcitol,vitamin D receptor agonist,0.00521713997128231
BRD-K60585088-001-01-5,HRH1,17,0.80244484905079,0.00010608186302583,PRISM_secondary_AUC,paricalcitol,vitamin D receptor agonist,0.0509192942523986
BRD-K60585088-001-01-5,IL15,17,0.815770734734464,6.54855179806961e-05,PRISM_secondary_AUC,paricalcitol,vitamin D receptor agonist,0.0483312693833422
BRD-K60585088-001-01-5,IL6,17,0.75151167440577,0.00050477731396246,PRISM_secondary_AUC,paricalcitol,vitamin D receptor agonist,0.242293110701981
BRD-K60585088-001-01-5,LOX,17,0.799886955495261,0.000115899465502901,PRISM_secondary_AUC,paricalcitol,vitamin D receptor agonist,0.0679300793374402
BRD-K60585088-001-01-5,MMP14,17,0.691144032781259,0.0021225656000773,PRISM_secondary_AUC,paricalcitol,vitamin D receptor agonist,0.168437626141598
BRD-K60585088-001-01-5,MSC,17,0.803036310915486,0.000103914182247423,PRISM_secondary_AUC,paricalcitol,vitamin D receptor agonist,0.14963642243629
BRD-K60585088-001-01-5,MYB,17,-0.782317792577573,0.000206206156752015,PRISM_secondary_AUC,paricalcitol,vitamin D receptor agonist,0.098978955240967
BRD-K60585088-001-01-5,NGF,17,0.723174177530764,0.00103613247700456,PRISM_secondary_AUC,paricalcitol,vitamin D receptor agonist,0.135639160626051
BRD-K60585088-001-01-5,NT5E,17,0.692424021100789,0.00206610234430777,PRISM_secondary_AUC,paricalcitol,vitamin D receptor agonist,0.247932281316932
BRD-K60585088-001-01-5,NTF3,17,0.815623255585521,6.58496227477945e-05,PRISM_secondary_AUC,paricalcitol,vitamin D receptor agonist,0.0948234567568241
BRD-K60585088-001-01-5,PBX1,17,-0.630723923551504,0.00663497081785442,PRISM_secondary_AUC,paricalcitol,vitamin D receptor agonist,0.169608664979172
BRD-K60585088-001-01-5,PDGFRB,17,0.778053115172169,0.000235327136527283,PRISM_secondary_AUC,paricalcitol,vitamin D receptor agonist,0.136324019839124
BRD-K60585088-001-01-5,PLAU,17,0.799164575756226,0.000118806383261684,PRISM_secondary_AUC,paricalcitol,vitamin D receptor agonist,0.0855405959484126
BRD-K60585088-001-01-5,PTHLH,17,0.576741288540188,0.0153641496100684,PRISM_secondary_AUC,paricalcitol,vitamin D receptor agonist,0.237896510091382
BRD-K60585088-001-01-5,S100A2,17,0.785851847962257,0.000184419340282678,PRISM_secondary_AUC,paricalcitol,vitamin D receptor agonist,0.117673785017985
BRD-K60585088-001-01-5,SERPINE1,17,0.806215499959508,9.28898912714691e-05,PRISM_secondary_AUC,paricalcitol,vitamin D receptor agonist,0.0445871478103052
BRD-K60585088-001-01-5,SLC1A3,17,0.714732527638901,0.00126303008528397,PRISM_secondary_AUC,paricalcitol,vitamin D receptor agonist,0.0921669084516871
BRD-K60585088-001-01-5,SNAI2,17,0.777797144165365,0.000237179080890652,PRISM_secondary_AUC,paricalcitol,vitamin D receptor agonist,0.167596374539226
BRD-K60585088-001-01-5,TGFB2,17,0.694386362441066,0.00198193176687245,PRISM_secondary_AUC,paricalcitol,vitamin D receptor agonist,0.15020956548928
BRD-K60585088-001-01-5,TGFBI,17,0.722240691891145,0.00105943154530002,PRISM_secondary_AUC,paricalcitol,vitamin D receptor agonist,0.157898086192656
BRD-K60585088-001-01-5,TGFBR2,17,0.727694238605155,0.000929214114322614,PRISM_secondary_AUC,paricalcitol,vitamin D receptor agonist,0.165003483608281
BRD-K60585088-001-01-5,TLR3,17,0.765359619822361,0.000343100660057436,PRISM_secondary_AUC,paricalcitol,vitamin D receptor agonist,0.231582861207126
BRD-K60585088-001-01-5,XBP1,17,-0.611237865418067,0.00913639722925526,PRISM_secondary_AUC,paricalcitol,vitamin D receptor agonist,0.239207491093229
BRD-K60585088-001-01-5,ZEB2,17,0.718296531620198,0.00116270374745361,PRISM_secondary_AUC,paricalcitol,vitamin D receptor agonist,0.106260261552127
BRD-K60997853-001-02-3,IGFBP5,22,0.643139469226426,0.00124364018003649,PRISM_secondary_AUC,PHA-848125,"CDK inhibitor, growth factor receptor inhibitor",0.112200167721526
BRD-K60997853-001-02-3,PBX1,22,0.52343308865048,0.0124205025461777,PRISM_secondary_AUC,PHA-848125,"CDK inhibitor, growth factor receptor inhibitor",0.208002078606211
BRD-K60997853-001-02-3,RARA,22,0.566346696781479,0.00599906534513705,PRISM_secondary_AUC,PHA-848125,"CDK inhibitor, growth factor receptor inhibitor",0.16634994117331
BRD-K60997853-001-02-3,TBX3,22,0.556182947487295,0.00718895334346489,PRISM_secondary_AUC,PHA-848125,"CDK inhibitor, growth factor receptor inhibitor",0.147887040208421
BRD-K61097567-001-08-5,CDX1,19,-0.75283098281136,0.000199412067742454,PRISM_secondary_AUC,SB-218795,tachykinin antagonist,0.0717883443872834
BRD-K61097567-001-08-5,CEBPA,19,0.57519871613067,0.00997896768643129,PRISM_secondary_AUC,SB-218795,tachykinin antagonist,0.165804012795143
BRD-K61097567-001-08-5,DNAJB4,19,-0.544923447058049,0.015835781603698,PRISM_secondary_AUC,SB-218795,tachykinin antagonist,0.237832384076735
BRD-K61097567-001-08-5,FHL1,19,-0.551173389639489,0.0144448674445931,PRISM_secondary_AUC,SB-218795,tachykinin antagonist,0.198101039240134
BRD-K61097567-001-08-5,IER3,19,-0.552943568777853,0.0140692247213882,PRISM_secondary_AUC,SB-218795,tachykinin antagonist,0.222633885701087
BRD-K61097567-001-08-5,PLAGL1,19,-0.663395443153252,0.00195845464301543,PRISM_secondary_AUC,SB-218795,tachykinin antagonist,0.182466034216484
BRD-K61097567-001-08-5,POSTN,19,-0.574287231419063,0.0101250143186332,PRISM_secondary_AUC,SB-218795,tachykinin antagonist,0.231428898711615
BRD-K61097567-001-08-5,PTN,19,-0.687119652233974,0.00115326343584931,PRISM_secondary_AUC,SB-218795,tachykinin antagonist,0.0488440984595001
BRD-K61097567-001-08-5,SLC1A3,19,-0.574093945939327,0.0101562050153336,PRISM_secondary_AUC,SB-218795,tachykinin antagonist,0.205985003127894
BRD-K61097567-001-08-5,TBX3,19,0.535199274047295,0.0182103040870898,PRISM_secondary_AUC,SB-218795,tachykinin antagonist,0.21823318883092
BRD-K61250484-001-02-3,ID1,15,0.779350845901899,0.00061438325935149,PRISM_secondary_AUC,FPH1-(BRD-6125),hepatocyte function enhancer,0.233218978001717
BRD-K61295575-001-03-6,TBX3,19,0.586480979855562,0.0083079555321725,PRISM_secondary_AUC,blebbistatin-(-),ATPase inhibitor,0.155159411844333
BRD-K61567297-001-01-9,IER3,21,-0.593931063487779,0.00452825749921282,PRISM_secondary_AUC,resatorvid,toll-like receptor antagonist,0.163233513377931
BRD-K61642990-001-01-0,PCSK2,17,0.754326978918321,0.000467603217831497,PRISM_secondary_AUC,FERb-033,EGFR inhibitor,0.191867427178501
BRD-K61717546-001-05-0,FHL1,17,-0.553269909386942,0.0212333540749976,PRISM_secondary_AUC,fleroxacin,topoisomerase inhibitor,0.242320587852546
BRD-K61717546-001-05-0,POSTN,17,-0.605074749125069,0.010067500347898,PRISM_secondary_AUC,fleroxacin,topoisomerase inhibitor,0.231428898711615
BRD-K61717546-001-05-0,THBS2,17,-0.752457247845218,0.000492027204529096,PRISM_secondary_AUC,fleroxacin,topoisomerase inhibitor,0.236173058173966
BRD-K61936403-001-01-7,TBX3,20,0.506904206949995,0.0225455491570923,PRISM_secondary_AUC,AS-1949490,SHIP2 phosphatase inhibitor,0.231897077044378
BRD-K62008436-001-22-1,CD44,22,-0.50197628458498,0.017289810771101,PRISM_secondary_AUC,paclitaxel,tubulin polymerization inhibitor,0.202417296832402
BRD-K62008436-001-23-9,CACNA1H,20,0.660396803770059,0.00152862092656966,PRISM_secondary_AUC,paclitaxel,tubulin polymerization inhibitor,0.184753912185442
BRD-K62008436-001-23-9,CAV1,20,-0.571350690026793,0.00850009484416839,PRISM_secondary_AUC,paclitaxel,tubulin polymerization inhibitor,0.211036837510388
BRD-K62008436-001-23-9,CEBPA,20,0.685696639370101,0.000845981329993199,PRISM_secondary_AUC,paclitaxel,tubulin polymerization inhibitor,0.0937087011684775
BRD-K62008436-001-23-9,CYFIP2,20,0.568527743654493,0.00890707309653577,PRISM_secondary_AUC,paclitaxel,tubulin polymerization inhibitor,0.213769754316858
BRD-K62008436-001-23-9,DBI,20,0.686597063809135,0.000827489709266073,PRISM_secondary_AUC,paclitaxel,tubulin polymerization inhibitor,0.0944393459040236
BRD-K62008436-001-23-9,DNAJB4,20,-0.534285149782973,0.015234556406697,PRISM_secondary_AUC,paclitaxel,tubulin polymerization inhibitor,0.237832384076735
BRD-K62008436-001-23-9,ESR1,20,0.624618704737126,0.00323826514264084,PRISM_secondary_AUC,paclitaxel,tubulin polymerization inhibitor,0.141306115315237
BRD-K62008436-001-23-9,ETS1,20,-0.581584217657184,0.00714983230227911,PRISM_secondary_AUC,paclitaxel,tubulin polymerization inhibitor,0.199760941739037
BRD-K62008436-001-23-9,FHL1,20,-0.770640414496399,7.00484302643571e-05,PRISM_secondary_AUC,paclitaxel,tubulin polymerization inhibitor,0.0100869739580674
BRD-K62008436-001-23-9,FOSL1,20,-0.58790793504368,0.00640712481105442,PRISM_secondary_AUC,paclitaxel,tubulin polymerization inhibitor,0.22503072507118
BRD-K62008436-001-23-9,GJA1,20,-0.640122276414159,0.00236574194169103,PRISM_secondary_AUC,paclitaxel,tubulin polymerization inhibitor,0.129768789699103
BRD-K62008436-001-23-9,GJB1,20,0.729564363302134,0.000261657753635524,PRISM_secondary_AUC,paclitaxel,tubulin polymerization inhibitor,0.104817214801887
BRD-K62008436-001-23-9,GRHL1,20,0.73376683812688,0.000231154781065216,PRISM_secondary_AUC,paclitaxel,tubulin polymerization inhibitor,0.0495872439660548
BRD-K62008436-001-23-9,MTA1,20,0.769042520972325,7.40925321710144e-05,PRISM_secondary_AUC,paclitaxel,tubulin polymerization inhibitor,0.0355644154420869
BRD-K62008436-001-23-9,MYB,20,0.621155572082532,0.0034658475300704,PRISM_secondary_AUC,paclitaxel,tubulin polymerization inhibitor,0.207950851804224
BRD-K62008436-001-23-9,MYCN,20,0.762353739596015,9.32801837411979e-05,PRISM_secondary_AUC,paclitaxel,tubulin polymerization inhibitor,0.100572937069818
BRD-K62008436-001-23-9,PBX1,20,0.573036816957324,0.00826433468137478,PRISM_secondary_AUC,paclitaxel,tubulin polymerization inhibitor,0.173756152008238
BRD-K62008436-001-23-9,POSTN,20,-0.579705506420723,0.00738357991589687,PRISM_secondary_AUC,paclitaxel,tubulin polymerization inhibitor,0.215018440675219
BRD-K62008436-001-23-9,PTHLH,20,-0.673845335647276,0.00112384552133515,PRISM_secondary_AUC,paclitaxel,tubulin polymerization inhibitor,0.116091668607512
BRD-K62008436-001-23-9,PTN,20,-0.636866538339493,0.00253045256367862,PRISM_secondary_AUC,paclitaxel,tubulin polymerization inhibitor,0.0828148111749367
BRD-K62008436-001-23-9,S100A2,20,-0.701352349787276,0.000569699183916349,PRISM_secondary_AUC,paclitaxel,tubulin polymerization inhibitor,0.117673785017985
BRD-K62008436-001-23-9,SERPINE1,20,-0.619880948875687,0.00355288250206411,PRISM_secondary_AUC,paclitaxel,tubulin polymerization inhibitor,0.179453367770872
BRD-K62008436-001-23-9,TCF4,20,-0.709265190323516,0.000462125636973788,PRISM_secondary_AUC,paclitaxel,tubulin polymerization inhibitor,0.166365229310564
BRD-K62008436-001-23-9,XBP1,20,0.644657933346805,0.002151273144474,PRISM_secondary_AUC,paclitaxel,tubulin polymerization inhibitor,0.123866191995401
BRD-K62008436-001-23-9,ZEB2,20,-0.691232548662641,0.000737606769524329,PRISM_secondary_AUC,paclitaxel,tubulin polymerization inhibitor,0.106260261552127
BRD-K62196610-001-01-6,GJA1,22,-0.560293724686581,0.00668614823724523,PRISM_secondary_AUC,AVN-944,inosine monophosphate dehydrogenase inhibitor,0.160615743082015
BRD-K62196610-001-01-6,SREBF2,22,0.628458498023715,0.00173407728325924,PRISM_secondary_AUC,AVN-944,inosine monophosphate dehydrogenase inhibitor,0.154948658158848
BRD-K62196610-001-01-6,TBX3,22,0.612648221343874,0.00243632019621019,PRISM_secondary_AUC,AVN-944,inosine monophosphate dehydrogenase inhibitor,0.0964809662308276
BRD-K62398570-300-01-2,PTN,19,-0.72689921668759,0.000422447558469835,PRISM_secondary_AUC,lerisetron,serotonin receptor antagonist,0.0331807640712829
BRD-K62398570-300-01-2,S100A10,19,-0.583067909906423,0.00878751321699432,PRISM_secondary_AUC,lerisetron,serotonin receptor antagonist,0.249459562790091
BRD-K62607865-001-09-7,ACTA2,22,-0.761366875884588,3.86221168493795e-05,PRISM_secondary_AUC,aztreonam,bacterial cell wall synthesis inhibitor,0.0452027765310705
BRD-K62607865-001-09-7,FAS,22,-0.58102766798419,0.00457240450605799,PRISM_secondary_AUC,aztreonam,bacterial cell wall synthesis inhibitor,0.236918570590239
BRD-K62779383-001-05-5,IER3,22,-0.531338226990401,0.0109373556692055,PRISM_secondary_AUC,cholecalciferol,,0.201720652412208
BRD-K62779383-001-05-5,S100A10,22,-0.625070581592321,0.00186797934441181,PRISM_secondary_AUC,cholecalciferol,,0.168118140997063
BRD-K62814476-001-03-3,S100A10,22,-0.522303783173348,0.0126451739170131,PRISM_secondary_AUC,BMS-265246,CDK inhibitor,0.249459562790091
BRD-K63123526-001-01-2,EP300,17,0.779114037208849,0.000227779800640342,PRISM_secondary_AUC,S-methylcysteine,,0.0966179164994611
BRD-K63123526-001-01-2,MYCN,17,0.761506069952649,0.000382982114775912,PRISM_secondary_AUC,S-methylcysteine,,0.110298849055463
BRD-K63504947-001-14-7,TBX21,21,0.63033930445879,0.00219113637389309,PRISM_secondary_AUC,semaxanib,VEGFR inhibitor,0.242710490646619
BRD-K63504947-001-15-4,IER3,18,-0.55814690899925,0.0160751694835125,PRISM_secondary_AUC,semaxanib,VEGFR inhibitor,0.233752890674518
BRD-K63504947-001-15-4,PTN,18,-0.597454509194899,0.00883718631101159,PRISM_secondary_AUC,semaxanib,VEGFR inhibitor,0.161082889719705
BRD-K63784565-001-06-2,CD44,21,-0.500166154568009,0.0209421044144686,PRISM_secondary_AUC,10-hydroxycamptothecin,topoisomerase inhibitor,0.226741581630337
BRD-K63784565-001-06-2,DNAJB4,21,-0.54747340211268,0.0102038890837718,PRISM_secondary_AUC,10-hydroxycamptothecin,topoisomerase inhibitor,0.193336845797781
BRD-K63784565-001-06-2,GJA1,21,-0.562978977204409,0.00788046284027953,PRISM_secondary_AUC,10-hydroxycamptothecin,topoisomerase inhibitor,0.166507763993298
BRD-K63784565-001-06-2,IER3,21,-0.511272418113384,0.0178447914700353,PRISM_secondary_AUC,10-hydroxycamptothecin,topoisomerase inhibitor,0.244728568731912
BRD-K63784565-001-06-2,PTHLH,21,-0.575801036478293,0.00630483476162653,PRISM_secondary_AUC,10-hydroxycamptothecin,topoisomerase inhibitor,0.159280036083197
BRD-K63784565-001-06-2,PTN,21,-0.536373277521705,0.0121887126948168,PRISM_secondary_AUC,10-hydroxycamptothecin,topoisomerase inhibitor,0.190779850875394
BRD-K63923597-001-10-0,FAS,21,-0.666846805523496,0.000961459200189841,PRISM_secondary_AUC,barasertib-HQPA,Aurora kinase inhibitor,0.21313064089374
BRD-K63923597-001-10-0,GJA1,21,-0.628806140463277,0.00226321496764952,PRISM_secondary_AUC,barasertib-HQPA,Aurora kinase inhibitor,0.129768789699103
BRD-K63923597-001-10-0,S100A10,21,-0.531878564317414,0.0130767918210723,PRISM_secondary_AUC,barasertib-HQPA,Aurora kinase inhibitor,0.249459562790091
BRD-K63932022-001-01-5,CEBPA,18,0.542563183309357,0.019995907646253,PRISM_secondary_AUC,2'-MeCCPA,adenosine receptor agonist,0.230352856084835
BRD-K63932022-001-01-5,GJA1,18,-0.561490643545438,0.0153193667431723,PRISM_secondary_AUC,2'-MeCCPA,adenosine receptor agonist,0.201774401344518
BRD-K63932022-001-01-5,MYCN,18,0.685391452857493,0.00169335025025933,PRISM_secondary_AUC,2'-MeCCPA,adenosine receptor agonist,0.152401522523339
BRD-K63932022-001-01-5,PTN,18,-0.711993047418777,0.000917735749668763,PRISM_secondary_AUC,2'-MeCCPA,adenosine receptor agonist,0.046787522253416
BRD-K63932022-001-01-5,SREBF2,18,0.638090497649978,0.00437942706148485,PRISM_secondary_AUC,2'-MeCCPA,adenosine receptor agonist,0.179733712564276
BRD-K63932022-001-01-5,TBX3,18,0.53068068706112,0.023461977337652,PRISM_secondary_AUC,2'-MeCCPA,adenosine receptor agonist,0.23626047109244
BRD-K63932022-001-01-5,VDR,18,0.72748768609234,0.000622571869349873,PRISM_secondary_AUC,2'-MeCCPA,adenosine receptor agonist,0.158077085450859
BRD-K64052750-001-17-5,KLF10,18,0.726570762002552,0.000637481555266002,PRISM_secondary_AUC,gefitinib,EGFR inhibitor,0.183594687916609
BRD-K64120610-001-01-4,ANPEP,22,-0.615254335480607,0.0023063494143848,PRISM_secondary_AUC,vinflunine,microtubule inhibitor,0.220275412710353
BRD-K64120610-001-01-4,CAV1,22,-0.548432668014789,0.0082220281940315,PRISM_secondary_AUC,vinflunine,microtubule inhibitor,0.211036837510388
BRD-K64120610-001-01-4,CD44,22,-0.592320722755505,0.00367841816380898,PRISM_secondary_AUC,vinflunine,microtubule inhibitor,0.0980911510349061
BRD-K64120610-001-01-4,CEBPA,22,0.478260869565217,0.0243570006981803,PRISM_secondary_AUC,vinflunine,microtubule inhibitor,0.239701486934372
BRD-K64120610-001-01-4,DKK3,22,-0.560700169395822,0.00663805832543922,PRISM_secondary_AUC,vinflunine,microtubule inhibitor,0.224742059993937
BRD-K64120610-001-01-4,DNAJB4,22,-0.585544889892716,0.00419522478677647,PRISM_secondary_AUC,vinflunine,microtubule inhibitor,0.128534546658683
BRD-K64120610-001-01-4,ESR1,22,0.697740224351285,0.000306129403921633,PRISM_secondary_AUC,vinflunine,microtubule inhibitor,0.0629751916638788
BRD-K64120610-001-01-4,ETS1,22,-0.679277244494636,0.000507826123113878,PRISM_secondary_AUC,vinflunine,microtubule inhibitor,0.0812521796982204
BRD-K64120610-001-01-4,FHL1,22,-0.683615928311785,0.000452322413874759,PRISM_secondary_AUC,vinflunine,microtubule inhibitor,0.0310163940942692
BRD-K64120610-001-01-4,FOSL1,22,-0.655746990283388,0.000921922828687217,PRISM_secondary_AUC,vinflunine,microtubule inhibitor,0.102906601477334
BRD-K64120610-001-01-4,FOXF2,22,-0.566492222673278,0.00598329759834717,PRISM_secondary_AUC,vinflunine,microtubule inhibitor,0.210145086380974
BRD-K64120610-001-01-4,FST,22,-0.575303964827741,0.00509056952415249,PRISM_secondary_AUC,vinflunine,microtubule inhibitor,0.248186318231838
BRD-K64120610-001-01-4,IL15,22,-0.60248447204969,0.00300379255244245,PRISM_secondary_AUC,vinflunine,microtubule inhibitor,0.180277617360745
BRD-K64120610-001-01-4,LOX,22,-0.614906832298137,0.0023233343577543,PRISM_secondary_AUC,vinflunine,microtubule inhibitor,0.185890235581363
BRD-K64120610-001-01-4,POSTN,22,-0.556943727986282,0.00709361332366412,PRISM_secondary_AUC,vinflunine,microtubule inhibitor,0.215018440675219
BRD-K64120610-001-01-4,PTHLH,22,-0.684923771880294,0.000436649573199914,PRISM_secondary_AUC,vinflunine,microtubule inhibitor,0.089825055058268
BRD-K64120610-001-01-4,PTN,22,-0.482430102292781,0.0229708424206919,PRISM_secondary_AUC,vinflunine,microtubule inhibitor,0.246850843923853
BRD-K64120610-001-01-4,S100A2,22,-0.661208356860531,0.000806396379838524,PRISM_secondary_AUC,vinflunine,microtubule inhibitor,0.129192050450083
BRD-K64120610-001-01-4,SERPINE1,22,-0.610734560747967,0.00253564095324981,PRISM_secondary_AUC,vinflunine,microtubule inhibitor,0.152138457194988
BRD-K64120610-001-01-4,TGFB2,22,-0.686053077357425,0.000423493930419556,PRISM_secondary_AUC,vinflunine,microtubule inhibitor,0.0762289074755202
BRD-K64120610-001-01-4,XBP1,22,0.546019198193111,0.00856765215489777,PRISM_secondary_AUC,vinflunine,microtubule inhibitor,0.23361372924776
BRD-K64120610-001-01-4,ZEB2,22,-0.656295487577665,0.000909716563420742,PRISM_secondary_AUC,vinflunine,microtubule inhibitor,0.106260261552127
BRD-K64538373-001-01-4,AR,21,0.629744186734028,0.00221888215088139,PRISM_secondary_AUC,Ro-4987655,MEK inhibitor,0.212573160875114
BRD-K64538373-001-01-4,CEBPA,21,0.584340458629454,0.00540739665425407,PRISM_secondary_AUC,Ro-4987655,MEK inhibitor,0.143456379520677
BRD-K64538373-001-01-4,CYFIP2,21,0.624791457440982,0.00246145022371243,PRISM_secondary_AUC,Ro-4987655,MEK inhibitor,0.100970676408489
BRD-K64538373-001-01-4,IGFBP5,21,0.592070061035902,0.00468885786763051,PRISM_secondary_AUC,Ro-4987655,MEK inhibitor,0.182485279172647
BRD-K64538373-001-01-4,PBX1,21,0.616883116883117,0.00289471804794218,PRISM_secondary_AUC,Ro-4987655,MEK inhibitor,0.138946466301225
BRD-K64538373-001-01-4,RARA,21,0.699525525781444,0.000416646521844009,PRISM_secondary_AUC,Ro-4987655,MEK inhibitor,0.058141281391824
BRD-K64881305-001-03-7,ESR1,22,0.560452066847348,0.0066673792431815,PRISM_secondary_AUC,ispinesib,kinesin inhibitor,0.215505549354477
BRD-K64881305-001-03-7,ETS1,22,-0.520045172219085,0.0131044652868056,PRISM_secondary_AUC,ispinesib,kinesin inhibitor,0.241928589910256
BRD-K64881305-001-03-7,FHL1,22,-0.492655445857749,0.0198373513018712,PRISM_secondary_AUC,ispinesib,kinesin inhibitor,0.234157795231833
BRD-K64881305-001-03-7,PTHLH,22,-0.540372670807454,0.00942321766721647,PRISM_secondary_AUC,ispinesib,kinesin inhibitor,0.199550491776349
BRD-K64888243-001-03-7,TBX3,21,0.549183450080637,0.00992305482604362,PRISM_secondary_AUC,AZ960,JAK inhibitor,0.166000261048893
BRD-K64890080-001-13-8,CEBPA,22,0.569734613212874,0.00564080428566255,PRISM_secondary_AUC,BI-2536,PLK inhibitor,0.143456379520677
BRD-K64890080-001-13-8,DKK3,22,-0.550536420101638,0.00793021299274859,PRISM_secondary_AUC,BI-2536,PLK inhibitor,0.228390134191159
BRD-K64890080-001-13-8,DNAJB4,22,-0.683794466403162,0.000450154795874097,PRISM_secondary_AUC,BI-2536,PLK inhibitor,0.0589293550962454
BRD-K64890080-001-13-8,ETS1,22,-0.566346696781479,0.00599906534513705,PRISM_secondary_AUC,BI-2536,PLK inhibitor,0.191970091044386
BRD-K64890080-001-13-8,FHL1,22,-0.810169620825702,4.88026573968207e-06,PRISM_secondary_AUC,BI-2536,PLK inhibitor,0.0022146734088439
BRD-K64890080-001-13-8,GJB1,22,0.581760503975133,0.00450936010131163,PRISM_secondary_AUC,BI-2536,PLK inhibitor,0.174600715865758
BRD-K64890080-001-13-8,IGFBP4,22,0.698475437605872,0.000299793612749137,PRISM_secondary_AUC,BI-2536,PLK inhibitor,0.111446204682982
BRD-K64890080-001-13-8,PBX1,22,0.582156973461321,0.00447555613426025,PRISM_secondary_AUC,BI-2536,PLK inhibitor,0.142888339290418
BRD-K64890080-001-13-8,PLAGL1,22,-0.599830580259223,0.00316901153350105,PRISM_secondary_AUC,BI-2536,PLK inhibitor,0.199080154676696
BRD-K64890080-001-13-8,PTHLH,22,-0.577639751552795,0.00487350102115696,PRISM_secondary_AUC,BI-2536,PLK inhibitor,0.155728282504639
BRD-K64890080-001-13-8,TCF4,22,-0.690570299265952,0.000374218816497912,PRISM_secondary_AUC,BI-2536,PLK inhibitor,0.166365229310564
BRD-K65377893-001-07-4,ANPEP,17,-0.648643600300158,0.00485130332128649,PRISM_secondary_AUC,7-aminocephalosporanic-acid,beta lactamase inhibitor,0.225350863956534
BRD-K65377893-001-07-4,ETV1,17,-0.649045090775848,0.00481632136419131,PRISM_secondary_AUC,7-aminocephalosporanic-acid,beta lactamase inhibitor,0.203523952690609
BRD-K65377893-001-07-4,MT1E,17,-0.740403672387331,0.000676305032237993,PRISM_secondary_AUC,7-aminocephalosporanic-acid,beta lactamase inhibitor,0.243469811605677
BRD-K65377893-001-07-4,S100A10,17,-0.640677095488453,0.005588993788583,PRISM_secondary_AUC,7-aminocephalosporanic-acid,beta lactamase inhibitor,0.249459562790091
BRD-K65928735-001-04-3,IER3,18,0.593538579043732,0.00941105685502948,PRISM_secondary_AUC,AZD1480,JAK inhibitor,0.193849049154167
BRD-K66241279-001-01-8,TBX3,16,0.573947729862636,0.0200792452022166,PRISM_secondary_AUC,cinromide,,0.221613995703615
BRD-K66527818-001-02-6,IER3,22,-0.543760587238848,0.00890185472079618,PRISM_secondary_AUC,VU0364770,glutamate receptor positive allosteric modulator,0.193774713692941
BRD-K66788707-001-14-3,CD44,20,-0.599714193587266,0.00518984041733511,PRISM_secondary_AUC,fludarabine,ribonucleotide reductase inhibitor,0.109902502955332
BRD-K66788707-001-14-3,CEBPD,20,-0.707950321766449,0.000478698821226401,PRISM_secondary_AUC,fludarabine,ribonucleotide reductase inhibitor,0.221405256340658
BRD-K66788707-001-14-3,DNAJB4,20,-0.655181660301743,0.00171548765937059,PRISM_secondary_AUC,fludarabine,ribonucleotide reductase inhibitor,0.0914926751664313
BRD-K66788707-001-14-3,ETS1,20,-0.575332425751081,0.00795196068395679,PRISM_secondary_AUC,fludarabine,ribonucleotide reductase inhibitor,0.208196788816323
BRD-K67536197-003-11-4,CD44,21,-0.605079055282275,0.00365890354045142,PRISM_secondary_AUC,cyclocytidine,"DNA synthesis inhibitor, RNA synthesis inhibitor",0.0980911510349061
BRD-K67536197-003-11-4,CEBPA,21,0.68925335934372,0.000548054848530699,PRISM_secondary_AUC,cyclocytidine,"DNA synthesis inhibitor, RNA synthesis inhibitor",0.0717453619894733
BRD-K67536197-003-11-4,DBI,21,0.692070546821074,0.000508912575215451,PRISM_secondary_AUC,cyclocytidine,"DNA synthesis inhibitor, RNA synthesis inhibitor",0.0913528153830969
BRD-K67536197-003-11-4,DCBLD2,21,-0.626218232671133,0.00238939548466085,PRISM_secondary_AUC,cyclocytidine,"DNA synthesis inhibitor, RNA synthesis inhibitor",0.20716281660071
BRD-K67536197-003-11-4,DKK3,21,-0.587109482381312,0.0051401898000613,PRISM_secondary_AUC,cyclocytidine,"DNA synthesis inhibitor, RNA synthesis inhibitor",0.21770215623789
BRD-K67536197-003-11-4,DNAJB4,21,-0.643160125048303,0.00166036777196943,PRISM_secondary_AUC,cyclocytidine,"DNA synthesis inhibitor, RNA synthesis inhibitor",0.0914926751664313
BRD-K67536197-003-11-4,ESR1,21,0.639174357934833,0.0018122746533258,PRISM_secondary_AUC,cyclocytidine,"DNA synthesis inhibitor, RNA synthesis inhibitor",0.113464152208224
BRD-K67536197-003-11-4,ETS1,21,-0.560301733212411,0.00824716257575128,PRISM_secondary_AUC,cyclocytidine,"DNA synthesis inhibitor, RNA synthesis inhibitor",0.208349370334769
BRD-K67536197-003-11-4,ETV1,21,-0.574089919040905,0.00649866874857208,PRISM_secondary_AUC,cyclocytidine,"DNA synthesis inhibitor, RNA synthesis inhibitor",0.212683704498722
BRD-K67536197-003-11-4,FAS,21,-0.584117690552536,0.00542938390935963,PRISM_secondary_AUC,cyclocytidine,"DNA synthesis inhibitor, RNA synthesis inhibitor",0.236918570590239
BRD-K67536197-003-11-4,FHL1,21,-0.705003397690684,0.000358334908849741,PRISM_secondary_AUC,cyclocytidine,"DNA synthesis inhibitor, RNA synthesis inhibitor",0.0292334858566522
BRD-K67536197-003-11-4,FOSL1,21,-0.585996403553611,0.00524625380717624,PRISM_secondary_AUC,cyclocytidine,"DNA synthesis inhibitor, RNA synthesis inhibitor",0.22503072507118
BRD-K67536197-003-11-4,FOXF2,21,-0.596758957541481,0.00429297929282355,PRISM_secondary_AUC,cyclocytidine,"DNA synthesis inhibitor, RNA synthesis inhibitor",0.19369302884378
BRD-K67536197-003-11-4,GJA1,21,-0.504674918317984,0.0196366695026292,PRISM_secondary_AUC,cyclocytidine,"DNA synthesis inhibitor, RNA synthesis inhibitor",0.217513877567585
BRD-K67536197-003-11-4,GJB1,21,0.536027052528783,0.0122553289389476,PRISM_secondary_AUC,cyclocytidine,"DNA synthesis inhibitor, RNA synthesis inhibitor",0.238946932222185
BRD-K67536197-003-11-4,GRHL1,21,0.739564479908023,0.000127466159547193,PRISM_secondary_AUC,cyclocytidine,"DNA synthesis inhibitor, RNA synthesis inhibitor",0.0495872439660548
BRD-K67536197-003-11-4,IGFBP5,21,0.693812949371264,0.00048591879465666,PRISM_secondary_AUC,cyclocytidine,"DNA synthesis inhibitor, RNA synthesis inhibitor",0.0699723064305591
BRD-K67536197-003-11-4,LOX,21,-0.636946933266682,0.00190215013275152,PRISM_secondary_AUC,cyclocytidine,"DNA synthesis inhibitor, RNA synthesis inhibitor",0.171193511947637
BRD-K67536197-003-11-4,MMP14,21,-0.650402353748812,0.0014117535502458,PRISM_secondary_AUC,cyclocytidine,"DNA synthesis inhibitor, RNA synthesis inhibitor",0.156378854796458
BRD-K67536197-003-11-4,MYB,21,0.654312091133957,0.0012911524508675,PRISM_secondary_AUC,cyclocytidine,"DNA synthesis inhibitor, RNA synthesis inhibitor",0.185925952924919
BRD-K67536197-003-11-4,NGF,21,-0.645763716153116,0.00156705376797008,PRISM_secondary_AUC,cyclocytidine,"DNA synthesis inhibitor, RNA synthesis inhibitor",0.141034839117308
BRD-K67536197-003-11-4,NR4A1,21,0.696453996050423,0.000452759810592074,PRISM_secondary_AUC,cyclocytidine,"DNA synthesis inhibitor, RNA synthesis inhibitor",0.130394825450517
BRD-K67536197-003-11-4,OPTN,21,-0.594145462064168,0.00451005253540263,PRISM_secondary_AUC,cyclocytidine,"DNA synthesis inhibitor, RNA synthesis inhibitor",0.249787525037684
BRD-K67536197-003-11-4,PBX1,21,0.641558441558442,0.00172006761313139,PRISM_secondary_AUC,cyclocytidine,"DNA synthesis inhibitor, RNA synthesis inhibitor",0.107691189691704
BRD-K67536197-003-11-4,PLAU,21,-0.63445514457863,0.00200710957894242,PRISM_secondary_AUC,cyclocytidine,"DNA synthesis inhibitor, RNA synthesis inhibitor",0.206445556691221
BRD-K67536197-003-11-4,PTHLH,21,-0.605079055282275,0.00365890354045142,PRISM_secondary_AUC,cyclocytidine,"DNA synthesis inhibitor, RNA synthesis inhibitor",0.148450299064478
BRD-K67536197-003-11-4,PTN,21,-0.60898808983693,0.00338915090979559,PRISM_secondary_AUC,cyclocytidine,"DNA synthesis inhibitor, RNA synthesis inhibitor",0.093853409809724
BRD-K67536197-003-11-4,S100A10,21,-0.53694407445377,0.0120795298919158,PRISM_secondary_AUC,cyclocytidine,"DNA synthesis inhibitor, RNA synthesis inhibitor",0.249459562790091
BRD-K67536197-003-11-4,SLC1A3,21,-0.530779164448334,0.013301813859691,PRISM_secondary_AUC,cyclocytidine,"DNA synthesis inhibitor, RNA synthesis inhibitor",0.23077845732476
BRD-K67536197-003-11-4,XBP1,21,0.614090740865329,0.00306218695232562,PRISM_secondary_AUC,cyclocytidine,"DNA synthesis inhibitor, RNA synthesis inhibitor",0.142243522946739
BRD-K67536197-003-11-4,ZEB2,21,-0.579705712076651,0.00588033151695246,PRISM_secondary_AUC,cyclocytidine,"DNA synthesis inhibitor, RNA synthesis inhibitor",0.221539809333086
BRD-K67537649-001-04-5,S100A10,21,-0.538210451987859,0.0118401327771512,PRISM_secondary_AUC,PQ-401,IGF-1 inhibitor,0.249459562790091
BRD-K67578145-001-09-7,PTN,19,-0.539192924088877,0.0172030833701042,PRISM_secondary_AUC,GDC-0879,RAF inhibitor,0.221182500472768
BRD-K67772619-001-05-1,GJB1,22,0.55446382343671,0.00740829914230773,PRISM_secondary_AUC,rheochrysidin,protein tyrosine kinase inhibitor,0.217713280916799
BRD-K67844266-003-01-9,GJA1,22,-0.606043514706353,0.00279363366713346,PRISM_secondary_AUC,pevonedistat,nedd activating enzyme inhibitor,0.129768789699103
BRD-K68095457-001-10-1,TBX3,17,0.552386819286495,0.0214840480448765,PRISM_secondary_AUC,palmitoylethanolamide,cannabinoid receptor agonist,0.225817731274614
BRD-K68164687-001-01-6,PTHLH,22,-0.575381140598532,0.00508327102822324,PRISM_secondary_AUC,epothilone-b,"microtubule stabilizing agent, tubulin polymerization inhibitor",0.155728282504639
BRD-K68346641-001-01-4,CEBPA,19,0.625318058820985,0.00419476995152968,PRISM_secondary_AUC,amsacrine,topoisomerase inhibitor,0.140371673879831
BRD-K68346641-001-01-4,DCBLD2,19,-0.712753332120219,0.000615072476094893,PRISM_secondary_AUC,amsacrine,topoisomerase inhibitor,0.147617394262774
BRD-K68346641-001-01-4,DNAJB4,19,-0.562475752495998,0.0121786104944702,PRISM_secondary_AUC,amsacrine,topoisomerase inhibitor,0.205580731798803
BRD-K68346641-001-01-4,ETV1,19,-0.702628896345437,0.000794425278860306,PRISM_secondary_AUC,amsacrine,topoisomerase inhibitor,0.16342462879412
BRD-K68346641-001-01-4,FAS,19,-0.659587567139496,0.00212328447146186,PRISM_secondary_AUC,amsacrine,topoisomerase inhibitor,0.21313064089374
BRD-K68346641-001-01-4,FHL1,19,-0.559756560943665,0.0126957669707558,PRISM_secondary_AUC,amsacrine,topoisomerase inhibitor,0.185674100051831
BRD-K68346641-001-01-4,IER3,19,-0.65569474490032,0.00230354522223558,PRISM_secondary_AUC,amsacrine,topoisomerase inhibitor,0.145007512452307
BRD-K68346641-001-01-4,PTN,19,-0.740413618954974,0.000288746385008264,PRISM_secondary_AUC,amsacrine,topoisomerase inhibitor,0.0319842149547615
BRD-K68346641-001-01-4,S100A10,19,-0.588714984954642,0.00800572545695857,PRISM_secondary_AUC,amsacrine,topoisomerase inhibitor,0.249459562790091
BRD-K68346641-001-01-4,SLC1A3,19,-0.550130303615128,0.0146699454572109,PRISM_secondary_AUC,amsacrine,topoisomerase inhibitor,0.245636296027717
BRD-K68395654-001-03-1,TBX21,22,0.619039541115772,0.00212802154210915,PRISM_secondary_AUC,EVP4593,NFkB pathway inhibitor,0.242710490646619
BRD-K68408467-065-01-8,SMAD4,15,0.837087291230726,9.92483136518844e-05,PRISM_secondary_AUC,proflavine-hemisulfate,topical anesthetic,0.142917571658714
BRD-K68408467-065-01-8,TBX3,15,0.592032246183164,0.0200623696094112,PRISM_secondary_AUC,proflavine-hemisulfate,topical anesthetic,0.221613995703615
BRD-K68408772-001-05-4,S100A10,22,-0.561829474872953,0.00650594238746237,PRISM_secondary_AUC,carboxyamidotriazole,calcium channel blocker,0.249459562790091
BRD-K68488863-001-04-9,IER3,21,-0.730389168733406,0.000170229372479421,PRISM_secondary_AUC,ENMD-2076,"Aurora kinase inhibitor, FLT3 inhibitor, VEGFR inhibitor",0.0408550493950611
BRD-K68502831-001-01-2,DNAJB4,21,-0.535232304433333,0.0124093638121288,PRISM_secondary_AUC,dianhydrogalactitol,DNA alkylating agent,0.205580731798803
BRD-K68502831-001-01-2,IER3,21,-0.626218232671133,0.00238939548466086,PRISM_secondary_AUC,dianhydrogalactitol,DNA alkylating agent,0.145007512452307
BRD-K68507560-003-24-6,PMEPA1,19,0.716255584190643,0.000561585389464568,PRISM_secondary_AUC,dicycloverine,acetylcholine receptor antagonist,0.232379260566751
BRD-K68552125-001-05-3,TBX3,18,0.559989738192507,0.0156550581567707,PRISM_secondary_AUC,12-O-tetradecanoylphorbol-13-acetate,PKC activator,0.206819116933484
BRD-K68567222-001-01-2,ID1,21,0.682780587985501,0.000647830494449214,PRISM_secondary_AUC,BVT-948,tyrosine phosphatase inhibitor,0.233218978001717
BRD-K68567222-001-01-2,S100A10,21,-0.662315450328589,0.00107124395192562,PRISM_secondary_AUC,BVT-948,tyrosine phosphatase inhibitor,0.140235571888445
BRD-K68567222-001-01-2,SREBF2,21,0.594402767876732,0.00448828453893186,PRISM_secondary_AUC,BVT-948,tyrosine phosphatase inhibitor,0.179733712564276
BRD-K68567222-001-01-2,TBX3,21,0.623733239684343,0.00251606153105462,PRISM_secondary_AUC,BVT-948,tyrosine phosphatase inhibitor,0.0964809662308276
BRD-K68747584-001-02-0,CTNNB1,20,-0.747397005057347,0.000152176153694342,PRISM_secondary_AUC,PF-03814735,Aurora kinase inhibitor,0.219133661319853
BRD-K68747584-001-02-0,IER3,20,-0.828406563609533,6.4525132988815e-06,PRISM_secondary_AUC,PF-03814735,Aurora kinase inhibitor,0.00929161915038936
BRD-K68904758-001-03-5,CACNA1H,22,0.616774946933212,0.00223325281716483,PRISM_secondary_AUC,cephalomannine,DNA polymerase inhibitor,0.184753912185442
BRD-K68938568-001-01-7,GRHL1,21,0.587599175817334,0.00509409359963809,PRISM_secondary_AUC,GDC-0152,XIAP inhibitor,0.244516492782628
BRD-K68938568-001-01-7,IL15,21,-0.602610799296626,0.00383827456910965,PRISM_secondary_AUC,GDC-0152,XIAP inhibitor,0.195165974368966
BRD-K68938568-001-01-7,LOX,21,-0.585893934798742,0.00525610837970352,PRISM_secondary_AUC,GDC-0152,XIAP inhibitor,0.212921750862405
BRD-K68938568-001-01-7,MYCN,21,0.611279079524364,0.00323892001010691,PRISM_secondary_AUC,GDC-0152,XIAP inhibitor,0.179386339021306
BRD-K68938568-001-01-7,PTHLH,21,-0.548962852574644,0.00995892380268248,PRISM_secondary_AUC,GDC-0152,XIAP inhibitor,0.204869289655182
BRD-K68938568-001-01-7,TGFB2,21,-0.603091210568072,0.0038028001406139,PRISM_secondary_AUC,GDC-0152,XIAP inhibitor,0.209985535511434
BRD-K68938568-001-01-7,ZEB2,21,-0.591638982422758,0.00472672551219755,PRISM_secondary_AUC,GDC-0152,XIAP inhibitor,0.214870748808551
BRD-K68997413-001-05-1,ME1,19,0.77626817819232,9.32776215260023e-05,PRISM_secondary_AUC,PF-3845,FAAH inhibitor,0.0671598874987216
BRD-K68997413-001-05-1,POU3F2,19,-0.835045755980513,8.66461523423702e-06,PRISM_secondary_AUC,PF-3845,FAAH inhibitor,0.0124770459373013
BRD-K69280563-001-01-8,ANPEP,22,-0.602824954965847,0.00298312939342848,PRISM_secondary_AUC,vinorelbine,tubulin polymerization inhibitor,0.225167598471809
BRD-K69280563-001-01-8,CD44,22,-0.585544889892716,0.00419522478677647,PRISM_secondary_AUC,vinorelbine,tubulin polymerization inhibitor,0.104157305051002
BRD-K69280563-001-01-8,CEBPA,22,0.486166007905138,0.0217830878924486,PRISM_secondary_AUC,vinorelbine,tubulin polymerization inhibitor,0.23438974369893
BRD-K69280563-001-01-8,DKK3,22,-0.570863918690006,0.00552541090168514,PRISM_secondary_AUC,vinorelbine,tubulin polymerization inhibitor,0.224742059993937
BRD-K69280563-001-01-8,DNAJB4,22,-0.512140033879164,0.0148202524296279,PRISM_secondary_AUC,vinorelbine,tubulin polymerization inhibitor,0.2345182802051
BRD-K69280563-001-01-8,FHL1,22,-0.592090489975827,0.00369505840396815,PRISM_secondary_AUC,vinorelbine,tubulin polymerization inhibitor,0.0943871868220896
BRD-K69280563-001-01-8,FOSL1,22,-0.523016118003805,0.0125030748776537,PRISM_secondary_AUC,vinorelbine,tubulin polymerization inhibitor,0.246635997586594
BRD-K69280563-001-01-8,POSTN,22,-0.572241266801775,0.00538733543997402,PRISM_secondary_AUC,vinorelbine,tubulin polymerization inhibitor,0.215018440675219
BRD-K69280563-001-01-8,PTHLH,22,-0.620553359683794,0.00206003814908212,PRISM_secondary_AUC,vinorelbine,tubulin polymerization inhibitor,0.11865819738713
BRD-K69280563-001-01-8,PTN,22,-0.492067366380886,0.0200076938129446,PRISM_secondary_AUC,vinorelbine,tubulin polymerization inhibitor,0.232347412021292
BRD-K69650333-003-14-0,CEBPA,19,0.620507919906977,0.00458699878022643,PRISM_secondary_AUC,idarubicin,topoisomerase inhibitor,0.140371673879831
BRD-K69650333-003-14-0,ETV1,19,-0.621271866242281,0.00452276880116523,PRISM_secondary_AUC,idarubicin,topoisomerase inhibitor,0.203523952690609
BRD-K69650333-003-14-0,FHL1,19,-0.555786656256122,0.0134823052678014,PRISM_secondary_AUC,idarubicin,topoisomerase inhibitor,0.190330379167972
BRD-K69650333-003-14-0,GRHL1,19,0.672279726561482,0.00161485580161064,PRISM_secondary_AUC,idarubicin,topoisomerase inhibitor,0.166099453879951
BRD-K69650333-003-14-0,IGFBP5,19,0.677470086904442,0.00143851286323564,PRISM_secondary_AUC,idarubicin,topoisomerase inhibitor,0.12083111831314
BRD-K69650333-003-14-0,NR4A1,19,0.715340440576979,0.000575167779459092,PRISM_secondary_AUC,idarubicin,topoisomerase inhibitor,0.138040267070182
BRD-K69650333-003-14-0,PBX1,19,0.561182873300884,0.0124223463612042,PRISM_secondary_AUC,idarubicin,topoisomerase inhibitor,0.208002078606211
BRD-K69650333-003-14-0,PTN,19,-0.6238312868776,0.00431293999789902,PRISM_secondary_AUC,idarubicin,topoisomerase inhibitor,0.108958484157449
BRD-K69694239-001-02-2,CAV1,22,-0.638802623609399,0.00137437212741011,PRISM_secondary_AUC,bardoxolone-methyl,"nuclear factor erythroid derived, like (NRF2) activator",0.108471643795376
BRD-K69694239-001-02-2,CD44,22,-0.701863354037267,0.000272036121206411,PRISM_secondary_AUC,bardoxolone-methyl,"nuclear factor erythroid derived, like (NRF2) activator",0.0356120013215665
BRD-K69694239-001-02-2,CEBPA,22,0.697346132128741,0.000309572790786061,PRISM_secondary_AUC,bardoxolone-methyl,"nuclear factor erythroid derived, like (NRF2) activator",0.0495316465257698
BRD-K69694239-001-02-2,COL18A1,22,-0.636543374719533,0.00144697797842598,PRISM_secondary_AUC,bardoxolone-methyl,"nuclear factor erythroid derived, like (NRF2) activator",0.180725867093232
BRD-K69694239-001-02-2,DKK3,22,-0.785431959345003,1.487356086272e-05,PRISM_secondary_AUC,bardoxolone-methyl,"nuclear factor erythroid derived, like (NRF2) activator",0.0214179276423168
BRD-K69694239-001-02-2,DNAJB4,22,-0.665725578769057,0.000720413010921357,PRISM_secondary_AUC,bardoxolone-methyl,"nuclear factor erythroid derived, like (NRF2) activator",0.0667023579981936
BRD-K69694239-001-02-2,ETS2,22,-0.691699604743083,0.000362700893118853,PRISM_secondary_AUC,bardoxolone-methyl,"nuclear factor erythroid derived, like (NRF2) activator",0.130572321522787
BRD-K69694239-001-02-2,FOXF2,22,-0.597680483180815,0.00330839954048647,PRISM_secondary_AUC,bardoxolone-methyl,"nuclear factor erythroid derived, like (NRF2) activator",0.176447975492612
BRD-K69694239-001-02-2,LOX,22,-0.541501976284585,0.00924671307982479,PRISM_secondary_AUC,bardoxolone-methyl,"nuclear factor erythroid derived, like (NRF2) activator",0.231375825522891
BRD-K69694239-001-02-2,MMP14,22,-0.678904291404507,0.000512858711091963,PRISM_secondary_AUC,bardoxolone-methyl,"nuclear factor erythroid derived, like (NRF2) activator",0.118441671197848
BRD-K69694239-001-02-2,NGF,22,-0.605233057363417,0.00284036882726107,PRISM_secondary_AUC,bardoxolone-methyl,"nuclear factor erythroid derived, like (NRF2) activator",0.17530360994232
BRD-K69694239-001-02-2,OPTN,22,-0.637492941840768,0.00141607468409869,PRISM_secondary_AUC,bardoxolone-methyl,"nuclear factor erythroid derived, like (NRF2) activator",0.185377049554738
BRD-K69694239-001-02-2,RARA,22,0.614906832298137,0.0023233343577543,PRISM_secondary_AUC,bardoxolone-methyl,"nuclear factor erythroid derived, like (NRF2) activator",0.107922628231167
BRD-K69694239-001-02-2,TBX3,22,0.546019198193111,0.00856765215489777,PRISM_secondary_AUC,bardoxolone-methyl,"nuclear factor erythroid derived, like (NRF2) activator",0.156169862063959
BRD-K69694239-001-02-2,UGCG,22,-0.616036137775268,0.00226851971982326,PRISM_secondary_AUC,bardoxolone-methyl,"nuclear factor erythroid derived, like (NRF2) activator",0.230153648553243
BRD-K69694239-001-02-2,XBP1,22,0.597967250141163,0.00328951680715106,PRISM_secondary_AUC,bardoxolone-methyl,"nuclear factor erythroid derived, like (NRF2) activator",0.143542551584774
BRD-K69726595-001-01-2,SREBF2,21,0.638162480849252,0.0018526496368324,PRISM_secondary_AUC,mericitabine,HCV inhibitor,0.154948658158848
BRD-K69776681-001-03-8,ANPEP,22,-0.651412533341726,0.00102339237751596,PRISM_secondary_AUC,volasertib,PLK inhibitor,0.207910913951404
BRD-K69776681-001-03-8,CAV1,22,-0.606043514706353,0.00279363366713346,PRISM_secondary_AUC,volasertib,PLK inhibitor,0.131278516888628
BRD-K69776681-001-03-8,CD44,22,-0.66798418972332,0.000680447387526027,PRISM_secondary_AUC,volasertib,PLK inhibitor,0.0466592494303561
BRD-K69776681-001-03-8,CEBPA,22,0.534726143421796,0.0103477885523017,PRISM_secondary_AUC,volasertib,PLK inhibitor,0.165804012795143
BRD-K69776681-001-03-8,DKK3,22,-0.584415584415584,0.00428699005891094,PRISM_secondary_AUC,volasertib,PLK inhibitor,0.197119167757023
BRD-K69776681-001-03-8,DNAJB4,22,-0.691699604743083,0.000362700893118853,PRISM_secondary_AUC,volasertib,PLK inhibitor,0.0589293550962454
BRD-K69776681-001-03-8,ESR1,22,0.614124391797447,0.00236196430644021,PRISM_secondary_AUC,volasertib,PLK inhibitor,0.115787037379657
BRD-K69776681-001-03-8,ETS1,22,-0.599096555618295,0.00321603220769426,PRISM_secondary_AUC,volasertib,PLK inhibitor,0.15969263376137
BRD-K69776681-001-03-8,FHL1,22,-0.752542492984544,5.33438125124643e-05,PRISM_secondary_AUC,volasertib,PLK inhibitor,0.00870940426857415
BRD-K69776681-001-03-8,FOSL1,22,-0.563117785798913,0.00635789295240766,PRISM_secondary_AUC,volasertib,PLK inhibitor,0.22503072507118
BRD-K69776681-001-03-8,GJB1,22,0.739285097915614,8.46029606350895e-05,PRISM_secondary_AUC,volasertib,PLK inhibitor,0.104817214801887
BRD-K69776681-001-03-8,HRH1,22,-0.628636003605005,0.00172729187046329,PRISM_secondary_AUC,volasertib,PLK inhibitor,0.198746571836088
BRD-K69776681-001-03-8,IGFBP4,22,0.697346132128741,0.000309572790786061,PRISM_secondary_AUC,volasertib,PLK inhibitor,0.111446204682982
BRD-K69776681-001-03-8,PBX1,22,0.551665725578769,0.00777712482461112,PRISM_secondary_AUC,volasertib,PLK inhibitor,0.169682723446061
BRD-K69776681-001-03-8,PLAGL1,22,-0.622423069157876,0.00197861302789548,PRISM_secondary_AUC,volasertib,PLK inhibitor,0.182466034216484
BRD-K69776681-001-03-8,POSTN,22,-0.564309209638186,0.00622347417202599,PRISM_secondary_AUC,volasertib,PLK inhibitor,0.215018440675219
BRD-K69776681-001-03-8,XBP1,22,0.611518915866742,0.00249452747768515,PRISM_secondary_AUC,volasertib,PLK inhibitor,0.123866191995401
BRD-K69776681-001-03-8,YBX1,22,-0.687182382834557,0.000410680357402235,PRISM_secondary_AUC,volasertib,PLK inhibitor,0.195953005073199
BRD-K69932463-001-10-6,PTHLH,21,0.537983595523151,0.0118827317914043,PRISM_secondary_AUC,AZD8055,mTOR inhibitor,0.224048765025159
BRD-K70163715-300-05-7,GJA1,20,-0.518980499530904,0.0190385780016764,PRISM_secondary_AUC,vatalanib,"KIT inhibitor, PDGFR tyrosine kinase receptor inhibitor, VEGFR inhibitor",0.216276872876313
BRD-K70177501-003-01-4,BAALC,19,0.677587298268716,0.00143472443501528,PRISM_secondary_AUC,INH1,Hec1 inhibitor,0.195863661052913
BRD-K70177501-003-01-4,TBX3,19,0.731011499577676,0.000377138648930436,PRISM_secondary_AUC,INH1,Hec1 inhibitor,0.0543079654459828
BRD-K70301465-001-02-6,GJA1,18,0.576811608260754,0.0122087220573642,PRISM_secondary_AUC,ibrutinib,Bruton's tyrosine kinase (BTK) inhibitor,0.197913656456253
BRD-K70301465-001-02-6,S100A10,18,0.697951064990507,0.00127813744839585,PRISM_secondary_AUC,ibrutinib,Bruton's tyrosine kinase (BTK) inhibitor,0.152867402106897
BRD-K70401845-003-09-6,DAPK1,20,-0.711215129326364,0.000438446800986812,PRISM_secondary_AUC,erlotinib,EGFR inhibitor,0.188350686296726
BRD-K70401845-003-09-6,GJA1,20,0.501231860432235,0.0243605382835111,PRISM_secondary_AUC,erlotinib,EGFR inhibitor,0.242837307581377
BRD-K70402238-001-02-8,TBX3,18,0.758454215933852,0.000264113755437355,PRISM_secondary_AUC,nexturastat-a,HDAC inhibitor,0.0454775600539718
BRD-K70511574-001-06-9,ANPEP,22,-0.643502927559606,0.00123318138078065,PRISM_secondary_AUC,HMN-214,PLK inhibitor,0.207910913951404
BRD-K70511574-001-06-9,DNAJB4,22,-0.525691699604743,0.0119809302690262,PRISM_secondary_AUC,HMN-214,PLK inhibitor,0.205580731798803
BRD-K70511574-001-06-9,FHL1,22,-0.48248595270931,0.0229527120409481,PRISM_secondary_AUC,HMN-214,PLK inhibitor,0.244828928436779
BRD-K70511574-001-06-9,PLAGL1,22,-0.65235811694859,0.0010004808476963,PRISM_secondary_AUC,HMN-214,PLK inhibitor,0.180086552585334
BRD-K70914287-300-02-8,CTSV,18,-0.720257935740367,0.000748459244960585,PRISM_secondary_AUC,BIBX-1382,EGFR inhibitor,0.17963021879054
BRD-K71035033-001-07-1,IER3,18,0.62052222508377,0.00600109202587875,PRISM_secondary_AUC,masitinib,"KIT inhibitor, PDGFR tyrosine kinase receptor inhibitor, src inhibitor",0.1659281495617
BRD-K71035033-001-07-1,OXTR,18,0.738490657589668,0.000465224983923819,PRISM_secondary_AUC,masitinib,"KIT inhibitor, PDGFR tyrosine kinase receptor inhibitor, src inhibitor",0.223307992283433
BRD-K71106091-001-06-1,DNAJB4,19,-0.699351089336108,0.000861157760854839,PRISM_secondary_AUC,fludarabine-phosphate,ribonucleotide reductase inhibitor,0.0688926208683871
BRD-K71106091-001-06-1,ETV4,19,-0.761585999322015,0.000151629772834589,PRISM_secondary_AUC,fludarabine-phosphate,ribonucleotide reductase inhibitor,0.122113995422191
BRD-K71221037-001-01-6,LOX,22,-0.596837944664032,0.0033644050001755,PRISM_secondary_AUC,birinapant,XIAP inhibitor,0.212921750862405
BRD-K71221037-001-01-6,PTHLH,22,-0.575381140598532,0.00508327102822324,PRISM_secondary_AUC,birinapant,XIAP inhibitor,0.155728282504639
BRD-K71221037-001-01-6,PTN,22,-0.522112954420272,0.0126834640012773,PRISM_secondary_AUC,birinapant,XIAP inhibitor,0.194870027292358
BRD-K71281111-001-04-3,CEBPA,21,0.574581119028128,0.00644252981632977,PRISM_secondary_AUC,SNX-2112,HSP inhibitor,0.152085949762539
BRD-K71281111-001-04-3,PTN,21,-0.679162068124753,0.000710066418043733,PRISM_secondary_AUC,SNX-2112,HSP inhibitor,0.0432414362343798
BRD-K71467466-001-02-3,AR,22,0.648715818556787,0.00109120503213119,PRISM_secondary_AUC,KPT-185,exportin antagonist,0.157133524626891
BRD-K71467466-001-02-3,CAV1,22,-0.709404151417688,0.00021809024880546,PRISM_secondary_AUC,KPT-185,exportin antagonist,0.108471643795376
BRD-K71467466-001-02-3,CCND2,22,-0.664619282882613,0.00074071002211668,PRISM_secondary_AUC,KPT-185,exportin antagonist,0.20735417842032
BRD-K71467466-001-02-3,CD44,22,-0.671372106154715,0.000624061120645936,PRISM_secondary_AUC,KPT-185,exportin antagonist,0.0466592494303561
BRD-K71467466-001-02-3,CEBPA,22,0.678147939017504,0.000523196350824238,PRISM_secondary_AUC,KPT-185,exportin antagonist,0.0717453619894733
BRD-K71467466-001-02-3,CTCF,22,0.808018068887634,5.41046331450172e-06,PRISM_secondary_AUC,KPT-185,exportin antagonist,0.00389553358644124
BRD-K71467466-001-02-3,DBI,22,0.607001693958216,0.00273921611682234,PRISM_secondary_AUC,KPT-185,exportin antagonist,0.151710431085545
BRD-K71467466-001-02-3,DKK3,22,-0.63184641445511,0.00160839353683972,PRISM_secondary_AUC,KPT-185,exportin antagonist,0.144755418315575
BRD-K71467466-001-02-3,DNAJB4,22,-0.664596273291926,0.00074113731109104,PRISM_secondary_AUC,KPT-185,exportin antagonist,0.0667023579981936
BRD-K71467466-001-02-3,ETS1,22,-0.640880858272163,0.00131033894440303,PRISM_secondary_AUC,KPT-185,exportin antagonist,0.104827115552243
BRD-K71467466-001-02-3,FHL1,22,-0.642372983876446,0.00126594383041587,PRISM_secondary_AUC,KPT-185,exportin antagonist,0.0492691652918609
BRD-K71467466-001-02-3,FOSL1,22,-0.65235811694859,0.0010004808476963,PRISM_secondary_AUC,KPT-185,exportin antagonist,0.102906601477334
BRD-K71467466-001-02-3,FOXF2,22,-0.765530030639565,3.30072794425776e-05,PRISM_secondary_AUC,KPT-185,exportin antagonist,0.023343189840996
BRD-K71467466-001-02-3,IGFBP5,22,0.696216826651609,0.000319625571467902,PRISM_secondary_AUC,KPT-185,exportin antagonist,0.0575326028642224
BRD-K71467466-001-02-3,IL15,22,-0.547148503670243,0.00840446814156807,PRISM_secondary_AUC,KPT-185,exportin antagonist,0.242292458646574
BRD-K71467466-001-02-3,LOX,22,-0.566346696781479,0.00599906534513705,PRISM_secondary_AUC,KPT-185,exportin antagonist,0.212921750862405
BRD-K71467466-001-02-3,MYB,22,0.68944099378882,0.000386050001751659,PRISM_secondary_AUC,KPT-185,exportin antagonist,0.119409119549082
BRD-K71467466-001-02-3,NGF,22,-0.601807209868907,0.00304525175067677,PRISM_secondary_AUC,KPT-185,exportin antagonist,0.17530360994232
BRD-K71467466-001-02-3,PBX1,22,0.575381140598532,0.00508327102822324,PRISM_secondary_AUC,KPT-185,exportin antagonist,0.146398205612829
BRD-K71467466-001-02-3,PLAU,22,-0.652173913043478,0.00100490950060077,PRISM_secondary_AUC,KPT-185,exportin antagonist,0.17266496787374
BRD-K71467466-001-02-3,RARA,22,0.773009599096556,2.46899985243991e-05,PRISM_secondary_AUC,KPT-185,exportin antagonist,0.0152421207279239
BRD-K71467466-001-02-3,SERPINE1,22,-0.717514238806584,0.000170635888256565,PRISM_secondary_AUC,KPT-185,exportin antagonist,0.0614289197723633
BRD-K71467466-001-02-3,SLC1A3,22,-0.635234330886505,0.00149051733190269,PRISM_secondary_AUC,KPT-185,exportin antagonist,0.0921669084516871
BRD-K71467466-001-02-3,TBX3,22,0.63184641445511,0.00160839353683972,PRISM_secondary_AUC,KPT-185,exportin antagonist,0.0964809662308276
BRD-K71480163-001-01-4,CD44,22,0.619424054206663,0.00211057667205784,PRISM_secondary_AUC,GDC-0068,AKT inhibitor,0.0741275709210558
BRD-K71480163-001-01-4,FOXF2,22,0.576132230466517,0.00501269455822012,PRISM_secondary_AUC,GDC-0068,AKT inhibitor,0.19369302884378
BRD-K71480163-001-01-4,GBP1,22,0.693589409188631,0.000344108432376041,PRISM_secondary_AUC,GDC-0068,AKT inhibitor,0.24775807131075
BRD-K71480163-001-01-4,IL15,22,0.690570299265952,0.000374218816497912,PRISM_secondary_AUC,GDC-0068,AKT inhibitor,0.0538875095756993
BRD-K71480163-001-01-4,NGF,22,0.600094286121652,0.00315226041675685,PRISM_secondary_AUC,GDC-0068,AKT inhibitor,0.17530360994232
BRD-K71480163-001-01-4,OPTN,22,0.621682665160926,0.00201052580350342,PRISM_secondary_AUC,GDC-0068,AKT inhibitor,0.187273237705224
BRD-K71480163-001-01-4,STAT1,22,0.687182382834557,0.000410680357402235,PRISM_secondary_AUC,GDC-0068,AKT inhibitor,0.197126571553073
BRD-K71823332-001-03-7,CD44,22,-0.637492941840768,0.00141607468409869,PRISM_secondary_AUC,epothilone-a,microtubule stabilizing agent,0.0615342259723533
BRD-K71823332-001-03-7,CEBPA,22,0.53811405985319,0.00978453856522305,PRISM_secondary_AUC,epothilone-a,microtubule stabilizing agent,0.165804012795143
BRD-K71823332-001-03-7,DBI,22,0.699604743083004,0.0002902818250955,PRISM_secondary_AUC,epothilone-a,microtubule stabilizing agent,0.06966763802292
BRD-K71823332-001-03-7,DNAJB4,22,-0.549407114624506,0.00808577929702489,PRISM_secondary_AUC,epothilone-a,microtubule stabilizing agent,0.179131110580244
BRD-K71823332-001-03-7,ESR1,22,0.613559419955867,0.00239019308327532,PRISM_secondary_AUC,epothilone-a,microtubule stabilizing agent,0.115787037379657
BRD-K71823332-001-03-7,ETS1,22,-0.585544889892716,0.00419522478677647,PRISM_secondary_AUC,epothilone-a,microtubule stabilizing agent,0.177903487411386
BRD-K71823332-001-03-7,FHL1,22,-0.679661125420725,0.000502690386409675,PRISM_secondary_AUC,epothilone-a,microtubule stabilizing agent,0.031472789409997
BRD-K71823332-001-03-7,FOSL1,22,-0.56820109580111,0.00580070052153765,PRISM_secondary_AUC,epothilone-a,microtubule stabilizing agent,0.22503072507118
BRD-K71823332-001-03-7,FOXF2,22,-0.553449859188307,0.00754024529577036,PRISM_secondary_AUC,epothilone-a,microtubule stabilizing agent,0.230804960427368
BRD-K71823332-001-03-7,GJB1,22,0.572661610462325,0.00534577329603007,PRISM_secondary_AUC,epothilone-a,microtubule stabilizing agent,0.187753988933739
BRD-K71823332-001-03-7,IL15,22,-0.565217391304348,0.00612260200151767,PRISM_secondary_AUC,epothilone-a,microtubule stabilizing agent,0.215932831470013
BRD-K71823332-001-03-7,PBX1,22,0.540372670807454,0.00942321766721647,PRISM_secondary_AUC,epothilone-a,microtubule stabilizing agent,0.185882649873859
BRD-K71823332-001-03-7,PTHLH,22,-0.614906832298137,0.0023233343577543,PRISM_secondary_AUC,epothilone-a,microtubule stabilizing agent,0.125270587268716
BRD-K71823332-001-03-7,SERPINE1,22,-0.593220433658987,0.00361399143427451,PRISM_secondary_AUC,epothilone-a,microtubule stabilizing agent,0.179453367770872
BRD-K71823332-001-03-7,SLC1A3,22,-0.553924336533032,0.00747826241378773,PRISM_secondary_AUC,epothilone-a,microtubule stabilizing agent,0.192880175700404
BRD-K71823332-001-03-7,TGFB2,22,-0.644268774703557,0.00121138812673141,PRISM_secondary_AUC,epothilone-a,microtubule stabilizing agent,0.138678314150837
BRD-K71823332-001-03-7,XBP1,22,0.536984754376059,0.00996941990043176,PRISM_secondary_AUC,epothilone-a,microtubule stabilizing agent,0.244600667156878
BRD-K72414522-001-06-7,PTN,21,-0.508913894713427,0.0184696069160781,PRISM_secondary_AUC,AZD5438,CDK inhibitor,0.226664702183154
BRD-K72414522-001-06-7,S100A10,21,-0.640787032249075,0.00174945971100764,PRISM_secondary_AUC,AZD5438,CDK inhibitor,0.168118140997063
BRD-K72414522-001-06-7,SREBF2,21,0.661257884918082,0.00109834148900238,PRISM_secondary_AUC,AZD5438,CDK inhibitor,0.154948658158848
BRD-K72414522-001-06-7,TBX3,21,0.590185834362675,0.00485625059729494,PRISM_secondary_AUC,AZD5438,CDK inhibitor,0.114639358362372
BRD-K72533376-001-01-2,FGL2,21,0.786035535224763,2.4020164179306e-05,PRISM_secondary_AUC,etoposide-phosphate,topoisomerase inhibitor,0.0239907082666499
BRD-K72723676-003-17-8,ACTA2,19,0.743016879805778,0.000267639239240442,PRISM_secondary_AUC,benzethonium,sodium channel blocker,0.096350126126559
BRD-K72723676-003-17-8,IL15,19,0.628772929415462,0.00393042587270834,PRISM_secondary_AUC,benzethonium,sodium channel blocker,0.195165974368966
BRD-K72723676-003-17-8,TGFB2,19,0.610196771881626,0.00552972935150123,PRISM_secondary_AUC,benzethonium,sodium channel blocker,0.236826242868847
BRD-K72726508-001-02-1,CAV1,21,0.576576195396461,0.00621860951125963,PRISM_secondary_AUC,arcyriaflavin-a,CDK inhibitor,0.172207648004113
BRD-K72726508-001-02-1,MYB,21,-0.643030848183371,0.00166512060053106,PRISM_secondary_AUC,arcyriaflavin-a,CDK inhibitor,0.189951900485205
BRD-K72726508-001-02-1,RARA,21,-0.547940953587241,0.0101264683598957,PRISM_secondary_AUC,arcyriaflavin-a,CDK inhibitor,0.204548316714223
BRD-K72815923-034-01-2,ANPEP,22,-0.598870152074787,0.00323065294075621,PRISM_secondary_AUC,xanomeline,acetylcholine receptor agonist,0.225167598471809
BRD-K72815923-034-01-2,CD44,22,-0.690570299265952,0.000374218816497912,PRISM_secondary_AUC,xanomeline,acetylcholine receptor agonist,0.0369913324987507
BRD-K72815923-034-01-2,CYFIP2,22,0.594579333709769,0.00351847662865537,PRISM_secondary_AUC,xanomeline,acetylcholine receptor agonist,0.120633484411041
BRD-K72815923-034-01-2,DKK3,22,-0.616036137775268,0.00226851971982326,PRISM_secondary_AUC,xanomeline,acetylcholine receptor agonist,0.163149385377737
BRD-K72815923-034-01-2,DNAJB4,22,-0.551665725578769,0.00777712482461112,PRISM_secondary_AUC,xanomeline,acetylcholine receptor agonist,0.179131110580244
BRD-K72815923-034-01-2,FHL1,22,-0.504519854530929,0.0166426431591347,PRISM_secondary_AUC,xanomeline,acetylcholine receptor agonist,0.21196391742945
BRD-K72815923-034-01-2,FOXF2,22,-0.612991083793607,0.00241887639640608,PRISM_secondary_AUC,xanomeline,acetylcholine receptor agonist,0.160993188260343
BRD-K72815923-034-01-2,IL15,22,-0.596837944664032,0.0033644050001755,PRISM_secondary_AUC,xanomeline,acetylcholine receptor agonist,0.186336276932797
BRD-K72815923-034-01-2,PTHLH,22,-0.675889328063241,0.000555137220115531,PRISM_secondary_AUC,xanomeline,acetylcholine receptor agonist,0.0999246996207956
BRD-K72815923-034-01-2,SLC1A3,22,-0.642010163749294,0.00127661937895546,PRISM_secondary_AUC,xanomeline,acetylcholine receptor agonist,0.0921669084516871
BRD-K72951360-001-01-4,FAS,21,-0.640523905305463,0.00175958161958347,PRISM_secondary_AUC,valrubicin,"DNA inhibitor, topoisomerase inhibitor",0.21313064089374
BRD-K72951360-001-01-4,IER3,21,-0.681696557484512,0.000665967235230592,PRISM_secondary_AUC,valrubicin,"DNA inhibitor, topoisomerase inhibitor",0.079916068227671
BRD-K72951360-001-01-4,SLC1A3,21,-0.59942496862641,0.00408056488531705,PRISM_secondary_AUC,valrubicin,"DNA inhibitor, topoisomerase inhibitor",0.150667011150168
BRD-K73073971-001-01-7,BAALC,17,0.675691629068522,0.0029097346058942,PRISM_secondary_AUC,ZLN005,,0.242088271176359
BRD-K73073971-001-01-7,SREBF2,17,0.625487165246661,0.00724527409454268,PRISM_secondary_AUC,ZLN005,,0.226808580350901
BRD-K73073971-001-01-7,TBX3,17,0.593062642572316,0.0120986222815118,PRISM_secondary_AUC,ZLN005,,0.183637016793029
BRD-K73293050-001-03-1,DKK3,19,-0.587215590174594,0.00820756862283677,PRISM_secondary_AUC,WZ-3146,EGFR inhibitor,0.231743114056568
BRD-K73293050-001-03-1,POSTN,19,-0.622577878304236,0.00441467508679059,PRISM_secondary_AUC,WZ-3146,EGFR inhibitor,0.215018440675219
BRD-K73303757-001-21-6,GJA1,21,-0.541076768919303,0.0113125143758521,PRISM_secondary_AUC,4-methylgenistein,protein tyrosine kinase inhibitor,0.19392881787175
BRD-K73425385-065-04-8,ANPEP,22,-0.612429476272707,0.00244750458567059,PRISM_secondary_AUC,bekanamycin,bacterial 30S ribosomal subunit inhibitor,0.220275412710353
BRD-K73425385-065-04-8,CAV1,22,-0.573849218025773,0.00522978569764095,PRISM_secondary_AUC,bekanamycin,bacterial 30S ribosomal subunit inhibitor,0.163709626009359
BRD-K73425385-065-04-8,CD44,22,-0.546019198193111,0.00856765215489777,PRISM_secondary_AUC,bekanamycin,bacterial 30S ribosomal subunit inhibitor,0.140197944352873
BRD-K73425385-065-04-8,CEBPA,22,0.616036137775268,0.00226851971982326,PRISM_secondary_AUC,bekanamycin,bacterial 30S ribosomal subunit inhibitor,0.125641092174827
BRD-K73425385-065-04-8,DCBLD2,22,-0.613777526821005,0.00237926187009199,PRISM_secondary_AUC,bekanamycin,bacterial 30S ribosomal subunit inhibitor,0.20716281660071
BRD-K73425385-065-04-8,ETV1,22,-0.616036137775268,0.00226851971982326,PRISM_secondary_AUC,bekanamycin,bacterial 30S ribosomal subunit inhibitor,0.167676285524588
BRD-K73425385-065-04-8,FHL1,22,-0.47966109350141,0.0238842067369149,PRISM_secondary_AUC,bekanamycin,bacterial 30S ribosomal subunit inhibitor,0.247433508641421
BRD-K73425385-065-04-8,FOSL1,22,-0.518497620224074,0.0134269410284342,PRISM_secondary_AUC,bekanamycin,bacterial 30S ribosomal subunit inhibitor,0.247902914885968
BRD-K73425385-065-04-8,FST,22,-0.621079624111678,0.0020368383854535,PRISM_secondary_AUC,bekanamycin,bacterial 30S ribosomal subunit inhibitor,0.160214704628906
BRD-K73425385-065-04-8,GJA1,22,-0.575543654693172,0.00506793059587597,PRISM_secondary_AUC,bekanamycin,bacterial 30S ribosomal subunit inhibitor,0.151920694199782
BRD-K73425385-065-04-8,IER3,22,-0.50197628458498,0.017289810771101,PRISM_secondary_AUC,bekanamycin,bacterial 30S ribosomal subunit inhibitor,0.244091446180249
BRD-K73425385-065-04-8,LOX,22,-0.573122529644269,0.00530050614753219,PRISM_secondary_AUC,bekanamycin,bacterial 30S ribosomal subunit inhibitor,0.212921750862405
BRD-K73425385-065-04-8,MYCN,22,0.636903308802421,0.00143519738307287,PRISM_secondary_AUC,bekanamycin,bacterial 30S ribosomal subunit inhibitor,0.152401522523339
BRD-K73425385-065-04-8,NGF,22,-0.612655726934855,0.00243593720260495,PRISM_secondary_AUC,bekanamycin,bacterial 30S ribosomal subunit inhibitor,0.17530360994232
BRD-K73425385-065-04-8,OPTN,22,-0.640880858272163,0.00131033894440303,PRISM_secondary_AUC,bekanamycin,bacterial 30S ribosomal subunit inhibitor,0.185377049554738
BRD-K73425385-065-04-8,POSTN,22,-0.605102646479501,0.00284795004870154,PRISM_secondary_AUC,bekanamycin,bacterial 30S ribosomal subunit inhibitor,0.215018440675219
BRD-K73425385-065-04-8,PTN,22,-0.843544056652947,8.1781264828102e-07,PRISM_secondary_AUC,bekanamycin,bacterial 30S ribosomal subunit inhibitor,0.00117765021352467
BRD-K73425385-065-04-8,SLC1A3,22,-0.578769057029927,0.0047713525000693,PRISM_secondary_AUC,bekanamycin,bacterial 30S ribosomal subunit inhibitor,0.154390604014149
BRD-K73425385-065-04-8,SREBF2,22,0.547148503670243,0.00840446814156807,PRISM_secondary_AUC,bekanamycin,bacterial 30S ribosomal subunit inhibitor,0.246988451507306
BRD-K73425385-065-04-8,TBX3,22,0.489553924336533,0.0207490463333646,PRISM_secondary_AUC,bekanamycin,bacterial 30S ribosomal subunit inhibitor,0.221613995703615
BRD-K73425385-065-04-8,XBP1,22,0.696216826651609,0.000319625571467902,PRISM_secondary_AUC,bekanamycin,bacterial 30S ribosomal subunit inhibitor,0.0762289074755202
BRD-K73425385-065-04-8,ZEB2,22,-0.582745131211203,0.00442579814769119,PRISM_secondary_AUC,bekanamycin,bacterial 30S ribosomal subunit inhibitor,0.214870748808551
BRD-K73753850-003-01-6,CD44,21,-0.584415584415584,0.0053999983649124,PRISM_secondary_AUC,hexaminolevulinate,,0.110749797873336
BRD-K73753850-003-01-6,CEBPA,21,0.562808676090319,0.00790338271252404,PRISM_secondary_AUC,hexaminolevulinate,,0.153795555486954
BRD-K73753850-003-01-6,CYFIP2,21,0.680302423853065,0.000689926527722064,PRISM_secondary_AUC,hexaminolevulinate,,0.0903176545381611
BRD-K73753850-003-01-6,DBI,21,0.656123771006573,0.00123829533019474,PRISM_secondary_AUC,hexaminolevulinate,,0.117789327795436
BRD-K73753850-003-01-6,DNAJB4,21,-0.562674375521965,0.0079214960627093,PRISM_secondary_AUC,hexaminolevulinate,,0.179131110580244
BRD-K73753850-003-01-6,ETS1,21,-0.594099798230782,0.00451392482886052,PRISM_secondary_AUC,hexaminolevulinate,,0.177953040235771
BRD-K73753850-003-01-6,FHL1,21,-0.603033675298777,0.00380703419687369,PRISM_secondary_AUC,hexaminolevulinate,,0.0945194697154846
BRD-K73753850-003-01-6,FOSL1,21,-0.615640707811503,0.00296825785043469,PRISM_secondary_AUC,hexaminolevulinate,,0.158307085356517
BRD-K73753850-003-01-6,FOXF2,21,-0.69021343117938,0.000534436701590729,PRISM_secondary_AUC,hexaminolevulinate,,0.109941264327236
BRD-K73753850-003-01-6,FST,21,-0.644283732700355,0.00161953823948454,PRISM_secondary_AUC,hexaminolevulinate,,0.147813943413425
BRD-K73753850-003-01-6,IER3,21,-0.576542786295654,0.00622230560856374,PRISM_secondary_AUC,hexaminolevulinate,,0.1659281495617
BRD-K73753850-003-01-6,IL15,21,-0.58744380536427,0.00510868179550338,PRISM_secondary_AUC,hexaminolevulinate,,0.215932831470013
BRD-K73753850-003-01-6,LOX,21,-0.577360245854885,0.00613238784856157,PRISM_secondary_AUC,hexaminolevulinate,,0.212921750862405
BRD-K73753850-003-01-6,MMP14,21,-0.579815777046759,0.00586871698521785,PRISM_secondary_AUC,hexaminolevulinate,,0.209097426201482
BRD-K73753850-003-01-6,PBX1,21,0.525204532921701,0.0144916424669916,PRISM_secondary_AUC,hexaminolevulinate,,0.231866279471866
BRD-K73753850-003-01-6,PTHLH,21,-0.652749051840092,0.00133827666351448,PRISM_secondary_AUC,hexaminolevulinate,,0.116091668607512
BRD-K73753850-003-01-6,RARA,21,0.529092289025978,0.0136531741473208,PRISM_secondary_AUC,hexaminolevulinate,,0.239748109559099
BRD-K73753850-003-01-6,S100A2,21,-0.637104003343517,0.00189569184818809,PRISM_secondary_AUC,hexaminolevulinate,,0.16057625067005
BRD-K73753850-003-01-6,SLC1A3,21,-0.55745854228378,0.00865180507986964,PRISM_secondary_AUC,hexaminolevulinate,,0.19962142285396
BRD-K73753850-003-01-6,TGFB2,21,-0.59942496862641,0.00408056488531705,PRISM_secondary_AUC,hexaminolevulinate,,0.209985535511434
BRD-K73753850-003-01-6,TGFBI,21,-0.661328490162662,0.001096514487449,PRISM_secondary_AUC,hexaminolevulinate,,0.157898086192656
BRD-K73838513-003-05-5,ID4,21,0.707296946620529,0.000336082812491731,PRISM_secondary_AUC,cinacalcet,calcium channel activator,0.246691956397171
BRD-K73838513-003-05-5,TBX21,21,0.783186626304035,2.69105258783381e-05,PRISM_secondary_AUC,cinacalcet,calcium channel activator,0.0387511572648069
BRD-K73982490-001-02-9,TBX3,21,0.501968583331623,0.0204121648279385,PRISM_secondary_AUC,BI-78D3,JNK inhibitor,0.221613995703615
BRD-K74057757-001-01-9,IER3,20,-0.623926232648558,0.00328274945011695,PRISM_secondary_AUC,indibulin,tubulin polymerization inhibitor,0.152477070192036
BRD-K74141488-003-11-2,TBX3,21,0.600262951158224,0.00401563388611726,PRISM_secondary_AUC,naftifine,fungal squalene epoxidase inhibitor,0.103878743291829
BRD-K74501079-001-18-1,SLC1A3,17,-0.647727166040478,0.00493192207267419,PRISM_secondary_AUC,azithromycin,bacterial 50S ribosomal subunit inhibitor,0.154390604014149
BRD-K74671368-001-01-8,DKK3,21,-0.626524202389736,0.00237417620884975,PRISM_secondary_AUC,idronoxil,XIAP inhibitor,0.163149385377737
BRD-K74671368-001-01-8,ETS1,21,-0.657535505639407,0.00119838694218928,PRISM_secondary_AUC,idronoxil,XIAP inhibitor,0.104827115552243
BRD-K74671368-001-01-8,FHL1,21,-0.677047868846514,0.000748731135326425,PRISM_secondary_AUC,idronoxil,XIAP inhibitor,0.0399323272174093
BRD-K74671368-001-01-8,GJA1,21,-0.584613738628642,0.00538052458624227,PRISM_secondary_AUC,idronoxil,XIAP inhibitor,0.151920694199782
BRD-K74671368-001-01-8,LOX,21,-0.638651142442453,0.00183305797256694,PRISM_secondary_AUC,idronoxil,XIAP inhibitor,0.171193511947637
BRD-K74671368-001-01-8,PTHLH,21,-0.600480505789582,0.00399891802580043,PRISM_secondary_AUC,idronoxil,XIAP inhibitor,0.148450299064478
BRD-K74671368-001-01-8,ZEB2,21,-0.584273289731731,0.00541401846242853,PRISM_secondary_AUC,idronoxil,XIAP inhibitor,0.221539809333086
BRD-K74763371-002-04-0,CAV1,20,-0.662655730594938,0.00145315808556681,PRISM_secondary_AUC,bosentan,endothelin receptor antagonist,0.108471643795376
BRD-K74763371-002-04-0,CD44,20,-0.595495805355702,0.00560072920898124,PRISM_secondary_AUC,bosentan,endothelin receptor antagonist,0.111496841397726
BRD-K74763371-002-04-0,CEBPA,20,0.499075346834962,0.025080127571015,PRISM_secondary_AUC,bosentan,endothelin receptor antagonist,0.239701486934372
BRD-K74763371-002-04-0,CTCF,20,0.683228573764249,0.000898466852960296,PRISM_secondary_AUC,bosentan,endothelin receptor antagonist,0.215632044710471
BRD-K74763371-002-04-0,CYFIP2,20,0.646232682414245,0.00208072209476875,PRISM_secondary_AUC,bosentan,endothelin receptor antagonist,0.100970676408489
BRD-K74763371-002-04-0,DKK3,20,-0.603709138383755,0.00482393905774841,PRISM_secondary_AUC,bosentan,endothelin receptor antagonist,0.210499158883567
BRD-K74763371-002-04-0,FHL1,20,-0.501993697175849,0.0241102680978667,PRISM_secondary_AUC,bosentan,endothelin receptor antagonist,0.247991329006628
BRD-K74763371-002-04-0,FOXF2,20,-0.637326533229849,0.00250661704231828,PRISM_secondary_AUC,bosentan,endothelin receptor antagonist,0.160993188260343
BRD-K74763371-002-04-0,GJA1,20,-0.540710037906504,0.0138320029593548,PRISM_secondary_AUC,bosentan,endothelin receptor antagonist,0.201774401344518
BRD-K74763371-002-04-0,LOX,20,-0.559808554806847,0.0102654540194905,PRISM_secondary_AUC,bosentan,endothelin receptor antagonist,0.231375825522891
BRD-K74763371-002-04-0,RARA,20,0.643422809891106,0.0022079976113949,PRISM_secondary_AUC,bosentan,endothelin receptor antagonist,0.107922628231167
BRD-K74763371-002-04-0,SLC1A3,20,-0.548215112808493,0.0123273798996406,PRISM_secondary_AUC,bosentan,endothelin receptor antagonist,0.22327542923316
BRD-K74763371-002-04-0,SREBF2,20,0.59017120789159,0.00615721873388266,PRISM_secondary_AUC,bosentan,endothelin receptor antagonist,0.209761794944487
BRD-K74763371-002-04-0,TBX3,20,0.546454714177587,0.0126678316270763,PRISM_secondary_AUC,bosentan,endothelin receptor antagonist,0.18425936912111
BRD-K75009076-001-02-1,ANPEP,22,-0.579661109461067,0.00469193160070004,PRISM_secondary_AUC,SCH-900776,CHK inhibitor,0.225350863956534
BRD-K75009076-001-02-1,CACNA1H,22,0.618469383600611,0.0021541129039446,PRISM_secondary_AUC,SCH-900776,CHK inhibitor,0.184753912185442
BRD-K75009076-001-02-1,CAV1,22,-0.620728632490477,0.00205228678252727,PRISM_secondary_AUC,SCH-900776,CHK inhibitor,0.121114328148049
BRD-K75009076-001-02-1,CD44,22,-0.745906267645398,6.742903590223e-05,PRISM_secondary_AUC,SCH-900776,CHK inhibitor,0.0315801003577751
BRD-K75009076-001-02-1,CEBPA,22,0.565217391304348,0.00612260200151767,PRISM_secondary_AUC,SCH-900776,CHK inhibitor,0.146942448036424
BRD-K75009076-001-02-1,CYFIP2,22,0.670242800677583,0.000642394257346254,PRISM_secondary_AUC,SCH-900776,CHK inhibitor,0.0903176545381611
BRD-K75009076-001-02-1,DBI,22,0.627329192546584,0.0017777774339812,PRISM_secondary_AUC,SCH-900776,CHK inhibitor,0.121904738330139
BRD-K75009076-001-02-1,DKK3,22,-0.632975719932242,0.00156825381312321,PRISM_secondary_AUC,SCH-900776,CHK inhibitor,0.144755418315575
BRD-K75009076-001-02-1,DNAJB4,22,-0.721061547148504,0.000152871409542426,PRISM_secondary_AUC,SCH-900776,CHK inhibitor,0.0589293550962454
BRD-K75009076-001-02-1,ESR1,22,0.684745871994945,0.000438753664449088,PRISM_secondary_AUC,SCH-900776,CHK inhibitor,0.0702005863118542
BRD-K75009076-001-02-1,ETS1,22,-0.789949181253529,1.22692362586889e-05,PRISM_secondary_AUC,SCH-900776,CHK inhibitor,0.00883385010625603
BRD-K75009076-001-02-1,FHL1,22,-0.731638534846084,0.000109057856506662,PRISM_secondary_AUC,SCH-900776,CHK inhibitor,0.0133303377880235
BRD-K75009076-001-02-1,FLI1,22,-0.771479010127736,2.62241404129513e-05,PRISM_secondary_AUC,SCH-900776,CHK inhibitor,0.0188813810973249
BRD-K75009076-001-02-1,FOSL1,22,-0.736515138096071,9.28448406270275e-05,PRISM_secondary_AUC,SCH-900776,CHK inhibitor,0.0445655235009732
BRD-K75009076-001-02-1,FOXF2,22,-0.760426497101967,4.00000275108064e-05,PRISM_secondary_AUC,SCH-900776,CHK inhibitor,0.023343189840996
BRD-K75009076-001-02-1,FST,22,-0.76575331271276,3.27274264239813e-05,PRISM_secondary_AUC,SCH-900776,CHK inhibitor,0.0235637470252665
BRD-K75009076-001-02-1,GATA3,22,0.671372106154715,0.000624061120645936,PRISM_secondary_AUC,SCH-900776,CHK inhibitor,0.112331001716269
BRD-K75009076-001-02-1,GJB1,22,0.656826375455795,0.000898033755201966,PRISM_secondary_AUC,SCH-900776,CHK inhibitor,0.104817214801887
BRD-K75009076-001-02-1,HRH1,22,-0.754589129214993,4.95529348365794e-05,PRISM_secondary_AUC,SCH-900776,CHK inhibitor,0.0356781130823372
BRD-K75009076-001-02-1,IL15,22,-0.717673630717109,0.000169800966378333,PRISM_secondary_AUC,SCH-900776,CHK inhibitor,0.0483312693833422
BRD-K75009076-001-02-1,LOX,22,-0.666854884246189,0.000700186313596097,PRISM_secondary_AUC,SCH-900776,CHK inhibitor,0.137226454953658
BRD-K75009076-001-02-1,MMP14,22,-0.646145182501461,0.00115937214205764,PRISM_secondary_AUC,SCH-900776,CHK inhibitor,0.151772353142091
BRD-K75009076-001-02-1,NGF,22,-0.641775430638189,0.00128356680585369,PRISM_secondary_AUC,SCH-900776,CHK inhibitor,0.141034839117308
BRD-K75009076-001-02-1,PBX1,22,0.555053642010164,0.00733242849072544,PRISM_secondary_AUC,SCH-900776,CHK inhibitor,0.169682723446061
BRD-K75009076-001-02-1,PTHLH,22,-0.626199887069452,0.00182240619443757,PRISM_secondary_AUC,SCH-900776,CHK inhibitor,0.116091668607512
BRD-K75009076-001-02-1,S100A2,22,-0.717673630717109,0.000169800966378333,PRISM_secondary_AUC,SCH-900776,CHK inhibitor,0.117673785017985
BRD-K75009076-001-02-1,SERPINE1,22,-0.680226097262305,0.000495213018507475,PRISM_secondary_AUC,SCH-900776,CHK inhibitor,0.079234082961196
BRD-K75009076-001-02-1,SLC1A3,22,-0.628458498023715,0.00173407728325924,PRISM_secondary_AUC,SCH-900776,CHK inhibitor,0.0921669084516871
BRD-K75009076-001-02-1,TGFB2,22,-0.630717108977979,0.00164940064136735,PRISM_secondary_AUC,SCH-900776,CHK inhibitor,0.148446057723061
BRD-K75009076-001-02-1,TGFBI,22,-0.760587238848108,3.97615020086796e-05,PRISM_secondary_AUC,SCH-900776,CHK inhibitor,0.0427691878236987
BRD-K75009076-001-02-1,TGFBR2,22,-0.634105025409373,0.00152896663002047,PRISM_secondary_AUC,SCH-900776,CHK inhibitor,0.183475995602457
BRD-K75009076-001-02-1,XBP1,22,0.621682665160926,0.00201052580350342,PRISM_secondary_AUC,SCH-900776,CHK inhibitor,0.123866191995401
BRD-K75009076-001-02-1,ZEB2,22,-0.56803505993791,0.00581823628625967,PRISM_secondary_AUC,SCH-900776,CHK inhibitor,0.221539809333086
BRD-K75352575-001-01-3,CD44,22,-0.586674195369848,0.00410510668063783,PRISM_secondary_AUC,KPT-276,exportin antagonist,0.103707958247693
BRD-K75352575-001-01-3,CEBPA,22,0.485036702428007,0.0221368091271212,PRISM_secondary_AUC,KPT-276,exportin antagonist,0.23438974369893
BRD-K75352575-001-01-3,CTCF,22,0.671372106154715,0.000624061120645936,PRISM_secondary_AUC,KPT-276,exportin antagonist,0.17972960274603
BRD-K75352575-001-01-3,IGFBP5,22,0.645398080180689,0.00117985017210295,PRISM_secondary_AUC,KPT-276,exportin antagonist,0.112200167721526
BRD-K75352575-001-01-3,PLAU,22,-0.643139469226426,0.00124364018003649,PRISM_secondary_AUC,KPT-276,exportin antagonist,0.17266496787374
BRD-K75352575-001-01-3,RARA,22,0.520045172219085,0.0131044652868056,PRISM_secondary_AUC,KPT-276,exportin antagonist,0.238614966427491
BRD-K75352575-001-01-3,SLC1A3,22,-0.706380575945793,0.000238492122832662,PRISM_secondary_AUC,KPT-276,exportin antagonist,0.0858571642197584
BRD-K76064317-001-07-3,CYFIP2,22,0.522303783173348,0.0126451739170131,PRISM_secondary_AUC,tyrphostin-AG-1296,FLT3 inhibitor,0.242787339206651
BRD-K76064317-001-07-3,GJA1,22,-0.494775506880489,0.0192329187628219,PRISM_secondary_AUC,tyrphostin-AG-1296,FLT3 inhibitor,0.216370336081747
BRD-K76064317-001-07-3,S100A10,22,-0.577639751552795,0.00487350102115696,PRISM_secondary_AUC,tyrphostin-AG-1296,FLT3 inhibitor,0.241994533464345
BRD-K76064317-001-07-3,TBX3,22,0.60248447204969,0.00300379255244245,PRISM_secondary_AUC,tyrphostin-AG-1296,FLT3 inhibitor,0.0964809662308276
BRD-K76239644-001-02-6,IER3,20,0.528863992832116,0.0165049021442922,PRISM_secondary_AUC,BMS-690514,"EGFR inhibitor, VEGFR inhibitor",0.2353174167107
BRD-K76634210-001-14-7,IGFBP5,22,0.567476002258611,0.00587760481969481,PRISM_secondary_AUC,idoxuridine,DNA directed DNA polymerase inhibitor,0.209243454339449
BRD-K76634210-001-14-7,PBX1,22,0.552795031055901,0.00762648461578274,PRISM_secondary_AUC,idoxuridine,DNA directed DNA polymerase inhibitor,0.169682723446061
BRD-K76634210-001-14-7,RARA,22,0.608130999435347,0.00267622752224902,PRISM_secondary_AUC,idoxuridine,DNA directed DNA polymerase inhibitor,0.116780837334503
BRD-K76634210-001-14-7,TBX3,22,0.608130999435347,0.00267622752224902,PRISM_secondary_AUC,idoxuridine,DNA directed DNA polymerase inhibitor,0.0964809662308276
BRD-K76674262-001-03-3,SDC4,21,0.78515407113523,2.48840951937964e-05,PRISM_secondary_AUC,homoharringtonine,protein synthesis inhibitor,0.0358330970790669
BRD-K76703230-004-04-1,CAV1,22,-0.537136423565463,0.00994442437131431,PRISM_secondary_AUC,YM-155,survivin inhibitor,0.238666184911544
BRD-K76703230-004-04-1,CEBPA,22,0.568605307735743,0.00575819339992729,PRISM_secondary_AUC,YM-155,survivin inhibitor,0.143456379520677
BRD-K76703230-004-04-1,ESR1,22,0.649717617816986,0.00106557997151497,PRISM_secondary_AUC,YM-155,survivin inhibitor,0.0959021974363475
BRD-K76703230-004-04-1,ETS1,22,-0.527950310559006,0.0115541501778172,PRISM_secondary_AUC,YM-155,survivin inhibitor,0.234337693747279
BRD-K76703230-004-04-1,ETV1,22,-0.604743083003953,0.00286894086331084,PRISM_secondary_AUC,YM-155,survivin inhibitor,0.167676285524588
BRD-K76703230-004-04-1,FOSL1,22,-0.569895532468509,0.00562424010762032,PRISM_secondary_AUC,YM-155,survivin inhibitor,0.22503072507118
BRD-K76703230-004-04-1,GRHL1,22,0.577639751552795,0.00487350102115696,PRISM_secondary_AUC,YM-155,survivin inhibitor,0.244516492782628
BRD-K76703230-004-04-1,POSTN,22,-0.602269768921077,0.00301688413381884,PRISM_secondary_AUC,YM-155,survivin inhibitor,0.215018440675219
BRD-K76703230-004-04-1,PTN,22,-0.560095112885156,0.00670975241677833,PRISM_secondary_AUC,YM-155,survivin inhibitor,0.142801052021948
BRD-K76719364-001-02-5,ESR1,19,0.616056287425948,0.00497634664590196,PRISM_secondary_AUC,GS-9973,syk inhibitor,0.17914847925247
BRD-K76719364-001-02-5,ETV1,19,-0.663171709427143,0.00196783550357247,PRISM_secondary_AUC,GS-9973,syk inhibitor,0.167676285524588
BRD-K76719364-001-02-5,FBN1,19,-0.739514958153274,0.000296352877069936,PRISM_secondary_AUC,GS-9973,syk inhibitor,0.142249380993569
BRD-K76719364-001-02-5,ITGB1,19,-0.696775086271022,0.000916849785237419,PRISM_secondary_AUC,GS-9973,syk inhibitor,0.249199843213319
BRD-K76719364-001-02-5,PBX1,19,0.539065074235993,0.0172346254108853,PRISM_secondary_AUC,GS-9973,syk inhibitor,0.248973275103854
BRD-K76719364-001-02-5,PDGFRB,19,-0.779387430330253,8.37429894542958e-05,PRISM_secondary_AUC,GS-9973,syk inhibitor,0.120589904814186
BRD-K76908866-001-07-6,TBX3,22,-0.518915866741954,0.0133391571769702,PRISM_secondary_AUC,CP-724714,"EGFR inhibitor, protein tyrosine kinase inhibitor",0.186639908414174
BRD-K77554836-001-11-6,FST,20,-0.599918931331121,0.00517054829649662,PRISM_secondary_AUC,triamcinolone,glucocorticoid receptor agonist,0.248186318231838
BRD-K77625799-001-07-7,TBX3,22,0.490683229813665,0.0204132681691694,PRISM_secondary_AUC,vandetanib,"EGFR inhibitor, RET tyrosine kinase inhibitor, VEGFR inhibitor",0.221613995703615
BRD-K77677632-003-02-6,CCND2,21,-0.704319438401505,0.000365210103225178,PRISM_secondary_AUC,SB-200646,serotonin receptor antagonist,0.175300849548085
BRD-K77685957-300-09-1,S100A10,21,-0.557502274725805,0.0086454601455093,PRISM_secondary_AUC,dequalinium,PKC inhibitor,0.249459562790091
BRD-K77791657-003-01-7,CD44,22,-0.509881422924901,0.0153426274967449,PRISM_secondary_AUC,3-deazaneplanocin-A,histone lysine methyltransferase inhibitor,0.190362772801525
BRD-K77841042-001-14-1,IL15,22,0.560700169395822,0.00663805832543922,PRISM_secondary_AUC,brefeldin-a,protein synthesis inhibitor,0.215932831470013
BRD-K77841042-001-14-1,RUNX1,22,0.736871823828346,9.17458877435353e-05,PRISM_secondary_AUC,brefeldin-a,protein synthesis inhibitor,0.132114078350691
BRD-K77908580-001-09-6,S100A10,22,-0.518915866741954,0.0133391571769702,PRISM_secondary_AUC,entinostat,HDAC inhibitor,0.249459562790091
BRD-K77908580-001-09-6,TBX3,22,0.569734613212874,0.00564080428566255,PRISM_secondary_AUC,entinostat,HDAC inhibitor,0.131012228570227
BRD-K77943374-001-02-8,KLF10,21,0.706042863108959,0.00034809846460922,PRISM_secondary_AUC,NVP-BVU972,MET inhibitor,0.125315447259319
BRD-K77943374-001-02-8,MYB,21,-0.619214890843247,0.00276080955523716,PRISM_secondary_AUC,NVP-BVU972,MET inhibitor,0.207950851804224
BRD-K78086729-001-02-7,CEBPA,21,0.60629897273244,0.00357286485671784,PRISM_secondary_AUC,GW-788388,ALK tyrosine kinase receptor inhibitor,0.140371673879831
BRD-K78086729-001-02-7,DBI,21,0.580245862415514,0.00582351415313202,PRISM_secondary_AUC,GW-788388,ALK tyrosine kinase receptor inhibitor,0.228750025415149
BRD-K78086729-001-02-7,PBX1,21,0.550649350649351,0.00968737237582793,PRISM_secondary_AUC,GW-788388,ALK tyrosine kinase receptor inhibitor,0.186705763107016
BRD-K78086729-001-02-7,RARA,21,0.539243478133476,0.0116477192282796,PRISM_secondary_AUC,GW-788388,ALK tyrosine kinase receptor inhibitor,0.226658320117873
BRD-K78177893-001-02-4,CD44,19,-0.525984098223888,0.0207134859561585,PRISM_secondary_AUC,A-674563,AKT inhibitor,0.226741581630337
BRD-K78177893-001-02-4,CEBPA,19,0.613545297206048,0.00520764793507557,PRISM_secondary_AUC,A-674563,AKT inhibitor,0.141490811820921
BRD-K78177893-001-02-4,CEBPD,19,-0.673929874054933,0.00155693892461789,PRISM_secondary_AUC,A-674563,AKT inhibitor,0.221405256340658
BRD-K78177893-001-02-4,DNAJB4,19,-0.533236080901308,0.0187223106832279,PRISM_secondary_AUC,A-674563,AKT inhibitor,0.248357672295077
BRD-K78177893-001-02-4,FOSL1,19,-0.568027540030811,0.0111752824460087,PRISM_secondary_AUC,A-674563,AKT inhibitor,0.239519517763814
BRD-K78177893-001-02-4,NKX2-5,19,-0.711160847273968,0.0006407764079378,PRISM_secondary_AUC,A-674563,AKT inhibitor,0.230679506857608
BRD-K78177893-001-02-4,PLAGL1,19,-0.628191675533091,0.00397391369211333,PRISM_secondary_AUC,A-674563,AKT inhibitor,0.229631229036609
BRD-K78177893-001-02-4,POSTN,19,-0.572058432332055,0.0104894130761211,PRISM_secondary_AUC,A-674563,AKT inhibitor,0.236011794212724
BRD-K78177893-001-02-4,PTN,19,-0.58135204161023,0.00903693747512354,PRISM_secondary_AUC,A-674563,AKT inhibitor,0.162664874552224
BRD-K78177893-001-02-4,SLC1A3,19,-0.579892874686189,0.00925352890139594,PRISM_secondary_AUC,A-674563,AKT inhibitor,0.201281936198874
BRD-K78431006-001-10-2,CTSV,22,-0.68266516092603,0.000464017234489378,PRISM_secondary_AUC,crizotinib,ALK tyrosine kinase receptor inhibitor,0.144033056903578
BRD-K78496197-001-03-9,TBX21,19,0.703425738314421,0.000778876597327446,PRISM_secondary_AUC,SCS,,0.192091941614574
BRD-K78567475-001-01-4,CD44,21,-0.64025974025974,0.00176979305035085,PRISM_secondary_AUC,dolastatin-10,tubulin polymerization inhibitor,0.069189175808998
BRD-K78567475-001-01-4,FHL1,21,-0.538166073524182,0.0118484563592179,PRISM_secondary_AUC,dolastatin-10,tubulin polymerization inhibitor,0.181508267630573
BRD-K78567475-001-01-4,PTHLH,21,-0.679381519913036,0.000706152255992589,PRISM_secondary_AUC,dolastatin-10,tubulin polymerization inhibitor,0.112984360958814
BRD-K78567475-001-01-4,SLC1A3,21,-0.554545454545455,0.00908313059353281,PRISM_secondary_AUC,dolastatin-10,tubulin polymerization inhibitor,0.201281936198874
BRD-K78659596-001-03-9,AR,22,0.594845186771039,0.0035000399464653,PRISM_secondary_AUC,ixazomib,proteasome inhibitor,0.217165624670238
BRD-K78659596-001-03-9,CD44,22,-0.509881422924901,0.0153426274967449,PRISM_secondary_AUC,ixazomib,proteasome inhibitor,0.190362772801525
BRD-K78659596-001-03-9,ETS1,22,-0.611518915866742,0.00249452747768515,PRISM_secondary_AUC,ixazomib,proteasome inhibitor,0.13772856139148
BRD-K78659596-001-03-9,FHL2,22,-0.655561829474873,0.000926074814496498,PRISM_secondary_AUC,ixazomib,proteasome inhibitor,0.194233996934152
BRD-K78659596-001-03-9,FOSL1,22,-0.653487741393523,0.000973684392015717,PRISM_secondary_AUC,ixazomib,proteasome inhibitor,0.102906601477334
BRD-K78659596-001-03-9,FOXF2,22,-0.646447581428966,0.0011511698137236,PRISM_secondary_AUC,ixazomib,proteasome inhibitor,0.150698593796544
BRD-K78659596-001-03-9,IL15,22,-0.618294748729531,0.0021621583150805,PRISM_secondary_AUC,ixazomib,proteasome inhibitor,0.163333419827275
BRD-K78659596-001-03-9,S100A2,22,-0.686053077357425,0.000423493930419556,PRISM_secondary_AUC,ixazomib,proteasome inhibitor,0.117673785017985
BRD-K78659596-001-03-9,SERPINE1,22,-0.578531165777907,0.00479272061510936,PRISM_secondary_AUC,ixazomib,proteasome inhibitor,0.22262960276637
BRD-K78659596-001-03-9,SOX3,22,0.702951906987192,0.000263601658190416,PRISM_secondary_AUC,ixazomib,proteasome inhibitor,0.1897931938971
BRD-K78659596-001-03-9,TGFB2,22,-0.608130999435347,0.00267622752224902,PRISM_secondary_AUC,ixazomib,proteasome inhibitor,0.175171256001754
BRD-K78789465-001-01-6,BAALC,18,0.681145562548753,0.00185672364266401,PRISM_secondary_AUC,pentagastrin,CCK receptor agonist,0.195863661052913
BRD-K78789465-001-01-6,PTN,18,-0.593649611347875,0.00939438315337168,PRISM_secondary_AUC,pentagastrin,CCK receptor agonist,0.162986888444039
BRD-K78809024-001-05-7,MEF2A,19,0.735889924229517,0.000328785319727692,PRISM_secondary_AUC,SB-590885,RAF inhibitor,0.157816953469292
BRD-K78960041-001-05-7,ETV1,21,-0.579220779220779,0.00593173020352562,PRISM_secondary_AUC,oxaliplatin,DNA inhibitor,0.212683704498722
BRD-K78960041-001-05-7,PTN,21,-0.522289950815197,0.0151471488273801,PRISM_secondary_AUC,oxaliplatin,DNA inhibitor,0.207732326775499
BRD-K79131256-001-17-9,GJA1,20,-0.527315656263449,0.0168828944524993,PRISM_secondary_AUC,albendazole,tubulin polymerization inhibitor,0.209580758720681
BRD-K79131256-001-17-9,IER3,20,-0.520513044916753,0.0186265782489701,PRISM_secondary_AUC,albendazole,tubulin polymerization inhibitor,0.247036486701962
BRD-K79131256-001-17-9,PTN,20,-0.551920820558846,0.011634865398039,PRISM_secondary_AUC,albendazole,tubulin polymerization inhibitor,0.186157846368624
BRD-K79131256-001-17-9,SREBF2,20,0.623252553625423,0.00332651241418927,PRISM_secondary_AUC,albendazole,tubulin polymerization inhibitor,0.179733712564276
BRD-K79145628-001-05-5,PTN,18,-0.594015350012899,0.00933962802404904,PRISM_secondary_AUC,nimorazole,bacterial DNA inhibitor,0.162986888444039
BRD-K79239947-001-06-8,GJA1,20,-0.583584576697133,0.00690764530681402,PRISM_secondary_AUC,PF-573228,focal adhesion kinase inhibitor,0.160615743082015
BRD-K79239947-001-06-8,PLAGL1,20,-0.606317127965568,0.00459676153383441,PRISM_secondary_AUC,PF-573228,focal adhesion kinase inhibitor,0.233698545300176
BRD-K79239947-001-06-8,POSTN,20,-0.580227591192663,0.0073180041373807,PRISM_secondary_AUC,PF-573228,focal adhesion kinase inhibitor,0.215018440675219
BRD-K79239947-001-06-8,PTN,20,-0.541113657613638,0.0137474923457339,PRISM_secondary_AUC,PF-573228,focal adhesion kinase inhibitor,0.202003969161804
BRD-K79254416-001-21-8,AR,22,0.736552744987813,9.27284366961048e-05,PRISM_secondary_AUC,decitabine,DNA methyltransferase inhibitor,0.0576012032696939
BRD-K79254416-001-21-8,CD44,22,-0.611949495314593,0.00247219763065778,PRISM_secondary_AUC,decitabine,DNA methyltransferase inhibitor,0.0847610616225523
BRD-K79254416-001-21-8,CEBPA,22,0.546363109516664,0.00851768314984358,PRISM_secondary_AUC,decitabine,DNA methyltransferase inhibitor,0.163539516476997
BRD-K79254416-001-21-8,CXCL12,22,0.675445338476474,0.000561608785652584,PRISM_secondary_AUC,decitabine,DNA methyltransferase inhibitor,0.13478610855662
BRD-K79254416-001-21-8,DBI,22,0.748255114494638,6.21126560271869e-05,PRISM_secondary_AUC,decitabine,DNA methyltransferase inhibitor,0.0298140748930497
BRD-K79254416-001-21-8,DKK3,22,-0.552636589897335,0.00764747287479369,PRISM_secondary_AUC,decitabine,DNA methyltransferase inhibitor,0.224742059993937
BRD-K79254416-001-21-8,DNAJB4,22,-0.59541031976555,0.00346111734492706,PRISM_secondary_AUC,decitabine,DNA methyltransferase inhibitor,0.127795101966538
BRD-K79254416-001-21-8,ESR1,22,0.552948902208163,0.00760614728975649,PRISM_secondary_AUC,decitabine,DNA methyltransferase inhibitor,0.228184418692695
BRD-K79254416-001-21-8,ETS1,22,-0.520128555197492,0.0130872709493677,PRISM_secondary_AUC,decitabine,DNA methyltransferase inhibitor,0.241928589910256
BRD-K79254416-001-21-8,FHL1,22,-0.542677405572717,0.00906589608726915,PRISM_secondary_AUC,decitabine,DNA methyltransferase inhibitor,0.161171485995896
BRD-K79254416-001-21-8,FOSL1,22,-0.547373143807582,0.0083723152098261,PRISM_secondary_AUC,decitabine,DNA methyltransferase inhibitor,0.237147109160517
BRD-K79254416-001-21-8,FOXF2,22,-0.638326620753435,0.00138940657731098,PRISM_secondary_AUC,decitabine,DNA methyltransferase inhibitor,0.157862415282767
BRD-K79254416-001-21-8,GJB1,22,0.559163707456434,0.0068213686844388,PRISM_secondary_AUC,decitabine,DNA methyltransferase inhibitor,0.20782862048577
BRD-K79254416-001-21-8,IGFBP5,22,0.548644375109635,0.00819226712107245,PRISM_secondary_AUC,decitabine,DNA methyltransferase inhibitor,0.226862781814314
BRD-K79254416-001-21-8,MYB,22,0.668410818740637,0.000673115355737619,PRISM_secondary_AUC,decitabine,DNA methyltransferase inhibitor,0.145151348370934
BRD-K79254416-001-21-8,PBX1,22,0.643887213616194,0.00122220467915024,PRISM_secondary_AUC,decitabine,DNA methyltransferase inhibitor,0.107691189691704
BRD-K79254416-001-21-8,RARA,22,0.651871643191594,0.00101221291017009,PRISM_secondary_AUC,decitabine,DNA methyltransferase inhibitor,0.0790687048813912
BRD-K79254416-001-21-8,SLC1A3,22,-0.524120769985192,0.0122852942419219,PRISM_secondary_AUC,decitabine,DNA methyltransferase inhibitor,0.22327542923316
BRD-K79254416-001-21-8,SOX3,22,0.727486127860999,0.000124745789691372,PRISM_secondary_AUC,decitabine,DNA methyltransferase inhibitor,0.179633937155576
BRD-K79254416-001-21-8,TBX3,22,0.610808862518108,0.00253172197068314,PRISM_secondary_AUC,decitabine,DNA methyltransferase inhibitor,0.0964809662308276
BRD-K79254416-001-21-8,XBP1,22,0.536667730746535,0.0100218328904554,PRISM_secondary_AUC,decitabine,DNA methyltransferase inhibitor,0.244600667156878
BRD-K79254416-001-22-6,CD44,18,-0.563521420735421,0.0148742804288999,PRISM_secondary_AUC,decitabine,DNA methyltransferase inhibitor,0.187885647522946
BRD-K79254416-001-22-6,DKK3,18,-0.717579699464052,0.000800186801985696,PRISM_secondary_AUC,decitabine,DNA methyltransferase inhibitor,0.137051264989002
BRD-K79254416-001-22-6,FOXF2,18,-0.68331555762055,0.00177167214634562,PRISM_secondary_AUC,decitabine,DNA methyltransferase inhibitor,0.157862415282767
BRD-K79254416-001-22-6,LOX,18,-0.600627769076105,0.00839310432959368,PRISM_secondary_AUC,decitabine,DNA methyltransferase inhibitor,0.231375825522891
BRD-K79254416-001-22-6,PTHLH,18,-0.60303923984427,0.00806780090629144,PRISM_secondary_AUC,decitabine,DNA methyltransferase inhibitor,0.178732820077841
BRD-K79254416-001-22-6,SLC1A3,18,-0.579045638610305,0.011800750412192,PRISM_secondary_AUC,decitabine,DNA methyltransferase inhibitor,0.22327542923316
BRD-K79259477-001-04-9,PLAGL1,21,-0.650147588784743,0.0014199316211726,PRISM_secondary_AUC,NVP-BHG712,ephrin inhibitor,0.182466034216484
BRD-K79555887-001-01-0,CEBPA,20,0.528607153121459,0.0165671301766256,PRISM_secondary_AUC,RI-1,,0.215835672994781
BRD-K79555887-001-01-0,PTN,20,-0.512229056650088,0.0209409866674048,PRISM_secondary_AUC,RI-1,,0.236518806681604
BRD-K79555887-001-01-0,SREBF2,20,0.648260551912716,0.00199272979564415,PRISM_secondary_AUC,RI-1,,0.154948658158848
BRD-K79555887-001-01-0,TBX3,20,0.614796812623599,0.00391829195833883,PRISM_secondary_AUC,RI-1,,0.103878743291829
BRD-K79633074-001-01-8,CEBPA,20,0.54506611723566,0.0129417019307309,PRISM_secondary_AUC,xilobam,,0.188158466322418
BRD-K79633074-001-01-8,DNAJB4,20,-0.614577749830909,0.00393471034499058,PRISM_secondary_AUC,xilobam,,0.128534546658683
BRD-K79633074-001-01-8,IGFBP5,20,0.581412292072191,0.00717096797379801,PRISM_secondary_AUC,xilobam,,0.223911896265843
BRD-K79633074-001-01-8,RARA,20,0.603185487296782,0.00487065177746117,PRISM_secondary_AUC,xilobam,,0.152472577381393
BRD-K79684402-300-02-8,IER3,19,0.665728642206555,0.00186282350986802,PRISM_secondary_AUC,Ro-10-5824,dopamine receptor agonist,0.127736469248093
BRD-K79821389-001-03-5,ADAMTS5,22,-0.688404554013426,0.000397189964811747,PRISM_secondary_AUC,rubitecan,topoisomerase inhibitor,0.205108011659448
BRD-K79821389-001-03-5,DNAJB4,22,-0.499717673630717,0.0178813871183816,PRISM_secondary_AUC,rubitecan,topoisomerase inhibitor,0.245230451909234
BRD-K79821389-001-03-5,FHL1,22,-0.631073547044846,0.00163636314950101,PRISM_secondary_AUC,rubitecan,topoisomerase inhibitor,0.0547991380298014
BRD-K79821389-001-03-5,GJA1,22,-0.589099148032363,0.00391705415139503,PRISM_secondary_AUC,rubitecan,topoisomerase inhibitor,0.140031097880623
BRD-K79821389-001-03-5,NR4A1,22,0.607001693958216,0.00273921611682234,PRISM_secondary_AUC,rubitecan,topoisomerase inhibitor,0.232027718130833
BRD-K79821389-001-03-5,PTHLH,22,-0.520045172219085,0.0131044652868056,PRISM_secondary_AUC,rubitecan,topoisomerase inhibitor,0.224048765025159
BRD-K79821389-001-03-5,PTN,22,-0.619619391076392,0.00210176084958195,PRISM_secondary_AUC,rubitecan,topoisomerase inhibitor,0.0738179420340978
BRD-K79821389-001-03-5,TCF4,22,-0.68944099378882,0.000386050001751659,PRISM_secondary_AUC,rubitecan,topoisomerase inhibitor,0.166365229310564
BRD-K80480517-001-02-4,CYFIP2,22,0.714285714285714,0.000188329318605602,PRISM_secondary_AUC,repsox,TGF beta receptor inhibitor,0.0580579565377456
BRD-K80480517-001-02-4,RARA,22,0.568605307735743,0.00575819339992729,PRISM_secondary_AUC,repsox,TGF beta receptor inhibitor,0.16634994117331
BRD-K80480517-001-02-4,SLC1A3,22,-0.552795031055901,0.00762648461578274,PRISM_secondary_AUC,repsox,TGF beta receptor inhibitor,0.192880175700404
BRD-K80608265-001-01-6,PTHLH,22,-0.506493506493507,0.0161541090386241,PRISM_secondary_AUC,erteberel,estrogen receptor agonist,0.239813577480605
BRD-K80725821-300-02-9,MMP14,21,-0.579016729556869,0.0059534683849033,PRISM_secondary_AUC,RS-16566,serotonin receptor antagonist,0.209097426201482
BRD-K81074237-001-02-3,SREBF2,20,0.66787766204382,0.00129060930283399,PRISM_secondary_AUC,azilsartan,angiotensin receptor antagonist,0.154948658158848
BRD-K81197548-003-01-4,CAV1,21,-0.676638095973201,0.00075642864628815,PRISM_secondary_AUC,NSC-632839,ubiquitin specific protease inhibitor,0.108471643795376
BRD-K81197548-003-01-4,CD44,21,-0.697792781494881,0.000436703230888029,PRISM_secondary_AUC,NSC-632839,ubiquitin specific protease inhibitor,0.0369913324987507
BRD-K81197548-003-01-4,CEBPA,21,0.623377817034763,0.00253463013838295,PRISM_secondary_AUC,NSC-632839,ubiquitin specific protease inhibitor,0.13518027404709
BRD-K81197548-003-01-4,DKK3,21,-0.611420434032712,0.0032298359644743,PRISM_secondary_AUC,NSC-632839,ubiquitin specific protease inhibitor,0.193790157868458
BRD-K81197548-003-01-4,DNAJB4,21,-0.582598908000441,0.00558126874351064,PRISM_secondary_AUC,NSC-632839,ubiquitin specific protease inhibitor,0.147686512206438
BRD-K81197548-003-01-4,ETS1,21,-0.660579448328727,0.00111602877249956,PRISM_secondary_AUC,NSC-632839,ubiquitin specific protease inhibitor,0.104827115552243
BRD-K81197548-003-01-4,ETS2,21,-0.7306998371694,0.000168601588682255,PRISM_secondary_AUC,NSC-632839,ubiquitin specific protease inhibitor,0.0809287625674825
BRD-K81197548-003-01-4,FHL1,21,-0.64782339861531,0.00149640519107028,PRISM_secondary_AUC,NSC-632839,ubiquitin specific protease inhibitor,0.0525566701253952
BRD-K81197548-003-01-4,FOSL1,21,-0.642745528950382,0.00167565089299668,PRISM_secondary_AUC,NSC-632839,ubiquitin specific protease inhibitor,0.134052071439734
BRD-K81197548-003-01-4,FOXF2,21,-0.665639204939016,0.00098973867491651,PRISM_secondary_AUC,NSC-632839,ubiquitin specific protease inhibitor,0.150698593796544
BRD-K81197548-003-01-4,GADD45G,21,0.650881956696003,0.0013964660198486,PRISM_secondary_AUC,NSC-632839,ubiquitin specific protease inhibitor,0.191864239338836
BRD-K81197548-003-01-4,GJB1,21,0.534735421076907,0.01250646414085,PRISM_secondary_AUC,NSC-632839,ubiquitin specific protease inhibitor,0.240124111504319
BRD-K81197548-003-01-4,GRHL1,21,0.629389634442273,0.00223555203990518,PRISM_secondary_AUC,NSC-632839,ubiquitin specific protease inhibitor,0.183118625227783
BRD-K81197548-003-01-4,HBEGF,21,-0.648996083488246,0.00145739656263003,PRISM_secondary_AUC,NSC-632839,ubiquitin specific protease inhibitor,0.209865105018725
BRD-K81197548-003-01-4,IGFBP5,21,0.701167856961772,0.000398368951759811,PRISM_secondary_AUC,NSC-632839,ubiquitin specific protease inhibitor,0.0637390322815697
BRD-K81197548-003-01-4,KDM2A,21,0.766233766233766,5.12030429851037e-05,PRISM_secondary_AUC,NSC-632839,ubiquitin specific protease inhibitor,0.0737323818985494
BRD-K81197548-003-01-4,LOX,21,-0.606558243702432,0.00355479805284831,PRISM_secondary_AUC,NSC-632839,ubiquitin specific protease inhibitor,0.212921750862405
BRD-K81197548-003-01-4,NGF,21,-0.650226051802742,0.00141740866892067,PRISM_secondary_AUC,NSC-632839,ubiquitin specific protease inhibitor,0.141034839117308
BRD-K81197548-003-01-4,PBX1,21,0.631168831168831,0.00215294861135979,PRISM_secondary_AUC,NSC-632839,ubiquitin specific protease inhibitor,0.119240230783004
BRD-K81197548-003-01-4,PLAU,21,-0.638254277180897,0.00184895590416621,PRISM_secondary_AUC,NSC-632839,ubiquitin specific protease inhibitor,0.204807423230719
BRD-K81197548-003-01-4,PTHLH,21,-0.639236743886919,0.00180980983647487,PRISM_secondary_AUC,NSC-632839,ubiquitin specific protease inhibitor,0.116091668607512
BRD-K81197548-003-01-4,RARA,21,0.617520757217367,0.00285757124851912,PRISM_secondary_AUC,NSC-632839,ubiquitin specific protease inhibitor,0.117568645653358
BRD-K81197548-003-01-4,SERPINE1,21,-0.628595445529299,0.00227327419638312,PRISM_secondary_AUC,NSC-632839,ubiquitin specific protease inhibitor,0.143369699561437
BRD-K81225797-001-02-3,BAALC,19,0.62583725300312,0.00415413653865368,PRISM_secondary_AUC,SCH-58261,adenosine receptor antagonist,0.248745363890534
BRD-K81330143-001-04-8,CEBPA,22,0.558441558441558,0.00690896248865598,PRISM_secondary_AUC,tideglusib,glycogen synthase kinase inhibitor,0.153795555486954
BRD-K81330143-001-04-8,DNAJB4,22,-0.70412196499153,0.000254788160145728,PRISM_secondary_AUC,tideglusib,glycogen synthase kinase inhibitor,0.0589293550962454
BRD-K81330143-001-04-8,ETS1,22,-0.553924336533032,0.00747826241378773,PRISM_secondary_AUC,tideglusib,glycogen synthase kinase inhibitor,0.200972801335382
BRD-K81330143-001-04-8,FHL1,22,-0.556497263956288,0.00714943595993858,PRISM_secondary_AUC,tideglusib,glycogen synthase kinase inhibitor,0.139124159220426
BRD-K81330143-001-04-8,FOSL1,22,-0.556904851351784,0.00709845980147265,PRISM_secondary_AUC,tideglusib,glycogen synthase kinase inhibitor,0.237147109160517
BRD-K81330143-001-04-8,IGFBP5,22,0.675889328063241,0.000555137220115531,PRISM_secondary_AUC,tideglusib,glycogen synthase kinase inhibitor,0.0726725088151241
BRD-K81330143-001-04-8,PBX1,22,0.716544325239978,0.00017579345075638,PRISM_secondary_AUC,tideglusib,glycogen synthase kinase inhibitor,0.0466482815472442
BRD-K81330143-001-04-8,PLAGL1,22,-0.579497340250436,0.00470642903729521,PRISM_secondary_AUC,tideglusib,glycogen synthase kinase inhibitor,0.233698545300176
BRD-K81330143-001-04-8,RARA,22,0.72557876905703,0.000132584206218783,PRISM_secondary_AUC,tideglusib,glycogen synthase kinase inhibitor,0.0272744652792924
BRD-K81332461-001-01-4,ESR1,21,-0.716934289831822,0.000255027117624326,PRISM_secondary_AUC,maxacalcitol,vitamin D receptor agonist,0.0629751916638788
BRD-K81332461-001-01-4,FOSL1,21,0.53127193115341,0.0132005706869701,PRISM_secondary_AUC,maxacalcitol,vitamin D receptor agonist,0.247902914885968
BRD-K81332461-001-01-4,FST,21,0.642839253476127,0.00167218562244137,PRISM_secondary_AUC,maxacalcitol,vitamin D receptor agonist,0.147813943413425
BRD-K81332461-001-01-4,GRHL1,21,-0.626524202389736,0.00237417620884975,PRISM_secondary_AUC,maxacalcitol,vitamin D receptor agonist,0.183118625227783
BRD-K81332461-001-01-4,LOX,21,0.561424612742118,0.00809169440814773,PRISM_secondary_AUC,maxacalcitol,vitamin D receptor agonist,0.231375825522891
BRD-K81332461-001-01-4,PTN,21,0.544019057096024,0.0107909877545187,PRISM_secondary_AUC,maxacalcitol,vitamin D receptor agonist,0.180793722318462
BRD-K81332461-001-01-4,ZEB2,21,0.774878581279265,3.71352687131935e-05,PRISM_secondary_AUC,maxacalcitol,vitamin D receptor agonist,0.0178249289823329
BRD-K81473043-001-19-5,PTN,20,0.575868461136891,0.00788042712003175,PRISM_secondary_AUC,tanespimycin,HSP inhibitor,0.149313355958496
BRD-K81473043-001-19-5,S100A10,20,0.545621898646982,0.0128315183415049,PRISM_secondary_AUC,tanespimycin,HSP inhibitor,0.249459562790091
BRD-K81548480-001-01-2,IER3,20,-0.521366770681348,0.0184001745385828,PRISM_secondary_AUC,AC-264613,PAR agonist,0.247036486701962
BRD-K81548480-001-01-2,TBX3,20,0.534533739943425,0.0151782451802953,PRISM_secondary_AUC,AC-264613,PAR agonist,0.203934086485308
BRD-K81613478-001-01-8,CTSV,20,-0.731352704412109,0.000248281885713501,PRISM_secondary_AUC,gastrodin,,0.126402926400929
BRD-K81645907-001-01-1,CD151,19,0.740220289529694,0.000290368641061323,PRISM_secondary_AUC,captamine,,0.209065421564152
BRD-K81728688-001-04-4,CD44,19,0.551464689897464,0.0143825064179833,PRISM_secondary_AUC,WZ8040,EGFR inhibitor,0.187885647522946
BRD-K81801188-001-02-8,PTHLH,22,-0.541501976284585,0.00924671307982479,PRISM_secondary_AUC,PP-121,protein tyrosine kinase inhibitor,0.198735325894742
BRD-K81839095-001-30-1,CAV1,16,-0.702668173039197,0.00240040088317918,PRISM_secondary_AUC,estrone,"estrogen receptor agonist, estrogenic hormone",0.124843023780815
BRD-K81839095-001-30-1,CEBPA,16,0.642343955522659,0.00729270567243112,PRISM_secondary_AUC,estrone,"estrogen receptor agonist, estrogenic hormone",0.153795555486954
BRD-K81839095-001-30-1,DCBLD2,16,-0.720813290185439,0.00163005921459041,PRISM_secondary_AUC,estrone,"estrogen receptor agonist, estrogenic hormone",0.20716281660071
BRD-K81839095-001-30-1,ETV1,16,-0.654203469409185,0.00597123874522966,PRISM_secondary_AUC,estrone,"estrogen receptor agonist, estrogenic hormone",0.212683704498722
BRD-K81839095-001-30-1,FOSL1,16,-0.688427287598799,0.00319195643201659,PRISM_secondary_AUC,estrone,"estrogen receptor agonist, estrogenic hormone",0.164157759360853
BRD-K81839095-001-30-1,FST,16,-0.666387392948623,0.00482004723781115,PRISM_secondary_AUC,estrone,"estrogen receptor agonist, estrogenic hormone",0.248186318231838
BRD-K81839095-001-30-1,GJB1,16,0.645436942237404,0.006927620682859,PRISM_secondary_AUC,estrone,"estrogen receptor agonist, estrogenic hormone",0.20782862048577
BRD-K81839095-001-30-1,HRH1,16,-0.685358955581054,0.00338733165497466,PRISM_secondary_AUC,estrone,"estrogen receptor agonist, estrogenic hormone",0.212076416659283
BRD-K81839095-001-30-1,POSTN,16,-0.868274321739219,1.29345471064179e-05,PRISM_secondary_AUC,estrone,"estrogen receptor agonist, estrogenic hormone",0.0186257478332418
BRD-K81839095-001-30-1,PTN,16,-0.713737754041597,0.00190198468996367,PRISM_secondary_AUC,estrone,"estrogen receptor agonist, estrogenic hormone",0.0702271270140433
BRD-K81839095-001-30-1,TMEM158,16,-0.757494549320847,0.000677061260009023,PRISM_secondary_AUC,estrone,"estrogen receptor agonist, estrogenic hormone",0.243742053603248
BRD-K82122102-323-01-1,ZBTB16,19,0.739765987202741,0.000294211203023313,PRISM_secondary_AUC,amfenac,cyclooxygenase inhibitor,0.211832066176785
BRD-K82135108-001-04-3,PTN,22,-0.600344862900182,0.00313641222741757,PRISM_secondary_AUC,elesclomol,oxidative stress inducer,0.0903286721496261
BRD-K82244583-001-01-3,CEBPA,20,0.496031606969009,0.0261242355283238,PRISM_secondary_AUC,MEK162,MEK inhibitor,0.24114678949222
BRD-K82244583-001-01-3,CYFIP2,20,0.612913145566004,0.00406134053882884,PRISM_secondary_AUC,MEK162,MEK inhibitor,0.125404454613222
BRD-K82244583-001-01-3,FOXF2,20,-0.61990139493639,0.00355147221492928,PRISM_secondary_AUC,MEK162,MEK inhibitor,0.180622064644528
BRD-K82244583-001-01-3,IGFBP5,20,0.582333396065347,0.00705832657032808,PRISM_secondary_AUC,MEK162,MEK inhibitor,0.223911896265843
BRD-K82244583-001-01-3,RARA,20,0.747397005057347,0.000152176153694342,PRISM_secondary_AUC,MEK162,MEK inhibitor,0.0273917076649816
BRD-K82746043-001-19-3,AXL,22,-0.746721405857922,6.55408667288037e-05,PRISM_secondary_AUC,navitoclax,BCL inhibitor,0.0471894240447387
BRD-K82746043-001-19-3,BDNF,22,-0.729708780182744,0.000116121389346713,PRISM_secondary_AUC,navitoclax,BCL inhibitor,0.0976692310478537
BRD-K82746043-001-19-3,CACNA1H,22,0.731798456932245,0.000108489593159385,PRISM_secondary_AUC,navitoclax,BCL inhibitor,0.156225014149514
BRD-K82746043-001-19-3,CAV1,22,-0.646278480396633,0.00115575043563779,PRISM_secondary_AUC,navitoclax,BCL inhibitor,0.108471643795376
BRD-K82746043-001-19-3,CD44,22,-0.658145740828078,0.000869552565547492,PRISM_secondary_AUC,navitoclax,BCL inhibitor,0.0521731539328496
BRD-K82746043-001-19-3,CEBPA,22,0.698311566336331,0.000301195918830229,PRISM_secondary_AUC,navitoclax,BCL inhibitor,0.0495316465257698
BRD-K82746043-001-19-3,CYFIP2,22,0.614537130276261,0.00234152001438029,PRISM_secondary_AUC,navitoclax,BCL inhibitor,0.100970676408489
BRD-K82746043-001-19-3,DCBLD2,22,-0.652407765755471,0.000999290034840171,PRISM_secondary_AUC,navitoclax,BCL inhibitor,0.148669525521995
BRD-K82746043-001-19-3,DKK3,22,-0.743067771902669,7.43785510787803e-05,PRISM_secondary_AUC,navitoclax,BCL inhibitor,0.0535525567767218
BRD-K82746043-001-19-3,DNAJB4,22,-0.733887011786497,0.000101300672819798,PRISM_secondary_AUC,navitoclax,BCL inhibitor,0.0589293550962454
BRD-K82746043-001-19-3,EPHA2,22,-0.786676382454486,1.41118053742808e-05,PRISM_secondary_AUC,navitoclax,BCL inhibitor,0.0203209997389644
BRD-K82746043-001-19-3,ESR1,22,0.553453394253474,0.00753978193179079,PRISM_secondary_AUC,navitoclax,BCL inhibitor,0.228184418692695
BRD-K82746043-001-19-3,ETS1,22,-0.6592933358426,0.000845409895714852,PRISM_secondary_AUC,navitoclax,BCL inhibitor,0.0901545136886725
BRD-K82746043-001-19-3,ETS2,22,-0.6592933358426,0.000845409895714852,PRISM_secondary_AUC,navitoclax,BCL inhibitor,0.202898374971564
BRD-K82746043-001-19-3,FHL1,22,-0.483410537304382,0.0226542309732855,PRISM_secondary_AUC,navitoclax,BCL inhibitor,0.244005205787291
BRD-K82746043-001-19-3,FOSL1,22,-0.664071227192633,0.000750944867386447,PRISM_secondary_AUC,navitoclax,BCL inhibitor,0.102906601477334
BRD-K82746043-001-19-3,FOXF2,22,-0.633867328102551,0.0015371657263226,PRISM_secondary_AUC,navitoclax,BCL inhibitor,0.157862415282767
BRD-K82746043-001-19-3,FST,22,-0.648941055684987,0.00108539842820218,PRISM_secondary_AUC,navitoclax,BCL inhibitor,0.130247811384262
BRD-K82746043-001-19-3,GJB1,22,0.543795289825653,0.00889663988663378,PRISM_secondary_AUC,navitoclax,BCL inhibitor,0.218152956540731
BRD-K82746043-001-19-3,HBEGF,22,-0.73618220181554,9.38809206980679e-05,PRISM_secondary_AUC,navitoclax,BCL inhibitor,0.088778578453949
BRD-K82746043-001-19-3,HRH1,22,-0.590604401712376,0.00380399021161479,PRISM_secondary_AUC,navitoclax,BCL inhibitor,0.228239412696887
BRD-K82746043-001-19-3,IER3,22,-0.531910289230714,0.0108359196083471,PRISM_secondary_AUC,navitoclax,BCL inhibitor,0.201720652412208
BRD-K82746043-001-19-3,IL15,22,-0.66732650094425,0.000691884254362497,PRISM_secondary_AUC,navitoclax,BCL inhibitor,0.0766394866370766
BRD-K82746043-001-19-3,IL6,22,-0.700072263137115,0.000286420870589931,PRISM_secondary_AUC,navitoclax,BCL inhibitor,0.20622302682475
BRD-K82746043-001-19-3,LOX,22,-0.69027840123468,0.000377246589536884,PRISM_secondary_AUC,navitoclax,BCL inhibitor,0.108647017786623
BRD-K82746043-001-19-3,MET,22,-0.716673086568675,0.000175101086569071,PRISM_secondary_AUC,navitoclax,BCL inhibitor,0.140315040290794
BRD-K82746043-001-19-3,MMP14,22,-0.793786090931211,1.038057951718e-05,PRISM_secondary_AUC,navitoclax,BCL inhibitor,0.0149480345047392
BRD-K82746043-001-19-3,NGF,22,-0.653329674522797,0.000977396755164061,PRISM_secondary_AUC,navitoclax,BCL inhibitor,0.135639160626051
BRD-K82746043-001-19-3,NT5E,22,-0.640931815610256,0.00130880128842234,PRISM_secondary_AUC,navitoclax,BCL inhibitor,0.188467385532817
BRD-K82746043-001-19-3,OPTN,22,-0.710935111496067,0.000208347898369278,PRISM_secondary_AUC,navitoclax,BCL inhibitor,0.15001048682588
BRD-K82746043-001-19-3,PBX1,22,0.557157379550187,0.00706702770746551,PRISM_secondary_AUC,navitoclax,BCL inhibitor,0.169608664979172
BRD-K82746043-001-19-3,PLAU,22,-0.673064476016858,0.000597426664940483,PRISM_secondary_AUC,navitoclax,BCL inhibitor,0.17266496787374
BRD-K82746043-001-19-3,S100A2,22,-0.58240446986966,0.00445456140620115,PRISM_secondary_AUC,navitoclax,BCL inhibitor,0.246714170189602
BRD-K82746043-001-19-3,TGFB2,22,-0.754543722047884,4.96344216163126e-05,PRISM_secondary_AUC,navitoclax,BCL inhibitor,0.02382452237583
BRD-K82746043-001-19-3,TGFBI,22,-0.694868781292766,0.00033199256681042,PRISM_secondary_AUC,navitoclax,BCL inhibitor,0.106954942709039
BRD-K82746043-001-19-3,TGFBR2,22,-0.611094345232697,0.00251671185920195,PRISM_secondary_AUC,navitoclax,BCL inhibitor,0.226504067328176
BRD-K82746043-001-19-3,UGCG,22,-0.668474095958772,0.000672033654452463,PRISM_secondary_AUC,navitoclax,BCL inhibitor,0.1524625325673
BRD-K82746043-001-19-3,XBP1,22,0.698311566336331,0.000301195918830229,PRISM_secondary_AUC,navitoclax,BCL inhibitor,0.0762289074755202
BRD-K82818427-001-02-2,TBX3,22,0.561829474872953,0.00650594238746237,PRISM_secondary_AUC,batimastat,matrix metalloprotease inhibitor,0.138274377160852
BRD-K82818427-001-04-8,BDNF,21,-0.671792862097526,0.000852673470390578,PRISM_secondary_AUC,batimastat,matrix metalloprotease inhibitor,0.245569959472486
BRD-K82818427-001-04-8,CACNA1H,21,0.634986652550129,0.00198432201265665,PRISM_secondary_AUC,batimastat,matrix metalloprotease inhibitor,0.184753912185442
BRD-K82818427-001-04-8,CAV1,21,-0.565909020706814,0.00749459670552658,PRISM_secondary_AUC,batimastat,matrix metalloprotease inhibitor,0.199855912147376
BRD-K82818427-001-04-8,CEBPA,21,0.610524145824313,0.0032877973905153,PRISM_secondary_AUC,batimastat,matrix metalloprotease inhibitor,0.140371673879831
BRD-K82818427-001-04-8,CYFIP2,21,0.686940773094847,0.000582078857760674,PRISM_secondary_AUC,batimastat,matrix metalloprotease inhibitor,0.0903176545381611
BRD-K82818427-001-04-8,EPHA2,21,-0.726087959603201,0.000194196537067224,PRISM_secondary_AUC,batimastat,matrix metalloprotease inhibitor,0.139821506688401
BRD-K82818427-001-04-8,FOSL1,21,-0.530168876485012,0.0134280745563233,PRISM_secondary_AUC,batimastat,matrix metalloprotease inhibitor,0.247902914885968
BRD-K82818427-001-04-8,GATA4,21,0.801864781372679,1.23702992306542e-05,PRISM_secondary_AUC,batimastat,matrix metalloprotease inhibitor,0.017813230892142
BRD-K82818427-001-04-8,UGCG,21,-0.623837756480918,0.00251062293443332,PRISM_secondary_AUC,batimastat,matrix metalloprotease inhibitor,0.230153648553243
BRD-K82861010-001-02-5,ESR1,16,-0.677248518909529,0.00395050582720233,PRISM_secondary_AUC,daclatasvir,HCV inhibitor,0.158044522271685
BRD-K82861010-001-02-5,ETS1,16,0.64300360209173,0.00721358956279856,PRISM_secondary_AUC,daclatasvir,HCV inhibitor,0.199760941739037
BRD-K82861010-001-02-5,LOX,16,0.649344086803516,0.0064873764917561,PRISM_secondary_AUC,daclatasvir,HCV inhibitor,0.212921750862405
BRD-K83003151-057-02-4,CD44,19,-0.549868869826768,0.0147267950108024,PRISM_secondary_AUC,alogliptin,dipeptidyl peptidase inhibitor,0.187885647522946
BRD-K83003151-057-02-4,S100A10,19,-0.567318591919892,0.0112995636416959,PRISM_secondary_AUC,alogliptin,dipeptidyl peptidase inhibitor,0.249459562790091
BRD-K83003151-057-02-4,TBX3,19,0.695615153282336,0.000942896414477616,PRISM_secondary_AUC,alogliptin,dipeptidyl peptidase inhibitor,0.0879919674421732
BRD-K83003151-057-02-4,YBX1,19,-0.760761257283698,0.000155668462367034,PRISM_secondary_AUC,alogliptin,dipeptidyl peptidase inhibitor,0.195953005073199
BRD-K83022601-001-01-0,CD151,18,0.778476168734475,0.000141583456117926,PRISM_secondary_AUC,CI-844,,0.203880176809814
BRD-K83029223-001-01-3,ESR1,21,0.668973792617999,0.000913315816062019,PRISM_secondary_AUC,litronesib,kinesin-like spindle protein inhibitor,0.0939410553663791
BRD-K83029223-001-01-3,ETS1,21,-0.572141284127796,0.00672536765241185,PRISM_secondary_AUC,litronesib,kinesin-like spindle protein inhibitor,0.197643457540267
BRD-K83029223-001-01-3,FHL1,21,-0.595753590687524,0.0043754319384535,PRISM_secondary_AUC,litronesib,kinesin-like spindle protein inhibitor,0.101622935344727
BRD-K83029223-001-01-3,GRHL1,21,0.64921624675309,0.00145016957678004,PRISM_secondary_AUC,litronesib,kinesin-like spindle protein inhibitor,0.160634168504866
BRD-K83029223-001-01-3,PLAGL1,21,-0.597930869300034,0.00419850233490525,PRISM_secondary_AUC,litronesib,kinesin-like spindle protein inhibitor,0.229631229036609
BRD-K83029223-001-01-3,ZEB2,21,-0.701903531690995,0.000390406811763947,PRISM_secondary_AUC,litronesib,kinesin-like spindle protein inhibitor,0.0936976348233472
BRD-K83508485-001-02-7,CD44,19,0.621139230295237,0.00453386707622722,PRISM_secondary_AUC,FK-888,tachykinin antagonist,0.105707478187367
BRD-K83508485-001-02-7,DBI,19,-0.675930204031098,0.00148906480957585,PRISM_secondary_AUC,FK-888,tachykinin antagonist,0.119002723678035
BRD-K83508485-001-02-7,EPHB2,19,0.7615225501647,0.000151937275710394,PRISM_secondary_AUC,FK-888,tachykinin antagonist,0.218789677022967
BRD-K83508485-001-02-7,IL15,19,0.607390698857245,0.00581202184571811,PRISM_secondary_AUC,FK-888,tachykinin antagonist,0.215932831470013
BRD-K83508485-001-02-7,PPARA,19,0.820930374657293,1.65468101946571e-05,PRISM_secondary_AUC,FK-888,tachykinin antagonist,0.0238274066803063
BRD-K83508485-001-02-7,SLC1A3,19,0.707919375814161,0.000695899633797902,PRISM_secondary_AUC,FK-888,tachykinin antagonist,0.0921669084516871
BRD-K83508485-001-02-7,STAT5A,19,0.875404517107915,9.21433258465103e-07,PRISM_secondary_AUC,FK-888,tachykinin antagonist,0.00132686389218975
BRD-K83699324-001-01-1,ANPEP,20,-0.650982468406105,0.00187953393725412,PRISM_secondary_AUC,NMS-1286937,PLK inhibitor,0.220275412710353
BRD-K83699324-001-01-1,CD44,20,-0.588465158303096,0.00634483830078973,PRISM_secondary_AUC,NMS-1286937,PLK inhibitor,0.118656716274509
BRD-K83699324-001-01-1,DNAJB4,20,-0.691725657290685,0.000728551497274837,PRISM_secondary_AUC,NMS-1286937,PLK inhibitor,0.0667023579981936
BRD-K83699324-001-01-1,FHL1,20,-0.664650872797074,0.00138913420560105,PRISM_secondary_AUC,NMS-1286937,PLK inhibitor,0.0525566701253952
BRD-K83699324-001-01-1,LOX,20,-0.5916083307012,0.00600273212705308,PRISM_secondary_AUC,NMS-1286937,PLK inhibitor,0.212921750862405
BRD-K83699324-001-01-1,PTHLH,20,-0.739506358386261,0.000194438090052815,PRISM_secondary_AUC,NMS-1286937,PLK inhibitor,0.0726425607127321
BRD-K83699324-001-01-1,TGFB2,20,-0.612632066088316,0.00408305207938899,PRISM_secondary_AUC,NMS-1286937,PLK inhibitor,0.209985535511434
BRD-K83699324-001-01-1,ZEB2,20,-0.647530677558718,0.00202403432106583,PRISM_secondary_AUC,NMS-1286937,PLK inhibitor,0.138790924873085
BRD-K83834509-001-01-1,CEBPA,21,0.498946237117843,0.0213069772207139,PRISM_secondary_AUC,PTC-209,BMI-1 inhibitor,0.23438974369893
BRD-K84163249-001-01-9,MAP1LC3A,21,0.72987012987013,0.00017297913582145,PRISM_secondary_AUC,ercalcitriol,vitamin D receptor agonist,0.249089955582888
BRD-K84163249-001-01-9,NKX2-5,21,0.700745309642597,0.000403004652914807,PRISM_secondary_AUC,ercalcitriol,vitamin D receptor agonist,0.230679506857608
BRD-K84163249-001-01-9,PTN,21,0.514405771275083,0.0170411058417683,PRISM_secondary_AUC,ercalcitriol,vitamin D receptor agonist,0.221182500472768
BRD-K84163249-001-01-9,TP63,21,0.734533749534995,0.000149589991377278,PRISM_secondary_AUC,ercalcitriol,vitamin D receptor agonist,0.21540958758328
BRD-K84466663-001-05-4,CDX1,21,-0.66396493717482,0.00103011160392391,PRISM_secondary_AUC,nelarabine,"DNA synthesis inhibitor, T cell inhibitor",0.185420088706303
BRD-K84466663-001-05-4,PTN,21,-0.506037975157651,0.0192551280855586,PRISM_secondary_AUC,nelarabine,"DNA synthesis inhibitor, T cell inhibitor",0.227273642977085
BRD-K84783599-001-01-0,CEBPA,20,0.500437080387035,0.0246238162138334,PRISM_secondary_AUC,riociguat,guanylate cyclase stimulant,0.239701486934372
BRD-K84783599-001-01-0,GJA1,20,-0.529430558628142,0.016368294913891,PRISM_secondary_AUC,riociguat,guanylate cyclase stimulant,0.207117966485648
BRD-K84783599-001-01-0,GJB1,20,0.668201332718625,0.00128105952204986,PRISM_secondary_AUC,riociguat,guanylate cyclase stimulant,0.104817214801887
BRD-K84783599-001-01-0,MYCN,20,0.661320365967566,0.00149737985826329,PRISM_secondary_AUC,riociguat,guanylate cyclase stimulant,0.152401522523339
BRD-K84783599-001-01-0,OPTN,20,-0.61056254679135,0.0042458848218791,PRISM_secondary_AUC,riociguat,guanylate cyclase stimulant,0.249787525037684
BRD-K84783599-001-01-0,XBP1,20,0.624711228129812,0.00323235956383452,PRISM_secondary_AUC,riociguat,guanylate cyclase stimulant,0.143542551584774
BRD-K84868168-001-01-0,CAV1,21,-0.616081589490328,0.00294198469443981,PRISM_secondary_AUC,erdafitinib,FGFR inhibitor,0.132389311249792
BRD-K84868168-001-01-0,DNAJB4,21,-0.50870557671917,0.0185256275333234,PRISM_secondary_AUC,erdafitinib,FGFR inhibitor,0.248357672295077
BRD-K84868168-001-01-0,ESR1,21,0.639915879477156,0.00178315991043925,PRISM_secondary_AUC,erdafitinib,FGFR inhibitor,0.113464152208224
BRD-K84868168-001-01-0,ETS1,21,-0.591971672711592,0.00469747843188736,PRISM_secondary_AUC,erdafitinib,FGFR inhibitor,0.178009708997837
BRD-K84868168-001-01-0,FHL1,21,-0.553163992065783,0.00929374399810014,PRISM_secondary_AUC,erdafitinib,FGFR inhibitor,0.162537971164616
BRD-K84868168-001-01-0,FOSL1,21,-0.542581402538994,0.0110433095223419,PRISM_secondary_AUC,erdafitinib,FGFR inhibitor,0.239519517763814
BRD-K84868168-001-01-0,GJA1,21,-0.490386464026443,0.024012327729113,PRISM_secondary_AUC,erdafitinib,FGFR inhibitor,0.242837307581377
BRD-K84868168-001-01-0,GJB1,21,0.63216065588545,0.00210802492348019,PRISM_secondary_AUC,erdafitinib,FGFR inhibitor,0.131980690861368
BRD-K84868168-001-01-0,GRHL1,21,0.674239122392699,0.000802857071939844,PRISM_secondary_AUC,erdafitinib,FGFR inhibitor,0.128457131510375
BRD-K84868168-001-01-0,HBEGF,21,-0.644240218762102,0.00162110352858556,PRISM_secondary_AUC,erdafitinib,FGFR inhibitor,0.212217189196655
BRD-K84868168-001-01-0,MYB,21,0.593499927069056,0.00456505085453349,PRISM_secondary_AUC,erdafitinib,FGFR inhibitor,0.246258877297164
BRD-K84868168-001-01-0,POSTN,21,-0.72840850079915,0.000180929012444417,PRISM_secondary_AUC,erdafitinib,FGFR inhibitor,0.052107555583992
BRD-K84868168-001-01-0,XBP1,21,0.568831168831169,0.00712538129864702,PRISM_secondary_AUC,erdafitinib,FGFR inhibitor,0.223055414566341
BRD-K84892605-001-01-1,FN1,22,-0.719932241671372,0.000158344327036337,PRISM_secondary_AUC,IOWH032,CFTR channel antagonist,0.228015830932326
BRD-K84892605-001-01-1,IER3,22,-0.654432523997742,0.00095174489575696,PRISM_secondary_AUC,IOWH032,CFTR channel antagonist,0.0978937607064302
BRD-K84892605-001-01-1,LOX,22,-0.568605307735743,0.00575819339992729,PRISM_secondary_AUC,IOWH032,CFTR channel antagonist,0.212921750862405
BRD-K84892605-001-01-1,TGFB2,22,-0.625070581592321,0.00186797934441181,PRISM_secondary_AUC,IOWH032,CFTR channel antagonist,0.15020956548928
BRD-K85014146-001-02-5,IER3,20,-0.760902255639098,9.79655333883022e-05,PRISM_secondary_AUC,AZD2461,PARP inhibitor,0.0408550493950611
BRD-K85140930-001-12-7,FAS,15,-0.833288828362096,0.000114177783892457,PRISM_secondary_AUC,aphidicolin,RNA synthesis inhibitor,0.0822080044025688
BRD-K85140930-001-12-7,PTN,15,-0.646760186570185,0.00916691492928965,PRISM_secondary_AUC,aphidicolin,RNA synthesis inhibitor,0.162967376520705
BRD-K85751432-001-03-3,ARNT,20,0.746382734341482,0.000157122825290285,PRISM_secondary_AUC,refametinib,MEK inhibitor,0.1606347712831
BRD-K85751432-001-03-3,CYFIP2,20,0.59385313368766,0.00576780532177559,PRISM_secondary_AUC,refametinib,MEK inhibitor,0.15945073045956
BRD-K85751432-001-03-3,RARA,20,0.669378294791172,0.00124683321034818,PRISM_secondary_AUC,refametinib,MEK inhibitor,0.0790687048813912
BRD-K85849709-001-01-5,CD44,21,-0.53551598865329,0.0123542018121793,PRISM_secondary_AUC,AZD2858,glycogen synthase kinase inhibitor,0.176139114945922
BRD-K85872723-001-15-9,EP300,17,0.75231302734261,0.00049395437747809,PRISM_secondary_AUC,kynurenic-acid,glutamate receptor antagonist,0.14225886071369
BRD-K85872723-001-15-9,GJA1,17,-0.56272903348965,0.0186885124820915,PRISM_secondary_AUC,kynurenic-acid,glutamate receptor antagonist,0.215291663793694
BRD-K85872723-001-15-9,MYCN,17,0.710231734562358,0.00139981326128175,PRISM_secondary_AUC,kynurenic-acid,glutamate receptor antagonist,0.152401522523339
BRD-K85872723-001-15-9,PTN,17,-0.723581705819854,0.00102609443169074,PRISM_secondary_AUC,kynurenic-acid,glutamate receptor antagonist,0.046787522253416
BRD-K85872723-001-15-9,SREBF2,17,0.695303374203101,0.0019435733802325,PRISM_secondary_AUC,kynurenic-acid,glutamate receptor antagonist,0.154948658158848
BRD-K85872723-001-15-9,TBX3,17,0.620102697101512,0.00791891688382476,PRISM_secondary_AUC,kynurenic-acid,glutamate receptor antagonist,0.150256667231026
BRD-K85920262-001-02-1,GJA1,21,0.569875156212481,0.00699716005618056,PRISM_secondary_AUC,WAY-600,mTOR inhibitor,0.160615743082015
BRD-K86003836-001-10-5,ANPEP,22,-0.619209138371667,0.00212031218107962,PRISM_secondary_AUC,flubendazole,tubulin polymerization inhibitor,0.220275412710353
BRD-K86003836-001-10-5,DNAJB4,22,-0.586674195369848,0.00410510668063783,PRISM_secondary_AUC,flubendazole,tubulin polymerization inhibitor,0.128534546658683
BRD-K86003836-001-10-5,FHL1,22,-0.506779741897249,0.0160842325630733,PRISM_secondary_AUC,flubendazole,tubulin polymerization inhibitor,0.206797275810943
BRD-K86003836-001-10-5,GJA1,22,-0.494210694658023,0.0193924781319053,PRISM_secondary_AUC,flubendazole,tubulin polymerization inhibitor,0.216474174495687
BRD-K86003836-001-10-5,IER3,22,-0.5742518351214,0.00519094275015464,PRISM_secondary_AUC,flubendazole,tubulin polymerization inhibitor,0.163233513377931
BRD-K86003836-001-10-5,PTN,22,-0.609415229100752,0.00260608361571553,PRISM_secondary_AUC,flubendazole,tubulin polymerization inhibitor,0.0833026220846105
BRD-K86118762-001-01-8,GJA1,22,-0.507775133170613,0.0158431391926534,PRISM_secondary_AUC,linsitinib,IGF-1 inhibitor,0.203697503905543
BRD-K86525559-001-07-8,CD44,21,-0.723411047948364,0.000210533515210208,PRISM_secondary_AUC,AZD7762,CHK inhibitor,0.0356120013215665
BRD-K86525559-001-07-8,CEBPA,21,0.567261614327132,0.00732178717845759,PRISM_secondary_AUC,AZD7762,CHK inhibitor,0.153795555486954
BRD-K86525559-001-07-8,CYFIP2,21,0.707448693055742,0.000334653294893114,PRISM_secondary_AUC,AZD7762,CHK inhibitor,0.0690739648880989
BRD-K86525559-001-07-8,DKK3,21,-0.550643054904212,0.00968837470849641,PRISM_secondary_AUC,AZD7762,CHK inhibitor,0.232520993003914
BRD-K86525559-001-07-8,DNAJB4,21,-0.614090740865329,0.00306218695232562,PRISM_secondary_AUC,AZD7762,CHK inhibitor,0.119177005712133
BRD-K86525559-001-07-8,ETS1,21,-0.574089919040905,0.00649866874857208,PRISM_secondary_AUC,AZD7762,CHK inhibitor,0.195178271623871
BRD-K86525559-001-07-8,FHL1,21,-0.709551806708043,0.000315370992478109,PRISM_secondary_AUC,AZD7762,CHK inhibitor,0.0292334858566522
BRD-K86525559-001-07-8,FOSL1,21,-0.576743828760659,0.00620009134082986,PRISM_secondary_AUC,AZD7762,CHK inhibitor,0.22503072507118
BRD-K86525559-001-07-8,FOXF2,21,-0.632722980518955,0.00208290686831428,PRISM_secondary_AUC,AZD7762,CHK inhibitor,0.157862415282767
BRD-K86525559-001-07-8,FST,21,-0.646130226536151,0.00155428034293934,PRISM_secondary_AUC,AZD7762,CHK inhibitor,0.147813943413425
BRD-K86525559-001-07-8,GJB1,21,0.587692310603847,0.00508536545833191,PRISM_secondary_AUC,AZD7762,CHK inhibitor,0.183073156499949
BRD-K86525559-001-07-8,IER3,21,-0.567653336401577,0.00727235696602217,PRISM_secondary_AUC,AZD7762,CHK inhibitor,0.174536567184532
BRD-K86525559-001-07-8,IL15,21,-0.574033379948539,0.00650515637798526,PRISM_secondary_AUC,AZD7762,CHK inhibitor,0.215932831470013
BRD-K86525559-001-07-8,MMP14,21,-0.615014608422892,0.0030059055523237,PRISM_secondary_AUC,AZD7762,CHK inhibitor,0.183209563560898
BRD-K86525559-001-07-8,NGF,21,-0.621539608340857,0.00263250884302956,PRISM_secondary_AUC,AZD7762,CHK inhibitor,0.17530360994232
BRD-K86525559-001-07-8,PBX1,21,0.532467532467532,0.0129575197899504,PRISM_secondary_AUC,AZD7762,CHK inhibitor,0.209649758399197
BRD-K86525559-001-07-8,PTHLH,21,-0.597759550581279,0.00421220476499359,PRISM_secondary_AUC,AZD7762,CHK inhibitor,0.151639371539769
BRD-K86525559-001-07-8,SLC1A3,21,-0.654586775555221,0.00128301772451673,PRISM_secondary_AUC,AZD7762,CHK inhibitor,0.0921669084516871
BRD-K86525559-001-07-8,TGFBI,21,-0.762110634883995,5.94016497551371e-05,PRISM_secondary_AUC,AZD7762,CHK inhibitor,0.0427691878236987
BRD-K86525559-001-07-8,TGFBR2,21,-0.639378028431822,0.00180423823782013,PRISM_secondary_AUC,AZD7762,CHK inhibitor,0.196181342428326
BRD-K86525559-001-07-8,XBP1,21,0.558374421181295,0.00851971885668726,PRISM_secondary_AUC,AZD7762,CHK inhibitor,0.23361372924776
BRD-K86687746-001-01-3,ETV1,15,0.749986149968144,0.00128131288448009,PRISM_secondary_AUC,R306465,HDAC inhibitor,0.167676285524588
BRD-K86727142-001-12-4,FHL1,19,-0.590815182531956,0.00772979834766694,PRISM_secondary_AUC,embelin,"HCV inhibitor, XIAP inhibitor",0.144557267800525
BRD-K86727142-001-12-4,IER3,19,-0.667705441543067,0.0017848720196076,PRISM_secondary_AUC,embelin,"HCV inhibitor, XIAP inhibitor",0.127736469248093
BRD-K86727142-001-12-4,PTHLH,19,-0.664636036876233,0.00190711052280954,PRISM_secondary_AUC,embelin,"HCV inhibitor, XIAP inhibitor",0.116091668607512
BRD-K86887724-001-10-6,CAV1,21,-0.668133460532529,0.000932085832445044,PRISM_secondary_AUC,dofetilide,potassium channel blocker,0.108471643795376
BRD-K86887724-001-10-6,CD44,21,-0.572141284127796,0.00672536765241185,PRISM_secondary_AUC,dofetilide,potassium channel blocker,0.124160633582988
BRD-K86887724-001-10-6,CEBPA,21,0.664904527665792,0.00100728606435676,PRISM_secondary_AUC,dofetilide,potassium channel blocker,0.0973281974376798
BRD-K86887724-001-10-6,ETS1,21,-0.604813487091522,0.00367786069045724,PRISM_secondary_AUC,dofetilide,potassium channel blocker,0.176537313141947
BRD-K86887724-001-10-6,FHL1,21,-0.638648719319776,0.00183315468944392,PRISM_secondary_AUC,dofetilide,potassium channel blocker,0.0599941534727101
BRD-K86887724-001-10-6,FOSL1,21,-0.626607145684831,0.00237006455984181,PRISM_secondary_AUC,dofetilide,potassium channel blocker,0.155131498462373
BRD-K86887724-001-10-6,GJB1,21,0.702538289489778,0.000383646721903668,PRISM_secondary_AUC,dofetilide,potassium channel blocker,0.104817214801887
BRD-K86887724-001-10-6,GRHL1,21,0.589220128430118,0.00494394563960288,PRISM_secondary_AUC,dofetilide,potassium channel blocker,0.244516492782628
BRD-K86887724-001-10-6,HRH1,21,-0.668877186632817,0.000915457187837158,PRISM_secondary_AUC,dofetilide,potassium channel blocker,0.18832262149793
BRD-K86887724-001-10-6,ITGB1,21,-0.666319943405915,0.000973711716126617,PRISM_secondary_AUC,dofetilide,potassium channel blocker,0.249199843213319
BRD-K86887724-001-10-6,MYCN,21,0.68447488462556,0.000620326692770782,PRISM_secondary_AUC,dofetilide,potassium channel blocker,0.148715704717394
BRD-K86887724-001-10-6,NGF,21,-0.621390898429672,0.00264056372115997,PRISM_secondary_AUC,dofetilide,potassium channel blocker,0.17530360994232
BRD-K86887724-001-10-6,PBX1,21,0.645817791301117,0.0015651636183939,PRISM_secondary_AUC,dofetilide,potassium channel blocker,0.107691189691704
BRD-K86887724-001-10-6,SERPINE1,21,-0.646636036065022,0.00153679651947762,PRISM_secondary_AUC,dofetilide,potassium channel blocker,0.110649349402389
BRD-K86887724-001-10-6,TGFBR2,21,-0.656068867353516,0.00123986984549454,PRISM_secondary_AUC,dofetilide,potassium channel blocker,0.167436220939433
BRD-K86887724-001-10-6,XBP1,21,0.669807060549363,0.00089502144400018,PRISM_secondary_AUC,dofetilide,potassium channel blocker,0.0920593485257328
BRD-K86930074-001-05-0,FHL1,21,-0.509773618805879,0.0182398481046878,PRISM_secondary_AUC,cediranib,"KIT inhibitor, VEGFR inhibitor",0.220717489670172
BRD-K86930074-001-05-0,PBX1,21,0.516397956139584,0.0165454578899701,PRISM_secondary_AUC,cediranib,"KIT inhibitor, VEGFR inhibitor",0.243116932260786
BRD-K87024524-065-17-7,GJA1,19,-0.538163824649688,0.0174582818441683,PRISM_secondary_AUC,phenelzine,monoamine oxidase inhibitor,0.214871161158994
BRD-K87024524-065-17-7,PERP,19,0.806323065412705,3.0559253140845e-05,PRISM_secondary_AUC,phenelzine,monoamine oxidase inhibitor,0.0440053245228168
BRD-K87036601-001-01-6,CTSB,19,0.754655762192085,0.000188518243970794,PRISM_secondary_AUC,azodicarbonamide,DNA synthesis inhibitor,0.101638543300694
BRD-K87124298-001-03-4,ZBTB16,22,0.724086791248317,0.000139009748193422,PRISM_secondary_AUC,OSI-027,mTOR inhibitor,0.200174037398527
BRD-K87510569-001-02-8,AR,22,0.602216957436457,0.00302011166366539,PRISM_secondary_AUC,RS-504393,CC chemokine receptor antagonist,0.217165624670238
BRD-K87510569-001-02-8,CAV1,22,-0.637108186942,0.00142852817823726,PRISM_secondary_AUC,RS-504393,CC chemokine receptor antagonist,0.108471643795376
BRD-K87510569-001-02-8,CD44,22,-0.557312252964427,0.00704780769381294,PRISM_secondary_AUC,RS-504393,CC chemokine receptor antagonist,0.126860538488633
BRD-K87510569-001-02-8,CEBPA,22,0.590062111801242,0.00384440412646234,PRISM_secondary_AUC,RS-504393,CC chemokine receptor antagonist,0.140371673879831
BRD-K87510569-001-02-8,GJB1,22,0.601664333534399,0.00305405916837005,PRISM_secondary_AUC,RS-504393,CC chemokine receptor antagonist,0.15164983456734
BRD-K87510569-001-02-8,HBEGF,22,-0.644268774703557,0.00121138812673141,PRISM_secondary_AUC,RS-504393,CC chemokine receptor antagonist,0.209865105018725
BRD-K87510569-001-02-8,MYCN,22,0.693981600008317,0.000340354514144161,PRISM_secondary_AUC,RS-504393,CC chemokine receptor antagonist,0.110298849055463
BRD-K87510569-001-02-8,NR4A1,22,0.613777526821005,0.00237926187009199,PRISM_secondary_AUC,RS-504393,CC chemokine receptor antagonist,0.214133568308279
BRD-K87510569-001-02-8,OPTN,22,-0.601355166572558,0.00307319060953297,PRISM_secondary_AUC,RS-504393,CC chemokine receptor antagonist,0.202339339577317
BRD-K87510569-001-02-8,TBX3,22,0.564088085827216,0.00624824203930299,PRISM_secondary_AUC,RS-504393,CC chemokine receptor antagonist,0.13632528085752
BRD-K87510569-001-02-8,XBP1,22,0.614906832298137,0.0023233343577543,PRISM_secondary_AUC,RS-504393,CC chemokine receptor antagonist,0.123866191995401
BRD-K87512222-019-01-7,CD44,15,-0.687456660199619,0.00462470217069729,PRISM_secondary_AUC,taltobulin,tubulin polymerization inhibitor,0.105707478187367
BRD-K87512222-019-01-7,POSTN,15,-0.678948167998272,0.00538093701946181,PRISM_secondary_AUC,taltobulin,tubulin polymerization inhibitor,0.215018440675219
BRD-K87512222-019-01-7,PTHLH,15,-0.740607375502614,0.00158792420298484,PRISM_secondary_AUC,taltobulin,tubulin polymerization inhibitor,0.116091668607512
BRD-K87737963-001-06-0,FHL1,22,-0.491525502174589,0.0201656894407444,PRISM_secondary_AUC,cyt387,,0.234182199957031
BRD-K87737963-001-06-0,ITGB1,22,-0.698475437605872,0.000299793612749137,PRISM_secondary_AUC,cyt387,,0.249199843213319
BRD-K87737963-001-06-0,PBX1,22,0.521174477696217,0.0128731495499878,PRISM_secondary_AUC,cyt387,,0.209649758399197
BRD-K87737963-001-06-0,PDGFRB,22,-0.700367155858227,0.000284008374664841,PRISM_secondary_AUC,cyt387,,0.136324019839124
BRD-K87737963-001-06-0,POSTN,22,-0.561476332079762,0.00654701980994275,PRISM_secondary_AUC,cyt387,,0.215018440675219
BRD-K87827419-001-16-8,CD44,22,-0.564088085827216,0.00624824203930299,PRISM_secondary_AUC,melphalan,"DNA alkylating agent, DNA inhibitor",0.118387743902583
BRD-K87827419-001-16-8,CEBPA,22,0.500846979107849,0.0175835891038024,PRISM_secondary_AUC,melphalan,"DNA alkylating agent, DNA inhibitor",0.222108493942767
BRD-K87827419-001-16-8,DCBLD2,22,-0.715415019762846,0.000181968033632624,PRISM_secondary_AUC,melphalan,"DNA alkylating agent, DNA inhibitor",0.0873446561436595
BRD-K87827419-001-16-8,DNAJB4,22,-0.640880858272163,0.00131033894440303,PRISM_secondary_AUC,melphalan,"DNA alkylating agent, DNA inhibitor",0.0877832102795848
BRD-K87827419-001-16-8,ESR1,22,0.555367320273128,0.00729234118984134,PRISM_secondary_AUC,melphalan,"DNA alkylating agent, DNA inhibitor",0.228184418692695
BRD-K87827419-001-16-8,ETS1,22,-0.53811405985319,0.00978453856522305,PRISM_secondary_AUC,melphalan,"DNA alkylating agent, DNA inhibitor",0.222879423118307
BRD-K87827419-001-16-8,ETV1,22,-0.577639751552795,0.00487350102115696,PRISM_secondary_AUC,melphalan,"DNA alkylating agent, DNA inhibitor",0.203523952690609
BRD-K87827419-001-16-8,FHL1,22,-0.617514222846927,0.00219842786428681,PRISM_secondary_AUC,melphalan,"DNA alkylating agent, DNA inhibitor",0.0673560877568723
BRD-K87827419-001-16-8,FST,22,-0.640294098379009,0.00132815552456682,PRISM_secondary_AUC,melphalan,"DNA alkylating agent, DNA inhibitor",0.147118765798171
BRD-K87827419-001-16-8,GJA1,22,-0.655182178060922,0.000934637894714642,PRISM_secondary_AUC,melphalan,"DNA alkylating agent, DNA inhibitor",0.112156547365757
BRD-K87827419-001-16-8,IER3,22,-0.557312252964427,0.00704780769381294,PRISM_secondary_AUC,melphalan,"DNA alkylating agent, DNA inhibitor",0.172014289476112
BRD-K87827419-001-16-8,IL15,22,-0.557312252964427,0.00704780769381294,PRISM_secondary_AUC,melphalan,"DNA alkylating agent, DNA inhibitor",0.215932831470013
BRD-K87827419-001-16-8,LOX,22,-0.6386222473179,0.00138005293568726,PRISM_secondary_AUC,melphalan,"DNA alkylating agent, DNA inhibitor",0.152867402106897
BRD-K87827419-001-16-8,NR4A1,22,0.697346132128741,0.000309572790786061,PRISM_secondary_AUC,melphalan,"DNA alkylating agent, DNA inhibitor",0.124962490189526
BRD-K87827419-001-16-8,PTHLH,22,-0.637492941840768,0.00141607468409869,PRISM_secondary_AUC,melphalan,"DNA alkylating agent, DNA inhibitor",0.116091668607512
BRD-K87827419-001-16-8,PTN,22,-0.766445943948108,3.18724504188341e-05,PRISM_secondary_AUC,melphalan,"DNA alkylating agent, DNA inhibitor",0.0114740821507803
BRD-K87827419-001-16-8,S100A10,22,-0.562958780350085,0.00637601293424885,PRISM_secondary_AUC,melphalan,"DNA alkylating agent, DNA inhibitor",0.249459562790091
BRD-K87827419-001-16-8,TGFB2,22,-0.566346696781479,0.00599906534513705,PRISM_secondary_AUC,melphalan,"DNA alkylating agent, DNA inhibitor",0.239962613805482
BRD-K87827419-001-16-8,XBP1,22,0.568605307735743,0.00575819339992729,PRISM_secondary_AUC,melphalan,"DNA alkylating agent, DNA inhibitor",0.202238987704763
BRD-K87827419-001-16-8,YBX1,22,-0.619424054206663,0.00211057667205784,PRISM_secondary_AUC,melphalan,"DNA alkylating agent, DNA inhibitor",0.230021770438404
BRD-K87827419-001-16-8,ZEB2,22,-0.669874014906858,0.000648480122028125,PRISM_secondary_AUC,melphalan,"DNA alkylating agent, DNA inhibitor",0.106260261552127
BRD-K87990216-001-10-2,DNAJB4,17,0.572925773829387,0.0162191914196272,PRISM_secondary_AUC,piretanide,glucocorticoid receptor agonist,0.237832384076735
BRD-K87990216-001-10-2,FHL1,17,0.680629331726822,0.00263593037738386,PRISM_secondary_AUC,piretanide,glucocorticoid receptor agonist,0.0765303074211635
BRD-K87990216-001-10-2,POSTN,17,0.627418452166576,0.00701517043644009,PRISM_secondary_AUC,piretanide,glucocorticoid receptor agonist,0.215018440675219
BRD-K87990216-001-10-2,PTHLH,17,0.584686265051405,0.0136976190503211,PRISM_secondary_AUC,piretanide,glucocorticoid receptor agonist,0.224048765025159
BRD-K88510285-001-17-8,CD44,21,-0.506493506493507,0.0191289511347524,PRISM_secondary_AUC,bortezomib,"NFkB pathway inhibitor, proteasome inhibitor",0.217121739607018
BRD-K88510285-001-17-8,ESR1,21,0.650795156949032,0.00139922238087136,PRISM_secondary_AUC,bortezomib,"NFkB pathway inhibitor, proteasome inhibitor",0.100744011422738
BRD-K88510285-001-17-8,FHL2,21,-0.675324675324675,0.000781556365628229,PRISM_secondary_AUC,bortezomib,"NFkB pathway inhibitor, proteasome inhibitor",0.194233996934152
BRD-K88510285-001-17-8,FOSL1,21,-0.552948171374487,0.00932700533769288,PRISM_secondary_AUC,bortezomib,"NFkB pathway inhibitor, proteasome inhibitor",0.237147109160517
BRD-K88510285-001-17-8,S100A2,21,-0.598344824432885,0.00416554626733642,PRISM_secondary_AUC,bortezomib,"NFkB pathway inhibitor, proteasome inhibitor",0.239935464998578
BRD-K88568253-011-19-9,CCND2,18,-0.698611247249637,0.00125889905179972,PRISM_secondary_AUC,iproniazid,monoamine oxidase inhibitor,0.225196543605332
BRD-K88625236-001-04-2,TBX21,22,0.673954339117978,0.000583817010421325,PRISM_secondary_AUC,nonoxynol-9,membrane integrity inhibitor,0.192091941614574
BRD-K88789588-001-14-9,CEBPA,21,0.53054600267971,0.0133499378935139,PRISM_secondary_AUC,letrozole,aromatase inhibitor,0.188158466322418
BRD-K88789588-001-14-9,FHL1,21,-0.494849332942889,0.0225696736310175,PRISM_secondary_AUC,letrozole,aromatase inhibitor,0.244005205787291
BRD-K88789588-001-14-9,GJA1,21,-0.658334089770139,0.00117629782808116,PRISM_secondary_AUC,letrozole,aromatase inhibitor,0.112924591495791
BRD-K88789588-001-14-9,PLAGL1,21,-0.582713585632016,0.0055696791497778,PRISM_secondary_AUC,letrozole,aromatase inhibitor,0.243040544717577
BRD-K88789588-001-14-9,POSTN,21,-0.615721956567382,0.00296340135561704,PRISM_secondary_AUC,letrozole,aromatase inhibitor,0.215018440675219
BRD-K88789588-001-14-9,PTN,21,-0.580051936062512,0.00584386043998776,PRISM_secondary_AUC,letrozole,aromatase inhibitor,0.132034116497778
BRD-K88789588-001-14-9,TBX3,21,0.615301965206287,0.00298857735737828,PRISM_secondary_AUC,letrozole,aromatase inhibitor,0.0964809662308276
BRD-K89014967-001-04-3,ARNT,22,0.708639186900057,0.000223103849004306,PRISM_secondary_AUC,AS-703026,MEK inhibitor,0.1606347712831
BRD-K89014967-001-04-3,CYFIP2,22,0.53811405985319,0.00978453856522305,PRISM_secondary_AUC,AS-703026,MEK inhibitor,0.22237862333888
BRD-K89014967-001-04-3,PBX1,22,0.50197628458498,0.017289810771101,PRISM_secondary_AUC,AS-703026,MEK inhibitor,0.248973275103854
BRD-K89014967-001-04-3,RARA,22,0.611518915866742,0.00249452747768515,PRISM_secondary_AUC,AS-703026,MEK inhibitor,0.112253736495832
BRD-K89121095-001-01-7,CD44,22,-0.548277809147374,0.00824385413837579,PRISM_secondary_AUC,tedizolid-phosphate,protein synthesis inhibitor,0.139660587756013
BRD-K89121095-001-01-7,IL15,22,-0.621682665160926,0.00201052580350342,PRISM_secondary_AUC,tedizolid-phosphate,protein synthesis inhibitor,0.163333419827275
BRD-K89121095-001-01-7,PTHLH,22,-0.5742518351214,0.00519094275015464,PRISM_secondary_AUC,tedizolid-phosphate,protein synthesis inhibitor,0.155728282504639
BRD-K89121095-001-01-7,TGFB2,22,-0.630717108977979,0.00164940064136735,PRISM_secondary_AUC,tedizolid-phosphate,protein synthesis inhibitor,0.148446057723061
BRD-K89162000-001-06-4,BACE1,19,-0.715393466495035,0.000574373291307331,PRISM_secondary_AUC,tandutinib,"FLT3 inhibitor, KIT inhibitor, PDGFR tyrosine kinase receptor inhibitor",0.230524139158015
BRD-K89299012-001-06-0,VEGFA,21,-0.78822918984758,2.19825189947688e-05,PRISM_secondary_AUC,DCEBIO,potassium channel activator,0.0316548273524671
BRD-K89490285-001-08-1,PLAGL1,20,-0.70774806949339,0.000481292368127151,PRISM_secondary_AUC,bentazepam,benzodiazepine receptor agonist,0.173265252525774
BRD-K89561498-001-01-7,CD44,16,-0.696538473122981,0.00271888513195995,PRISM_secondary_AUC,SN-38,topoisomerase inhibitor,0.0898103226775567
BRD-K89561498-001-01-7,CYFIP2,16,0.681644748158582,0.00363660384497188,PRISM_secondary_AUC,SN-38,topoisomerase inhibitor,0.121783942715337
BRD-K89561498-001-01-7,DNAJB4,16,-0.66328467368601,0.00509470793566379,PRISM_secondary_AUC,SN-38,topoisomerase inhibitor,0.141793822254304
BRD-K89561498-001-01-7,ETS1,16,-0.624105082668805,0.00976794092465294,PRISM_secondary_AUC,SN-38,topoisomerase inhibitor,0.222879423118307
BRD-K89561498-001-01-7,FHL1,16,-0.608876234820089,0.0123056033472218,PRISM_secondary_AUC,SN-38,topoisomerase inhibitor,0.184584050208326
BRD-K89561498-001-01-7,FHL2,16,-0.738767287087799,0.00107907776074529,PRISM_secondary_AUC,SN-38,topoisomerase inhibitor,0.194233996934152
BRD-K89561498-001-01-7,IER3,16,-0.805446352917361,0.000166233821377358,PRISM_secondary_AUC,SN-38,topoisomerase inhibitor,0.0408550493950611
BRD-K89561498-001-01-7,SLC1A3,16,-0.653658833942218,0.00602740062459757,PRISM_secondary_AUC,SN-38,topoisomerase inhibitor,0.169548978503566
BRD-K89714990-001-01-5,TBX3,21,0.663757174392815,0.00103521757265804,PRISM_secondary_AUC,tepoxalin,"cyclooxygenase inhibitor, lipoxygenase inhibitor",0.0879919674421732
BRD-K89839824-001-05-3,GJA1,22,-0.606043514706353,0.00279363366713346,PRISM_secondary_AUC,raltitrexed,thymidylate synthase inhibitor,0.129768789699103
BRD-K89839824-001-05-3,PLAGL1,22,-0.56820109580111,0.00580070052153765,PRISM_secondary_AUC,raltitrexed,thymidylate synthase inhibitor,0.245676727971006
BRD-K89839824-001-05-3,PTN,22,-0.490366672718279,0.0205069467689861,PRISM_secondary_AUC,raltitrexed,thymidylate synthase inhibitor,0.234365105931269
BRD-K90027121-003-01-7,STAT1,16,0.74963948091134,0.000827205561868692,PRISM_secondary_AUC,amprolium,thiamine uptake blocker,0.238235201818183
BRD-K90027355-001-13-3,CAV1,20,-0.62340202767817,0.00331676082500134,PRISM_secondary_AUC,spironolactone,mineralocorticoid receptor antagonist,0.134010903814789
BRD-K90027355-001-13-3,CD44,20,-0.574403864197885,0.00807713153640004,PRISM_secondary_AUC,spironolactone,mineralocorticoid receptor antagonist,0.139334286316004
BRD-K90027355-001-13-3,CEBPA,20,0.523586550772286,0.0178217751633869,PRISM_secondary_AUC,spironolactone,mineralocorticoid receptor antagonist,0.223159619437193
BRD-K90027355-001-13-3,ELF4,20,-0.756406912034393,0.00011378220542679,PRISM_secondary_AUC,spironolactone,mineralocorticoid receptor antagonist,0.163846375814578
BRD-K90027355-001-13-3,EXT1,20,-0.76464334937933,8.628099082169e-05,PRISM_secondary_AUC,spironolactone,mineralocorticoid receptor antagonist,0.124244626783234
BRD-K90027355-001-13-3,FOSL1,20,-0.545642734175194,0.0128274024771825,PRISM_secondary_AUC,spironolactone,mineralocorticoid receptor antagonist,0.247902914885968
BRD-K90027355-001-13-3,NGF,20,-0.597475788067945,0.00540465887923219,PRISM_secondary_AUC,spironolactone,mineralocorticoid receptor antagonist,0.246580277522668
BRD-K90382497-001-10-7,ANPEP,22,-0.585875799718447,0.00416864874898761,PRISM_secondary_AUC,GW-843682X,PLK inhibitor,0.225167598471809
BRD-K90382497-001-10-7,DNAJB4,22,-0.52343308865048,0.0124205025461777,PRISM_secondary_AUC,GW-843682X,PLK inhibitor,0.205580731798803
BRD-K90382497-001-10-7,FHL1,22,-0.533333418451508,0.0105869142893731,PRISM_secondary_AUC,GW-843682X,PLK inhibitor,0.175231684789624
BRD-K90497590-001-04-2,BACE1,21,-0.669735124434813,0.000896588427126783,PRISM_secondary_AUC,AR-12,phosphoinositide dependent kinase inhibitor,0.230524139158015
BRD-K90497590-001-04-2,IER3,21,-0.522804878672333,0.0150296290015636,PRISM_secondary_AUC,AR-12,phosphoinositide dependent kinase inhibitor,0.231513074394701
BRD-K90497590-001-04-2,S100A10,21,-0.545808717192394,0.0104834737262285,PRISM_secondary_AUC,AR-12,phosphoinositide dependent kinase inhibitor,0.249459562790091
BRD-K90497590-001-04-2,TBX3,21,0.536758485146685,0.0121149420800957,PRISM_secondary_AUC,AR-12,phosphoinositide dependent kinase inhibitor,0.183637016793029
BRD-K90497590-001-04-2,UGCG,21,-0.679220779220779,0.00070901743659015,PRISM_secondary_AUC,AR-12,phosphoinositide dependent kinase inhibitor,0.1524625325673
BRD-K90574421-001-03-5,CAV1,15,-0.638891293722367,0.0103504685217986,PRISM_secondary_AUC,ipsapirone,serotonin receptor agonist,0.244338929039179
BRD-K90574421-001-03-5,POSTN,15,-0.664973248588359,0.00683206949826539,PRISM_secondary_AUC,ipsapirone,serotonin receptor agonist,0.215018440675219
BRD-K90647725-001-07-3,UBB,17,0.804647207743029,9.81982653962155e-05,PRISM_secondary_AUC,oleanolic-acid,G protein-coupled receptor agonist,0.14140550217055
BRD-K90947825-001-02-7,SREBF2,21,0.606791156645177,0.00353863298486739,PRISM_secondary_AUC,carboplatin,"DNA alkylating agent, DNA inhibitor",0.179733712564276
BRD-K90948141-001-01-4,CD44,19,-0.665025676338376,0.00189121769331211,PRISM_secondary_AUC,indiplon,benzodiazepine receptor agonist,0.0698295763684472
BRD-K90948141-001-01-4,DCBLD2,19,-0.6588017863066,0.00215869345562989,PRISM_secondary_AUC,indiplon,benzodiazepine receptor agonist,0.20716281660071
BRD-K90948141-001-01-4,DNAJB4,19,-0.606981842500079,0.00585411866448236,PRISM_secondary_AUC,indiplon,benzodiazepine receptor agonist,0.150534479943832
BRD-K90948141-001-01-4,FHL2,19,-0.690578601970269,0.00106331239335871,PRISM_secondary_AUC,indiplon,benzodiazepine receptor agonist,0.194233996934152
BRD-K90948141-001-01-4,FOSL1,19,-0.561712626323782,0.012322006960307,PRISM_secondary_AUC,indiplon,benzodiazepine receptor agonist,0.246440139206141
BRD-K90948141-001-01-4,FOXF2,19,-0.585740132272161,0.00841020127484057,PRISM_secondary_AUC,indiplon,benzodiazepine receptor agonist,0.24162753617698
BRD-K90948141-001-01-4,HBEGF,19,-0.703544331542002,0.000776584523870499,PRISM_secondary_AUC,indiplon,benzodiazepine receptor agonist,0.18638028572892
BRD-K90948141-001-01-4,IER3,19,-0.62769040438534,0.00401173472210909,PRISM_secondary_AUC,indiplon,benzodiazepine receptor agonist,0.163233513377931
BRD-K90948141-001-01-4,NGF,19,-0.647475486295517,0.00272608762984949,PRISM_secondary_AUC,indiplon,benzodiazepine receptor agonist,0.17530360994232
BRD-K90948141-001-01-4,OPTN,19,-0.717174585682876,0.000548218933662047,PRISM_secondary_AUC,indiplon,benzodiazepine receptor agonist,0.157887052894669
BRD-K90948141-001-01-4,PTN,19,-0.531574552574897,0.019164509623634,PRISM_secondary_AUC,indiplon,benzodiazepine receptor agonist,0.227273642977085
BRD-K90948141-001-01-4,TGFB2,19,-0.680335351912504,0.00134826138757759,PRISM_secondary_AUC,indiplon,benzodiazepine receptor agonist,0.138678314150837
BRD-K90948141-001-01-4,UGCG,19,-0.64763909155845,0.00271709168430911,PRISM_secondary_AUC,indiplon,benzodiazepine receptor agonist,0.230153648553243
BRD-K91370081-001-25-1,AR,22,0.719598228801191,0.000159995199963416,PRISM_secondary_AUC,anisomycin,DNA synthesis inhibitor,0.0576012032696939
BRD-K91370081-001-25-1,CAV1,22,-0.632589689162269,0.00158187813868256,PRISM_secondary_AUC,anisomycin,DNA synthesis inhibitor,0.108471643795376
BRD-K91370081-001-25-1,CD44,22,-0.643139469226426,0.00124364018003649,PRISM_secondary_AUC,anisomycin,DNA synthesis inhibitor,0.0593010292159956
BRD-K91370081-001-25-1,CEBPA,22,0.714285714285714,0.000188329318605602,PRISM_secondary_AUC,anisomycin,DNA synthesis inhibitor,0.0484995355478951
BRD-K91370081-001-25-1,CXCL12,22,0.708274526972755,0.000225528669637536,PRISM_secondary_AUC,anisomycin,DNA synthesis inhibitor,0.13478610855662
BRD-K91370081-001-25-1,CYFIP2,22,0.577639751552795,0.00487350102115696,PRISM_secondary_AUC,anisomycin,DNA synthesis inhibitor,0.146205030634709
BRD-K91370081-001-25-1,DBI,22,0.739130434782609,8.50457843100561e-05,PRISM_secondary_AUC,anisomycin,DNA synthesis inhibitor,0.0306164823516202
BRD-K91370081-001-25-1,DNAJB4,22,-0.53811405985319,0.00978453856522305,PRISM_secondary_AUC,anisomycin,DNA synthesis inhibitor,0.187863140452283
BRD-K91370081-001-25-1,EPHA2,22,-0.68266516092603,0.000464017234489378,PRISM_secondary_AUC,anisomycin,DNA synthesis inhibitor,0.146253923456797
BRD-K91370081-001-25-1,ESR1,22,0.692655477777065,0.000353191501208836,PRISM_secondary_AUC,anisomycin,DNA synthesis inhibitor,0.0635744702175904
BRD-K91370081-001-25-1,ETS1,22,-0.630717108977979,0.00164940064136735,PRISM_secondary_AUC,anisomycin,DNA synthesis inhibitor,0.118756846178449
BRD-K91370081-001-25-1,ETV1,22,-0.603613777526821,0.0029357159706803,PRISM_secondary_AUC,anisomycin,DNA synthesis inhibitor,0.167676285524588
BRD-K91370081-001-25-1,ETV4,22,-0.67476002258611,0.000571724835885698,PRISM_secondary_AUC,anisomycin,DNA synthesis inhibitor,0.182968606604877
BRD-K91370081-001-25-1,ETV5,22,-0.706380575945793,0.000238492122832662,PRISM_secondary_AUC,anisomycin,DNA synthesis inhibitor,0.171714328439517
BRD-K91370081-001-25-1,FHL1,22,-0.652542477024886,0.000996065105938379,PRISM_secondary_AUC,anisomycin,DNA synthesis inhibitor,0.0441407716356814
BRD-K91370081-001-25-1,FOSL1,22,-0.690765348076299,0.000372207304063609,PRISM_secondary_AUC,anisomycin,DNA synthesis inhibitor,0.0893297529752661
BRD-K91370081-001-25-1,GADD45G,22,0.635978562497067,0.00146562960606056,PRISM_secondary_AUC,anisomycin,DNA synthesis inhibitor,0.191864239338836
BRD-K91370081-001-25-1,GATA3,22,0.690570299265952,0.000374218816497912,PRISM_secondary_AUC,anisomycin,DNA synthesis inhibitor,0.0898125159594988
BRD-K91370081-001-25-1,GJB1,22,0.560150631882215,0.00670314727849467,PRISM_secondary_AUC,anisomycin,DNA synthesis inhibitor,0.20782862048577
BRD-K91370081-001-25-1,HRH1,22,-0.616774946933212,0.00223325281716483,PRISM_secondary_AUC,anisomycin,DNA synthesis inhibitor,0.198746571836088
BRD-K91370081-001-25-1,IGFBP5,22,0.79785431959345,8.66146022564233e-06,PRISM_secondary_AUC,anisomycin,DNA synthesis inhibitor,0.00623625136246248
BRD-K91370081-001-25-1,MMP14,22,-0.577238091360571,0.00491026871405507,PRISM_secondary_AUC,anisomycin,DNA synthesis inhibitor,0.208737171059878
BRD-K91370081-001-25-1,MYB,22,0.663466967814794,0.000762369194186986,PRISM_secondary_AUC,anisomycin,DNA synthesis inhibitor,0.145151348370934
BRD-K91370081-001-25-1,NT5E,22,-0.803500846979108,6.69114171274438e-06,PRISM_secondary_AUC,anisomycin,DNA synthesis inhibitor,0.00963524406635191
BRD-K91370081-001-25-1,PBX1,22,0.793337097684924,1.05875146451817e-05,PRISM_secondary_AUC,anisomycin,DNA synthesis inhibitor,0.0152460210890617
BRD-K91370081-001-25-1,RARA,22,0.593450028232637,0.00359770283144897,PRISM_secondary_AUC,anisomycin,DNA synthesis inhibitor,0.140018704791527
BRD-K91370081-001-25-1,S100A10,22,-0.521174477696217,0.0128731495499878,PRISM_secondary_AUC,anisomycin,DNA synthesis inhibitor,0.249459562790091
BRD-K91370081-001-25-1,SERPINE1,22,-0.674576378846505,0.000574462011178923,PRISM_secondary_AUC,anisomycin,DNA synthesis inhibitor,0.082722529609765
BRD-K91370081-001-25-1,SLC1A3,22,-0.655561829474873,0.000926074814496498,PRISM_secondary_AUC,anisomycin,DNA synthesis inhibitor,0.0921669084516871
BRD-K91370081-001-25-1,TBX3,22,0.550536420101638,0.00793021299274859,PRISM_secondary_AUC,anisomycin,DNA synthesis inhibitor,0.150256667231026
BRD-K91370081-001-25-1,TGFBR2,22,-0.717673630717109,0.000169800966378333,PRISM_secondary_AUC,anisomycin,DNA synthesis inhibitor,0.1222566957924
BRD-K91370081-001-25-1,XBP1,22,0.586674195369848,0.00410510668063783,PRISM_secondary_AUC,anisomycin,DNA synthesis inhibitor,0.168895817717671
BRD-K91543828-001-02-0,CYFIP2,18,-0.605978327209063,0.00768514883562736,PRISM_secondary_AUC,pentostatin,"adenosine deaminase inhibitor, ribonucleotide reductase inhibitor",0.194522048343817
BRD-K91601245-001-12-0,FBXO32,21,0.778817251235516,3.19310852848297e-05,PRISM_secondary_AUC,mercaptopurine,"immunosuppressant, protein synthesis inhibitor, purine antagonist",0.0459807628101548
BRD-K91601245-001-12-0,ID1,21,0.74536956205135,0.000105497985688541,PRISM_secondary_AUC,mercaptopurine,"immunosuppressant, protein synthesis inhibitor, purine antagonist",0.151917099391499
BRD-K91601245-001-12-0,TBX3,21,0.593281026532574,0.00458382672439688,PRISM_secondary_AUC,mercaptopurine,"immunosuppressant, protein synthesis inhibitor, purine antagonist",0.111276107036008
BRD-K91623615-001-05-0,CD44,20,-0.623618393566125,0.00330268731849936,PRISM_secondary_AUC,ABT-751,tubulin polymerization inhibitor,0.0932523478164524
BRD-K91623615-001-05-0,COL18A1,20,-0.657013334823717,0.00164778868655823,PRISM_secondary_AUC,ABT-751,tubulin polymerization inhibitor,0.180725867093232
BRD-K91623615-001-05-0,FHL1,20,-0.504798131238284,0.0232064657898682,PRISM_secondary_AUC,ABT-751,tubulin polymerization inhibitor,0.245133775653499
BRD-K91623615-001-05-0,IER3,20,-0.706656782834003,0.000495493249533965,PRISM_secondary_AUC,ABT-751,tubulin polymerization inhibitor,0.071351027932891
BRD-K91623615-001-05-0,S100A10,20,-0.577784846847684,0.00762897340559963,PRISM_secondary_AUC,ABT-751,tubulin polymerization inhibitor,0.249459562790091
BRD-K91623615-001-05-0,SLC1A3,20,-0.663628820768176,0.00142162889505653,PRISM_secondary_AUC,ABT-751,tubulin polymerization inhibitor,0.0921669084516871
BRD-K91701654-001-03-1,GJA1,21,-0.673604981137436,0.000815527033963285,PRISM_secondary_AUC,U-0126,MEK inhibitor,0.112156547365757
BRD-K92093830-003-30-8,ACTA2,21,-0.760553330979744,6.27816340709313e-05,PRISM_secondary_AUC,doxorubicin,topoisomerase inhibitor,0.0452027765310705
BRD-K92093830-003-30-8,CTSB,21,-0.712199912482867,0.00029245297036555,PRISM_secondary_AUC,doxorubicin,topoisomerase inhibitor,0.101638543300694
BRD-K92093830-003-30-8,DBI,21,0.585215848389094,0.00532170812446641,PRISM_secondary_AUC,doxorubicin,topoisomerase inhibitor,0.222980244876676
BRD-K92093830-003-30-8,ESR1,21,0.585322155260284,0.00531137915695731,PRISM_secondary_AUC,doxorubicin,topoisomerase inhibitor,0.182542046820629
BRD-K92093830-003-30-8,FAS,21,-0.656819034011865,0.00121850262985037,PRISM_secondary_AUC,doxorubicin,topoisomerase inhibitor,0.21313064089374
BRD-K92093830-003-30-8,HOXB4,21,-0.793748989062157,1.7506861107042e-05,PRISM_secondary_AUC,doxorubicin,topoisomerase inhibitor,0.0252098799941404
BRD-K92093830-003-30-8,NR4A1,21,0.680708079617979,0.000682880498346088,PRISM_secondary_AUC,doxorubicin,topoisomerase inhibitor,0.140478273945481
BRD-K92150287-066-01-2,CD44,15,-0.58758723446208,0.0212571323382251,PRISM_secondary_AUC,exatecan-mesylate,topoisomerase inhibitor,0.228434854977941
BRD-K92150287-066-01-2,IER3,15,-0.812504308205654,0.000232342047045167,PRISM_secondary_AUC,exatecan-mesylate,topoisomerase inhibitor,0.04182156846813
BRD-K92428153-001-04-4,ANPEP,16,-0.66208379249044,0.00520431480007402,PRISM_secondary_AUC,mycophenolate-mofetil,"dehydrogenase inhibitor, inositol monophosphatase inhibitor",0.234194166003331
BRD-K92428153-001-04-4,DKK3,16,-0.647220019154627,0.00672385443382947,PRISM_secondary_AUC,mycophenolate-mofetil,"dehydrogenase inhibitor, inositol monophosphatase inhibitor",0.224742059993937
BRD-K92428153-001-04-4,DNAJB4,16,-0.694302492050198,0.00284322482879975,PRISM_secondary_AUC,mycophenolate-mofetil,"dehydrogenase inhibitor, inositol monophosphatase inhibitor",0.119177005712133
BRD-K92428153-001-04-4,ID4,16,-0.755002095796363,0.000722051944833103,PRISM_secondary_AUC,mycophenolate-mofetil,"dehydrogenase inhibitor, inositol monophosphatase inhibitor",0.246691956397171
BRD-K92428153-001-04-4,PLAGL1,16,-0.880326546011505,6.8314022443169e-06,PRISM_secondary_AUC,mycophenolate-mofetil,"dehydrogenase inhibitor, inositol monophosphatase inhibitor",0.00983721923181633
BRD-K92428232-001-10-6,ANPEP,22,-0.615819307322187,0.00227895882224822,PRISM_secondary_AUC,GSK461364,PLK inhibitor,0.220275412710353
BRD-K92428232-001-10-6,CAV1,22,-0.577238091360571,0.00491026871405507,PRISM_secondary_AUC,GSK461364,PLK inhibitor,0.160699703369075
BRD-K92428232-001-10-6,CD44,22,-0.604743083003953,0.00286894086331084,PRISM_secondary_AUC,GSK461364,PLK inhibitor,0.0898103226775567
BRD-K92428232-001-10-6,CEBPA,22,0.591191417278374,0.00376064454882123,PRISM_secondary_AUC,GSK461364,PLK inhibitor,0.140371673879831
BRD-K92428232-001-10-6,CYFIP2,22,0.518915866741954,0.0133391571769702,PRISM_secondary_AUC,GSK461364,PLK inhibitor,0.246261363267141
BRD-K92428232-001-10-6,DKK3,22,-0.61038961038961,0.00255390205921473,PRISM_secondary_AUC,GSK461364,PLK inhibitor,0.167164498421328
BRD-K92428232-001-10-6,DNAJB4,22,-0.621682665160926,0.00201052580350342,PRISM_secondary_AUC,GSK461364,PLK inhibitor,0.102291549471664
BRD-K92428232-001-10-6,ESR1,22,0.584180884193707,0.00430627026175283,PRISM_secondary_AUC,GSK461364,PLK inhibitor,0.164954988847464
BRD-K92428232-001-10-6,ETS1,22,-0.670242800677583,0.000642394257346254,PRISM_secondary_AUC,GSK461364,PLK inhibitor,0.0840952482344187
BRD-K92428232-001-10-6,ETV1,22,-0.556182947487295,0.00718895334346489,PRISM_secondary_AUC,GSK461364,PLK inhibitor,0.225045495969336
BRD-K92428232-001-10-6,FHL1,22,-0.751977521142964,5.44337766785884e-05,PRISM_secondary_AUC,GSK461364,PLK inhibitor,0.00870940426857415
BRD-K92428232-001-10-6,FLI1,22,-0.647542072612742,0.00112189408569535,PRISM_secondary_AUC,GSK461364,PLK inhibitor,0.193742725914428
BRD-K92428232-001-10-6,FOSL1,22,-0.610562012486083,0.00254476157825846,PRISM_secondary_AUC,GSK461364,PLK inhibitor,0.155210939279926
BRD-K92428232-001-10-6,FOXF2,22,-0.578400467594338,0.00480449423638288,PRISM_secondary_AUC,GSK461364,PLK inhibitor,0.19369302884378
BRD-K92428232-001-10-6,GJB1,22,0.582329184819683,0.00446093899937158,PRISM_secondary_AUC,GSK461364,PLK inhibitor,0.174600715865758
BRD-K92428232-001-10-6,HRH1,22,-0.61564532248828,0.00228736444010419,PRISM_secondary_AUC,GSK461364,PLK inhibitor,0.198746571836088
BRD-K92428232-001-10-6,LOX,22,-0.570863918690006,0.00552541090168514,PRISM_secondary_AUC,GSK461364,PLK inhibitor,0.212921750862405
BRD-K92428232-001-10-6,PBX1,22,0.546019198193111,0.00856765215489777,PRISM_secondary_AUC,GSK461364,PLK inhibitor,0.176248844329325
BRD-K92428232-001-10-6,POSTN,22,-0.654961291507775,0.000939651021325715,PRISM_secondary_AUC,GSK461364,PLK inhibitor,0.143538875915913
BRD-K92428232-001-10-6,PTHLH,22,-0.5742518351214,0.00519094275015464,PRISM_secondary_AUC,GSK461364,PLK inhibitor,0.155728282504639
BRD-K92428232-001-10-6,PTN,22,-0.497169447368706,0.0185683297905863,PRISM_secondary_AUC,GSK461364,PLK inhibitor,0.226664702183154
BRD-K92428232-001-10-6,SERPINE1,22,-0.690395590410745,0.000376028498278481,PRISM_secondary_AUC,GSK461364,PLK inhibitor,0.0731433057831524
BRD-K92428232-001-10-6,SLC1A3,22,-0.593450028232637,0.00359770283144897,PRISM_secondary_AUC,GSK461364,PLK inhibitor,0.136334002033856
BRD-K92441787-001-04-1,CAV1,22,0.582321401362767,0.00446159879081697,PRISM_secondary_AUC,bexarotene,retinoid receptor agonist,0.15405670425523
BRD-K92441787-001-04-1,CD44,22,0.555053642010164,0.00733242849072544,PRISM_secondary_AUC,bexarotene,retinoid receptor agonist,0.12876459788591
BRD-K92441787-001-04-1,IGFBP5,22,-0.588932806324111,0.00392971925419447,PRISM_secondary_AUC,bexarotene,retinoid receptor agonist,0.167994292588895
BRD-K92441787-001-04-1,PBX1,22,-0.578769057029927,0.0047713525000693,PRISM_secondary_AUC,bexarotene,retinoid receptor agonist,0.143140575002079
BRD-K92441787-001-04-1,RARA,22,-0.728966685488425,0.000118941475270589,PRISM_secondary_AUC,bexarotene,retinoid receptor agonist,0.0272744652792924
BRD-K92657060-001-05-7,BAALC,22,0.624188811908759,0.00190423003801443,PRISM_secondary_AUC,zaleplon,benzodiazepine receptor agonist,0.195863661052913
BRD-K92872987-001-02-9,TBX21,19,0.664050364504032,0.001931208206687,PRISM_secondary_AUC,cefpiramide,bacterial cell wall synthesis inhibitor,0.242710490646619
BRD-K92968657-001-01-6,SREBF2,18,0.65430537334568,0.00321878630167204,PRISM_secondary_AUC,tirapazamine,DNA inhibitor,0.179733712564276
BRD-K92991072-001-04-9,IL15,22,0.582156973461321,0.00447555613426025,PRISM_secondary_AUC,PAC-1,caspase activator,0.214826694444492
BRD-K93123848-001-04-1,CD44,21,-0.681933854642725,0.000661960520429293,PRISM_secondary_AUC,RAF265,"RAF inhibitor, VEGFR inhibitor",0.0466592494303561
BRD-K93123848-001-04-1,CEBPA,21,0.48796698006635,0.0248245603886515,PRISM_secondary_AUC,RAF265,"RAF inhibitor, VEGFR inhibitor",0.239701486934372
BRD-K93123848-001-04-1,COL18A1,21,-0.654108511276693,0.00129720953614822,PRISM_secondary_AUC,RAF265,"RAF inhibitor, VEGFR inhibitor",0.180725867093232
BRD-K93123848-001-04-1,CYFIP2,21,0.549427507321642,0.00988349437061687,PRISM_secondary_AUC,RAF265,"RAF inhibitor, VEGFR inhibitor",0.22237862333888
BRD-K93123848-001-04-1,DBI,21,0.651068162539035,0.00139056845314056,PRISM_secondary_AUC,RAF265,"RAF inhibitor, VEGFR inhibitor",0.117789327795436
BRD-K93123848-001-04-1,DKK3,21,-0.690431026899762,0.000531390687973449,PRISM_secondary_AUC,RAF265,"RAF inhibitor, VEGFR inhibitor",0.132057863381206
BRD-K93123848-001-04-1,DNAJB4,21,-0.600767273114799,0.00397697271371797,PRISM_secondary_AUC,RAF265,"RAF inhibitor, VEGFR inhibitor",0.128534546658683
BRD-K93123848-001-04-1,FAS,21,-0.605426705014753,0.00363421030051314,PRISM_secondary_AUC,RAF265,"RAF inhibitor, VEGFR inhibitor",0.227533166640823
BRD-K93123848-001-04-1,FHL1,21,-0.656920216650029,0.00121564461222254,PRISM_secondary_AUC,RAF265,"RAF inhibitor, VEGFR inhibitor",0.0492691652918609
BRD-K93123848-001-04-1,GADD45G,21,0.626369058425985,0.0023818830448908,PRISM_secondary_AUC,RAF265,"RAF inhibitor, VEGFR inhibitor",0.244993684617339
BRD-K93123848-001-04-1,IER3,21,-0.529211801205082,0.0136280359673798,PRISM_secondary_AUC,RAF265,"RAF inhibitor, VEGFR inhibitor",0.220498559472213
BRD-K93123848-001-04-1,IGFBP5,21,0.729361669392053,0.000175709854649852,PRISM_secondary_AUC,RAF265,"RAF inhibitor, VEGFR inhibitor",0.0418197152844492
BRD-K93123848-001-04-1,MMP14,21,-0.712025841299122,0.000293914294745815,PRISM_secondary_AUC,RAF265,"RAF inhibitor, VEGFR inhibitor",0.105809146108493
BRD-K93123848-001-04-1,PBX1,21,0.687012987012987,0.000580989794312529,PRISM_secondary_AUC,RAF265,"RAF inhibitor, VEGFR inhibitor",0.0929583670900046
BRD-K93123848-001-04-1,RARA,21,0.684615567860703,0.000618088406139151,PRISM_secondary_AUC,RAF265,"RAF inhibitor, VEGFR inhibitor",0.0684651772954137
BRD-K93123848-001-04-1,SLC1A3,21,-0.697490403166518,0.000440286545632824,PRISM_secondary_AUC,RAF265,"RAF inhibitor, VEGFR inhibitor",0.0921669084516871
BRD-K93123848-001-04-1,ZBTB7A,21,0.746155792216122,0.000102790471370045,PRISM_secondary_AUC,RAF265,"RAF inhibitor, VEGFR inhibitor",0.122298316869949
BRD-K93779381-001-01-9,CD44,19,-0.580325225863634,0.00918891954872356,PRISM_secondary_AUC,ingenol-mebutate,PKC activator,0.148674653372606
BRD-K94176593-001-09-4,BAALC,20,0.6202069145043,0.00353045395465524,PRISM_secondary_AUC,TWS-119,glycogen synthase kinase inhibitor,0.242088271176359
BRD-K94420399-001-01-9,BAALC,18,0.650388071364723,0.00347287867082434,PRISM_secondary_AUC,PF-04136309,CC chemokine receptor antagonist,0.242088271176359
BRD-K94420399-001-01-9,GJA1,18,-0.628314850391943,0.00523039245650899,PRISM_secondary_AUC,PF-04136309,CC chemokine receptor antagonist,0.151920694199782
BRD-K94420399-001-01-9,TBX3,18,0.774542497086016,0.000160813263585042,PRISM_secondary_AUC,PF-04136309,CC chemokine receptor antagonist,0.0454775600539718
BRD-K94441233-001-13-0,CD44,19,-0.620539090049111,0.00458436352971012,PRISM_secondary_AUC,mevastatin,HMGCR inhibitor,0.105707478187367
BRD-K94441233-001-13-0,CEBPA,19,0.622287150028893,0.00443855200480197,PRISM_secondary_AUC,mevastatin,HMGCR inhibitor,0.140371673879831
BRD-K94441233-001-13-0,COL18A1,19,-0.689075020298836,0.00110166276375342,PRISM_secondary_AUC,mevastatin,HMGCR inhibitor,0.180725867093232
BRD-K94441233-001-13-0,DCBLD2,19,-0.713722692382376,0.00059985586936,PRISM_secondary_AUC,mevastatin,HMGCR inhibitor,0.147617394262774
BRD-K94441233-001-13-0,DNAJB4,19,-0.603537208374158,0.00621877568706156,PRISM_secondary_AUC,mevastatin,HMGCR inhibitor,0.154397189471873
BRD-K94441233-001-13-0,FAS,19,-0.643472033476823,0.00295402896805462,PRISM_secondary_AUC,mevastatin,HMGCR inhibitor,0.21313064089374
BRD-K94441233-001-13-0,IGFBP5,19,0.579733808348113,0.00927739163083861,PRISM_secondary_AUC,mevastatin,HMGCR inhibitor,0.238060235803364
BRD-K94441233-001-13-0,MMP14,19,-0.660912586399891,0.00206466958704702,PRISM_secondary_AUC,mevastatin,HMGCR inhibitor,0.168437626141598
BRD-K94441233-001-13-0,NGF,19,-0.708339591542306,0.000688536077922988,PRISM_secondary_AUC,mevastatin,HMGCR inhibitor,0.135639160626051
BRD-K94441233-001-13-0,OPTN,19,-0.663322070499245,0.00196152695376564,PRISM_secondary_AUC,mevastatin,HMGCR inhibitor,0.187273237705224
BRD-K94441233-001-13-0,PTN,19,-0.539377684695458,0.0171575819599221,PRISM_secondary_AUC,mevastatin,HMGCR inhibitor,0.221182500472768
BRD-K94441233-001-13-0,UGCG,19,-0.742671225585964,0.000270364058607887,PRISM_secondary_AUC,mevastatin,HMGCR inhibitor,0.0991517678963931
BRD-K94441233-001-13-0,XBP1,19,0.660785316523985,0.00207024057159349,PRISM_secondary_AUC,mevastatin,HMGCR inhibitor,0.123866191995401
BRD-K94455792-001-01-8,CD44,22,-0.505364201016375,0.0164322007852309,PRISM_secondary_AUC,ICG-001,beta-catenin inhibitor,0.197186409422771
BRD-K94455792-001-01-8,CEBPA,22,0.579898362507058,0.00467099518190126,PRISM_secondary_AUC,ICG-001,beta-catenin inhibitor,0.140371673879831
BRD-K94455792-001-01-8,GADD45G,22,0.651228492503658,0.00102790327555431,PRISM_secondary_AUC,ICG-001,beta-catenin inhibitor,0.190073434034614
BRD-K94455792-001-01-8,GJA1,22,-0.532617925785732,0.0107115113988966,PRISM_secondary_AUC,ICG-001,beta-catenin inhibitor,0.188104590419647
BRD-K94455792-001-01-8,PBX1,22,0.63184641445511,0.00160839353683972,PRISM_secondary_AUC,ICG-001,beta-catenin inhibitor,0.107691189691704
BRD-K94455792-001-01-8,S100A10,22,-0.585544889892716,0.00419522478677647,PRISM_secondary_AUC,ICG-001,beta-catenin inhibitor,0.223745321961412
BRD-K94455792-001-01-8,TBX3,22,0.511010728402033,0.015079604012522,PRISM_secondary_AUC,ICG-001,beta-catenin inhibitor,0.203934086485308
BRD-K94485812-001-02-9,BAALC,21,0.602420414894272,0.00385240894223988,PRISM_secondary_AUC,LDN-57444,ubiquitin C-terminal hydrolase inhibitor,0.247238737542818
BRD-K94485812-001-02-9,CCND2,21,-0.669410694848836,0.000903684449898609,PRISM_secondary_AUC,LDN-57444,ubiquitin C-terminal hydrolase inhibitor,0.20735417842032
BRD-K94485812-001-02-9,TBX3,21,0.720647966169161,0.000228622242221008,PRISM_secondary_AUC,LDN-57444,ubiquitin C-terminal hydrolase inhibitor,0.0454775600539718
BRD-K95142244-001-01-5,CD44,22,-0.598643683898326,0.0032453336140113,PRISM_secondary_AUC,talazoparib,PARP inhibitor,0.0932523478164524
BRD-K95142244-001-01-5,CEBPA,22,0.551159199056533,0.00784548479448269,PRISM_secondary_AUC,talazoparib,PARP inhibitor,0.153795555486954
BRD-K95142244-001-01-5,DNAJB4,22,-0.635952921988307,0.00146648114285543,PRISM_secondary_AUC,talazoparib,PARP inhibitor,0.0878698987741168
BRD-K95142244-001-01-5,ESR1,22,0.613122270019412,0.00241222994540953,PRISM_secondary_AUC,talazoparib,PARP inhibitor,0.115787037379657
BRD-K95142244-001-01-5,ETV1,22,-0.606557764705292,0.00276431609944492,PRISM_secondary_AUC,talazoparib,PARP inhibitor,0.167676285524588
BRD-K95142244-001-01-5,FHL1,22,-0.622172045222651,0.00198938429618469,PRISM_secondary_AUC,talazoparib,PARP inhibitor,0.0622763779675208
BRD-K95142244-001-01-5,FOSL1,22,-0.519084156181095,0.0133039678349062,PRISM_secondary_AUC,talazoparib,PARP inhibitor,0.247902914885968
BRD-K95142244-001-01-5,GJA1,22,-0.550183969459918,0.00797849702467884,PRISM_secondary_AUC,talazoparib,PARP inhibitor,0.166507763993298
BRD-K95142244-001-01-5,GJB1,22,0.542565913881643,0.0090829210567094,PRISM_secondary_AUC,talazoparib,PARP inhibitor,0.218152956540731
BRD-K95142244-001-01-5,NR4A1,22,0.707179649250997,0.000232946370822839,PRISM_secondary_AUC,talazoparib,PARP inhibitor,0.124962490189526
BRD-K95142244-001-01-5,PBX1,22,0.508197046104434,0.0157418357321643,PRISM_secondary_AUC,talazoparib,PARP inhibitor,0.238613088992806
BRD-K95142244-001-01-5,PTHLH,22,-0.511588795021705,0.0149463912929685,PRISM_secondary_AUC,talazoparib,PARP inhibitor,0.233943515889942
BRD-K95142244-001-01-5,PTN,22,-0.628833405837641,0.00171977229647427,PRISM_secondary_AUC,talazoparib,PARP inhibitor,0.0669316785654852
BRD-K95142244-001-01-5,S100A10,22,-0.52854753960806,0.0114434028208339,PRISM_secondary_AUC,talazoparib,PARP inhibitor,0.249459562790091
BRD-K95142244-001-01-5,XBP1,22,0.535331037442601,0.0102453193643149,PRISM_secondary_AUC,talazoparib,PARP inhibitor,0.245887664743558
BRD-K95142244-001-01-5,YBX1,22,-0.699265568444032,0.000293110858490981,PRISM_secondary_AUC,talazoparib,PARP inhibitor,0.195953005073199
BRD-K95142244-001-01-5,ZEB2,22,-0.56188068991101,0.0065000028481307,PRISM_secondary_AUC,talazoparib,PARP inhibitor,0.234000102532705
BRD-K95435023-001-08-5,TBX3,19,0.724779398369225,0.000447546561267269,PRISM_secondary_AUC,PHA-665752,c-Met inhibitor,0.0585879134749879
BRD-K95763993-001-19-3,TBX3,22,0.599096555618295,0.00321603220769426,PRISM_secondary_AUC,trapidil,PDGFR tyrosine kinase receptor inhibitor,0.0964809662308276
BRD-K95785345-300-14-8,MYCN,18,-0.657497094676407,0.00302321600902122,PRISM_secondary_AUC,thiamine,vitamin B,0.179386339021306
BRD-K96006502-001-02-6,PLAGL1,20,-0.640185219897985,0.00236264801025638,PRISM_secondary_AUC,deflazacort,glucocorticoid receptor agonist,0.18901184082051
BRD-K96123349-236-02-8,CEBPA,22,0.476002258610954,0.0251353642549237,PRISM_secondary_AUC,brequinar,dihydroorotate dehydrogenase inhibitor,0.239701486934372
BRD-K96123349-236-02-8,GJA1,22,-0.477266327984034,0.0246973321432218,PRISM_secondary_AUC,brequinar,dihydroorotate dehydrogenase inhibitor,0.243590125248215
BRD-K96123349-236-02-8,IER3,22,-0.632975719932242,0.00156825381312321,PRISM_secondary_AUC,brequinar,dihydroorotate dehydrogenase inhibitor,0.125367533895429
BRD-K96123349-236-02-8,MMP14,22,-0.553515978016986,0.00753158256465708,PRISM_secondary_AUC,brequinar,dihydroorotate dehydrogenase inhibitor,0.221336303940943
BRD-K96123349-236-02-8,PTHLH,22,-0.521174477696217,0.0128731495499878,PRISM_secondary_AUC,brequinar,dihydroorotate dehydrogenase inhibitor,0.224048765025159
BRD-K96123349-236-02-8,PTN,22,-0.706354767869336,0.000238673120352553,PRISM_secondary_AUC,brequinar,dihydroorotate dehydrogenase inhibitor,0.0286407744423064
BRD-K96123349-236-02-8,UGCG,22,-0.664596273291926,0.00074113731109104,PRISM_secondary_AUC,brequinar,dihydroorotate dehydrogenase inhibitor,0.1524625325673
BRD-K96153583-001-05-1,IGFBP5,19,0.619556762455744,0.00466801353888158,PRISM_secondary_AUC,cidofovir,DNA polymerase inhibitor,0.182485279172647
BRD-K96153583-001-05-1,PBX1,19,0.589503494228271,0.00790120752650008,PRISM_secondary_AUC,cidofovir,DNA polymerase inhibitor,0.169816997584479
BRD-K96153583-001-05-1,RARA,19,0.656629116131096,0.00225916082582631,PRISM_secondary_AUC,cidofovir,DNA polymerase inhibitor,0.107922628231167
BRD-K96233303-001-01-9,TBX3,19,0.66547616360067,0.00187298050000993,PRISM_secondary_AUC,TMS,,0.0964809662308276
BRD-K96344439-002-02-7,CD44,22,-0.485036702428007,0.0221368091271212,PRISM_secondary_AUC,tofogliflozin,sodium/glucose cotransporter inhibitor,0.232678869657332
BRD-K96344439-002-02-7,IL15,22,-0.605872388481084,0.00280344743932017,PRISM_secondary_AUC,tofogliflozin,sodium/glucose cotransporter inhibitor,0.180277617360745
BRD-K96344439-002-02-7,PTHLH,22,-0.591191417278374,0.00376064454882123,PRISM_secondary_AUC,tofogliflozin,sodium/glucose cotransporter inhibitor,0.148450299064478
BRD-K96344439-002-02-7,TGFB2,22,-0.656691134952005,0.000900997659753756,PRISM_secondary_AUC,tofogliflozin,sodium/glucose cotransporter inhibitor,0.138678314150837
BRD-K96358241-001-01-9,ANPEP,20,-0.708441302127005,0.000472452175466694,PRISM_secondary_AUC,harringtonine,protein synthesis inhibitor,0.173529318282803
BRD-K96358241-001-01-9,FAS,20,-0.604946627059901,0.00471501537268001,PRISM_secondary_AUC,harringtonine,protein synthesis inhibitor,0.236918570590239
BRD-K96358241-001-01-9,PLAGL1,20,-0.680239226233066,0.000965696241346342,PRISM_secondary_AUC,harringtonine,protein synthesis inhibitor,0.180086552585334
BRD-K96358241-001-01-9,PTN,20,-0.552605161315894,0.0115104920507635,PRISM_secondary_AUC,harringtonine,protein synthesis inhibitor,0.186157846368624
BRD-K96358241-001-01-9,SLC1A3,20,-0.592501768188371,0.00590830621663676,PRISM_secondary_AUC,harringtonine,protein synthesis inhibitor,0.169548978503566
BRD-K97010173-001-04-1,TBX3,20,0.54650747105567,0.012657519536236,PRISM_secondary_AUC,deferasirox,chelating agent,0.18425936912111
BRD-K97365803-001-02-1,PLAGL1,19,-0.62652154412346,0.00410107722770383,PRISM_secondary_AUC,PI-828,PI3K inhibitor,0.229631229036609
BRD-K97746869-001-27-0,SREBF2,19,0.683100039234538,0.00126571286435738,PRISM_secondary_AUC,chlorpropamide,ATP channel blocker,0.154948658158848
BRD-K97752965-001-16-4,GJA1,19,-0.540782300395061,0.0168147871970673,PRISM_secondary_AUC,nicorandil,"nitric oxide donor, potassium channel activator",0.209580758720681
BRD-K97764662-001-17-3,PTN,18,-0.541114716038271,0.0203954202946446,PRISM_secondary_AUC,PD-173074,"FGFR inhibitor, VEGFR inhibitor",0.234365105931269
BRD-K97764662-001-17-3,TBX3,18,0.53068068706112,0.023461977337652,PRISM_secondary_AUC,PD-173074,"FGFR inhibitor, VEGFR inhibitor",0.23626047109244
BRD-K97883416-001-01-4,GATA6,17,0.830642085642118,3.64701737993629e-05,PRISM_secondary_AUC,BMS-626529,HIV attachment inhibitor,0.0525170502710825
BRD-K97883416-001-01-4,ID4,17,0.716971816236783,0.00119919701026403,PRISM_secondary_AUC,BMS-626529,HIV attachment inhibitor,0.246691956397171
BRD-K97883416-001-01-4,NCOR1,17,0.774122131876815,0.000265141344009306,PRISM_secondary_AUC,BMS-626529,HIV attachment inhibitor,0.1834707912618
BRD-K98203492-003-04-1,CEBPA,22,0.50197628458498,0.017289810771101,PRISM_secondary_AUC,GSK-J4,histone lysine demethylase inhibitor,0.220330331950313
BRD-K98384930-003-01-5,IGFBP5,19,0.665014129729178,0.00189168707292617,PRISM_secondary_AUC,finafloxacin,bacterial DNA gyrase inhibitor,0.12083111831314
BRD-K98384930-003-01-5,RARA,19,0.556907496973084,0.0132563870237495,PRISM_secondary_AUC,finafloxacin,bacterial DNA gyrase inhibitor,0.238614966427491
BRD-K98521173-001-19-4,CD44,21,-0.51480516397,0.0169407926835518,PRISM_secondary_AUC,desoxycortone,mineralocorticoid receptor agonist,0.201609433589377
BRD-K98521173-001-19-4,S100A10,21,-0.531878564317414,0.0130767918210723,PRISM_secondary_AUC,desoxycortone,mineralocorticoid receptor agonist,0.249459562790091
BRD-K98521173-001-19-4,SLC1A3,21,-0.643554414169458,0.00164594242454363,PRISM_secondary_AUC,desoxycortone,mineralocorticoid receptor agonist,0.0921669084516871
BRD-K98521173-001-19-4,SREBF2,21,0.576169554138182,0.00626372026570344,PRISM_secondary_AUC,desoxycortone,mineralocorticoid receptor agonist,0.209761794944487
BRD-K98521173-001-19-4,TBX3,21,0.71319298720879,0.000284234750337324,PRISM_secondary_AUC,desoxycortone,mineralocorticoid receptor agonist,0.0454775600539718
BRD-K98548675-001-05-9,SLC1A3,15,-0.618589574131742,0.0139577111019682,PRISM_secondary_AUC,parthenolide,NFkB pathway inhibitor,0.236460046903932
BRD-K98572433-001-02-9,DAPK1,22,-0.691699604743083,0.000362700893118853,PRISM_secondary_AUC,AZD8931,EGFR inhibitor,0.188350686296726
BRD-K98572433-001-02-9,GJA1,22,0.52075686911394,0.0129582972389983,PRISM_secondary_AUC,AZD8931,EGFR inhibitor,0.198971688275002
BRD-K98572433-001-02-9,MYCN,22,-0.613732913362404,0.00238149439895895,PRISM_secondary_AUC,AZD8931,EGFR inhibitor,0.155879633386404
BRD-K99023089-001-03-7,IL15,22,0.728966685488425,0.000118941475270589,PRISM_secondary_AUC,AZD5363,AKT inhibitor,0.0483312693833422
BRD-K99023089-001-03-7,TGFB2,22,0.575381140598532,0.00508327102822324,PRISM_secondary_AUC,AZD5363,AKT inhibitor,0.23682448185123
BRD-K99113996-001-02-0,RELA,22,0.695087521174478,0.000329958278479869,PRISM_secondary_AUC,AZD2014,mTOR inhibitor,0.237465589599355
BRD-K99113996-001-02-0,SYP,22,-0.705251270468662,0.000246523949436267,PRISM_secondary_AUC,AZD2014,mTOR inhibitor,0.190562265356872
BRD-K99475619-001-01-2,CD44,21,-0.592879880780616,0.00461840083756289,PRISM_secondary_AUC,genz-644282,topoisomerase inhibitor,0.105707478187367
BRD-K99475619-001-01-2,CEBPA,21,0.59165996333045,0.00472487660955799,PRISM_secondary_AUC,genz-644282,topoisomerase inhibitor,0.140371673879831
BRD-K99475619-001-01-2,DCBLD2,21,-0.665978120459776,0.000981731674879381,PRISM_secondary_AUC,genz-644282,topoisomerase inhibitor,0.148669525521995
BRD-K99475619-001-01-2,DNAJB4,21,-0.557163196840338,0.00869475536630091,PRISM_secondary_AUC,genz-644282,topoisomerase inhibitor,0.184124231286372
BRD-K99475619-001-01-2,ETV1,21,-0.577850333357766,0.00607899630822243,PRISM_secondary_AUC,genz-644282,topoisomerase inhibitor,0.212683704498722
BRD-K99475619-001-01-2,FHL1,21,-0.59909044485789,0.00410672823436946,PRISM_secondary_AUC,genz-644282,topoisomerase inhibitor,0.0969457156965906
BRD-K99475619-001-01-2,FOSL1,21,-0.557005002535696,0.00871783236891019,PRISM_secondary_AUC,genz-644282,topoisomerase inhibitor,0.237147109160517
BRD-K99475619-001-01-2,GJA1,21,-0.568621305483741,0.00715138849251363,PRISM_secondary_AUC,genz-644282,topoisomerase inhibitor,0.160640357464292
BRD-K99475619-001-01-2,IER3,21,-0.744484398305454,0.000108619702031989,PRISM_secondary_AUC,genz-644282,topoisomerase inhibitor,0.0408550493950611
BRD-K99475619-001-01-2,IL15,21,-0.559123422027797,0.00841293259189494,PRISM_secondary_AUC,genz-644282,topoisomerase inhibitor,0.242292458646574
BRD-K99475619-001-01-2,LOX,21,-0.551858602486782,0.00949641547429459,PRISM_secondary_AUC,genz-644282,topoisomerase inhibitor,0.231375825522891
BRD-K99475619-001-01-2,NR4A1,21,0.655272368457876,0.00126290292518889,PRISM_secondary_AUC,genz-644282,topoisomerase inhibitor,0.209534569753285
BRD-K99475619-001-01-2,PTHLH,21,-0.707552121096208,0.000333681946165396,PRISM_secondary_AUC,genz-644282,topoisomerase inhibitor,0.080083667079695
BRD-K99475619-001-01-2,PTN,21,-0.761540216549588,6.06209160791185e-05,PRISM_secondary_AUC,genz-644282,topoisomerase inhibitor,0.0174588238307861
BRD-K99475619-001-01-2,S100A10,21,-0.672446470601302,0.000839112878250243,PRISM_secondary_AUC,genz-644282,topoisomerase inhibitor,0.140235571888445
BRD-K99475619-001-01-2,TGFB2,21,-0.587058110900618,0.00514504550557404,PRISM_secondary_AUC,genz-644282,topoisomerase inhibitor,0.23682448185123
BRD-K99475619-001-01-2,ZEB2,21,-0.572168909752794,0.00672210881956526,PRISM_secondary_AUC,genz-644282,topoisomerase inhibitor,0.236093578053024
BRD-K99545815-001-06-3,FBXO32,21,0.741921629292355,0.000118111874949286,PRISM_secondary_AUC,PF-562271,focal adhesion kinase inhibitor,0.0850405499634857
BRD-K99545815-001-06-3,TBX3,21,0.613793267737182,0.00308049521909037,PRISM_secondary_AUC,PF-562271,focal adhesion kinase inhibitor,0.0964809662308276
BRD-K99879819-001-02-1,FHL1,20,-0.526315765557414,0.0171306579466287,PRISM_secondary_AUC,lorlatinib,ALK tyrosine kinase receptor inhibitor,0.212656443475391
BRD-K99879819-001-02-1,GADD45G,20,0.757276282617119,0.000110563089007859,PRISM_secondary_AUC,lorlatinib,ALK tyrosine kinase receptor inhibitor,0.101998084311892
BRD-K99879819-001-02-1,PBX1,20,0.611671337190849,0.00415798866844881,PRISM_secondary_AUC,lorlatinib,ALK tyrosine kinase receptor inhibitor,0.142888339290418
BRD-K99879819-001-02-1,RARA,20,0.670432612711685,0.00121683004647411,PRISM_secondary_AUC,lorlatinib,ALK tyrosine kinase receptor inhibitor,0.0790687048813912
BRD-K99879819-001-02-1,TBX3,20,0.682745532722841,0.000909054395939342,PRISM_secondary_AUC,lorlatinib,ALK tyrosine kinase receptor inhibitor,0.0879919674421732
BRD-K99946902-001-07-5,FHL2,19,0.66810154534493,0.00176958385196223,PRISM_secondary_AUC,hexylresorcinol,local anesthetic,0.232962715439463
BRD-M80207679-001-01-5,ID4,17,0.719698475230909,0.00112508547062368,PRISM_secondary_AUC,nemonapride,dopamine receptor antagonist,0.246691956397171
BRD-M89827113-001-01-5,ME1,15,0.824572159631965,0.000155516674659082,PRISM_secondary_AUC,cromakalim,,0.0746480038363595
BRD-M89827113-001-01-5,STAT1,15,0.818092103232281,0.000193622909299726,PRISM_secondary_AUC,cromakalim,,0.139408494695803
BRD-M97302542-001-03-6,KLF10,21,-0.758788654003175,6.68119082108946e-05,PRISM_secondary_AUC,dichloroacetate,pyruvate dehydrogenase kinase inhibitor,0.0481045739118441
BRD-U25960968-000-01-9,FHL2,15,0.727714776622232,0.00210313562549516,PRISM_secondary_AUC,tyloxapol,NFkB pathway inhibitor,0.232962715439463
BRD-U45393375-000-01-6,HDAC9,18,-0.725600593544568,0.000653581026895962,PRISM_secondary_AUC,sevelamer,phosphate antagonist,0.188231335746037
BRD-U45393375-000-01-6,IGFBP5,18,0.776260273169293,0.000152160743997636,PRISM_secondary_AUC,sevelamer,phosphate antagonist,0.0418197152844492
BRD-U45393375-000-01-6,PBX1,18,0.581725927599369,0.0113257353701273,PRISM_secondary_AUC,sevelamer,phosphate antagonist,0.203863236662291
BRD-U45393375-000-01-6,RARA,18,0.660594908961018,0.00284283583973068,PRISM_secondary_AUC,sevelamer,phosphate antagonist,0.117568645653358
BRD-U45393375-000-01-6,SLC1A3,18,-0.635984143496181,0.00455249135466644,PRISM_secondary_AUC,sevelamer,phosphate antagonist,0.154390604014149
1003,AR,46,0.445302519879765,0.00192808969225061,GDSC2_LN_IC50,Camptothecin,TOP1,0.0600969048980659
1003,ESR1,46,0.452304359466729,0.00160039423271185,GDSC2_LN_IC50,Camptothecin,TOP1,0.014713301816867
1003,GATA3,46,0.416261839794609,0.00400992549786436,GDSC2_LN_IC50,Camptothecin,TOP1,0.0346311747542831
1003,HDAC3,46,-0.315542346612968,0.0326694709758859,GDSC2_LN_IC50,Camptothecin,TOP1,0.152636052920123
1003,HDAC9,46,-0.271228544861555,0.068260798461328,GDSC2_LN_IC50,Camptothecin,TOP1,0.226213111179982
1003,IGFBP5,46,0.355093197942809,0.0154532819231969,GDSC2_LN_IC50,Camptothecin,TOP1,0.068815396064236
1003,KLF4,46,0.430376811947841,0.00283151582982336,GDSC2_LN_IC50,Camptothecin,TOP1,0.0837275420439091
1003,NR4A1,46,0.362378764511394,0.0133275893317197,GDSC2_LN_IC50,Camptothecin,TOP1,0.158265123314171
1003,PPARA,46,-0.320584483286103,0.0298434516066875,GDSC2_LN_IC50,Camptothecin,TOP1,0.123266430549361
1003,TCF4,46,-0.431606865504337,0.00274501839542953,GDSC2_LN_IC50,Camptothecin,TOP1,0.0782330242697417
1003,VDR,46,0.406313002218539,0.00508024216454279,GDSC2_LN_IC50,Camptothecin,TOP1,0.11549444045936
1003,XBP1,46,0.377385981314075,0.00972379622439488,GDSC2_LN_IC50,Camptothecin,TOP1,0.0984445685273057
1004,ESR1,42,0.389907222798726,0.0106938856234869,GDSC2_LN_IC50,Vinblastine,Microtubule destabiliser,0.0411530767987118
1004,GATA3,42,0.352866520779992,0.0218995397955661,GDSC2_LN_IC50,Vinblastine,Microtubule destabiliser,0.109497698977831
1004,HEY1,42,-0.410632378532858,0.00690947480704762,GDSC2_LN_IC50,Vinblastine,Microtubule destabiliser,0.167002525650802
1004,IGFBP5,42,0.380723222633689,0.0128689262092163,GDSC2_LN_IC50,Vinblastine,Microtubule destabiliser,0.0611273994937772
1004,ILF3,42,-0.352143859151105,0.022190827455976,GDSC2_LN_IC50,Vinblastine,Microtubule destabiliser,0.170929346620355
1004,KLF4,42,0.25768452071694,0.0994461190885441,GDSC2_LN_IC50,Vinblastine,Microtubule destabiliser,0.237637611283547
1004,NR4A1,42,0.347223217826977,0.0242615939927251,GDSC2_LN_IC50,Vinblastine,Microtubule destabiliser,0.177296263792991
1004,SQSTM1,42,0.293561393298697,0.0591750755837149,GDSC2_LN_IC50,Vinblastine,Microtubule destabiliser,0.161358915636051
1005,BCL2L1,47,0.412696577243293,0.00394117726687958,GDSC2_LN_IC50,Cisplatin,DNA crosslinker,0.0702022200662926
1005,CACNA1H,47,0.244367986267882,0.0978445564776647,GDSC2_LN_IC50,Cisplatin,DNA crosslinker,0.249109968936416
1005,ESR1,47,0.39405506490321,0.00613231225118485,GDSC2_LN_IC50,Cisplatin,DNA crosslinker,0.0286509670752079
1005,GATA3,47,0.431660499537465,0.00244900048533671,GDSC2_LN_IC50,Cisplatin,DNA crosslinker,0.0288164601315603
1005,HDAC9,47,-0.31886907012255,0.0289204489306048,GDSC2_LN_IC50,Cisplatin,DNA crosslinker,0.164325534901396
1005,HES1,47,-0.415009250693802,0.00372434759789608,GDSC2_LN_IC50,Cisplatin,DNA crosslinker,0.151634152200055
1005,HEY1,47,-0.442440012303613,0.00184582143523131,GDSC2_LN_IC50,Cisplatin,DNA crosslinker,0.103235012683618
1005,IGFBP5,47,0.354070305272895,0.0146184718922992,GDSC2_LN_IC50,Cisplatin,DNA crosslinker,0.0661311823699249
1005,NR4A1,47,0.276480111008326,0.0599356173546094,GDSC2_LN_IC50,Cisplatin,DNA crosslinker,0.236017882684214
1005,PPARA,47,-0.343846665461252,0.0179583389996766,GDSC2_LN_IC50,Cisplatin,DNA crosslinker,0.0965684266963744
1005,SQSTM1,47,0.230689176688252,0.118744746531048,GDSC2_LN_IC50,Cisplatin,DNA crosslinker,0.236659110219221
1005,TLR4,47,-0.309608919303937,0.0341954636432908,GDSC2_LN_IC50,Cisplatin,DNA crosslinker,0.183439046034058
1006,CACNA1H,42,0.333624053164854,0.0308372459139738,GDSC2_LN_IC50,Cytarabine,Antimetabolite,0.119080254616112
1006,CTNNB1,42,-0.312433400311093,0.0439637911111197,GDSC2_LN_IC50,Cytarabine,Antimetabolite,0.245680009150375
1006,ESR1,42,0.524506688342879,0.000362982357340616,GDSC2_LN_IC50,Cytarabine,Antimetabolite,0.00608529246129856
1006,ETV1,42,-0.357459278270609,0.0201221280700194,GDSC2_LN_IC50,Cytarabine,Antimetabolite,0.238950270831481
1006,GATA3,42,0.336467624276541,0.0293526366480006,GDSC2_LN_IC50,Cytarabine,Antimetabolite,0.125737988836906
1006,HDAC9,42,-0.29486336715581,0.0580061860368736,GDSC2_LN_IC50,Cytarabine,Antimetabolite,0.199582901524376
1006,IGFBP5,42,0.454552753756203,0.00249362492380925,GDSC2_LN_IC50,Cytarabine,Antimetabolite,0.0197411973134899
1006,MEF2C,42,-0.296468438837148,0.0565906585578236,GDSC2_LN_IC50,Cytarabine,Antimetabolite,0.199665920889907
1006,PPARA,42,-0.280875971331337,0.0715743064448537,GDSC2_LN_IC50,Cytarabine,Antimetabolite,0.199987032713562
1006,RARA,42,0.359041059445013,0.0195387152410597,GDSC2_LN_IC50,Cytarabine,Antimetabolite,0.120702280418983
1007,BCL2L1,47,0.266304347826087,0.0703954394681891,GDSC2_LN_IC50,Docetaxel,Microtubule stabiliser,0.211186318404567
1007,CACNA1H,47,0.397119667151546,0.00571205789716402,GDSC2_LN_IC50,Docetaxel,Microtubule stabiliser,0.0654630167855852
1007,CTNNB1,47,-0.353145235892692,0.0148971318314111,GDSC2_LN_IC50,Docetaxel,Microtubule stabiliser,0.171051487101551
1007,DNMT1,47,-0.351641998149861,0.0153595949599743,GDSC2_LN_IC50,Docetaxel,Microtubule stabiliser,0.247002122440819
1007,ESR1,47,0.396136952536981,0.00584399932609628,GDSC2_LN_IC50,Docetaxel,Microtubule stabiliser,0.0281507307598491
1007,ETS2,47,-0.321230342275671,0.0276894780370203,GDSC2_LN_IC50,Docetaxel,Microtubule stabiliser,0.165729150177587
1007,GATA3,47,0.380897317298797,0.0082570089802977,GDSC2_LN_IC50,Docetaxel,Microtubule stabiliser,0.0573962819362157
1007,HBEGF,47,-0.377497036959226,0.00889996497094079,GDSC2_LN_IC50,Docetaxel,Microtubule stabiliser,0.110134610977406
1007,HDAC3,47,-0.407724329324699,0.00444519609254291,GDSC2_LN_IC50,Docetaxel,Microtubule stabiliser,0.0703822714652627
1007,IGFBP5,47,0.370490286771508,0.010362197428843,GDSC2_LN_IC50,Docetaxel,Microtubule stabiliser,0.053695023040368
1007,ILF3,47,-0.335684551341351,0.0210687740484784,GDSC2_LN_IC50,Docetaxel,Microtubule stabiliser,0.170929346620355
1007,KLF4,47,0.318917668825162,0.0288946624838172,GDSC2_LN_IC50,Docetaxel,Microtubule stabiliser,0.134999652588326
1007,LDHA,47,-0.360083256244218,0.0129131818355772,GDSC2_LN_IC50,Docetaxel,Microtubule stabiliser,0.174309210877631
1007,MEF2C,47,-0.258047753534759,0.0799039565510165,GDSC2_LN_IC50,Docetaxel,Microtubule stabiliser,0.221093472010094
1007,NR4A1,47,0.414315448658649,0.00378826906324363,GDSC2_LN_IC50,Docetaxel,Microtubule stabiliser,0.116885217688795
1007,PBX1,47,0.304463459759482,0.0374545272758921,GDSC2_LN_IC50,Docetaxel,Microtubule stabiliser,0.161735458691352
1007,PPARA,47,-0.467289179461551,0.000927870457047131,GDSC2_LN_IC50,Docetaxel,Microtubule stabiliser,0.0205060733011142
1007,RARA,47,0.272086031452359,0.0642882571209987,GDSC2_LN_IC50,Docetaxel,Microtubule stabiliser,0.230333637947645
1007,SQSTM1,47,0.295328399629972,0.0438680016448084,GDSC2_LN_IC50,Docetaxel,Microtubule stabiliser,0.145376517078725
1008,NR4A1,41,0.316469543534566,0.0438136069266385,GDSC2_LN_IC50,Methotrexate,Antimetabolite,0.219068034633192
1010,GJA1,46,0.428087898633989,0.00299888423704752,GDSC2_LN_IC50,Gefitinib,EGFR,0.0802899854029677
1010,GRHL1,46,-0.374636292241003,0.0103130393731722,GDSC2_LN_IC50,Gefitinib,EGFR,0.177043567725319
1010,IGFBP5,46,0.259669817758416,0.0813806405665304,GDSC2_LN_IC50,Gefitinib,EGFR,0.203451601416326
1010,MEF2C,46,-0.278184678378925,0.0612128923242442,GDSC2_LN_IC50,Gefitinib,EGFR,0.199665920889907
1010,OXTR,46,0.350977510067126,0.0167766908791289,GDSC2_LN_IC50,Gefitinib,EGFR,0.191254276022069
1010,SPI1,46,0.43316459445736,0.00263882717134818,GDSC2_LN_IC50,Gefitinib,EGFR,0.224107901361469
1010,TLR4,46,-0.292531058456643,0.0485147326649568,GDSC2_LN_IC50,Gefitinib,EGFR,0.219471409674805
1010,UGCG,46,0.388804562267731,0.00757612551302813,GDSC2_LN_IC50,Gefitinib,EGFR,0.125323894263247
1011,AR,47,0.307737075885527,0.035352850409705,GDSC2_LN_IC50,Navitoclax,"BCL2, BCL-XL, BCL-W",0.200709268420542
1011,BDNF,47,-0.434289629223884,0.00228772112855839,GDSC2_LN_IC50,Navitoclax,"BCL2, BCL-XL, BCL-W",0.065200052163914
1011,CACNA1H,47,0.290465331843149,0.0476316086427734,GDSC2_LN_IC50,Navitoclax,"BCL2, BCL-XL, BCL-W",0.152528184979668
1011,ETS1,47,-0.325594843515557,0.0255290324368799,GDSC2_LN_IC50,Navitoclax,"BCL2, BCL-XL, BCL-W",0.190604624497768
1011,ETS2,47,-0.292553191489362,0.0459848609001203,GDSC2_LN_IC50,Navitoclax,"BCL2, BCL-XL, BCL-W",0.242697876972857
1011,HBEGF,47,-0.368361712738126,0.0108454224641306,GDSC2_LN_IC50,Navitoclax,"BCL2, BCL-XL, BCL-W",0.12134373196937
1011,HDAC3,47,-0.413506012950971,0.00386405952928876,GDSC2_LN_IC50,Navitoclax,"BCL2, BCL-XL, BCL-W",0.0703822714652627
1011,HDAC9,47,-0.301754791834921,0.0392702057406459,GDSC2_LN_IC50,Navitoclax,"BCL2, BCL-XL, BCL-W",0.189794089234201
1011,HES1,47,0.421716003700278,0.0031536268723583,GDSC2_LN_IC50,Navitoclax,"BCL2, BCL-XL, BCL-W",0.149797276437019
1011,ILF3,47,-0.290124884366328,0.0479046141619715,GDSC2_LN_IC50,Navitoclax,"BCL2, BCL-XL, BCL-W",0.243800268502891
1011,KLF4,47,0.272779833487512,0.0635847138061996,GDSC2_LN_IC50,Navitoclax,"BCL2, BCL-XL, BCL-W",0.192783440795392
1011,LOX,47,-0.331714368869031,0.0227385429254774,GDSC2_LN_IC50,Navitoclax,"BCL2, BCL-XL, BCL-W",0.209047894637453
1011,MEF2C,47,-0.254461346738266,0.0843360184562647,GDSC2_LN_IC50,Navitoclax,"BCL2, BCL-XL, BCL-W",0.222553382037365
1011,MYBL1,47,-0.456059204440333,0.00127423290230114,GDSC2_LN_IC50,Navitoclax,"BCL2, BCL-XL, BCL-W",0.181578188577912
1011,RXRA,47,0.373034227567068,0.0098090573503005,GDSC2_LN_IC50,Navitoclax,"BCL2, BCL-XL, BCL-W",0.127071879310711
1011,S100B,47,-0.407557586552668,0.00446303362146287,GDSC2_LN_IC50,Navitoclax,"BCL2, BCL-XL, BCL-W",0.222224489698954
1011,VDR,47,0.452243293246994,0.00141582228826279,GDSC2_LN_IC50,Navitoclax,"BCL2, BCL-XL, BCL-W",0.0672515586924826
1011,XBP1,47,0.320883441258094,0.0278675396059094,GDSC2_LN_IC50,Navitoclax,"BCL2, BCL-XL, BCL-W",0.168984016759238
1012,AXL,47,0.34608825586157,0.0171755131045665,GDSC2_LN_IC50,Vorinostat,"HDAC inhibitor Class I, IIa, IIb, IV",0.220030580928325
1012,DAB2,47,0.492946345975948,0.000431125729249459,GDSC2_LN_IC50,Vorinostat,"HDAC inhibitor Class I, IIa, IIb, IV",0.122870832836096
1012,EXT1,47,0.398704902867715,0.00550468762656541,GDSC2_LN_IC50,Vorinostat,"HDAC inhibitor Class I, IIa, IIb, IV",0.223253885368768
1012,FAS,47,0.411853137433172,0.0040229677916165,GDSC2_LN_IC50,Vorinostat,"HDAC inhibitor Class I, IIa, IIb, IV",0.143318227576338
1012,FOSL1,47,0.394714781352903,0.00603963996432372,GDSC2_LN_IC50,Vorinostat,"HDAC inhibitor Class I, IIa, IIb, IV",0.102445805820652
1012,GBP1,47,0.533526106056085,0.000112621827040428,GDSC2_LN_IC50,Vorinostat,"HDAC inhibitor Class I, IIa, IIb, IV",0.0320972207065221
1012,GJA1,47,0.314739323635562,0.0311826817762681,GDSC2_LN_IC50,Vorinostat,"HDAC inhibitor Class I, IIa, IIb, IV",0.203845530561228
1012,HRH1,47,0.418203903823824,0.00344207909163492,GDSC2_LN_IC50,Vorinostat,"HDAC inhibitor Class I, IIa, IIb, IV",0.140141791587993
1012,HRK,47,0.415572451761648,0.00367315706606724,GDSC2_LN_IC50,Vorinostat,"HDAC inhibitor Class I, IIa, IIb, IV",0.153666273818952
1012,IRF1,47,0.45918131359852,0.00116792750140629,GDSC2_LN_IC50,Vorinostat,"HDAC inhibitor Class I, IIa, IIb, IV",0.167746322193957
1012,ITGA5,47,0.479648473635523,0.000646203916237076,GDSC2_LN_IC50,Vorinostat,"HDAC inhibitor Class I, IIa, IIb, IV",0.0840816880459994
1012,ITGB1,47,0.394657724329325,0.00604760650238477,GDSC2_LN_IC50,Vorinostat,"HDAC inhibitor Class I, IIa, IIb, IV",0.0952653069623436
1012,KLF4,47,0.307932469935245,0.0352305459331268,GDSC2_LN_IC50,Vorinostat,"HDAC inhibitor Class I, IIa, IIb, IV",0.147657435160899
1012,LIF,47,0.521075456204934,0.0001731204632776,GDSC2_LN_IC50,Vorinostat,"HDAC inhibitor Class I, IIa, IIb, IV",0.024669666017058
1012,ME1,47,0.435848511858943,0.00219659717404471,GDSC2_LN_IC50,Vorinostat,"HDAC inhibitor Class I, IIa, IIb, IV",0.125206038920548
1012,MET,47,0.377775208140611,0.0088457907523965,GDSC2_LN_IC50,Vorinostat,"HDAC inhibitor Class I, IIa, IIb, IV",0.209503953400732
1012,MYB,47,-0.365980573543016,0.0114087914362164,GDSC2_LN_IC50,Vorinostat,"HDAC inhibitor Class I, IIa, IIb, IV",0.174423097010213
1012,NGF,47,0.369243408373147,0.0106429639325216,GDSC2_LN_IC50,Vorinostat,"HDAC inhibitor Class I, IIa, IIb, IV",0.189577795048041
1012,OXTR,47,0.405053778584669,0.00473851529768875,GDSC2_LN_IC50,Vorinostat,"HDAC inhibitor Class I, IIa, IIb, IV",0.139575631941173
1012,PLAU,47,0.335761781422776,0.0210373450938716,GDSC2_LN_IC50,Vorinostat,"HDAC inhibitor Class I, IIa, IIb, IV",0.193407850056561
1012,S100A2,47,0.345975948196115,0.0172140341396819,GDSC2_LN_IC50,Vorinostat,"HDAC inhibitor Class I, IIa, IIb, IV",0.2322449312179
1012,SNAI2,47,0.374652978567839,0.00947047854573265,GDSC2_LN_IC50,Vorinostat,"HDAC inhibitor Class I, IIa, IIb, IV",0.122648828540768
1012,SQSTM1,47,0.515841813135985,0.000206396689881047,GDSC2_LN_IC50,Vorinostat,"HDAC inhibitor Class I, IIa, IIb, IV",0.016957548777651
1012,STAT4,47,0.523104527104415,0.000161588505405337,GDSC2_LN_IC50,Vorinostat,"HDAC inhibitor Class I, IIa, IIb, IV",0.0460527240405211
1012,TGFBI,47,0.382978723404255,0.0078835808284701,GDSC2_LN_IC50,Vorinostat,"HDAC inhibitor Class I, IIa, IIb, IV",0.198160166184059
1012,TGFBR2,47,0.42879444997956,0.00263618718729768,GDSC2_LN_IC50,Vorinostat,"HDAC inhibitor Class I, IIa, IIb, IV",0.142535702474573
1012,TLR3,47,0.530121228701353,0.000126885060275355,GDSC2_LN_IC50,Vorinostat,"HDAC inhibitor Class I, IIa, IIb, IV",0.0210966060281822
1012,UGCG,47,0.408418131359852,0.00437164397924926,GDSC2_LN_IC50,Vorinostat,"HDAC inhibitor Class I, IIa, IIb, IV",0.10382654450717
1013,DBI,46,-0.437465569409616,0.00236420665726108,GDSC2_LN_IC50,Nilotinib,ABL,0.200485966343014
1013,PEG3,46,0.414409404967797,0.00419275766066587,GDSC2_LN_IC50,Nilotinib,ABL,0.199155988881629
1014,AR,46,0.32321639010549,0.0284508488580454,GDSC2_LN_IC50,Refametinib,"MEK1, MEK2",0.184283907375976
1014,CACNA1H,46,0.422795160999257,0.00341964921611106,GDSC2_LN_IC50,Refametinib,"MEK1, MEK2",0.0533970576466821
1014,CEBPA,46,0.421805118602695,0.00350387083899744,GDSC2_LN_IC50,Refametinib,"MEK1, MEK2",0.076815629931867
1014,EPHA2,46,-0.422148140269249,0.00347448646726019,GDSC2_LN_IC50,Refametinib,"MEK1, MEK2",0.0712266706266998
1014,ESR1,46,0.241773743689442,0.105494888485424,GDSC2_LN_IC50,Refametinib,"MEK1, MEK2",0.210252050477943
1014,ETS2,46,-0.527763062375957,0.000163776814194609,GDSC2_LN_IC50,Refametinib,"MEK1, MEK2",0.0155587973484878
1014,ETV1,46,-0.46478843895014,0.00113682725105032,GDSC2_LN_IC50,Refametinib,"MEK1, MEK2",0.0502795913994947
1014,ETV4,46,-0.457898969539366,0.00137515841104968,GDSC2_LN_IC50,Refametinib,"MEK1, MEK2",0.132726429891285
1014,ETV5,46,-0.477658294349313,0.000788149520305365,GDSC2_LN_IC50,Refametinib,"MEK1, MEK2",0.112311306643515
1014,FOSL1,46,-0.446758894976909,0.0018554092424951,GDSC2_LN_IC50,Refametinib,"MEK1, MEK2",0.0528791634111105
1014,GADD45G,46,0.448145705379293,0.00178846898925916,GDSC2_LN_IC50,Refametinib,"MEK1, MEK2",0.0418334867374176
1014,GATA3,46,0.267401599319234,0.0724043062367079,GDSC2_LN_IC50,Refametinib,"MEK1, MEK2",0.191066919235757
1014,HBEGF,46,-0.368563002453599,0.0117240763151549,GDSC2_LN_IC50,Refametinib,"MEK1, MEK2",0.12134373196937
1014,HDAC9,46,-0.418878173334967,0.00376360970327778,GDSC2_LN_IC50,Refametinib,"MEK1, MEK2",0.0555088144265815
1014,IGFBP5,46,0.413843117221949,0.00425008673600696,GDSC2_LN_IC50,Refametinib,"MEK1, MEK2",0.0295432858478532
1014,IRF1,46,-0.39407931738985,0.00673149578523992,GDSC2_LN_IC50,Refametinib,"MEK1, MEK2",0.245602525079843
1014,ITGA5,46,-0.377646856312711,0.00966942736634901,GDSC2_LN_IC50,Refametinib,"MEK1, MEK2",0.20612908447325
1014,ITGB1,46,-0.436554846425594,0.00242015146060059,GDSC2_LN_IC50,Refametinib,"MEK1, MEK2",0.0522860847699644
1014,LDHA,46,-0.348167686022318,0.017734339275355,GDSC2_LN_IC50,Refametinib,"MEK1, MEK2",0.174309210877631
1014,MEF2C,46,-0.320103736750298,0.0301038369031032,GDSC2_LN_IC50,Refametinib,"MEK1, MEK2",0.15320702709615
1014,MET,46,-0.353685537730457,0.0158955681774047,GDSC2_LN_IC50,Refametinib,"MEK1, MEK2",0.238433522661071
1014,MYB,46,0.366522500235963,0.0122338402563807,GDSC2_LN_IC50,Refametinib,"MEK1, MEK2",0.174423097010213
1014,PBX1,46,0.566828537620189,4.01016441942806e-05,GDSC2_LN_IC50,Refametinib,"MEK1, MEK2",0.00190482809922833
1014,PPARA,46,-0.372468192926672,0.0107990344244886,GDSC2_LN_IC50,Refametinib,"MEK1, MEK2",0.0715749956041688
1014,RARA,46,0.366279368572869,0.0122958253223458,GDSC2_LN_IC50,Refametinib,"MEK1, MEK2",0.100123149053387
1014,REST,46,0.344206554973346,0.0191626261276086,GDSC2_LN_IC50,Refametinib,"MEK1, MEK2",0.237743381006208
1014,SNAI2,46,-0.473859000318227,0.000879462505013442,GDSC2_LN_IC50,Refametinib,"MEK1, MEK2",0.049227802234437
1014,SOX3,46,0.479823528430481,0.000739997496766652,GDSC2_LN_IC50,Refametinib,"MEK1, MEK2",0.0412928434105543
1014,TGFBI,46,-0.377112399095077,0.00978109569779465,GDSC2_LN_IC50,Refametinib,"MEK1, MEK2",0.198160166184059
1014,TGFBR2,46,-0.428063001509908,0.00300075163104364,GDSC2_LN_IC50,Refametinib,"MEK1, MEK2",0.142535702474573
1014,TLR4,46,-0.427367933175374,0.00305329975754746,GDSC2_LN_IC50,Refametinib,"MEK1, MEK2",0.0761066831536328
1014,TYMS,46,-0.349412446450365,0.0173045418830391,GDSC2_LN_IC50,Refametinib,"MEK1, MEK2",0.224765424885096
1014,XBP1,46,0.301669933164352,0.0416044503976574,GDSC2_LN_IC50,Refametinib,"MEK1, MEK2",0.221824579087027
1016,FOXD3,44,0.581619574951404,3.46448416425035e-05,GDSC2_LN_IC50,Temsirolimus,MTOR,0.0098737798681135
1016,REST,44,0.333883693456422,0.0267622910280301,GDSC2_LN_IC50,Temsirolimus,MTOR,0.246040417515761
1017,BCL2L1,46,0.34107904477614,0.020357808820826,GDSC2_LN_IC50,Olaparib,"PARP1, PARP2",0.120874489873654
1017,ESR1,46,0.23780826976213,0.111512492005672,GDSC2_LN_IC50,Olaparib,"PARP1, PARP2",0.219402286806142
1017,GATA3,46,0.325122917054584,0.027476170998334,GDSC2_LN_IC50,Olaparib,"PARP1, PARP2",0.125737988836906
1017,HDAC9,46,-0.362912274516364,0.0131822492139163,GDSC2_LN_IC50,Olaparib,"PARP1, PARP2",0.11384669775655
1017,HES1,46,-0.440346027945768,0.00219471107037234,GDSC2_LN_IC50,Olaparib,"PARP1, PARP2",0.149797276437019
1017,IGFBP5,46,0.283435185516097,0.0562885170622276,GDSC2_LN_IC50,Olaparib,"PARP1, PARP2",0.170782395141697
1017,NR4A1,46,0.264383039930287,0.0758107495461543,GDSC2_LN_IC50,Olaparib,"PARP1, PARP2",0.242764759782629
1017,PBX1,46,0.277553858647106,0.0618270111211621,GDSC2_LN_IC50,Olaparib,"PARP1, PARP2",0.223046812272547
1017,PPARA,46,-0.244996328215344,0.100790448800977,GDSC2_LN_IC50,Olaparib,"PARP1, PARP2",0.247209928356532
1017,SOX3,46,0.411744702852494,0.00446854881332134,GDSC2_LN_IC50,Olaparib,"PARP1, PARP2",0.0734360168561116
1017,SQSTM1,46,0.296620106201256,0.045315866468191,GDSC2_LN_IC50,Olaparib,"PARP1, PARP2",0.148448528085453
1018,BCL2L1,46,0.422153732196037,0.00347400924277039,GDSC2_LN_IC50,Veliparib,"PARP1, PARP2",0.0702022200662926
1018,CACNA1H,46,0.297651392876596,0.0445367981676174,GDSC2_LN_IC50,Veliparib,"PARP1, PARP2",0.145896407790471
1018,SQSTM1,46,0.353805675481045,0.0158574062299958,GDSC2_LN_IC50,Veliparib,"PARP1, PARP2",0.100706547617725
1019,AR,46,0.370148842623674,0.0113405596831865,GDSC2_LN_IC50,Bosutinib,"SRC, ABL, TEC",0.120976676500987
1019,CACNA1H,46,0.313729307477206,0.0337382298181239,GDSC2_LN_IC50,Bosutinib,"SRC, ABL, TEC",0.119080254616112
1019,EPHA2,46,-0.342722899562204,0.0197220117536515,GDSC2_LN_IC50,Bosutinib,"SRC, ABL, TEC",0.165316863229138
1019,ESR1,46,0.308105307564477,0.0372385764168317,GDSC2_LN_IC50,Bosutinib,"SRC, ABL, TEC",0.098268465544417
1019,GATA3,46,0.387461940208761,0.00780521800075133,GDSC2_LN_IC50,Bosutinib,"SRC, ABL, TEC",0.0556121782553533
1019,HBEGF,46,-0.332127812444525,0.0241305391439536,GDSC2_LN_IC50,Bosutinib,"SRC, ABL, TEC",0.16352939749237
1019,HDAC9,46,-0.283652138195887,0.0560921032469264,GDSC2_LN_IC50,Bosutinib,"SRC, ABL, TEC",0.199582901524376
1019,IGFBP5,46,0.421925754987251,0.00349351194223606,GDSC2_LN_IC50,Bosutinib,"SRC, ABL, TEC",0.0255295103471096
1019,MEF2C,46,-0.288051503815839,0.0522267028755767,GDSC2_LN_IC50,Bosutinib,"SRC, ABL, TEC",0.193306627526485
1019,PBX1,46,0.438987012827574,0.00227329184024586,GDSC2_LN_IC50,Bosutinib,"SRC, ABL, TEC",0.0366108751938766
1019,RARA,46,0.421573580391988,0.00352382833233412,GDSC2_LN_IC50,Bosutinib,"SRC, ABL, TEC",0.0573410867348214
1019,REST,46,0.405313292672616,0.00520045270284813,GDSC2_LN_IC50,Bosutinib,"SRC, ABL, TEC",0.164681002256857
1019,SOX3,46,0.394956332273068,0.00659929181939238,GDSC2_LN_IC50,Bosutinib,"SRC, ABL, TEC",0.0846045530656375
1019,SPI1,46,0.388246931263595,0.00767055812533862,GDSC2_LN_IC50,Bosutinib,"SRC, ABL, TEC",0.224107901361469
1019,TLR4,46,-0.343223895192411,0.0195316009650025,GDSC2_LN_IC50,Bosutinib,"SRC, ABL, TEC",0.157189814735652
1020,CACNA1H,46,0.355603876101184,0.0152954326305038,GDSC2_LN_IC50,Lenalidomide,CRBN,0.101376704644037
1020,ESR1,46,0.357914063409047,0.0145983665760821,GDSC2_LN_IC50,Lenalidomide,CRBN,0.0497718574215309
1020,GATA3,46,0.2859939395582,0.0540068729801148,GDSC2_LN_IC50,Lenalidomide,CRBN,0.160332904159716
1020,GJA1,46,0.331270588039676,0.0245206935783385,GDSC2_LN_IC50,Lenalidomide,CRBN,0.203845530561228
1020,IGFBP5,46,0.274146183905226,0.0652300755981655,GDSC2_LN_IC50,Lenalidomide,CRBN,0.182750686065129
1020,PPARA,46,-0.25237373215025,0.0906291635072525,GDSC2_LN_IC50,Lenalidomide,CRBN,0.230618853567562
1020,RARA,46,0.322330621381863,0.0289133680796913,GDSC2_LN_IC50,Lenalidomide,CRBN,0.142074308667449
1020,REST,46,0.355032551809831,0.0154721190850311,GDSC2_LN_IC50,Lenalidomide,CRBN,0.237743381006208
1020,SOX3,46,0.375854603542934,0.0100482825583918,GDSC2_LN_IC50,Lenalidomide,CRBN,0.102557556292208
1020,SQSTM1,46,0.2371519196603,0.112533226095432,GDSC2_LN_IC50,Lenalidomide,CRBN,0.232405575631871
1021,AXL,47,0.348980519407128,0.0162083452882003,GDSC2_LN_IC50,Axitinib,"PDGFR, KIT, VEGFR",0.220030580928325
1021,BACE1,47,-0.421046545948106,0.0032069083625368,GDSC2_LN_IC50,Axitinib,"PDGFR, KIT, VEGFR",0.209519910718755
1021,BCL2L1,47,0.350716928769658,0.0156502116841933,GDSC2_LN_IC50,Axitinib,"PDGFR, KIT, VEGFR",0.0984364611640788
1021,CTNNB1,47,-0.336840888066605,0.0206023118912591,GDSC2_LN_IC50,Axitinib,"PDGFR, KIT, VEGFR",0.19073182084045
1021,DNMT1,47,-0.345629047178538,0.0173334822765487,GDSC2_LN_IC50,Axitinib,"PDGFR, KIT, VEGFR",0.247002122440819
1021,ESR1,47,0.463046507877898,0.00104732777552338,GDSC2_LN_IC50,Axitinib,"PDGFR, KIT, VEGFR",0.0114803236932371
1021,GATA3,47,0.246415356151711,0.0949775539248189,GDSC2_LN_IC50,Axitinib,"PDGFR, KIT, VEGFR",0.225571690571445
1021,HDAC3,47,-0.384944495837188,0.00754440676851183,GDSC2_LN_IC50,Axitinib,"PDGFR, KIT, VEGFR",0.0934850403924292
1021,IGFBP5,47,0.38159111933395,0.00813086938455026,GDSC2_LN_IC50,Axitinib,"PDGFR, KIT, VEGFR",0.0476240336777798
1021,ILF3,47,-0.396623496762257,0.0057783468288403,GDSC2_LN_IC50,Axitinib,"PDGFR, KIT, VEGFR",0.0993091899699956
1021,KLF4,47,0.373612395929695,0.00968695024621192,GDSC2_LN_IC50,Axitinib,"PDGFR, KIT, VEGFR",0.084449060968457
1021,LDHA,47,-0.300647548566142,0.0400329119234391,GDSC2_LN_IC50,Axitinib,"PDGFR, KIT, VEGFR",0.232844487717962
1021,SQSTM1,47,0.44472710453284,0.00173628370800426,GDSC2_LN_IC50,Axitinib,"PDGFR, KIT, VEGFR",0.0380646812908626
1021,UGCG,47,0.376850138760407,0.00902705737659124,GDSC2_LN_IC50,Axitinib,"PDGFR, KIT, VEGFR",0.128635567616425
1022,ACTA2,47,-0.434923388989516,0.0022502791184233,GDSC2_LN_IC50,AZD7762,"CHEK1, CHEK2",0.190985559112494
1022,ADAMTS5,47,-0.466571484274828,0.000947178512913105,GDSC2_LN_IC50,AZD7762,"CHEK1, CHEK2",0.172217417107232
1022,AR,47,0.403832551049179,0.00487819355626784,GDSC2_LN_IC50,AZD7762,"CHEK1, CHEK2",0.0868928227210209
1022,BCL2L1,47,0.257284921369103,0.0808310049707516,GDSC2_LN_IC50,AZD7762,"CHEK1, CHEK2",0.223658605987031
1022,CACNA1H,47,0.414760433024138,0.00374716194011804,GDSC2_LN_IC50,AZD7762,"CHEK1, CHEK2",0.0533970576466821
1022,CAV1,47,-0.457686418753037,0.00121779738638105,GDSC2_LN_IC50,AZD7762,"CHEK1, CHEK2",0.0456918334578921
1022,CD44,47,-0.403561517113784,0.00490967651064899,GDSC2_LN_IC50,AZD7762,"CHEK1, CHEK2",0.17490722569187
1022,CEBPA,47,0.377312673450509,0.00893602754346716,GDSC2_LN_IC50,AZD7762,"CHEK1, CHEK2",0.116350988598203
1022,CTNNB1,47,-0.45536540240518,0.0012989963694605,GDSC2_LN_IC50,AZD7762,"CHEK1, CHEK2",0.0617023275493736
1022,CTSB,47,-0.446692876965772,0.00164678981398095,GDSC2_LN_IC50,AZD7762,"CHEK1, CHEK2",0.238382549750488
1022,DCBLD2,47,-0.511100832562442,0.000241439873507835,GDSC2_LN_IC50,AZD7762,"CHEK1, CHEK2",0.0344051819748664
1022,DKK3,47,-0.38400371424414,0.00770511849918287,GDSC2_LN_IC50,AZD7762,"CHEK1, CHEK2",0.129150166677534
1022,DNAJB4,47,-0.464398254075127,0.00100785590052546,GDSC2_LN_IC50,AZD7762,"CHEK1, CHEK2",0.0504868526144561
1022,DNMT1,47,-0.374190564292322,0.00956615423925028,GDSC2_LN_IC50,AZD7762,"CHEK1, CHEK2",0.247002122440819
1022,E2F3,47,-0.44345513413506,0.00179646846323437,GDSC2_LN_IC50,AZD7762,"CHEK1, CHEK2",0.170664504007265
1022,EPHA2,47,-0.585470209258557,1.54072553275644e-05,GDSC2_LN_IC50,AZD7762,"CHEK1, CHEK2",0.00219553388417792
1022,ESR1,47,0.614156851962443,4.4006232855099e-06,GDSC2_LN_IC50,AZD7762,"CHEK1, CHEK2",0.00062708881818516
1022,ETS1,47,-0.515481802511312,0.000208886108876191,GDSC2_LN_IC50,AZD7762,"CHEK1, CHEK2",0.0198441803432382
1022,ETS2,47,-0.467969472710453,0.000909894557990919,GDSC2_LN_IC50,AZD7762,"CHEK1, CHEK2",0.037045707003916
1022,ETV1,47,-0.393917493154113,0.00615179246429124,GDSC2_LN_IC50,AZD7762,"CHEK1, CHEK2",0.125232918023072
1022,EXT1,47,-0.422756706753006,0.00307234542852125,GDSC2_LN_IC50,AZD7762,"CHEK1, CHEK2",0.180760828131954
1022,FAS,47,-0.481642093895595,0.000608793156233606,GDSC2_LN_IC50,AZD7762,"CHEK1, CHEK2",0.0867530247632889
1022,FBN1,47,-0.524386367579931,0.00015466777613957,GDSC2_LN_IC50,AZD7762,"CHEK1, CHEK2",0.0220401580998887
1022,FHL1,47,-0.565075345162573,3.50153239532144e-05,GDSC2_LN_IC50,AZD7762,"CHEK1, CHEK2",0.00498968366333306
1022,FN1,47,-0.356729879740981,0.0138419233938171,GDSC2_LN_IC50,AZD7762,"CHEK1, CHEK2",0.246559260452367
1022,FOSL1,47,-0.477173509482004,0.000695513280957705,GDSC2_LN_IC50,AZD7762,"CHEK1, CHEK2",0.0371459196129467
1022,FOXC2,47,-0.432499175227808,0.002396494886411,GDSC2_LN_IC50,AZD7762,"CHEK1, CHEK2",0.179868396713023
1022,FOXF2,47,-0.417686434336193,0.00348648309909303,GDSC2_LN_IC50,AZD7762,"CHEK1, CHEK2",0.10495094478198
1022,GADD45G,47,0.549028677150786,6.43694373950111e-05,GDSC2_LN_IC50,AZD7762,"CHEK1, CHEK2",0.00611509655252605
1022,GATA3,47,0.595282146160962,1.01734110408808e-05,GDSC2_LN_IC50,AZD7762,"CHEK1, CHEK2",0.000724855536662755
1022,GJB1,47,0.440426935496147,0.00194726476668031,GDSC2_LN_IC50,AZD7762,"CHEK1, CHEK2",0.138742614625972
1022,GLS,47,-0.542321924144311,8.22706077414487e-05,GDSC2_LN_IC50,AZD7762,"CHEK1, CHEK2",0.00781570773543763
1022,HBEGF,47,-0.460235321518676,0.00113386963589105,GDSC2_LN_IC50,AZD7762,"CHEK1, CHEK2",0.0711315258367033
1022,HDAC3,47,-0.3618177613321,0.0124540631796054,GDSC2_LN_IC50,AZD7762,"CHEK1, CHEK2",0.104394353123163
1022,HDAC9,47,-0.509323234580153,0.000255910980538453,GDSC2_LN_IC50,AZD7762,"CHEK1, CHEK2",0.0121557715755765
1022,HEY1,47,-0.400115641027313,0.00532569453602185,GDSC2_LN_IC50,AZD7762,"CHEK1, CHEK2",0.167002525650802
1022,HOXA10,47,-0.466645477445175,0.000945171399682803,GDSC2_LN_IC50,AZD7762,"CHEK1, CHEK2",0.134686924454799
1022,HRH1,47,-0.436245886400295,0.0021738890232182,GDSC2_LN_IC50,AZD7762,"CHEK1, CHEK2",0.103259728602865
1022,IGFBP5,47,0.565101757631822,3.49793367980601e-05,GDSC2_LN_IC50,AZD7762,"CHEK1, CHEK2",0.00188392624766431
1022,IL6,47,-0.40800512338356,0.00441529877524287,GDSC2_LN_IC50,AZD7762,"CHEK1, CHEK2",0.157295018868027
1022,ILF3,47,-0.425994449583719,0.00283114617553196,GDSC2_LN_IC50,AZD7762,"CHEK1, CHEK2",0.067239721668884
1022,IRF1,47,-0.436054579093432,0.00218479529002114,GDSC2_LN_IC50,AZD7762,"CHEK1, CHEK2",0.167746322193957
1022,ITGA5,47,-0.40922756706753,0.00428718183002543,GDSC2_LN_IC50,AZD7762,"CHEK1, CHEK2",0.203053691073298
1022,ITGB1,47,-0.447155411655874,0.00162633785245494,GDSC2_LN_IC50,AZD7762,"CHEK1, CHEK2",0.0522860847699644
1022,KLF8,47,0.536413312607677,0.000101688696912929,GDSC2_LN_IC50,AZD7762,"CHEK1, CHEK2",0.0289812786201846
1022,LDHA,47,-0.398011100832562,0.00559462443043767,GDSC2_LN_IC50,AZD7762,"CHEK1, CHEK2",0.174309210877631
1022,LOX,47,-0.501416595229604,0.000330270976376756,GDSC2_LN_IC50,AZD7762,"CHEK1, CHEK2",0.0235318070668439
1022,MAP2,47,-0.37431701903416,0.0095399078153293,GDSC2_LN_IC50,AZD7762,"CHEK1, CHEK2",0.226572810614071
1022,MEF2C,47,-0.576948732068075,2.18571176290801e-05,GDSC2_LN_IC50,AZD7762,"CHEK1, CHEK2",0.00622927852428784
1022,MET,47,-0.425994449583719,0.00283114617553196,GDSC2_LN_IC50,AZD7762,"CHEK1, CHEK2",0.115409135201515
1022,MMP14,47,-0.429880604961226,0.00256381224396852,GDSC2_LN_IC50,AZD7762,"CHEK1, CHEK2",0.121781081588505
1022,MSC,47,-0.462199603996294,0.00107275630023358,GDSC2_LN_IC50,AZD7762,"CHEK1, CHEK2",0.24742337034081
1022,MYB,47,0.427382053654024,0.00273299564808158,GDSC2_LN_IC50,AZD7762,"CHEK1, CHEK2",0.111271965671893
1022,NGF,47,-0.436938033241557,0.00213483190990785,GDSC2_LN_IC50,AZD7762,"CHEK1, CHEK2",0.0676030104804152
1022,NR4A1,47,0.314986123959297,0.0310434857307436,GDSC2_LN_IC50,AZD7762,"CHEK1, CHEK2",0.186983821979806
1022,OPTN,47,-0.361586493987049,0.0125144603869254,GDSC2_LN_IC50,AZD7762,"CHEK1, CHEK2",0.153715642240693
1022,PAX6,47,-0.514029609440449,0.000219206689529316,GDSC2_LN_IC50,AZD7762,"CHEK1, CHEK2",0.0312369532579275
1022,PBX1,47,0.524167437557817,0.000155830372965004,GDSC2_LN_IC50,AZD7762,"CHEK1, CHEK2",0.00430794210931233
1022,PLAU,47,-0.388435964800793,0.00697307683736872,GDSC2_LN_IC50,AZD7762,"CHEK1, CHEK2",0.141951921332149
1022,POU5F1,47,-0.519392687511455,0.000183245770454899,GDSC2_LN_IC50,AZD7762,"CHEK1, CHEK2",0.0216305720919445
1022,PPARA,47,-0.617212570001491,3.82255368646643e-06,GDSC2_LN_IC50,AZD7762,"CHEK1, CHEK2",0.00052923573992237
1022,RARA,47,0.446924144310823,0.00163653543704275,GDSC2_LN_IC50,AZD7762,"CHEK1, CHEK2",0.0424011454142895
1022,RXRA,47,0.330596669750231,0.0232281784430973,GDSC2_LN_IC50,AZD7762,"CHEK1, CHEK2",0.204617667000229
1022,S100A2,47,-0.554694727104533,5.21028986005247e-05,GDSC2_LN_IC50,AZD7762,"CHEK1, CHEK2",0.0148493261011495
1022,SLC1A3,47,-0.518083785810583,0.000191489972705153,GDSC2_LN_IC50,AZD7762,"CHEK1, CHEK2",0.0545746422209685
1022,SMAD3,47,-0.478145235892692,0.000675764360867035,GDSC2_LN_IC50,AZD7762,"CHEK1, CHEK2",0.0962964214235524
1022,SMAD6,47,-0.501806828575451,0.000326186297839319,GDSC2_LN_IC50,AZD7762,"CHEK1, CHEK2",0.0929630948842059
1022,SNAI2,47,-0.582427179434857,1.74762194423785e-05,GDSC2_LN_IC50,AZD7762,"CHEK1, CHEK2",0.00498072254107788
1022,SOX2,47,0.389977298742444,0.00673305031220838,GDSC2_LN_IC50,AZD7762,"CHEK1, CHEK2",0.239864917372424
1022,SOX3,47,0.37016116843675,0.0104356811665756,GDSC2_LN_IC50,AZD7762,"CHEK1, CHEK2",0.102557556292208
1022,TCF4,47,-0.474152888564495,0.000760254211060705,GDSC2_LN_IC50,AZD7762,"CHEK1, CHEK2",0.0454020280820701
1022,TGFB2,47,-0.386632361180325,0.00726334063878854,GDSC2_LN_IC50,AZD7762,"CHEK1, CHEK2",0.225026532142044
1022,TGFBI,47,-0.511100832562442,0.000241439873507835,GDSC2_LN_IC50,AZD7762,"CHEK1, CHEK2",0.0278952727520376
1022,TGFBR2,47,-0.500491472360177,0.000340139797107723,GDSC2_LN_IC50,AZD7762,"CHEK1, CHEK2",0.0957245287350367
1022,TLR4,47,-0.309491997506617,0.0342668301133711,GDSC2_LN_IC50,AZD7762,"CHEK1, CHEK2",0.183439046034058
1022,TMEM158,47,-0.412098091062558,0.0039990620332122,GDSC2_LN_IC50,AZD7762,"CHEK1, CHEK2",0.162818954209354
1022,TYMS,47,-0.459528214616096,0.00115661872469454,GDSC2_LN_IC50,AZD7762,"CHEK1, CHEK2",0.137636120730055
1022,VIM,47,-0.400901942645698,0.00522814998860499,GDSC2_LN_IC50,AZD7762,"CHEK1, CHEK2",0.209978052228695
1022,XBP1,47,0.4868177613321,0.00052058734416329,GDSC2_LN_IC50,AZD7762,"CHEK1, CHEK2",0.0269707114286211
1022,YBX1,47,-0.475716928769658,0.000726087153838792,GDSC2_LN_IC50,AZD7762,"CHEK1, CHEK2",0.0413869677688111
1022,ZBTB7A,47,0.389985834628577,0.00673174127988356,GDSC2_LN_IC50,AZD7762,"CHEK1, CHEK2",0.214653194801424
1022,ZEB2,47,-0.409063496553004,0.00430418564969151,GDSC2_LN_IC50,AZD7762,"CHEK1, CHEK2",0.245338582032416
1023,ITGB1,43,0.325815074115576,0.032997304505326,GDSC2_LN_IC50,GW441756,NTRK1,0.246578819894493
1023,KLF4,43,0.289196489655744,0.0599827652311975,GDSC2_LN_IC50,GW441756,NTRK1,0.190833867304315
1023,PITX2,43,0.503851093711166,0.000572019742993644,GDSC2_LN_IC50,GW441756,NTRK1,0.163025626753189
1023,SNAI2,43,0.33564864009205,0.0277777263050079,GDSC2_LN_IC50,GW441756,NTRK1,0.221067631357571
1023,SQSTM1,43,0.271993198221222,0.0776552898249389,GDSC2_LN_IC50,GW441756,NTRK1,0.187557267797522
1023,VIM,43,0.356052418042636,0.0191105870515532,GDSC2_LN_IC50,GW441756,NTRK1,0.242526776118504
1024,AR,46,0.336369827455981,0.0222754810889915,GDSC2_LN_IC50,Lestaurtinib,"FLT3, JAK2, NTRK1, NTRK2, NTRK3",0.154841758789331
1024,DNAJB4,46,-0.319263419510432,0.0305635009433871,GDSC2_LN_IC50,Lestaurtinib,"FLT3, JAK2, NTRK1, NTRK2, NTRK3",0.241961049135148
1024,ESR1,46,0.545192582067096,8.93181382586188e-05,GDSC2_LN_IC50,Lestaurtinib,"FLT3, JAK2, NTRK1, NTRK2, NTRK3",0.00282840771152293
1024,FOSB,46,0.433110704661609,0.00264243945196008,GDSC2_LN_IC50,Lestaurtinib,"FLT3, JAK2, NTRK1, NTRK2, NTRK3",0.230294895830209
1024,GADD45G,46,0.334744261656323,0.0229716839837039,GDSC2_LN_IC50,Lestaurtinib,"FLT3, JAK2, NTRK1, NTRK2, NTRK3",0.183267307376884
1024,GATA3,46,0.416504876921916,0.00398646429965774,GDSC2_LN_IC50,Lestaurtinib,"FLT3, JAK2, NTRK1, NTRK2, NTRK3",0.0346311747542831
1024,HBEGF,46,-0.327306405391398,0.0263942185426281,GDSC2_LN_IC50,Lestaurtinib,"FLT3, JAK2, NTRK1, NTRK2, NTRK3",0.16352939749237
1024,HDAC3,46,-0.2867967921673,0.0533065297634716,GDSC2_LN_IC50,Lestaurtinib,"FLT3, JAK2, NTRK1, NTRK2, NTRK3",0.185272694909627
1024,HDAC9,46,-0.284010511080531,0.0557688644251462,GDSC2_LN_IC50,Lestaurtinib,"FLT3, JAK2, NTRK1, NTRK2, NTRK3",0.199582901524376
1024,IGFBP5,46,0.519882499247337,0.000213144082718199,GDSC2_LN_IC50,Lestaurtinib,"FLT3, JAK2, NTRK1, NTRK2, NTRK3",0.00399793924856276
1024,ILF3,46,-0.381930311440025,0.00881340486848865,GDSC2_LN_IC50,Lestaurtinib,"FLT3, JAK2, NTRK1, NTRK2, NTRK3",0.114173653978148
1024,KLF4,46,0.35441742457478,0.0156642871952191,GDSC2_LN_IC50,Lestaurtinib,"FLT3, JAK2, NTRK1, NTRK2, NTRK3",0.0949855712901585
1024,MEF2C,46,-0.333917292361978,0.0233328046823305,GDSC2_LN_IC50,Lestaurtinib,"FLT3, JAK2, NTRK1, NTRK2, NTRK3",0.125468855367249
1024,NR4A1,46,0.283474685409713,0.0562527155179964,GDSC2_LN_IC50,Lestaurtinib,"FLT3, JAK2, NTRK1, NTRK2, NTRK3",0.236017882684214
1024,PBX1,46,0.283353852210476,0.0563622928557271,GDSC2_LN_IC50,Lestaurtinib,"FLT3, JAK2, NTRK1, NTRK2, NTRK3",0.211358598208977
1024,PPARA,46,-0.26253278019176,0.0779603739943144,GDSC2_LN_IC50,Lestaurtinib,"FLT3, JAK2, NTRK1, NTRK2, NTRK3",0.2076514634428
1024,RARA,46,0.375833444049175,0.0100528304838545,GDSC2_LN_IC50,Lestaurtinib,"FLT3, JAK2, NTRK1, NTRK2, NTRK3",0.0955018895966181
1024,SOX3,46,0.315509003783029,0.0326888703534098,GDSC2_LN_IC50,Lestaurtinib,"FLT3, JAK2, NTRK1, NTRK2, NTRK3",0.168330142529062
1024,XBP1,46,0.288771931271339,0.0516147148155781,GDSC2_LN_IC50,Lestaurtinib,"FLT3, JAK2, NTRK1, NTRK2, NTRK3",0.233495138451425
1024,YBX1,46,-0.338771701703913,0.0212792702978733,GDSC2_LN_IC50,Lestaurtinib,"FLT3, JAK2, NTRK1, NTRK2, NTRK3",0.183775516208906
1025,BCL2L1,45,0.454117659735775,0.00172776314916856,GDSC2_LN_IC50,SB216763,"GSK3A, GSK3B",0.0547124997236712
1025,CACNA1H,45,0.291550650162474,0.0519928386796218,GDSC2_LN_IC50,SB216763,"GSK3A, GSK3B",0.159332892727873
1025,IGFBP5,45,0.355336763602232,0.0166046270430594,GDSC2_LN_IC50,SB216763,"GSK3A, GSK3B",0.0728049031887989
1025,KLF4,45,0.268243974415025,0.0748128656602854,GDSC2_LN_IC50,SB216763,"GSK3A, GSK3B",0.200237768414917
1025,RARA,45,0.357836708825943,0.0158041936129383,GDSC2_LN_IC50,SB216763,"GSK3A, GSK3B",0.111667018432465
1025,REST,45,0.396674049329336,0.00698084246826219,GDSC2_LN_IC50,SB216763,"GSK3A, GSK3B",0.198954010345473
1025,SQSTM1,45,0.421087174419178,0.00397027520541455,GDSC2_LN_IC50,SB216763,"GSK3A, GSK3B",0.0687749598509669
1026,CXCL12,46,0.444788677970831,0.00195432865461436,GDSC2_LN_IC50,Tanespimycin,HSP90,0.148120448530039
1026,ESR1,46,0.345236563429307,0.0187822028929952,GDSC2_LN_IC50,Tanespimycin,HSP90,0.0581839980924307
1026,GJA1,46,0.336171217341364,0.02235958107184,GDSC2_LN_IC50,Tanespimycin,HSP90,0.203845530561228
1026,IGFBP5,46,0.384890384928328,0.00826076804939215,GDSC2_LN_IC50,Tanespimycin,HSP90,0.0476240336777798
1026,RARA,46,0.36974272093303,0.0114377366532172,GDSC2_LN_IC50,Tanespimycin,HSP90,0.100123149053387
1026,REST,46,0.329892181378439,0.0251591136361226,GDSC2_LN_IC50,Tanespimycin,HSP90,0.246040417515761
1026,SOX3,46,0.346309715161031,0.0183926474014438,GDSC2_LN_IC50,Tanespimycin,HSP90,0.132161741418548
1026,SQSTM1,46,0.246522664206148,0.0986193612378423,GDSC2_LN_IC50,Tanespimycin,HSP90,0.209750133976008
1026,UGCG,46,0.38904711034151,0.00753536592983472,GDSC2_LN_IC50,Tanespimycin,HSP90,0.125323894263247
1029,AXL,46,0.356400055913666,0.0150520694245848,GDSC2_LN_IC50,Motesanib,"VEGFR, RET, KIT, PDGFR",0.220030580928325
1029,CACNA1H,46,0.328307416611342,0.0259102138697247,GDSC2_LN_IC50,Motesanib,"VEGFR, RET, KIT, PDGFR",0.119080254616112
1029,ESR1,46,0.356411989951732,0.0150484468132266,GDSC2_LN_IC50,Motesanib,"VEGFR, RET, KIT, PDGFR",0.0504565569619949
1029,GJA1,46,0.398445067735977,0.00609544593669545,GDSC2_LN_IC50,Motesanib,"VEGFR, RET, KIT, PDGFR",0.110002586872512
1029,KLF4,46,0.27093375826382,0.0685731247651015,GDSC2_LN_IC50,Motesanib,"VEGFR, RET, KIT, PDGFR",0.195433405580539
1029,MEF2C,46,-0.274178149262118,0.0651974747396152,GDSC2_LN_IC50,Motesanib,"VEGFR, RET, KIT, PDGFR",0.199665920889907
1029,OXTR,46,0.414041633056465,0.00422991203551813,GDSC2_LN_IC50,Motesanib,"VEGFR, RET, KIT, PDGFR",0.139575631941173
1029,SOX3,46,0.285633635665311,0.0543235733717638,GDSC2_LN_IC50,Motesanib,"VEGFR, RET, KIT, PDGFR",0.209219167715577
1029,SQSTM1,46,0.410390556007895,0.0046146841042907,GDSC2_LN_IC50,Motesanib,"VEGFR, RET, KIT, PDGFR",0.0694043909691545
1029,UGCG,46,0.315797592060253,0.0325212802605443,GDSC2_LN_IC50,Motesanib,"VEGFR, RET, KIT, PDGFR",0.238480507219958
1030,BCL2L1,45,0.316475522288649,0.0341735666539443,GDSC2_LN_IC50,KU-55933,ATM,0.147567674187487
1030,CACNA1H,45,0.519239037360773,0.000257392595593296,GDSC2_LN_IC50,KU-55933,ATM,0.0183392224360223
1030,EPHA2,45,-0.322654083208322,0.0306408902597974,GDSC2_LN_IC50,KU-55933,ATM,0.220156267291251
1030,ESR1,45,0.287176338547557,0.0557822181678577,GDSC2_LN_IC50,KU-55933,ATM,0.13472823879525
1030,GATA3,45,0.302506629108907,0.0434074673059792,GDSC2_LN_IC50,KU-55933,ATM,0.147275335502429
1030,HDAC3,45,-0.406137943132345,0.00563650549178902,GDSC2_LN_IC50,KU-55933,ATM,0.0803202032579936
1030,MEF2C,45,-0.366159213873334,0.0133710825493542,GDSC2_LN_IC50,KU-55933,ATM,0.0932761303988774
1030,NR4A1,45,0.274929578938917,0.0675817716912558,GDSC2_LN_IC50,KU-55933,ATM,0.236017882684214
1030,PBX1,45,0.344358951715966,0.0205379864391911,GDSC2_LN_IC50,KU-55933,ATM,0.11780316801178
1030,PPARA,45,-0.28528589953688,0.0574870837332268,GDSC2_LN_IC50,KU-55933,ATM,0.172324015521299
1030,SIX1,45,0.45774794509248,0.00156873328181564,GDSC2_LN_IC50,KU-55933,ATM,0.223544492658729
1030,TLR4,45,-0.355440040914486,0.0165708926375425,GDSC2_LN_IC50,KU-55933,ATM,0.143112254596958
1032,GJA1,45,0.327457363183222,0.0281083943679762,GDSC2_LN_IC50,Afatinib,"EGFR, ERBB2",0.203845530561228
1032,MYBL2,45,0.485540750545416,0.000722539836660255,GDSC2_LN_IC50,Afatinib,"EGFR, ERBB2",0.102961926724086
1032,NGF,45,0.354897562184755,0.016748737721629,GDSC2_LN_IC50,Afatinib,"EGFR, ERBB2",0.222482424015525
1032,NR4A1,45,-0.308013900822859,0.0395499718320279,GDSC2_LN_IC50,Afatinib,"EGFR, ERBB2",0.212674376832603
1032,OPTN,45,0.39504940697792,0.00723757811739646,GDSC2_LN_IC50,Afatinib,"EGFR, ERBB2",0.102892263307212
1032,OXTR,45,0.389328662854002,0.00820774159294166,GDSC2_LN_IC50,Afatinib,"EGFR, ERBB2",0.155947090265891
1032,REST,45,0.354118757766661,0.0170068829853334,GDSC2_LN_IC50,Afatinib,"EGFR, ERBB2",0.237743381006208
1032,SNAI2,45,0.31664830746782,0.0340704008807212,GDSC2_LN_IC50,Afatinib,"EGFR, ERBB2",0.236830835390379
1032,SPI1,45,0.391144272117701,0.00788835491043002,GDSC2_LN_IC50,Afatinib,"EGFR, ERBB2",0.224107901361469
1032,SPRY1,45,-0.485900527538446,0.000715015339357975,GDSC2_LN_IC50,Afatinib,"EGFR, ERBB2",0.203779371717023
1032,UGCG,45,0.323756324181664,0.0300436404807852,GDSC2_LN_IC50,Afatinib,"EGFR, ERBB2",0.231417230730372
1032,VHL,45,0.46085630987142,0.00144303925741848,GDSC2_LN_IC50,Afatinib,"EGFR, ERBB2",0.127178251495116
1032,XBP1,45,-0.363117183055856,0.0142205454297884,GDSC2_LN_IC50,Afatinib,"EGFR, ERBB2",0.112579317985825
1033,BCL2L1,46,0.468585229739183,0.00102188721078606,GDSC2_LN_IC50,Vismodegib,SMO,0.0481131841960073
1033,GATA3,46,0.237508032660506,0.111978532127376,GDSC2_LN_IC50,Vismodegib,SMO,0.24798608752835
1033,SQSTM1,46,0.352364022473991,0.0163205199804902,GDSC2_LN_IC50,Vismodegib,SMO,0.100706547617725
1033,TLR4,46,-0.30400524545432,0.0399741524949107,GDSC2_LN_IC50,Vismodegib,SMO,0.196424714845682
1034,ACTA2,47,-0.406764961651322,0.00454868515170265,GDSC2_LN_IC50,Staurosporine,Broad spectrum kinase inhibitor,0.190985559112494
1034,ADAMTS5,47,-0.414361350523505,0.00378401047263874,GDSC2_LN_IC50,Staurosporine,Broad spectrum kinase inhibitor,0.215688596940408
1034,AR,47,0.437408078515998,0.0021086633297567,GDSC2_LN_IC50,Staurosporine,Broad spectrum kinase inhibitor,0.0600969048980659
1034,BCL2L1,47,0.284921369102683,0.0522377012436389,GDSC2_LN_IC50,Staurosporine,Broad spectrum kinase inhibitor,0.177235057790918
1034,CACNA1H,47,0.419503196307917,0.00333277134373907,GDSC2_LN_IC50,Staurosporine,Broad spectrum kinase inhibitor,0.0533970576466821
1034,CAV1,47,-0.50863041558455,0.000261760609477227,GDSC2_LN_IC50,Staurosporine,Broad spectrum kinase inhibitor,0.0248672579003366
1034,CD44,47,-0.428769657724329,0.00263786004173946,GDSC2_LN_IC50,Staurosporine,Broad spectrum kinase inhibitor,0.125298351982624
1034,CEBPA,47,0.483580018501388,0.000574305125599701,GDSC2_LN_IC50,Staurosporine,Broad spectrum kinase inhibitor,0.0409192401989787
1034,DCBLD2,47,-0.438598519888992,0.0020436552795764,GDSC2_LN_IC50,Staurosporine,Broad spectrum kinase inhibitor,0.145610438669818
1034,DKK3,47,-0.396437569449334,0.00580335894955959,GDSC2_LN_IC50,Staurosporine,Broad spectrum kinase inhibitor,0.119740150713613
1034,DNAJB4,47,-0.518458558801252,0.000189095710147918,GDSC2_LN_IC50,Staurosporine,Broad spectrum kinase inhibitor,0.019351637344531
1034,DNMT1,47,-0.360083256244218,0.0129131818355772,GDSC2_LN_IC50,Staurosporine,Broad spectrum kinase inhibitor,0.247002122440819
1034,EPHA2,47,-0.527825157053266,0.000137411521444892,GDSC2_LN_IC50,Staurosporine,Broad spectrum kinase inhibitor,0.0130540945372647
1034,ESR1,47,0.522842947136765,0.000163034895534295,GDSC2_LN_IC50,Staurosporine,Broad spectrum kinase inhibitor,0.00422408592975218
1034,ETS1,47,-0.46188094654631,0.00108246597078632,GDSC2_LN_IC50,Staurosporine,Broad spectrum kinase inhibitor,0.0440718288105858
1034,ETS2,47,-0.409458834412581,0.00426331383984812,GDSC2_LN_IC50,Staurosporine,Broad spectrum kinase inhibitor,0.0675024691309285
1034,ETV1,47,-0.368824260799954,0.0107388017754066,GDSC2_LN_IC50,Staurosporine,Broad spectrum kinase inhibitor,0.191586424083559
1034,EXT1,47,-0.387950971322849,0.00705012269585584,GDSC2_LN_IC50,Staurosporine,Broad spectrum kinase inhibitor,0.223253885368768
1034,FAS,47,-0.438912981363921,0.00202678236720858,GDSC2_LN_IC50,Staurosporine,Broad spectrum kinase inhibitor,0.115526594930889
1034,FBN1,47,-0.531382811562418,0.000121418911038826,GDSC2_LN_IC50,Staurosporine,Broad spectrum kinase inhibitor,0.0220401580998887
1034,FHL1,47,-0.49093486900881,0.000458828197226378,GDSC2_LN_IC50,Staurosporine,Broad spectrum kinase inhibitor,0.0261532072419036
1034,FOSL1,47,-0.445196176624085,0.00171454515547222,GDSC2_LN_IC50,Staurosporine,Broad spectrum kinase inhibitor,0.0528791634111105
1034,FOXF2,47,-0.33863311701844,0.0198965376800877,GDSC2_LN_IC50,Staurosporine,Broad spectrum kinase inhibitor,0.182919781897581
1034,FST,47,-0.426058885375765,0.00282652047770103,GDSC2_LN_IC50,Staurosporine,Broad spectrum kinase inhibitor,0.161111667228959
1034,GADD45G,47,0.497687326549491,0.000371702469718732,GDSC2_LN_IC50,Staurosporine,Broad spectrum kinase inhibitor,0.014744787375269
1034,GATA3,47,0.596554116558742,9.63082038784226e-06,GDSC2_LN_IC50,Staurosporine,Broad spectrum kinase inhibitor,0.000724855536662755
1034,GLS,47,-0.551572617946346,5.85680312525668e-05,GDSC2_LN_IC50,Staurosporine,Broad spectrum kinase inhibitor,0.00781570773543763
1034,GRHL1,47,0.367483811285846,0.0110502863618738,GDSC2_LN_IC50,Staurosporine,Broad spectrum kinase inhibitor,0.177043567725319
1034,HBEGF,47,-0.476771414729021,0.000703835678937134,GDSC2_LN_IC50,Staurosporine,Broad spectrum kinase inhibitor,0.0668643894990277
1034,HDAC3,47,-0.332099907493062,0.0225716707526257,GDSC2_LN_IC50,Staurosporine,Broad spectrum kinase inhibitor,0.139846220967355
1034,HDAC9,47,-0.436587551857729,0.00215453083581608,GDSC2_LN_IC50,Staurosporine,Broad spectrum kinase inhibitor,0.0530776145794371
1034,HRH1,47,-0.438790268558515,0.0020333519651037,GDSC2_LN_IC50,Staurosporine,Broad spectrum kinase inhibitor,0.103259728602865
1034,IGFBP5,47,0.476641998149861,0.000706533240219035,GDSC2_LN_IC50,Staurosporine,Broad spectrum kinase inhibitor,0.00991842712645782
1034,ILF3,47,-0.392923219241443,0.00629418930736002,GDSC2_LN_IC50,Staurosporine,Broad spectrum kinase inhibitor,0.0996579973665336
1034,ITGA5,47,-0.345744680851064,0.0172935884525231,GDSC2_LN_IC50,Staurosporine,Broad spectrum kinase inhibitor,0.228891970245894
1034,ITGB1,47,-0.429810360777058,0.0025684392518579,GDSC2_LN_IC50,Staurosporine,Broad spectrum kinase inhibitor,0.0522860847699644
1034,KLF4,47,0.335106382978723,0.0213053186564946,GDSC2_LN_IC50,Staurosporine,Broad spectrum kinase inhibitor,0.112444737353721
1034,LDHA,47,-0.368987049028677,0.0107014926788907,GDSC2_LN_IC50,Staurosporine,Broad spectrum kinase inhibitor,0.174309210877631
1034,LOX,47,-0.50315120060978,0.000312461577127896,GDSC2_LN_IC50,Staurosporine,Broad spectrum kinase inhibitor,0.0235318070668439
1034,MAP2,47,-0.472550663664842,0.000796743656121867,GDSC2_LN_IC50,Staurosporine,Broad spectrum kinase inhibitor,0.161513743124251
1034,MEF2A,47,-0.409019948645551,0.00430870874298534,GDSC2_LN_IC50,Staurosporine,Broad spectrum kinase inhibitor,0.153497748968853
1034,MEF2C,47,-0.505567667763683,0.000289097929243692,GDSC2_LN_IC50,Staurosporine,Broad spectrum kinase inhibitor,0.0164785819668904
1034,MET,47,-0.453515263644773,0.00136714248123412,GDSC2_LN_IC50,Staurosporine,Broad spectrum kinase inhibitor,0.113314801949727
1034,MMP14,47,-0.395536411370511,0.00592592903436186,GDSC2_LN_IC50,Staurosporine,Broad spectrum kinase inhibitor,0.187654419421459
1034,MSC,47,-0.403084419535326,0.00496552699778038,GDSC2_LN_IC50,Staurosporine,Broad spectrum kinase inhibitor,0.24742337034081
1034,MYB,47,0.394542090656799,0.00606377980240952,GDSC2_LN_IC50,Staurosporine,Broad spectrum kinase inhibitor,0.136935046554771
1034,NGF,47,-0.375456075244187,0.00930627257762177,GDSC2_LN_IC50,Staurosporine,Broad spectrum kinase inhibitor,0.189449120330157
1034,NR4A1,47,0.347132284921369,0.016820898472967,GDSC2_LN_IC50,Staurosporine,Broad spectrum kinase inhibitor,0.159798535493186
1034,NRP1,47,-0.438829787234043,0.00203123422158495,GDSC2_LN_IC50,Staurosporine,Broad spectrum kinase inhibitor,0.192967251050571
1034,OPTN,47,-0.413621646623497,0.00385315150998695,GDSC2_LN_IC50,Staurosporine,Broad spectrum kinase inhibitor,0.0856199213156202
1034,PBX1,47,0.549491211840888,6.32770752020712e-05,GDSC2_LN_IC50,Staurosporine,Broad spectrum kinase inhibitor,0.00257628091894147
1034,PCSK2,47,0.46470201057831,0.000999171176103345,GDSC2_LN_IC50,Staurosporine,Broad spectrum kinase inhibitor,0.142381892594727
1034,PLAU,47,-0.346169413703833,0.0171477218103564,GDSC2_LN_IC50,Staurosporine,Broad spectrum kinase inhibitor,0.172057649622365
1034,POU5F1,47,-0.409486672780219,0.00426044863956148,GDSC2_LN_IC50,Staurosporine,Broad spectrum kinase inhibitor,0.20237131037917
1034,PPARA,47,-0.45248764148306,0.00140635275769885,GDSC2_LN_IC50,Staurosporine,Broad spectrum kinase inhibitor,0.0222672519968984
1034,PTN,47,-0.464659179891604,0.00100039168509239,GDSC2_LN_IC50,Staurosporine,Broad spectrum kinase inhibitor,0.0964979375097868
1034,RARA,47,0.375,0.00939922071986408,GDSC2_LN_IC50,Staurosporine,Broad spectrum kinase inhibitor,0.0953165218978382
1034,RXRA,47,0.570305272895467,2.85155564696065e-05,GDSC2_LN_IC50,Staurosporine,Broad spectrum kinase inhibitor,0.00812693359383784
1034,S100A2,47,-0.486933395004625,0.000518755407365319,GDSC2_LN_IC50,Staurosporine,Broad spectrum kinase inhibitor,0.036961322774779
1034,SLC1A3,47,-0.451588657051413,0.00144147263647773,GDSC2_LN_IC50,Staurosporine,Broad spectrum kinase inhibitor,0.205409850698077
1034,SNAI2,47,-0.452626147490094,0.00140101014580559,GDSC2_LN_IC50,Staurosporine,Broad spectrum kinase inhibitor,0.0521396210151759
1034,SOX2,47,0.433263100709998,0.00234953781196726,GDSC2_LN_IC50,Staurosporine,Broad spectrum kinase inhibitor,0.148440834308998
1034,SOX3,47,0.340954626844828,0.0190127417479315,GDSC2_LN_IC50,Staurosporine,Broad spectrum kinase inhibitor,0.132161741418548
1034,TGFB2,47,-0.402358995282471,0.00505151078757556,GDSC2_LN_IC50,Staurosporine,Broad spectrum kinase inhibitor,0.225026532142044
1034,TGFBI,47,-0.471322849213691,0.000825760298211098,GDSC2_LN_IC50,Staurosporine,Broad spectrum kinase inhibitor,0.0588354212475407
1034,TGFBR2,47,-0.448395490775551,0.00157261478764203,GDSC2_LN_IC50,Staurosporine,Broad spectrum kinase inhibitor,0.112048803619495
1034,TLR4,47,-0.34871926050755,0.0162937667575181,GDSC2_LN_IC50,Staurosporine,Broad spectrum kinase inhibitor,0.143112254596958
1034,TMEM158,47,-0.438757818817237,0.00203509235835368,GDSC2_LN_IC50,Staurosporine,Broad spectrum kinase inhibitor,0.162818954209354
1034,TYMS,47,-0.422987974098057,0.00305453551767153,GDSC2_LN_IC50,Staurosporine,Broad spectrum kinase inhibitor,0.145090437089398
1034,VIM,47,-0.474676225716929,0.000748664529408294,GDSC2_LN_IC50,Staurosporine,Broad spectrum kinase inhibitor,0.114519910590482
1034,XBP1,47,0.558395004625347,4.52892433265292e-05,GDSC2_LN_IC50,Staurosporine,Broad spectrum kinase inhibitor,0.00645371717403042
1034,YBX1,47,-0.481845513413506,0.000605087579899803,GDSC2_LN_IC50,Staurosporine,Broad spectrum kinase inhibitor,0.0413869677688111
1034,ZBTB7A,47,0.43352317094812,0.00233373847941695,GDSC2_LN_IC50,Staurosporine,Broad spectrum kinase inhibitor,0.21232478035895
1034,ZEB2,47,-0.510287613059965,0.000247965534884244,GDSC2_LN_IC50,Staurosporine,Broad spectrum kinase inhibitor,0.0520444518392674
1036,BCL2L1,46,0.353709374418705,0.0158879902229741,GDSC2_LN_IC50,PLX-4720,BRAF,0.0984364611640788
1036,CACNA1H,46,0.316848902847474,0.0319167556139728,GDSC2_LN_IC50,PLX-4720,BRAF,0.119080254616112
1036,ESR1,46,0.271634964020866,0.0678320499322548,GDSC2_LN_IC50,PLX-4720,BRAF,0.157171823013761
1036,GATA3,46,0.292677460559135,0.0483971252028189,GDSC2_LN_IC50,PLX-4720,BRAF,0.15325756314226
1036,PBX1,46,0.331687131905227,0.0243304551765689,GDSC2_LN_IC50,PLX-4720,BRAF,0.127139804561586
1036,PPARA,46,-0.281520524745535,0.0580459841755956,GDSC2_LN_IC50,PLX-4720,BRAF,0.172324015521299
1036,REST,46,0.412771201604417,0.00436048482400793,GDSC2_LN_IC50,PLX-4720,BRAF,0.164681002256857
1036,SOX3,46,0.432498830261706,0.0026837609040406,GDSC2_LN_IC50,PLX-4720,BRAF,0.0679943381386391
1036,SQSTM1,46,0.293015973683623,0.0481260764712137,GDSC2_LN_IC50,PLX-4720,BRAF,0.152399242158843
1036,TLR4,46,-0.373518177265642,0.0105612733974873,GDSC2_LN_IC50,PLX-4720,BRAF,0.120545777789722
1038,BCL2L1,46,0.262650712138494,0.0778219471667958,GDSC2_LN_IC50,NU7441,DNAPK,0.223658605987031
1038,CACNA1H,46,0.318828646063221,0.0308036022056607,GDSC2_LN_IC50,NU7441,DNAPK,0.119080254616112
1038,DNMT1,46,-0.357144016480274,0.0148276506993641,GDSC2_LN_IC50,NU7441,DNAPK,0.247002122440819
1038,ESR1,46,0.365304264819037,0.0125471282116715,GDSC2_LN_IC50,NU7441,DNAPK,0.0446991442540799
1038,GATA3,46,0.321112804454023,0.0295594570248164,GDSC2_LN_IC50,NU7441,DNAPK,0.125737988836906
1038,HDAC3,46,-0.462264447429399,0.00121948337261917,GDSC2_LN_IC50,NU7441,DNAPK,0.0600551700915978
1038,LDHA,46,-0.35060327669054,0.0169016514579382,GDSC2_LN_IC50,NU7441,DNAPK,0.174309210877631
1038,SRF,46,-0.505380791831682,0.000340461221022464,GDSC2_LN_IC50,NU7441,DNAPK,0.0970314479914023
1042,AR,45,-0.365674166613853,0.013503556521097,GDSC2_LN_IC50,Doramapimod,"p38, JNK2",0.124145600274602
1042,AXL,45,0.421463026156021,0.00393465072560726,GDSC2_LN_IC50,Doramapimod,"p38, JNK2",0.101943223345279
1042,CAV1,45,0.430642978094755,0.00314719380967642,GDSC2_LN_IC50,Doramapimod,"p38, JNK2",0.0597966823838519
1042,CEBPA,45,-0.334529988623463,0.0246979113153214,GDSC2_LN_IC50,Doramapimod,"p38, JNK2",0.209523147448018
1042,DCBLD2,45,0.435121160426864,0.00281605040968863,GDSC2_LN_IC50,Doramapimod,"p38, JNK2",0.160514873352252
1042,DKK3,45,0.38028838837813,0.00996948655054649,GDSC2_LN_IC50,Doramapimod,"p38, JNK2",0.129150166677534
1042,DNAJB4,45,0.339469119343937,0.0225271810357143,GDSC2_LN_IC50,Doramapimod,"p38, JNK2",0.236937122391961
1042,EPHA2,45,0.367856829165043,0.0129161244702381,GDSC2_LN_IC50,Doramapimod,"p38, JNK2",0.141580595154533
1042,EXT1,45,0.434692602772583,0.00284635488533537,GDSC2_LN_IC50,Doramapimod,"p38, JNK2",0.180760828131954
1042,FAS,45,0.466536037991622,0.00123629197667317,GDSC2_LN_IC50,Doramapimod,"p38, JNK2",0.10850010171143
1042,FN1,45,0.399777756184874,0.0065122381718902,GDSC2_LN_IC50,Doramapimod,"p38, JNK2",0.221297726725318
1042,GADD45G,45,-0.328170997965293,0.0277474224468279,GDSC2_LN_IC50,Doramapimod,"p38, JNK2",0.188286080889189
1042,HDAC9,45,0.406284922355311,0.00561754297526404,GDSC2_LN_IC50,Doramapimod,"p38, JNK2",0.061576913382702
1042,HOXA10,45,0.455557689717713,0.00166304642137117,GDSC2_LN_IC50,Doramapimod,"p38, JNK2",0.157989410030261
1042,HOXA9,45,0.590019469213589,1.99444410864087e-05,GDSC2_LN_IC50,Doramapimod,"p38, JNK2",0.00568416570962647
1042,HRH1,45,0.460660024971957,0.00145070326131483,GDSC2_LN_IC50,Doramapimod,"p38, JNK2",0.103259728602865
1042,IL6,45,0.428564632629789,0.00331217730636805,GDSC2_LN_IC50,Doramapimod,"p38, JNK2",0.157295018868027
1042,ITGB1,45,0.343059534969197,0.0210516002002715,GDSC2_LN_IC50,Doramapimod,"p38, JNK2",0.199990201902579
1042,MYB,45,-0.394184499633258,0.00737755931423422,GDSC2_LN_IC50,Doramapimod,"p38, JNK2",0.150186028896911
1042,NR4A1,45,-0.313187173825369,0.0361865544806781,GDSC2_LN_IC50,Doramapimod,"p38, JNK2",0.202792470763047
1042,OPTN,45,0.395259871307134,0.00720386525162037,GDSC2_LN_IC50,Doramapimod,"p38, JNK2",0.102892263307212
1042,PBX1,45,-0.317455908613156,0.0335916009513428,GDSC2_LN_IC50,Doramapimod,"p38, JNK2",0.156944365100536
1042,PLAU,45,0.346939313788718,0.019549260569257,GDSC2_LN_IC50,Doramapimod,"p38, JNK2",0.185717975407942
1042,RXRA,45,-0.313292709465273,0.0361204690807814,GDSC2_LN_IC50,Doramapimod,"p38, JNK2",0.231890257961398
1042,S100A2,45,0.402499015663855,0.00612407365405278,GDSC2_LN_IC50,Doramapimod,"p38, JNK2",0.190947031920401
1042,SQSTM1,45,0.355844733924753,0.0164392628992531,GDSC2_LN_IC50,Doramapimod,"p38, JNK2",0.100706547617725
1042,TGFBI,45,0.413311373482032,0.00477339846001266,GDSC2_LN_IC50,Doramapimod,"p38, JNK2",0.170052320137951
1042,TLR3,45,0.53595058915465,0.000148046358092506,GDSC2_LN_IC50,Doramapimod,"p38, JNK2",0.0210966060281822
1042,TYMS,45,0.394899419170095,0.00726168690044663,GDSC2_LN_IC50,Doramapimod,"p38, JNK2",0.172465063885608
1042,XBP1,45,-0.427917780356007,0.00336505263057385,GDSC2_LN_IC50,Doramapimod,"p38, JNK2",0.0493294016653322
1042,ZEB2,45,0.508200834115153,0.000365224223433456,GDSC2_LN_IC50,Doramapimod,"p38, JNK2",0.0520444518392674
1043,BCL2L1,43,0.418010480441297,0.00528256681945358,GDSC2_LN_IC50,JNK Inhibitor VIII,JNK,0.0730004267996436
1043,IGFBP5,43,0.277874679182476,0.0712047382275028,GDSC2_LN_IC50,JNK Inhibitor VIII,JNK,0.182750686065129
1043,SOX3,43,0.306613999595758,0.045520505406427,GDSC2_LN_IC50,JNK Inhibitor VIII,JNK,0.18442951295341
1043,SQSTM1,43,0.403985836545835,0.0072176704902642,GDSC2_LN_IC50,JNK Inhibitor VIII,JNK,0.0734655746330463
1046,AR,46,0.369407803899702,0.0115184116448558,GDSC2_LN_IC50,Wee1 Inhibitor,"WEE1, CHEK1",0.120976676500987
1046,CTNNB1,46,-0.419984527765562,0.00366351081302326,GDSC2_LN_IC50,Wee1 Inhibitor,"WEE1, CHEK1",0.0859026076267038
1046,ESR1,46,0.572710567805109,3.19412055923061e-05,GDSC2_LN_IC50,Wee1 Inhibitor,"WEE1, CHEK1",0.00182064871876145
1046,ETS1,46,-0.332118385174514,0.0241348014183687,GDSC2_LN_IC50,Wee1 Inhibitor,"WEE1, CHEK1",0.190604624497768
1046,ETS2,46,-0.336652114977528,0.0221564054976832,GDSC2_LN_IC50,Wee1 Inhibitor,"WEE1, CHEK1",0.154014038215603
1046,FHL1,46,-0.414703274521436,0.00416327499850633,GDSC2_LN_IC50,Wee1 Inhibitor,"WEE1, CHEK1",0.0988617697448507
1046,GADD45G,46,0.445025665657815,0.00194218799993288,GDSC2_LN_IC50,Wee1 Inhibitor,"WEE1, CHEK1",0.0418334867374176
1046,GATA3,46,0.500838760097353,0.000392579121650985,GDSC2_LN_IC50,Wee1 Inhibitor,"WEE1, CHEK1",0.00799178926218076
1046,GLS,46,-0.411293012494845,0.00451683747005064,GDSC2_LN_IC50,Wee1 Inhibitor,"WEE1, CHEK1",0.080456167435277
1046,GRHL1,46,0.405157297533863,0.00521943239820036,GDSC2_LN_IC50,Wee1 Inhibitor,"WEE1, CHEK1",0.146605448532504
1046,HDAC3,46,-0.373033455504304,0.0106704705760363,GDSC2_LN_IC50,Wee1 Inhibitor,"WEE1, CHEK1",0.101424950371434
1046,HDAC9,46,-0.311187121499384,0.0352852668362007,GDSC2_LN_IC50,Wee1 Inhibitor,"WEE1, CHEK1",0.186227797191059
1046,HEY1,46,-0.452413132888519,0.0015957201844078,GDSC2_LN_IC50,Wee1 Inhibitor,"WEE1, CHEK1",0.103235012683618
1046,IGFBP5,46,0.540270048237429,0.000106359111543076,GDSC2_LN_IC50,Wee1 Inhibitor,"WEE1, CHEK1",0.00312256123145584
1046,ILF3,46,-0.361702127659575,0.0135138850362389,GDSC2_LN_IC50,Wee1 Inhibitor,"WEE1, CHEK1",0.134214162746041
1046,KLF4,46,0.409117738123305,0.00475583335977545,GDSC2_LN_IC50,Wee1 Inhibitor,"WEE1, CHEK1",0.0837275420439091
1046,KLF8,46,0.483741595464683,0.000659521579063953,GDSC2_LN_IC50,Wee1 Inhibitor,"WEE1, CHEK1",0.0939818250166132
1046,LDHA,46,-0.321010850071644,0.0296140863387293,GDSC2_LN_IC50,Wee1 Inhibitor,"WEE1, CHEK1",0.225311118033664
1046,LOX,46,-0.342920851215114,0.0196465911611595,GDSC2_LN_IC50,Wee1 Inhibitor,"WEE1, CHEK1",0.199974231461802
1046,ME1,46,0.410013610570813,0.00465609882622033,GDSC2_LN_IC50,Wee1 Inhibitor,"WEE1, CHEK1",0.147443129496977
1046,MEF2C,46,-0.400174520144404,0.00585832036899008,GDSC2_LN_IC50,Wee1 Inhibitor,"WEE1, CHEK1",0.0811809433125942
1046,NR4A1,46,0.322262142364751,0.0289493842435497,GDSC2_LN_IC50,Wee1 Inhibitor,"WEE1, CHEK1",0.179360315421993
1046,PBX1,46,0.330237133514384,0.0249980576875462,GDSC2_LN_IC50,Wee1 Inhibitor,"WEE1, CHEK1",0.127222257874119
1046,PPARA,46,-0.394298052111107,0.00669830980474045,GDSC2_LN_IC50,Wee1 Inhibitor,"WEE1, CHEK1",0.068179224798251
1046,RARA,46,0.42288726576998,0.00341190517011683,GDSC2_LN_IC50,Wee1 Inhibitor,"WEE1, CHEK1",0.0573410867348214
1046,RXRA,46,0.391387819752849,0.00715166834747562,GDSC2_LN_IC50,Wee1 Inhibitor,"WEE1, CHEK1",0.107275025212134
1046,SNAI2,46,-0.320580824412008,0.0298454262701696,GDSC2_LN_IC50,Wee1 Inhibitor,"WEE1, CHEK1",0.223480150478803
1046,SQSTM1,46,0.278839719114263,0.0605803648177454,GDSC2_LN_IC50,Wee1 Inhibitor,"WEE1, CHEK1",0.161358915636051
1046,TCF4,46,-0.432694493052857,0.0026704857423743,GDSC2_LN_IC50,Wee1 Inhibitor,"WEE1, CHEK1",0.0782330242697417
1046,VDR,46,0.492978764680569,0.000499992895450193,GDSC2_LN_IC50,Wee1 Inhibitor,"WEE1, CHEK1",0.0356244938008263
1046,XBP1,46,0.366757072346684,0.0121742908735984,GDSC2_LN_IC50,Wee1 Inhibitor,"WEE1, CHEK1",0.108427278092986
1046,YBX1,46,-0.371257477435788,0.011078879025198,GDSC2_LN_IC50,Wee1 Inhibitor,"WEE1, CHEK1",0.129248724983141
1047,BCL2L1,47,0.336031452358927,0.0209279112009864,GDSC2_LN_IC50,Nutlin-3a (-),MDM2,0.121723565148594
1047,CAV1,47,0.342845581400727,0.0183175781921771,GDSC2_LN_IC50,Nutlin-3a (-),MDM2,0.200788837875787
1047,EXT1,47,0.38159111933395,0.00813086938455026,GDSC2_LN_IC50,Nutlin-3a (-),MDM2,0.231729777459682
1047,FOSB,47,0.37506865963463,0.00938517694376612,GDSC2_LN_IC50,Nutlin-3a (-),MDM2,0.230294895830209
1047,HDAC3,47,-0.316836262719704,0.0300163248536076,GDSC2_LN_IC50,Nutlin-3a (-),MDM2,0.149794334429331
1047,HES1,47,-0.428769657724329,0.00263786004173946,GDSC2_LN_IC50,Nutlin-3a (-),MDM2,0.149797276437019
1047,HRH1,47,0.365870588978614,0.0114354086069872,GDSC2_LN_IC50,Nutlin-3a (-),MDM2,0.232792246642239
1047,HRK,47,0.477410835800233,0.000690642748884434,GDSC2_LN_IC50,Nutlin-3a (-),MDM2,0.110128723901703
1047,ITGA5,47,0.392113783533765,0.00641222182336729,GDSC2_LN_IC50,Nutlin-3a (-),MDM2,0.203053691073298
1047,ITGB1,47,0.366790009250694,0.0112145304899007,GDSC2_LN_IC50,Nutlin-3a (-),MDM2,0.13317254956757
1047,JUN,47,0.440461391875537,0.00194548767279983,GDSC2_LN_IC50,Nutlin-3a (-),MDM2,0.130616219191484
1047,KLF4,47,0.380897317298797,0.0082570089802977,GDSC2_LN_IC50,Nutlin-3a (-),MDM2,0.084449060968457
1047,MET,47,0.366674375578168,0.0112421071145566,GDSC2_LN_IC50,Nutlin-3a (-),MDM2,0.213600035176575
1047,NGF,47,0.346092432768798,0.01717408185383,GDSC2_LN_IC50,Nutlin-3a (-),MDM2,0.222482424015525
1047,OXTR,47,0.391580897726678,0.00649097357244573,GDSC2_LN_IC50,Nutlin-3a (-),MDM2,0.139575631941173
1047,PLAU,47,0.420237063437357,0.00327239136708111,GDSC2_LN_IC50,Nutlin-3a (-),MDM2,0.137300441674405
1047,S100A2,47,0.337419056429232,0.0203723623875351,GDSC2_LN_IC50,Nutlin-3a (-),MDM2,0.2322449312179
1047,SQSTM1,47,0.507631822386679,0.000270405069956958,GDSC2_LN_IC50,Nutlin-3a (-),MDM2,0.016957548777651
1048,BCL2L1,41,0.462866696079317,0.0023091503029107,GDSC2_LN_IC50,Mirin,MRE11,0.0658107836329548
1048,CACNA1H,41,0.336135866580219,0.0316568573984767,GDSC2_LN_IC50,Mirin,MRE11,0.119080254616112
1048,ESR1,41,0.369585229436832,0.0173972851318795,GDSC2_LN_IC50,Mirin,MRE11,0.0553757495573586
1048,GATA3,41,0.31310883985562,0.0462275608541619,GDSC2_LN_IC50,Mirin,MRE11,0.15325756314226
1048,KLF4,41,0.516097118668463,0.00055247056448692,GDSC2_LN_IC50,Mirin,MRE11,0.0524847036262574
1048,MEF2C,41,-0.382977269050058,0.0134565389627168,GDSC2_LN_IC50,Mirin,MRE11,0.0932761303988774
1048,MSC,41,-0.421352211583773,0.00607759652574554,GDSC2_LN_IC50,Mirin,MRE11,0.24742337034081
1048,NR4A1,41,0.345458864263016,0.0269519646625606,GDSC2_LN_IC50,Mirin,MRE11,0.177311634611815
1048,PBX1,41,0.281296147219628,0.0748076176952076,GDSC2_LN_IC50,Mirin,MRE11,0.247908965617839
1048,PPARA,41,-0.326067561318521,0.037477444717399,GDSC2_LN_IC50,Mirin,MRE11,0.138093949363308
1048,PTN,41,-0.456991314574409,0.00266761683155522,GDSC2_LN_IC50,Mirin,MRE11,0.181767256460611
1048,SQSTM1,41,0.29460071810494,0.061516769553779,GDSC2_LN_IC50,Mirin,MRE11,0.162335919655806
1048,TLR4,41,-0.515390288896342,0.000563938316551946,GDSC2_LN_IC50,Mirin,MRE11,0.0394393975655088
1049,ESR1,47,0.378325247225829,0.00873950705073083,GDSC2_LN_IC50,PD173074,"FGFR1, FGFR2, FGFR3",0.0360979639051926
1049,FHL1,47,-0.330624884688817,0.0232157102774887,GDSC2_LN_IC50,PD173074,"FGFR1, FGFR2, FGFR3",0.228154394106355
1049,GADD45G,47,0.433279370952821,0.00234854662385502,GDSC2_LN_IC50,PD173074,"FGFR1, FGFR2, FGFR3",0.0418334867374176
1049,GATA3,47,0.265957446808511,0.0707760051143198,GDSC2_LN_IC50,PD173074,"FGFR1, FGFR2, FGFR3",0.188515527640945
1049,HDAC3,47,-0.409921369102683,0.00421592681703972,GDSC2_LN_IC50,PD173074,"FGFR1, FGFR2, FGFR3",0.0703822714652627
1049,IGFBP5,47,0.318570767807586,0.0290791475729566,GDSC2_LN_IC50,PD173074,"FGFR1, FGFR2, FGFR3",0.106250731516572
1049,KLF4,47,0.299028677150786,0.0411698563233786,GDSC2_LN_IC50,PD173074,"FGFR1, FGFR2, FGFR3",0.156445454028839
1049,LDHA,47,-0.344472710453284,0.0177367267208818,GDSC2_LN_IC50,PD173074,"FGFR1, FGFR2, FGFR3",0.174309210877631
1049,MEF2C,47,-0.384150444121124,0.00767985955098336,GDSC2_LN_IC50,PD173074,"FGFR1, FGFR2, FGFR3",0.0851140295710596
1049,PBX1,47,0.327705827937095,0.024535751757499,GDSC2_LN_IC50,PD173074,"FGFR1, FGFR2, FGFR3",0.127139804561586
1049,SQSTM1,47,0.29995374653099,0.0405169822853375,GDSC2_LN_IC50,PD173074,"FGFR1, FGFR2, FGFR3",0.141672535523213
1050,AR,46,0.37774448954438,0.00964914702967418,GDSC2_LN_IC50,ZM447439,"AURKA, AURKB",0.119565517541615
1050,BCL2L1,46,0.331215358769565,0.0245460103172853,GDSC2_LN_IC50,ZM447439,"AURKA, AURKB",0.129548387785672
1050,CACNA1H,46,0.535700516515482,0.000124774461018986,GDSC2_LN_IC50,ZM447439,"AURKA, AURKB",0.0160348112334691
1050,CTNNB1,46,-0.380459390402769,0.00909968143987119,GDSC2_LN_IC50,ZM447439,"AURKA, AURKB",0.13828318270289
1050,DNAJB4,46,-0.402581166596345,0.00554171731618978,GDSC2_LN_IC50,ZM447439,"AURKA, AURKB",0.121491495008776
1050,DNMT1,46,-0.485018584110434,0.000635043626541297,GDSC2_LN_IC50,ZM447439,"AURKA, AURKB",0.153830247304608
1050,EGR3,46,0.373243826518723,0.0106229601632821,GDSC2_LN_IC50,ZM447439,"AURKA, AURKB",0.212244992712331
1050,ESR1,46,0.515271278797379,0.000247935397202202,GDSC2_LN_IC50,ZM447439,"AURKA, AURKB",0.0054355067848175
1050,ETS1,46,-0.40154426230139,0.00567625031880722,GDSC2_LN_IC50,ZM447439,"AURKA, AURKB",0.107557777219189
1050,ETS2,46,-0.293106295769285,0.0480539636875815,GDSC2_LN_IC50,ZM447439,"AURKA, AURKB",0.242938649168217
1050,FOSL1,46,-0.320020482083607,0.0301491207617118,GDSC2_LN_IC50,ZM447439,"AURKA, AURKB",0.245499983345367
1050,GATA3,46,0.537780403447977,0.000116060176544426,GDSC2_LN_IC50,ZM447439,"AURKA, AURKB",0.00275642919293013
1050,GLS,46,-0.438720746282629,0.00228897602668163,GDSC2_LN_IC50,ZM447439,"AURKA, AURKB",0.0501813975080204
1050,HBEGF,46,-0.370088764179273,0.0113548905349963,GDSC2_LN_IC50,ZM447439,"AURKA, AURKB",0.12134373196937
1050,HDAC3,46,-0.329076711831137,0.0255433013162335,GDSC2_LN_IC50,ZM447439,"AURKA, AURKB",0.145596817502531
1050,HDAC9,46,-0.348218986245951,0.0177164493421502,GDSC2_LN_IC50,ZM447439,"AURKA, AURKB",0.12622970156282
1050,IGFBP5,46,0.459443670584402,0.00131816118113079,GDSC2_LN_IC50,ZM447439,"AURKA, AURKB",0.0135901706196556
1050,ILF3,46,-0.439901325932778,0.00222015589548417,GDSC2_LN_IC50,ZM447439,"AURKA, AURKB",0.067239721668884
1050,KLF4,46,0.242389271499415,0.104583566696898,GDSC2_LN_IC50,ZM447439,"AURKA, AURKB",0.244314069742753
1050,LDHA,46,-0.372280033637715,0.0108421233373767,GDSC2_LN_IC50,ZM447439,"AURKA, AURKB",0.174309210877631
1050,LOX,46,-0.381973400193745,0.00880513720873983,GDSC2_LN_IC50,ZM447439,"AURKA, AURKB",0.155290911717987
1050,MEF2C,46,-0.51104175869009,0.000284282765165999,GDSC2_LN_IC50,ZM447439,"AURKA, AURKB",0.0164785819668904
1050,MMP14,46,-0.368581907545062,0.0117194397593071,GDSC2_LN_IC50,ZM447439,"AURKA, AURKB",0.208752520712658
1050,NR4A1,46,0.277553858647106,0.0618270111211621,GDSC2_LN_IC50,ZM447439,"AURKA, AURKB",0.236017882684214
1050,PBX1,46,0.294953839337216,0.0465980231296509,GDSC2_LN_IC50,ZM447439,"AURKA, AURKB",0.189855217633147
1050,POU5F1,46,-0.51787721757361,0.000227690232546784,GDSC2_LN_IC50,ZM447439,"AURKA, AURKB",0.0216305720919445
1050,PPARA,46,-0.582663734547439,2.15164276939037e-05,GDSC2_LN_IC50,ZM447439,"AURKA, AURKB",0.00125516744840139
1050,RARA,46,0.390881112924356,0.00723326225739369,GDSC2_LN_IC50,ZM447439,"AURKA, AURKB",0.0925250028785284
1050,SOX3,46,0.422320054398589,0.00345984132162375,GDSC2_LN_IC50,ZM447439,"AURKA, AURKB",0.0704324840473406
1050,TLR4,46,-0.306069384914219,0.0385770705382368,GDSC2_LN_IC50,ZM447439,"AURKA, AURKB",0.192885352691184
1050,TYMS,46,-0.340447022747396,0.0206068079790268,GDSC2_LN_IC50,ZM447439,"AURKA, AURKB",0.225882318231639
1050,XBP1,46,0.320778084116963,0.0297391214084199,GDSC2_LN_IC50,ZM447439,"AURKA, AURKB",0.176576033362493
1050,YBX1,46,-0.379976086363828,0.00919547632856432,GDSC2_LN_IC50,ZM447439,"AURKA, AURKB",0.113943945810471
1051,AR,44,0.43622450927165,0.00307509653188001,GDSC2_LN_IC50,Alisertib,AURKA,0.0730335426321502
1051,CACNA1H,44,0.397436076731108,0.00755293662733847,GDSC2_LN_IC50,Alisertib,AURKA,0.0718140398497118
1051,DNAJB4,44,-0.335504236494659,0.0259883430865983,GDSC2_LN_IC50,Alisertib,AURKA,0.238925089667114
1051,DNMT1,44,-0.423687209209558,0.00415869510994534,GDSC2_LN_IC50,Alisertib,AURKA,0.237045621266884
1051,EGR3,44,0.37153688534231,0.0130226840231591,GDSC2_LN_IC50,Alisertib,AURKA,0.212244992712331
1051,EPHA2,44,-0.318365312183266,0.0351916006730237,GDSC2_LN_IC50,Alisertib,AURKA,0.227945595268449
1051,ESR1,44,0.530178506127369,0.000214309087098802,GDSC2_LN_IC50,Alisertib,AURKA,0.00508984081859655
1051,ETS1,44,-0.344006400463348,0.0222269262337946,GDSC2_LN_IC50,Alisertib,AURKA,0.190604624497768
1051,ETS2,44,-0.386237323809085,0.0096085947369379,GDSC2_LN_IC50,Alisertib,AURKA,0.114102062501138
1051,FHL1,44,-0.418747381782825,0.00466963136108138,GDSC2_LN_IC50,Alisertib,AURKA,0.0988617697448507
1051,FOSB,44,0.387127350861624,0.0094292717283107,GDSC2_LN_IC50,Alisertib,AURKA,0.230294895830209
1051,GADD45G,44,0.419916814530989,0.00454397035377445,GDSC2_LN_IC50,Alisertib,AURKA,0.0656428888743056
1051,GATA3,44,0.502904180878802,0.000502948920411694,GDSC2_LN_IC50,Alisertib,AURKA,0.00895877764483331
1051,GLS,44,-0.389693740611283,0.00892820841769135,GDSC2_LN_IC50,Alisertib,AURKA,0.116781684281493
1051,HBEGF,44,-0.352996378226642,0.0187570064849353,GDSC2_LN_IC50,Alisertib,AURKA,0.147867476365245
1051,HDAC3,44,-0.502338532084359,0.000511544283243525,GDSC2_LN_IC50,Alisertib,AURKA,0.0582439596290328
1051,HDAC9,44,-0.364913336644253,0.0148704677197197,GDSC2_LN_IC50,Alisertib,AURKA,0.115797863417607
1051,IGFBP5,44,0.494694469473642,0.000641357312208575,GDSC2_LN_IC50,Alisertib,AURKA,0.00962035968312862
1051,ILF3,44,-0.441569169913176,0.00269442183726621,GDSC2_LN_IC50,Alisertib,AURKA,0.067239721668884
1051,KLF4,44,0.414655335033434,0.00513351429458959,GDSC2_LN_IC50,Alisertib,AURKA,0.0837275420439091
1051,LDHA,44,-0.434386652101045,0.0032165041437603,GDSC2_LN_IC50,Alisertib,AURKA,0.174309210877631
1051,LOX,44,-0.383246120983371,0.0102328945036451,GDSC2_LN_IC50,Alisertib,AURKA,0.155290911717987
1051,MAPK7,44,-0.548286807940856,0.000116711870038165,GDSC2_LN_IC50,Alisertib,AURKA,0.0332628829608769
1051,MEF2C,44,-0.374634902912315,0.0122279529273143,GDSC2_LN_IC50,Alisertib,AURKA,0.0932761303988774
1051,NR4A1,44,0.331411253320456,0.0279799789066589,GDSC2_LN_IC50,Alisertib,AURKA,0.177311634611815
1051,PBX1,44,0.420323774007007,0.00450093821396333,GDSC2_LN_IC50,Alisertib,AURKA,0.0583076086808885
1051,PPARA,44,-0.431425963102042,0.00345632419815821,GDSC2_LN_IC50,Alisertib,AURKA,0.0424734714634957
1051,RARA,44,0.349876972175972,0.0199052883497971,GDSC2_LN_IC50,Alisertib,AURKA,0.120702280418983
1051,REST,44,0.347177230738641,0.020946282368674,GDSC2_LN_IC50,Alisertib,AURKA,0.237743381006208
1051,RXRA,44,0.461332618479834,0.00162218677841363,GDSC2_LN_IC50,Alisertib,AURKA,0.0503313097430529
1051,SNAI2,44,-0.337141852433738,0.0252252733004301,GDSC2_LN_IC50,Alisertib,AURKA,0.221067631357571
1051,SOX3,44,0.340595566917042,0.0236771030945191,GDSC2_LN_IC50,Alisertib,AURKA,0.149954986265287
1051,TMEM158,44,-0.444782068742355,0.00248611549739691,GDSC2_LN_IC50,Alisertib,AURKA,0.162818954209354
1051,VDR,44,0.39196655988134,0.00850376429308824,GDSC2_LN_IC50,Alisertib,AURKA,0.129899999732497
1051,VIM,44,-0.37311649234473,0.0126121368314387,GDSC2_LN_IC50,Alisertib,AURKA,0.209978052228695
1051,XBP1,44,0.435481799023486,0.0031315703301735,GDSC2_LN_IC50,Alisertib,AURKA,0.0493294016653322
1051,YBX1,44,-0.412446390070006,0.00540021842139463,GDSC2_LN_IC50,Alisertib,AURKA,0.102604150006498
1052,BCL2L1,45,0.284916689669557,0.0578248773882408,GDSC2_LN_IC50,RO-3306,CDK1,0.185169551187063
1052,CACNA1H,45,0.338349018336621,0.0230048893532784,GDSC2_LN_IC50,RO-3306,CDK1,0.119080254616112
1052,ESR1,45,0.406885788953984,0.00554059822942198,GDSC2_LN_IC50,RO-3306,CDK1,0.0272253533687115
1052,ETS2,45,-0.300199737131396,0.0451118734112013,GDSC2_LN_IC50,RO-3306,CDK1,0.242582715513064
1052,GATA3,45,0.33380041832707,0.0250328986755312,GDSC2_LN_IC50,RO-3306,CDK1,0.118412408445336
1052,HDAC3,45,-0.342454324227517,0.0212944778433127,GDSC2_LN_IC50,RO-3306,CDK1,0.134865026340981
1052,IGFBP5,45,0.285349996513674,0.057428602330552,GDSC2_LN_IC50,RO-3306,CDK1,0.170782395141697
1052,KLF4,45,0.276717499302251,0.0657451436986764,GDSC2_LN_IC50,RO-3306,CDK1,0.194358299656144
1052,PPARA,45,-0.296873052787429,0.0476651716472586,GDSC2_LN_IC50,RO-3306,CDK1,0.154370158175781
1052,RARA,45,0.330938402604969,0.0263838691755266,GDSC2_LN_IC50,RO-3306,CDK1,0.138638378423196
1052,SQSTM1,45,0.284752094087749,0.0579759793668891,GDSC2_LN_IC50,RO-3306,CDK1,0.161358915636051
1053,AR,47,-0.302932302127345,0.038472217445157,GDSC2_LN_IC50,MK-2206,"AKT1, AKT2",0.205044146541167
1053,AXL,47,0.369920507476974,0.0104896977054149,GDSC2_LN_IC50,MK-2206,"AKT1, AKT2",0.199304256402883
1053,BDNF,47,0.425549427436225,0.00286327598289252,GDSC2_LN_IC50,MK-2206,"AKT1, AKT2",0.0680028045936975
1053,DKK3,47,0.380302473624919,0.00836650022844385,GDSC2_LN_IC50,MK-2206,"AKT1, AKT2",0.129150166677534
1053,FOXF2,47,0.3420778332088,0.0185971854518671,GDSC2_LN_IC50,MK-2206,"AKT1, AKT2",0.176673261792738
1053,GJA1,47,0.441687654282394,0.00188317196043308,GDSC2_LN_IC50,MK-2206,"AKT1, AKT2",0.0802899854029677
1053,MET,47,0.346901017576318,0.0168989106381409,GDSC2_LN_IC50,MK-2206,"AKT1, AKT2",0.240809476593507
1053,NGF,47,0.350781237954489,0.0156298584827899,GDSC2_LN_IC50,MK-2206,"AKT1, AKT2",0.222482424015525
1053,OPTN,47,0.480342275670675,0.000632956613293243,GDSC2_LN_IC50,MK-2206,"AKT1, AKT2",0.030065439131429
1053,OXTR,47,0.373482135029034,0.00971434605767801,GDSC2_LN_IC50,MK-2206,"AKT1, AKT2",0.17303678915239
1053,PLAU,47,0.389650188566917,0.00678338153165703,GDSC2_LN_IC50,MK-2206,"AKT1, AKT2",0.141951921332149
1053,RUNX2,47,0.378664354492467,0.00867453234889409,GDSC2_LN_IC50,MK-2206,"AKT1, AKT2",0.2457187720494
1053,SQSTM1,47,0.226295097132285,0.126129661416595,GDSC2_LN_IC50,MK-2206,"AKT1, AKT2",0.244537098664827
1053,UGCG,47,0.51722941720629,0.000197051342682092,GDSC2_LN_IC50,MK-2206,"AKT1, AKT2",0.0187198775547987
1053,XBP1,47,-0.364592969472711,0.011748525670174,GDSC2_LN_IC50,MK-2206,"AKT1, AKT2",0.108010639225793
1054,AXL,47,0.338915442268584,0.01978723988195,GDSC2_LN_IC50,Palbociclib,"CDK4, CDK6",0.220030580928325
1054,BDNF,47,0.349550189375321,0.016023402942123,GDSC2_LN_IC50,Palbociclib,"CDK4, CDK6",0.184428826611315
1054,HRK,47,0.404003062792782,0.00485847765585322,GDSC2_LN_IC50,Palbociclib,"CDK4, CDK6",0.16951463688703
1054,IGFBP5,47,0.248265494912118,0.0924430675294159,GDSC2_LN_IC50,Palbociclib,"CDK4, CDK6",0.219552285382363
1054,ITGB1,47,0.318802035152636,0.028956049053797,GDSC2_LN_IC50,Palbociclib,"CDK4, CDK6",0.242719822950945
1054,JUN,47,0.430343153023054,0.00253352748442051,GDSC2_LN_IC50,Palbociclib,"CDK4, CDK6",0.130616219191484
1054,OPTN,47,0.387488436632748,0.0071242875468962,GDSC2_LN_IC50,Palbociclib,"CDK4, CDK6",0.102892263307212
1054,PEG3,47,0.427538859860266,0.00272209523290542,GDSC2_LN_IC50,Palbociclib,"CDK4, CDK6",0.193949285344511
1054,SQSTM1,47,0.454209065679926,0.00134122324985412,GDSC2_LN_IC50,Palbociclib,"CDK4, CDK6",0.034215082283779
1054,UGCG,47,0.384481961147086,0.0076230540630299,GDSC2_LN_IC50,Palbociclib,"CDK4, CDK6",0.125323894263247
1057,CACNA1H,46,0.333946685165287,0.0233198883983304,GDSC2_LN_IC50,Dactolisib,"PI3K (class 1), MTORC1, MTORC2",0.119080254616112
1057,ESR1,46,0.323486539767384,0.028311016074949,GDSC2_LN_IC50,Dactolisib,"PI3K (class 1), MTORC1, MTORC2",0.079104309621181
1057,ETS2,46,-0.28918103882657,0.0512697736513131,GDSC2_LN_IC50,Dactolisib,"PI3K (class 1), MTORC1, MTORC2",0.247659076112275
1057,HBEGF,46,-0.290016788815947,0.0505708966697937,GDSC2_LN_IC50,Dactolisib,"PI3K (class 1), MTORC1, MTORC2",0.244283144930359
1057,HDAC3,46,-0.32620215638657,0.026936863824421,GDSC2_LN_IC50,Dactolisib,"PI3K (class 1), MTORC1, MTORC2",0.147634734422308
1057,IGFBP5,46,0.249053815917421,0.0950986797143171,GDSC2_LN_IC50,Dactolisib,"PI3K (class 1), MTORC1, MTORC2",0.220350599338052
1057,RXRA,46,0.329970222637,0.0251226009909142,GDSC2_LN_IC50,Dactolisib,"PI3K (class 1), MTORC1, MTORC2",0.204617667000229
1057,SOX3,46,0.274793900330563,0.0645720098011103,GDSC2_LN_IC50,Dactolisib,"PI3K (class 1), MTORC1, MTORC2",0.227301791838597
1059,REST,45,0.364440492324054,0.0138455417782906,GDSC2_LN_IC50,AZD8055,"MTORC1, MTORC2",0.237743381006208
1059,SOX3,45,0.304491150925593,0.0419835631652249,GDSC2_LN_IC50,AZD8055,"MTORC1, MTORC2",0.182841879063859
1060,AR,46,0.395467665692694,0.00652325648499357,GDSC2_LN_IC50,PD0325901,"MEK1, MEK2",0.096529931846503
1060,CACNA1H,46,0.490586368083919,0.000537572870576181,GDSC2_LN_IC50,PD0325901,"MEK1, MEK2",0.0218868954448874
1060,CEBPA,46,0.39671275061489,0.00634128488717753,GDSC2_LN_IC50,PD0325901,"MEK1, MEK2",0.111973658466263
1060,EPHA2,46,-0.498408314993232,0.000423327343594349,GDSC2_LN_IC50,PD0325901,"MEK1, MEK2",0.0241296585848779
1060,ESR1,46,0.329014170090304,0.0255729674336205,GDSC2_LN_IC50,PD0325901,"MEK1, MEK2",0.0721613437483351
1060,ETS2,46,-0.466185594087117,0.00109325523682479,GDSC2_LN_IC50,PD0325901,"MEK1, MEK2",0.0389472178118833
1060,ETV1,46,-0.466646633637715,0.00107920777591435,GDSC2_LN_IC50,PD0325901,"MEK1, MEK2",0.0502795913994947
1060,ETV4,46,-0.448211150149869,0.00178536364518582,GDSC2_LN_IC50,PD0325901,"MEK1, MEK2",0.132726429891285
1060,FOSL1,46,-0.397465079376158,0.00623348119484745,GDSC2_LN_IC50,PD0325901,"MEK1, MEK2",0.102445805820652
1060,FOXO1,46,-0.483413257637393,0.000665950606320762,GDSC2_LN_IC50,PD0325901,"MEK1, MEK2",0.139064327156927
1060,GADD45G,46,0.410465225666052,0.00460651851749513,GDSC2_LN_IC50,PD0325901,"MEK1, MEK2",0.0656428888743056
1060,GATA3,46,0.382236641971666,0.00875477275443589,GDSC2_LN_IC50,PD0325901,"MEK1, MEK2",0.0587987930248841
1060,HBEGF,46,-0.362276864143826,0.0133555042189702,GDSC2_LN_IC50,PD0325901,"MEK1, MEK2",0.126877290080217
1060,HDAC9,46,-0.52883892010663,0.000157911077311726,GDSC2_LN_IC50,PD0325901,"MEK1, MEK2",0.0112511642584604
1060,IGFBP5,46,0.466561217273251,0.00108179811136318,GDSC2_LN_IC50,PD0325901,"MEK1, MEK2",0.0118581716053272
1060,IRF1,46,-0.42884048179132,0.00294291793322731,GDSC2_LN_IC50,PD0325901,"MEK1, MEK2",0.167746322193957
1060,ITGA5,46,-0.323877738691503,0.0281095402056361,GDSC2_LN_IC50,PD0325901,"MEK1, MEK2",0.228891970245894
1060,ITGB1,46,-0.441334425967684,0.00213907896276575,GDSC2_LN_IC50,PD0325901,"MEK1, MEK2",0.0522860847699644
1060,MEF2C,46,-0.444545335139495,0.00196686479751904,GDSC2_LN_IC50,PD0325901,"MEK1, MEK2",0.0560556467292925
1060,MET,46,-0.378193638850367,0.00955632068143692,GDSC2_LN_IC50,PD0325901,"MEK1, MEK2",0.209503953400732
1060,MYB,46,0.369512567948771,0.0114931238021876,GDSC2_LN_IC50,PD0325901,"MEK1, MEK2",0.174423097010213
1060,PBX1,46,0.57105769959348,3.40650029572436e-05,GDSC2_LN_IC50,PD0325901,"MEK1, MEK2",0.00190482809922833
1060,PPARA,46,-0.446363173323846,0.00187491337249723,GDSC2_LN_IC50,PD0325901,"MEK1, MEK2",0.0281237005874585
1060,RARA,46,0.377505407257528,0.00969887415802564,GDSC2_LN_IC50,PD0325901,"MEK1, MEK2",0.0953165218978382
1060,REST,46,0.333861713551817,0.0233572444497327,GDSC2_LN_IC50,PD0325901,"MEK1, MEK2",0.237743381006208
1060,SNAI2,46,-0.39349606953354,0.00682068307752491,GDSC2_LN_IC50,PD0325901,"MEK1, MEK2",0.102310246162874
1060,SOX3,46,0.481013255479417,0.000714677431221011,GDSC2_LN_IC50,PD0325901,"MEK1, MEK2",0.0412928434105543
1060,TGFBI,46,-0.381557495866825,0.00888521885750758,GDSC2_LN_IC50,PD0325901,"MEK1, MEK2",0.198160166184059
1060,TGFBR2,46,-0.40233014946891,0.00557402810755607,GDSC2_LN_IC50,PD0325901,"MEK1, MEK2",0.204908163767275
1060,TLR4,46,-0.523107578124243,0.00019150756178798,GDSC2_LN_IC50,PD0325901,"MEK1, MEK2",0.0394393975655088
1060,XBP1,46,0.339886235069575,0.0208298841732186,GDSC2_LN_IC50,PD0325901,"MEK1, MEK2",0.148412924734183
1061,BCL2L1,45,0.37916330619012,0.0102099548557475,GDSC2_LN_IC50,SB590885,BRAF,0.0875922265923442
1061,NR4A1,45,0.281275348476384,0.0612423074213771,GDSC2_LN_IC50,SB590885,BRAF,0.236017882684214
1061,SQSTM1,45,0.396916679161412,0.00694318579842051,GDSC2_LN_IC50,SB590885,BRAF,0.073289183427772
1062,AR,46,0.304072889736231,0.0399277207640421,GDSC2_LN_IC50,Selumetinib,"MEK1, MEK2",0.205044146541167
1062,CACNA1H,46,0.362742950121604,0.0132282297453591,GDSC2_LN_IC50,Selumetinib,"MEK1, MEK2",0.0919523287177403
1062,EPHA2,46,-0.358130201894849,0.0145345554643283,GDSC2_LN_IC50,Selumetinib,"MEK1, MEK2",0.142839596804606
1062,ETS2,46,-0.331745543799134,0.024303877051916,GDSC2_LN_IC50,Selumetinib,"MEK1, MEK2",0.161083836274327
1062,ETV1,46,-0.348621300094663,0.0175766789587733,GDSC2_LN_IC50,Selumetinib,"MEK1, MEK2",0.221468379413479
1062,FOXO1,46,-0.470212426062222,0.000975890015136327,GDSC2_LN_IC50,Selumetinib,"MEK1, MEK2",0.139064327156927
1062,GATA3,46,0.293285053377402,0.0479115027105714,GDSC2_LN_IC50,Selumetinib,"MEK1, MEK2",0.15325756314226
1062,HBEGF,46,-0.362337894612853,0.0133387793677176,GDSC2_LN_IC50,Selumetinib,"MEK1, MEK2",0.126877290080217
1062,HDAC9,46,-0.437214919265928,0.0023794887103568,GDSC2_LN_IC50,Selumetinib,"MEK1, MEK2",0.0530776145794371
1062,IGFBP5,46,0.375722019702014,0.0100768087283693,GDSC2_LN_IC50,Selumetinib,"MEK1, MEK2",0.053695023040368
1062,IRF1,46,-0.387748246210201,0.00775586921304767,GDSC2_LN_IC50,Selumetinib,"MEK1, MEK2",0.245602525079843
1062,ITGB1,46,-0.343472534843403,0.0194376788172625,GDSC2_LN_IC50,Selumetinib,"MEK1, MEK2",0.191025464238614
1062,MET,46,-0.344915481937548,0.0189001010043605,GDSC2_LN_IC50,Selumetinib,"MEK1, MEK2",0.244842217556488
1062,PBX1,46,0.52115358830865,0.000204365202067859,GDSC2_LN_IC50,Selumetinib,"MEK1, MEK2",0.00485367354911166
1062,PPARA,46,-0.305708734368178,0.0388182412702711,GDSC2_LN_IC50,Selumetinib,"MEK1, MEK2",0.138093949363308
1062,REST,46,0.422394309903514,0.00345353237676636,GDSC2_LN_IC50,Selumetinib,"MEK1, MEK2",0.164681002256857
1062,SNAI2,46,-0.323704047432041,0.0281988472223095,GDSC2_LN_IC50,Selumetinib,"MEK1, MEK2",0.221067631357571
1062,SOX3,46,0.501965670730117,0.000379017867034178,GDSC2_LN_IC50,Selumetinib,"MEK1, MEK2",0.0360066973682469
1062,TGFBI,46,-0.360533389513961,0.0138409010863392,GDSC2_LN_IC50,Selumetinib,"MEK1, MEK2",0.244854889475143
1062,TLR4,46,-0.425425213683704,0.00320449192225822,GDSC2_LN_IC50,Selumetinib,"MEK1, MEK2",0.0761066831536328
1067,AXL,44,0.400019289497328,0.00713677393822764,GDSC2_LN_IC50,CCT007093,PPM1D,0.145284326599634
1067,BCL2L1,44,0.36809787071917,0.0139560362289018,GDSC2_LN_IC50,CCT007093,PPM1D,0.0984364611640788
1067,BDNF,44,0.375860319853217,0.0119252289302898,GDSC2_LN_IC50,CCT007093,PPM1D,0.161842392625361
1067,DKK3,44,0.377062145680349,0.0116345746601341,GDSC2_LN_IC50,CCT007093,PPM1D,0.144167555571227
1067,HES1,44,-0.397519913058321,0.00753910829013865,GDSC2_LN_IC50,CCT007093,PPM1D,0.195331442062683
1067,OXTR,44,0.374559540930991,0.0122467823739037,GDSC2_LN_IC50,CCT007093,PPM1D,0.185771084564895
1067,PLAU,44,0.396838037579024,0.00765221699635985,GDSC2_LN_IC50,CCT007093,PPM1D,0.145392122930837
1067,SQSTM1,44,0.327296268234365,0.0301085060076534,GDSC2_LN_IC50,CCT007093,PPM1D,0.129599478263795
1067,TWIST1,44,0.498532208459552,0.000572896278523634,GDSC2_LN_IC50,CCT007093,PPM1D,0.0945424484062291
1068,BCL2L1,41,0.276118075662523,0.0805517601993996,GDSC2_LN_IC50,Obatoclax Mesylate,"BCL2, BCL-XL, BCL-W, MCL1",0.223658605987031
1068,ESR1,41,0.369311305992551,0.0174870788075869,GDSC2_LN_IC50,Obatoclax Mesylate,"BCL2, BCL-XL, BCL-W, MCL1",0.0553757495573586
1068,GATA3,41,0.298518922443104,0.0579835747545627,GDSC2_LN_IC50,Obatoclax Mesylate,"BCL2, BCL-XL, BCL-W, MCL1",0.166922412172226
1068,IGFBP5,41,0.420899667817024,0.00613811089890133,GDSC2_LN_IC50,Obatoclax Mesylate,"BCL2, BCL-XL, BCL-W, MCL1",0.0402699794546871
1068,KLF4,41,0.427645323150067,0.00528805528698373,GDSC2_LN_IC50,Obatoclax Mesylate,"BCL2, BCL-XL, BCL-W, MCL1",0.0837275420439091
1068,NR4A1,41,0.327476299046137,0.0366139579627056,GDSC2_LN_IC50,Obatoclax Mesylate,"BCL2, BCL-XL, BCL-W, MCL1",0.202792470763047
1068,RARA,41,0.347235939914843,0.026124536916697,GDSC2_LN_IC50,Obatoclax Mesylate,"BCL2, BCL-XL, BCL-W, MCL1",0.138638378423196
1068,REST,41,0.443530501825773,0.0036782925602645,GDSC2_LN_IC50,Obatoclax Mesylate,"BCL2, BCL-XL, BCL-W, MCL1",0.164681002256857
1068,RXRA,41,0.386320119617814,0.0126006632022734,GDSC2_LN_IC50,Obatoclax Mesylate,"BCL2, BCL-XL, BCL-W, MCL1",0.139688338622478
1068,SQSTM1,41,0.409727865651471,0.0078064942565898,GDSC2_LN_IC50,Obatoclax Mesylate,"BCL2, BCL-XL, BCL-W, MCL1",0.0735224153270651
1068,VDR,41,0.404790655594132,0.00865999998216649,GDSC2_LN_IC50,Obatoclax Mesylate,"BCL2, BCL-XL, BCL-W, MCL1",0.129899999732497
1069,AXL,45,0.447065687847612,0.00207803254389588,GDSC2_LN_IC50,EHT-1864,"RAC1, RAC2, RAC3",0.0980576707833555
1069,BCL2L1,45,0.406829223286036,0.00554780250108551,GDSC2_LN_IC50,EHT-1864,"RAC1, RAC2, RAC3",0.0730004267996436
1069,BDNF,45,0.470809922987987,0.00109856174620511,GDSC2_LN_IC50,EHT-1864,"RAC1, RAC2, RAC3",0.065200052163914
1069,CAV1,45,0.327376179290053,0.0281497050907535,GDSC2_LN_IC50,EHT-1864,"RAC1, RAC2, RAC3",0.235960763260728
1069,DKK3,45,0.358867103367764,0.0154839384868462,GDSC2_LN_IC50,EHT-1864,"RAC1, RAC2, RAC3",0.172924547532325
1069,FOXF2,45,0.412253239076771,0.00489296845121103,GDSC2_LN_IC50,EHT-1864,"RAC1, RAC2, RAC3",0.10495094478198
1069,GJA1,45,0.416693687421103,0.00440812670700595,GDSC2_LN_IC50,EHT-1864,"RAC1, RAC2, RAC3",0.0966397008843613
1069,GRHL1,45,-0.406978704847111,0.00552878201823089,GDSC2_LN_IC50,EHT-1864,"RAC1, RAC2, RAC3",0.146605448532504
1069,KLF4,45,0.26861731765983,0.0743936246118392,GDSC2_LN_IC50,EHT-1864,"RAC1, RAC2, RAC3",0.200237768414917
1069,NT5E,45,0.477588950403401,0.000908013555405481,GDSC2_LN_IC50,EHT-1864,"RAC1, RAC2, RAC3",0.129391931645281
1069,OXTR,45,0.51342509677674,0.000309942707357252,GDSC2_LN_IC50,EHT-1864,"RAC1, RAC2, RAC3",0.0294445571989389
1069,PLAU,45,0.434362029238843,0.0028699264125522,GDSC2_LN_IC50,EHT-1864,"RAC1, RAC2, RAC3",0.137300441674405
1069,SQSTM1,45,0.372359965425416,0.0117727712604989,GDSC2_LN_IC50,EHT-1864,"RAC1, RAC2, RAC3",0.0860317899805686
1069,TWIST1,45,0.488461263191903,0.000663455778289327,GDSC2_LN_IC50,EHT-1864,"RAC1, RAC2, RAC3",0.0945424484062291
1072,AR,46,0.35267267938335,0.0162204143144933,GDSC2_LN_IC50,Avagacestat,"Amyloid beta20, Amyloid beta40",0.128411613323072
1072,BCL2L1,46,0.306917010314343,0.0380150912239375,GDSC2_LN_IC50,Avagacestat,"Amyloid beta20, Amyloid beta40",0.154775728554603
1072,CACNA1H,46,0.380620631281984,0.00906791403421004,GDSC2_LN_IC50,Avagacestat,"Amyloid beta20, Amyloid beta40",0.078313803022723
1072,CAV1,46,-0.32794292433406,0.0260855868773891,GDSC2_LN_IC50,Avagacestat,"Amyloid beta20, Amyloid beta40",0.235960763260728
1072,CEBPA,46,0.391887295232619,0.00707202053471135,GDSC2_LN_IC50,Avagacestat,"Amyloid beta20, Amyloid beta40",0.111973658466263
1072,DNAJB4,46,-0.456125250058398,0.0014433031403885,GDSC2_LN_IC50,Avagacestat,"Amyloid beta20, Amyloid beta40",0.0587630564301031
1072,EPHA2,46,-0.462398224657632,0.00121497154855879,GDSC2_LN_IC50,Avagacestat,"Amyloid beta20, Amyloid beta40",0.0432833614174068
1072,ESR1,46,0.472912807301092,0.000903626949899268,GDSC2_LN_IC50,Avagacestat,"Amyloid beta20, Amyloid beta40",0.0109990352023228
1072,ETS1,46,-0.421094879835811,0.0035654068262967,GDSC2_LN_IC50,Avagacestat,"Amyloid beta20, Amyloid beta40",0.101614094549456
1072,ETS2,46,-0.356523728250022,0.0150145642786892,GDSC2_LN_IC50,Avagacestat,"Amyloid beta20, Amyloid beta40",0.129232126655541
1072,ETV1,46,-0.422889145833536,0.00341174725748229,GDSC2_LN_IC50,Avagacestat,"Amyloid beta20, Amyloid beta40",0.0955508579450428
1072,FOSL1,46,-0.509768729742388,0.000296129378097187,GDSC2_LN_IC50,Avagacestat,"Amyloid beta20, Amyloid beta40",0.0329722873600048
1072,GADD45G,46,0.310983959161986,0.0354113813970141,GDSC2_LN_IC50,Avagacestat,"Amyloid beta20, Amyloid beta40",0.210255077044771
1072,GATA3,46,0.554549965232141,6.36029668520294e-05,GDSC2_LN_IC50,Avagacestat,"Amyloid beta20, Amyloid beta40",0.00181268455528284
1072,GLS,46,-0.474266105317022,0.000869244706267814,GDSC2_LN_IC50,Avagacestat,"Amyloid beta20, Amyloid beta40",0.0309668426607909
1072,HBEGF,46,-0.428128740223878,0.00299582315359775,GDSC2_LN_IC50,Avagacestat,"Amyloid beta20, Amyloid beta40",0.0711315258367033
1072,HDAC3,46,-0.300450930528993,0.0424767916504025,GDSC2_LN_IC50,Avagacestat,"Amyloid beta20, Amyloid beta40",0.175447617686445
1072,HDAC9,46,-0.466302851736216,0.00108966711398828,GDSC2_LN_IC50,Avagacestat,"Amyloid beta20, Amyloid beta40",0.0388193909358325
1072,HRH1,46,-0.374832579351903,0.0102699826698869,GDSC2_LN_IC50,Avagacestat,"Amyloid beta20, Amyloid beta40",0.225149620070598
1072,IGFBP5,46,0.425062300985727,0.00323345414466254,GDSC2_LN_IC50,Avagacestat,"Amyloid beta20, Amyloid beta40",0.0243819155985473
1072,LDHA,46,-0.423427437670374,0.00336679764077913,GDSC2_LN_IC50,Avagacestat,"Amyloid beta20, Amyloid beta40",0.174309210877631
1072,LOX,46,-0.369593801972342,0.0114735483623884,GDSC2_LN_IC50,Avagacestat,"Amyloid beta20, Amyloid beta40",0.155290911717987
1072,MEF2C,46,-0.39562980054922,0.00649930635625767,GDSC2_LN_IC50,Avagacestat,"Amyloid beta20, Amyloid beta40",0.0841955596151562
1072,MSC,46,-0.403219094789989,0.00546033656638589,GDSC2_LN_IC50,Avagacestat,"Amyloid beta20, Amyloid beta40",0.24742337034081
1072,PBX1,46,0.527316081469731,0.000166271449833107,GDSC2_LN_IC50,Avagacestat,"Amyloid beta20, Amyloid beta40",0.00430794210931233
1072,PPARA,46,-0.380450302102144,0.00910147485274103,GDSC2_LN_IC50,Avagacestat,"Amyloid beta20, Amyloid beta40",0.0695334076279036
1072,RARA,46,0.359710941682909,0.0140750461443339,GDSC2_LN_IC50,Avagacestat,"Amyloid beta20, Amyloid beta40",0.107096690614279
1072,SNAI2,46,-0.363224831031685,0.0130977317972836,GDSC2_LN_IC50,Avagacestat,"Amyloid beta20, Amyloid beta40",0.149314142489033
1072,SOX3,46,0.464092693005665,0.00115909735889275,GDSC2_LN_IC50,Avagacestat,"Amyloid beta20, Amyloid beta40",0.0412928434105543
1072,TGFB2,46,-0.355003879665417,0.0154810316652013,GDSC2_LN_IC50,Avagacestat,"Amyloid beta20, Amyloid beta40",0.243720314995612
1072,TGFBI,46,-0.424686948327842,0.00326365104511282,GDSC2_LN_IC50,Avagacestat,"Amyloid beta20, Amyloid beta40",0.146060859552928
1072,TLR4,46,-0.398834240641469,0.00604137104835792,GDSC2_LN_IC50,Avagacestat,"Amyloid beta20, Amyloid beta40",0.0860895374391003
1072,TMEM158,46,-0.439210479294901,0.00226020216370813,GDSC2_LN_IC50,Avagacestat,"Amyloid beta20, Amyloid beta40",0.162818954209354
1072,TYMS,46,-0.375591483663033,0.0101049622754538,GDSC2_LN_IC50,Avagacestat,"Amyloid beta20, Amyloid beta40",0.197513223999904
1072,XBP1,46,0.334512067614153,0.0230726020615094,GDSC2_LN_IC50,Avagacestat,"Amyloid beta20, Amyloid beta40",0.15292306017512
1072,YBX1,46,-0.366480157475218,0.0122446160510344,GDSC2_LN_IC50,Avagacestat,"Amyloid beta20, Amyloid beta40",0.129248724983141
1073,DNMT1,47,-0.366096207215541,0.0113808644396961,GDSC2_LN_IC50,5-Fluorouracil,Antimetabolite (DNA & RNA),0.247002122440819
1073,ESR1,47,0.401572992469605,0.00514613974547669,GDSC2_LN_IC50,5-Fluorouracil,Antimetabolite (DNA & RNA),0.0266663604992883
1073,GATA3,47,0.333950046253469,0.0217851153188587,GDSC2_LN_IC50,5-Fluorouracil,Antimetabolite (DNA & RNA),0.109497698977831
1073,HDAC3,47,-0.356267345050879,0.0139743908271392,GDSC2_LN_IC50,5-Fluorouracil,Antimetabolite (DNA & RNA),0.105228100346783
1073,HDAC9,47,-0.296782400170272,0.0427910711818774,GDSC2_LN_IC50,5-Fluorouracil,Antimetabolite (DNA & RNA),0.189794089234201
1073,IGFBP5,47,0.368177613320999,0.0108881108877103,GDSC2_LN_IC50,5-Fluorouracil,Antimetabolite (DNA & RNA),0.0554127071963829
1073,KLF4,47,0.422641073080481,0.00308128463506257,GDSC2_LN_IC50,5-Fluorouracil,Antimetabolite (DNA & RNA),0.0837275420439091
1073,NR4A1,47,0.305157261794635,0.0370007315076437,GDSC2_LN_IC50,5-Fluorouracil,Antimetabolite (DNA & RNA),0.202792470763047
1073,PPARA,47,-0.260992743886345,0.0764030851091368,GDSC2_LN_IC50,5-Fluorouracil,Antimetabolite (DNA & RNA),0.206809419016437
1073,SQSTM1,47,0.358464384828862,0.013354666454884,GDSC2_LN_IC50,5-Fluorouracil,Antimetabolite (DNA & RNA),0.0951519984910487
1073,TCF4,47,-0.343587373640272,0.0180508089209581,GDSC2_LN_IC50,5-Fluorouracil,Antimetabolite (DNA & RNA),0.233840024657866
1073,VDR,47,0.45259019426457,0.00140239523484901,GDSC2_LN_IC50,5-Fluorouracil,Antimetabolite (DNA & RNA),0.0672515586924826
1079,ADM,46,-0.477669185641597,0.00078790045108206,GDSC2_LN_IC50,Dasatinib,"ABL, SRC, Ephrins, PDGFR, KIT",0.112275814279194
1079,AR,46,0.548430408965773,7.95079580182851e-05,GDSC2_LN_IC50,Dasatinib,"ABL, SRC, Ephrins, PDGFR, KIT",0.0113298840176056
1079,AXL,46,-0.524495185768286,0.000182827145210621,GDSC2_LN_IC50,Dasatinib,"ABL, SRC, Ephrins, PDGFR, KIT",0.0381459503324801
1079,BDNF,46,-0.44159798036119,0.00212445711645479,GDSC2_LN_IC50,Dasatinib,"ABL, SRC, Ephrins, PDGFR, KIT",0.065200052163914
1079,CACNA1H,46,0.404317557652287,0.00532264352857714,GDSC2_LN_IC50,Dasatinib,"ABL, SRC, Ephrins, PDGFR, KIT",0.0654630167855852
1079,CAV1,46,-0.608840445560044,7.13675549880837e-06,GDSC2_LN_IC50,Dasatinib,"ABL, SRC, Ephrins, PDGFR, KIT",0.00203397531716038
1079,CD44,46,-0.537845281845732,0.000115797484019142,GDSC2_LN_IC50,Dasatinib,"ABL, SRC, Ephrins, PDGFR, KIT",0.0330022829454554
1079,CEBPA,46,0.523139681630369,0.000191302581712669,GDSC2_LN_IC50,Dasatinib,"ABL, SRC, Ephrins, PDGFR, KIT",0.0267599611799639
1079,CTCF,46,0.426248739085483,0.00313961534345712,GDSC2_LN_IC50,Dasatinib,"ABL, SRC, Ephrins, PDGFR, KIT",0.149131728814213
1079,DBI,46,0.430625482327914,0.00281383812411247,GDSC2_LN_IC50,Dasatinib,"ABL, SRC, Ephrins, PDGFR, KIT",0.200485966343014
1079,DCBLD2,46,-0.39790185093228,0.00617162825111101,GDSC2_LN_IC50,Dasatinib,"ABL, SRC, Ephrins, PDGFR, KIT",0.188784824051411
1079,DKK3,46,-0.481302166283463,0.000708647202185134,GDSC2_LN_IC50,Dasatinib,"ABL, SRC, Ephrins, PDGFR, KIT",0.0671731038466243
1079,DNAJB4,46,-0.40470352551047,0.00527498596953662,GDSC2_LN_IC50,Dasatinib,"ABL, SRC, Ephrins, PDGFR, KIT",0.121491495008776
1079,EPHA2,46,-0.607812105200229,7.46684758354607e-06,GDSC2_LN_IC50,Dasatinib,"ABL, SRC, Ephrins, PDGFR, KIT",0.00212805156131063
1079,ESR1,46,0.394684821644121,0.00663997723533507,GDSC2_LN_IC50,Dasatinib,"ABL, SRC, Ephrins, PDGFR, KIT",0.030522476001137
1079,ETS1,46,-0.531135197723047,0.000146024578521989,GDSC2_LN_IC50,Dasatinib,"ABL, SRC, Ephrins, PDGFR, KIT",0.0198441803432382
1079,ETS2,46,-0.494275714083421,0.000480623951937344,GDSC2_LN_IC50,Dasatinib,"ABL, SRC, Ephrins, PDGFR, KIT",0.0273955652604286
1079,ETV1,46,-0.419712232335424,0.00368792785051042,GDSC2_LN_IC50,Dasatinib,"ABL, SRC, Ephrins, PDGFR, KIT",0.0955508579450428
1079,FAS,46,-0.394229820094011,0.00670864655912445,GDSC2_LN_IC50,Dasatinib,"ABL, SRC, Ephrins, PDGFR, KIT",0.180437567395185
1079,FHL1,46,-0.532471097388566,0.000139489343602171,GDSC2_LN_IC50,Dasatinib,"ABL, SRC, Ephrins, PDGFR, KIT",0.0132514876422062
1079,FN1,46,-0.3641297015907,0.0128556517581106,GDSC2_LN_IC50,Dasatinib,"ABL, SRC, Ephrins, PDGFR, KIT",0.246559260452367
1079,FOSL1,46,-0.538278883115361,0.000114055678399884,GDSC2_LN_IC50,Dasatinib,"ABL, SRC, Ephrins, PDGFR, KIT",0.0325058683439669
1079,FOXF2,46,-0.382556718898641,0.00869386924568298,GDSC2_LN_IC50,Dasatinib,"ABL, SRC, Ephrins, PDGFR, KIT",0.135989543435525
1079,GADD45G,46,0.605467708258461,8.27271448436041e-06,GDSC2_LN_IC50,Dasatinib,"ABL, SRC, Ephrins, PDGFR, KIT",0.00117886181402136
1079,GATA3,46,0.369234155660756,0.0115604316526915,GDSC2_LN_IC50,Dasatinib,"ABL, SRC, Ephrins, PDGFR, KIT",0.0706380105668988
1079,GJA1,46,-0.317943266889966,0.0312973824592653,GDSC2_LN_IC50,Dasatinib,"ABL, SRC, Ephrins, PDGFR, KIT",0.203845530561228
1079,GLS,46,-0.422362501467493,0.00345623366762005,GDSC2_LN_IC50,Dasatinib,"ABL, SRC, Ephrins, PDGFR, KIT",0.0656684396847809
1079,GRHL1,46,0.555711505460693,6.0934611567201e-05,GDSC2_LN_IC50,Dasatinib,"ABL, SRC, Ephrins, PDGFR, KIT",0.00868318214832614
1079,HBEGF,46,-0.619459260623288,4.43232118367608e-06,GDSC2_LN_IC50,Dasatinib,"ABL, SRC, Ephrins, PDGFR, KIT",0.00126321153734768
1079,HDAC3,46,-0.2695494594999,0.0700549818296161,GDSC2_LN_IC50,Dasatinib,"ABL, SRC, Ephrins, PDGFR, KIT",0.214717578844991
1079,HDAC9,46,-0.435482783656815,0.00248750306641808,GDSC2_LN_IC50,Dasatinib,"ABL, SRC, Ephrins, PDGFR, KIT",0.0530776145794371
1079,HRH1,46,-0.40294425889896,0.00549526893803205,GDSC2_LN_IC50,Dasatinib,"ABL, SRC, Ephrins, PDGFR, KIT",0.181659936201971
1079,IGFBP5,46,0.330724648262345,0.0247719103056688,GDSC2_LN_IC50,Dasatinib,"ABL, SRC, Ephrins, PDGFR, KIT",0.0928946636462581
1079,IL6,46,-0.481091739379766,0.000713034758159884,GDSC2_LN_IC50,Dasatinib,"ABL, SRC, Ephrins, PDGFR, KIT",0.13778820783053
1079,ITGA5,46,-0.473637361596209,0.000885070400484205,GDSC2_LN_IC50,Dasatinib,"ABL, SRC, Ephrins, PDGFR, KIT",0.0840816880459994
1079,ITGB1,46,-0.488413284457265,0.000573888503158005,GDSC2_LN_IC50,Dasatinib,"ABL, SRC, Ephrins, PDGFR, KIT",0.0522860847699644
1079,LDHA,46,-0.359371403096139,0.0141726897594975,GDSC2_LN_IC50,Dasatinib,"ABL, SRC, Ephrins, PDGFR, KIT",0.174309210877631
1079,LIF,46,-0.403891124254761,0.00537573356740479,GDSC2_LN_IC50,Dasatinib,"ABL, SRC, Ephrins, PDGFR, KIT",0.218869152387195
1079,LOX,46,-0.468391368454269,0.0010274943354761,GDSC2_LN_IC50,Dasatinib,"ABL, SRC, Ephrins, PDGFR, KIT",0.0585671771221379
1079,MEF2C,46,-0.36262078454209,0.0132614890945307,GDSC2_LN_IC50,Dasatinib,"ABL, SRC, Ephrins, PDGFR, KIT",0.0932761303988774
1079,MET,46,-0.420361989306681,0.00362989808649696,GDSC2_LN_IC50,Dasatinib,"ABL, SRC, Ephrins, PDGFR, KIT",0.129315119331454
1079,MMP14,46,-0.569746467916054,3.58410215098858e-05,GDSC2_LN_IC50,Dasatinib,"ABL, SRC, Ephrins, PDGFR, KIT",0.0102146911303174
1079,MSC,46,-0.387414798000655,0.0078133695897098,GDSC2_LN_IC50,Dasatinib,"ABL, SRC, Ephrins, PDGFR, KIT",0.24742337034081
1079,MTA1,46,0.498420789383194,0.000423164138593223,GDSC2_LN_IC50,Dasatinib,"ABL, SRC, Ephrins, PDGFR, KIT",0.120601779499069
1079,MYB,46,0.558843655523752,5.42407907172747e-05,GDSC2_LN_IC50,Dasatinib,"ABL, SRC, Ephrins, PDGFR, KIT",0.0154586253544233
1079,MYCN,46,0.431064347593129,0.00278287686755358,GDSC2_LN_IC50,Dasatinib,"ABL, SRC, Ephrins, PDGFR, KIT",0.198279976813193
1079,MYL9,46,-0.539879671913633,0.000107829708370509,GDSC2_LN_IC50,Dasatinib,"ABL, SRC, Ephrins, PDGFR, KIT",0.0307314668855952
1079,NGF,46,-0.375381273083699,0.010150441831057,GDSC2_LN_IC50,Dasatinib,"ABL, SRC, Ephrins, PDGFR, KIT",0.189577795048041
1079,NR4A1,46,0.264503873129523,0.0756720067839649,GDSC2_LN_IC50,Dasatinib,"ABL, SRC, Ephrins, PDGFR, KIT",0.242764759782629
1079,OPTN,46,-0.417353651353694,0.00390547009509847,GDSC2_LN_IC50,Dasatinib,"ABL, SRC, Ephrins, PDGFR, KIT",0.0856199213156202
1079,OXTR,46,-0.319689883157686,0.030329498101216,GDSC2_LN_IC50,Dasatinib,"ABL, SRC, Ephrins, PDGFR, KIT",0.240108526634627
1079,PBX1,46,0.67243675375322,3.08664006455633e-07,GDSC2_LN_IC50,Dasatinib,"ABL, SRC, Ephrins, PDGFR, KIT",8.79692418398555e-05
1079,PCSK2,46,0.438883200867565,0.00227939545172161,GDSC2_LN_IC50,Dasatinib,"ABL, SRC, Ephrins, PDGFR, KIT",0.162406925935165
1079,PLAU,46,-0.5178011163319,0.000228259560125873,GDSC2_LN_IC50,Dasatinib,"ABL, SRC, Ephrins, PDGFR, KIT",0.0325269873179369
1079,PPARA,46,-0.323970832633273,0.0280617709305192,GDSC2_LN_IC50,Dasatinib,"ABL, SRC, Ephrins, PDGFR, KIT",0.12140296352707
1079,PTN,46,-0.411794331919207,0.00446327076920735,GDSC2_LN_IC50,Dasatinib,"ABL, SRC, Ephrins, PDGFR, KIT",0.212005361537349
1079,RARA,46,0.442711972383315,0.00206362586485139,GDSC2_LN_IC50,Dasatinib,"ABL, SRC, Ephrins, PDGFR, KIT",0.0429358441212703
1079,RUNX2,46,-0.396057268046638,0.00643652760219782,GDSC2_LN_IC50,Dasatinib,"ABL, SRC, Ephrins, PDGFR, KIT",0.2457187720494
1079,RXRA,46,0.464754365723922,0.00113790894576728,GDSC2_LN_IC50,Dasatinib,"ABL, SRC, Ephrins, PDGFR, KIT",0.0463291499348107
1079,S100A2,46,-0.379057944522428,0.00937985419959864,GDSC2_LN_IC50,Dasatinib,"ABL, SRC, Ephrins, PDGFR, KIT",0.190947031920401
1079,SERPINE1,46,-0.498911930907388,0.000416783317065374,GDSC2_LN_IC50,Dasatinib,"ABL, SRC, Ephrins, PDGFR, KIT",0.0805676541608707
1079,SNAI2,46,-0.498544474572717,0.000421549005055432,GDSC2_LN_IC50,Dasatinib,"ABL, SRC, Ephrins, PDGFR, KIT",0.040047155480266
1079,SOX2,46,0.414339205689823,0.0041998274393257,GDSC2_LN_IC50,Dasatinib,"ABL, SRC, Ephrins, PDGFR, KIT",0.199491803367971
1079,SOX3,46,0.36422171684223,0.0128312503512743,GDSC2_LN_IC50,Dasatinib,"ABL, SRC, Ephrins, PDGFR, KIT",0.114278323441037
1079,TCF4,46,-0.389068543606667,0.00753177326729948,GDSC2_LN_IC50,Dasatinib,"ABL, SRC, Ephrins, PDGFR, KIT",0.163272452334193
1079,TGFB2,46,-0.378591185379099,0.00947480135334922,GDSC2_LN_IC50,Dasatinib,"ABL, SRC, Ephrins, PDGFR, KIT",0.225026532142044
1079,TGFBI,46,-0.374108955330382,0.0104294824307399,GDSC2_LN_IC50,Dasatinib,"ABL, SRC, Ephrins, PDGFR, KIT",0.198160166184059
1079,TMEM158,46,-0.421914637697397,0.00349446544371113,GDSC2_LN_IC50,Dasatinib,"ABL, SRC, Ephrins, PDGFR, KIT",0.162818954209354
1079,TYMS,46,-0.353476771862377,0.0159620684122083,GDSC2_LN_IC50,Dasatinib,"ABL, SRC, Ephrins, PDGFR, KIT",0.224765424885096
1079,VDR,46,0.498836174833175,0.000417761835982647,GDSC2_LN_IC50,Dasatinib,"ABL, SRC, Ephrins, PDGFR, KIT",0.0356244938008263
1079,VIM,46,-0.363212057735368,0.0131011766965542,GDSC2_LN_IC50,Dasatinib,"ABL, SRC, Ephrins, PDGFR, KIT",0.209978052228695
1079,XBP1,46,0.455729400219781,0.00145891518476578,GDSC2_LN_IC50,Dasatinib,"ABL, SRC, Ephrins, PDGFR, KIT",0.0346883037192721
1080,BCL2L1,46,0.325922649205061,0.0270756828012606,GDSC2_LN_IC50,Paclitaxel,Microtubule stabiliser,0.134256235247135
1080,CACNA1H,46,0.468209270524115,0.00103278623408986,GDSC2_LN_IC50,Paclitaxel,Microtubule stabiliser,0.0328687329887136
1080,ESR1,46,0.403577096511426,0.00541512382771692,GDSC2_LN_IC50,Paclitaxel,Microtubule stabiliser,0.0272253533687115
1080,GATA3,46,0.259259855554459,0.0818798806888165,GDSC2_LN_IC50,Paclitaxel,Microtubule stabiliser,0.206427109351219
1080,HBEGF,46,-0.341282382798564,0.0202782399019583,GDSC2_LN_IC50,Paclitaxel,Microtubule stabiliser,0.14818713774508
1080,HDAC3,46,-0.284161783009781,0.0556328731997783,GDSC2_LN_IC50,Paclitaxel,Microtubule stabiliser,0.189258565255485
1080,KLF4,46,0.375198766403259,0.0101900701278762,GDSC2_LN_IC50,Paclitaxel,Microtubule stabiliser,0.084449060968457
1080,LDHA,46,-0.313216959933334,0.0340454273988294,GDSC2_LN_IC50,Paclitaxel,Microtubule stabiliser,0.225311118033664
1080,MYCN,46,0.445685876971288,0.00190871766080288,GDSC2_LN_IC50,Paclitaxel,Microtubule stabiliser,0.198279976813193
1080,NR4A1,46,0.357787102940392,0.0146359604606225,GDSC2_LN_IC50,Paclitaxel,Microtubule stabiliser,0.159256736894433
1080,PPARA,46,-0.292465689599781,0.0485673194150267,GDSC2_LN_IC50,Paclitaxel,Microtubule stabiliser,0.155524562171715
1080,SYP,46,0.508053292797266,0.000312798521168299,GDSC2_LN_IC50,Paclitaxel,Microtubule stabiliser,0.0891475785329653
1083,AR,46,0.367184687727788,0.0120663725552308,GDSC2_LN_IC50,Crizotinib,"MET, ALK, ROS1",0.120976676500987
1083,BCL2L1,46,0.319667628810648,0.0303416723258048,GDSC2_LN_IC50,Crizotinib,"MET, ALK, ROS1",0.1422797564727
1083,CACNA1H,46,0.490706352521237,0.000535629306279778,GDSC2_LN_IC50,Crizotinib,"MET, ALK, ROS1",0.0218868954448874
1083,CTNNB1,46,-0.46561809544806,0.0011107703264457,GDSC2_LN_IC50,Crizotinib,"MET, ALK, ROS1",0.0617023275493736
1083,DNAJB4,46,-0.343700866435922,0.0193517636860774,GDSC2_LN_IC50,Crizotinib,"MET, ALK, ROS1",0.22980219377217
1083,DNMT1,46,-0.374636292241003,0.0103130393731722,GDSC2_LN_IC50,Crizotinib,"MET, ALK, ROS1",0.247002122440819
1083,E2F3,46,-0.452982603520343,0.00157144712792227,GDSC2_LN_IC50,Crizotinib,"MET, ALK, ROS1",0.170664504007265
1083,ESR1,46,0.487212546614732,0.000594886586023081,GDSC2_LN_IC50,Crizotinib,"MET, ALK, ROS1",0.00807346081031324
1083,ETS1,46,-0.381388362490362,0.0089179643410787,GDSC2_LN_IC50,Crizotinib,"MET, ALK, ROS1",0.13376946511618
1083,ETS2,46,-0.3269616369002,0.0265626555005537,GDSC2_LN_IC50,Crizotinib,"MET, ALK, ROS1",0.165729150177587
1083,FHL1,46,-0.348690995376178,0.0175525607485366,GDSC2_LN_IC50,Crizotinib,"MET, ALK, ROS1",0.185277030123442
1083,GADD45G,46,0.350224458735966,0.0170289450287523,GDSC2_LN_IC50,Crizotinib,"MET, ALK, ROS1",0.167627080086954
1083,GATA3,46,0.497679277442365,0.000432964580754625,GDSC2_LN_IC50,Crizotinib,"MET, ALK, ROS1",0.00822632703433788
1083,GLS,46,-0.391121943700241,0.00719438180171095,GDSC2_LN_IC50,Crizotinib,"MET, ALK, ROS1",0.113911045193757
1083,HBEGF,46,-0.446315819993902,0.0018772594326788,GDSC2_LN_IC50,Crizotinib,"MET, ALK, ROS1",0.0711315258367033
1083,HDAC3,46,-0.389681922454087,0.00742958448372145,GDSC2_LN_IC50,Crizotinib,"MET, ALK, ROS1",0.0934850403924292
1083,HDAC9,46,-0.381846308588399,0.0088295421731976,GDSC2_LN_IC50,Crizotinib,"MET, ALK, ROS1",0.093200722939308
1083,IGFBP5,46,0.596124694287206,1.23471657637226e-05,GDSC2_LN_IC50,Crizotinib,"MET, ALK, ROS1",0.00117298074755365
1083,ILF3,46,-0.476040703052729,0.000825934235933925,GDSC2_LN_IC50,Crizotinib,"MET, ALK, ROS1",0.0588478143102921
1083,KLF4,46,0.45509944274379,0.00148407010145008,GDSC2_LN_IC50,Crizotinib,"MET, ALK, ROS1",0.0837275420439091
1083,LDHA,46,-0.37617697870687,0.0099792111235909,GDSC2_LN_IC50,Crizotinib,"MET, ALK, ROS1",0.174309210877631
1083,LOX,46,-0.398957969734222,0.00602426672054202,GDSC2_LN_IC50,Crizotinib,"MET, ALK, ROS1",0.132070462719575
1083,MAP2,46,-0.427582763051263,0.0030369725083346,GDSC2_LN_IC50,Crizotinib,"MET, ALK, ROS1",0.161513743124251
1083,MEF2C,46,-0.464458382839448,0.00114734396779651,GDSC2_LN_IC50,Crizotinib,"MET, ALK, ROS1",0.0363325589802229
1083,NR4A1,46,0.295678838532638,0.04603657615206,GDSC2_LN_IC50,Crizotinib,"MET, ALK, ROS1",0.219281665461858
1083,PBX1,46,0.390895399531297,0.00723095071638802,GDSC2_LN_IC50,Crizotinib,"MET, ALK, ROS1",0.0736007483632352
1083,POU5F1,46,-0.43058849873708,0.0028164610744354,GDSC2_LN_IC50,Crizotinib,"MET, ALK, ROS1",0.200672851553522
1083,PPARA,46,-0.475268083822904,0.00084454734300879,GDSC2_LN_IC50,Crizotinib,"MET, ALK, ROS1",0.0205060733011142
1083,RARA,46,0.482839089383799,0.000677328380273566,GDSC2_LN_IC50,Crizotinib,"MET, ALK, ROS1",0.0346839835798346
1083,RXRA,46,0.441692894433341,0.00211921304181275,GDSC2_LN_IC50,Crizotinib,"MET, ALK, ROS1",0.0503313097430529
1083,S100A2,46,-0.358277830361463,0.0144911073087002,GDSC2_LN_IC50,Crizotinib,"MET, ALK, ROS1",0.217366609630503
1083,SQSTM1,46,0.289291703415401,0.0511767870491845,GDSC2_LN_IC50,Crizotinib,"MET, ALK, ROS1",0.156832089344275
1083,TYMS,46,-0.406552080183952,0.00505185593386133,GDSC2_LN_IC50,Crizotinib,"MET, ALK, ROS1",0.162511716220527
1083,XBP1,46,0.429813970490302,0.00287188949660353,GDSC2_LN_IC50,Crizotinib,"MET, ALK, ROS1",0.0481463827371769
1083,YBX1,46,-0.444350472832508,0.001976954708417,GDSC2_LN_IC50,Crizotinib,"MET, ALK, ROS1",0.0538493663246204
1083,ZBTB7A,46,0.427247030680408,0.00306252238118631,GDSC2_LN_IC50,Crizotinib,"MET, ALK, ROS1",0.21232478035895
1084,CACNA1H,46,0.251337400071853,0.0920064763961873,GDSC2_LN_IC50,Rapamycin,MTORC1,0.242794868267717
1084,ESR1,46,0.347699963899304,0.0178981539936878,GDSC2_LN_IC50,Rapamycin,MTORC1,0.0560546581120993
1084,ETS2,46,-0.353702449822445,0.0158901913148508,GDSC2_LN_IC50,Rapamycin,MTORC1,0.129232126655541
1084,HDAC3,46,-0.35997818286023,0.0139985971846621,GDSC2_LN_IC50,Rapamycin,MTORC1,0.105228100346783
1084,PPARA,46,-0.264105013817232,0.0761307448393909,GDSC2_LN_IC50,Rapamycin,MTORC1,0.206809419016437
1084,SOX3,46,0.355364859922375,0.0153691405083784,GDSC2_LN_IC50,Rapamycin,MTORC1,0.126495694169738
1085,ADM,46,0.532287327229503,0.000140372293036452,GDSC2_LN_IC50,Sorafenib,"PDGFR, KIT, VEGFR, RAF",0.0400061035153887
1085,ANPEP,46,0.510573445276729,0.000288590060653495,GDSC2_LN_IC50,Sorafenib,"PDGFR, KIT, VEGFR, RAF",0.0822481672862461
1085,AXL,46,0.467943738228897,0.00104054642105774,GDSC2_LN_IC50,Sorafenib,"PDGFR, KIT, VEGFR, RAF",0.0830304712393534
1085,CAV1,46,0.438054274429455,0.00232865407292638,GDSC2_LN_IC50,Sorafenib,"PDGFR, KIT, VEGFR, RAF",0.0474047436274299
1085,CD44,46,0.394183895999272,0.00671561158214742,GDSC2_LN_IC50,Sorafenib,"PDGFR, KIT, VEGFR, RAF",0.203848840293927
1085,CEBPA,46,-0.346407378254723,0.0183575369646206,GDSC2_LN_IC50,Sorafenib,"PDGFR, KIT, VEGFR, RAF",0.180410277066099
1085,DKK3,46,0.45658163467358,0.00142548821775684,GDSC2_LN_IC50,Sorafenib,"PDGFR, KIT, VEGFR, RAF",0.06771069034345
1085,DNAJB4,46,0.322537916120795,0.0288045694256511,GDSC2_LN_IC50,Sorafenib,"PDGFR, KIT, VEGFR, RAF",0.241961049135148
1085,ETS1,46,0.437558557759534,0.00235855928309699,GDSC2_LN_IC50,Sorafenib,"PDGFR, KIT, VEGFR, RAF",0.0752907456757288
1085,EXT1,46,0.422096618310774,0.00347888614831156,GDSC2_LN_IC50,Sorafenib,"PDGFR, KIT, VEGFR, RAF",0.180760828131954
1085,FAS,46,0.494853214372013,0.000472218827190089,GDSC2_LN_IC50,Sorafenib,"PDGFR, KIT, VEGFR, RAF",0.0867530247632889
1085,FHL1,46,0.355819363087871,0.0152292383850553,GDSC2_LN_IC50,Sorafenib,"PDGFR, KIT, VEGFR, RAF",0.180847205822532
1085,FN1,46,0.374639184614637,0.0103124037905737,GDSC2_LN_IC50,Sorafenib,"PDGFR, KIT, VEGFR, RAF",0.246559260452367
1085,FOSL1,46,0.342121840475681,0.0199525154920027,GDSC2_LN_IC50,Sorafenib,"PDGFR, KIT, VEGFR, RAF",0.196085066042096
1085,FOXF2,46,0.331374903166114,0.0244729357787726,GDSC2_LN_IC50,Sorafenib,"PDGFR, KIT, VEGFR, RAF",0.211357172634854
1085,GJA1,46,0.32009476268095,0.0301087153619855,GDSC2_LN_IC50,Sorafenib,"PDGFR, KIT, VEGFR, RAF",0.203845530561228
1085,HBEGF,46,0.319006261603736,0.0307053268145109,GDSC2_LN_IC50,Sorafenib,"PDGFR, KIT, VEGFR, RAF",0.178592206982359
1085,IL15,46,0.472286855553797,0.000919937519868704,GDSC2_LN_IC50,Sorafenib,"PDGFR, KIT, VEGFR, RAF",0.181952335368122
1085,IL6,46,0.44208107182544,0.0020978849826461,GDSC2_LN_IC50,Sorafenib,"PDGFR, KIT, VEGFR, RAF",0.157295018868027
1085,ITGA5,46,0.398697405716987,0.00606033628276811,GDSC2_LN_IC50,Sorafenib,"PDGFR, KIT, VEGFR, RAF",0.203053691073298
1085,ITGB1,46,0.314078120659552,0.0335303975169414,GDSC2_LN_IC50,Sorafenib,"PDGFR, KIT, VEGFR, RAF",0.246578819894493
1085,LIF,46,0.38128731829376,0.00893757685054351,GDSC2_LN_IC50,Sorafenib,"PDGFR, KIT, VEGFR, RAF",0.239786593034257
1085,MET,46,0.444269401673652,0.00198116603664905,GDSC2_LN_IC50,Sorafenib,"PDGFR, KIT, VEGFR, RAF",0.113314801949727
1085,NGF,46,0.486170359406281,0.000613668647757386,GDSC2_LN_IC50,Sorafenib,"PDGFR, KIT, VEGFR, RAF",0.0401029378754077
1085,OPTN,46,0.51100257211883,0.000284640941168828,GDSC2_LN_IC50,Sorafenib,"PDGFR, KIT, VEGFR, RAF",0.0255712219757558
1085,PLAU,46,0.459876184623684,0.00130258370505798,GDSC2_LN_IC50,Sorafenib,"PDGFR, KIT, VEGFR, RAF",0.123745451980509
1085,PPARA,46,0.304196971266763,0.0398426647441762,GDSC2_LN_IC50,Sorafenib,"PDGFR, KIT, VEGFR, RAF",0.138093949363308
1085,S100A2,46,0.463014382770464,0.00119438226286922,GDSC2_LN_IC50,Sorafenib,"PDGFR, KIT, VEGFR, RAF",0.0680797889835457
1085,SNAI2,46,0.343344315269554,0.0194860653231299,GDSC2_LN_IC50,Sorafenib,"PDGFR, KIT, VEGFR, RAF",0.193379731226885
1085,SQSTM1,46,0.408107938746727,0.00487048357678277,GDSC2_LN_IC50,Sorafenib,"PDGFR, KIT, VEGFR, RAF",0.0694043909691545
1085,TBX21,46,0.522118534254416,0.000197920997641698,GDSC2_LN_IC50,Sorafenib,"PDGFR, KIT, VEGFR, RAF",0.056407484327884
1085,TGFB2,46,0.388384395852628,0.00764718497692785,GDSC2_LN_IC50,Sorafenib,"PDGFR, KIT, VEGFR, RAF",0.225026532142044
1085,UGCG,46,0.344782086876843,0.0189492657696933,GDSC2_LN_IC50,Sorafenib,"PDGFR, KIT, VEGFR, RAF",0.200020027568984
1086,AR,40,0.405920563206978,0.00935470654129914,GDSC2_LN_IC50,BI-2536,"PLK1, PLK2, PLK3",0.119565517541615
1086,CACNA1H,40,0.488612220076968,0.00137923115606488,GDSC2_LN_IC50,BI-2536,"PLK1, PLK2, PLK3",0.0352576027463556
1086,CAV1,40,-0.396231689579181,0.0113714499951172,GDSC2_LN_IC50,BI-2536,"PLK1, PLK2, PLK3",0.174914476428317
1086,DKK3,40,-0.352648146216024,0.0256239642584376,GDSC2_LN_IC50,BI-2536,"PLK1, PLK2, PLK3",0.214789112166315
1086,DNAJB4,40,-0.407495040185847,0.00905779436252448,GDSC2_LN_IC50,BI-2536,"PLK1, PLK2, PLK3",0.160941211442154
1086,EPHA2,40,-0.337384638374321,0.0332533948488098,GDSC2_LN_IC50,BI-2536,"PLK1, PLK2, PLK3",0.220400407718856
1086,ESR1,40,0.455343739271113,0.00315350338713671,GDSC2_LN_IC50,BI-2536,"PLK1, PLK2, PLK3",0.022789426497184
1086,ETS1,40,-0.373160814354124,0.0177105000489461,GDSC2_LN_IC50,BI-2536,"PLK1, PLK2, PLK3",0.190604624497768
1086,ETS2,40,-0.456387183128316,0.00307652889663926,GDSC2_LN_IC50,BI-2536,"PLK1, PLK2, PLK3",0.058454049036146
1086,FHL1,40,-0.414959673661967,0.00775749008293989,GDSC2_LN_IC50,BI-2536,"PLK1, PLK2, PLK3",0.141540856551277
1086,GADD45G,40,0.531748145249219,0.000413888768428605,GDSC2_LN_IC50,BI-2536,"PLK1, PLK2, PLK3",0.014744787375269
1086,GATA3,40,0.488627306187882,0.00137868784161587,GDSC2_LN_IC50,BI-2536,"PLK1, PLK2, PLK3",0.0180883363971782
1086,GJB1,40,0.586443303988034,6.98921803041934e-05,GDSC2_LN_IC50,BI-2536,"PLK1, PLK2, PLK3",0.0199192713866951
1086,GLS,40,-0.568531684197532,0.000129542152810322,GDSC2_LN_IC50,BI-2536,"PLK1, PLK2, PLK3",0.00922987838773545
1086,HBEGF,40,-0.436905496783565,0.00482025132202879,GDSC2_LN_IC50,BI-2536,"PLK1, PLK2, PLK3",0.0915847751185471
1086,HDAC3,40,-0.333197015448383,0.0356451724185677,GDSC2_LN_IC50,BI-2536,"PLK1, PLK2, PLK3",0.158732408426435
1086,IGFBP5,40,0.557182796002992,0.000188089332229685,GDSC2_LN_IC50,BI-2536,"PLK1, PLK2, PLK3",0.00399793924856276
1086,ILF3,40,-0.401117511976483,0.0103124761755422,GDSC2_LN_IC50,BI-2536,"PLK1, PLK2, PLK3",0.127785030870849
1086,KLF4,40,0.328411038986001,0.0385492782650005,GDSC2_LN_IC50,BI-2536,"PLK1, PLK2, PLK3",0.154740060641199
1086,KLF8,40,0.456108889165598,0.00309689606816136,GDSC2_LN_IC50,BI-2536,"PLK1, PLK2, PLK3",0.176523075885198
1086,LDHA,40,-0.408170207927208,0.00893296758068969,GDSC2_LN_IC50,BI-2536,"PLK1, PLK2, PLK3",0.174309210877631
1086,MEF2C,40,-0.29993069921169,0.0600638245533112,GDSC2_LN_IC50,BI-2536,"PLK1, PLK2, PLK3",0.199665920889907
1086,NR4A1,40,0.332159127258227,0.0362592450922541,GDSC2_LN_IC50,BI-2536,"PLK1, PLK2, PLK3",0.202792470763047
1086,PBX1,40,0.413147806641894,0.00805736732565449,GDSC2_LN_IC50,BI-2536,"PLK1, PLK2, PLK3",0.0745255785322367
1086,PPARA,40,-0.328702863484584,0.0383668444346864,GDSC2_LN_IC50,BI-2536,"PLK1, PLK2, PLK3",0.138093949363308
1086,RARA,40,0.568317332467805,0.000130474268345375,GDSC2_LN_IC50,BI-2536,"PLK1, PLK2, PLK3",0.018592583239216
1086,RXRA,40,0.535369097441686,0.000371338575574847,GDSC2_LN_IC50,BI-2536,"PLK1, PLK2, PLK3",0.0352771646796104
1086,TYMS,40,-0.466238820259441,0.00242703320663035,GDSC2_LN_IC50,BI-2536,"PLK1, PLK2, PLK3",0.13834089277793
1086,VDR,40,0.401808261507414,0.0101697820854134,GDSC2_LN_IC50,BI-2536,"PLK1, PLK2, PLK3",0.137267559005123
1086,XBP1,40,0.451377031495142,0.00346171239756717,GDSC2_LN_IC50,BI-2536,"PLK1, PLK2, PLK3",0.0493294016653322
1086,YBX1,40,-0.411640673611419,0.00831434351938356,GDSC2_LN_IC50,BI-2536,"PLK1, PLK2, PLK3",0.10770854104656
1088,AR,46,0.349523264806472,0.0172667091088376,GDSC2_LN_IC50,Irinotecan,TOP1,0.129500318316282
1088,CTNNB1,46,-0.324285786090192,0.027900659414767,GDSC2_LN_IC50,Irinotecan,TOP1,0.222140455403166
1088,ESR1,46,0.510404560795678,0.000290157784588356,GDSC2_LN_IC50,Irinotecan,TOP1,0.00586308542731642
1088,ETV1,46,-0.349100834207585,0.0174113008640068,GDSC2_LN_IC50,Irinotecan,TOP1,0.221468379413479
1088,GATA3,46,0.422216249413624,0.00346867783619812,GDSC2_LN_IC50,Irinotecan,TOP1,0.0332487488382179
1088,HDAC3,46,-0.424056814645365,0.00331490269175163,GDSC2_LN_IC50,Irinotecan,TOP1,0.0703822714652627
1088,HDAC9,46,-0.341051528553067,0.0203685964578814,GDSC2_LN_IC50,Irinotecan,TOP1,0.138215475964196
1088,IGFBP5,46,0.298514733585691,0.0438930213063433,GDSC2_LN_IC50,Irinotecan,TOP1,0.150717000871179
1088,KLF4,46,0.302464070003582,0.041044068201473,GDSC2_LN_IC50,Irinotecan,TOP1,0.156445454028839
1088,MEF2C,46,-0.350063006713291,0.0170834437446359,GDSC2_LN_IC50,Irinotecan,TOP1,0.101432947233776
1088,PBX1,46,0.280333022229554,0.0591579264849821,GDSC2_LN_IC50,Irinotecan,TOP1,0.216153962156665
1088,PPARA,46,-0.375794071749785,0.0100612976962982,GDSC2_LN_IC50,Irinotecan,TOP1,0.0715749956041688
1088,TCF4,46,-0.522302918300362,0.000196710796627412,GDSC2_LN_IC50,Irinotecan,TOP1,0.0280312885194062
1088,TLR4,46,-0.348627083778618,0.0175746764355076,GDSC2_LN_IC50,Irinotecan,TOP1,0.147317140709402
1089,ESR1,46,0.225551350350438,0.131769476669538,GDSC2_LN_IC50,Oxaliplatin,DNA alkylating agent,0.248703979144491
1089,HDAC9,46,-0.287116409414114,0.0530297676537058,GDSC2_LN_IC50,Oxaliplatin,DNA alkylating agent,0.199582901524376
1089,IGFBP5,46,0.396109568692106,0.00642888289461744,GDSC2_LN_IC50,Oxaliplatin,DNA alkylating agent,0.0402699794546871
1089,KLF4,46,0.248480354449142,0.095887686581343,GDSC2_LN_IC50,Oxaliplatin,DNA alkylating agent,0.237155457963563
1089,PBX1,46,0.292658008551716,0.0484127380243221,GDSC2_LN_IC50,Oxaliplatin,DNA alkylating agent,0.193333267092504
1089,RARA,46,0.389806279433272,0.00740901361586643,GDSC2_LN_IC50,Oxaliplatin,DNA alkylating agent,0.0925250028785284
1089,SQSTM1,46,0.394171959678543,0.0067174229168369,GDSC2_LN_IC50,Oxaliplatin,DNA alkylating agent,0.073289183427772
1091,AR,46,0.586285137115308,1.85752754845799e-05,GDSC2_LN_IC50,BMS-536924,"IGF1R, IR",0.00529395351310526
1091,BDNF,46,-0.384723924126845,0.00829103183331236,GDSC2_LN_IC50,BMS-536924,"IGF1R, IR",0.124365477499685
1091,CACNA1H,46,0.540199932914907,0.000106621891947532,GDSC2_LN_IC50,BMS-536924,"IGF1R, IR",0.0160348112334691
1091,CAV1,46,-0.481632544906949,0.000701807390706295,GDSC2_LN_IC50,BMS-536924,"IGF1R, IR",0.0400030212702588
1091,CD44,46,-0.484140090875093,0.000651793674757647,GDSC2_LN_IC50,BMS-536924,"IGF1R, IR",0.0619203991019765
1091,CEBPA,46,0.478624855728926,0.000766318108472243,GDSC2_LN_IC50,BMS-536924,"IGF1R, IR",0.0436801321829179
1091,DCBLD2,46,-0.407099822268751,0.00498734255062712,GDSC2_LN_IC50,BMS-536924,"IGF1R, IR",0.188784824051411
1091,DKK3,46,-0.40498575513915,0.00524037340842311,GDSC2_LN_IC50,BMS-536924,"IGF1R, IR",0.119740150713613
1091,DNAJB4,46,-0.512458719521873,0.00027160192764254,GDSC2_LN_IC50,BMS-536924,"IGF1R, IR",0.019351637344531
1091,EPHA2,46,-0.521877577848772,0.000199512683382161,GDSC2_LN_IC50,BMS-536924,"IGF1R, IR",0.014215278690979
1091,ESR1,46,0.433077819213095,0.00264464593511372,GDSC2_LN_IC50,BMS-536924,"IGF1R, IR",0.0224246803492563
1091,ETS1,46,-0.477386131560305,0.000794396461479839,GDSC2_LN_IC50,BMS-536924,"IGF1R, IR",0.0431058286246849
1091,ETS2,46,-0.537208211894364,0.000118400567349695,GDSC2_LN_IC50,BMS-536924,"IGF1R, IR",0.0155587973484878
1091,FAS,46,-0.38863963152301,0.00760395054664611,GDSC2_LN_IC50,BMS-536924,"IGF1R, IR",0.180593825482845
1091,FHL1,46,-0.430577370686131,0.00281725071969136,GDSC2_LN_IC50,BMS-536924,"IGF1R, IR",0.0729924050101854
1091,FOSL1,46,-0.496471977539026,0.000449359410704756,GDSC2_LN_IC50,BMS-536924,"IGF1R, IR",0.0329722873600048
1091,FOXF2,46,-0.352285288691042,0.0163461391544245,GDSC2_LN_IC50,BMS-536924,"IGF1R, IR",0.176673261792738
1091,GADD45G,46,0.685148722683913,1.50042654044471e-07,GDSC2_LN_IC50,BMS-536924,"IGF1R, IR",4.27621564026742e-05
1091,GATA3,46,0.46608445089249,0.0010963587184983,GDSC2_LN_IC50,BMS-536924,"IGF1R, IR",0.0164453807774745
1091,GJB1,46,0.479694302598063,0.000742795552702452,GDSC2_LN_IC50,BMS-536924,"IGF1R, IR",0.070565577506733
1091,GLS,46,-0.496282088940401,0.000451988323249672,GDSC2_LN_IC50,BMS-536924,"IGF1R, IR",0.0184023817323081
1091,GRHL1,46,0.350991560867879,0.0167720144539876,GDSC2_LN_IC50,BMS-536924,"IGF1R, IR",0.199167671641103
1091,HBEGF,46,-0.456446877852371,0.0014307279703,GDSC2_LN_IC50,BMS-536924,"IGF1R, IR",0.0711315258367033
1091,HDAC3,46,-0.267153996629427,0.072679088831346,GDSC2_LN_IC50,BMS-536924,"IGF1R, IR",0.214717578844991
1091,HDAC9,46,-0.408724274936714,0.0048002228018882,GDSC2_LN_IC50,BMS-536924,"IGF1R, IR",0.0582189896567276
1091,IGFBP5,46,0.539425593545531,0.000109563551980907,GDSC2_LN_IC50,BMS-536924,"IGF1R, IR",0.00312256123145584
1091,ITGA5,46,-0.35611515149348,0.0151387733624118,GDSC2_LN_IC50,BMS-536924,"IGF1R, IR",0.228891970245894
1091,ITGB1,46,-0.444680131647146,0.00195991179606618,GDSC2_LN_IC50,BMS-536924,"IGF1R, IR",0.0522860847699644
1091,KLF4,46,0.34713201163491,0.0180987917954759,GDSC2_LN_IC50,BMS-536924,"IGF1R, IR",0.0991953011867429
1091,LDHA,46,-0.406987200659877,0.00500054815438338,GDSC2_LN_IC50,BMS-536924,"IGF1R, IR",0.174309210877631
1091,LOX,46,-0.416181758564001,0.00401768246469484,GDSC2_LN_IC50,BMS-536924,"IGF1R, IR",0.131262360340745
1091,MEF2A,46,-0.429813742028765,0.00287190598701518,GDSC2_LN_IC50,BMS-536924,"IGF1R, IR",0.136415534383221
1091,MEF2C,46,-0.482936255930396,0.000675390745301049,GDSC2_LN_IC50,BMS-536924,"IGF1R, IR",0.0240607953013499
1091,MET,46,-0.430333422605468,0.00283461033828283,GDSC2_LN_IC50,BMS-536924,"IGF1R, IR",0.115409135201515
1091,MMP14,46,-0.424807282285226,0.003253943358324,GDSC2_LN_IC50,BMS-536924,"IGF1R, IR",0.132481979588906
1091,MTA1,46,0.429946670895629,0.0028623252325609,GDSC2_LN_IC50,BMS-536924,"IGF1R, IR",0.21637318372801
1091,MYB,46,0.403479737166266,0.00542738711953588,GDSC2_LN_IC50,BMS-536924,"IGF1R, IR",0.136935046554771
1091,OPTN,46,-0.398456423408749,0.00609386214660638,GDSC2_LN_IC50,BMS-536924,"IGF1R, IR",0.102892263307212
1091,PAX6,46,-0.489148478638012,0.000561362785972174,GDSC2_LN_IC50,BMS-536924,"IGF1R, IR",0.0533294646673565
1091,PBX1,46,0.627970136434049,2.98707737705093e-06,GDSC2_LN_IC50,BMS-536924,"IGF1R, IR",0.000325042957671361
1091,PLAU,46,-0.362299547086338,0.0133492860747912,GDSC2_LN_IC50,BMS-536924,"IGF1R, IR",0.158793336640091
1091,PPARA,46,-0.420965553220071,0.00357671338639964,GDSC2_LN_IC50,BMS-536924,"IGF1R, IR",0.0424734714634957
1091,RARA,46,0.661858578621076,5.48049282565439e-07,GDSC2_LN_IC50,BMS-536924,"IGF1R, IR",0.00015619404553115
1091,RXRA,46,0.5571197403748,5.78368398843632e-05,GDSC2_LN_IC50,BMS-536924,"IGF1R, IR",0.00824174968352176
1091,S100A2,46,-0.416796542653835,0.00395846767858954,GDSC2_LN_IC50,BMS-536924,"IGF1R, IR",0.143859766730702
1091,SNAI2,46,-0.419322721429964,0.00372310393142455,GDSC2_LN_IC50,BMS-536924,"IGF1R, IR",0.0837928403412625
1091,SOX3,46,0.291053503332684,0.0497146955780968,GDSC2_LN_IC50,BMS-536924,"IGF1R, IR",0.194091619722707
1091,TYMS,46,-0.409181937803489,0.00474862465674017,GDSC2_LN_IC50,BMS-536924,"IGF1R, IR",0.162511716220527
1091,VDR,46,0.404758995443358,0.00526816745954975,GDSC2_LN_IC50,BMS-536924,"IGF1R, IR",0.11549444045936
1091,VIM,46,-0.356025669123951,0.0151660926643186,GDSC2_LN_IC50,BMS-536924,"IGF1R, IR",0.216116820466539
1091,XBP1,46,0.52726554034862,0.000166555683418612,GDSC2_LN_IC50,BMS-536924,"IGF1R, IR",0.0158227899247681
1091,YBX1,46,-0.321215050848819,0.0295047552932297,GDSC2_LN_IC50,BMS-536924,"IGF1R, IR",0.238679510551321
1091,ZBTB7A,46,0.379688837921129,0.0092528219516387,GDSC2_LN_IC50,BMS-536924,"IGF1R, IR",0.239732205110639
1093,AXL,46,0.339848412731406,0.020845002403736,GDSC2_LN_IC50,GSK1904529A,"IGF1R, IR",0.220030580928325
1093,FOSB,46,0.390474410282954,0.00729933483600615,GDSC2_LN_IC50,GSK1904529A,"IGF1R, IR",0.230294895830209
1093,HDAC3,46,-0.297576375084426,0.0445930987340212,GDSC2_LN_IC50,GSK1904529A,"IGF1R, IR",0.1765143491555
1093,HRK,46,0.418761991050009,0.00377425935695673,GDSC2_LN_IC50,GSK1904529A,"IGF1R, IR",0.153666273818952
1093,JUN,46,0.42372833053115,0.00334189927834353,GDSC2_LN_IC50,GSK1904529A,"IGF1R, IR",0.130616219191484
1093,OXTR,46,0.39607569104206,0.0064338338403079,GDSC2_LN_IC50,GSK1904529A,"IGF1R, IR",0.139575631941173
1093,SQSTM1,46,0.260458643274331,0.0804267429528834,GDSC2_LN_IC50,GSK1904529A,"IGF1R, IR",0.191013514513098
1093,UGCG,46,0.354362735791114,0.0156814698571234,GDSC2_LN_IC50,GSK1904529A,"IGF1R, IR",0.181219970814528
1096,BCL2L1,44,0.312797588997215,0.0387033828299186,GDSC2_LN_IC50,Tozasertib,"AURKA, AURKB, AURKC, others",0.155358649387701
1096,CACNA1H,44,0.40787825464781,0.00599024637449114,GDSC2_LN_IC50,Tozasertib,"AURKA, AURKB, AURKC, others",0.0654630167855852
1096,CTNNB1,44,-0.487378403203277,0.000792477170011256,GDSC2_LN_IC50,Tozasertib,"AURKA, AURKB, AURKC, others",0.0617023275493736
1096,DNAJB4,44,-0.338833617500369,0.0244566874216779,GDSC2_LN_IC50,Tozasertib,"AURKA, AURKB, AURKC, others",0.236937122391961
1096,DNMT1,44,-0.374123962455993,0.0123560987933862,GDSC2_LN_IC50,Tozasertib,"AURKA, AURKB, AURKC, others",0.247002122440819
1096,E2F3,44,-0.498750365983328,0.000569209256034165,GDSC2_LN_IC50,Tozasertib,"AURKA, AURKB, AURKC, others",0.162224637969737
1096,ESR1,44,0.518802192836901,0.00030858344354297,GDSC2_LN_IC50,Tozasertib,"AURKA, AURKB, AURKC, others",0.00586308542731642
1096,ETS2,44,-0.3063393460998,0.0431310182736029,GDSC2_LN_IC50,Tozasertib,"AURKA, AURKB, AURKC, others",0.240691353094895
1096,FHL1,44,-0.372172170349107,0.0128562216466223,GDSC2_LN_IC50,Tozasertib,"AURKA, AURKB, AURKC, others",0.176110517913848
1096,GADD45G,44,0.341815602176088,0.0231495546160274,GDSC2_LN_IC50,Tozasertib,"AURKA, AURKB, AURKC, others",0.183267307376884
1096,GATA3,44,0.401762330387125,0.00686730467120805,GDSC2_LN_IC50,Tozasertib,"AURKA, AURKB, AURKC, others",0.0515047850340603
1096,GLS,44,-0.371751582834362,0.0129662229967171,GDSC2_LN_IC50,Tozasertib,"AURKA, AURKB, AURKC, others",0.153973898086015
1096,HBEGF,44,-0.31016384464993,0.0404618366557118,GDSC2_LN_IC50,Tozasertib,"AURKA, AURKB, AURKC, others",0.21354858234959
1096,HDAC3,44,-0.457742001195038,0.00178283498623492,GDSC2_LN_IC50,Tozasertib,"AURKA, AURKB, AURKC, others",0.063513496384619
1096,HDAC9,44,-0.382492737492235,0.010395510533453,GDSC2_LN_IC50,Tozasertib,"AURKA, AURKB, AURKC, others",0.102162775932211
1096,IGFBP5,44,0.414935936974557,0.00510047000929238,GDSC2_LN_IC50,Tozasertib,"AURKA, AURKB, AURKC, others",0.0346103322059126
1096,ILF3,44,-0.573775018699561,4.66592855074826e-05,GDSC2_LN_IC50,Tozasertib,"AURKA, AURKB, AURKC, others",0.011375370835056
1096,KLF4,44,0.43015657693191,0.00356385707710788,GDSC2_LN_IC50,Tozasertib,"AURKA, AURKB, AURKC, others",0.0837275420439091
1096,LDHA,44,-0.361569541841843,0.0158848821991887,GDSC2_LN_IC50,Tozasertib,"AURKA, AURKB, AURKC, others",0.174309210877631
1096,LOX,44,-0.461057721780813,0.00163401567392475,GDSC2_LN_IC50,Tozasertib,"AURKA, AURKB, AURKC, others",0.0776157445114256
1096,MAP2,44,-0.427881482155693,0.0037639386325073,GDSC2_LN_IC50,Tozasertib,"AURKA, AURKB, AURKC, others",0.161513743124251
1096,MEF2A,44,-0.487430113461273,0.00079130595430696,GDSC2_LN_IC50,Tozasertib,"AURKA, AURKB, AURKC, others",0.0878041433182232
1096,MEF2C,44,-0.386583289434956,0.00953854442409021,GDSC2_LN_IC50,Tozasertib,"AURKA, AURKB, AURKC, others",0.0876293209753296
1096,NR4A1,44,0.362723514978671,0.0155283688085686,GDSC2_LN_IC50,Tozasertib,"AURKA, AURKB, AURKC, others",0.159256736894433
1096,PBX1,44,0.397504414789668,0.00754166299448596,GDSC2_LN_IC50,Tozasertib,"AURKA, AURKB, AURKC, others",0.0741163432216723
1096,PPARA,44,-0.446677458523579,0.0023700029025743,GDSC2_LN_IC50,Tozasertib,"AURKA, AURKB, AURKC, others",0.0307023103288034
1096,RARA,44,0.343017249990453,0.0226396063322694,GDSC2_LN_IC50,Tozasertib,"AURKA, AURKB, AURKC, others",0.131679342952995
1096,RXRA,44,0.363088374826904,0.0154170687902205,GDSC2_LN_IC50,Tozasertib,"AURKA, AURKB, AURKC, others",0.158325005016146
1096,SMAD4,44,-0.450314662152031,0.00216051018677067,GDSC2_LN_IC50,Tozasertib,"AURKA, AURKB, AURKC, others",0.205248467743213
1096,SNAI2,44,-0.346954203360582,0.0210342865545033,GDSC2_LN_IC50,Tozasertib,"AURKA, AURKB, AURKC, others",0.193379731226885
1096,SQSTM1,44,0.31460938785601,0.0375304286899432,GDSC2_LN_IC50,Tozasertib,"AURKA, AURKB, AURKC, others",0.140619996584001
1096,TYMS,44,-0.341581851947827,0.0232498604378749,GDSC2_LN_IC50,Tozasertib,"AURKA, AURKB, AURKC, others",0.245415193510902
1096,XBP1,44,0.336818920611164,0.0253742503195502,GDSC2_LN_IC50,Tozasertib,"AURKA, AURKB, AURKC, others",0.164355939569814
1096,YBX1,44,-0.496564632509609,0.00060713014776348,GDSC2_LN_IC50,Tozasertib,"AURKA, AURKB, AURKC, others",0.0413869677688111
1129,AXL,44,0.365057793360968,0.0148279126981156,GDSC2_LN_IC50,PF-4708671,S6K1,0.220030580928325
1129,BCL2L1,44,0.340481193403042,0.0237270698238191,GDSC2_LN_IC50,PF-4708671,S6K1,0.129548387785672
1129,BDNF,44,0.362033347975785,0.015740767146934,GDSC2_LN_IC50,PF-4708671,S6K1,0.184428826611315
1129,DKK3,44,0.361921004347387,0.0157755727573349,GDSC2_LN_IC50,PF-4708671,S6K1,0.172924547532325
1129,FOXF2,44,0.407165003117383,0.00608724755853097,GDSC2_LN_IC50,PF-4708671,S6K1,0.108429097136333
1129,GJA1,44,0.362360321901215,0.0156398362467826,GDSC2_LN_IC50,PF-4708671,S6K1,0.200462985262574
1129,ITGA5,44,0.332115623465894,0.0276284761551856,GDSC2_LN_IC50,PF-4708671,S6K1,0.228891970245894
1129,MAFB,44,-0.421870072491582,0.00434065816718336,GDSC2_LN_IC50,PF-4708671,S6K1,0.247417515529452
1129,NGF,44,0.346647333835914,0.0211558811752033,GDSC2_LN_IC50,PF-4708671,S6K1,0.237383499464622
1129,OXTR,44,0.366033718129977,0.0145431183620735,GDSC2_LN_IC50,PF-4708671,S6K1,0.185771084564895
1129,PLAU,44,0.333917181837896,0.0267461055588447,GDSC2_LN_IC50,PF-4708671,S6K1,0.206017299574885
1129,SQSTM1,44,0.253038106141766,0.0974713879583129,GDSC2_LN_IC50,PF-4708671,S6K1,0.209616431162986
1129,UGCG,44,0.399373273621994,0.00723894364340904,GDSC2_LN_IC50,PF-4708671,S6K1,0.125323894263247
1131,KLF4,41,0.343717706410034,0.0277836338399742,GDSC2_LN_IC50,PRIMA-1MET,TP53 activation,0.133024231461574
1133,BCL2L1,46,0.300301123358714,0.0425850192586772,GDSC2_LN_IC50,Serdemetan,MDM2,0.163079459348731
1133,BDNF,46,0.386761561547254,0.00792708391371628,GDSC2_LN_IC50,Serdemetan,MDM2,0.124365477499685
1133,CXCL12,46,0.464747919707352,0.00113811368540356,GDSC2_LN_IC50,Serdemetan,MDM2,0.148120448530039
1133,EGR3,46,0.364627494741795,0.0127241139280245,GDSC2_LN_IC50,Serdemetan,MDM2,0.212244992712331
1133,ESR1,46,0.330035580041278,0.0250920567344234,GDSC2_LN_IC50,Serdemetan,MDM2,0.0715258864962352
1133,GJA1,46,0.454144903213693,0.00152292112475146,GDSC2_LN_IC50,Serdemetan,MDM2,0.0802899854029677
1133,IGFBP5,46,0.329277011647664,0.0254484842201843,GDSC2_LN_IC50,Serdemetan,MDM2,0.0941924415941888
1133,OXTR,46,0.404203141000958,0.00533684310134356,GDSC2_LN_IC50,Serdemetan,MDM2,0.139575631941173
1133,PEG3,46,0.422126077041681,0.00347636994223901,GDSC2_LN_IC50,Serdemetan,MDM2,0.198153086707624
1133,RARA,46,0.272291151074712,0.0671443267250623,GDSC2_LN_IC50,Serdemetan,MDM2,0.233367477032229
1133,SOX3,46,0.456425563134746,0.00143155831843016,GDSC2_LN_IC50,Serdemetan,MDM2,0.0435924405382311
1133,SPI1,46,0.402100042342046,0.00560379137739001,GDSC2_LN_IC50,Serdemetan,MDM2,0.224107901361469
1133,SQSTM1,46,0.326414268347029,0.0268319133793635,GDSC2_LN_IC50,Serdemetan,MDM2,0.127154893725333
1133,UGCG,46,0.358122230934688,0.0145369045283334,GDSC2_LN_IC50,Serdemetan,MDM2,0.180131208285871
1149,ZBTB16,19,-0.700720051601948,0.000832736542127587,GDSC2_LN_IC50,TW 37,"BCL2, BCL-XL, MCL1",0.237329914506362
1168,GATA3,46,0.240667515315494,0.107147990959507,GDSC2_LN_IC50,Erlotinib,EGFR,0.242358550979837
1168,GJA1,46,0.329178856020664,0.0254949119285807,GDSC2_LN_IC50,Erlotinib,EGFR,0.203845530561228
1168,IGFBP5,46,0.27064772875308,0.0688772556648859,GDSC2_LN_IC50,Erlotinib,EGFR,0.182750686065129
1168,PERP,46,-0.477793113760381,0.000785071342319028,GDSC2_LN_IC50,Erlotinib,EGFR,0.223745332560923
1168,SOX3,46,0.278164793635881,0.0612321758957238,GDSC2_LN_IC50,Erlotinib,EGFR,0.227301791838597
1168,SPI1,46,0.399461354517579,0.00595511212319116,GDSC2_LN_IC50,Erlotinib,EGFR,0.224107901361469
1168,SREBF1,46,-0.421898554277161,0.00349584528197447,GDSC2_LN_IC50,Erlotinib,EGFR,0.245560433754688
1175,CACNA1H,46,0.326567642270231,0.0267562383033894,GDSC2_LN_IC50,Rucaparib,"PARP1, PARP2",0.119080254616112
1175,HDAC9,46,-0.293328206081281,0.0478771635253311,GDSC2_LN_IC50,Rucaparib,"PARP1, PARP2",0.197753501517672
1175,NR4A1,46,0.282749686214292,0.0569127551543361,GDSC2_LN_IC50,Rucaparib,"PARP1, PARP2",0.236017882684214
1175,PBX1,46,0.273445529873052,0.0659479247629784,GDSC2_LN_IC50,Rucaparib,"PARP1, PARP2",0.229209250700596
1175,SOX3,46,0.307709682017784,0.0374956446687768,GDSC2_LN_IC50,Rucaparib,"PARP1, PARP2",0.175812287082679
1175,TLR4,46,-0.300848326280356,0.0421907821912804,GDSC2_LN_IC50,Rucaparib,"PARP1, PARP2",0.200406215408582
1177,BCL2L1,41,0.336630324421322,0.0313913881047202,GDSC2_LN_IC50,Niraparib,"PARP1, PARP2",0.1422797564727
1177,ESR1,41,0.360714555918063,0.0205101854285725,GDSC2_LN_IC50,Niraparib,"PARP1, PARP2",0.0615305562857176
1177,FOSB,41,0.395580568919364,0.0104675155433434,GDSC2_LN_IC50,Niraparib,"PARP1, PARP2",0.230294895830209
1177,HRK,41,0.417969665737733,0.00654267019563977,GDSC2_LN_IC50,Niraparib,"PARP1, PARP2",0.16951463688703
1177,ILF3,41,-0.375407339233586,0.0155786327001074,GDSC2_LN_IC50,Niraparib,"PARP1, PARP2",0.143222913533246
1177,KLF4,41,0.334793836922971,0.0323867152100002,GDSC2_LN_IC50,Niraparib,"PARP1, PARP2",0.142003289766924
1177,SQSTM1,41,0.276504474098493,0.0801115805879783,GDSC2_LN_IC50,Niraparib,"PARP1, PARP2",0.191013514513098
1177,TLR4,41,-0.346112540050623,0.0266451138592662,GDSC2_LN_IC50,Niraparib,"PARP1, PARP2",0.178473910783649
1177,UGCG,41,0.458516433384425,0.0025701625402895,GDSC2_LN_IC50,Niraparib,"PARP1, PARP2",0.0915620404978133
1179,ACTA2,46,-0.427963308562148,0.00300823930227798,GDSC2_LN_IC50,MK-1775,"WEE1, PLK1",0.190985559112494
1179,ADA,46,-0.500040935218033,0.000402443018858964,GDSC2_LN_IC50,MK-1775,"WEE1, PLK1",0.114696260374805
1179,ADAMTS5,46,-0.436941679257814,0.00239624742797029,GDSC2_LN_IC50,MK-1775,"WEE1, PLK1",0.214659872294152
1179,AR,46,0.49711347733076,0.00044057969164322,GDSC2_LN_IC50,MK-1775,"WEE1, PLK1",0.0313913030295794
1179,BDNF,46,-0.348765616707871,0.0175267689144843,GDSC2_LN_IC50,MK-1775,"WEE1, PLK1",0.184428826611315
1179,CACNA1H,46,0.46670946505764,0.00107730588669056,GDSC2_LN_IC50,MK-1775,"WEE1, PLK1",0.0328687329887136
1179,CAV1,46,-0.484860564942319,0.000638027739939849,GDSC2_LN_IC50,MK-1775,"WEE1, PLK1",0.0400030212702588
1179,CD44,46,-0.422501178511063,0.00344447027418699,GDSC2_LN_IC50,MK-1775,"WEE1, PLK1",0.140239146877613
1179,CEBPA,46,0.394058750154641,0.00673462352735839,GDSC2_LN_IC50,MK-1775,"WEE1, PLK1",0.111973658466263
1179,CTNNB1,46,-0.53879948614099,0.000111995895852292,GDSC2_LN_IC50,MK-1775,"WEE1, PLK1",0.0319188303179032
1179,DACT1,46,-0.493722419208177,0.000488802832565173,GDSC2_LN_IC50,MK-1775,"WEE1, PLK1",0.139308807281074
1179,DCBLD2,46,-0.527987445548087,0.000162537367183439,GDSC2_LN_IC50,MK-1775,"WEE1, PLK1",0.0344051819748664
1179,DKK3,46,-0.463584787696234,0.00117559972760068,GDSC2_LN_IC50,MK-1775,"WEE1, PLK1",0.0671731038466243
1179,DNAJB4,46,-0.516582159697886,0.000237556241747732,GDSC2_LN_IC50,MK-1775,"WEE1, PLK1",0.019351637344531
1179,DNMT1,46,-0.419030481757889,0.00374968853906568,GDSC2_LN_IC50,MK-1775,"WEE1, PLK1",0.237045621266884
1179,E2F3,46,-0.435665841719539,0.00247588671910256,GDSC2_LN_IC50,MK-1775,"WEE1, PLK1",0.176406928736057
1179,EGR3,46,0.36209682387025,0.0134049469081472,GDSC2_LN_IC50,MK-1775,"WEE1, PLK1",0.212244992712331
1179,EPHA2,46,-0.475536234398647,0.0008380452421666,GDSC2_LN_IC50,MK-1775,"WEE1, PLK1",0.0341204134310687
1179,ESR1,46,0.651118802276958,9.59590725613394e-07,GDSC2_LN_IC50,MK-1775,"WEE1, PLK1",0.000273483356799817
1179,ETS1,46,-0.541182883514731,0.000102991348295499,GDSC2_LN_IC50,MK-1775,"WEE1, PLK1",0.0198441803432382
1179,ETS2,46,-0.456249787450871,0.00143842229644835,GDSC2_LN_IC50,MK-1775,"WEE1, PLK1",0.0455500393875311
1179,ETV1,46,-0.4591539131233,0.00132868969956775,GDSC2_LN_IC50,MK-1775,"WEE1, PLK1",0.0502795913994947
1179,FAS,46,-0.423274495495511,0.00337951571655363,GDSC2_LN_IC50,MK-1775,"WEE1, PLK1",0.143318227576338
1179,FBN1,46,-0.517110803150717,0.000233483113346198,GDSC2_LN_IC50,MK-1775,"WEE1, PLK1",0.0221808957678888
1179,FHL1,46,-0.581231528626534,2.27932457877637e-05,GDSC2_LN_IC50,MK-1775,"WEE1, PLK1",0.00498968366333306
1179,FOSL1,46,-0.495513653055901,0.000462768945403576,GDSC2_LN_IC50,MK-1775,"WEE1, PLK1",0.0329722873600048
1179,FOXC2,46,-0.433230508294363,0.00263441483168244,GDSC2_LN_IC50,MK-1775,"WEE1, PLK1",0.179868396713023
1179,FOXF2,46,-0.52260767311211,0.000194725244949179,GDSC2_LN_IC50,MK-1775,"WEE1, PLK1",0.0367971144668457
1179,GADD45G,46,0.516786579251821,0.000235973649122468,GDSC2_LN_IC50,MK-1775,"WEE1, PLK1",0.014744787375269
1179,GATA3,46,0.63535981006163,2.10004161808678e-06,GDSC2_LN_IC50,MK-1775,"WEE1, PLK1",0.000337383830176482
1179,GJB1,46,0.487404658782188,0.000591481298028907,GDSC2_LN_IC50,MK-1775,"WEE1, PLK1",0.070565577506733
1179,GLS,46,-0.584346023433914,2.01007007622574e-05,GDSC2_LN_IC50,MK-1775,"WEE1, PLK1",0.00572869971724335
1179,GRHL1,46,0.452929305818338,0.00157370488476613,GDSC2_LN_IC50,MK-1775,"WEE1, PLK1",0.0897011784316693
1179,HBEGF,46,-0.518575895321781,0.00022252308170983,GDSC2_LN_IC50,MK-1775,"WEE1, PLK1",0.0317095391436507
1179,HDAC3,46,-0.368482076050407,0.0117439416219555,GDSC2_LN_IC50,MK-1775,"WEE1, PLK1",0.101424950371434
1179,HDAC9,46,-0.541979259210251,0.000100132870661579,GDSC2_LN_IC50,MK-1775,"WEE1, PLK1",0.0110880034464395
1179,HEY1,46,-0.418874239303717,0.0037639698780337,GDSC2_LN_IC50,MK-1775,"WEE1, PLK1",0.153247345034229
1179,HRH1,46,-0.365054603857274,0.0126121719022679,GDSC2_LN_IC50,MK-1775,"WEE1, PLK1",0.239631266143091
1179,IGFBP5,46,0.60637878697453,7.95046318516942e-06,GDSC2_LN_IC50,MK-1775,"WEE1, PLK1",0.00113294100388664
1179,ILF3,46,-0.54831945729263,7.98271637547786e-05,GDSC2_LN_IC50,MK-1775,"WEE1, PLK1",0.011375370835056
1179,ITGA5,46,-0.327486404303664,0.0263066344440281,GDSC2_LN_IC50,MK-1775,"WEE1, PLK1",0.228891970245894
1179,ITGB1,46,-0.436196377959938,0.00244249051508943,GDSC2_LN_IC50,MK-1775,"WEE1, PLK1",0.0522860847699644
1179,KLF4,46,0.303180667997667,0.0405437139516149,GDSC2_LN_IC50,MK-1775,"WEE1, PLK1",0.156445454028839
1179,KLF8,46,0.437134860165909,0.00238438824220262,GDSC2_LN_IC50,MK-1775,"WEE1, PLK1",0.176523075885198
1179,LDHA,46,-0.491258637780354,0.000526764350622055,GDSC2_LN_IC50,MK-1775,"WEE1, PLK1",0.0750639199636428
1179,LOX,46,-0.566291862601311,4.09340010810117e-05,GDSC2_LN_IC50,MK-1775,"WEE1, PLK1",0.0116661903080883
1179,MAP2,46,-0.421395487890505,0.00353924690788431,GDSC2_LN_IC50,MK-1775,"WEE1, PLK1",0.161513743124251
1179,MAPK7,46,-0.460083077227114,0.00129519037499778,GDSC2_LN_IC50,MK-1775,"WEE1, PLK1",0.170556924752225
1179,MEF2A,46,-0.417417047790312,0.00389947880899241,GDSC2_LN_IC50,MK-1775,"WEE1, PLK1",0.153497748968853
1179,MEF2C,46,-0.530356816969624,0.000149959480172815,GDSC2_LN_IC50,MK-1775,"WEE1, PLK1",0.0142461506164174
1179,MET,46,-0.386483143640924,0.00797598354658993,GDSC2_LN_IC50,MK-1775,"WEE1, PLK1",0.206650482798012
1179,MMP14,46,-0.496018098054218,0.000455666156922688,GDSC2_LN_IC50,MK-1775,"WEE1, PLK1",0.0324662136807415
1179,MYB,46,0.418549678438817,0.00379378893368208,GDSC2_LN_IC50,MK-1775,"WEE1, PLK1",0.120136649566599
1179,NGF,46,-0.389668827385409,0.0074317535167429,GDSC2_LN_IC50,MK-1775,"WEE1, PLK1",0.162926904020902
1179,NR4A1,46,0.389807900738165,0.00740874574899659,GDSC2_LN_IC50,MK-1775,"WEE1, PLK1",0.125413477231177
1179,OPTN,46,-0.392117479857597,0.0070355741400237,GDSC2_LN_IC50,MK-1775,"WEE1, PLK1",0.102892263307212
1179,PAX6,46,-0.520405120313742,0.000209494012699953,GDSC2_LN_IC50,MK-1775,"WEE1, PLK1",0.0312369532579275
1179,PBX1,46,0.537949403002576,0.000115377028307199,GDSC2_LN_IC50,MK-1775,"WEE1, PLK1",0.00365360589639463
1179,PLAU,46,-0.399801461635575,0.00590878023907467,GDSC2_LN_IC50,MK-1775,"WEE1, PLK1",0.141951921332149
1179,POU5F1,46,-0.415592284891789,0.00407518677343037,GDSC2_LN_IC50,MK-1775,"WEE1, PLK1",0.20237131037917
1179,PPARA,46,-0.614410759677158,5.57090252549863e-06,GDSC2_LN_IC50,MK-1775,"WEE1, PLK1",0.00052923573992237
1179,RARA,46,0.508873945056731,0.000304721191562656,GDSC2_LN_IC50,MK-1775,"WEE1, PLK1",0.0289485131984523
1179,RXRA,46,0.45447826970843,0.00150925113744973,GDSC2_LN_IC50,MK-1775,"WEE1, PLK1",0.0503313097430529
1179,S100A2,46,-0.521294243175929,0.000203414177940993,GDSC2_LN_IC50,MK-1775,"WEE1, PLK1",0.0289865203565915
1179,SMAD4,46,-0.450799288108582,0.00166632788047717,GDSC2_LN_IC50,MK-1775,"WEE1, PLK1",0.205248467743213
1179,SNAI2,46,-0.561789740728378,4.85651093208777e-05,GDSC2_LN_IC50,MK-1775,"WEE1, PLK1",0.00692052807822507
1179,SOX3,46,0.308635025278068,0.0368966476389266,GDSC2_LN_IC50,MK-1775,"WEE1, PLK1",0.175812287082679
1179,TCF4,46,-0.525384529687836,0.000177453016276765,GDSC2_LN_IC50,MK-1775,"WEE1, PLK1",0.0280312885194062
1179,TGFB2,46,-0.368738260207561,0.0116811537351348,GDSC2_LN_IC50,MK-1775,"WEE1, PLK1",0.243720314995612
1179,TGFBI,46,-0.390928240412673,0.00722563956111906,GDSC2_LN_IC50,MK-1775,"WEE1, PLK1",0.198160166184059
1179,TGFBR2,46,-0.385274654511504,0.00819126912912469,GDSC2_LN_IC50,MK-1775,"WEE1, PLK1",0.230625994989546
1179,TMEM158,46,-0.514749914681876,0.000252176221382923,GDSC2_LN_IC50,MK-1775,"WEE1, PLK1",0.0718702230941331
1179,TYMS,46,-0.491544296888094,0.000522231085574859,GDSC2_LN_IC50,MK-1775,"WEE1, PLK1",0.137636120730055
1179,VDR,46,0.386469531089302,0.00797838104284961,GDSC2_LN_IC50,MK-1775,"WEE1, PLK1",0.129899999732497
1179,VIM,46,-0.472684710915954,0.00090954031193867,GDSC2_LN_IC50,MK-1775,"WEE1, PLK1",0.114519910590482
1179,XBP1,46,0.596413161608382,1.21977278990764e-05,GDSC2_LN_IC50,MK-1775,"WEE1, PLK1",0.00347635245123679
1179,YBX1,46,-0.56223084285957,4.77637160490801e-05,GDSC2_LN_IC50,MK-1775,"WEE1, PLK1",0.0136126590739878
1179,ZBTB7A,46,0.392355090264053,0.00699812284423233,GDSC2_LN_IC50,MK-1775,"WEE1, PLK1",0.214653194801424
1180,BCL2L1,41,0.35445759828142,0.0229759353111982,GDSC2_LN_IC50,Dinaciclib,"CDK1, CDK2, CDK5, CDK9",0.129548387785672
1180,ESR1,41,0.451305327959292,0.00306013282834992,GDSC2_LN_IC50,Dinaciclib,"CDK1, CDK2, CDK5, CDK9",0.022789426497184
1180,GATA3,41,0.29058642330665,0.0653120882356529,GDSC2_LN_IC50,Dinaciclib,"CDK1, CDK2, CDK5, CDK9",0.178980241799626
1180,IGFBP5,41,0.252573505174749,0.111115821355195,GDSC2_LN_IC50,Dinaciclib,"CDK1, CDK2, CDK5, CDK9",0.23846754443213
1180,MEF2C,41,-0.32430491225765,0.0385812375798939,GDSC2_LN_IC50,Dinaciclib,"CDK1, CDK2, CDK5, CDK9",0.164733312237045
1180,NR4A1,41,0.313194721281784,0.0461645611498648,GDSC2_LN_IC50,Dinaciclib,"CDK1, CDK2, CDK5, CDK9",0.219281665461858
1180,PBX1,41,0.302499374396987,0.0545620805871856,GDSC2_LN_IC50,Dinaciclib,"CDK1, CDK2, CDK5, CDK9",0.210137742801999
1180,SOX3,41,0.409094443874654,0.00791177723036493,GDSC2_LN_IC50,Dinaciclib,"CDK1, CDK2, CDK5, CDK9",0.0867252504097694
1180,TLR4,41,-0.354226417109957,0.0230715803935816,GDSC2_LN_IC50,Dinaciclib,"CDK1, CDK2, CDK5, CDK9",0.167142589718225
1190,AR,46,0.393800328563758,0.00677403030501775,GDSC2_LN_IC50,Gemcitabine,Pyrimidine antimetabolite,0.096529931846503
1190,EPHA2,46,-0.331197281925768,0.02455430137216,GDSC2_LN_IC50,Gemcitabine,Pyrimidine antimetabolite,0.189447269616585
1190,ESR1,46,0.444673826303568,0.00196023654879952,GDSC2_LN_IC50,Gemcitabine,Pyrimidine antimetabolite,0.0174583567627457
1190,ETS2,46,-0.354193106940285,0.0157348673652584,GDSC2_LN_IC50,Gemcitabine,Pyrimidine antimetabolite,0.129232126655541
1190,GATA3,46,0.349426629785257,0.0172996958585148,GDSC2_LN_IC50,Gemcitabine,Pyrimidine antimetabolite,0.0986082663935343
1190,GRHL1,46,0.362813926554441,0.0132089392552823,GDSC2_LN_IC50,Gemcitabine,Pyrimidine antimetabolite,0.182583159361501
1190,HDAC9,46,-0.368705969484778,0.0116890519665856,GDSC2_LN_IC50,Gemcitabine,Pyrimidine antimetabolite,0.107463864854093
1190,IGFBP5,46,0.397195296153117,0.00627195476343464,GDSC2_LN_IC50,Gemcitabine,Pyrimidine antimetabolite,0.0402699794546871
1190,KLF4,46,0.288968141114972,0.0514490462463762,GDSC2_LN_IC50,Gemcitabine,Pyrimidine antimetabolite,0.185607318736927
1190,LAPTM4B,46,0.450799854779277,0.00166630260881592,GDSC2_LN_IC50,Gemcitabine,Pyrimidine antimetabolite,0.237448121756269
1190,PPARA,46,-0.32348706844082,0.0283107429884927,GDSC2_LN_IC50,Gemcitabine,Pyrimidine antimetabolite,0.12140296352707
1190,RARA,46,0.342513605825559,0.0198020190108346,GDSC2_LN_IC50,Gemcitabine,Pyrimidine antimetabolite,0.120702280418983
1190,RXRA,46,0.314436589125209,0.0333179148953659,GDSC2_LN_IC50,Gemcitabine,Pyrimidine antimetabolite,0.226085851075697
1190,TCF4,46,-0.500973333598832,0.000390936978799642,GDSC2_LN_IC50,Gemcitabine,Pyrimidine antimetabolite,0.037139012985966
1190,VDR,46,0.449586113958201,0.00172121817669641,GDSC2_LN_IC50,Gemcitabine,Pyrimidine antimetabolite,0.0700781686226397
1190,XBP1,46,0.355650459605479,0.0152811022280279,GDSC2_LN_IC50,Gemcitabine,Pyrimidine antimetabolite,0.117705787432107
1191,AR,46,0.355328068144247,0.0153805131259044,GDSC2_LN_IC50,Bortezomib,Proteasome,0.128411613323072
1191,BDNF,46,-0.416247373630813,0.00401132577258136,GDSC2_LN_IC50,Bortezomib,Proteasome,0.0879406034758222
1191,CACNA1H,46,0.440192904410365,0.0022034431757706,GDSC2_LN_IC50,Bortezomib,Proteasome,0.0418654203396414
1191,CEBPA,46,0.386820567081236,0.00791675388589216,GDSC2_LN_IC50,Bortezomib,Proteasome,0.116350988598203
1191,DNAJB4,46,-0.397244949897975,0.00626485823125615,GDSC2_LN_IC50,Bortezomib,Proteasome,0.127534613993429
1191,EPHA2,46,-0.364938079669739,0.0126426282051956,GDSC2_LN_IC50,Bortezomib,Proteasome,0.141580595154533
1191,ESR1,46,0.357673731655876,0.0146696000821354,GDSC2_LN_IC50,Bortezomib,Proteasome,0.0497718574215309
1191,ETS1,46,-0.367224757217747,0.0120563021901492,GDSC2_LN_IC50,Bortezomib,Proteasome,0.164715365896883
1191,ETS2,46,-0.360448985192736,0.0138647765239088,GDSC2_LN_IC50,Bortezomib,Proteasome,0.129232126655541
1191,FOSL1,46,-0.423759107381905,0.00333936169348909,GDSC2_LN_IC50,Bortezomib,Proteasome,0.0732090832803378
1191,FST,46,-0.466361837095291,0.00108786611895759,GDSC2_LN_IC50,Bortezomib,Proteasome,0.103347281300971
1191,GADD45G,46,0.329464194435359,0.0253601422938897,GDSC2_LN_IC50,Bortezomib,Proteasome,0.18532411676304
1191,GATA3,46,0.30045464863295,0.0424741083791873,GDSC2_LN_IC50,Bortezomib,Proteasome,0.146688249623539
1191,HBEGF,46,-0.434170756657544,0.00257217848679461,GDSC2_LN_IC50,Bortezomib,Proteasome,0.0711315258367033
1191,HDAC3,46,-0.31626098547411,0.0322536632201108,GDSC2_LN_IC50,Bortezomib,Proteasome,0.152636052920123
1191,HDAC9,46,-0.413502580065304,0.00428489093819226,GDSC2_LN_IC50,Bortezomib,Proteasome,0.0555088144265815
1191,IGFBP5,46,0.271250910675864,0.0682371480437957,GDSC2_LN_IC50,Bortezomib,Proteasome,0.182750686065129
1191,ITGB1,46,-0.319455147644403,0.0304581141862672,GDSC2_LN_IC50,Bortezomib,Proteasome,0.246578819894493
1191,KLF4,46,0.263528912324937,0.0767971959340414,GDSC2_LN_IC50,Bortezomib,Proteasome,0.202659267048165
1191,LDHA,46,-0.309685353464412,0.0362262999404826,GDSC2_LN_IC50,Bortezomib,Proteasome,0.226332939420958
1191,LOX,46,-0.393097097146311,0.00688228057134402,GDSC2_LN_IC50,Bortezomib,Proteasome,0.140103568773789
1191,MEF2A,46,-0.472122857688363,0.000924254140191823,GDSC2_LN_IC50,Bortezomib,Proteasome,0.0878041433182232
1191,MEF2C,46,-0.423555906482788,0.00335614719727592,GDSC2_LN_IC50,Bortezomib,Proteasome,0.0649308206344119
1191,MET,46,-0.37146592481745,0.0110302600737612,GDSC2_LN_IC50,Bortezomib,Proteasome,0.213600035176575
1191,MTA1,46,0.429702556391217,0.0028799413008688,GDSC2_LN_IC50,Bortezomib,Proteasome,0.21637318372801
1191,NR4A1,46,0.428474524493965,0.00297001661656408,GDSC2_LN_IC50,Bortezomib,Proteasome,0.116885217688795
1191,OPTN,46,-0.503706806899579,0.00035889434351938,GDSC2_LN_IC50,Bortezomib,Proteasome,0.0255712219757558
1191,PBX1,46,0.33700379267165,0.0220088074477323,GDSC2_LN_IC50,Bortezomib,Proteasome,0.122990394560857
1191,PPARA,46,-0.493590652612056,0.000490768995737748,GDSC2_LN_IC50,Bortezomib,Proteasome,0.0174836454731573
1191,RUNX2,46,-0.452104808026543,0.00160900068944059,GDSC2_LN_IC50,Bortezomib,Proteasome,0.169226142949912
1191,S100A2,46,-0.383954408204035,0.00843218299436463,GDSC2_LN_IC50,Bortezomib,Proteasome,0.190947031920401
1191,SNAI2,46,-0.407430449161379,0.00494875010287978,GDSC2_LN_IC50,Bortezomib,Proteasome,0.100742412808624
1191,TGFB2,46,-0.427437808350724,0.00304798072861749,GDSC2_LN_IC50,Bortezomib,Proteasome,0.225026532142044
1191,XBP1,46,0.431127655868294,0.0027784354420362,GDSC2_LN_IC50,Bortezomib,Proteasome,0.0481463827371769
1191,YBX1,46,-0.418672378044445,0.0037824916288938,GDSC2_LN_IC50,Bortezomib,Proteasome,0.0770007224453382
1192,BCL2L1,44,0.323925312336812,0.0319505418043959,GDSC2_LN_IC50,GSK269962A,"ROCK1, ROCK2",0.1422797564727
1192,ESR1,44,0.315174689727845,0.0371704777540059,GDSC2_LN_IC50,GSK269962A,"ROCK1, ROCK2",0.098268465544417
1192,HDAC3,44,-0.278086773344888,0.0675864874717809,GDSC2_LN_IC50,GSK269962A,"ROCK1, ROCK2",0.211671966257775
1192,ILF3,44,-0.318110336389517,0.0353464867642472,GDSC2_LN_IC50,GSK269962A,"ROCK1, ROCK2",0.223861082840232
1192,SQSTM1,44,0.336589673371203,0.0254804528110818,GDSC2_LN_IC50,GSK269962A,"ROCK1, ROCK2",0.127154893725333
1192,UGCG,44,0.332021961823995,0.0276750036254167,GDSC2_LN_IC50,GSK269962A,"ROCK1, ROCK2",0.231417230730372
1199,BCL2L1,46,0.250381249057145,0.0932915724517628,GDSC2_LN_IC50,Tamoxifen,ESR1,0.243054874394255
1199,CACNA1H,46,0.341025766967049,0.0203787005578107,GDSC2_LN_IC50,Tamoxifen,ESR1,0.11669623132807
1199,HDAC3,46,-0.373752094365446,0.0105089211144006,GDSC2_LN_IC50,Tamoxifen,ESR1,0.101424950371434
1199,KLF4,46,0.363972064495919,0.012897547443219,GDSC2_LN_IC50,Tamoxifen,ESR1,0.0896201398398268
1199,MEF2C,46,-0.2484646041841,0.09590942800636,GDSC2_LN_IC50,Tamoxifen,ESR1,0.244055240909041
1199,SQSTM1,46,0.278839719114263,0.0605803648177454,GDSC2_LN_IC50,Tamoxifen,ESR1,0.161358915636051
1200,AR,46,-0.285979194225931,0.0540198045931044,GDSC2_LN_IC50,Fulvestrant,ESR,0.244375306492615
1200,BCL2L1,46,0.317502429443351,0.0315456735109254,GDSC2_LN_IC50,Fulvestrant,ESR,0.1422797564727
1200,ETV4,46,0.43062955199856,0.00281354962644136,GDSC2_LN_IC50,Fulvestrant,ESR,0.160372328707158
1200,FOXF2,46,0.414590943234794,0.00417452320843202,GDSC2_LN_IC50,Fulvestrant,ESR,0.10495094478198
1200,HDAC3,46,-0.277334713828935,0.0620415024756384,GDSC2_LN_IC50,Fulvestrant,ESR,0.196464757839522
1200,HRK,46,0.387009842413963,0.00788369617362894,GDSC2_LN_IC50,Fulvestrant,ESR,0.187237784123687
1200,ITGA5,46,0.342402222167266,0.0198447093376208,GDSC2_LN_IC50,Fulvestrant,ESR,0.228891970245894
1200,ITGB1,46,0.449818179654893,0.00171059586453187,GDSC2_LN_IC50,Fulvestrant,ESR,0.0522860847699644
1200,KLF4,46,0.298881080033154,0.0436221455538517,GDSC2_LN_IC50,Fulvestrant,ESR,0.161458590686334
1200,OPTN,46,0.331718112058882,0.024316355801831,GDSC2_LN_IC50,Fulvestrant,ESR,0.247505764411494
1200,PLAU,46,0.328679200125796,0.025732347579651,GDSC2_LN_IC50,Fulvestrant,ESR,0.203714418338904
1200,S100A2,46,0.372489517632468,0.0107941602997678,GDSC2_LN_IC50,Fulvestrant,ESR,0.205089045695588
1200,SNAI2,46,0.316796919599276,0.0319464269066546,GDSC2_LN_IC50,Fulvestrant,ESR,0.227618291709914
1200,SQSTM1,46,0.405705183734971,0.005153037189429,GDSC2_LN_IC50,Fulvestrant,ESR,0.0695515789209326
1200,XBP1,46,-0.310746304866842,0.0355593780218328,GDSC2_LN_IC50,Fulvestrant,ESR,0.194892744927353
1237,CACNA1H,46,0.321528295902876,0.0293376923804207,GDSC2_LN_IC50,EPZ004777,DOT1L,0.119080254616112
1237,EGR3,46,0.38674073783363,0.00793073227667441,GDSC2_LN_IC50,EPZ004777,DOT1L,0.212244992712331
1237,ESR1,46,0.295728222276201,0.045998533808085,GDSC2_LN_IC50,EPZ004777,DOT1L,0.116014001197383
1237,GATA3,46,0.301912871396791,0.0414323612581754,GDSC2_LN_IC50,EPZ004777,DOT1L,0.146688249623539
1237,GJA1,46,0.340533972695305,0.0205724007956921,GDSC2_LN_IC50,EPZ004777,DOT1L,0.203845530561228
1237,IGFBP5,46,0.2379552685382,0.111284854068328,GDSC2_LN_IC50,EPZ004777,DOT1L,0.23846754443213
1237,ILF3,46,-0.329016342892384,0.0255719363021305,GDSC2_LN_IC50,EPZ004777,DOT1L,0.183504252654283
1237,SOX3,46,0.331107647313519,0.0245954474426757,GDSC2_LN_IC50,EPZ004777,DOT1L,0.151342290938273
1237,SQSTM1,46,0.34972099196106,0.0171993800748532,GDSC2_LN_IC50,EPZ004777,DOT1L,0.101793568957267
1239,CTNNB1,46,-0.3020079813948,0.041365147276644,GDSC2_LN_IC50,YK-4-279,RNA helicase A,0.245680009150375
1239,ESR1,46,0.377441018354143,0.00971230413911846,GDSC2_LN_IC50,YK-4-279,RNA helicase A,0.0395429525664109
1239,GATA3,46,0.417477025431143,0.0038938180350503,GDSC2_LN_IC50,YK-4-279,RNA helicase A,0.0346311747542831
1239,GLS,46,-0.34229319789867,0.019886570460861,GDSC2_LN_IC50,YK-4-279,RNA helicase A,0.204738631695121
1239,HBEGF,46,-0.304236888099221,0.039815333927432,GDSC2_LN_IC50,YK-4-279,RNA helicase A,0.21354858234959
1239,IGFBP5,46,0.336032649182842,0.0224184144067542,GDSC2_LN_IC50,YK-4-279,RNA helicase A,0.0904018559666279
1239,ILF3,46,-0.439531298180697,0.00224152652998716,GDSC2_LN_IC50,YK-4-279,RNA helicase A,0.067239721668884
1239,NR4A1,46,0.28166218742116,0.057914462297037,GDSC2_LN_IC50,YK-4-279,RNA helicase A,0.236017882684214
1239,PBX1,46,0.269699700696709,0.069892935577433,GDSC2_LN_IC50,YK-4-279,RNA helicase A,0.237136745709148
1239,PPARA,46,-0.328082828269122,0.0260181562800009,GDSC2_LN_IC50,YK-4-279,RNA helicase A,0.119599589351617
1239,SOX3,46,0.32919086484579,0.0254892279474987,GDSC2_LN_IC50,YK-4-279,RNA helicase A,0.151342290938273
1239,SQSTM1,46,0.254331617994354,0.0880708324388681,GDSC2_LN_IC50,YK-4-279,RNA helicase A,0.199207835278392
1239,UGCG,46,0.329744106302545,0.0252285144220162,GDSC2_LN_IC50,YK-4-279,RNA helicase A,0.226187464023429
1248,CACNA1H,24,0.40995462756724,0.0466368904376244,GDSC2_LN_IC50,Daporinad,NAMPT,0.151039929258216
1248,KLF4,24,0.385681979000229,0.0626959867448442,GDSC2_LN_IC50,Daporinad,NAMPT,0.192661232302922
1248,LDHA,24,-0.530024427458487,0.00772157576768793,GDSC2_LN_IC50,Daporinad,NAMPT,0.174309210877631
1248,RARA,24,0.446595521697262,0.0286904125849165,GDSC2_LN_IC50,Daporinad,NAMPT,0.142074308667449
1248,SOX3,24,0.385689081233762,0.0626907366499816,GDSC2_LN_IC50,Daporinad,NAMPT,0.227301791838597
1248,SQSTM1,24,0.426558595421452,0.0376495134601168,GDSC2_LN_IC50,Daporinad,NAMPT,0.140619996584001
1249,BCL2L1,41,0.475554575673442,0.00167612662485516,GDSC2_LN_IC50,BMS-345541,"IKK-1, IKK-2",0.0547124997236712
1249,EGR3,41,0.41241862245664,0.00737258446842466,GDSC2_LN_IC50,BMS-345541,"IKK-1, IKK-2",0.212244992712331
1249,ESR1,41,0.484903985180822,0.00131321636303426,GDSC2_LN_IC50,BMS-345541,"IKK-1, IKK-2",0.0138462444784375
1249,FOSB,41,0.381822531182078,0.0137634318415591,GDSC2_LN_IC50,BMS-345541,"IKK-1, IKK-2",0.230739886755549
1249,GATA3,41,0.42761091559759,0.00529211756934197,GDSC2_LN_IC50,BMS-345541,"IKK-1, IKK-2",0.0418959307572906
1249,HDAC3,41,-0.311784434324823,0.0472079365712385,GDSC2_LN_IC50,BMS-345541,"IKK-1, IKK-2",0.179390158970706
1249,IGFBP5,41,0.362047155775864,0.0200147427578744,GDSC2_LN_IC50,BMS-345541,"IKK-1, IKK-2",0.0851373385969282
1249,ILF3,41,-0.474784546781655,0.00170963305713674,GDSC2_LN_IC50,BMS-345541,"IKK-1, IKK-2",0.067239721668884
1249,KLF4,41,0.471477771233149,0.00186034301496612,GDSC2_LN_IC50,BMS-345541,"IKK-1, IKK-2",0.0837275420439091
1249,MEF2C,41,-0.385294266579439,0.0128582464152174,GDSC2_LN_IC50,BMS-345541,"IKK-1, IKK-2",0.0932761303988774
1249,NOTCH1,41,-0.538218388270919,0.00028379166110919,GDSC2_LN_IC50,BMS-345541,"IKK-1, IKK-2",0.0808806234161192
1249,NR4A1,41,0.343278854602122,0.0279965738860761,GDSC2_LN_IC50,BMS-345541,"IKK-1, IKK-2",0.177311634611815
1249,PPARA,41,-0.365965176144686,0.0186158390470496,GDSC2_LN_IC50,BMS-345541,"IKK-1, IKK-2",0.0982502616372065
1249,RARA,41,0.302521223305542,0.0545437566271173,GDSC2_LN_IC50,BMS-345541,"IKK-1, IKK-2",0.207184779959333
1249,SQSTM1,41,0.395663640140939,0.0104498733340566,GDSC2_LN_IC50,BMS-345541,"IKK-1, IKK-2",0.0804922675731388
1249,TLR4,41,-0.383738656217928,0.0132573803641275,GDSC2_LN_IC50,BMS-345541,"IKK-1, IKK-2",0.128567410603881
1249,YBX1,41,-0.41114959629047,0.00757456549114072,GDSC2_LN_IC50,BMS-345541,"IKK-1, IKK-2",0.10770854104656
1250,DNMT1,41,-0.370189816142199,0.0172004720698761,GDSC2_LN_IC50,AZ960,"JAK2, JAK3",0.247002122440819
1250,ESR1,41,0.437567559235536,0.00422371769745057,GDSC2_LN_IC50,AZ960,"JAK2, JAK3",0.0256124674506692
1250,FOSB,41,0.548250407036336,0.000206577209281983,GDSC2_LN_IC50,AZ960,"JAK2, JAK3",0.0294372523226826
1250,IGFBP5,41,0.288612351584758,0.0672453186798585,GDSC2_LN_IC50,AZ960,"JAK2, JAK3",0.182750686065129
1250,ILF3,41,-0.543792079703034,0.000238183014034477,GDSC2_LN_IC50,AZ960,"JAK2, JAK3",0.0226273863332753
1250,KLF4,41,0.447085861301844,0.00338325373379261,GDSC2_LN_IC50,AZ960,"JAK2, JAK3",0.0837275420439091
1250,LDHA,41,-0.372210649806672,0.0165561856179769,GDSC2_LN_IC50,AZ960,"JAK2, JAK3",0.174309210877631
1250,MEF2C,41,-0.293361783962037,0.0626689157367568,GDSC2_LN_IC50,AZ960,"JAK2, JAK3",0.199665920889907
1250,PBX1,41,0.360297801073046,0.0206672224582071,GDSC2_LN_IC50,AZ960,"JAK2, JAK3",0.11780316801178
1250,RARA,41,0.279782197886943,0.0764527611677012,GDSC2_LN_IC50,AZ960,"JAK2, JAK3",0.248991147653341
1250,RXRA,41,0.339640365660755,0.0298146264190337,GDSC2_LN_IC50,AZ960,"JAK2, JAK3",0.217656187567097
1250,TLR4,41,-0.336884993590988,0.0312553763702935,GDSC2_LN_IC50,AZ960,"JAK2, JAK3",0.181253932357382
1250,YBX1,41,-0.476971324076535,0.00161599230464812,GDSC2_LN_IC50,AZ960,"JAK2, JAK3",0.0538493663246204
1259,AR,46,0.359465534353087,0.0141455621148722,GDSC2_LN_IC50,Talazoparib,"PARP1, PARP2",0.1241806591839
1259,ESR1,46,0.373715876180002,0.0105170123892923,GDSC2_LN_IC50,Talazoparib,"PARP1, PARP2",0.0411530767987118
1259,ETS2,46,-0.292370310092526,0.048644131470899,GDSC2_LN_IC50,Talazoparib,"PARP1, PARP2",0.242938649168217
1259,GATA3,46,0.455026261600033,0.00148701716697082,GDSC2_LN_IC50,Talazoparib,"PARP1, PARP2",0.0184260822863776
1259,HDAC3,46,-0.295180912213954,0.0464215803660103,GDSC2_LN_IC50,Talazoparib,"PARP1, PARP2",0.179390158970706
1259,HDAC9,46,-0.407828342725104,0.00490265176056654,GDSC2_LN_IC50,Talazoparib,"PARP1, PARP2",0.0582189896567276
1259,IGFBP5,46,0.377772838239479,0.00964326531033671,GDSC2_LN_IC50,Talazoparib,"PARP1, PARP2",0.053695023040368
1259,NR4A1,46,0.267403869911209,0.0724017902014518,GDSC2_LN_IC50,Talazoparib,"PARP1, PARP2",0.237178278246135
1259,PPARA,46,-0.386436883983748,0.00798413351815027,GDSC2_LN_IC50,Talazoparib,"PARP1, PARP2",0.0695334076279036
1259,TCF4,46,-0.361152769861322,0.0136667666919137,GDSC2_LN_IC50,Talazoparib,"PARP1, PARP2",0.19475142535977
1259,VDR,46,0.337219470214327,0.0219186973429368,GDSC2_LN_IC50,Talazoparib,"PARP1, PARP2",0.223101026526321
1268,BAG3,41,0.533296931444829,0.000330439086410968,GDSC2_LN_IC50,XAV939,"TNKS1, TNKS2",0.0941751396271259
1268,BCL2L1,41,0.417896996252041,0.00655298993857196,GDSC2_LN_IC50,XAV939,"TNKS1, TNKS2",0.0730004267996436
1268,DKK1,41,0.594560600674131,4.14792656833312e-05,GDSC2_LN_IC50,XAV939,"TNKS1, TNKS2",0.0118215907197494
1268,ESR1,41,0.455544410879766,0.00276305648149968,GDSC2_LN_IC50,XAV939,"TNKS1, TNKS2",0.0224991742064974
1268,GATA3,41,0.329961277413242,0.0351305132282663,GDSC2_LN_IC50,XAV939,"TNKS1, TNKS2",0.13042314162688
1268,GJA1,41,0.356969814026683,0.0219577364179218,GDSC2_LN_IC50,XAV939,"TNKS1, TNKS2",0.203845530561228
1268,IGFBP5,41,0.285294968233209,0.0705956971540615,GDSC2_LN_IC50,XAV939,"TNKS1, TNKS2",0.182750686065129
1268,KLF4,41,0.365581186653338,0.0187492026923732,GDSC2_LN_IC50,XAV939,"TNKS1, TNKS2",0.100821184289176
1268,MEF2C,41,-0.273555192178613,0.0835193145133297,GDSC2_LN_IC50,XAV939,"TNKS1, TNKS2",0.222553382037365
1268,UGCG,41,0.478458549179033,0.00155492604040424,GDSC2_LN_IC50,XAV939,"TNKS1, TNKS2",0.0738589869192016
1372,AR,46,0.418131100000817,0.00383255163553122,GDSC2_LN_IC50,Trametinib,"MEK1, MEK2",0.0833482416302447
1372,BDNF,46,-0.346488257238002,0.0183285033938405,GDSC2_LN_IC50,Trametinib,"MEK1, MEK2",0.184428826611315
1372,CACNA1H,46,0.411816584984661,0.0044609059297825,GDSC2_LN_IC50,Trametinib,"MEK1, MEK2",0.0605408661899053
1372,CEBPA,46,0.429646483598884,0.00288400115308698,GDSC2_LN_IC50,Trametinib,"MEK1, MEK2",0.0684950273858159
1372,CXCL12,46,0.442429858492879,0.0020788834881409,GDSC2_LN_IC50,Trametinib,"MEK1, MEK2",0.148120448530039
1372,EPHA2,46,-0.486464669774127,0.000608311433681144,GDSC2_LN_IC50,Trametinib,"MEK1, MEK2",0.0288947930998543
1372,ESR1,46,0.282449892913535,0.0571874984365665,GDSC2_LN_IC50,Trametinib,"MEK1, MEK2",0.136961655919508
1372,ETS2,46,-0.559410446476595,5.31038909343303e-05,GDSC2_LN_IC50,Trametinib,"MEK1, MEK2",0.0151346089162841
1372,ETV1,46,-0.499674545665252,0.000407047278644604,GDSC2_LN_IC50,Trametinib,"MEK1, MEK2",0.0502795913994947
1372,ETV4,46,-0.551906698430039,7.00774762245992e-05,GDSC2_LN_IC50,Trametinib,"MEK1, MEK2",0.0199720807240108
1372,ETV5,46,-0.509102980521843,0.00030250078550863,GDSC2_LN_IC50,Trametinib,"MEK1, MEK2",0.0862127238699595
1372,FOSL1,46,-0.464008735673161,0.00116181088429576,GDSC2_LN_IC50,Trametinib,"MEK1, MEK2",0.0413895127530366
1372,GADD45G,46,0.507786464670633,0.000315466162370053,GDSC2_LN_IC50,Trametinib,"MEK1, MEK2",0.014744787375269
1372,GATA3,46,0.317345728980768,0.0316343231870675,GDSC2_LN_IC50,Trametinib,"MEK1, MEK2",0.129201130819008
1372,HBEGF,46,-0.356906182869457,0.014899082632552,GDSC2_LN_IC50,Trametinib,"MEK1, MEK2",0.132694954696166
1372,HDAC9,46,-0.537619055780413,0.000116715825751995,GDSC2_LN_IC50,Trametinib,"MEK1, MEK2",0.0110880034464395
1372,IGFBP5,46,0.48743131180157,0.000591010245119709,GDSC2_LN_IC50,Trametinib,"MEK1, MEK2",0.0093576622143954
1372,INSM1,46,0.449560968188095,0.00172237267856714,GDSC2_LN_IC50,Trametinib,"MEK1, MEK2",0.163625404463878
1372,IRF1,46,-0.39276532148464,0.00693387030230748,GDSC2_LN_IC50,Trametinib,"MEK1, MEK2",0.245602525079843
1372,ITGA5,46,-0.383059854730953,0.00859887247185901,GDSC2_LN_IC50,Trametinib,"MEK1, MEK2",0.20612908447325
1372,ITGB1,46,-0.480646467701369,0.000722399391940229,GDSC2_LN_IC50,Trametinib,"MEK1, MEK2",0.0522860847699644
1372,MEF2C,46,-0.354248932656224,0.0157172769575367,GDSC2_LN_IC50,Trametinib,"MEK1, MEK2",0.0953068921893183
1372,MET,46,-0.344915481937549,0.0189001010043605,GDSC2_LN_IC50,Trametinib,"MEK1, MEK2",0.244842217556488
1372,MYB,46,0.440676179513593,0.00217598774411098,GDSC2_LN_IC50,Trametinib,"MEK1, MEK2",0.103359417845271
1372,PBX1,46,0.625070139652364,3.42150481759328e-06,GDSC2_LN_IC50,Trametinib,"MEK1, MEK2",0.000325042957671361
1372,PPARA,46,-0.380571243150257,0.00907763423181978,GDSC2_LN_IC50,Trametinib,"MEK1, MEK2",0.0695334076279036
1372,RARA,46,0.466119457300264,0.00109528369199478,GDSC2_LN_IC50,Trametinib,"MEK1, MEK2",0.0346839835798346
1372,REST,46,0.335305179796681,0.0227294190376592,GDSC2_LN_IC50,Trametinib,"MEK1, MEK2",0.237743381006208
1372,SNAI2,46,-0.453858360593787,0.00153475889770319,GDSC2_LN_IC50,Trametinib,"MEK1, MEK2",0.0521396210151759
1372,SOX3,46,0.507187250556002,0.000321531909822006,GDSC2_LN_IC50,Trametinib,"MEK1, MEK2",0.0360066973682469
1372,TGFBR2,46,-0.372468072332961,0.0107990619936042,GDSC2_LN_IC50,Trametinib,"MEK1, MEK2",0.233032502159813
1372,TLR4,46,-0.427975033016521,0.0030073578571669,GDSC2_LN_IC50,Trametinib,"MEK1, MEK2",0.0761066831536328
1372,XBP1,46,0.301072803447083,0.0420299202480683,GDSC2_LN_IC50,Trametinib,"MEK1, MEK2",0.221824579087027
1373,ESR1,46,0.291582499534011,0.0492823520617602,GDSC2_LN_IC50,Dabrafenib,BRAF,0.121081640841393
1373,IGFBP5,46,0.282711367208756,0.0569478131112522,GDSC2_LN_IC50,Dabrafenib,BRAF,0.170782395141697
1373,JUN,46,0.419951999391885,0.00366642018783112,GDSC2_LN_IC50,Dabrafenib,BRAF,0.130616219191484
1373,KLF4,46,0.417119749057259,0.00392764491753937,GDSC2_LN_IC50,Dabrafenib,BRAF,0.0837275420439091
1373,PEG3,46,0.499654516783984,0.000407300336230538,GDSC2_LN_IC50,Dabrafenib,BRAF,0.0580402979128517
1373,RARA,46,0.300714525616721,0.0422869036364144,GDSC2_LN_IC50,Dabrafenib,BRAF,0.179877127408628
1373,SQSTM1,46,0.415316203781994,0.00410236602619803,GDSC2_LN_IC50,Dabrafenib,BRAF,0.0687749598509669
1375,SOX3,46,0.292375422275946,0.0486400119762655,GDSC2_LN_IC50,Temozolomide,DNA alkylating agent,0.192533380739384
1375,SQSTM1,46,0.271271040827233,0.0682158672580289,GDSC2_LN_IC50,Temozolomide,DNA alkylating agent,0.172048868748126
1375,TLR4,46,-0.33363171770229,0.0234586090832597,GDSC2_LN_IC50,Temozolomide,DNA alkylating agent,0.167142589718225
1378,AR,42,0.527563364038056,0.000330434450650087,GDSC2_LN_IC50,Bleomycin (50 uM),dsDNA break induction,0.0313912728117582
1378,BCL2L1,42,0.407540896756561,0.00738726864263204,GDSC2_LN_IC50,Bleomycin (50 uM),dsDNA break induction,0.0751918415410761
1378,CACNA1H,42,0.484341437388343,0.00115328887679697,GDSC2_LN_IC50,Bleomycin (50 uM),dsDNA break induction,0.0328687329887136
1378,CAV1,42,-0.345104166949382,0.0252017118198703,GDSC2_LN_IC50,Bleomycin (50 uM),dsDNA break induction,0.235960763260728
1378,CTNNB1,42,-0.490258135729915,0.000981246300994356,GDSC2_LN_IC50,Bleomycin (50 uM),dsDNA break induction,0.0617023275493736
1378,DNAJB4,42,-0.423740189295089,0.00516805015980987,GDSC2_LN_IC50,Bleomycin (50 uM),dsDNA break induction,0.121491495008776
1378,DNMT1,42,-0.433575446027349,0.00412504612924491,GDSC2_LN_IC50,Bleomycin (50 uM),dsDNA break induction,0.237045621266884
1378,EPHA2,42,-0.359650486194551,0.0193177632658076,GDSC2_LN_IC50,Bleomycin (50 uM),dsDNA break induction,0.165316863229138
1378,ESR1,42,0.512135413936248,0.000526186558217295,GDSC2_LN_IC50,Bleomycin (50 uM),dsDNA break induction,0.00789241531833067
1378,ETS1,42,-0.354782400561223,0.021142740405866,GDSC2_LN_IC50,Bleomycin (50 uM),dsDNA break induction,0.190604624497768
1378,ETS2,42,-0.343664008074694,0.0258577917601415,GDSC2_LN_IC50,Bleomycin (50 uM),dsDNA break induction,0.165729150177587
1378,ETV1,42,-0.508276710577308,0.00058910842092184,GDSC2_LN_IC50,Bleomycin (50 uM),dsDNA break induction,0.0502795913994947
1378,FHL1,42,-0.366198663751953,0.0170732678252062,GDSC2_LN_IC50,Bleomycin (50 uM),dsDNA break induction,0.185277030123442
1378,FOSL1,42,-0.337424089527454,0.0288667653982482,GDSC2_LN_IC50,Bleomycin (50 uM),dsDNA break induction,0.245499983345367
1378,GATA3,42,0.578968120358535,5.89810264833829e-05,GDSC2_LN_IC50,Bleomycin (50 uM),dsDNA break induction,0.00181268455528284
1378,GLS,42,-0.466657461213298,0.00183797153190292,GDSC2_LN_IC50,Bleomycin (50 uM),dsDNA break induction,0.0475361054382744
1378,HBEGF,42,-0.357737973149717,0.020018288132137,GDSC2_LN_IC50,Bleomycin (50 uM),dsDNA break induction,0.14818713774508
1378,HDAC3,42,-0.308376903210753,0.0469315944041387,GDSC2_LN_IC50,Bleomycin (50 uM),dsDNA break induction,0.179390158970706
1378,HDAC9,42,-0.44759019468444,0.00295734431794676,GDSC2_LN_IC50,Bleomycin (50 uM),dsDNA break induction,0.0530776145794371
1378,IGFBP5,42,0.476574564186627,0.00141957529465959,GDSC2_LN_IC50,Bleomycin (50 uM),dsDNA break induction,0.0139509985854477
1378,ILF3,42,-0.377721494722858,0.0136568797180183,GDSC2_LN_IC50,Bleomycin (50 uM),dsDNA break induction,0.134214162746041
1378,KLF4,42,0.397191911543654,0.00919990310254905,GDSC2_LN_IC50,Bleomycin (50 uM),dsDNA break induction,0.084449060968457
1378,LOX,42,-0.386317806221434,0.0115032882202803,GDSC2_LN_IC50,Bleomycin (50 uM),dsDNA break induction,0.155290911717987
1378,MEF2C,42,-0.438851307489199,0.00364523905315997,GDSC2_LN_IC50,Bleomycin (50 uM),dsDNA break induction,0.0649308206344119
1378,MET,42,-0.381707293297833,0.0126191767347386,GDSC2_LN_IC50,Bleomycin (50 uM),dsDNA break induction,0.224779085587532
1378,MMP14,42,-0.472375617830976,0.00158512502496208,GDSC2_LN_IC50,Bleomycin (50 uM),dsDNA break induction,0.0903521264228388
1378,NR4A1,42,0.499789833741237,0.00075175346266734,GDSC2_LN_IC50,Bleomycin (50 uM),dsDNA break induction,0.095945346606776
1378,PBX1,42,0.461657238388025,0.00208761235777445,GDSC2_LN_IC50,Bleomycin (50 uM),dsDNA break induction,0.0366108751938766
1378,PPARA,42,-0.604920653811463,2.20204815509016e-05,GDSC2_LN_IC50,Bleomycin (50 uM),dsDNA break induction,0.00125516744840139
1378,RARA,42,0.403125032460386,0.00811904450991102,GDSC2_LN_IC50,Bleomycin (50 uM),dsDNA break induction,0.0953165218978382
1378,SOX3,42,0.311679639096217,0.0445034157701183,GDSC2_LN_IC50,Bleomycin (50 uM),dsDNA break induction,0.183818456441793
1378,TLR4,42,-0.355139527583458,0.0210041216567706,GDSC2_LN_IC50,Bleomycin (50 uM),dsDNA break induction,0.161509546972626
1378,XBP1,42,0.499773821780194,0.000752094863060622,GDSC2_LN_IC50,Bleomycin (50 uM),dsDNA break induction,0.0270092158806354
1378,YBX1,42,-0.369976851490593,0.0158813782320029,GDSC2_LN_IC50,Bleomycin (50 uM),dsDNA break induction,0.148076359292952
1401,AR,38,0.38898828804378,0.0157914111045665,GDSC2_LN_IC50,AZD5438,CDK2,0.128411613323072
1401,BCL2L1,38,0.46177236271724,0.00351845726284824,GDSC2_LN_IC50,AZD5438,CDK2,0.0702022200662926
1401,CACNA1H,38,0.347699360655605,0.0324351814642729,GDSC2_LN_IC50,AZD5438,CDK2,0.119080254616112
1401,CTNNB1,38,-0.329338620348473,0.0434788575875323,GDSC2_LN_IC50,AZD5438,CDK2,0.245680009150375
1401,EPHA2,38,-0.365211077016952,0.0241571678857568,GDSC2_LN_IC50,AZD5438,CDK2,0.189447269616585
1401,ESR1,38,0.421792928522883,0.00834966992370372,GDSC2_LN_IC50,AZD5438,CDK2,0.0349949401214053
1401,GATA3,38,0.452825819014625,0.00430741286781128,GDSC2_LN_IC50,AZD5438,CDK2,0.0361062549213592
1401,GLS,38,-0.378179422905194,0.0192284783581878,GDSC2_LN_IC50,AZD5438,CDK2,0.204738631695121
1401,HDAC3,38,-0.296246818182285,0.0709237346185196,GDSC2_LN_IC50,AZD5438,CDK2,0.214717578844991
1401,HDAC9,38,-0.361950632838126,0.0255490163609163,GDSC2_LN_IC50,AZD5438,CDK2,0.159757006697343
1401,IGFBP5,38,0.458340709217317,0.00380477898554998,GDSC2_LN_IC50,AZD5438,CDK2,0.0271090502720436
1401,ILF3,38,-0.403594040240905,0.011980477164499,GDSC2_LN_IC50,AZD5438,CDK2,0.130857476944125
1401,KLF4,38,0.341026641743971,0.0361466125073644,GDSC2_LN_IC50,AZD5438,CDK2,0.149301225573896
1401,MEF2C,38,-0.460254044909161,0.00364273712008737,GDSC2_LN_IC50,AZD5438,CDK2,0.0649308206344119
1401,NR4A1,38,0.427144430115342,0.00748080390501756,GDSC2_LN_IC50,AZD5438,CDK2,0.125413477231177
1401,PBX1,38,0.46933577524464,0.00295281488277217,GDSC2_LN_IC50,AZD5438,CDK2,0.0420776120795035
1401,PPARA,38,-0.403025965777429,0.0121125527971596,GDSC2_LN_IC50,AZD5438,CDK2,0.078456307890693
1401,SOX3,38,0.407831309512002,0.0110333387345872,GDSC2_LN_IC50,AZD5438,CDK2,0.104816717978578
1401,SQSTM1,38,0.300305645126698,0.0669649130710395,GDSC2_LN_IC50,AZD5438,CDK2,0.170401787725413
1401,TLR4,38,-0.523222405925071,0.000750017211076774,GDSC2_LN_IC50,AZD5438,CDK2,0.0394393975655088
1401,XBP1,38,0.342618720755167,0.0352310399120854,GDSC2_LN_IC50,AZD5438,CDK2,0.194892744927353
1428,FOXF2,37,0.413438561352413,0.0109756819331753,GDSC2_LN_IC50,IAP_5620,IAP,0.136003015258912
1428,LDHA,37,0.43286264094851,0.00745229114228327,GDSC2_LN_IC50,IAP_5620,IAP,0.174309210877631
1441,OXTR,38,-0.348172615854769,0.0321842915536142,GDSC2_LN_IC50,AZD2014,"mTORC1, mTORC2",0.241382186652106
1441,SOX3,38,0.302819672811569,0.0646015618909696,GDSC2_LN_IC50,AZD2014,"mTORC1, mTORC2",0.227301791838597
1449,KLF4,38,0.300445183331849,0.0668319767238669,GDSC2_LN_IC50,AZD1208,"PIM1, PIM2, PIM3",0.194358299656144
1449,SPI1,38,0.477460756212227,0.00243524273701635,GDSC2_LN_IC50,AZD1208,"PIM1, PIM2, PIM3",0.224107901361469
1449,SQSTM1,38,0.414877230115794,0.00959934585057412,GDSC2_LN_IC50,AZD1208,"PIM1, PIM2, PIM3",0.0804343596418472
1463,ESR1,38,0.45707936675354,0.00391499992656764,GDSC2_LN_IC50,AZD1332,"NTRK1, NTRK2, NTRK3",0.0247949995349284
1463,GADD45G,38,0.412252368302761,0.0101137668089398,GDSC2_LN_IC50,AZD1332,"NTRK1, NTRK2, NTRK3",0.120100980856161
1463,GRHL1,38,0.407057608830559,0.0112013648205446,GDSC2_LN_IC50,AZD1332,"NTRK1, NTRK2, NTRK3",0.177043567725319
1463,IGFBP5,38,0.367421712663808,0.0232497435011573,GDSC2_LN_IC50,AZD1332,"NTRK1, NTRK2, NTRK3",0.0920302346920808
1463,INSM1,38,0.494640552815724,0.00159496644725061,GDSC2_LN_IC50,AZD1332,"NTRK1, NTRK2, NTRK3",0.163625404463878
1463,LDHA,38,-0.349596937318525,0.0314387967630272,GDSC2_LN_IC50,AZD1332,"NTRK1, NTRK2, NTRK3",0.225311118033664
1463,PBX1,38,0.402874828007865,0.0121478992043012,GDSC2_LN_IC50,AZD1332,"NTRK1, NTRK2, NTRK3",0.0925093672014371
1463,RARA,38,0.340005923817967,0.0367437560340968,GDSC2_LN_IC50,AZD1332,"NTRK1, NTRK2, NTRK3",0.166221753487581
1463,REST,38,0.371461609031602,0.0216646206239121,GDSC2_LN_IC50,AZD1332,"NTRK1, NTRK2, NTRK3",0.237743381006208
1463,RXRA,38,0.364000539825855,0.0246663999188211,GDSC2_LN_IC50,AZD1332,"NTRK1, NTRK2, NTRK3",0.204617667000229
1463,SOX3,38,0.379558945784962,0.0187577015594949,GDSC2_LN_IC50,AZD1332,"NTRK1, NTRK2, NTRK3",0.132161741418548
1463,SQSTM1,38,0.272552279818781,0.0978210012093933,GDSC2_LN_IC50,AZD1332,"NTRK1, NTRK2, NTRK3",0.209616431162986
1463,TCF4,38,-0.405442715452317,0.0115590931832092,GDSC2_LN_IC50,AZD1332,"NTRK1, NTRK2, NTRK3",0.177102601733528
1463,YY1,38,0.472864329216094,0.00271729908749265,GDSC2_LN_IC50,AZD1332,"NTRK1, NTRK2, NTRK3",0.234129978705783
1494,AR,45,0.330802921674213,0.0264492980136197,GDSC2_LN_IC50,SN-38,TOP1,0.175303486834456
1494,CTNNB1,45,-0.429725549609631,0.00321910884257057,GDSC2_LN_IC50,SN-38,TOP1,0.0859026076267038
1494,ESR1,45,0.370530574893394,0.012226361249687,GDSC2_LN_IC50,SN-38,TOP1,0.0446823174001284
1494,ETV1,45,-0.364419022817382,0.013851557998739,GDSC2_LN_IC50,SN-38,TOP1,0.197690233693226
1494,GATA3,45,0.316416787881859,0.0342086941083611,GDSC2_LN_IC50,SN-38,TOP1,0.129993037611772
1494,HDAC3,45,-0.262843753404804,0.0810875159201048,GDSC2_LN_IC50,SN-38,TOP1,0.229302825461939
1494,IGFBP5,45,0.242903633332098,0.10788401825706,GDSC2_LN_IC50,SN-38,TOP1,0.23846754443213
1494,KLF4,45,0.444792791955804,0.00220359858284786,GDSC2_LN_IC50,SN-38,TOP1,0.0837275420439091
1494,LAPTM4B,45,0.496903801525428,0.000516226502778441,GDSC2_LN_IC50,SN-38,TOP1,0.147124553291856
1494,NR4A1,45,0.415713687327137,0.00451135927921665,GDSC2_LN_IC50,SN-38,TOP1,0.116885217688795
1494,PPARA,45,-0.356351234207843,0.0162757685344754,GDSC2_LN_IC50,SN-38,TOP1,0.0929573971715238
1494,TCF4,45,-0.465123781052099,0.00128507023593294,GDSC2_LN_IC50,SN-38,TOP1,0.0610408362068148
1507,AR,41,-0.301799414722786,0.0551517291026076,GDSC2_LN_IC50,Ruxolitinib,"JAK1, JAK2",0.245597543660049
1507,AXL,41,0.430360225924673,0.00497593248064205,GDSC2_LN_IC50,Ruxolitinib,"JAK1, JAK2",0.118178396415249
1507,CAV1,41,0.479038724300626,0.00153166283993061,GDSC2_LN_IC50,Ruxolitinib,"JAK1, JAK2",0.0456918334578921
1507,CD44,41,0.485133407431983,0.00130526379638484,GDSC2_LN_IC50,Ruxolitinib,"JAK1, JAK2",0.09300004549242
1507,CEBPA,41,-0.396933729435218,0.0101832866808173,GDSC2_LN_IC50,Ruxolitinib,"JAK1, JAK2",0.120926529334705
1507,DKK3,41,0.346233525931104,0.0265886393849389,GDSC2_LN_IC50,Ruxolitinib,"JAK1, JAK2",0.216507492134502
1507,DNAJB4,41,0.428305449478589,0.00521064051530946,GDSC2_LN_IC50,Ruxolitinib,"JAK1, JAK2",0.121491495008776
1507,ETS1,41,0.43119519427079,0.00488321472295814,GDSC2_LN_IC50,Ruxolitinib,"JAK1, JAK2",0.107557777219189
1507,FN1,41,0.437349843497312,0.0042448988657382,GDSC2_LN_IC50,Ruxolitinib,"JAK1, JAK2",0.221297726725318
1507,GJA1,41,0.338283802906621,0.0305169456640439,GDSC2_LN_IC50,Ruxolitinib,"JAK1, JAK2",0.203845530561228
1507,GLS,41,0.357408523187827,0.0217838554269711,GDSC2_LN_IC50,Ruxolitinib,"JAK1, JAK2",0.206946626556225
1507,HDAC9,41,0.305887530117448,0.0517789178860254,GDSC2_LN_IC50,Ruxolitinib,"JAK1, JAK2",0.199582901524376
1507,HES1,41,-0.413621157750423,0.00718548630908896,GDSC2_LN_IC50,Ruxolitinib,"JAK1, JAK2",0.195331442062683
1507,HRK,41,0.445428637408583,0.00351809699609904,GDSC2_LN_IC50,Ruxolitinib,"JAK1, JAK2",0.153666273818952
1507,IL6,41,0.496272339180298,0.000966934791793191,GDSC2_LN_IC50,Ruxolitinib,"JAK1, JAK2",0.13778820783053
1507,ITGB1,41,0.458660460918503,0.00256112292951,GDSC2_LN_IC50,Ruxolitinib,"JAK1, JAK2",0.0522860847699644
1507,JUN,41,0.399925091380602,0.00957829446636613,GDSC2_LN_IC50,Ruxolitinib,"JAK1, JAK2",0.248164902083122
1507,MET,41,0.375506059161597,0.015549238007438,GDSC2_LN_IC50,Ruxolitinib,"JAK1, JAK2",0.238433522661071
1507,OPTN,41,0.354069955424199,0.0231365005736526,GDSC2_LN_IC50,Ruxolitinib,"JAK1, JAK2",0.244218617166333
1507,OXTR,41,0.331693471197704,0.0341258959146749,GDSC2_LN_IC50,Ruxolitinib,"JAK1, JAK2",0.24334084549345
1507,PLAU,41,0.380415194615227,0.014145466690244,GDSC2_LN_IC50,Ruxolitinib,"JAK1, JAK2",0.158793336640091
1507,SQSTM1,41,0.44274454615771,0.0037464668503379,GDSC2_LN_IC50,Ruxolitinib,"JAK1, JAK2",0.0687749598509669
1507,TYMS,41,0.361230551851597,0.0203171397287221,GDSC2_LN_IC50,Ruxolitinib,"JAK1, JAK2",0.225882318231639
1507,UGCG,41,0.404779281663076,0.00866205515592509,GDSC2_LN_IC50,Ruxolitinib,"JAK1, JAK2",0.128635567616425
1507,VIM,41,0.39263007012783,0.0111108503838745,GDSC2_LN_IC50,Ruxolitinib,"JAK1, JAK2",0.209978052228695
1507,XBP1,41,-0.306100649357481,0.0516077420264548,GDSC2_LN_IC50,Ruxolitinib,"JAK1, JAK2",0.233495138451425
1510,BCL2L1,46,0.408801669431039,0.00479146288968554,GDSC2_LN_IC50,Linsitinib,IGF1R,0.071871943345283
1510,CACNA1H,46,0.358843455908769,0.0143256611460587,GDSC2_LN_IC50,Linsitinib,IGF1R,0.0972098434911128
1510,ESR1,46,0.243516148899927,0.102930816738149,GDSC2_LN_IC50,Linsitinib,IGF1R,0.208051650853705
1510,GATA3,46,0.332292512310133,0.0240561763201761,GDSC2_LN_IC50,Linsitinib,IGF1R,0.116342366986833
1510,GJA1,46,0.36461877279994,0.0127264086966264,GDSC2_LN_IC50,Linsitinib,IGF1R,0.200462985262574
1510,IGFBP5,46,0.444605395283921,0.00196376411267774,GDSC2_LN_IC50,Linsitinib,IGF1R,0.0174897741285361
1510,KLF4,46,0.285982316139616,0.0540170664758421,GDSC2_LN_IC50,Linsitinib,IGF1R,0.190060048711296
1510,PPARA,46,-0.244512564022891,0.101486181114787,GDSC2_LN_IC50,Linsitinib,IGF1R,0.247209928356532
1510,RARA,46,0.4750764030593,0.000849222842635496,GDSC2_LN_IC50,Linsitinib,IGF1R,0.0346839835798346
1511,AR,46,0.301849773564317,0.0414770015688698,GDSC2_LN_IC50,Epirubicin,Anthracycline,0.205044146541167
1511,ESR1,46,0.409284975649224,0.00473707493685315,GDSC2_LN_IC50,Epirubicin,Anthracycline,0.0256902259474196
1511,GATA3,46,0.291219237795294,0.0495789133571612,GDSC2_LN_IC50,Epirubicin,Anthracycline,0.153878999867263
1511,HDAC3,46,-0.358181585707376,0.0145194202648181,GDSC2_LN_IC50,Epirubicin,Anthracycline,0.106103455781363
1511,HDAC9,46,-0.301033223101131,0.0420582473695463,GDSC2_LN_IC50,Epirubicin,Anthracycline,0.189794089234201
1511,IGFBP5,46,0.335791376413728,0.022521164118002,GDSC2_LN_IC50,Epirubicin,Anthracycline,0.0904018559666279
1511,ILF3,46,-0.355905026210299,0.0152029917207245,GDSC2_LN_IC50,Epirubicin,Anthracycline,0.143222913533246
1511,KLF4,46,0.37412386941213,0.0104261737532003,GDSC2_LN_IC50,Epirubicin,Anthracycline,0.084449060968457
1511,ME1,46,0.465341470593746,0.0011193984090376,GDSC2_LN_IC50,Epirubicin,Anthracycline,0.106342848858572
1511,NR4A1,46,0.340628788648756,0.0205349360623392,GDSC2_LN_IC50,Epirubicin,Anthracycline,0.167213050793333
1511,RXRA,46,0.312524757308373,0.0344641260067651,GDSC2_LN_IC50,Epirubicin,Anthracycline,0.228425021207629
1511,SQSTM1,46,0.394652510680894,0.00664483344147365,GDSC2_LN_IC50,Epirubicin,Anthracycline,0.073289183427772
1511,VDR,46,0.439664378393582,0.00223381974217415,GDSC2_LN_IC50,Epirubicin,Anthracycline,0.079579828314954
1512,BCL2L1,46,0.391600363346402,0.00711768103770694,GDSC2_LN_IC50,Cyclophosphamide,Alkylating agent,0.0751310776202399
1512,CACNA1H,46,0.270294941168095,0.0692538418737486,GDSC2_LN_IC50,Cyclophosphamide,Alkylating agent,0.194527506130921
1512,KLF4,46,0.246569426464914,0.0985534194990774,GDSC2_LN_IC50,Cyclophosphamide,Alkylating agent,0.237637611283547
1512,NR4A1,46,0.271512198685262,0.0679613342034485,GDSC2_LN_IC50,Cyclophosphamide,Alkylating agent,0.236017882684214
1512,SQSTM1,46,0.50962433799341,0.000297500855748263,GDSC2_LN_IC50,Cyclophosphamide,Alkylating agent,0.016957548777651
1529,AR,46,0.470250823586799,0.000974827317165325,GDSC2_LN_IC50,Pevonedistat,NAE,0.0463042975653529
1529,BCL2L1,46,0.354671685248615,0.0155846108640783,GDSC2_LN_IC50,Pevonedistat,NAE,0.0984364611640788
1529,CACNA1H,46,0.32422794574253,0.0279301892695184,GDSC2_LN_IC50,Pevonedistat,NAE,0.119080254616112
1529,CEBPA,46,0.365347290630133,0.0125359477884942,GDSC2_LN_IC50,Pevonedistat,NAE,0.142909804788834
1529,DCBLD2,46,-0.406383097229546,0.00507190525352709,GDSC2_LN_IC50,Pevonedistat,NAE,0.188784824051411
1529,DNAJB4,46,-0.324417719730448,0.0278333991246201,GDSC2_LN_IC50,Pevonedistat,NAE,0.241961049135148
1529,EPHA2,46,-0.44507993908993,0.00193941704601411,GDSC2_LN_IC50,Pevonedistat,NAE,0.0552733858114021
1529,ESR1,46,0.270072807625259,0.0694917965852565,GDSC2_LN_IC50,Pevonedistat,NAE,0.159719048603211
1529,ETS2,46,-0.498691628143975,0.000419634648516315,GDSC2_LN_IC50,Pevonedistat,NAE,0.0273955652604286
1529,ETV1,46,-0.372657947504903,0.0107557290713577,GDSC2_LN_IC50,Pevonedistat,NAE,0.191586424083559
1529,FOSL1,46,-0.321398073528099,0.0294070481934833,GDSC2_LN_IC50,Pevonedistat,NAE,0.245499983345367
1529,GAD1,46,-0.50162476945914,0.00038307500599031,GDSC2_LN_IC50,Pevonedistat,NAE,0.109176376707238
1529,GADD45G,46,0.441185616769841,0.00214737408541095,GDSC2_LN_IC50,Pevonedistat,NAE,0.0418334867374176
1529,GATA3,46,0.329497585346105,0.0253444102286509,GDSC2_LN_IC50,Pevonedistat,NAE,0.118412408445336
1529,GLS,46,-0.373410761344004,0.010585388746588,GDSC2_LN_IC50,Pevonedistat,NAE,0.131166773599025
1529,HDAC9,46,-0.321400748711743,0.0294056220349866,GDSC2_LN_IC50,Pevonedistat,NAE,0.164325534901396
1529,HOXA10,46,-0.471596954598826,0.0009382189640441,GDSC2_LN_IC50,Pevonedistat,NAE,0.134686924454799
1529,IGFBP5,46,0.521571408631131,0.000201551881971373,GDSC2_LN_IC50,Pevonedistat,NAE,0.00399793924856276
1529,ILF3,46,-0.300030835646007,0.0427808569747506,GDSC2_LN_IC50,Pevonedistat,NAE,0.237856373960661
1529,KLF4,46,0.377467993384529,0.00970667584872356,GDSC2_LN_IC50,Pevonedistat,NAE,0.084449060968457
1529,LDHA,46,-0.308589337663713,0.0369260365735479,GDSC2_LN_IC50,Pevonedistat,NAE,0.226332939420958
1529,MEF2C,46,-0.497407599904536,0.000436606167244541,GDSC2_LN_IC50,Pevonedistat,NAE,0.0177761082378135
1529,NR4A1,46,0.415062039378672,0.00412752787784154,GDSC2_LN_IC50,Pevonedistat,NAE,0.116885217688795
1529,PAX6,46,-0.429090218866445,0.00292455044084716,GDSC2_LN_IC50,Pevonedistat,NAE,0.20837421891036
1529,PBX1,46,0.411920376198513,0.00444989047719267,GDSC2_LN_IC50,Pevonedistat,NAE,0.0583076086808885
1529,PPARA,46,-0.339935050984217,0.0208103852611798,GDSC2_LN_IC50,Pevonedistat,NAE,0.105442235112008
1529,RARA,46,0.382043593108774,0.00879168325608254,GDSC2_LN_IC50,Pevonedistat,NAE,0.0953165218978382
1529,S100A2,46,-0.388970297829095,0.00754825349384277,GDSC2_LN_IC50,Pevonedistat,NAE,0.190947031920401
1529,SNAI2,46,-0.324124481300122,0.0279830769537618,GDSC2_LN_IC50,Pevonedistat,NAE,0.221067631357571
1529,TYMS,46,-0.35945372099769,0.0141489641717877,GDSC2_LN_IC50,Pevonedistat,NAE,0.224765424885096
1529,VDR,46,0.357899714222508,0.0146026113479636,GDSC2_LN_IC50,Pevonedistat,NAE,0.166469769366785
1529,XBP1,46,0.461103567675203,0.00125926709327732,GDSC2_LN_IC50,Pevonedistat,NAE,0.0346883037192721
1529,YBX1,46,-0.351431599599423,0.0166261175346473,GDSC2_LN_IC50,Pevonedistat,NAE,0.148076359292952
1549,BACE1,46,0.548369454534452,7.96831782979808e-05,GDSC2_LN_IC50,Sapitinib,"EGFR, ERBB2, ERBB3",0.0227097058149245
1549,BMI1,46,0.514979776466661,0.000250298479728598,GDSC2_LN_IC50,Sapitinib,"EGFR, ERBB2, ERBB3",0.0473194721639147
1549,F8,46,0.467306993644441,0.00105936783093534,GDSC2_LN_IC50,Sapitinib,"EGFR, ERBB2, ERBB3",0.100639943938857
1549,GJA1,46,0.362228221921068,0.0133688469911892,GDSC2_LN_IC50,Sapitinib,"EGFR, ERBB2, ERBB3",0.200462985262574
1549,MYBL2,46,0.43946389165014,0.00224543906238138,GDSC2_LN_IC50,Sapitinib,"EGFR, ERBB2, ERBB3",0.169162137340743
1549,NR4A1,46,-0.352591275373207,0.016246765103275,GDSC2_LN_IC50,Sapitinib,"EGFR, ERBB2, ERBB3",0.159666484635633
1549,REST,46,0.327005248888709,0.0265412994356992,GDSC2_LN_IC50,Sapitinib,"EGFR, ERBB2, ERBB3",0.246040417515761
1549,SMAD4,46,0.460771930990306,0.00127084275668002,GDSC2_LN_IC50,Sapitinib,"EGFR, ERBB2, ERBB3",0.205248467743213
1549,SPI1,46,0.383509287215121,0.00851477405345006,GDSC2_LN_IC50,Sapitinib,"EGFR, ERBB2, ERBB3",0.224107901361469
1549,VHL,46,0.484725189991319,0.000640594232206383,GDSC2_LN_IC50,Sapitinib,"EGFR, ERBB2, ERBB3",0.0912846780894096
1549,YBX1,46,0.358836445538307,0.0143277018028538,GDSC2_LN_IC50,Sapitinib,"EGFR, ERBB2, ERBB3",0.140806724614253
1553,AXL,45,0.451922011413985,0.0018307394098111,GDSC2_LN_IC50,Uprosertib,"AKT1, AKT2, AKT3",0.0980576707833555
1553,BDNF,45,0.46913708867812,0.00115075021338315,GDSC2_LN_IC50,Uprosertib,"AKT1, AKT2, AKT3",0.065200052163914
1553,CAV1,45,0.334669345305845,0.0246343526242358,GDSC2_LN_IC50,Uprosertib,"AKT1, AKT2, AKT3",0.235960763260728
1553,CEBPA,45,-0.343881367358744,0.0207255200813158,GDSC2_LN_IC50,Uprosertib,"AKT1, AKT2, AKT3",0.186655745083828
1553,DKK3,45,0.468275711559663,0.00117847550608113,GDSC2_LN_IC50,Uprosertib,"AKT1, AKT2, AKT3",0.0671731038466243
1553,DNAJB4,45,0.323669359800004,0.0300904088152286,GDSC2_LN_IC50,Uprosertib,"AKT1, AKT2, AKT3",0.241961049135148
1553,FOXF2,45,0.321242732897631,0.0314199552788562,GDSC2_LN_IC50,Uprosertib,"AKT1, AKT2, AKT3",0.244691724751213
1553,GJA1,45,0.471162797744605,0.00108782631710867,GDSC2_LN_IC50,Uprosertib,"AKT1, AKT2, AKT3",0.0775076250939924
1553,NGF,45,0.398260109109083,0.00673785067066931,GDSC2_LN_IC50,Uprosertib,"AKT1, AKT2, AKT3",0.160023953428396
1553,OPTN,45,0.551745432955344,8.54089179768126e-05,GDSC2_LN_IC50,Uprosertib,"AKT1, AKT2, AKT3",0.0121707708116958
1553,PLAU,45,0.440653162330398,0.00244960945864385,GDSC2_LN_IC50,Uprosertib,"AKT1, AKT2, AKT3",0.137300441674405
1553,RUNX2,45,0.452961511999572,0.00178132782052539,GDSC2_LN_IC50,Uprosertib,"AKT1, AKT2, AKT3",0.169226142949912
1553,TGFB2,45,0.38359481302866,0.00929074317447757,GDSC2_LN_IC50,Uprosertib,"AKT1, AKT2, AKT3",0.225026532142044
1553,UGCG,45,0.557263416930654,7.00136657060667e-05,GDSC2_LN_IC50,Uprosertib,"AKT1, AKT2, AKT3",0.0099769473631145
1553,XBP1,45,-0.352329747103116,0.0176126513398375,GDSC2_LN_IC50,Uprosertib,"AKT1, AKT2, AKT3",0.128707836714197
1557,DAB2,41,0.424582032363208,0.00566049779415512,GDSC2_LN_IC50,LCL161,"XIAP, IAP1, IAP2",0.241830777450484
1557,JUN,41,0.416674679258275,0.00672868970781949,GDSC2_LN_IC50,LCL161,"XIAP, IAP1, IAP2",0.204347532977461
1557,KLF4,41,0.369894390238752,0.0172964073212422,GDSC2_LN_IC50,LCL161,"XIAP, IAP1, IAP2",0.098756137023538
1557,SQSTM1,41,0.286166028101935,0.0697034999119735,GDSC2_LN_IC50,LCL161,"XIAP, IAP1, IAP2",0.174258749779934
1558,BACE1,46,0.449650847432279,0.00171824926871798,GDSC2_LN_IC50,Lapatinib,"EGFR, ERBB2",0.163233680528208
1558,BDNF,46,0.397189470698757,0.00627278779716248,GDSC2_LN_IC50,Lapatinib,"EGFR, ERBB2",0.119182968146087
1558,BMI1,46,0.506170428900589,0.000332066471325717,GDSC2_LN_IC50,Lapatinib,"EGFR, ERBB2",0.0473194721639147
1558,CTNNB1,46,0.30500230998289,0.0392942176255356,GDSC2_LN_IC50,Lapatinib,"EGFR, ERBB2",0.245680009150375
1558,FOXD1,46,0.43714371123792,0.00238384612812902,GDSC2_LN_IC50,Lapatinib,"EGFR, ERBB2",0.231755903380491
1558,GJA1,46,0.47530127849171,0.000843739999266285,GDSC2_LN_IC50,Lapatinib,"EGFR, ERBB2",0.0775076250939924
1558,GRHL1,46,-0.36100438078609,0.0137083141719405,GDSC2_LN_IC50,Lapatinib,"EGFR, ERBB2",0.182583159361501
1558,HBEGF,46,0.320104810046221,0.0301032534848318,GDSC2_LN_IC50,Lapatinib,"EGFR, ERBB2",0.178592206982359
1558,MMP14,46,0.377273463341782,0.00974732710340665,GDSC2_LN_IC50,Lapatinib,"EGFR, ERBB2",0.19842773031935
1558,MYBL2,46,0.43730141213956,0.00237420543636131,GDSC2_LN_IC50,Lapatinib,"EGFR, ERBB2",0.169162137340743
1558,NGF,46,0.339056982486131,0.0211634744604567,GDSC2_LN_IC50,Lapatinib,"EGFR, ERBB2",0.237383499464622
1558,NR4A1,46,-0.336037127077755,0.0224165111509347,GDSC2_LN_IC50,Lapatinib,"EGFR, ERBB2",0.17266772102747
1558,OPTN,46,0.435533263047564,0.00248429499146791,GDSC2_LN_IC50,Lapatinib,"EGFR, ERBB2",0.0708024072568355
1558,OXTR,46,0.341566778535771,0.0201673914243102,GDSC2_LN_IC50,Lapatinib,"EGFR, ERBB2",0.221065636766477
1558,REST,46,0.377646856312711,0.00966942736634901,GDSC2_LN_IC50,Lapatinib,"EGFR, ERBB2",0.229648899950789
1558,SPI1,46,0.500211253269949,0.000400318733060967,GDSC2_LN_IC50,Lapatinib,"EGFR, ERBB2",0.114090838922376
1558,UGCG,46,0.421548552227896,0.00352599160773844,GDSC2_LN_IC50,Lapatinib,"EGFR, ERBB2",0.100490760820545
1558,VHL,46,0.500505259546205,0.000396675523463006,GDSC2_LN_IC50,Lapatinib,"EGFR, ERBB2",0.0912846780894096
1558,YBX1,46,0.366719023473247,0.0121839332286632,GDSC2_LN_IC50,Lapatinib,"EGFR, ERBB2",0.129248724983141
1559,AR,46,0.433939926112205,0.00258733607605852,GDSC2_LN_IC50,Luminespib,HSP90,0.0670355256069708
1559,EPHA2,46,-0.318656454445709,0.0308991252338598,GDSC2_LN_IC50,Luminespib,HSP90,0.220156267291251
1559,ESR1,46,0.423464549086279,0.00336371794846266,GDSC2_LN_IC50,Luminespib,HSP90,0.0233819418368746
1559,ETS2,46,-0.366827527724648,0.0121564532855748,GDSC2_LN_IC50,Luminespib,HSP90,0.122552193126919
1559,GATA3,46,0.34736081420315,0.0180177362950765,GDSC2_LN_IC50,Luminespib,HSP90,0.100687349884251
1559,HDAC9,46,-0.319071324961556,0.0306693920953434,GDSC2_LN_IC50,Luminespib,HSP90,0.16698437816402
1559,IGFBP5,46,0.563070324918655,4.62718727496497e-05,GDSC2_LN_IC50,Luminespib,HSP90,0.00188392624766431
1559,ME1,46,0.413370447148586,0.0042984624465358,GDSC2_LN_IC50,Luminespib,HSP90,0.147443129496977
1559,MEF2C,46,-0.267181673043216,0.0726483334739663,GDSC2_LN_IC50,Luminespib,HSP90,0.209282522543688
1559,PBX1,46,0.342199620238835,0.0199225600004796,GDSC2_LN_IC50,Luminespib,HSP90,0.11780316801178
1559,RARA,46,0.469224531830063,0.00100358957781114,GDSC2_LN_IC50,Luminespib,HSP90,0.0346839835798346
1559,REST,46,0.452466523338194,0.00159343041027059,GDSC2_LN_IC50,Luminespib,HSP90,0.164681002256857
1559,RXRA,46,0.433089651257579,0.00264385186474654,GDSC2_LN_IC50,Luminespib,HSP90,0.0579613678040588
1559,SQSTM1,46,0.235349853401483,0.115372304528777,GDSC2_LN_IC50,Luminespib,HSP90,0.233199338941145
1559,VDR,46,0.408225625941839,0.00485699859352696,GDSC2_LN_IC50,Luminespib,HSP90,0.11549444045936
1559,YY1,46,0.449999560547519,0.00170233409306952,GDSC2_LN_IC50,Luminespib,HSP90,0.234129978705783
1560,BDNF,46,0.448789641844985,0.00175812162351662,GDSC2_LN_IC50,Alpelisib,PI3Kalpha,0.065200052163914
1560,CEBPA,46,-0.342185104795236,0.019928147487322,GDSC2_LN_IC50,Alpelisib,PI3Kalpha,0.186655745083828
1560,DAB2,46,0.420120327147652,0.00365138663410811,GDSC2_LN_IC50,Alpelisib,PI3Kalpha,0.241830777450484
1560,DKK3,46,0.331901568466833,0.0242330029958385,GDSC2_LN_IC50,Alpelisib,PI3Kalpha,0.209285025873151
1560,DNAJB4,46,0.337758261476373,0.0216949431939974,GDSC2_LN_IC50,Alpelisib,PI3Kalpha,0.236937122391961
1560,ETS1,46,0.33096834884896,0.0246595057413886,GDSC2_LN_IC50,Alpelisib,PI3Kalpha,0.190604624497768
1560,F8,46,0.425118310007697,0.00322896938251662,GDSC2_LN_IC50,Alpelisib,PI3Kalpha,0.230064068504309
1560,FOSL1,46,0.32151786408849,0.0293432433050833,GDSC2_LN_IC50,Alpelisib,PI3Kalpha,0.245499983345367
1560,FST,46,0.40486291481783,0.00525541409657864,GDSC2_LN_IC50,Alpelisib,PI3Kalpha,0.249632169587485
1560,GJA1,46,0.413625065816814,0.00427234380835968,GDSC2_LN_IC50,Alpelisib,PI3Kalpha,0.0966397008843613
1560,HBEGF,46,0.311011270161209,0.0353944063186623,GDSC2_LN_IC50,Alpelisib,PI3Kalpha,0.193988573092669
1560,HDAC3,46,0.264638760615431,0.0755173630127448,GDSC2_LN_IC50,Alpelisib,PI3Kalpha,0.218128738206494
1560,HDAC9,46,0.356461562592768,0.0150334068296542,GDSC2_LN_IC50,Alpelisib,PI3Kalpha,0.115797863417607
1560,LOX,46,0.329345156547198,0.0254162931616952,GDSC2_LN_IC50,Alpelisib,PI3Kalpha,0.226363860971348
1560,MMP14,46,0.418213688232541,0.00382487611910563,GDSC2_LN_IC50,Alpelisib,PI3Kalpha,0.136261211743138
1560,NGF,46,0.359580206673757,0.0141125745151214,GDSC2_LN_IC50,Alpelisib,PI3Kalpha,0.222482424015525
1560,NR4A1,46,-0.282024687018871,0.0575790003228383,GDSC2_LN_IC50,Alpelisib,PI3Kalpha,0.236017882684214
1560,OPTN,46,0.561714120528048,4.87037243396389e-05,GDSC2_LN_IC50,Alpelisib,PI3Kalpha,0.0121707708116958
1560,TGFB2,46,0.359960199600191,0.0140037304817733,GDSC2_LN_IC50,Alpelisib,PI3Kalpha,0.243720314995612
1560,UGCG,46,0.34550973109818,0.0186823877099822,GDSC2_LN_IC50,Alpelisib,PI3Kalpha,0.200020027568984
1560,XBP1,46,-0.325435695911662,0.0273189548647067,GDSC2_LN_IC50,Alpelisib,PI3Kalpha,0.168984016759238
1560,YBX1,46,0.364330363492962,0.0128024894232786,GDSC2_LN_IC50,Alpelisib,PI3Kalpha,0.130311053058372
1561,GJA1,46,0.329238619792635,0.0254666351903216,GDSC2_LN_IC50,Taselisib,PI3K (beta sparing),0.203845530561228
1561,OPTN,46,0.391160658189498,0.00718814853762212,GDSC2_LN_IC50,Taselisib,PI3K (beta sparing),0.102892263307212
1563,AXL,46,0.401497286613157,0.00568241191454575,GDSC2_LN_IC50,EPZ5676,DOT1L,0.124575953511195
1563,BCL2L1,46,0.310164809365289,0.0359236469017602,GDSC2_LN_IC50,EPZ5676,DOT1L,0.150562343632377
1563,BDNF,46,0.319639387698501,0.0303571274400645,GDSC2_LN_IC50,EPZ5676,DOT1L,0.227678455800484
1563,CTSB,46,0.43043451024227,0.00282740542491447,GDSC2_LN_IC50,EPZ5676,DOT1L,0.238382549750488
1563,DKK1,46,0.421738149845117,0.00350963299887414,GDSC2_LN_IC50,EPZ5676,DOT1L,0.232943193323991
1563,EGR3,46,0.379510249629216,0.00928862997415927,GDSC2_LN_IC50,EPZ5676,DOT1L,0.212244992712331
1563,FHL2,46,0.478037228264793,0.000779525143359745,GDSC2_LN_IC50,EPZ5676,DOT1L,0.222164665857527
1563,FN1,46,0.452504899746528,0.00159178635194601,GDSC2_LN_IC50,EPZ5676,DOT1L,0.221297726725318
1563,GJA1,46,0.441534747327644,0.00212795716027423,GDSC2_LN_IC50,EPZ5676,DOT1L,0.0802899854029677
1563,ITGA5,46,0.332538536160691,0.0239454526126999,GDSC2_LN_IC50,EPZ5676,DOT1L,0.228891970245894
1563,LIF,46,0.470183469156513,0.000976692117154173,GDSC2_LN_IC50,EPZ5676,DOT1L,0.0927857511296465
1563,OXTR,46,0.393264693311915,0.00685634683219795,GDSC2_LN_IC50,EPZ5676,DOT1L,0.139575631941173
1563,PLAU,46,0.364329905517348,0.0128026105428676,GDSC2_LN_IC50,EPZ5676,DOT1L,0.158793336640091
1563,RUNX2,46,0.370706719416927,0.0112082246899726,GDSC2_LN_IC50,EPZ5676,DOT1L,0.2457187720494
1563,SQSTM1,46,0.386002592638573,0.00806099807774895,GDSC2_LN_IC50,EPZ5676,DOT1L,0.0735224153270651
1563,UGCG,46,0.374251677840991,0.0103978564946342,GDSC2_LN_IC50,EPZ5676,DOT1L,0.140722493271247
1564,CACNA1H,46,0.285592956926139,0.0543594229952739,GDSC2_LN_IC50,SCH772984,"ERK1, ERK2",0.16137953701722
1564,CEBPA,46,0.330242102724118,0.0249957439060793,GDSC2_LN_IC50,SCH772984,"ERK1, ERK2",0.209523147448018
1564,EPHA2,46,-0.349411340884903,0.0173049196702133,GDSC2_LN_IC50,SCH772984,"ERK1, ERK2",0.157445112775508
1564,ESR1,46,0.264364928487461,0.0758315626730645,GDSC2_LN_IC50,SCH772984,"ERK1, ERK2",0.167534847766073
1564,ETS2,46,-0.355174421175963,0.0154280838755159,GDSC2_LN_IC50,SCH772984,"ERK1, ERK2",0.129232126655541
1564,GADD45G,46,0.434225528160389,0.00256859341607044,GDSC2_LN_IC50,SCH772984,"ERK1, ERK2",0.0430617131517691
1564,GATA3,46,0.264120598100594,0.0761127799532735,GDSC2_LN_IC50,SCH772984,"ERK1, ERK2",0.199010479694339
1564,HDAC9,46,-0.325760952141581,0.0271562624437299,GDSC2_LN_IC50,SCH772984,"ERK1, ERK2",0.164325534901396
1564,IGFBP5,46,0.344235923332701,0.0191516898678696,GDSC2_LN_IC50,SCH772984,"ERK1, ERK2",0.0827004789748916
1564,MEF2C,46,-0.318130371662916,0.0311924905787378,GDSC2_LN_IC50,SCH772984,"ERK1, ERK2",0.153273445085177
1564,PBX1,46,0.401891220661853,0.00563092115523254,GDSC2_LN_IC50,SCH772984,"ERK1, ERK2",0.0611183789547626
1564,PPARA,46,-0.249954911187986,0.0938690460334142,GDSC2_LN_IC50,SCH772984,"ERK1, ERK2",0.234672615083535
1564,RARA,46,0.292593561461862,0.0484644945586424,GDSC2_LN_IC50,SCH772984,"ERK1, ERK2",0.189210697934426
1564,SOX3,46,0.411215935275189,0.00452512293899022,GDSC2_LN_IC50,SCH772984,"ERK1, ERK2",0.0734360168561116
1564,SQSTM1,46,0.231625583133261,0.121411619528094,GDSC2_LN_IC50,SCH772984,"ERK1, ERK2",0.237406966618731
1564,TLR4,46,-0.456326595598082,0.00143541937252068,GDSC2_LN_IC50,SCH772984,"ERK1, ERK2",0.0511368151460491
1564,VHL,46,0.402632690742043,0.00553510537121546,GDSC2_LN_IC50,SCH772984,"ERK1, ERK2",0.245969273272929
1576,BCL2L1,41,0.287645472823753,0.0682085594666654,GDSC2_LN_IC50,IWP-2,PORCN,0.206802547319145
1576,FAS,41,0.397608460482451,0.010044044350283,GDSC2_LN_IC50,IWP-2,PORCN,0.220196356910049
1576,FN1,41,0.443221321602783,0.00370498067299047,GDSC2_LN_IC50,IWP-2,PORCN,0.221297726725318
1576,FOXF2,41,0.41379107790251,0.00715938201149587,GDSC2_LN_IC50,IWP-2,PORCN,0.120024933722137
1576,GJA1,41,0.32473458368809,0.0383097556743614,GDSC2_LN_IC50,IWP-2,PORCN,0.237353921025935
1576,ITGA5,41,0.373585872469803,0.0161294771569449,GDSC2_LN_IC50,IWP-2,PORCN,0.228891970245894
1576,PLAU,41,0.392994488393838,0.0110296089788284,GDSC2_LN_IC50,IWP-2,PORCN,0.158793336640091
1576,SQSTM1,41,0.344902142122857,0.0272156088324396,GDSC2_LN_IC50,IWP-2,PORCN,0.127154893725333
1576,VIM,41,0.389218475260834,0.0118964991968719,GDSC2_LN_IC50,IWP-2,PORCN,0.209978052228695
1578,BCL2L1,41,0.304027292046547,0.0532925047178693,GDSC2_LN_IC50,Leflunomide,Pyrimidine synthesis inhibitor,0.178686633465797
1578,CACNA1H,41,0.408340482108297,0.00803868593116885,GDSC2_LN_IC50,Leflunomide,Pyrimidine synthesis inhibitor,0.0718140398497118
1578,ESR1,41,0.371469266290376,0.0167901491150066,GDSC2_LN_IC50,Leflunomide,Pyrimidine synthesis inhibitor,0.055002212618125
1578,GATA3,41,0.285546441981006,0.070337202068881,GDSC2_LN_IC50,Leflunomide,Pyrimidine synthesis inhibitor,0.188515527640945
1578,HDAC3,41,-0.296453190272917,0.0598255625481089,GDSC2_LN_IC50,Leflunomide,Pyrimidine synthesis inhibitor,0.195980291105874
1578,HDAC9,41,-0.284121894020266,0.0718114306920246,GDSC2_LN_IC50,Leflunomide,Pyrimidine synthesis inhibitor,0.235244341922149
1578,IGFBP5,41,0.29404079706911,0.0620353633771159,GDSC2_LN_IC50,Leflunomide,Pyrimidine synthesis inhibitor,0.17680078562478
1578,MEF2C,41,-0.306067899445743,0.0516340168963157,GDSC2_LN_IC50,Leflunomide,Pyrimidine synthesis inhibitor,0.193306627526485
1578,PPARA,41,-0.322025401467465,0.0400479078394586,GDSC2_LN_IC50,Leflunomide,Pyrimidine synthesis inhibitor,0.138093949363308
1578,RARA,41,0.315119872523955,0.0447704704246257,GDSC2_LN_IC50,Leflunomide,Pyrimidine synthesis inhibitor,0.187640942220858
1578,SOX3,41,0.390842010580708,0.011516910147819,GDSC2_LN_IC50,Leflunomide,Pyrimidine synthesis inhibitor,0.105881270713819
1578,TLR4,41,-0.318907187557561,0.0421274868262618,GDSC2_LN_IC50,Leflunomide,Pyrimidine synthesis inhibitor,0.200406215408582
1580,GJA1,38,0.358709337991836,0.0269978777374563,GDSC2_LN_IC50,GSK2801,,0.203845530561228
1580,PLAU,38,0.395911798874282,0.0138739885402419,GDSC2_LN_IC50,GSK2801,,0.158793336640091
1580,SOX3,38,0.349611912429492,0.0314310347381682,GDSC2_LN_IC50,GSK2801,,0.168330142529062
1580,SQSTM1,38,0.259920940479921,0.115035039432949,GDSC2_LN_IC50,GSK2801,,0.233199338941145
1580,VIM,38,0.432074134789116,0.00675027421842997,GDSC2_LN_IC50,GSK2801,,0.209978052228695
1581,ESR1,38,0.460901323539228,0.00358929542598386,GDSC2_LN_IC50,Bromosporine,"CECR2, BRD2, BRD4, BRD9",0.0237895161954744
1581,GATA3,38,0.285254682599609,0.0825708437404878,GDSC2_LN_IC50,Bromosporine,"CECR2, BRD2, BRD4, BRD9",0.206427109351219
1581,HDAC3,38,-0.47246940017293,0.00274281544357394,GDSC2_LN_IC50,Bromosporine,"CECR2, BRD2, BRD4, BRD9",0.0703822714652627
1581,IGFBP5,38,0.26918152350393,0.102208648307276,GDSC2_LN_IC50,Bromosporine,"CECR2, BRD2, BRD4, BRD9",0.231186228314077
1581,KLF4,38,0.347968206998676,0.0322924601379366,GDSC2_LN_IC50,Bromosporine,"CECR2, BRD2, BRD4, BRD9",0.142003289766924
1581,ME1,38,0.530662972410243,0.00060949827674089,GDSC2_LN_IC50,Bromosporine,"CECR2, BRD2, BRD4, BRD9",0.0868535044355768
1581,MEF2C,38,-0.341989973070024,0.0355903294048976,GDSC2_LN_IC50,Bromosporine,"CECR2, BRD2, BRD4, BRD9",0.164733312237045
1581,RARA,38,0.309517001906348,0.0586263505883939,GDSC2_LN_IC50,Bromosporine,"CECR2, BRD2, BRD4, BRD9",0.215352168068894
1581,S100B,38,-0.626744850023685,2.55455040625414e-05,GDSC2_LN_IC50,Bromosporine,"CECR2, BRD2, BRD4, BRD9",0.00728046865782431
1581,SQSTM1,38,0.316495108222984,0.0528768594739258,GDSC2_LN_IC50,Bromosporine,"CECR2, BRD2, BRD4, BRD9",0.156923028019625
1581,TLR4,38,-0.312340515974298,0.0562428593806469,GDSC2_LN_IC50,Bromosporine,"CECR2, BRD2, BRD4, BRD9",0.246603306515144
1582,GJA1,38,0.346243178913314,0.0332172357844787,GDSC2_LN_IC50,SGC-CBP30,"EP300, CBP",0.210375826635032
1582,SOX3,38,0.467232826332228,0.00310149612562213,GDSC2_LN_IC50,SGC-CBP30,"EP300, CBP",0.0679943381386391
1583,ESR1,38,0.255048953407736,0.1222517413373,GDSC2_LN_IC50,GSK-LSD1,KDM1,0.23701868218456
1583,GATA3,38,0.279955268252787,0.0886916522032028,GDSC2_LN_IC50,GSK-LSD1,KDM1,0.216043768187289
1583,PPARA,38,-0.332537429248322,0.0413619792564312,GDSC2_LN_IC50,GSK-LSD1,KDM1,0.139959774460707
1583,SOX3,38,0.496293269884412,0.00152955931713091,GDSC2_LN_IC50,GSK-LSD1,KDM1,0.0435924405382311
1583,TLR4,38,-0.357503633178348,0.027553866928002,GDSC2_LN_IC50,GSK-LSD1,KDM1,0.178473910783649
1584,CTCF,38,-0.47795270667875,0.00240663099245457,GDSC2_LN_IC50,BDOCA000347a,"BRPF1, BRPF2, BRPF3",0.149131728814213
1584,FOXF2,38,0.358438972709439,0.0271217384395679,GDSC2_LN_IC50,BDOCA000347a,"BRPF1, BRPF2, BRPF3",0.220848441579339
1584,HBEGF,38,0.328499875600583,0.0440481748349301,GDSC2_LN_IC50,BDOCA000347a,"BRPF1, BRPF2, BRPF3",0.224173746927769
1584,NKX2-5,38,0.52398977167362,0.000734301101847208,GDSC2_LN_IC50,BDOCA000347a,"BRPF1, BRPF2, BRPF3",0.209275814026454
1584,RXRA,38,-0.40038258289603,0.0127434975585419,GDSC2_LN_IC50,BDOCA000347a,"BRPF1, BRPF2, BRPF3",0.139688338622478
1584,VIM,38,0.378887678221534,0.0189855587039957,GDSC2_LN_IC50,BDOCA000347a,"BRPF1, BRPF2, BRPF3",0.242526776118504
1585,SOX3,38,0.337495185117903,0.0382468835057056,GDSC2_LN_IC50,BDF00022089a,"BRPF1, BRPF2, BRPF3",0.175812287082679
1586,BCL2L1,38,0.350645122006125,0.0308992806664617,GDSC2_LN_IC50,BDILV000379a,"BAZ2A, BAZ2B",0.1422797564727
1586,BDNF,38,0.356247970205887,0.02814290999875,GDSC2_LN_IC50,BDILV000379a,"BAZ2A, BAZ2B",0.216776468909291
1593,BCL2L1,45,0.404561420562823,0.00584342840640694,GDSC2_LN_IC50,Entinostat,"HDAC1, HDAC3",0.0730004267996436
1593,GATA3,45,0.314718839535507,0.0352371294921747,GDSC2_LN_IC50,Entinostat,"HDAC1, HDAC3",0.13042314162688
1593,IGFBP5,45,0.257330159779835,0.0879115807393969,GDSC2_LN_IC50,Entinostat,"HDAC1, HDAC3",0.214143594108787
1593,ITGA5,45,0.338804126605839,0.0228097781349587,GDSC2_LN_IC50,Entinostat,"HDAC1, HDAC3",0.228891970245894
1593,MBD2,45,-0.479691718969174,0.000855231580385988,GDSC2_LN_IC50,Entinostat,"HDAC1, HDAC3",0.243741000410007
1593,OXTR,45,0.316509764363751,0.0341531011218878,GDSC2_LN_IC50,Entinostat,"HDAC1, HDAC3",0.24334084549345
1593,SQSTM1,45,0.324558885266609,0.0296148705495671,GDSC2_LN_IC50,Entinostat,"HDAC1, HDAC3",0.129599478263795
1593,UGCG,45,0.390989285085987,0.00791519332188928,GDSC2_LN_IC50,Entinostat,"HDAC1, HDAC3",0.125323894263247
1594,REST,46,0.475321405548551,0.000843250815749103,GDSC2_LN_IC50,OSI-027,"MTORC1, MTORC2",0.164681002256857
1594,SOX3,46,0.314848044311398,0.033075396426763,GDSC2_LN_IC50,OSI-027,"MTORC1, MTORC2",0.168330142529062
1598,AXL,46,0.422546658921031,0.00344062002748616,GDSC2_LN_IC50,LGK974,PORCN,0.0980576707833555
1598,BCL2L1,46,0.363452771571542,0.0130363871652398,GDSC2_LN_IC50,LGK974,PORCN,0.0984364611640788
1598,BDNF,46,0.387660519232728,0.00777096141345584,GDSC2_LN_IC50,LGK974,PORCN,0.124365477499685
1598,DBI,46,-0.459785853570963,0.00130582346612468,GDSC2_LN_IC50,LGK974,PORCN,0.186079843922766
1598,DKK3,46,0.449937617703369,0.00170515155468037,GDSC2_LN_IC50,LGK974,PORCN,0.0694240275834153
1598,FHL1,46,0.326347456246249,0.0268649343715243,GDSC2_LN_IC50,LGK974,PORCN,0.246984074060788
1598,FOXF2,46,0.411855573035313,0.00445676530050129,GDSC2_LN_IC50,LGK974,PORCN,0.10495094478198
1598,GJA1,46,0.42677309565061,0.00309891171730752,GDSC2_LN_IC50,LGK974,PORCN,0.0802899854029677
1598,GRHL1,46,-0.396833386999446,0.00632389024463816,GDSC2_LN_IC50,LGK974,PORCN,0.146605448532504
1598,OXTR,46,0.322745315473061,0.0286960565846325,GDSC2_LN_IC50,LGK974,PORCN,0.233667889332007
1598,PLAU,46,0.407743746086289,0.0049124212830591,GDSC2_LN_IC50,LGK974,PORCN,0.141951921332149
1598,UGCG,46,0.332412135114114,0.0240022863439553,GDSC2_LN_IC50,LGK974,PORCN,0.226187464023429
1613,AR,41,0.413407698525985,0.00721839564250365,GDSC2_LN_IC50,VE-822,ATR,0.0979639408625495
1613,CACNA1H,41,0.302767981687441,0.0543371506833596,GDSC2_LN_IC50,VE-822,ATR,0.16137953701722
1613,CTNNB1,41,-0.464019489385471,0.00224401821018691,GDSC2_LN_IC50,VE-822,ATR,0.0859026076267038
1613,DNMT1,41,-0.492226967395856,0.00107951050740076,GDSC2_LN_IC50,VE-822,ATR,0.153830247304608
1613,EPHA2,41,-0.396009573518523,0.0103766788996905,GDSC2_LN_IC50,VE-822,ATR,0.138972940046661
1613,ESR1,41,0.483569459076229,0.00136033279086403,GDSC2_LN_IC50,VE-822,ATR,0.0138462444784375
1613,ETS1,41,-0.388212852530118,0.0121369216976651,GDSC2_LN_IC50,VE-822,ATR,0.164715365896883
1613,GADD45G,41,0.390006617716622,0.0117109181833862,GDSC2_LN_IC50,VE-822,ATR,0.133504467290603
1613,GATA3,41,0.482578211930393,0.00139629263416814,GDSC2_LN_IC50,VE-822,ATR,0.0180883363971782
1613,GLS,41,-0.468588045864811,0.00200152022897997,GDSC2_LN_IC50,VE-822,ATR,0.0475361054382744
1613,HBEGF,41,-0.305140888900624,0.0523822183518719,GDSC2_LN_IC50,VE-822,ATR,0.248815537171391
1613,HDAC3,41,-0.502687905932693,0.000809713307808297,GDSC2_LN_IC50,VE-822,ATR,0.0582439596290328
1613,HDAC9,41,-0.325754150984675,0.0376717962521322,GDSC2_LN_IC50,VE-822,ATR,0.189794089234201
1613,IGFBP5,41,0.46579078058794,0.00214709068030484,GDSC2_LN_IC50,VE-822,ATR,0.0185430558753599
1613,ILF3,41,-0.44107579798135,0.00389488249334757,GDSC2_LN_IC50,VE-822,ATR,0.0853878085080044
1613,KLF4,41,0.330034439863204,0.0350875962699157,GDSC2_LN_IC50,VE-822,ATR,0.147657435160899
1613,LDHA,41,-0.408024195523365,0.00809244305857539,GDSC2_LN_IC50,VE-822,ATR,0.174309210877631
1613,MEF2C,41,-0.558396404580988,0.000148281614370629,GDSC2_LN_IC50,VE-822,ATR,0.0142461506164174
1613,PBX1,41,0.399720097528729,0.00961874773462086,GDSC2_LN_IC50,VE-822,ATR,0.0806277383637337
1613,POU5F1,41,-0.574557972196649,8.54789899085385e-05,GDSC2_LN_IC50,VE-822,ATR,0.0216305720919445
1613,PPARA,41,-0.411252337438925,0.00755803756593126,GDSC2_LN_IC50,VE-822,ATR,0.0694851840738842
1613,RARA,41,0.323723828087748,0.038950884052229,GDSC2_LN_IC50,VE-822,ATR,0.173453155545082
1613,SMAD6,41,-0.444645377530281,0.0035834467408057,GDSC2_LN_IC50,VE-822,ATR,0.204256464225925
1613,TLR4,41,-0.344442035950172,0.0274351095378312,GDSC2_LN_IC50,VE-822,ATR,0.178473910783649
1613,TYMS,41,-0.477190681732621,0.00160685415088069,GDSC2_LN_IC50,VE-822,ATR,0.137636120730055
1613,XBP1,41,0.307277393804795,0.0506707638087727,GDSC2_LN_IC50,VE-822,ATR,0.233495138451425
1614,AR,41,0.32944347444947,0.0354354875184124,GDSC2_LN_IC50,WZ4003,"NUAK1, NUAK2",0.200709268420542
1614,ESR1,41,0.252225433768169,0.111625724866283,GDSC2_LN_IC50,WZ4003,"NUAK1, NUAK2",0.219402286806142
1614,HDAC3,41,-0.294389368958237,0.0617121125461913,GDSC2_LN_IC50,WZ4003,"NUAK1, NUAK2",0.196464757839522
1614,IGFBP5,41,0.296001069049571,0.0602348666530366,GDSC2_LN_IC50,WZ4003,"NUAK1, NUAK2",0.175172826490974
1614,KLF4,41,0.281845544633066,0.0742175290287506,GDSC2_LN_IC50,WZ4003,"NUAK1, NUAK2",0.200237768414917
1614,MEF2C,41,-0.320792045035685,0.0408602171936161,GDSC2_LN_IC50,WZ4003,"NUAK1, NUAK2",0.164733312237045
1614,RARA,41,0.330791363015151,0.0346461049725101,GDSC2_LN_IC50,WZ4003,"NUAK1, NUAK2",0.159260321244603
1614,REST,41,0.376728439525333,0.0151891311729952,GDSC2_LN_IC50,WZ4003,"NUAK1, NUAK2",0.237743381006208
1614,TLR4,41,-0.336725897962373,0.0313402878594123,GDSC2_LN_IC50,WZ4003,"NUAK1, NUAK2",0.181253932357382
1615,AR,41,0.317206370677124,0.0432982682699916,GDSC2_LN_IC50,CZC24832,PI3Kgamma,0.20566677428246
1615,EPHA2,41,-0.379858355822115,0.0142990883307519,GDSC2_LN_IC50,CZC24832,PI3Kgamma,0.142839596804606
1615,HDAC3,41,-0.273014076770483,0.0841566103465066,GDSC2_LN_IC50,CZC24832,PI3Kgamma,0.230621480276485
1615,HDAC9,41,-0.300263523474888,0.0564634573547412,GDSC2_LN_IC50,CZC24832,PI3Kgamma,0.199582901524376
1615,NR4A1,41,0.287179939328448,0.0686762122387918,GDSC2_LN_IC50,CZC24832,PI3Kgamma,0.236017882684214
1615,PBX1,41,0.397207122455856,0.0101266696776962,GDSC2_LN_IC50,CZC24832,PI3Kgamma,0.0824600245183831
1615,TLR4,41,-0.41746692948418,0.00661435174235954,GDSC2_LN_IC50,CZC24832,PI3Kgamma,0.0897662022177366
1618,CAV1,41,0.367257931763789,0.018172697406784,GDSC2_LN_IC50,GSK2606414,PERK,0.200788837875787
1618,DKK3,41,0.44530841928369,0.00352805898802321,GDSC2_LN_IC50,GSK2606414,PERK,0.111721867954068
1618,DNAJB4,41,0.339432068711782,0.0299215899942965,GDSC2_LN_IC50,GSK2606414,PERK,0.241961049135148
1618,ETS1,41,0.357881341869147,0.0215977456530662,GDSC2_LN_IC50,GSK2606414,PERK,0.190604624497768
1618,EXT1,41,0.4168682498425,0.00670059712005633,GDSC2_LN_IC50,GSK2606414,PERK,0.223253885368768
1618,FHL1,41,0.383307327408054,0.013369894821983,GDSC2_LN_IC50,GSK2606414,PERK,0.176110517913848
1618,FOXC2,41,0.450019785134766,0.00315558590724601,GDSC2_LN_IC50,GSK2606414,PERK,0.179868396713023
1618,GLS,41,0.360932946096896,0.0204282940064336,GDSC2_LN_IC50,GSK2606414,PERK,0.204738631695121
1618,HBEGF,41,0.307831047870781,0.0502346807714303,GDSC2_LN_IC50,GSK2606414,PERK,0.244283144930359
1618,LOX,41,0.372045757828027,0.0166079824485137,GDSC2_LN_IC50,GSK2606414,PERK,0.180635022718777
1618,NGF,41,0.509580222330312,0.00066656988087715,GDSC2_LN_IC50,GSK2606414,PERK,0.0401029378754077
1618,OPTN,41,0.411106328996716,0.00758153519105776,GDSC2_LN_IC50,GSK2606414,PERK,0.102892263307212
1618,OXTR,41,0.343427367404235,0.0279243615991184,GDSC2_LN_IC50,GSK2606414,PERK,0.233667889332007
1618,SQSTM1,41,0.552702232196878,0.00017884240391842,GDSC2_LN_IC50,GSK2606414,PERK,0.016957548777651
1618,TYMS,41,0.419909171791393,0.00627238202956419,GDSC2_LN_IC50,GSK2606414,PERK,0.162511716220527
1618,VIM,41,0.363260688229338,0.0195723363183354,GDSC2_LN_IC50,GSK2606414,PERK,0.242526776118504
1618,XBP1,41,-0.381265200929645,0.0139136643058013,GDSC2_LN_IC50,GSK2606414,PERK,0.112579317985825
1620,BCL2L1,41,0.265160622910115,0.0938378485024759,GDSC2_LN_IC50,PFI3,"Polybromo 1, SMARCA4, SMARCA2",0.243054874394255
1620,FOXD3,41,0.499268172446538,0.000890424183321706,GDSC2_LN_IC50,PFI3,"Polybromo 1, SMARCA4, SMARCA2",0.126885446123343
1620,FOXF2,41,0.332822065223895,0.0334841307554291,GDSC2_LN_IC50,PFI3,"Polybromo 1, SMARCA4, SMARCA2",0.244691724751213
1620,SQSTM1,41,0.372046508132526,0.0166077464492389,GDSC2_LN_IC50,PFI3,"Polybromo 1, SMARCA4, SMARCA2",0.100706547617725
1621,BCL2L1,41,0.290054563885929,0.0658285562640742,GDSC2_LN_IC50,PCI-34051,"HDAC8, HDAC6, HDAC1",0.203925418861534
1621,CD2AP,41,-0.507143026637263,0.000714370915642796,GDSC2_LN_IC50,PCI-34051,"HDAC8, HDAC6, HDAC1",0.203595710958197
1621,DAB2,41,0.434600771775425,0.00452041943092615,GDSC2_LN_IC50,PCI-34051,"HDAC8, HDAC6, HDAC1",0.241830777450484
1621,DKK1,41,0.452392604645778,0.00298138514805411,GDSC2_LN_IC50,PCI-34051,"HDAC8, HDAC6, HDAC1",0.232943193323991
1621,KLF4,41,0.406928448610062,0.00828107736374833,GDSC2_LN_IC50,PCI-34051,"HDAC8, HDAC6, HDAC1",0.084449060968457
1621,NGF,41,0.357732881423825,0.0216560385476498,GDSC2_LN_IC50,PCI-34051,"HDAC8, HDAC6, HDAC1",0.237383499464622
1621,OXTR,41,0.346878513347333,0.0262892421866653,GDSC2_LN_IC50,PCI-34051,"HDAC8, HDAC6, HDAC1",0.233667889332007
1621,SQSTM1,41,0.529085100188465,0.000375712032786968,GDSC2_LN_IC50,PCI-34051,"HDAC8, HDAC6, HDAC1",0.017846321557381
1622,AXL,41,0.489387373350301,0.00116533994721899,GDSC2_LN_IC50,Wnt-C59,PORCN,0.0830304712393534
1622,BDNF,41,0.364505313377767,0.0191271480861623,GDSC2_LN_IC50,Wnt-C59,PORCN,0.184428826611315
1622,CAV1,41,0.47109801226249,0.00187837987186613,GDSC2_LN_IC50,Wnt-C59,PORCN,0.0456918334578921
1622,DAB2,41,0.461469209290008,0.00239033299152315,GDSC2_LN_IC50,Wnt-C59,PORCN,0.241830777450484
1622,DKK3,41,0.567113147163051,0.000110561802517226,GDSC2_LN_IC50,Wnt-C59,PORCN,0.0315101137174093
1622,DNAJB4,41,0.427646518017853,0.00528791426511284,GDSC2_LN_IC50,Wnt-C59,PORCN,0.121491495008776
1622,ETS1,41,0.416791537198118,0.00671171816435729,GDSC2_LN_IC50,Wnt-C59,PORCN,0.107557777219189
1622,FOSL1,41,0.419164364896435,0.00637501349336843,GDSC2_LN_IC50,Wnt-C59,PORCN,0.102445805820652
1622,FOXF2,41,0.430015205911147,0.00501468888186191,GDSC2_LN_IC50,Wnt-C59,PORCN,0.10495094478198
1622,HBEGF,41,0.311827855483585,0.0471755303423639,GDSC2_LN_IC50,Wnt-C59,PORCN,0.23587765171182
1622,HES1,41,-0.399226345151926,0.009716785406423,GDSC2_LN_IC50,Wnt-C59,PORCN,0.230773653402546
1622,ITGA5,41,0.349366366961226,0.0251604969679216,GDSC2_LN_IC50,Wnt-C59,PORCN,0.228891970245894
1622,ITGB1,41,0.355665137455517,0.022481709332087,GDSC2_LN_IC50,Wnt-C59,PORCN,0.206686682569187
1622,LOX,41,0.360353322210966,0.020646243620475,GDSC2_LN_IC50,Wnt-C59,PORCN,0.201604003070354
1622,NGF,41,0.491052839606592,0.00111429392230638,GDSC2_LN_IC50,Wnt-C59,PORCN,0.0453676811224738
1622,OXTR,41,0.374410988760044,0.0158779429445552,GDSC2_LN_IC50,Wnt-C59,PORCN,0.188550572466593
1622,PLAU,41,0.402465106123712,0.00908901434601989,GDSC2_LN_IC50,Wnt-C59,PORCN,0.158793336640091
1622,SQSTM1,41,0.505161252179943,0.000755469740409835,GDSC2_LN_IC50,Wnt-C59,PORCN,0.0269136095021004
1622,VIM,41,0.435497501282701,0.00442888431204088,GDSC2_LN_IC50,Wnt-C59,PORCN,0.209978052228695
1622,XBP1,41,-0.392002994011383,0.0112518427459872,GDSC2_LN_IC50,Wnt-C59,PORCN,0.106892506086879
1624,BCL2L1,41,0.296318200647585,0.0599475355261174,GDSC2_LN_IC50,I-BET-762,"BRD2, BRD3, BRD4",0.189833862499372
1624,ESR1,41,0.272949839157151,0.0842325162788636,GDSC2_LN_IC50,I-BET-762,"BRD2, BRD3, BRD4",0.175507280046041
1624,IGFBP5,41,0.268557261323121,0.0895504445263697,GDSC2_LN_IC50,I-BET-762,"BRD2, BRD3, BRD4",0.21628709059335
1624,KLF4,41,0.375694905405342,0.0154931380588407,GDSC2_LN_IC50,I-BET-762,"BRD2, BRD3, BRD4",0.0949855712901585
1624,ME1,41,0.456406308694204,0.00270585033803443,GDSC2_LN_IC50,I-BET-762,"BRD2, BRD3, BRD4",0.128527891056636
1624,S100B,41,-0.42113413698016,0.00610669281854485,GDSC2_LN_IC50,I-BET-762,"BRD2, BRD3, BRD4",0.222224489698954
1624,SP1,41,0.527552526629493,0.00039351916334272,GDSC2_LN_IC50,I-BET-762,"BRD2, BRD3, BRD4",0.112152961552675
1624,SQSTM1,41,0.330179774117613,0.0350024710044316,GDSC2_LN_IC50,I-BET-762,"BRD2, BRD3, BRD4",0.134806814003554
1625,BCL2L1,41,0.362487901822005,0.0198531041508704,GDSC2_LN_IC50,RVX-208,BRD4,0.120385844319108
1625,ESR1,41,0.350038347081316,0.0248626282226785,GDSC2_LN_IC50,RVX-208,BRD4,0.0715258864962352
1625,S100B,41,-0.439054738553784,0.00408147973385001,GDSC2_LN_IC50,RVX-208,BRD4,0.222224489698954
1625,SQSTM1,41,0.398424084141922,0.00987790381566544,GDSC2_LN_IC50,RVX-208,BRD4,0.0804343596418472
1625,TLR4,41,-0.330600716260719,0.0347568718801372,GDSC2_LN_IC50,RVX-208,BRD4,0.183439046034058
1626,BCL2L1,41,0.490009122046495,0.00114604576775099,GDSC2_LN_IC50,OTX015,"BRD2, BRD3, BRD4",0.0481131841960073
1626,ESR1,41,0.31125858851254,0.0476018174494893,GDSC2_LN_IC50,OTX015,"BRD2, BRD3, BRD4",0.118790457067311
1626,IGFBP5,41,0.253629036241151,0.10958033187393,GDSC2_LN_IC50,OTX015,"BRD2, BRD3, BRD4",0.23846754443213
1626,KLF4,41,0.526954493211056,0.000400670678348972,GDSC2_LN_IC50,OTX015,"BRD2, BRD3, BRD4",0.0524847036262574
1626,ME1,41,0.479651750497464,0.00150741743513461,GDSC2_LN_IC50,OTX015,"BRD2, BRD3, BRD4",0.107403492253341
1626,MEF2C,41,-0.269818099389287,0.0879981053209519,GDSC2_LN_IC50,OTX015,"BRD2, BRD3, BRD4",0.230086789141939
1626,S100B,41,-0.499845744753965,0.000876309398768269,GDSC2_LN_IC50,OTX015,"BRD2, BRD3, BRD4",0.116441295938952
1626,SQSTM1,41,0.392443122139792,0.0111527253340923,GDSC2_LN_IC50,OTX015,"BRD2, BRD3, BRD4",0.0836454400056923
1626,UGCG,41,0.339472658183024,0.0299007218744274,GDSC2_LN_IC50,OTX015,"BRD2, BRD3, BRD4",0.231417230730372
1627,AXL,41,0.354162884553764,0.0230979234166809,GDSC2_LN_IC50,GSK343,EZH2,0.226996833577727
1627,BDNF,41,0.347095446535661,0.0261891749803768,GDSC2_LN_IC50,GSK343,EZH2,0.216099721138592
1627,FN1,41,0.414917786119997,0.00698834926501003,GDSC2_LN_IC50,GSK343,EZH2,0.221297726725318
1627,GJA1,41,0.403870957475444,0.00882753955307019,GDSC2_LN_IC50,GSK343,EZH2,0.147991104272059
1627,LDHA,41,0.314815142042366,0.0449888386274014,GDSC2_LN_IC50,GSK343,EZH2,0.24134058419516
1627,LIF,41,0.401590972528639,0.00925492113465555,GDSC2_LN_IC50,GSK343,EZH2,0.239786593034257
1627,NRP1,41,0.439322018556753,0.00405636395642336,GDSC2_LN_IC50,GSK343,EZH2,0.231913493723973
1627,OXTR,41,0.352016886195945,0.0240025889663305,GDSC2_LN_IC50,GSK343,EZH2,0.233667889332007
1627,PLAU,41,0.420683393665148,0.00616721478391048,GDSC2_LN_IC50,GSK343,EZH2,0.141951921332149
1627,SQSTM1,41,0.306716000109255,0.0511160488213589,GDSC2_LN_IC50,GSK343,EZH2,0.156832089344275
1627,VIM,41,0.419774498852195,0.00629083291187202,GDSC2_LN_IC50,GSK343,EZH2,0.209978052228695
1627,YBX1,41,0.416346048484107,0.00677661626366465,GDSC2_LN_IC50,GSK343,EZH2,0.10770854104656
1629,AR,41,-0.379571369420524,0.0143788131686622,GDSC2_LN_IC50,ML323,"USP1, UAF1",0.1241806591839
1629,AXL,41,0.540087345171563,0.000267690879526176,GDSC2_LN_IC50,ML323,"USP1, UAF1",0.0381459503324801
1629,BCL2L1,41,0.326351535889373,0.0373020554873067,GDSC2_LN_IC50,ML323,"USP1, UAF1",0.154073707447571
1629,BDNF,41,0.52060644012661,0.000484092882174856,GDSC2_LN_IC50,ML323,"USP1, UAF1",0.065200052163914
1629,CACNA1H,41,-0.267339372311973,0.091069939359273,GDSC2_LN_IC50,ML323,"USP1, UAF1",0.242569464648531
1629,CAV1,41,0.556460666672452,0.000158095307943726,GDSC2_LN_IC50,ML323,"USP1, UAF1",0.0225285813819809
1629,CD44,41,0.462947901431735,0.00230450840596114,GDSC2_LN_IC50,ML323,"USP1, UAF1",0.125298351982624
1629,CEBPA,41,-0.542190679729307,0.000250558086273883,GDSC2_LN_IC50,ML323,"USP1, UAF1",0.0267599611799639
1629,DKK3,41,0.512214178056854,0.000618139562268377,GDSC2_LN_IC50,ML323,"USP1, UAF1",0.0671731038466243
1629,DNAJB4,41,0.378309024895223,0.0147339792434331,GDSC2_LN_IC50,ML323,"USP1, UAF1",0.198522722338096
1629,ETS1,41,0.507633649529469,0.000704509460682694,GDSC2_LN_IC50,ML323,"USP1, UAF1",0.0431058286246849
1629,ETS2,41,0.367551437379557,0.0180733328294812,GDSC2_LN_IC50,ML323,"USP1, UAF1",0.13921350963249
1629,FHL1,41,0.487068374437525,0.00123987121153771,GDSC2_LN_IC50,ML323,"USP1, UAF1",0.0459044295178594
1629,FOSL1,41,0.503931560745526,0.000782019360272563,GDSC2_LN_IC50,ML323,"USP1, UAF1",0.0371459196129467
1629,FOXF2,41,0.541233877820817,0.000258225364679619,GDSC2_LN_IC50,ML323,"USP1, UAF1",0.0367971144668457
1629,GJA1,41,0.340219405652125,0.0295189389957697,GDSC2_LN_IC50,ML323,"USP1, UAF1",0.203845530561228
1629,GRHL1,41,-0.501911140396022,0.000827450683531118,GDSC2_LN_IC50,ML323,"USP1, UAF1",0.0786078149354562
1629,HBEGF,41,0.474159733911323,0.00173725407138674,GDSC2_LN_IC50,ML323,"USP1, UAF1",0.0711315258367033
1629,HDAC9,41,0.301724304421007,0.0552153043121008,GDSC2_LN_IC50,ML323,"USP1, UAF1",0.199582901524376
1629,IL15,41,0.485963112570146,0.00127685849381138,GDSC2_LN_IC50,ML323,"USP1, UAF1",0.181952335368122
1629,IL6,41,0.449909078793499,0.00316392658968467,GDSC2_LN_IC50,ML323,"USP1, UAF1",0.157295018868027
1629,ITGA5,41,0.508155499951835,0.000694153832483801,GDSC2_LN_IC50,ML323,"USP1, UAF1",0.0840816880459994
1629,ITGB1,41,0.517687020563957,0.000527434567170084,GDSC2_LN_IC50,ML323,"USP1, UAF1",0.0522860847699644
1629,LIF,41,0.471413295290209,0.0018633945216399,GDSC2_LN_IC50,ML323,"USP1, UAF1",0.132766859666843
1629,LOX,41,0.422436383584134,0.00593471611722777,GDSC2_LN_IC50,ML323,"USP1, UAF1",0.132070462719575
1629,MET,41,0.468857285699771,0.00198797898157416,GDSC2_LN_IC50,ML323,"USP1, UAF1",0.113314801949727
1629,MMP14,41,0.405587479940822,0.00851705864370111,GDSC2_LN_IC50,ML323,"USP1, UAF1",0.187905522340638
1629,MYB,41,-0.491117668466288,0.00111234772848509,GDSC2_LN_IC50,ML323,"USP1, UAF1",0.0792547756545625
1629,NGF,41,0.520233467396451,0.000489446207798019,GDSC2_LN_IC50,ML323,"USP1, UAF1",0.0401029378754077
1629,NT5E,41,0.501952409694825,0.00082649966691533,GDSC2_LN_IC50,ML323,"USP1, UAF1",0.129391931645281
1629,OPTN,41,0.497475694692243,0.000935526588412588,GDSC2_LN_IC50,ML323,"USP1, UAF1",0.0333281347121985
1629,OXTR,41,0.470429538110223,0.00191050447824939,GDSC2_LN_IC50,ML323,"USP1, UAF1",0.108898755260215
1629,PBX1,41,-0.326529698531327,0.0371923612169505,GDSC2_LN_IC50,ML323,"USP1, UAF1",0.161735458691352
1629,PLAU,41,0.61942177640883,1.5745255876215e-05,GDSC2_LN_IC50,ML323,"USP1, UAF1",0.00448739792472127
1629,PPARA,41,0.315288468382372,0.0446500250991835,GDSC2_LN_IC50,ML323,"USP1, UAF1",0.146267323600774
1629,RARA,41,-0.312815241569367,0.0464434601038893,GDSC2_LN_IC50,ML323,"USP1, UAF1",0.189091230422978
1629,RXRA,41,-0.432058459689685,0.0047889367448068,GDSC2_LN_IC50,ML323,"USP1, UAF1",0.0811820343131849
1629,S100A2,41,0.466094129153685,0.00213086610084498,GDSC2_LN_IC50,ML323,"USP1, UAF1",0.101216139790136
1629,SERPINE1,41,0.515301911120107,0.000565387046742952,GDSC2_LN_IC50,ML323,"USP1, UAF1",0.0805676541608707
1629,SNAI2,41,0.476246517258752,0.00164651434784766,GDSC2_LN_IC50,ML323,"USP1, UAF1",0.0521396210151759
1629,SQSTM1,41,0.34996295612466,0.0248958999724129,GDSC2_LN_IC50,ML323,"USP1, UAF1",0.126702348073887
1629,TGFB2,41,0.462571844335326,0.00232607397643719,GDSC2_LN_IC50,ML323,"USP1, UAF1",0.225026532142044
1629,TGFBR2,41,0.391145065191187,0.0114472106324119,GDSC2_LN_IC50,ML323,"USP1, UAF1",0.233032502159813
1629,VDR,41,-0.359769677684948,0.0208676697110705,GDSC2_LN_IC50,ML323,"USP1, UAF1",0.220269846950188
1629,VIM,41,0.408501402769945,0.00801145339593597,GDSC2_LN_IC50,ML323,"USP1, UAF1",0.209978052228695
1629,XBP1,41,-0.397739623192037,0.0100171666220767,GDSC2_LN_IC50,ML323,"USP1, UAF1",0.0984445685273057
1630,CACNA1H,41,0.274234873465588,0.0827241515943364,GDSC2_LN_IC50,Entospletinib,SYK,0.222418709475338
1630,CTNNB1,41,-0.396904830540278,0.0101892871465288,GDSC2_LN_IC50,Entospletinib,SYK,0.13828318270289
1630,EPHA2,41,-0.418103220367383,0.00652374080495764,GDSC2_LN_IC50,Entospletinib,SYK,0.103292562745163
1630,ETS2,41,-0.351472940323297,0.0242365253848629,GDSC2_LN_IC50,Entospletinib,SYK,0.161083836274327
1630,GATA3,41,0.360201165367105,0.02070377914783,GDSC2_LN_IC50,Entospletinib,SYK,0.107283219220574
1630,HDAC9,41,-0.378561382186899,0.014662389469978,GDSC2_LN_IC50,Entospletinib,SYK,0.115797863417607
1630,IGFBP5,41,0.266747779495003,0.0918151887457104,GDSC2_LN_IC50,Entospletinib,SYK,0.219552285382363
1630,MEF2C,41,-0.322884816997707,0.0394897007240946,GDSC2_LN_IC50,Entospletinib,SYK,0.164733312237045
1630,PBX1,41,0.383542820497114,0.0133083651061717,GDSC2_LN_IC50,Entospletinib,SYK,0.0925093672014371
1630,PPARA,41,-0.279358158595207,0.0769185909324293,GDSC2_LN_IC50,Entospletinib,SYK,0.206809419016437
1630,SOX3,41,0.301893532838376,0.055072147982167,GDSC2_LN_IC50,Entospletinib,SYK,0.209274162332234
1630,TLR4,41,-0.501787612649811,0.000830303106642291,GDSC2_LN_IC50,Entospletinib,SYK,0.0394393975655088
1631,AR,41,0.318754438021819,0.0422315708697245,GDSC2_LN_IC50,PRT062607,SYK,0.205044146541167
1631,CACNA1H,41,0.331301089909294,0.0343513725018169,GDSC2_LN_IC50,PRT062607,SYK,0.119080254616112
1631,ESR1,41,0.326723391018712,0.0370734047415893,GDSC2_LN_IC50,PRT062607,SYK,0.098268465544417
1631,GATA3,41,0.306808863198566,0.0510421753697532,GDSC2_LN_IC50,PRT062607,SYK,0.153878999867263
1631,HDAC3,41,-0.348933217989057,0.025354067442314,GDSC2_LN_IC50,PRT062607,SYK,0.145596817502531
1631,HDAC9,41,-0.303696358698269,0.0535654523599552,GDSC2_LN_IC50,PRT062607,SYK,0.199582901524376
1631,IGFBP5,41,0.314095887330747,0.0455076756099921,GDSC2_LN_IC50,PRT062607,SYK,0.152584559398209
1631,KLF4,41,0.293149112650012,0.062868402119901,GDSC2_LN_IC50,PRT062607,SYK,0.192661232302922
1631,MEF2C,41,-0.412575043941514,0.00734801234945312,GDSC2_LN_IC50,PRT062607,SYK,0.0851140295710596
1631,PBX1,41,0.298415789903569,0.058074449767879,GDSC2_LN_IC50,PRT062607,SYK,0.214950885504487
1631,PPARA,41,-0.293505718073903,0.0625341906615614,GDSC2_LN_IC50,PRT062607,SYK,0.181945115738446
1631,RARA,41,0.480592375063349,0.00147087543137967,GDSC2_LN_IC50,PRT062607,SYK,0.0419199497943205
1631,RXRA,41,0.4489321150484,0.00323837229871215,GDSC2_LN_IC50,PRT062607,SYK,0.0659240075094973
1631,SQSTM1,41,0.322051800114718,0.0400306661898897,GDSC2_LN_IC50,PRT062607,SYK,0.141672535523213
1632,AXL,45,0.366518322658972,0.0132737194327918,GDSC2_LN_IC50,Ribociclib,"CDK4, CDK6",0.220030580928325
1632,BDNF,45,0.347511222330958,0.019335636489493,GDSC2_LN_IC50,Ribociclib,"CDK4, CDK6",0.184428826611315
1632,DKK3,45,0.411504170906824,0.00497918534795774,GDSC2_LN_IC50,Ribociclib,"CDK4, CDK6",0.119740150713613
1632,GJA1,45,0.323877027213383,0.0299788277984568,GDSC2_LN_IC50,Ribociclib,"CDK4, CDK6",0.203845530561228
1632,PLAU,45,0.340670968835695,0.0220238843101547,GDSC2_LN_IC50,Ribociclib,"CDK4, CDK6",0.196150219637315
1632,TWIST1,45,0.433136259472762,0.00295883656843916,GDSC2_LN_IC50,Ribociclib,"CDK4, CDK6",0.21081710550129
1632,UGCG,45,0.333017725897347,0.0253964871885955,GDSC2_LN_IC50,Ribociclib,"CDK4, CDK6",0.226187464023429
1632,XBP1,45,-0.298101195586994,0.0467092387361588,GDSC2_LN_IC50,Ribociclib,"CDK4, CDK6",0.230516698891546
1634,FOXF2,40,0.42910283675055,0.00572899937087288,GDSC2_LN_IC50,AGI-6780,IDH2 R140Q mutant,0.108429097136333
1634,HBEGF,40,0.351462692397737,0.0261590778744146,GDSC2_LN_IC50,AGI-6780,IDH2 R140Q mutant,0.16352939749237
1634,ITGA5,40,0.458341187577691,0.00293679443631078,GDSC2_LN_IC50,AGI-6780,IDH2 R140Q mutant,0.203053691073298
1634,ITGB1,40,0.385612300240372,0.0139961633025609,GDSC2_LN_IC50,AGI-6780,IDH2 R140Q mutant,0.15491365975921
1634,JUN,40,0.418690642637116,0.00717008887640214,GDSC2_LN_IC50,AGI-6780,IDH2 R140Q mutant,0.204347532977461
1634,KLF4,40,0.380258700556265,0.0155031575152353,GDSC2_LN_IC50,AGI-6780,IDH2 R140Q mutant,0.0949855712901585
1634,LOX,40,0.38690237245208,0.0136521791639482,GDSC2_LN_IC50,AGI-6780,IDH2 R140Q mutant,0.160797566436617
1634,PLAU,40,0.352596289461261,0.0256471808179169,GDSC2_LN_IC50,AGI-6780,IDH2 R140Q mutant,0.203714418338904
1634,S100A2,40,0.394332929795748,0.0118072883670399,GDSC2_LN_IC50,AGI-6780,IDH2 R140Q mutant,0.210317324037899
1634,SQSTM1,40,0.444170790840711,0.00408936614489204,GDSC2_LN_IC50,AGI-6780,IDH2 R140Q mutant,0.0687749598509669
1634,TGFB2,40,0.429002199392174,0.00574162731341119,GDSC2_LN_IC50,AGI-6780,IDH2 R140Q mutant,0.225026532142044
1634,VIM,40,0.385603492408472,0.0139985368152464,GDSC2_LN_IC50,AGI-6780,IDH2 R140Q mutant,0.209978052228695
1635,GJA1,40,0.368483769400743,0.0193049111160937,GDSC2_LN_IC50,Picolinici-acid,Inflammatory related,0.203845530561228
1635,PLAU,40,0.347192514910131,0.0281640461317522,GDSC2_LN_IC50,Picolinici-acid,Inflammatory related,0.211230345988141
1635,SOX3,40,0.317429607578288,0.0459455979638319,GDSC2_LN_IC50,Picolinici-acid,Inflammatory related,0.18442951295341
1635,SREBF1,40,-0.441885604989602,0.00430807778516997,GDSC2_LN_IC50,Picolinici-acid,Inflammatory related,0.245560433754688
1635,VIM,40,0.49372852703385,0.00120547274305771,GDSC2_LN_IC50,Picolinici-acid,Inflammatory related,0.114519910590482
1635,YBX1,40,0.426638072660876,0.00604528518056356,GDSC2_LN_IC50,Picolinici-acid,Inflammatory related,0.107681642278788
1706,ESR1,38,0.447657798863238,0.00482975280945385,GDSC2_LN_IC50,AZD5153,BRD4,0.0256902259474196
1706,HDAC3,38,-0.328335109231328,0.0441607186764976,GDSC2_LN_IC50,AZD5153,BRD4,0.1765143491555
1706,HRK,38,0.442738986595051,0.00537698590799194,GDSC2_LN_IC50,AZD5153,BRD4,0.16951463688703
1706,KLF4,38,0.472204426172627,0.00276005261597021,GDSC2_LN_IC50,AZD5153,BRD4,0.0837275420439091
1706,ME1,38,0.558233546205118,0.000270615160676746,GDSC2_LN_IC50,AZD5153,BRD4,0.0771253207928725
1706,S100B,38,-0.446748623971422,0.00492710442003537,GDSC2_LN_IC50,AZD5153,BRD4,0.222224489698954
1706,SQSTM1,38,0.335531070325209,0.0394573296422822,GDSC2_LN_IC50,AZD5153,BRD4,0.141672535523213
1708,BCL2L1,38,0.420076063570964,0.00864612211383745,GDSC2_LN_IC50,CDK9_5576,CDK9,0.0821381600814558
1708,CACNA1H,38,0.35642283596586,0.0280602615187154,GDSC2_LN_IC50,CDK9_5576,CDK9,0.119080254616112
1708,CTNNB1,38,-0.330272119839257,0.0428522364490206,GDSC2_LN_IC50,CDK9_5576,CDK9,0.245680009150375
1708,ESR1,38,0.550050687633307,0.000346901365218618,GDSC2_LN_IC50,CDK9_5576,CDK9,0.00608529246129856
1708,ETS2,38,-0.335542181931149,0.039450395239833,GDSC2_LN_IC50,CDK9_5576,CDK9,0.224867252867048
1708,ETV1,38,-0.395915575835235,0.013872998855665,GDSC2_LN_IC50,CDK9_5576,CDK9,0.197690233693226
1708,GATA3,38,0.401110844526676,0.0125669524015723,GDSC2_LN_IC50,CDK9_5576,CDK9,0.0746162798843353
1708,HDAC3,38,-0.340609318922218,0.0363897916449307,GDSC2_LN_IC50,CDK9_5576,CDK9,0.159555240289311
1708,HDAC9,38,-0.310273655417118,0.0579798777524359,GDSC2_LN_IC50,CDK9_5576,CDK9,0.199582901524376
1708,IGFBP5,38,0.343755531912988,0.034588949694443,GDSC2_LN_IC50,CDK9_5576,CDK9,0.121701860036003
1708,ILF3,38,-0.370923482901097,0.0218704156250449,GDSC2_LN_IC50,CDK9_5576,CDK9,0.170929346620355
1708,KLF4,38,0.331059265993625,0.0423295548957706,GDSC2_LN_IC50,CDK9_5576,CDK9,0.15873583085914
1708,LDHA,38,-0.398464327440647,0.0132186069811024,GDSC2_LN_IC50,CDK9_5576,CDK9,0.174309210877631
1708,MEF2C,38,-0.454345317625752,0.00416348128781939,GDSC2_LN_IC50,CDK9_5576,CDK9,0.0659217870571403
1708,NR4A1,38,0.42939803303397,0.00713883286963689,GDSC2_LN_IC50,CDK9_5576,CDK9,0.125413477231177
1708,PBX1,38,0.392512637309659,0.0147892146725961,GDSC2_LN_IC50,CDK9_5576,CDK9,0.0980215391090676
1708,PPARA,38,-0.444787098739956,0.00514294086665417,GDSC2_LN_IC50,CDK9_5576,CDK9,0.0586295258798576
1708,SOX3,38,0.412067238572151,0.0101509190660284,GDSC2_LN_IC50,CDK9_5576,CDK9,0.102557556292208
1708,TLR4,38,-0.554266392299798,0.000305484488902618,GDSC2_LN_IC50,CDK9_5576,CDK9,0.0394393975655088
1708,YBX1,38,-0.386943834474096,0.0163985543162662,GDSC2_LN_IC50,CDK9_5576,CDK9,0.148076359292952
1709,BCL2L1,38,0.432717023040649,0.00665968805891486,GDSC2_LN_IC50,CDK9_5038,CDK9,0.0730004267996436
1709,CACNA1H,38,0.350637794444322,0.030903025685539,GDSC2_LN_IC50,CDK9_5038,CDK9,0.119080254616112
1709,ESR1,38,0.473522669203594,0.00267522502412181,GDSC2_LN_IC50,CDK9_5038,CDK9,0.0224246803492563
1709,HDAC3,38,-0.334296868224046,0.0402337448357651,GDSC2_LN_IC50,CDK9_5038,CDK9,0.170969739696691
1709,KLF4,38,0.383209999830255,0.0175580965368344,GDSC2_LN_IC50,CDK9_5038,CDK9,0.098756137023538
1709,LDHA,38,-0.33194521845312,0.0417474525435833,GDSC2_LN_IC50,CDK9_5038,CDK9,0.237643925987754
1709,MEF2C,38,-0.42381689332814,0.00801140829284296,GDSC2_LN_IC50,CDK9_5038,CDK9,0.0851140295710596
1709,NR4A1,38,0.356589323355219,0.0279817592053377,GDSC2_LN_IC50,CDK9_5038,CDK9,0.177311634611815
1709,PPARA,38,-0.427320128052869,0.00745364658737228,GDSC2_LN_IC50,CDK9_5038,CDK9,0.0694851840738842
1709,SOX3,38,0.381923185260394,0.0179733298579293,GDSC2_LN_IC50,CDK9_5038,CDK9,0.132161741418548
1709,SQSTM1,38,0.283938275842542,0.0840597610850805,GDSC2_LN_IC50,CDK9_5038,CDK9,0.193201870235871
1709,TLR4,38,-0.447739360337541,0.00482110145487261,GDSC2_LN_IC50,CDK9_5038,CDK9,0.0808243479199232
1709,UGCG,38,0.342677233463615,0.0351977548945808,GDSC2_LN_IC50,CDK9_5038,CDK9,0.244667320608671
1712,BCL2L1,38,0.285176272215366,0.0826589522459114,GDSC2_LN_IC50,Eg5_9814,KSP11,0.225513677404557
1712,CTNNB1,38,-0.35118250843281,0.0306256446154348,GDSC2_LN_IC50,Eg5_9814,KSP11,0.229692334615761
1712,ESR1,38,0.284202484238103,0.0837592723716866,GDSC2_LN_IC50,Eg5_9814,KSP11,0.175507280046041
1712,FOSB,38,0.402990736611755,0.0121207839910636,GDSC2_LN_IC50,Eg5_9814,KSP11,0.230294895830209
1712,HDAC3,38,-0.285024683607756,0.0828294968246738,GDSC2_LN_IC50,Eg5_9814,KSP11,0.230610598261495
1712,KLF4,38,0.292079707255666,0.0751769867382322,GDSC2_LN_IC50,Eg5_9814,KSP11,0.200237768414917
1712,PPARA,38,-0.300352097474654,0.0669206353622741,GDSC2_LN_IC50,Eg5_9814,KSP11,0.190723810782481
1713,AR,38,0.341423837036486,0.0359163954015706,GDSC2_LN_IC50,ERK_2440,"ERK1,ERK2",0.200709268420542
1713,CACNA1H,38,0.497467657824307,0.00148453064195182,GDSC2_LN_IC50,ERK_2440,"ERK1,ERK2",0.0352576027463556
1713,CEBPA,38,0.484849261021944,0.00203542856154943,GDSC2_LN_IC50,ERK_2440,"ERK1,ERK2",0.0684950273858159
1713,CTNNB1,38,-0.365931800387192,0.0238581498461316,GDSC2_LN_IC50,ERK_2440,"ERK1,ERK2",0.206047657762046
1713,DCBLD2,38,-0.413806085960637,0.00980650581386914,GDSC2_LN_IC50,ERK_2440,"ERK1,ERK2",0.232904513079392
1713,EPHA2,38,-0.423815017819625,0.00801171622228778,GDSC2_LN_IC50,ERK_2440,"ERK1,ERK2",0.120175743334317
1713,ESR1,38,0.51547531113022,0.000926234543353498,GDSC2_LN_IC50,ERK_2440,"ERK1,ERK2",0.0109990352023228
1713,ETS2,38,-0.484653018901573,0.00204525215284133,GDSC2_LN_IC50,ERK_2440,"ERK1,ERK2",0.0467560224234975
1713,ETV1,38,-0.448755954829439,0.00471439063164197,GDSC2_LN_IC50,ERK_2440,"ERK1,ERK2",0.10335394846292
1713,FOSL1,38,-0.434086078122399,0.00647026142025171,GDSC2_LN_IC50,ERK_2440,"ERK1,ERK2",0.102445805820652
1713,GADD45G,38,0.466448560454746,0.00315859426652998,GDSC2_LN_IC50,ERK_2440,"ERK1,ERK2",0.0500110758867247
1713,HDAC9,38,-0.383722736440092,0.0173949032158923,GDSC2_LN_IC50,ERK_2440,"ERK1,ERK2",0.12622970156282
1713,IGFBP5,38,0.283142867543982,0.0849694378392635,GDSC2_LN_IC50,ERK_2440,"ERK1,ERK2",0.208761118829225
1713,IL15,38,-0.480784306116559,0.00224760137979655,GDSC2_LN_IC50,ERK_2440,"ERK1,ERK2",0.213522131080672
1713,INSM1,38,0.491991875156738,0.00170493468567902,GDSC2_LN_IC50,ERK_2440,"ERK1,ERK2",0.163625404463878
1713,ITGA5,38,-0.412193145053216,0.0101256392372825,GDSC2_LN_IC50,ERK_2440,"ERK1,ERK2",0.20612908447325
1713,ITGB1,38,-0.497705860596615,0.00147554135639545,GDSC2_LN_IC50,ERK_2440,"ERK1,ERK2",0.0522860847699644
1713,LDHA,38,-0.379140340472203,0.0188995238352119,GDSC2_LN_IC50,ERK_2440,"ERK1,ERK2",0.175790531984415
1713,LIF,38,-0.449118224559976,0.00467686131837495,GDSC2_LN_IC50,ERK_2440,"ERK1,ERK2",0.218869152387195
1713,MEF2C,38,-0.350853063995137,0.03079315967269,GDSC2_LN_IC50,ERK_2440,"ERK1,ERK2",0.153273445085177
1713,MYB,38,0.39514463879802,0.0140762499341575,GDSC2_LN_IC50,ERK_2440,"ERK1,ERK2",0.174423097010213
1713,PBX1,38,0.538297940925809,0.000490164666462404,GDSC2_LN_IC50,ERK_2440,"ERK1,ERK2",0.0107459176878296
1713,PPARA,38,-0.429093424569325,0.00718425540937854,GDSC2_LN_IC50,ERK_2440,"ERK1,ERK2",0.0694851840738842
1713,RARA,38,0.387009678431713,0.0163786990449244,GDSC2_LN_IC50,ERK_2440,"ERK1,ERK2",0.111667018432465
1713,RXRA,38,0.356616065737355,0.0279691665191663,GDSC2_LN_IC50,ERK_2440,"ERK1,ERK2",0.209768748893747
1713,S100A2,38,-0.376367015764596,0.0198619711380923,GDSC2_LN_IC50,ERK_2440,"ERK1,ERK2",0.2322449312179
1713,SNAI2,38,-0.468879074335913,0.00298456405821988,GDSC2_LN_IC50,ERK_2440,"ERK1,ERK2",0.0797095582095883
1713,SOX3,38,0.510971256627719,0.00104476067753279,GDSC2_LN_IC50,ERK_2440,"ERK1,ERK2",0.0412928434105543
1713,TCF4,38,-0.423762145778475,0.00802040116729367,GDSC2_LN_IC50,ERK_2440,"ERK1,ERK2",0.163272452334193
1713,TLR4,38,-0.34483261833152,0.0339894531814209,GDSC2_LN_IC50,ERK_2440,"ERK1,ERK2",0.183439046034058
1713,XBP1,38,0.398895085771867,0.0131106326749106,GDSC2_LN_IC50,ERK_2440,"ERK1,ERK2",0.112579317985825
1714,CACNA1H,38,0.49094800785559,0.00175007436366321,GDSC2_LN_IC50,ERK_6604,"ERK1,ERK2",0.0383670148956935
1714,CTNNB1,38,-0.428476266269697,0.00727704634971758,GDSC2_LN_IC50,ERK_6604,"ERK1,ERK2",0.121997541745265
1714,ESR1,38,0.402327613730656,0.0122766083959824,GDSC2_LN_IC50,ERK_6604,"ERK1,ERK2",0.0446823174001284
1714,HDAC3,38,-0.350428686674931,0.0310100551976511,GDSC2_LN_IC50,ERK_6604,"ERK1,ERK2",0.149794334429331
1714,IGFBP5,38,0.257774083861448,0.118174496835193,GDSC2_LN_IC50,ERK_6604,"ERK1,ERK2",0.247645085279633
1714,KLF4,38,0.310412559082194,0.0578618192238467,GDSC2_LN_IC50,ERK_6604,"ERK1,ERK2",0.190833867304315
1714,MEF2C,38,-0.38988647453402,0.0155307229599679,GDSC2_LN_IC50,ERK_6604,"ERK1,ERK2",0.0953068921893183
1714,PBX1,38,0.417346163293292,0.00913603250606972,GDSC2_LN_IC50,ERK_6604,"ERK1,ERK2",0.0789020989160567
1714,PPARA,38,-0.341758571133891,0.0357233119653445,GDSC2_LN_IC50,ERK_6604,"ERK1,ERK2",0.135748585468309
1714,RARA,38,0.29808365618949,0.0691099884632181,GDSC2_LN_IC50,ERK_6604,"ERK1,ERK2",0.237305382072496
1714,TLR4,38,-0.350172546016969,0.0311415728649806,GDSC2_LN_IC50,ERK_6604,"ERK1,ERK2",0.181253932357382
1716,CTNNB1,38,-0.357530304970139,0.0275414662409511,GDSC2_LN_IC50,IRAK4_4710,IRAK4,0.222140455403166
1716,PPARA,38,-0.350270394412877,0.0310912777584346,GDSC2_LN_IC50,IRAK4_4710,IRAK4,0.125789000674531
1718,CTNNB1,38,-0.457041350687677,0.00391836455841105,GDSC2_LN_IC50,JAK1_8709,JAK1,0.0859026076267038
1718,DKK1,38,0.472860991223239,0.00271751388227332,GDSC2_LN_IC50,JAK1_8709,JAK1,0.232943193323991
1718,ESR1,38,0.27718074967835,0.0920328255445642,GDSC2_LN_IC50,JAK1_8709,JAK1,0.18735253771572
1718,GJA1,38,0.3876799893715,0.0161777146001375,GDSC2_LN_IC50,JAK1_8709,JAK1,0.200462985262574
1718,HDAC3,38,-0.342362777449488,0.0353769359730695,GDSC2_LN_IC50,JAK1_8709,JAK1,0.158732408426435
1718,KLF4,38,0.305784848912391,0.0618993461046161,GDSC2_LN_IC50,JAK1_8709,JAK1,0.192661232302922
1718,MEF2C,38,-0.3076119234211,0.0602794173709817,GDSC2_LN_IC50,JAK1_8709,JAK1,0.199665920889907
1718,PPARA,38,-0.281821148877694,0.086497869991996,GDSC2_LN_IC50,JAK1_8709,JAK1,0.224643582380007
1720,ASS1,38,-0.582527637759002,0.000124462981266677,GDSC2_LN_IC50,AZD5991,MCL1,0.035471949661003
1720,BCL2L1,38,0.532901343613828,0.000572085303711508,GDSC2_LN_IC50,AZD5991,MCL1,0.0462614995120658
1720,CEBPA,38,-0.383447514292674,0.0174823416350253,GDSC2_LN_IC50,AZD5991,MCL1,0.180410277066099
1720,CTCF,38,-0.490441400157564,0.00177235803608733,GDSC2_LN_IC50,AZD5991,MCL1,0.149131728814213
1720,GRHL1,38,-0.628724370108896,2.36612871764928e-05,GDSC2_LN_IC50,AZD5991,MCL1,0.00674346684530044
1720,HDAC9,38,0.331029162741949,0.0423494486804259,GDSC2_LN_IC50,AZD5991,MCL1,0.189794089234201
1720,HES1,38,-0.4394316296979,0.00577437114895716,GDSC2_LN_IC50,AZD5991,MCL1,0.195331442062683
1720,ITGA5,38,0.361173066273766,0.0258905790767079,GDSC2_LN_IC50,AZD5991,MCL1,0.228891970245894
1720,KLF4,38,0.302225071858696,0.0651544852582043,GDSC2_LN_IC50,AZD5991,MCL1,0.194358299656144
1720,MAFB,38,-0.471973947151764,0.00277512274868633,GDSC2_LN_IC50,AZD5991,MCL1,0.247417515529452
1720,MYB,38,-0.388831879024476,0.0158371815211661,GDSC2_LN_IC50,AZD5991,MCL1,0.188066530563848
1720,PBX1,38,-0.30300474869239,0.0644302173210914,GDSC2_LN_IC50,AZD5991,MCL1,0.226698912796433
1720,PLAU,38,0.436765113691007,0.0061129709823524,GDSC2_LN_IC50,AZD5991,MCL1,0.141951921332149
1720,RARA,38,-0.44490233372818,0.00513003859218291,GDSC2_LN_IC50,AZD5991,MCL1,0.0769505788827436
1720,RXRA,38,-0.387774944208346,0.0161494120718859,GDSC2_LN_IC50,AZD5991,MCL1,0.158325005016146
1720,YY1,38,-0.492172013800602,0.00169724956931294,GDSC2_LN_IC50,AZD5991,MCL1,0.234129978705783
1730,DNMT1,38,-0.384098657195668,0.0172760661224482,GDSC2_LN_IC50,PAK_5339,"PAK1, PAK2",0.247002122440819
1730,ESR1,38,0.286513434852705,0.0811663585186017,GDSC2_LN_IC50,PAK_5339,"PAK1, PAK2",0.174773905748423
1730,FOSB,38,0.425471713115921,0.00774363481336209,GDSC2_LN_IC50,PAK_5339,"PAK1, PAK2",0.230294895830209
1730,HDAC3,38,-0.322198004385882,0.0485210006765559,GDSC2_LN_IC50,PAK_5339,"PAK1, PAK2",0.17959071678985
1730,IGFBP5,38,0.364527287679895,0.0244437314852831,GDSC2_LN_IC50,PAK_5339,"PAK1, PAK2",0.0928861796440757
1730,ILF3,38,-0.405471658478825,0.0115525973848653,GDSC2_LN_IC50,PAK_5339,"PAK1, PAK2",0.130857476944125
1730,KLF4,38,0.430199056939028,0.00702056189043304,GDSC2_LN_IC50,PAK_5339,"PAK1, PAK2",0.084449060968457
1730,MEF2C,38,-0.285588485364758,0.0821965702830552,GDSC2_LN_IC50,PAK_5339,"PAK1, PAK2",0.222553382037365
1730,NR4A1,38,0.296782168976244,0.0703912983444148,GDSC2_LN_IC50,PAK_5339,"PAK1, PAK2",0.236017882684214
1730,SQSTM1,38,0.437115503599702,0.00606752329570482,GDSC2_LN_IC50,PAK_5339,"PAK1, PAK2",0.0720518391364948
1730,TLR4,38,-0.371803778505482,0.0215346062630167,GDSC2_LN_IC50,PAK_5339,"PAK1, PAK2",0.161509546972626
1732,BCL2L1,38,0.319514400924064,0.0505333392141874,GDSC2_LN_IC50,TAF1_5496,TAF1,0.173518092482451
1732,CEBPA,38,-0.418193567367739,0.00898147982161566,GDSC2_LN_IC50,TAF1_5496,TAF1,0.116350988598203
1732,DKK3,38,0.375529163983705,0.020160669017578,GDSC2_LN_IC50,TAF1_5496,TAF1,0.183908997824827
1732,FOXF2,38,0.347714373158108,0.0324271982263733,GDSC2_LN_IC50,TAF1_5496,TAF1,0.244691724751213
1732,GRHL1,38,-0.372351325986822,0.0213279075383189,GDSC2_LN_IC50,TAF1_5496,TAF1,0.233786678785419
1732,ITGA5,38,0.364504274166582,0.024453424867819,GDSC2_LN_IC50,TAF1_5496,TAF1,0.228891970245894
1732,ITGB1,38,0.354915518301618,0.0287792982310547,GDSC2_LN_IC50,TAF1_5496,TAF1,0.242719822950945
1732,MYB,38,-0.396850790088167,0.0136297722690453,GDSC2_LN_IC50,TAF1_5496,TAF1,0.174423097010213
1732,NR4A1,38,0.300422604460182,0.0668534732202338,GDSC2_LN_IC50,TAF1_5496,TAF1,0.236017882684214
1732,PLAU,38,0.401973367942617,0.0123605450259611,GDSC2_LN_IC50,TAF1_5496,TAF1,0.158793336640091
1732,RXRA,38,-0.367242504059831,0.0233222340559662,GDSC2_LN_IC50,TAF1_5496,TAF1,0.204617667000229
1732,SOX2,38,-0.480770675526498,0.00224834427369371,GDSC2_LN_IC50,TAF1_5496,TAF1,0.148440834308998
1733,BCL2L1,38,0.358003292443703,0.0273223215590661,GDSC2_LN_IC50,ULK1_4989,ULK1,0.134256235247135
1733,ILF3,38,-0.345012351217801,0.033890248425345,GDSC2_LN_IC50,ULK1_4989,ULK1,0.223861082840232
1733,KLF4,38,0.299555239068425,0.0676833938348312,GDSC2_LN_IC50,ULK1_4989,ULK1,0.194846133766938
1733,MEF2C,38,-0.393646573714371,0.0144784015713073,GDSC2_LN_IC50,ULK1_4989,ULK1,0.0932761303988774
1733,OXTR,38,0.362257413764895,0.0254152870107888,GDSC2_LN_IC50,ULK1_4989,ULK1,0.233667889332007
1733,SQSTM1,38,0.347272878724713,0.0326626470833244,GDSC2_LN_IC50,ULK1_4989,ULK1,0.132560252173755
1734,BCL2L1,38,0.389888697673208,0.0155300822454579,GDSC2_LN_IC50,VSP34_8731,VSP34,0.0984364611640788
1734,CTNNB1,38,-0.380681092341574,0.018381911518952,GDSC2_LN_IC50,VSP34_8731,VSP34,0.187101599389333
1734,DNMT1,38,-0.427403006041034,0.00744086568988953,GDSC2_LN_IC50,VSP34_8731,VSP34,0.247002122440819
1734,EPHA2,38,-0.382835669584275,0.0176780477502325,GDSC2_LN_IC50,VSP34_8731,VSP34,0.157445112775508
1734,ESR1,38,0.354508712551579,0.0289759383871541,GDSC2_LN_IC50,VSP34_8731,VSP34,0.0801761401974651
1734,GATA3,38,0.322533321453113,0.0482741524045896,GDSC2_LN_IC50,VSP34_8731,VSP34,0.15325756314226
1734,HDAC3,38,-0.30939775713681,0.0587287521734836,GDSC2_LN_IC50,VSP34_8731,VSP34,0.194624353133056
1734,HDAC9,38,-0.334248384286208,0.0402644966331353,GDSC2_LN_IC50,VSP34_8731,VSP34,0.189794089234201
1734,HIC1,38,-0.57211534769216,0.000174921825531316,GDSC2_LN_IC50,VSP34_8731,VSP34,0.0498527202764251
1734,IGFBP5,38,0.294720567479635,0.0724590439486302,GDSC2_LN_IC50,VSP34_8731,VSP34,0.182750686065129
1734,ILF3,38,-0.422933508091481,0.00815757400215801,GDSC2_LN_IC50,VSP34_8731,VSP34,0.112420748568483
1734,KLF4,38,0.382854022124885,0.017672150835791,GDSC2_LN_IC50,VSP34_8731,VSP34,0.098756137023538
1734,MEF2C,38,-0.412088964932283,0.0101465529550382,GDSC2_LN_IC50,VSP34_8731,VSP34,0.0876293209753296
1734,NR4A1,38,0.319144844091861,0.0508156256699893,GDSC2_LN_IC50,VSP34_8731,VSP34,0.233587956708822
1734,PBX1,38,0.399837634182529,0.0128769744246304,GDSC2_LN_IC50,VSP34_8731,VSP34,0.0925093672014371
1734,PPARA,38,-0.281643819226048,0.086704540567722,GDSC2_LN_IC50,VSP34_8731,VSP34,0.224643582380007
1734,SQSTM1,38,0.347272878724713,0.0326626470833244,GDSC2_LN_IC50,VSP34_8731,VSP34,0.132560252173755
1734,TLR4,38,-0.529014869855049,0.000638422196830168,GDSC2_LN_IC50,VSP34_8731,VSP34,0.0394393975655088
1736,AR,38,0.385632771217869,0.0167981404961256,GDSC2_LN_IC50,Selumetinib,"MEK1, MEK2",0.129391082199887
1736,CACNA1H,38,0.573224153939683,0.000168787486668096,GDSC2_LN_IC50,Selumetinib,"MEK1, MEK2",0.0160348112334691
1736,EPHA2,38,-0.39724789798908,0.0135275902054263,GDSC2_LN_IC50,Selumetinib,"MEK1, MEK2",0.142791229946167
1736,GADD45G,38,0.380276614933091,0.0185166311057253,GDSC2_LN_IC50,Selumetinib,"MEK1, MEK2",0.170233544036506
1736,GATA3,38,0.324177967284885,0.047078010026862,GDSC2_LN_IC50,Selumetinib,"MEK1, MEK2",0.15325756314226
1736,HDAC9,38,-0.41616910095197,0.00935447632909226,GDSC2_LN_IC50,Selumetinib,"MEK1, MEK2",0.0952152054925462
1736,IGFBP5,38,0.295912389531834,0.0712579436866495,GDSC2_LN_IC50,Selumetinib,"MEK1, MEK2",0.182750686065129
1736,MEF2C,38,-0.476279229511133,0.00250518037234673,GDSC2_LN_IC50,Selumetinib,"MEK1, MEK2",0.0604781714620938
1736,MMP14,38,-0.42666128793684,0.00755592066477247,GDSC2_LN_IC50,Selumetinib,"MEK1, MEK2",0.187905522340638
1736,NR4A1,38,0.323131987717126,0.0478359479732932,GDSC2_LN_IC50,Selumetinib,"MEK1, MEK2",0.223495822498173
1736,PBX1,38,0.516501608767512,0.000900956941638132,GDSC2_LN_IC50,Selumetinib,"MEK1, MEK2",0.0171181818911245
1736,PPARA,38,-0.355412954310598,0.0285403458116269,GDSC2_LN_IC50,Selumetinib,"MEK1, MEK2",0.12140296352707
1736,RARA,38,0.46050975804008,0.00362154232009398,GDSC2_LN_IC50,Selumetinib,"MEK1, MEK2",0.0573410867348214
1736,SOX3,38,0.347346182932203,0.032623457217017,GDSC2_LN_IC50,Selumetinib,"MEK1, MEK2",0.168330142529062
1736,SQSTM1,38,0.276288309764077,0.0931278588788553,GDSC2_LN_IC50,Selumetinib,"MEK1, MEK2",0.20416492138826
1736,TLR4,38,-0.456428056232508,0.00397299293392015,GDSC2_LN_IC50,Selumetinib,"MEK1, MEK2",0.079585210612897
1738,ACTA2,38,-0.448982672708003,0.00469087338171038,GDSC2_LN_IC50,IGF1R_3801,IGFR1,0.190985559112494
1738,AR,38,0.41247690582516,0.0100688616965238,GDSC2_LN_IC50,IGF1R_3801,IGFR1,0.11956773264622
1738,BDNF,38,-0.470686060955796,0.00286066383481477,GDSC2_LN_IC50,IGF1R_3801,IGFR1,0.0680028045936975
1738,CACNA1H,38,0.344485448699195,0.0341817486821702,GDSC2_LN_IC50,IGF1R_3801,IGFR1,0.119080254616112
1738,CEBPA,38,0.373342794775946,0.0209578380445,GDSC2_LN_IC50,IGF1R_3801,IGFR1,0.186655745083828
1738,CTNNB1,38,-0.461335448345282,0.00355383608848889,GDSC2_LN_IC50,IGF1R_3801,IGFR1,0.0859026076267038
1738,DKK3,38,-0.374180280492384,0.0206494313347174,GDSC2_LN_IC50,IGF1R_3801,IGFR1,0.183908997824827
1738,DNAJB4,38,-0.423256588690713,0.00810385399370957,GDSC2_LN_IC50,IGF1R_3801,IGFR1,0.153973225880482
1738,EPHA2,38,-0.36416922918046,0.0245949086870654,GDSC2_LN_IC50,IGF1R_3801,IGFR1,0.189447269616585
1738,ESR1,38,0.447302267999454,0.00486762175845845,GDSC2_LN_IC50,IGF1R_3801,IGFR1,0.0256902259474196
1738,ETS1,38,-0.34932551569589,0.0315797553504258,GDSC2_LN_IC50,IGF1R_3801,IGFR1,0.225005756871784
1738,ETS2,38,-0.482941068993761,0.0021327308473876,GDSC2_LN_IC50,IGF1R_3801,IGFR1,0.0467560224234975
1738,ETV1,38,-0.499444852594237,0.00141135695156476,GDSC2_LN_IC50,IGF1R_3801,IGFR1,0.0502795913994947
1738,ETV5,38,-0.479840482989492,0.00229955310700533,GDSC2_LN_IC50,IGF1R_3801,IGFR1,0.218457545165507
1738,FHL1,38,-0.541969025896647,0.000440591646223162,GDSC2_LN_IC50,IGF1R_3801,IGFR1,0.0261532072419036
1738,FOSB,38,0.412051510411913,0.0101540807828924,GDSC2_LN_IC50,IGF1R_3801,IGFR1,0.230294895830209
1738,FOSL1,38,-0.447085351424288,0.00489085243468071,GDSC2_LN_IC50,IGF1R_3801,IGFR1,0.0995637817060001
1738,FOXF2,38,-0.394656472833606,0.0142062471760014,GDSC2_LN_IC50,IGF1R_3801,IGFR1,0.161951217806416
1738,FST,38,-0.526138362998723,0.00069184242889192,GDSC2_LN_IC50,IGF1R_3801,IGFR1,0.0985875461170986
1738,GADD45G,38,0.553885083793281,0.000309039326491189,GDSC2_LN_IC50,IGF1R_3801,IGFR1,0.014744787375269
1738,GATA3,38,0.380644140842399,0.0183941847939967,GDSC2_LN_IC50,IGF1R_3801,IGFR1,0.10081428204402
1738,HBEGF,38,-0.454835976630028,0.00411790549522238,GDSC2_LN_IC50,IGF1R_3801,IGFR1,0.0838287904384555
1738,HDAC3,38,-0.316060899540437,0.0532209213769712,GDSC2_LN_IC50,IGF1R_3801,IGFR1,0.185272694909627
1738,HDAC9,38,-0.478774488352175,0.00235949286071584,GDSC2_LN_IC50,IGF1R_3801,IGFR1,0.0530776145794371
1738,IGFBP5,38,0.534787580851261,0.000542161626263002,GDSC2_LN_IC50,IGF1R_3801,IGFR1,0.00908918020499739
1738,ILF3,38,-0.430819504690745,0.00693011421124929,GDSC2_LN_IC50,IGF1R_3801,IGFR1,0.103951713168739
1738,ITGB1,38,-0.348465766328443,0.032029681907978,GDSC2_LN_IC50,IGF1R_3801,IGFR1,0.246578819894493
1738,KLF4,38,0.409552350027597,0.0106672498065419,GDSC2_LN_IC50,IGF1R_3801,IGFR1,0.084449060968457
1738,KLF8,38,0.447053579442692,0.00489426310136691,GDSC2_LN_IC50,IGF1R_3801,IGFR1,0.232477497314928
1738,LDHA,38,-0.372637075627054,0.0212206958458333,GDSC2_LN_IC50,IGF1R_3801,IGFR1,0.188996822376953
1738,LOX,38,-0.401255017164092,0.0125322490158375,GDSC2_LN_IC50,IGF1R_3801,IGFR1,0.155290911717987
1738,MAP2,38,-0.451631083427053,0.00442359532350016,GDSC2_LN_IC50,IGF1R_3801,IGFR1,0.161513743124251
1738,MEF2C,38,-0.437782975998015,0.0059817537177701,GDSC2_LN_IC50,IGF1R_3801,IGFR1,0.0811809433125942
1738,PBX1,38,0.615478395781418,3.9122332147216e-05,GDSC2_LN_IC50,IGF1R_3801,IGFR1,0.00190482809922833
1738,PLAU,38,-0.363528073714682,0.0248675508192029,GDSC2_LN_IC50,IGF1R_3801,IGFR1,0.203714418338904
1738,PPARA,38,-0.423241546065022,0.00810634845082865,GDSC2_LN_IC50,IGF1R_3801,IGFR1,0.0695334076279036
1738,RARA,38,0.472124585434983,0.00276526497373474,GDSC2_LN_IC50,IGF1R_3801,IGFR1,0.05254003450096
1738,RUNX2,38,-0.412613587869813,0.010041610050309,GDSC2_LN_IC50,IGF1R_3801,IGFR1,0.2457187720494
1738,RXRA,38,0.458737939107597,0.00377063103102781,GDSC2_LN_IC50,IGF1R_3801,IGFR1,0.0716419895895283
1738,S100A2,38,-0.455705863246735,0.00403816889068637,GDSC2_LN_IC50,IGF1R_3801,IGFR1,0.143859766730702
1738,SNAI2,38,-0.458140063398038,0.00382212955942601,GDSC2_LN_IC50,IGF1R_3801,IGFR1,0.0837928403412625
1738,TMEM158,38,-0.457116917257377,0.0039116789654373,GDSC2_LN_IC50,IGF1R_3801,IGFR1,0.162818954209354
1738,TYMS,38,-0.394127698758008,0.0143482008334317,GDSC2_LN_IC50,IGF1R_3801,IGFR1,0.224765424885096
1738,VIM,38,-0.398020759957067,0.0133305775955013,GDSC2_LN_IC50,IGF1R_3801,IGFR1,0.209978052228695
1738,XBP1,38,0.44490828391622,0.00512937314086997,GDSC2_LN_IC50,IGF1R_3801,IGFR1,0.0604662049833112
1738,ZBTB7A,38,0.459273706193965,0.00372499614664825,GDSC2_LN_IC50,IGF1R_3801,IGFR1,0.21232478035895
1739,CTNNB1,38,-0.391696386332821,0.015016418032475,GDSC2_LN_IC50,JAK_8517,"JAK1, JAK2",0.171051487101551
1739,ESR1,38,0.409527113722302,0.0106725422663417,GDSC2_LN_IC50,JAK_8517,"JAK1, JAK2",0.0411530767987118
1739,GADD45G,38,0.330958080074785,0.0423964538308729,GDSC2_LN_IC50,JAK_8517,"JAK1, JAK2",0.241659786835975
1739,IGFBP5,38,0.371678219993092,0.0215822390757305,GDSC2_LN_IC50,JAK_8517,"JAK1, JAK2",0.0904018559666279
1739,ILF3,38,-0.422182460796313,0.00828363410504613,GDSC2_LN_IC50,JAK_8517,"JAK1, JAK2",0.112420748568483
1739,KLF4,38,0.359715471275869,0.026541043981655,GDSC2_LN_IC50,JAK_8517,"JAK1, JAK2",0.130417198875374
1739,LDHA,38,-0.389731371791446,0.0155754789783456,GDSC2_LN_IC50,JAK_8517,"JAK1, JAK2",0.174309210877631
1739,MEF2C,38,-0.37663660123183,0.0197666528572571,GDSC2_LN_IC50,JAK_8517,"JAK1, JAK2",0.112669921286366
1739,PBX1,38,0.35052789913589,0.0309592364763602,GDSC2_LN_IC50,JAK_8517,"JAK1, JAK2",0.149407104634327
1739,PPARA,38,-0.311878524831615,0.0566274771329006,GDSC2_LN_IC50,JAK_8517,"JAK1, JAK2",0.171689691307199
1739,RARA,38,0.309154038550257,0.0589384881030658,GDSC2_LN_IC50,JAK_8517,"JAK1, JAK2",0.215352168068894
1739,SQSTM1,38,0.325568323804418,0.046085533594902,GDSC2_LN_IC50,JAK_8517,"JAK1, JAK2",0.149254284938035
1776,BCL2L1,38,0.403473012327198,0.0120085128681128,GDSC2_LN_IC50,GSK2256098C,FAK1,0.0977836047832044
1776,CACNA1H,38,0.45991080096226,0.0036713565918375,GDSC2_LN_IC50,GSK2256098C,FAK1,0.0533970576466821
1776,CTNNB1,38,-0.351929308025437,0.0302486869205667,GDSC2_LN_IC50,GSK2256098C,FAK1,0.229692334615761
1776,EPHA2,38,-0.335171131064768,0.0396824927094941,GDSC2_LN_IC50,GSK2256098C,FAK1,0.245858922221866
1776,ESR1,38,0.407038397675807,0.0112055644685229,GDSC2_LN_IC50,GSK2256098C,FAK1,0.0420208667569609
1776,GATA3,38,0.387039985743735,0.0163695666604134,GDSC2_LN_IC50,GSK2256098C,FAK1,0.0952107448615882
1776,HBEGF,38,-0.378271270240873,0.0191968302649616,GDSC2_LN_IC50,GSK2256098C,FAK1,0.147867476365245
1776,MEF2C,38,-0.460880728105886,0.00359098528784843,GDSC2_LN_IC50,GSK2256098C,FAK1,0.0649308206344119
1776,MMP14,38,-0.423933612142647,0.00799226481991792,GDSC2_LN_IC50,GSK2256098C,FAK1,0.187905522340638
1776,NR4A1,38,0.375138208916234,0.0203013249039549,GDSC2_LN_IC50,GSK2256098C,FAK1,0.167213050793333
1776,PBX1,38,0.357138262167505,0.0277242059053835,GDSC2_LN_IC50,GSK2256098C,FAK1,0.136231011776454
1776,PPARA,38,-0.38484967648376,0.0170406923269161,GDSC2_LN_IC50,GSK2256098C,FAK1,0.0933961021763671
1776,TGFB2,38,-0.387868689396585,0.0161215109750821,GDSC2_LN_IC50,GSK2256098C,FAK1,0.243720314995612
1776,TLR4,38,-0.500324071951875,0.00137985352855699,GDSC2_LN_IC50,GSK2256098C,FAK1,0.0511368151460491
1776,XBP1,38,0.315250275762243,0.05386804049101,GDSC2_LN_IC50,GSK2256098C,FAK1,0.236190639075967
1777,CACNA1H,38,0.407661775156624,0.0110699722722579,GDSC2_LN_IC50,GSK2276186C,"JAK1, JAK2, JAK3",0.0817631757270831
1777,CTNNB1,38,-0.431463464640205,0.00683730036225751,GDSC2_LN_IC50,GSK2276186C,"JAK1, JAK2, JAK3",0.121789412702712
1777,DKK1,38,0.455174408562848,0.00408672268989458,GDSC2_LN_IC50,GSK2276186C,"JAK1, JAK2, JAK3",0.232943193323991
1777,ESR1,38,0.441524891462948,0.00552002558002443,GDSC2_LN_IC50,GSK2276186C,"JAK1, JAK2, JAK3",0.0272253533687115
1777,GATA3,38,0.290371358520678,0.076977221037969,GDSC2_LN_IC50,GSK2276186C,"JAK1, JAK2, JAK3",0.199440981780192
1777,IGFBP5,38,0.313619460021656,0.0551889640576427,GDSC2_LN_IC50,GSK2276186C,"JAK1, JAK2, JAK3",0.170782395141697
1777,KLF4,38,0.36914888046816,0.0225606489565895,GDSC2_LN_IC50,GSK2276186C,"JAK1, JAK2, JAK3",0.114817588439786
1777,LDHA,38,-0.4051533998528,0.0116241961218369,GDSC2_LN_IC50,GSK2276186C,"JAK1, JAK2, JAK3",0.174309210877631
1777,MEF2C,38,-0.421041582028357,0.00847831659600941,GDSC2_LN_IC50,GSK2276186C,"JAK1, JAK2, JAK3",0.0851140295710596
1777,PBX1,38,0.343381560723334,0.0347991100602087,GDSC2_LN_IC50,GSK2276186C,"JAK1, JAK2, JAK3",0.159963651083218
1777,PPARA,38,-0.420226941987047,0.00861971386440348,GDSC2_LN_IC50,GSK2276186C,"JAK1, JAK2, JAK3",0.0695334076279036
1777,SOX3,38,0.349710422407635,0.0313800134423477,GDSC2_LN_IC50,GSK2276186C,"JAK1, JAK2, JAK3",0.168330142529062
1777,SQSTM1,38,0.35527865717892,0.0286046960763139,GDSC2_LN_IC50,GSK2276186C,"JAK1, JAK2, JAK3",0.129599478263795
1778,AXL,38,0.374891488207001,0.0203905099501461,GDSC2_LN_IC50,GSK2110183B,"AKT1, AKT2, AKT3",0.220030580928325
1778,BDNF,38,0.375808474535345,0.0200606793857921,GDSC2_LN_IC50,GSK2110183B,"AKT1, AKT2, AKT3",0.184428826611315
1778,DKK3,38,0.436768474489668,0.00611253367646172,GDSC2_LN_IC50,GSK2110183B,"AKT1, AKT2, AKT3",0.119740150713613
1778,GJA1,38,0.394439808026755,0.0142642684804474,GDSC2_LN_IC50,GSK2110183B,"AKT1, AKT2, AKT3",0.200462985262574
1778,SQSTM1,38,0.285717337721254,0.08205244856373,GDSC2_LN_IC50,GSK2110183B,"AKT1, AKT2, AKT3",0.191789614100491
1778,UGCG,38,0.439231215237866,0.00579924507985814,GDSC2_LN_IC50,GSK2110183B,"AKT1, AKT2, AKT3",0.125323894263247
1779,CACNA1H,38,0.276350515223304,0.093051209024779,GDSC2_LN_IC50,GSK626616AC,DYRK1A,0.243299032771211
1779,GATA3,38,0.270452870113658,0.100536483654212,GDSC2_LN_IC50,GSK626616AC,DYRK1A,0.232983083134723
1779,GJA1,38,0.37275571441834,0.0211763154449521,GDSC2_LN_IC50,GSK626616AC,DYRK1A,0.203845530561228
1779,HDAC3,38,-0.286427450429572,0.0812617030584416,GDSC2_LN_IC50,GSK626616AC,DYRK1A,0.229302825461939
1779,MEF2C,38,-0.309760551524158,0.0584176431770582,GDSC2_LN_IC50,GSK626616AC,DYRK1A,0.199665920889907
1779,PPARA,38,-0.362949464505534,0.0251157425108058,GDSC2_LN_IC50,GSK626616AC,DYRK1A,0.117344042878355
1779,TLR4,38,-0.409997837543776,0.0105741910341861,GDSC2_LN_IC50,GSK626616AC,DYRK1A,0.120545777789722
1780,BCL2L1,38,0.358946647628008,0.0268895461918005,GDSC2_LN_IC50,GSK3337463A,NIK,0.134256235247135
1780,CACNA1H,38,0.29682772568843,0.0703461350044545,GDSC2_LN_IC50,GSK3337463A,NIK,0.194527506130921
1780,ESR1,38,0.288202206455684,0.0793113160146248,GDSC2_LN_IC50,GSK3337463A,NIK,0.173874808185908
1780,HDAC3,38,-0.478781850871103,0.0023590742234731,GDSC2_LN_IC50,GSK3337463A,NIK,0.0703822714652627
1780,KLF4,38,0.278196576746256,0.0907984772198681,GDSC2_LN_IC50,GSK3337463A,NIK,0.227229303247738
1780,MEF2C,38,-0.276546342097724,0.0928102267560546,GDSC2_LN_IC50,GSK3337463A,NIK,0.238921292269102
1780,NR4A1,38,0.459908349470781,0.00367156169745024,GDSC2_LN_IC50,GSK3337463A,NIK,0.116885217688795
1780,PPARA,38,-0.398238065182999,0.0132756229407693,GDSC2_LN_IC50,GSK3337463A,NIK,0.0840789452915386
1780,SQSTM1,38,0.317028826786597,0.0524563877427869,GDSC2_LN_IC50,GSK3337463A,NIK,0.156923028019625
1780,TLR4,38,-0.397326822696949,0.0135073590224682,GDSC2_LN_IC50,GSK3337463A,NIK,0.128567410603881
1782,CACNA1H,38,0.364319876773039,0.0245312089801089,GDSC2_LN_IC50,GSK2830371A,PPM1D,0.119080254616112
1782,GATA3,38,0.280503483530044,0.0880426896321608,GDSC2_LN_IC50,GSK2830371A,PPM1D,0.216043768187289
1782,HDAC3,38,-0.416709419005741,0.00925365443272247,GDSC2_LN_IC50,GSK2830371A,PPM1D,0.101424950371434
1782,MEF2C,38,-0.34028897582177,0.0365773636667332,GDSC2_LN_IC50,GSK2830371A,PPM1D,0.164733312237045
1782,NR4A1,38,0.332839815674293,0.0411662701747016,GDSC2_LN_IC50,GSK2830371A,PPM1D,0.213316127268908
1782,PPARA,38,-0.435743286506033,0.00624718785616273,GDSC2_LN_IC50,GSK2830371A,PPM1D,0.0678465735032003
1782,SOX3,38,0.351385092036066,0.0305230079606797,GDSC2_LN_IC50,GSK2830371A,PPM1D,0.168330142529062
1783,BCL2L1,38,0.50629872741643,0.00118172733113,GDSC2_LN_IC50,LMB_AB1,"ADRA1A, ADRB1",0.0481131841960073
1783,ESR1,38,0.303223385450598,0.0642282648153228,GDSC2_LN_IC50,LMB_AB1,"ADRA1A, ADRB1",0.151281450184851
1783,GATA3,38,0.345192886246419,0.0337908396451485,GDSC2_LN_IC50,LMB_AB1,"ADRA1A, ADRB1",0.129993037611772
1783,GJA1,38,0.370034228985705,0.0222140598874307,GDSC2_LN_IC50,LMB_AB1,"ADRA1A, ADRB1",0.203845530561228
1783,HDAC3,38,-0.411975080982112,0.0101694567829413,GDSC2_LN_IC50,LMB_AB1,"ADRA1A, ADRB1",0.101424950371434
1783,KLF4,38,0.384277932946364,0.0172196334883347,GDSC2_LN_IC50,LMB_AB1,"ADRA1A, ADRB1",0.098756137023538
1783,MEF2C,38,-0.418445323070496,0.00893599655936115,GDSC2_LN_IC50,LMB_AB1,"ADRA1A, ADRB1",0.0851140295710596
1783,NR4A1,38,0.314984346395932,0.0540816958585061,GDSC2_LN_IC50,LMB_AB1,"ADRA1A, ADRB1",0.236017882684214
1783,OXTR,38,0.355349582942731,0.0285706961589806,GDSC2_LN_IC50,LMB_AB1,"ADRA1A, ADRB1",0.233667889332007
1783,PPARA,38,-0.409853157365783,0.0106043374796841,GDSC2_LN_IC50,LMB_AB1,"ADRA1A, ADRB1",0.0715749956041688
1783,SQSTM1,38,0.290164992418036,0.0771969446293792,GDSC2_LN_IC50,LMB_AB1,"ADRA1A, ADRB1",0.187557267797522
1783,TCF7L2,38,-0.56492436498547,0.00021981695686426,GDSC2_LN_IC50,LMB_AB1,"ADRA1A, ADRB1",0.062647832706314
1783,TLR4,38,-0.405834504094104,0.0114714252525137,GDSC2_LN_IC50,LMB_AB1,"ADRA1A, ADRB1",0.125744469114092
1783,UGCG,38,0.38862977664136,0.015896488667941,GDSC2_LN_IC50,LMB_AB1,"ADRA1A, ADRB1",0.181219970814528
1784,BCL2L1,38,0.343475622605407,0.034746152147296,GDSC2_LN_IC50,LMB_AB2,GADD34,0.147800796447453
1784,CACNA1H,38,0.358993965530988,0.0268679886513325,GDSC2_LN_IC50,LMB_AB2,GADD34,0.119080254616112
1784,KLF4,38,0.267695234437856,0.104190294472055,GDSC2_LN_IC50,LMB_AB2,GADD34,0.244314069742753
1784,MEF2C,38,-0.283887488116504,0.0841176184477121,GDSC2_LN_IC50,LMB_AB2,GADD34,0.222553382037365
1784,SQSTM1,38,0.347628691100455,0.0324727832555191,GDSC2_LN_IC50,LMB_AB2,GADD34,0.132560252173755
1784,TLR4,38,-0.411988997019706,0.0101666556910908,GDSC2_LN_IC50,LMB_AB2,GADD34,0.120545777789722
1785,CACNA1H,38,0.447514283416107,0.0048450083657312,GDSC2_LN_IC50,LMB_AB3,PPP1R15B,0.0627648811015178
1785,ESR1,38,0.296468299038684,0.0707030773915813,GDSC2_LN_IC50,LMB_AB3,PPP1R15B,0.159923627433339
1785,GATA3,38,0.352319684850766,0.0300531628376483,GDSC2_LN_IC50,LMB_AB3,PPP1R15B,0.125958108951908
1785,HDAC3,38,-0.453532048078413,0.00423998836001915,GDSC2_LN_IC50,LMB_AB3,PPP1R15B,0.0703822714652627
1785,HDAC9,38,-0.318491141990622,0.0513180526460072,GDSC2_LN_IC50,LMB_AB3,PPP1R15B,0.199582901524376
1785,MEF2C,38,-0.326322893151895,0.0455540044244466,GDSC2_LN_IC50,LMB_AB3,PPP1R15B,0.177847825492702
1785,NR4A1,38,0.29799564747089,0.0691960503085306,GDSC2_LN_IC50,LMB_AB3,PPP1R15B,0.236017882684214
1785,PPARA,38,-0.514122992533367,0.0009605013155671,GDSC2_LN_IC50,LMB_AB3,PPP1R15B,0.0205060733011142
1786,CACNA1H,46,0.263275851584993,0.0770913913749227,GDSC2_LN_IC50,AZD4547,"FGFR1, FGFR2, FGFR3",0.209248062303362
1786,KLF4,46,0.266753603298322,0.0731251770630732,GDSC2_LN_IC50,AZD4547,"FGFR1, FGFR2, FGFR3",0.200237768414917
1786,NR4A1,46,0.367574592078579,0.0119686858265355,GDSC2_LN_IC50,AZD4547,"FGFR1, FGFR2, FGFR3",0.148307628720114
1799,AXL,39,0.459064717877304,0.00328639237090895,GDSC2_LN_IC50,Ibrutinib,BTK,0.0980576707833555
1799,BACE1,39,0.442629293862874,0.00477743605310168,GDSC2_LN_IC50,Ibrutinib,BTK,0.209519910718755
1799,BDNF,39,0.490529484423717,0.00152282761165848,GDSC2_LN_IC50,Ibrutinib,BTK,0.065200052163914
1799,CAV1,39,0.379165419223704,0.0172892173341887,GDSC2_LN_IC50,Ibrutinib,BTK,0.200788837875787
1799,DKK3,39,0.379971165288246,0.0170339718640807,GDSC2_LN_IC50,Ibrutinib,BTK,0.17631670095507
1799,EGR3,39,0.455908738030141,0.00353617651335746,GDSC2_LN_IC50,Ibrutinib,BTK,0.212244992712331
1799,FN1,39,0.441638558149957,0.00488359146335739,GDSC2_LN_IC50,Ibrutinib,BTK,0.221297726725318
1799,GJA1,39,0.470107085994107,0.00252947940534451,GDSC2_LN_IC50,Ibrutinib,BTK,0.0802899854029677
1799,GRHL1,39,-0.406015978104957,0.0103294631614338,GDSC2_LN_IC50,Ibrutinib,BTK,0.177043567725319
1799,KLF10,39,0.529984727606501,0.000520463604513046,GDSC2_LN_IC50,Ibrutinib,BTK,0.148332127286218
1799,MMP14,39,0.403628512394854,0.0108315268021738,GDSC2_LN_IC50,Ibrutinib,BTK,0.205799009241302
1799,NGF,39,0.391867060238522,0.0136191571166841,GDSC2_LN_IC50,Ibrutinib,BTK,0.222482424015525
1799,NR4A1,39,-0.416168967382842,0.00840993534693859,GDSC2_LN_IC50,Ibrutinib,BTK,0.125487573592589
1799,RUNX2,39,0.434870890307448,0.0056649642094752,GDSC2_LN_IC50,Ibrutinib,BTK,0.2457187720494
1799,SOX3,39,0.422199319147403,0.00742145202330154,GDSC2_LN_IC50,Ibrutinib,BTK,0.0846045530656375
1799,UGCG,39,0.548127770692909,0.000303555065720905,GDSC2_LN_IC50,Ibrutinib,BTK,0.0216282984326145
1799,VHL,39,0.431895289993959,0.00604135057161579,GDSC2_LN_IC50,Ibrutinib,BTK,0.245969273272929
1802,BCL2L1,38,0.321212440255812,0.0492524172536274,GDSC2_LN_IC50,Zoledronate,,0.173518092482451
1802,CACNA1H,38,0.350178664164835,0.0311384261146236,GDSC2_LN_IC50,Zoledronate,,0.119080254616112
1802,MEF2C,38,-0.358373262355839,0.0271519127193778,GDSC2_LN_IC50,Zoledronate,,0.143301761574494
1802,PPARA,38,-0.338389307752625,0.0377059551792878,GDSC2_LN_IC50,Zoledronate,,0.138093949363308
1802,TLR4,38,-0.329627400515327,0.04328422429639,GDSC2_LN_IC50,Zoledronate,,0.202229572532314
1803,AR,38,-0.330937846955513,0.0424098411972575,GDSC2_LN_IC50,Acetalax,,0.205044146541167
1803,BCL2L1,38,0.280836838367563,0.0876498693614044,GDSC2_LN_IC50,Acetalax,,0.231298266370373
1803,GRHL1,38,-0.417696218144468,0.00907191492569416,GDSC2_LN_IC50,Acetalax,,0.177043567725319
1803,HDAC9,38,0.310104222704262,0.0581241432509586,GDSC2_LN_IC50,Acetalax,,0.199582901524376
1803,IGFBP5,38,-0.324856639370966,0.0465914254608693,GDSC2_LN_IC50,Acetalax,,0.152627083406296
1803,ITGB1,38,0.342195174132302,0.0354727425111376,GDSC2_LN_IC50,Acetalax,,0.246578819894493
1803,MYB,38,-0.401116168313534,0.0125656694812723,GDSC2_LN_IC50,Acetalax,,0.174423097010213
1803,PBX1,38,-0.326409006993512,0.0454936603727165,GDSC2_LN_IC50,Acetalax,,0.189855217633147
1803,XBP1,38,-0.476724101220494,0.00247864354174226,GDSC2_LN_IC50,Acetalax,,0.0470942272931029
1804,AR,38,-0.402074803664835,0.0123364608078018,GDSC2_LN_IC50,Acetalax,,0.120976676500987
1804,BCL2L1,38,0.284798930141644,0.0830839864122051,GDSC2_LN_IC50,Acetalax,,0.225513677404557
1804,BDNF,38,0.377453750600439,0.0194800636176744,GDSC2_LN_IC50,Acetalax,,0.184428826611315
1804,CEBPA,38,-0.413761672842858,0.0098151770364992,GDSC2_LN_IC50,Acetalax,,0.120926529334705
1804,ESR1,38,-0.277625163258081,0.0914912326470793,GDSC2_LN_IC50,Acetalax,,0.18735253771572
1804,FOSL1,38,0.36164874827463,0.0256811797069693,GDSC2_LN_IC50,Acetalax,,0.23610116827375
1804,FOXF2,38,0.398875987411178,0.0131154040211912,GDSC2_LN_IC50,Acetalax,,0.155745422751646
1804,GADD45G,38,-0.360765985758376,0.026070899956353,GDSC2_LN_IC50,Acetalax,,0.185755162189015
1804,GATA3,38,-0.324908920987895,0.0465541100973241,GDSC2_LN_IC50,Acetalax,,0.15325756314226
1804,GRHL1,38,-0.432520509811391,0.00668726607341245,GDSC2_LN_IC50,Acetalax,,0.146605448532504
1804,HDAC9,38,0.401004873151379,0.0125925123740067,GDSC2_LN_IC50,Acetalax,,0.112152063330997
1804,IGFBP5,38,-0.365038068559409,0.0242294077334606,GDSC2_LN_IC50,Acetalax,,0.0928861796440757
1804,ITGB1,38,0.412604966506121,0.0100433271166049,GDSC2_LN_IC50,Acetalax,,0.124449922966626
1804,LDHA,38,0.337705253030252,0.0381192319024771,GDSC2_LN_IC50,Acetalax,,0.226332939420958
1804,MYB,38,-0.515769535011405,0.000918924325133932,GDSC2_LN_IC50,Acetalax,,0.0792547756545625
1804,PBX1,38,-0.400730926484099,0.0126587917180623,GDSC2_LN_IC50,Acetalax,,0.0925093672014371
1804,RXRA,38,-0.340226135443365,0.0366142512570629,GDSC2_LN_IC50,Acetalax,,0.231890257961398
1804,SNAI2,38,0.389115936644118,0.0157541395167916,GDSC2_LN_IC50,Acetalax,,0.166293694899467
1804,TYMS,38,0.381416830795299,0.018138964113534,GDSC2_LN_IC50,Acetalax,,0.224765424885096
1804,VDR,38,-0.394868334804942,0.014149704918255,GDSC2_LN_IC50,Acetalax,,0.166469769366785
1804,XBP1,38,-0.513158343617324,0.000985626767555005,GDSC2_LN_IC50,Acetalax,,0.0312115143059085
1806,BCL2L1,38,0.361210700070339,0.0258739610289753,GDSC2_LN_IC50,Oxaliplatin,DNA alkylating agent,0.134074161695599
1806,CACNA1H,38,0.360095878201757,0.0263699945887481,GDSC2_LN_IC50,Oxaliplatin,DNA alkylating agent,0.119080254616112
1806,ESR1,38,0.28615790398892,0.0815611560159309,GDSC2_LN_IC50,Oxaliplatin,DNA alkylating agent,0.174773905748423
1806,IGFBP5,38,0.262711632363418,0.111048486474466,GDSC2_LN_IC50,Oxaliplatin,DNA alkylating agent,0.23846754443213
1806,KLF4,38,0.453871574346098,0.00420790082442327,GDSC2_LN_IC50,Oxaliplatin,DNA alkylating agent,0.0837275420439091
1806,MEF2C,38,-0.302867036360181,0.0645576781388206,GDSC2_LN_IC50,Oxaliplatin,DNA alkylating agent,0.199665920889907
1806,NR4A1,38,0.415876415522202,0.00940948129270528,GDSC2_LN_IC50,Oxaliplatin,DNA alkylating agent,0.127700103258143
1806,PBX1,38,0.358388871389702,0.0271447425200688,GDSC2_LN_IC50,Oxaliplatin,DNA alkylating agent,0.135723712600344
1806,RARA,38,0.392998573807209,0.014655336610375,GDSC2_LN_IC50,Oxaliplatin,DNA alkylating agent,0.107096690614279
1806,SQSTM1,38,0.365241403699711,0.0241445233831529,GDSC2_LN_IC50,Oxaliplatin,DNA alkylating agent,0.125112530258156
1806,TLR4,38,-0.457966679463909,0.00383717807907686,GDSC2_LN_IC50,Oxaliplatin,DNA alkylating agent,0.079585210612897
1808,AR,38,0.336810001400858,0.0386656682596429,GDSC2_LN_IC50,Topotecan,TOP1,0.205044146541167
1808,CACNA1H,38,0.318406848824326,0.0513831280654875,GDSC2_LN_IC50,Topotecan,TOP1,0.159332892727873
1808,EPHA2,38,-0.336126158248219,0.0390873455859467,GDSC2_LN_IC50,Topotecan,TOP1,0.245858922221866
1808,ESR1,38,0.453524058115691,0.00424074601669927,GDSC2_LN_IC50,Topotecan,TOP1,0.0256124674506692
1808,ETS2,38,-0.375773004764731,0.0200733540997068,GDSC2_LN_IC50,Topotecan,TOP1,0.143022647960411
1808,GADD45G,38,0.362753179470616,0.0252004029631024,GDSC2_LN_IC50,Topotecan,TOP1,0.18532411676304
1808,GATA3,38,0.356888145494578,0.0278413128764968,GDSC2_LN_IC50,Topotecan,TOP1,0.125737988836906
1808,HDAC3,38,-0.344291581829486,0.0342895173069572,GDSC2_LN_IC50,Topotecan,TOP1,0.157621168265851
1808,HDAC9,38,-0.326708628564127,0.0452842037471076,GDSC2_LN_IC50,Topotecan,TOP1,0.189794089234201
1808,IGFBP5,38,0.325197159957309,0.0463488152443568,GDSC2_LN_IC50,Topotecan,TOP1,0.152627083406296
1808,KLF4,38,0.398339052308458,0.0132501494733529,GDSC2_LN_IC50,Topotecan,TOP1,0.0896201398398268
1808,MEF2C,38,-0.394541835423978,0.0142369213821084,GDSC2_LN_IC50,Topotecan,TOP1,0.0932761303988774
1808,PPARA,38,-0.334754049893891,0.0399447059586238,GDSC2_LN_IC50,Topotecan,TOP1,0.138093949363308
1808,TCF4,38,-0.410364353450389,0.0104981479123858,GDSC2_LN_IC50,Topotecan,TOP1,0.177102601733528
1809,AR,38,0.527738908795217,0.000661647597128239,GDSC2_LN_IC50,Teniposide,,0.0377139130363096
1809,CEBPA,38,0.445139486079013,0.00510357393439887,GDSC2_LN_IC50,Teniposide,,0.103894183664549
1809,CTNNB1,38,-0.332512518617137,0.0413781353711519,GDSC2_LN_IC50,Teniposide,,0.245680009150375
1809,EPHA2,38,-0.449774393078883,0.00460954438781978,GDSC2_LN_IC50,Teniposide,,0.0821075094080399
1809,ESR1,38,0.604180261644567,5.9024865239296e-05,GDSC2_LN_IC50,Teniposide,,0.00210276082414992
1809,ETS1,38,-0.365019527377441,0.0242371602466075,GDSC2_LN_IC50,Teniposide,,0.190604624497768
1809,ETS2,38,-0.492870378459071,0.00166774327032447,GDSC2_LN_IC50,Teniposide,,0.0467560224234975
1809,ETV1,38,-0.513042213964081,0.000988690437979415,GDSC2_LN_IC50,Teniposide,,0.0502795913994947
1809,FHL1,38,-0.423513348506578,0.00806137787674705,GDSC2_LN_IC50,Teniposide,,0.141540856551277
1809,FN1,38,-0.399644732925251,0.0129245055244329,GDSC2_LN_IC50,Teniposide,,0.246559260452367
1809,FOSL1,38,-0.369448312255763,0.0224429297691109,GDSC2_LN_IC50,Teniposide,,0.213207832806554
1809,GADD45G,38,0.534735762566246,0.000542964668080884,GDSC2_LN_IC50,Teniposide,,0.0154744930403052
1809,GATA3,38,0.595179052675801,8.10129715604899e-05,GDSC2_LN_IC50,Teniposide,,0.00209897244497633
1809,HDAC3,38,-0.350954724233112,0.0307413875840269,GDSC2_LN_IC50,Teniposide,,0.149794334429331
1809,HDAC9,38,-0.468947391006541,0.00297979590621401,GDSC2_LN_IC50,Teniposide,,0.0530776145794371
1809,IGFBP5,38,0.48115558850228,0.00222744837427409,GDSC2_LN_IC50,Teniposide,,0.0186712584314152
1809,KLF4,38,0.39727111919235,0.0135216351337283,GDSC2_LN_IC50,Teniposide,,0.0896201398398268
1809,LDHA,38,-0.365390580513888,0.0240824050759203,GDSC2_LN_IC50,Teniposide,,0.201867219018744
1809,MEF2C,38,-0.33303735597395,0.0410388251537901,GDSC2_LN_IC50,Teniposide,,0.164733312237045
1809,MYB,38,0.405381546538901,0.0115728317732241,GDSC2_LN_IC50,Teniposide,,0.174423097010213
1809,NR4A1,38,0.375484917057562,0.0201765469908963,GDSC2_LN_IC50,Teniposide,,0.167213050793333
1809,PBX1,38,0.420383357118629,0.008592409416029,GDSC2_LN_IC50,Teniposide,,0.0765261463615082
1809,PCSK2,38,0.489077768139171,0.00183358382569932,GDSC2_LN_IC50,Teniposide,,0.162406925935165
1809,PPARA,38,-0.416503019302491,0.00929205794820412,GDSC2_LN_IC50,Teniposide,,0.0695334076279036
1809,RXRA,38,0.362919885081197,0.0251284854210808,GDSC2_LN_IC50,Teniposide,,0.204617667000229
1809,SNAI2,38,-0.373786864579572,0.0207938328480087,GDSC2_LN_IC50,Teniposide,,0.193379731226885
1809,SOX3,38,0.435611123348327,0.00626473154955671,GDSC2_LN_IC50,Teniposide,,0.0846045530656375
1809,TCF4,38,-0.404349018119412,0.0118068401155685,GDSC2_LN_IC50,Teniposide,,0.177102601733528
1809,TGFB2,38,-0.382491118564862,0.0177890633739585,GDSC2_LN_IC50,Teniposide,,0.243720314995612
1809,TLR4,38,-0.350534575012593,0.0309558194101068,GDSC2_LN_IC50,Teniposide,,0.181253932357382
1809,VDR,38,0.554664842285096,0.000301809032162745,GDSC2_LN_IC50,Teniposide,,0.0356244938008263
1809,XBP1,38,0.486645162530429,0.00194743554810077,GDSC2_LN_IC50,Teniposide,,0.0420095265344748
1810,CACNA1H,38,0.296184943297148,0.0709854759214587,GDSC2_LN_IC50,Mitoxantrone,TOP2,0.194527506130921
1810,CEBPA,38,0.3565015955814,0.0280231020795728,GDSC2_LN_IC50,Mitoxantrone,TOP2,0.228188116933664
1810,CTNNB1,38,-0.462829047530535,0.0034341582254832,GDSC2_LN_IC50,Mitoxantrone,TOP2,0.0859026076267038
1810,CTSB,38,-0.454145680026047,0.00418214999562259,GDSC2_LN_IC50,Mitoxantrone,TOP2,0.238382549750488
1810,ESR1,38,0.6223123356976,3.02692159295799e-05,GDSC2_LN_IC50,Mitoxantrone,TOP2,0.00182064871876145
1810,ETS2,38,-0.322188972650216,0.048527663522103,GDSC2_LN_IC50,Mitoxantrone,TOP2,0.242938649168217
1810,ETV1,38,-0.382232155216215,0.0178728867596843,GDSC2_LN_IC50,Mitoxantrone,TOP2,0.221468379413479
1810,FHL1,38,-0.384180575319142,0.0172502606017592,GDSC2_LN_IC50,Mitoxantrone,TOP2,0.185277030123442
1810,GATA3,38,0.513677714790198,0.000972027687128747,GDSC2_LN_IC50,Mitoxantrone,TOP2,0.0153904383795385
1810,HDAC3,38,-0.49771920296562,0.00147503926540767,GDSC2_LN_IC50,Mitoxantrone,TOP2,0.0600551700915978
1810,HDAC9,38,-0.385078198142938,0.0169696091062725,GDSC2_LN_IC50,Mitoxantrone,TOP2,0.12622970156282
1810,IER3,38,-0.535379094282942,0.000533069527979872,GDSC2_LN_IC50,Mitoxantrone,TOP2,0.151924815474263
1810,IGFBP5,38,0.413051471233734,0.0099547279232081,GDSC2_LN_IC50,Mitoxantrone,TOP2,0.053695023040368
1810,LDHA,38,-0.385271990183344,0.0169095241195435,GDSC2_LN_IC50,Mitoxantrone,TOP2,0.174309210877631
1810,MEF2C,38,-0.372339345025715,0.0213324125750343,GDSC2_LN_IC50,Mitoxantrone,TOP2,0.118588545842838
1810,PBX1,38,0.383401055833649,0.0174971378743965,GDSC2_LN_IC50,Mitoxantrone,TOP2,0.113333733959159
1810,PPARA,38,-0.504192532041216,0.0012484940742926,GDSC2_LN_IC50,Mitoxantrone,TOP2,0.022238800698337
1810,TGFB2,38,-0.397438942571686,0.0134786627543801,GDSC2_LN_IC50,Mitoxantrone,TOP2,0.243720314995612
1810,TLR4,38,-0.326007110559091,0.0457758410722012,GDSC2_LN_IC50,Mitoxantrone,TOP2,0.210421204928667
1811,BCL2L1,38,0.283289561846756,0.0848010986515431,GDSC2_LN_IC50,Dactinomycin,RNA polymerase,0.225872085193362
1811,CACNA1H,38,0.369186657735602,0.0225457688679993,GDSC2_LN_IC50,Dactinomycin,RNA polymerase,0.119080254616112
1811,ESR1,38,0.371574194013257,0.0216217696265105,GDSC2_LN_IC50,Dactinomycin,RNA polymerase,0.0635278798304691
1811,HDAC3,38,-0.328861146789509,0.0438022194731733,GDSC2_LN_IC50,Dactinomycin,RNA polymerase,0.1765143491555
1811,IGFBP5,38,0.264754755881474,0.108196715320803,GDSC2_LN_IC50,Dactinomycin,RNA polymerase,0.23846754443213
1811,KLF4,38,0.397627096897719,0.0134306219064825,GDSC2_LN_IC50,Dactinomycin,RNA polymerase,0.0896201398398268
1811,MEF2C,38,-0.343153813292514,0.034927607824288,GDSC2_LN_IC50,Dactinomycin,RNA polymerase,0.164733312237045
1811,NR4A1,38,0.419170142864813,0.00880614551526941,GDSC2_LN_IC50,Dactinomycin,RNA polymerase,0.125487573592589
1811,PBX1,38,0.321763887025351,0.0488420885286325,GDSC2_LN_IC50,Dactinomycin,RNA polymerase,0.193333267092504
1811,PPARA,38,-0.303366701552628,0.0640961569335388,GDSC2_LN_IC50,Dactinomycin,RNA polymerase,0.184519239657157
1811,RARA,38,0.362328170217545,0.0253845258890402,GDSC2_LN_IC50,Dactinomycin,RNA polymerase,0.138638378423196
1811,SQSTM1,38,0.345315910658129,0.0337232350412377,GDSC2_LN_IC50,Dactinomycin,RNA polymerase,0.133487805371566
1811,TLR4,38,-0.389271677544323,0.0157087657197998,GDSC2_LN_IC50,Dactinomycin,RNA polymerase,0.143112254596958
1812,BCL2L1,38,0.313665598781373,0.0551512407037837,GDSC2_LN_IC50,Bleomycin,dsDNA break induction,0.180940925637624
1812,CACNA1H,38,0.345403709258169,0.0336750555384592,GDSC2_LN_IC50,Bleomycin,dsDNA break induction,0.119080254616112
1812,CTNNB1,38,-0.416714172685823,0.00925277154458914,GDSC2_LN_IC50,Bleomycin,dsDNA break induction,0.13828318270289
1812,ESR1,38,0.451835286512712,0.00440354703537822,GDSC2_LN_IC50,Bleomycin,dsDNA break induction,0.0256124674506692
1812,GATA3,38,0.349030393187221,0.0317336110783529,GDSC2_LN_IC50,Bleomycin,dsDNA break induction,0.129201130819008
1812,HDAC3,38,-0.333420138960411,0.040792779997807,GDSC2_LN_IC50,Bleomycin,dsDNA break induction,0.170969739696691
1812,IGFBP5,38,0.271565167608329,0.0990907064377531,GDSC2_LN_IC50,Bleomycin,dsDNA break induction,0.225926810678077
1812,KLF4,38,0.414002071344716,0.00976831960014798,GDSC2_LN_IC50,Bleomycin,dsDNA break induction,0.084449060968457
1812,MEF2C,38,-0.449869009077715,0.00459990726750515,GDSC2_LN_IC50,Bleomycin,dsDNA break induction,0.0689986090125773
1812,NR4A1,38,0.433038468517908,0.00661478844080094,GDSC2_LN_IC50,Bleomycin,dsDNA break induction,0.125413477231177
1812,PBX1,38,0.314974865533422,0.0540893255404009,GDSC2_LN_IC50,Bleomycin,dsDNA break induction,0.210137742801999
1812,PPARA,38,-0.317819068161741,0.0518387428541112,GDSC2_LN_IC50,Bleomycin,dsDNA break induction,0.164156019038019
1812,SQSTM1,38,0.378406461602184,0.0191503262999972,GDSC2_LN_IC50,Bleomycin,dsDNA break induction,0.107016529323514
1812,TLR4,38,-0.451359650293778,0.00445036667260684,GDSC2_LN_IC50,Bleomycin,dsDNA break induction,0.079585210612897
1813,CTNNB1,38,-0.412046675231905,0.0101550529323727,GDSC2_LN_IC50,Fludarabine,Antimetabolite,0.13828318270289
1813,ESR1,38,0.267137002776425,0.104942077430933,GDSC2_LN_IC50,Fludarabine,Antimetabolite,0.210252050477943
1813,GATA3,38,0.31047258535345,0.0578108602675796,GDSC2_LN_IC50,Fludarabine,Antimetabolite,0.166922412172226
1813,HDAC3,38,-0.335699635045862,0.0393522401356365,GDSC2_LN_IC50,Fludarabine,Antimetabolite,0.16993012785843
1813,KLF4,38,0.309344625966086,0.0587744243990564,GDSC2_LN_IC50,Fludarabine,Antimetabolite,0.190833867304315
1813,MEF2C,38,-0.371533609487068,0.0216372083643073,GDSC2_LN_IC50,Fludarabine,Antimetabolite,0.118588545842838
1813,NR4A1,38,0.3012893748135,0.066032156652507,GDSC2_LN_IC50,Fludarabine,Antimetabolite,0.236017882684214
1813,TLR4,38,-0.34130283562419,0.0359864015067222,GDSC2_LN_IC50,Fludarabine,Antimetabolite,0.186474989625742
1814,BCL2L1,38,0.365361462881281,0.0240945194382992,GDSC2_LN_IC50,Nelarabine,,0.129548387785672
1814,KLF4,38,0.29599546201473,0.0711748106022665,GDSC2_LN_IC50,Nelarabine,,0.200237768414917
1814,SQSTM1,38,0.30190680081754,0.0654519793709851,GDSC2_LN_IC50,Nelarabine,,0.168052379466043
1814,TLR4,38,-0.466836389856688,0.00313024491838229,GDSC2_LN_IC50,Nelarabine,,0.0761066831536328
1815,BCL2L1,38,0.305175402122629,0.0624473027045824,GDSC2_LN_IC50,Dacarbazine,CP11A,0.195576717261604
1815,GATA3,38,0.30608686313539,0.0616292190771583,GDSC2_LN_IC50,Dacarbazine,CP11A,0.172199288597942
1815,HDAC9,38,-0.337552322186896,0.038212128723063,GDSC2_LN_IC50,Dacarbazine,CP11A,0.189794089234201
1815,KLF4,38,0.288341941349286,0.0791593145245081,GDSC2_LN_IC50,Dacarbazine,CP11A,0.206976189353072
1815,PPARA,38,-0.277299242760732,0.0918881812391304,GDSC2_LN_IC50,Dacarbazine,CP11A,0.231753377461523
1816,AR,38,-0.37271403143811,0.0211918993863204,GDSC2_LN_IC50,Fulvestrant,ESR,0.150992283127533
1816,AXL,38,0.469284767068849,0.00295634620150922,GDSC2_LN_IC50,Fulvestrant,ESR,0.0980576707833555
1816,BDNF,38,0.377910771729632,0.0193212989378108,GDSC2_LN_IC50,Fulvestrant,ESR,0.184428826611315
1816,CAV1,38,0.487138289998483,0.00192386667191124,GDSC2_LN_IC50,Fulvestrant,ESR,0.0456918334578921
1816,CEBPA,38,-0.381674756482722,0.0180544345299691,GDSC2_LN_IC50,Fulvestrant,ESR,0.180410277066099
1816,DAB2,38,0.452845919389457,0.00430548107356212,GDSC2_LN_IC50,Fulvestrant,ESR,0.241830777450484
1816,DKK3,38,0.450796862799404,0.00450632226851032,GDSC2_LN_IC50,Fulvestrant,ESR,0.119740150713613
1816,DNAJB4,38,0.397162094609942,0.0135496137055582,GDSC2_LN_IC50,Fulvestrant,ESR,0.198522722338096
1816,EPHA2,38,0.462016105157664,0.00349885399569754,GDSC2_LN_IC50,Fulvestrant,ESR,0.0712266706266998
1816,ETS1,38,0.375363307803918,0.0202202401896481,GDSC2_LN_IC50,Fulvestrant,ESR,0.190604624497768
1816,EXT1,38,0.458332458310556,0.00380549111856745,GDSC2_LN_IC50,Fulvestrant,ESR,0.180760828131954
1816,F3,38,0.540372806508715,0.000461567765724989,GDSC2_LN_IC50,Fulvestrant,ESR,0.131546813231622
1816,FOSL1,38,0.467704888385905,0.00306756387866033,GDSC2_LN_IC50,Fulvestrant,ESR,0.0728546421181829
1816,FOXF2,38,0.455311994886215,0.00407410438019519,GDSC2_LN_IC50,Fulvestrant,ESR,0.10495094478198
1816,HBEGF,38,0.360582481901815,0.0261525242280486,GDSC2_LN_IC50,Fulvestrant,ESR,0.16352939749237
1816,HDAC9,38,0.306461419377863,0.0612955079829412,GDSC2_LN_IC50,Fulvestrant,ESR,0.207966902084979
1816,HRH1,38,0.612632199864846,4.34577094744893e-05,GDSC2_LN_IC50,Fulvestrant,ESR,0.0123854472002294
1816,IRF1,38,0.474467068146334,0.00261586442100102,GDSC2_LN_IC50,Fulvestrant,ESR,0.167746322193957
1816,ITGA5,38,0.438141501270943,0.00593611674897418,GDSC2_LN_IC50,Fulvestrant,ESR,0.203053691073298
1816,ITGB1,38,0.515263518745811,0.000931528559040675,GDSC2_LN_IC50,Fulvestrant,ESR,0.0522860847699644
1816,KLF4,38,0.430199056939028,0.00702056189043304,GDSC2_LN_IC50,Fulvestrant,ESR,0.084449060968457
1816,LDHA,38,0.339005905999282,0.0373365671940981,GDSC2_LN_IC50,Fulvestrant,ESR,0.226332939420958
1816,LIF,38,0.449032367510739,0.00468573218719773,GDSC2_LN_IC50,Fulvestrant,ESR,0.218869152387195
1816,MET,38,0.502391451923525,0.00130821021568018,GDSC2_LN_IC50,Fulvestrant,ESR,0.113314801949727
1816,MYB,38,-0.498878637238951,0.00143197946929183,GDSC2_LN_IC50,Fulvestrant,ESR,0.0816228297496343
1816,NGF,38,0.525533924509612,0.000703560313603644,GDSC2_LN_IC50,Fulvestrant,ESR,0.0401029378754077
1816,NRP1,38,0.455371497362589,0.00406865778463111,GDSC2_LN_IC50,Fulvestrant,ESR,0.231913493723973
1816,NT5E,38,0.490162607000405,0.00178472722007822,GDSC2_LN_IC50,Fulvestrant,ESR,0.169549085907431
1816,OPTN,38,0.400291908000342,0.0127656253476553,GDSC2_LN_IC50,Fulvestrant,ESR,0.153715642240693
1816,OXTR,38,0.399757066799498,0.0128968082885089,GDSC2_LN_IC50,Fulvestrant,ESR,0.185771084564895
1816,PBX1,38,-0.339272416136114,0.0371778233008507,GDSC2_LN_IC50,Fulvestrant,ESR,0.161735458691352
1816,PLAU,38,0.457773017448388,0.00385404748559733,GDSC2_LN_IC50,Fulvestrant,ESR,0.137300441674405
1816,S100A2,38,0.54561128409557,0.000395883132188514,GDSC2_LN_IC50,Fulvestrant,ESR,0.036961322774779
1816,SEMA6A,38,-0.546518737632177,0.000385395601533007,GDSC2_LN_IC50,Fulvestrant,ESR,0.0811478587751833
1816,SERPINE1,38,0.472129328412838,0.00276495509083642,GDSC2_LN_IC50,Fulvestrant,ESR,0.197003050222095
1816,SNAI2,38,0.432764819810964,0.00665299523536643,GDSC2_LN_IC50,Fulvestrant,ESR,0.102310246162874
1816,SOX2,38,-0.474654438658127,0.00260422516331576,GDSC2_LN_IC50,Fulvestrant,ESR,0.148440834308998
1816,SOX3,38,-0.371481127577237,0.021657186598911,GDSC2_LN_IC50,Fulvestrant,ESR,0.140800136210747
1816,SQSTM1,38,0.442808501611583,0.00536889381144041,GDSC2_LN_IC50,Fulvestrant,ESR,0.0695515789209326
1816,TGFB2,38,0.382855699638199,0.0176716119108696,GDSC2_LN_IC50,Fulvestrant,ESR,0.243720314995612
1816,TGFBI,38,0.4932442695889,0.00165213255943865,GDSC2_LN_IC50,Fulvestrant,ESR,0.0941715558880028
1816,TGFBR2,38,0.524524646300026,0.000723520363211319,GDSC2_LN_IC50,Fulvestrant,ESR,0.0957245287350367
1816,TLR3,38,0.49707793339707,0.00149934220971819,GDSC2_LN_IC50,Fulvestrant,ESR,0.142437509923228
1816,TYMS,38,0.438434152799452,0.0058990878429823,GDSC2_LN_IC50,Fulvestrant,ESR,0.162511716220527
1816,XBP1,38,-0.498105698871216,0.00146056015660093,GDSC2_LN_IC50,Fulvestrant,ESR,0.0346883037192721
1817,ESR1,38,0.286957848432436,0.0806749520746295,GDSC2_LN_IC50,Romidepsin,"HDAC1, HDAC2, HDAC3, HDAC8",0.174773905748423
1817,IGFBP5,38,0.260838769138533,0.11371218743735,GDSC2_LN_IC50,Romidepsin,"HDAC1, HDAC2, HDAC3, HDAC8",0.241850547907797
1817,SOX3,38,0.376603646440672,0.0197782842441269,GDSC2_LN_IC50,Romidepsin,"HDAC1, HDAC2, HDAC3, HDAC8",0.13420978594229
1817,SQSTM1,38,0.372891369778175,0.0211256643657899,GDSC2_LN_IC50,Romidepsin,"HDAC1, HDAC2, HDAC3, HDAC8",0.111496561930558
1817,TLR4,38,-0.353159285230864,0.0296361629575786,GDSC2_LN_IC50,Romidepsin,"HDAC1, HDAC2, HDAC3, HDAC8",0.181253932357382
1817,VHL,38,0.490157423441339,0.00178495791572092,GDSC2_LN_IC50,Romidepsin,"HDAC1, HDAC2, HDAC3, HDAC8",0.127178251495116
1819,ESR1,36,0.310358076126293,0.0654434409864831,GDSC2_LN_IC50,Docetaxel,Microtubule stabiliser,0.152880169517604
1819,FOSB,36,0.408389409084392,0.0134079497033167,GDSC2_LN_IC50,Docetaxel,Microtubule stabiliser,0.230739886755549
1819,HBEGF,36,-0.362138939484868,0.0299749301095927,GDSC2_LN_IC50,Docetaxel,Microtubule stabiliser,0.178592206982359
1819,KLF4,36,0.309481569651283,0.0662479874106616,GDSC2_LN_IC50,Docetaxel,Microtubule stabiliser,0.194358299656144
1819,NR4A1,36,0.303677088006994,0.0717740606030415,GDSC2_LN_IC50,Docetaxel,Microtubule stabiliser,0.237178278246135
1819,TGFB2,36,-0.392366273002461,0.0179373082785178,GDSC2_LN_IC50,Docetaxel,Microtubule stabiliser,0.243720314995612
1820,AR,38,0.321626287763608,0.0489442172639393,GDSC2_LN_IC50,123829,,0.228673801970864
1820,CACNA1H,38,0.272493820875612,0.0978958474416793,GDSC2_LN_IC50,123829,,0.249109968936416
1820,ESR1,38,0.374773971787322,0.0204331048873979,GDSC2_LN_IC50,123829,,0.0615305562857176
1820,ETV1,38,-0.455382517016008,0.00406764978843692,GDSC2_LN_IC50,123829,,0.0966066824753769
1820,HBEGF,38,-0.34575511520584,0.0334827853089626,GDSC2_LN_IC50,123829,,0.190851876261087
1820,MEF2C,38,-0.333932617683558,0.040465244390124,GDSC2_LN_IC50,123829,,0.164733312237045
1820,PBX1,38,0.340701683818625,0.0363358547900583,GDSC2_LN_IC50,123829,,0.161735458691352
1820,PPARA,38,-0.314627134432121,0.0543697553615099,GDSC2_LN_IC50,123829,,0.166616992236885
1820,PTN,38,-0.58805518779669,0.000103398888134288,GDSC2_LN_IC50,123829,,0.0294686831182721
1820,RARA,38,0.359242981690774,0.0267547747834238,GDSC2_LN_IC50,123829,,0.138638378423196
1820,TLR4,38,-0.312612037721016,0.0560177849992962,GDSC2_LN_IC50,123829,,0.246603306515144
1820,YY1,38,0.454948189466505,0.00410754348606636,GDSC2_LN_IC50,123829,,0.234129978705783
1821,BCL2L1,38,0.449886087394998,0.00459816961611134,GDSC2_LN_IC50,765771,,0.071871943345283
1821,CTNNB1,38,-0.331579019126354,0.0419872669735768,GDSC2_LN_IC50,765771,,0.245680009150375
1821,FOSB,38,0.429147310034853,0.00717620209788167,GDSC2_LN_IC50,765771,,0.230294895830209
1821,JUN,38,0.461408420522124,0.00354790576065516,GDSC2_LN_IC50,765771,,0.130616219191484
1821,KLF4,38,0.393355364433285,0.0145576912842916,GDSC2_LN_IC50,765771,,0.0942941367277981
1821,OXTR,38,0.456275682617201,0.00398666761962478,GDSC2_LN_IC50,765771,,0.139575631941173
1821,PPARA,38,-0.292460927976427,0.0747797899673811,GDSC2_LN_IC50,765771,,0.206809419016437
1821,SQSTM1,38,0.392105238068272,0.0149022490074269,GDSC2_LN_IC50,765771,,0.100706547617725
1821,TLR4,38,-0.362662546365985,0.0252395740046183,GDSC2_LN_IC50,765771,,0.175445819300395
1824,BCL2L1,38,0.322910479587561,0.0479977102210353,GDSC2_LN_IC50,123138,,0.173518092482451
1824,OXTR,38,0.398231961293306,0.0132771639418412,GDSC2_LN_IC50,123138,,0.185771084564895
1824,RARA,38,-0.290461425711586,0.0768814771701544,GDSC2_LN_IC50,123138,,0.248991147653341
1825,BCL2L1,38,0.329325294840834,0.0434878558263283,GDSC2_LN_IC50,Podophyllotoxin bromide,,0.163079459348731
1825,ESR1,38,0.278425107701597,0.0905225503688695,GDSC2_LN_IC50,Podophyllotoxin bromide,,0.186948745327013
1825,FOSB,38,0.449063916595579,0.00468247079923158,GDSC2_LN_IC50,Podophyllotoxin bromide,,0.230294895830209
1825,HEY1,38,-0.433510213008351,0.00654936684713015,GDSC2_LN_IC50,Podophyllotoxin bromide,,0.167002525650802
1825,KLF4,38,0.309522614818771,0.0586215339940842,GDSC2_LN_IC50,Podophyllotoxin bromide,,0.190833867304315
1825,SQSTM1,38,0.250314006334872,0.129585002421137,GDSC2_LN_IC50,Podophyllotoxin bromide,,0.249079823690402
1825,TLR4,38,-0.398955953177255,0.0130954359650802,GDSC2_LN_IC50,Podophyllotoxin bromide,,0.128567410603881
1826,CTNNB1,38,-0.337553415867369,0.0382114637205341,GDSC2_LN_IC50,50869,,0.245680009150375
1826,HES1,38,-0.489224521497534,0.00182690662480682,GDSC2_LN_IC50,50869,,0.149797276437019
1826,JUN,38,0.525352888231056,0.000707104133121072,GDSC2_LN_IC50,50869,,0.100762338969753
1826,KLF4,38,0.427529224148756,0.007421437311455,GDSC2_LN_IC50,50869,,0.084449060968457
1826,SQSTM1,38,0.382142491547481,0.0179019869311576,GDSC2_LN_IC50,50869,,0.102041325507598
1827,AR,38,-0.455091969514235,0.00409429958885413,GDSC2_LN_IC50,Dihydrorotenone,,0.0833482416302447
1827,CAV1,38,0.397324304851359,0.0135080040395691,GDSC2_LN_IC50,Dihydrorotenone,,0.183322911965581
1827,CEBPA,38,-0.475276368848201,0.00256591572358708,GDSC2_LN_IC50,Dihydrorotenone,,0.0684950273858159
1827,CTCF,38,-0.490094492005374,0.0017877607888614,GDSC2_LN_IC50,Dihydrorotenone,,0.149131728814213
1827,EPHA2,38,0.408013658966164,0.0109940512072593,GDSC2_LN_IC50,Dihydrorotenone,,0.138972940046661
1827,ESR1,38,-0.283669187942425,0.0843666574256407,GDSC2_LN_IC50,Dihydrorotenone,,0.175507280046041
1827,ETS1,38,0.361096024457053,0.0259246261781031,GDSC2_LN_IC50,Dihydrorotenone,,0.190604624497768
1827,ETS2,38,0.407444078059253,0.0111171646180724,GDSC2_LN_IC50,Dihydrorotenone,,0.122552193126919
1827,FOSL1,38,0.390605750181597,0.0153245842999701,GDSC2_LN_IC50,Dihydrorotenone,,0.16798102021121
1827,FOXF2,38,0.347099027282212,0.0327557458137554,GDSC2_LN_IC50,Dihydrorotenone,,0.244691724751213
1827,GADD45G,38,-0.375579611613252,0.0201425786629746,GDSC2_LN_IC50,Dihydrorotenone,,0.173958633907508
1827,GATA3,38,-0.308096985818668,0.0598550518412035,GDSC2_LN_IC50,Dihydrorotenone,,0.168897918561812
1827,GRHL1,38,-0.437403805889906,0.00603034750980479,GDSC2_LN_IC50,Dihydrorotenone,,0.146605448532504
1827,HBEGF,38,0.429256601335803,0.00715989206834203,GDSC2_LN_IC50,Dihydrorotenone,,0.107398381025131
1827,IGFBP5,38,-0.312938418848971,0.0557481867775027,GDSC2_LN_IC50,Dihydrorotenone,,0.170782395141697
1827,ITGA5,38,0.387998056147497,0.0160830745566229,GDSC2_LN_IC50,Dihydrorotenone,,0.228891970245894
1827,ITGB1,38,0.44467456659496,0.00515556759781217,GDSC2_LN_IC50,Dihydrorotenone,,0.092439217037076
1827,MAFB,38,-0.509168527531742,0.00109584221575902,GDSC2_LN_IC50,Dihydrorotenone,,0.247417515529452
1827,MYB,38,-0.435751039503516,0.00624616001828781,GDSC2_LN_IC50,Dihydrorotenone,,0.136935046554771
1827,PBX1,38,-0.423241892483651,0.00810629099824329,GDSC2_LN_IC50,Dihydrorotenone,,0.0745255785322367
1827,PLAU,38,0.410941168756045,0.0103794160464971,GDSC2_LN_IC50,Dihydrorotenone,,0.158793336640091
1827,RARA,38,-0.325850352930429,0.0458862861732586,GDSC2_LN_IC50,Dihydrorotenone,,0.189091230422978
1827,REST,38,-0.385455025810189,0.0168529383854289,GDSC2_LN_IC50,Dihydrorotenone,,0.237743381006208
1827,RXRA,38,-0.529340715758629,0.000632608629145695,GDSC2_LN_IC50,Dihydrorotenone,,0.0360586918613046
1827,SERPINE1,38,0.439435880854839,0.00577384452630549,GDSC2_LN_IC50,Dihydrorotenone,,0.235077955713866
1827,SNAI2,38,0.351269583580802,0.0305814942760467,GDSC2_LN_IC50,Dihydrorotenone,,0.223480150478803
1827,SOX2,38,-0.503426595193846,0.00127358833762557,GDSC2_LN_IC50,Dihydrorotenone,,0.148440834308998
1827,VDR,38,-0.410568865015875,0.0104559195239954,GDSC2_LN_IC50,Dihydrorotenone,,0.137267559005123
1827,XBP1,38,-0.357842418282481,0.0273966956008275,GDSC2_LN_IC50,Dihydrorotenone,,0.168984016759238
1828,BCL2L1,38,0.294043810947832,0.0731480989960302,GDSC2_LN_IC50,720427,,0.215490532878371
1828,BDNF,38,0.429554159328433,0.00711564747152237,GDSC2_LN_IC50,720427,,0.124365477499685
1828,FOXD1,38,0.495551933144004,0.00155859977478386,GDSC2_LN_IC50,720427,,0.231755903380491
1828,FOXF2,38,0.416721017812163,0.00925150034421108,GDSC2_LN_IC50,720427,,0.135989543435525
1828,ITGB1,38,0.379102088201021,0.0189125282381444,GDSC2_LN_IC50,720427,,0.191025464238614
1828,LDHA,38,0.344951748143419,0.0339236721741735,GDSC2_LN_IC50,720427,,0.225311118033664
1828,NR4A1,38,0.315677762678587,0.053525999440102,GDSC2_LN_IC50,720427,,0.236017882684214
1828,OXTR,38,0.491083972993817,0.00174413591582816,GDSC2_LN_IC50,720427,,0.108898755260215
1828,SQSTM1,38,0.373247182153918,0.0209932908059755,GDSC2_LN_IC50,720427,,0.111496561930558
1829,AR,38,-0.439908255876986,0.00571558549085231,GDSC2_LN_IC50,667880,,0.0958201096995828
1829,AXL,38,0.374176387609562,0.0206508560886002,GDSC2_LN_IC50,667880,,0.220030580928325
1829,CAV1,38,0.492609192647038,0.0016787252165947,GDSC2_LN_IC50,667880,,0.0456918334578921
1829,CEBPA,38,-0.435389318124276,0.00629426998302723,GDSC2_LN_IC50,667880,,0.111973658466263
1829,CTCF,38,-0.472922538472006,0.00271355579619171,GDSC2_LN_IC50,667880,,0.149131728814213
1829,DKK3,38,0.395402714089164,0.0140079322560464,GDSC2_LN_IC50,667880,,0.166344195540551
1829,EPHA2,38,0.346457815960097,0.0331010019003929,GDSC2_LN_IC50,667880,,0.220400407718856
1829,ETS1,38,0.364127822168262,0.0246124412115671,GDSC2_LN_IC50,667880,,0.190604624497768
1829,ETS2,38,0.423878797174248,0.00800125033156724,GDSC2_LN_IC50,667880,,0.106316719134625
1829,FOXF2,38,0.444675301888583,0.00515548500683409,GDSC2_LN_IC50,667880,,0.10495094478198
1829,GADD45G,38,-0.430137111712916,0.00702964760545391,GDSC2_LN_IC50,667880,,0.0871065029371463
1829,GATA3,38,-0.285437421025361,0.0823657863649238,GDSC2_LN_IC50,667880,,0.206427109351219
1829,HBEGF,38,0.418157753750512,0.00898796611328195,GDSC2_LN_IC50,667880,,0.110134610977406
1829,IGFBP5,38,-0.327580804061708,0.0446789182412991,GDSC2_LN_IC50,667880,,0.151589186890122
1829,ITGA5,38,0.377127798813044,0.0195939614376041,GDSC2_LN_IC50,667880,,0.228891970245894
1829,ITGB1,38,0.412604966506121,0.0100433271166049,GDSC2_LN_IC50,667880,,0.124449922966626
1829,MAFB,38,-0.456626668839637,0.00395522976550927,GDSC2_LN_IC50,667880,,0.247417515529452
1829,MYB,38,-0.445646716986368,0.00504736646884009,GDSC2_LN_IC50,667880,,0.136935046554771
1829,MYCN,38,-0.513676909852471,0.000972048634097966,GDSC2_LN_IC50,667880,,0.198279976813193
1829,OPTN,38,0.452127022981763,0.00437504164437149,GDSC2_LN_IC50,667880,,0.0890633477604196
1829,PBX1,38,-0.375361425119523,0.0202209172433233,GDSC2_LN_IC50,667880,,0.11780316801178
1829,PLAU,38,0.38976719461323,0.0155651324076383,GDSC2_LN_IC50,667880,,0.164298619858404
1829,REST,38,-0.384728095068445,0.0170786128764328,GDSC2_LN_IC50,667880,,0.237743381006208
1829,SERPINE1,38,0.444827732153671,0.00513838815019162,GDSC2_LN_IC50,667880,,0.235077955713866
1829,SNAI2,38,0.414491180231193,0.00967357347155513,GDSC2_LN_IC50,667880,,0.122648828540768
1829,SOX2,38,-0.55071975069717,0.000340009904140913,GDSC2_LN_IC50,667880,,0.0969028226801601
1829,SOX3,38,-0.329121836975748,0.043625430794184,GDSC2_LN_IC50,667880,,0.182841879063859
1829,XBP1,38,-0.443368808885368,0.00530405306871151,GDSC2_LN_IC50,667880,,0.0604662049833112
1830,AR,38,-0.344779353862397,0.0340188984690689,GDSC2_LN_IC50,Gallibiscoquinazole,,0.200709268420542
1830,CAV1,38,0.377902600448986,0.0193241280273477,GDSC2_LN_IC50,Gallibiscoquinazole,,0.203976906955336
1830,ETS1,38,0.360739342373381,0.0260827380891682,GDSC2_LN_IC50,Gallibiscoquinazole,,0.190604624497768
1830,FOXF2,38,0.518956339764604,0.000842962591169428,GDSC2_LN_IC50,Gallibiscoquinazole,,0.0621456904092673
1830,GATA3,38,-0.271732039093926,0.0988751826466483,GDSC2_LN_IC50,Gallibiscoquinazole,,0.232887826894998
1830,ITGB1,38,0.419233878256328,0.00879480494443332,GDSC2_LN_IC50,Gallibiscoquinazole,,0.119358067103024
1830,KLF4,38,0.273568866576452,0.0965264320132397,GDSC2_LN_IC50,Gallibiscoquinazole,,0.237155457963563
1830,LOX,38,0.403914892184318,0.0119064215883093,GDSC2_LN_IC50,Gallibiscoquinazole,,0.155290911717987
1830,MYB,38,-0.396509559830137,0.0137180967978527,GDSC2_LN_IC50,Gallibiscoquinazole,,0.174423097010213
1830,OXTR,38,0.400654187685493,0.0126774110095747,GDSC2_LN_IC50,Gallibiscoquinazole,,0.185771084564895
1830,RXRA,38,-0.423256441657971,0.00810387837236465,GDSC2_LN_IC50,Gallibiscoquinazole,,0.115480266806196
1830,SNAI2,38,0.355080200365209,0.0287000082815092,GDSC2_LN_IC50,Gallibiscoquinazole,,0.221067631357571
1830,SOX2,38,-0.443297956685067,0.00531221476288965,GDSC2_LN_IC50,Gallibiscoquinazole,,0.216283029631936
1830,SQSTM1,38,0.395663361825697,0.0139392181784489,GDSC2_LN_IC50,Gallibiscoquinazole,,0.0968945653867791
1830,VIM,38,0.473324356879485,0.00268783864367692,GDSC2_LN_IC50,Gallibiscoquinazole,,0.191508503361981
1830,XBP1,38,-0.323631862041326,0.047472513129336,GDSC2_LN_IC50,Gallibiscoquinazole,,0.230516698891546
1831,FOXF2,38,0.361867328303717,0.0255854302108517,GDSC2_LN_IC50,L-Oxonoreleagnine,,0.214466106179198
1831,IGFBP5,38,-0.295742129238663,0.0714285663172959,GDSC2_LN_IC50,L-Oxonoreleagnine,,0.182750686065129
1831,RARA,38,-0.301894771428443,0.0654632444693305,GDSC2_LN_IC50,L-Oxonoreleagnine,,0.230333637947645
1831,RXRA,38,-0.387414725960126,0.0162570010402909,GDSC2_LN_IC50,L-Oxonoreleagnine,,0.158325005016146
1832,GADD45G,38,-0.340713394662142,0.036329020857617,GDSC2_LN_IC50,729189,,0.211301447845323
1832,RARA,38,-0.364142986997999,0.0246060189286852,GDSC2_LN_IC50,729189,,0.138638378423196
1833,BCL2L1,38,0.287628995694559,0.0799372252957708,GDSC2_LN_IC50,741909,,0.223658605987031
1833,HES1,38,-0.471441345854808,0.0028102229514153,GDSC2_LN_IC50,741909,,0.149797276437019
1833,RARA,38,-0.332565175018107,0.0413439903971824,GDSC2_LN_IC50,741909,,0.178530867624197
1834,BCL2L1,38,0.319514400924063,0.0505333392141875,GDSC2_LN_IC50,743380,,0.173518092482451
1834,BDNF,38,0.362737670240427,0.0252071023771496,GDSC2_LN_IC50,743380,,0.216099721138592
1835,HDAC3,38,-0.291512480158655,0.0757710353769925,GDSC2_LN_IC50,Elephantin,,0.218128738206494
1835,HRK,38,0.510818223785185,0.00104901354485837,GDSC2_LN_IC50,Elephantin,,0.110128723901703
1835,SQSTM1,38,0.321832293859121,0.0487913794819552,GDSC2_LN_IC50,Elephantin,,0.15280816650942
1835,XBP1,38,-0.323289756478914,0.0477210008231621,GDSC2_LN_IC50,Elephantin,,0.230516698891546
1836,AR,38,-0.318606322620288,0.051229238518031,GDSC2_LN_IC50,150412,,0.23548924157482
1836,CAV1,38,0.444374067628939,0.00518941674034772,GDSC2_LN_IC50,150412,,0.0924364856874437
1836,ETS2,38,0.328694382299901,0.0439156153015247,GDSC2_LN_IC50,150412,,0.240691353094895
1836,FOS,38,0.50930142551903,0.00109200238380533,GDSC2_LN_IC50,150412,,0.201746089172963
1836,FOSB,38,0.569760261933535,0.000188621267606859,GDSC2_LN_IC50,150412,,0.0294372523226826
1836,FOXF2,38,0.411622437697596,0.0102406584790601,GDSC2_LN_IC50,150412,,0.135989543435525
1836,GADD45G,38,-0.34848151553726,0.0320213929450322,GDSC2_LN_IC50,150412,,0.200249905460214
1836,ITGB1,38,0.437687335290687,0.00599397890644962,GDSC2_LN_IC50,150412,,0.0952653069623436
1836,JUN,38,0.551797419136962,0.000329167134997221,GDSC2_LN_IC50,150412,,0.093812633474208
1836,KLF4,38,0.353307872579218,0.0295628633650944,GDSC2_LN_IC50,150412,,0.135893807404063
1836,OXTR,38,0.349159448829364,0.0316662551771368,GDSC2_LN_IC50,150412,,0.241382186652106
1836,PLAU,38,0.363611108907399,0.0248321006847834,GDSC2_LN_IC50,150412,,0.203714418338904
1836,RARA,38,-0.301894771428443,0.0654632444693305,GDSC2_LN_IC50,150412,,0.230333637947645
1836,SEMA6A,38,-0.533063348376877,0.000569458658071462,GDSC2_LN_IC50,150412,,0.0811478587751833
1836,SNAI2,38,0.376731432094795,0.0197332142201402,GDSC2_LN_IC50,150412,,0.193379731226885
1838,AXL,38,0.475184346997715,0.00257155277548097,GDSC2_LN_IC50,Sinularin,,0.0980576707833555
1838,BDNF,38,0.533206551429389,0.000567145805467711,GDSC2_LN_IC50,Sinularin,,0.065200052163914
1838,CAV1,38,0.483491021566112,0.00210427761965202,GDSC2_LN_IC50,Sinularin,,0.0461322401231405
1838,CEBPA,38,-0.351892425275524,0.0302672139860913,GDSC2_LN_IC50,Sinularin,,0.239615444056556
1838,DBI,38,-0.521647518511479,0.000783211245810697,GDSC2_LN_IC50,Sinularin,,0.186079843922766
1838,DKK3,38,0.432272196185266,0.00672225407515021,GDSC2_LN_IC50,Sinularin,,0.119740150713613
1838,EPHA2,38,0.362606457425723,0.0252638405439583,GDSC2_LN_IC50,Sinularin,,0.189478804079687
1838,FOSL1,38,0.409432283929161,0.010692449585686,GDSC2_LN_IC50,Sinularin,,0.138515824178205
1838,FOXC2,38,0.46680851105797,0.00313227535610604,GDSC2_LN_IC50,Sinularin,,0.179868396713023
1838,FOXD1,38,0.465182376889509,0.00325271443341041,GDSC2_LN_IC50,Sinularin,,0.231755903380491
1838,FOXF2,38,0.415050793291874,0.00956613277592716,GDSC2_LN_IC50,Sinularin,,0.135989543435525
1838,GJA1,38,0.390401474804135,0.0153828921874092,GDSC2_LN_IC50,Sinularin,,0.200462985262574
1838,GRHL1,38,-0.468970826968883,0.00297816172972964,GDSC2_LN_IC50,Sinularin,,0.141462682162158
1838,HBEGF,38,0.393272056430367,0.0145804414761237,GDSC2_LN_IC50,Sinularin,,0.132694954696166
1838,HRH1,38,0.418062316645968,0.00900527051631857,GDSC2_LN_IC50,Sinularin,,0.213875174762566
1838,IL6,38,0.476873854548697,0.00246976622255671,GDSC2_LN_IC50,Sinularin,,0.157295018868027
1838,ITGA5,38,0.444277936862972,0.00520028571055595,GDSC2_LN_IC50,Sinularin,,0.203053691073298
1838,ITGB1,38,0.480148202447418,0.00228250055126441,GDSC2_LN_IC50,Sinularin,,0.0522860847699644
1838,KLF10,38,0.50481407493893,0.001228452746466,GDSC2_LN_IC50,Sinularin,,0.175054516371405
1838,KLF4,38,0.313082391872466,0.0556295912028528,GDSC2_LN_IC50,Sinularin,,0.190833867304315
1838,MYB,38,-0.536925811009226,0.000509934285143778,GDSC2_LN_IC50,Sinularin,,0.0726656356329884
1838,NGF,38,0.492843511355532,0.00166887001133471,GDSC2_LN_IC50,Sinularin,,0.059453494153799
1838,OPTN,38,0.465302503712827,0.0032436811627409,GDSC2_LN_IC50,Sinularin,,0.0840408301255598
1838,OXTR,38,0.579181243998554,0.000139023492045581,GDSC2_LN_IC50,Sinularin,,0.0294445571989389
1838,PBX1,38,-0.441822372356298,0.00548467700599673,GDSC2_LN_IC50,Sinularin,,0.0611183789547626
1838,PLAU,38,0.461675671506084,0.00352626022272679,GDSC2_LN_IC50,Sinularin,,0.137300441674405
1838,RUNX2,38,0.410185126426219,0.0105352747681355,GDSC2_LN_IC50,Sinularin,,0.2457187720494
1838,SERPINE1,38,0.510471382093424,0.00105870925697004,GDSC2_LN_IC50,Sinularin,,0.100577379412154
1838,SNAI2,38,0.467580000432138,0.00307650926422972,GDSC2_LN_IC50,Sinularin,,0.0797095582095883
1838,SQSTM1,38,0.38338783486258,0.0175013504523021,GDSC2_LN_IC50,Sinularin,,0.101793568957267
1838,SREBF1,38,-0.463482038843585,0.00338294899540856,GDSC2_LN_IC50,Sinularin,,0.245560433754688
1838,TGFBR2,38,0.418637809025191,0.00890135419257897,GDSC2_LN_IC50,Sinularin,,0.230625994989546
1838,TWIST1,38,0.471205509527569,0.00282588889272412,GDSC2_LN_IC50,Sinularin,,0.21081710550129
1838,TYMS,38,0.377966738062563,0.0193019313893501,GDSC2_LN_IC50,Sinularin,,0.225882318231639
1838,UGCG,38,0.347326128882375,0.0326341746722048,GDSC2_LN_IC50,Sinularin,,0.238480507219958
1838,XBP1,38,-0.454145134101332,0.00418220114616025,GDSC2_LN_IC50,Sinularin,,0.0534307305558645
1839,CTNNB1,38,-0.462455647734222,0.00346374363366204,GDSC2_LN_IC50,615590,,0.0859026076267038
1839,HDAC3,38,-0.295194743065923,0.0719792902461521,GDSC2_LN_IC50,615590,,0.214717578844991
1839,KLF4,38,0.265203390500269,0.107578014770508,GDSC2_LN_IC50,615590,,0.249266131785322
1839,NR4A1,38,0.300942666672173,0.0663597226734683,GDSC2_LN_IC50,615590,,0.236017882684214
1839,OXTR,38,0.363333958828089,0.0249505878195682,GDSC2_LN_IC50,615590,,0.233667889332007
1839,PPARA,38,-0.35355099296832,0.0294432516800011,GDSC2_LN_IC50,615590,,0.123266430549361
1839,SQSTM1,38,0.276999934515562,0.0922538837575762,GDSC2_LN_IC50,615590,,0.203816719929529
1840,CEBPA,38,0.471376301666307,0.0028145360541448,GDSC2_LN_IC50,630600,,0.0684950273858159
1840,ESR1,38,0.374862854503268,0.0204008816684963,GDSC2_LN_IC50,630600,,0.0615305562857176
1840,ETS1,38,-0.361096024457053,0.0259246261781032,GDSC2_LN_IC50,630600,,0.190604624497768
1840,ETS2,38,-0.431582571759401,0.00682025115091612,GDSC2_LN_IC50,630600,,0.0971885789005547
1840,FOSL1,38,-0.40208097075154,0.0123349978201672,GDSC2_LN_IC50,630600,,0.152846712119463
1840,HBEGF,38,-0.362403386583777,0.0253518596627071,GDSC2_LN_IC50,630600,,0.16352939749237
1840,HDAC3,38,-0.408292818074844,0.0109341363989009,GDSC2_LN_IC50,630600,,0.101424950371434
1840,HDAC9,38,-0.350344492007506,0.0310532352375196,GDSC2_LN_IC50,630600,,0.16698437816402
1840,IGFBP5,38,0.323494557025595,0.0475721189281154,GDSC2_LN_IC50,630600,,0.154068794255828
1840,LDHA,38,-0.504374640633078,0.00124259236595299,GDSC2_LN_IC50,630600,,0.118046274765534
1840,PBX1,38,0.325158397771315,0.0463763806169057,GDSC2_LN_IC50,630600,,0.189855217633147
1840,PPARA,38,-0.279427198580479,0.0893202509775884,GDSC2_LN_IC50,630600,,0.229335779537051
1840,YY1,38,0.464515060206576,0.00330329565914044,GDSC2_LN_IC50,630600,,0.234129978705783
1843,AR,38,0.434707204796823,0.00638586210963151,GDSC2_LN_IC50,LMP744,TOP1,0.096529931846503
1843,CACNA1H,38,0.408763687827393,0.0108337048672728,GDSC2_LN_IC50,LMP744,TOP1,0.0817631757270831
1843,CEBPA,38,0.422802737673614,0.0081794043404156,GDSC2_LN_IC50,LMP744,TOP1,0.116350988598203
1843,EPHA2,38,-0.410531457904353,0.0104636326698265,GDSC2_LN_IC50,LMP744,TOP1,0.138972940046661
1843,ESR1,38,0.512186650640209,0.00101152273789607,GDSC2_LN_IC50,LMP744,TOP1,0.0114803236932371
1843,ETS2,38,-0.420454897358623,0.00857994575472415,GDSC2_LN_IC50,LMP744,TOP1,0.106316719134625
1843,ETV1,38,-0.400304597543223,0.0127625267058064,GDSC2_LN_IC50,LMP744,TOP1,0.197690233693226
1843,GADD45G,38,0.358598138072297,0.0270487643240517,GDSC2_LN_IC50,LMP744,TOP1,0.188021898350115
1843,GATA3,38,0.353964330682538,0.0292408104722344,GDSC2_LN_IC50,LMP744,TOP1,0.125737988836906
1843,HDAC9,38,-0.396091324478562,0.0138270130288611,GDSC2_LN_IC50,LMP744,TOP1,0.115797863417607
1843,IGFBP5,38,0.332177831977335,0.0415956973710275,GDSC2_LN_IC50,LMP744,TOP1,0.144570411594425
1843,MAFB,38,0.459515568286625,0.00370455305660427,GDSC2_LN_IC50,LMP744,TOP1,0.247417515529452
1843,MEF2C,38,-0.291497212648167,0.0757870753525312,GDSC2_LN_IC50,LMP744,TOP1,0.213662492567493
1843,PBX1,38,0.392512637309659,0.0147892146725962,GDSC2_LN_IC50,LMP744,TOP1,0.0980215391090676
1843,PCSK2,38,0.557048493735587,0.000280637013089912,GDSC2_LN_IC50,LMP744,TOP1,0.0799815487306249
1843,PPARA,38,-0.396908092795657,0.013614987215254,GDSC2_LN_IC50,LMP744,TOP1,0.0843537251379866
1843,RARA,38,0.355976311485958,0.02827170496568,GDSC2_LN_IC50,LMP744,TOP1,0.142074308667449
1843,RXRA,38,0.360938684715989,0.0259942744917006,GDSC2_LN_IC50,LMP744,TOP1,0.20578800639263
1843,SOX3,38,0.344686413522342,0.0340703270839768,GDSC2_LN_IC50,LMP744,TOP1,0.170351635419884
1843,TGFB2,38,-0.417673192141899,0.0090761206208192,GDSC2_LN_IC50,LMP744,TOP1,0.225026532142044
1843,XBP1,38,0.345868723598077,0.0334208176393466,GDSC2_LN_IC50,LMP744,TOP1,0.194386388310485
1844,RARA,38,0.333109620052243,0.0409922833199611,GDSC2_LN_IC50,776928,,0.178530867624197
1844,REST,38,0.418530374559579,0.00892067536028209,GDSC2_LN_IC50,776928,,0.229648899950789
1844,SQSTM1,38,0.278956902582146,0.089882964992197,GDSC2_LN_IC50,776928,,0.201705866321072
1845,CACNA1H,38,0.322079891060223,0.0486081927400054,GDSC2_LN_IC50,Schweinfurthin A,,0.153925943676684
1845,ESR1,38,0.399038953240645,0.0130747374480417,GDSC2_LN_IC50,Schweinfurthin A,,0.0454426850328277
1845,GADD45G,38,0.344687782086621,0.0340695693265052,GDSC2_LN_IC50,Schweinfurthin A,,0.206592069320298
1845,GATA3,38,0.261498687251787,0.112768169894699,GDSC2_LN_IC50,Schweinfurthin A,,0.24798608752835
1845,IGFBP5,38,0.411519128595192,0.0102615977477856,GDSC2_LN_IC50,Schweinfurthin A,,0.053695023040368
1845,KLF4,38,0.307742726291923,0.060164747690225,GDSC2_LN_IC50,Schweinfurthin A,,0.190833867304315
1845,MEF2C,38,-0.379501438702574,0.018777131827285,GDSC2_LN_IC50,Schweinfurthin A,,0.109213930015841
1845,PBX1,38,0.324801080850687,0.0466311060853343,GDSC2_LN_IC50,Schweinfurthin A,,0.189855217633147
1845,PPARA,38,-0.385381665438696,0.0168755987166791,GDSC2_LN_IC50,Schweinfurthin A,,0.0933961021763671
1845,SOX3,38,0.429700524659747,0.00709397041368371,GDSC2_LN_IC50,Schweinfurthin A,,0.0846045530656375
1845,SQSTM1,38,0.437827128351187,0.00597611724160537,GDSC2_LN_IC50,Schweinfurthin A,,0.0720518391364948
1845,TLR4,38,-0.348905444532286,0.0317989355012951,GDSC2_LN_IC50,Schweinfurthin A,,0.181253932357382
1847,BCL2L1,38,0.460829007532935,0.00359523203140344,GDSC2_LN_IC50,BEN,,0.0702022200662926
1847,CTNNB1,38,-0.387588988573373,0.0162048777254101,GDSC2_LN_IC50,BEN,,0.171051487101551
1847,ESR1,38,0.33486563232746,0.0398744181049582,GDSC2_LN_IC50,BEN,,0.103318227022346
1847,GATA3,38,0.426876962557774,0.00752230894559065,GDSC2_LN_IC50,BEN,,0.0549707192177778
1847,HDAC9,38,-0.30459765953645,0.0629702938670935,GDSC2_LN_IC50,BEN,,0.211135691201431
1847,KLF4,38,0.403500729036316,0.0120020874769232,GDSC2_LN_IC50,BEN,,0.0896201398398268
1847,MEF2C,38,-0.428830358901941,0.00722368278064137,GDSC2_LN_IC50,BEN,,0.0851140295710596
1847,NR4A1,38,0.474296737335867,0.00262648466001414,GDSC2_LN_IC50,BEN,,0.116885217688795
1847,PPARA,38,-0.387243626780975,0.0163083152932498,GDSC2_LN_IC50,BEN,,0.0929573971715238
1847,SOX3,38,0.298189703838848,0.0690063985947823,GDSC2_LN_IC50,BEN,,0.239839312189182
1847,TLR4,38,-0.420406171167956,0.00858843309618397,GDSC2_LN_IC50,BEN,,0.111259246927838
1849,BACE1,41,-0.428862306831478,0.00514610307028522,GDSC2_LN_IC50,Sabutoclax,"BCL2,  BCL-XL,  BFL1, MCL1",0.209519910718755
1849,BCL2L1,41,0.282666684628591,0.0733423918919369,GDSC2_LN_IC50,Sabutoclax,"BCL2,  BCL-XL,  BFL1, MCL1",0.215490532878371
1849,KLF4,41,0.392055332798291,0.0112400167589351,GDSC2_LN_IC50,Sabutoclax,"BCL2,  BCL-XL,  BFL1, MCL1",0.0865785074674728
1849,MAP2,41,-0.434471798122642,0.00453371910524212,GDSC2_LN_IC50,Sabutoclax,"BCL2,  BCL-XL,  BFL1, MCL1",0.161513743124251
1849,SQSTM1,41,0.493659402175846,0.0010383831881236,GDSC2_LN_IC50,Sabutoclax,"BCL2,  BCL-XL,  BFL1, MCL1",0.0328821342905807
1852,GJA1,41,0.420621365850001,0.00617558382442174,GDSC2_LN_IC50,LY2109761,TGFB1,0.110002586872512
1852,SOX3,41,0.321259964408479,0.0405504726612674,GDSC2_LN_IC50,LY2109761,TGFB1,0.180576323569706
1852,SPI1,41,0.405905673563682,0.00846054710577469,GDSC2_LN_IC50,LY2109761,TGFB1,0.224107901361469
1853,AXL,41,0.38187100868864,0.0137504296793263,GDSC2_LN_IC50,OF-1,"BRPF1B, BRPF2",0.220030580928325
1853,BCL2L1,41,0.315912141286612,0.0442067521431408,GDSC2_LN_IC50,OF-1,"BRPF1B, BRPF2",0.16362239429604
1853,BDNF,41,0.390803762025337,0.0115257325897738,GDSC2_LN_IC50,OF-1,"BRPF1B, BRPF2",0.161842392625361
1853,CAV1,41,0.387644182861696,0.0122747001002328,GDSC2_LN_IC50,OF-1,"BRPF1B, BRPF2",0.174914476428317
1853,DKK3,41,0.417896691930802,0.00655303318456802,GDSC2_LN_IC50,OF-1,"BRPF1B, BRPF2",0.119740150713613
1853,ETS1,41,0.368550717478533,0.0177384531420454,GDSC2_LN_IC50,OF-1,"BRPF1B, BRPF2",0.190604624497768
1853,FOSL1,41,0.369132882190839,0.0175457768343908,GDSC2_LN_IC50,OF-1,"BRPF1B, BRPF2",0.17859094277862
1853,FOXF2,41,0.43259287110878,0.00473136952738501,GDSC2_LN_IC50,OF-1,"BRPF1B, BRPF2",0.10495094478198
1853,GRHL1,41,-0.430680847092134,0.00494015032120565,GDSC2_LN_IC50,OF-1,"BRPF1B, BRPF2",0.146605448532504
1853,HBEGF,41,0.372625448209125,0.0164264890616357,GDSC2_LN_IC50,OF-1,"BRPF1B, BRPF2",0.141123718432722
1853,ITGA5,41,0.392658733057808,0.0111044419790976,GDSC2_LN_IC50,OF-1,"BRPF1B, BRPF2",0.210984397602855
1853,ITGB1,41,0.406259331437335,0.00839811532086166,GDSC2_LN_IC50,OF-1,"BRPF1B, BRPF2",0.119358067103024
1853,OXTR,41,0.381313280646239,0.0139006494865898,GDSC2_LN_IC50,OF-1,"BRPF1B, BRPF2",0.185771084564895
1853,PLAU,41,0.379186183154099,0.0144864096583943,GDSC2_LN_IC50,OF-1,"BRPF1B, BRPF2",0.158793336640091
1853,RXRA,41,-0.430510417913656,0.00495914273181919,GDSC2_LN_IC50,OF-1,"BRPF1B, BRPF2",0.0811820343131849
1853,SQSTM1,41,0.298894742106469,0.0576533823755838,GDSC2_LN_IC50,OF-1,"BRPF1B, BRPF2",0.161358915636051
1853,VIM,41,0.407611421500294,0.00816306426958336,GDSC2_LN_IC50,OF-1,"BRPF1B, BRPF2",0.209978052228695
1854,BCL2L1,41,0.400069722391943,0.00954984088860128,GDSC2_LN_IC50,MN-64,"TNKS1, TNKS2",0.0874637059646173
1854,ESR1,41,0.273420848370536,0.083677185680673,GDSC2_LN_IC50,MN-64,"TNKS1, TNKS2",0.175507280046041
1854,FN1,41,0.41551998900261,0.00689838976352076,GDSC2_LN_IC50,MN-64,"TNKS1, TNKS2",0.221297726725318
1854,FOSB,41,0.395210729195243,0.0105463693361142,GDSC2_LN_IC50,MN-64,"TNKS1, TNKS2",0.230294895830209
1854,GATA3,41,0.251369068616484,0.11288779751426,GDSC2_LN_IC50,MN-64,"TNKS1, TNKS2",0.24798608752835
1854,GJA1,41,0.3647122250087,0.0190539689619242,GDSC2_LN_IC50,MN-64,"TNKS1, TNKS2",0.203845530561228
1854,GRHL1,41,-0.367998188984714,0.0179229653698601,GDSC2_LN_IC50,MN-64,"TNKS1, TNKS2",0.204321805216405
1854,IGFBP5,41,0.283787066709777,0.0721614399736973,GDSC2_LN_IC50,MN-64,"TNKS1, TNKS2",0.182750686065129
1854,OXTR,41,0.420579652265482,0.0061812175105004,GDSC2_LN_IC50,MN-64,"TNKS1, TNKS2",0.139575631941173
1854,SQSTM1,41,0.296441014105595,0.0598365564827812,GDSC2_LN_IC50,MN-64,"TNKS1, TNKS2",0.161358915636051
1855,ESR1,41,0.283312041851641,0.0726603051154892,GDSC2_LN_IC50,KRAS (G12C) Inhibitor-12,KRAS (G12C),0.163056590219799
1855,IGFBP5,41,0.294945537983169,0.0611991201624665,GDSC2_LN_IC50,KRAS (G12C) Inhibitor-12,KRAS (G12C),0.176179285316191
1855,JUN,41,0.451168122787181,0.00307019844474196,GDSC2_LN_IC50,KRAS (G12C) Inhibitor-12,KRAS (G12C),0.130616219191484
1855,KLF4,41,0.271880557039179,0.0855038605175144,GDSC2_LN_IC50,KRAS (G12C) Inhibitor-12,KRAS (G12C),0.221532729522651
1855,SQSTM1,41,0.316990986112915,0.04344839718639,GDSC2_LN_IC50,KRAS (G12C) Inhibitor-12,KRAS (G12C),0.145376517078725
1862,AR,47,0.314452181378891,0.031345281564747,GDSC2_LN_IC50,MG-132,"Proteasome, CAPN1",0.190072452041551
1862,BACE1,47,-0.41422376478608,0.00379678771952014,GDSC2_LN_IC50,MG-132,"Proteasome, CAPN1",0.209519910718755
1862,BDNF,47,-0.462709755566537,0.00105737362386545,GDSC2_LN_IC50,MG-132,"Proteasome, CAPN1",0.065200052163914
1862,CACNA1H,47,0.340264346322829,0.0192719974756475,GDSC2_LN_IC50,MG-132,"Proteasome, CAPN1",0.114427485011657
1862,CEBPA,47,0.430966697502313,0.00249320203235342,GDSC2_LN_IC50,MG-132,"Proteasome, CAPN1",0.0684950273858159
1862,DNAJB4,47,-0.374027926495517,0.00960000208602324,GDSC2_LN_IC50,MG-132,"Proteasome, CAPN1",0.160941211442154
1862,EPHA2,47,-0.364776965258961,0.011702984424982,GDSC2_LN_IC50,MG-132,"Proteasome, CAPN1",0.138972940046661
1862,ESR1,47,0.389659968787471,0.00678187196243598,GDSC2_LN_IC50,MG-132,"Proteasome, CAPN1",0.0306798969729247
1862,ETS1,47,-0.341495852566664,0.0188115339899861,GDSC2_LN_IC50,MG-132,"Proteasome, CAPN1",0.190604624497768
1862,ETS2,47,-0.414084181313599,0.00380978917357767,GDSC2_LN_IC50,MG-132,"Proteasome, CAPN1",0.0638699949688021
1862,FHL1,47,-0.334557452846739,0.0215319649421822,GDSC2_LN_IC50,MG-132,"Proteasome, CAPN1",0.219164643161498
1862,FOSL1,47,-0.372394256066906,0.00994575976037499,GDSC2_LN_IC50,MG-132,"Proteasome, CAPN1",0.136609696969893
1862,FST,47,-0.478650890645533,0.00066568812744501,GDSC2_LN_IC50,MG-132,"Proteasome, CAPN1",0.0985875461170986
1862,GADD45G,47,0.399629972247919,0.00538673403165093,GDSC2_LN_IC50,MG-132,"Proteasome, CAPN1",0.0697826908645689
1862,GATA3,47,0.28168362627197,0.055089999830775,GDSC2_LN_IC50,MG-132,"Proteasome, CAPN1",0.161862370636813
1862,HBEGF,47,-0.423867480157464,0.00298763250136674,GDSC2_LN_IC50,MG-132,"Proteasome, CAPN1",0.0711315258367033
1862,HDAC3,47,-0.350370027752081,0.0157603912039641,GDSC2_LN_IC50,MG-132,"Proteasome, CAPN1",0.106945511741185
1862,HDAC9,47,-0.44716833877204,0.00162576951009307,GDSC2_LN_IC50,MG-132,"Proteasome, CAPN1",0.0514827011529472
1862,IGFBP5,47,0.358580018501388,0.0133227100357204,GDSC2_LN_IC50,MG-132,"Proteasome, CAPN1",0.0622454485275461
1862,ILF3,47,-0.298566142460685,0.0414995074244327,GDSC2_LN_IC50,MG-132,"Proteasome, CAPN1",0.237856373960661
1862,ITGB1,47,-0.308395004625347,0.0349424179819075,GDSC2_LN_IC50,MG-132,"Proteasome, CAPN1",0.246578819894493
1862,KLF4,47,0.313251618871415,0.0320327533249727,GDSC2_LN_IC50,MG-132,"Proteasome, CAPN1",0.142003289766924
1862,LDHA,47,-0.3159111933395,0.0305263207097967,GDSC2_LN_IC50,MG-132,"Proteasome, CAPN1",0.225311118033664
1862,LOX,47,-0.406244580037269,0.00460569685406124,GDSC2_LN_IC50,MG-132,"Proteasome, CAPN1",0.131262360340745
1862,MEF2A,47,-0.490951142769207,0.00045859778162462,GDSC2_LN_IC50,MG-132,"Proteasome, CAPN1",0.0878041433182232
1862,MEF2C,47,-0.362227086445788,0.012347775999359,GDSC2_LN_IC50,MG-132,"Proteasome, CAPN1",0.0932761303988774
1862,MTA1,47,0.423219241443108,0.00303681661372646,GDSC2_LN_IC50,MG-132,"Proteasome, CAPN1",0.21637318372801
1862,NR4A1,47,0.421831637372803,0.00314450307015646,GDSC2_LN_IC50,MG-132,"Proteasome, CAPN1",0.116885217688795
1862,OPTN,47,-0.480457909343201,0.000630772607090621,GDSC2_LN_IC50,MG-132,"Proteasome, CAPN1",0.030065439131429
1862,PBX1,47,0.399051803885291,0.00546019378380113,GDSC2_LN_IC50,MG-132,"Proteasome, CAPN1",0.0611183789547626
1862,PPARA,47,-0.392009482399074,0.00642757012135581,GDSC2_LN_IC50,MG-132,"Proteasome, CAPN1",0.0678465735032003
1862,RARA,47,0.289662349676226,0.0482775556930143,GDSC2_LN_IC50,MG-132,"Proteasome, CAPN1",0.189210697934426
1862,RUNX2,47,-0.387163920855331,0.00717672482645555,GDSC2_LN_IC50,MG-132,"Proteasome, CAPN1",0.2457187720494
1862,RXRA,47,0.347594819611471,0.0166657900016996,GDSC2_LN_IC50,MG-132,"Proteasome, CAPN1",0.158325005016146
1862,SNAI2,47,-0.392873711661689,0.00630135391607425,GDSC2_LN_IC50,MG-132,"Proteasome, CAPN1",0.102310246162874
1862,TGFB2,47,-0.343846665461252,0.0179583389996766,GDSC2_LN_IC50,MG-132,"Proteasome, CAPN1",0.243720314995612
1862,VDR,47,0.369449583718779,0.0105960922740797,GDSC2_LN_IC50,MG-132,"Proteasome, CAPN1",0.137267559005123
1862,XBP1,47,0.410846438482886,0.00412253530378208,GDSC2_LN_IC50,MG-132,"Proteasome, CAPN1",0.0534307305558645
1862,YBX1,47,-0.443570767807586,0.00179092160904442,GDSC2_LN_IC50,MG-132,"Proteasome, CAPN1",0.0538493663246204
1866,ADAMTS5,42,-0.446823399091781,0.00301277013746178,GDSC2_LN_IC50,BDP-00009066,MRCKB_HUMAN,0.214659872294152
1866,AR,42,0.347639550076868,0.0240803679590003,GDSC2_LN_IC50,BDP-00009066,MRCKB_HUMAN,0.163402496864645
1866,BCL2L1,42,0.537383311175819,0.000242860131227682,GDSC2_LN_IC50,BDP-00009066,MRCKB_HUMAN,0.0462614995120658
1866,CACNA1H,42,0.326757005758374,0.0346795127478501,GDSC2_LN_IC50,BDP-00009066,MRCKB_HUMAN,0.119080254616112
1866,CAV1,42,-0.476057908446768,0.00143908187449158,GDSC2_LN_IC50,BDP-00009066,MRCKB_HUMAN,0.0456918334578921
1866,CEBPA,42,0.532691373295171,0.000281683801894356,GDSC2_LN_IC50,BDP-00009066,MRCKB_HUMAN,0.0267599611799639
1866,DCBLD2,42,-0.408178669379185,0.00728643180549305,GDSC2_LN_IC50,BDP-00009066,MRCKB_HUMAN,0.188784824051411
1866,DKK3,42,-0.395312176178774,0.00956713429945711,GDSC2_LN_IC50,BDP-00009066,MRCKB_HUMAN,0.129150166677534
1866,DNAJB4,42,-0.487344485918347,0.00106288110767276,GDSC2_LN_IC50,BDP-00009066,MRCKB_HUMAN,0.0504868526144561
1866,EPHA2,42,-0.422216451655895,0.00534860010847565,GDSC2_LN_IC50,BDP-00009066,MRCKB_HUMAN,0.0896677077009154
1866,ESR1,42,0.515952835753151,0.000469931624826014,GDSC2_LN_IC50,BDP-00009066,MRCKB_HUMAN,0.00744058405974523
1866,ETS1,42,-0.414461320136148,0.00635490252957693,GDSC2_LN_IC50,BDP-00009066,MRCKB_HUMAN,0.107557777219189
1866,ETS2,42,-0.439792801688272,0.00356495357316012,GDSC2_LN_IC50,BDP-00009066,MRCKB_HUMAN,0.0635007355219146
1866,ETV1,42,-0.379935468425054,0.0130718713412798,GDSC2_LN_IC50,BDP-00009066,MRCKB_HUMAN,0.197690233693226
1866,FAS,42,-0.410268715929424,0.00696425698718257,GDSC2_LN_IC50,BDP-00009066,MRCKB_HUMAN,0.180437567395185
1866,FHL1,42,-0.455267033958222,0.00244988159200887,GDSC2_LN_IC50,BDP-00009066,MRCKB_HUMAN,0.0698216253722528
1866,FOSL1,42,-0.392855469368542,0.0100659776714658,GDSC2_LN_IC50,BDP-00009066,MRCKB_HUMAN,0.136609696969893
1866,GADD45G,42,0.5161869514961,0.000466664071596904,GDSC2_LN_IC50,BDP-00009066,MRCKB_HUMAN,0.0147776956005686
1866,GATA3,42,0.587095007121306,4.37177338536437e-05,GDSC2_LN_IC50,BDP-00009066,MRCKB_HUMAN,0.00177993630689835
1866,GLS,42,-0.4717140024118,0.00161271231309549,GDSC2_LN_IC50,BDP-00009066,MRCKB_HUMAN,0.0459623009232216
1866,HBEGF,42,-0.396804962529757,0.0092744935559921,GDSC2_LN_IC50,BDP-00009066,MRCKB_HUMAN,0.110134610977406
1866,HDAC9,42,-0.433705937636383,0.00411254487559117,GDSC2_LN_IC50,BDP-00009066,MRCKB_HUMAN,0.0555088144265815
1866,HEY1,42,-0.409824480810829,0.0070316852905601,GDSC2_LN_IC50,BDP-00009066,MRCKB_HUMAN,0.167002525650802
1866,HRH1,42,-0.419087238884447,0.00573662956427277,GDSC2_LN_IC50,BDP-00009066,MRCKB_HUMAN,0.181659936201971
1866,IGFBP5,42,0.544051649992673,0.000195964920697822,GDSC2_LN_IC50,BDP-00009066,MRCKB_HUMAN,0.00399793924856276
1866,ITGA5,42,-0.348860314597983,0.0235554748442425,GDSC2_LN_IC50,BDP-00009066,MRCKB_HUMAN,0.228891970245894
1866,ITGB1,42,-0.375980210667885,0.0141324742236472,GDSC2_LN_IC50,BDP-00009066,MRCKB_HUMAN,0.15491365975921
1866,KLF4,42,0.300644414673235,0.0530370879355191,GDSC2_LN_IC50,BDP-00009066,MRCKB_HUMAN,0.188944625770287
1866,LDHA,42,-0.36019793625358,0.0191210754088311,GDSC2_LN_IC50,BDP-00009066,MRCKB_HUMAN,0.175790531984415
1866,LOX,42,-0.464172579375306,0.00195852527400229,GDSC2_LN_IC50,BDP-00009066,MRCKB_HUMAN,0.0797399575843789
1866,MEF2C,42,-0.385213925462741,0.0117624886432704,GDSC2_LN_IC50,BDP-00009066,MRCKB_HUMAN,0.0932761303988774
1866,MET,42,-0.412814654022666,0.00658849167565671,GDSC2_LN_IC50,BDP-00009066,MRCKB_HUMAN,0.187772012756216
1866,MMP14,42,-0.541934716858169,0.000209879547673259,GDSC2_LN_IC50,BDP-00009066,MRCKB_HUMAN,0.0299078355434394
1866,MSC,42,-0.41850758094661,0.00581112682156692,GDSC2_LN_IC50,BDP-00009066,MRCKB_HUMAN,0.24742337034081
1866,MYCN,42,0.45161896996953,0.00268058291459368,GDSC2_LN_IC50,BDP-00009066,MRCKB_HUMAN,0.198279976813193
1866,NGF,42,-0.44166410954793,0.00340995900797485,GDSC2_LN_IC50,BDP-00009066,MRCKB_HUMAN,0.0971838317272832
1866,NR4A1,42,0.489209837260751,0.00100995101691343,GDSC2_LN_IC50,BDP-00009066,MRCKB_HUMAN,0.095945346606776
1866,NRP1,42,-0.522359099341972,0.000387544292750134,GDSC2_LN_IC50,BDP-00009066,MRCKB_HUMAN,0.110450123433788
1866,PBX1,42,0.565026943595977,9.68157448255064e-05,GDSC2_LN_IC50,BDP-00009066,MRCKB_HUMAN,0.00344906090940866
1866,PPARA,42,-0.369820649694847,0.0159292213537525,GDSC2_LN_IC50,BDP-00009066,MRCKB_HUMAN,0.0929573971715238
1866,PTN,42,-0.489000645887497,0.00101576776326091,GDSC2_LN_IC50,BDP-00009066,MRCKB_HUMAN,0.0964979375097868
1866,RARA,42,0.330701362506558,0.0324272291836411,GDSC2_LN_IC50,BDP-00009066,MRCKB_HUMAN,0.154877142359814
1866,RXRA,42,0.341118632764277,0.0270520924343893,GDSC2_LN_IC50,BDP-00009066,MRCKB_HUMAN,0.208374225508134
1866,SNAI2,42,-0.420044876685081,0.00561536828524661,GDSC2_LN_IC50,BDP-00009066,MRCKB_HUMAN,0.102310246162874
1866,TCF4,42,-0.431330191490178,0.00434539776480321,GDSC2_LN_IC50,BDP-00009066,MRCKB_HUMAN,0.112585305724447
1866,TGFBI,42,-0.531364385861338,0.000293634450021448,GDSC2_LN_IC50,BDP-00009066,MRCKB_HUMAN,0.0278952727520376
1866,TGFBR2,42,-0.392151211004785,0.0102130235689438,GDSC2_LN_IC50,BDP-00009066,MRCKB_HUMAN,0.233032502159813
1866,TLR4,42,-0.422468286615599,0.00531838730991414,GDSC2_LN_IC50,BDP-00009066,MRCKB_HUMAN,0.0842077990736406
1866,VDR,42,0.4030821439411,0.00812644707826106,GDSC2_LN_IC50,BDP-00009066,MRCKB_HUMAN,0.129899999732497
1866,XBP1,42,0.499490743999519,0.000758153428228362,GDSC2_LN_IC50,BDP-00009066,MRCKB_HUMAN,0.0270092158806354
1866,YBX1,42,-0.458374408856082,0.00226734173998402,GDSC2_LN_IC50,BDP-00009066,MRCKB_HUMAN,0.0538493663246204
1866,ZEB2,42,-0.501767358163075,0.000710638094819769,GDSC2_LN_IC50,BDP-00009066,MRCKB_HUMAN,0.067510619007878
1873,GATA3,46,0.274206638883823,0.0651684296511388,GDSC2_LN_IC50,Buparlisib,"PI3Kalpha, PI3Kdelta, PI3Kbeta, PI3Kgamma",0.178980241799626
1873,IGFBP5,46,0.249415725071092,0.0946033307323536,GDSC2_LN_IC50,Buparlisib,"PI3Kalpha, PI3Kdelta, PI3Kbeta, PI3Kgamma",0.220350599338052
1908,AR,46,0.339951514621842,0.0208038125292422,GDSC2_LN_IC50,Ulixertinib,"ERK1, ERK2",0.150992283127533
1908,CACNA1H,46,0.344865268961224,0.0189185951034484,GDSC2_LN_IC50,Ulixertinib,"ERK1, ERK2",0.114427485011657
1908,EPHA2,46,-0.3147747697495,0.0331184786010075,GDSC2_LN_IC50,Ulixertinib,"ERK1, ERK2",0.220400407718856
1908,ESR1,46,0.31970131465495,0.0303232460838747,GDSC2_LN_IC50,Ulixertinib,"ERK1, ERK2",0.083097357056772
1908,ETS2,46,-0.324263022752084,0.0279122779246463,GDSC2_LN_IC50,Ulixertinib,"ERK1, ERK2",0.165729150177587
1908,GADD45G,46,0.337624298322303,0.0217503965978345,GDSC2_LN_IC50,Ulixertinib,"ERK1, ERK2",0.182319500893612
1908,GATA3,46,0.289517977904147,0.050987082783831,GDSC2_LN_IC50,Ulixertinib,"ERK1, ERK2",0.153878999867263
1908,HDAC9,46,-0.324685833487648,0.0276971293861973,GDSC2_LN_IC50,Ulixertinib,"ERK1, ERK2",0.164325534901396
1908,IGFBP5,46,0.468370763041602,0.0010280919262614,GDSC2_LN_IC50,Ulixertinib,"ERK1, ERK2",0.0117202479593799
1908,MEF2C,46,-0.303838424514901,0.0400888491113485,GDSC2_LN_IC50,Ulixertinib,"ERK1, ERK2",0.164733312237045
1908,PBX1,46,0.362862097308341,0.0131958607377224,GDSC2_LN_IC50,Ulixertinib,"ERK1, ERK2",0.0925093672014371
1908,PPARA,46,-0.28623722562195,0.0537938716379839,GDSC2_LN_IC50,Ulixertinib,"ERK1, ERK2",0.166616992236885
1908,RARA,46,0.373325499236645,0.0106045641032242,GDSC2_LN_IC50,Ulixertinib,"ERK1, ERK2",0.0974935732070612
1908,SOX3,46,0.429061841009225,0.0029266324588733,GDSC2_LN_IC50,Ulixertinib,"ERK1, ERK2",0.0679943381386391
1909,BCL2L1,46,0.333861713551817,0.0233572444497328,GDSC2_LN_IC50,Venetoclax,BCL2,0.129548387785672
1909,CACNA1H,46,0.271374801103957,0.0681062596065933,GDSC2_LN_IC50,Venetoclax,BCL2,0.194102839878791
1909,HDAC3,46,-0.356265215410998,0.0150930521844197,GDSC2_LN_IC50,Venetoclax,BCL2,0.106945511741185
1909,ILF3,46,-0.296947271045328,0.0450675234872831,GDSC2_LN_IC50,Venetoclax,BCL2,0.237856373960661
1909,KLF4,46,0.324081442825161,0.0280051013603314,GDSC2_LN_IC50,Venetoclax,BCL2,0.133024231461574
1909,SQSTM1,46,0.300104100968302,0.0427276999109891,GDSC2_LN_IC50,Venetoclax,BCL2,0.144968981840856
1910,BDNF,46,-0.324853342274253,0.0276122746790976,GDSC2_LN_IC50,ABT737,"BCL2, BCL-XL,  BCL-W, BCL-B, BFL1",0.216776468909291
1910,CACNA1H,46,0.340785798092413,0.0204730230400122,GDSC2_LN_IC50,ABT737,"BCL2, BCL-XL,  BCL-W, BCL-B, BFL1",0.11669623132807
1910,ETS2,46,-0.352353142748387,0.0163240581038578,GDSC2_LN_IC50,ABT737,"BCL2, BCL-XL,  BCL-W, BCL-B, BFL1",0.129232126655541
1910,HBEGF,46,-0.345249363285314,0.0187775158052065,GDSC2_LN_IC50,ABT737,"BCL2, BCL-XL,  BCL-W, BCL-B, BFL1",0.147867476365245
1910,LOX,46,-0.338913928119298,0.0212214740074057,GDSC2_LN_IC50,ABT737,"BCL2, BCL-XL,  BCL-W, BCL-B, BFL1",0.201604003070354
1910,PPARA,46,-0.317379545511103,0.0316151748347296,GDSC2_LN_IC50,ABT737,"BCL2, BCL-XL,  BCL-W, BCL-B, BFL1",0.125789000674531
1910,XBP1,46,0.289369060988608,0.0511118678490417,GDSC2_LN_IC50,ABT737,"BCL2, BCL-XL,  BCL-W, BCL-B, BFL1",0.233495138451425
1911,AR,46,0.459938034678198,0.00130036955773134,GDSC2_LN_IC50,Dactinomycin,RNA polymerase,0.0529436177076332
1911,CACNA1H,46,0.348644778736741,0.0175685509914677,GDSC2_LN_IC50,Dactinomycin,RNA polymerase,0.113734681805959
1911,EGR3,46,0.380835839133358,0.00902566307545515,GDSC2_LN_IC50,Dactinomycin,RNA polymerase,0.212244992712331
1911,ESR1,46,0.352266267209542,0.0163523336638593,GDSC2_LN_IC50,Dactinomycin,RNA polymerase,0.054190873188371
1911,ETS2,46,-0.368054170519246,0.0118494608968112,GDSC2_LN_IC50,Dactinomycin,RNA polymerase,0.122552193126919
1911,GADD45G,46,0.332584234156838,0.0239249331579783,GDSC2_LN_IC50,Dactinomycin,RNA polymerase,0.184286647297941
1911,GATA3,46,0.3816290491534,0.00887139684235093,GDSC2_LN_IC50,Dactinomycin,RNA polymerase,0.0587987930248841
1911,HBEGF,46,-0.387848630666108,0.00773863057576592,GDSC2_LN_IC50,Dactinomycin,RNA polymerase,0.110134610977406
1911,HDAC3,46,-0.288473616176631,0.0518674207350442,GDSC2_LN_IC50,Dactinomycin,RNA polymerase,0.185272694909627
1911,HDAC9,46,-0.433452003977164,0.00261963533004148,GDSC2_LN_IC50,Dactinomycin,RNA polymerase,0.0530776145794371
1911,IGFBP5,46,0.586111874368995,1.87071152216039e-05,GDSC2_LN_IC50,Dactinomycin,RNA polymerase,0.00133288195953928
1911,ILF3,46,-0.430650632130743,0.00281205567968856,GDSC2_LN_IC50,Dactinomycin,RNA polymerase,0.067239721668884
1911,KLF4,46,0.254452004399854,0.0879153798482165,GDSC2_LN_IC50,Dactinomycin,RNA polymerase,0.223713243363765
1911,MEF2C,46,-0.269035440246515,0.0706116418083823,GDSC2_LN_IC50,Dactinomycin,RNA polymerase,0.209282522543688
1911,NR4A1,46,0.391741231925955,0.0070952322941397,GDSC2_LN_IC50,Dactinomycin,RNA polymerase,0.125413477231177
1911,PBX1,46,0.335312127882333,0.0227264315945413,GDSC2_LN_IC50,Dactinomycin,RNA polymerase,0.123048666739947
1911,PPARA,46,-0.310788258388933,0.0355332149643009,GDSC2_LN_IC50,Dactinomycin,RNA polymerase,0.135748585468309
1911,RARA,46,0.346812939789896,0.0182123405237782,GDSC2_LN_IC50,Dactinomycin,RNA polymerase,0.117966296574472
1911,RXRA,46,0.372866949027253,0.0107082037608643,GDSC2_LN_IC50,Dactinomycin,RNA polymerase,0.132688611819406
1911,SOX3,46,0.307313106334806,0.0377547915140181,GDSC2_LN_IC50,Dactinomycin,RNA polymerase,0.175812287082679
1911,SQSTM1,46,0.300584651970654,0.0423803748966783,GDSC2_LN_IC50,Dactinomycin,RNA polymerase,0.144968981840856
1911,TYMS,46,-0.347260744761652,0.0180531490131537,GDSC2_LN_IC50,Dactinomycin,RNA polymerase,0.224765424885096
1911,VDR,46,0.39160970734567,0.00711619007947049,GDSC2_LN_IC50,Dactinomycin,RNA polymerase,0.129899999732497
1911,XBP1,46,0.442711972383315,0.00206362586485139,GDSC2_LN_IC50,Dactinomycin,RNA polymerase,0.0420095265344748
1911,ZBTB7A,46,0.39916618822204,0.00599557761010173,GDSC2_LN_IC50,Dactinomycin,RNA polymerase,0.214653194801424
1912,BDNF,46,0.327010840719391,0.0265385622450902,GDSC2_LN_IC50,Afuresertib,"AKT1, AKT2, AKT3",0.216099721138592
1912,NGF,46,0.344747788013083,0.0189619245655538,GDSC2_LN_IC50,Afuresertib,"AKT1, AKT2, AKT3",0.234962978312297
1912,RUNX2,46,0.381459677248013,0.00890414460899855,GDSC2_LN_IC50,Afuresertib,"AKT1, AKT2, AKT3",0.2457187720494
1912,UGCG,46,0.459507325774308,0.00131585820757544,GDSC2_LN_IC50,Afuresertib,"AKT1, AKT2, AKT3",0.0738589869192016
1913,HDAC3,46,-0.266794677198856,0.073079316308646,GDSC2_LN_IC50,AGI-5198,IDH1 (R132H),0.214717578844991
1915,GATA3,46,0.245163702170668,0.100550593773933,GDSC2_LN_IC50,AZD3759,EGFR,0.232983083134723
1915,MEF2C,46,-0.291759038222437,0.0491387482691626,GDSC2_LN_IC50,AZD3759,EGFR,0.186727243422818
1915,PPARA,46,-0.301475797684215,0.0417423888742458,GDSC2_LN_IC50,AZD3759,EGFR,0.139959774460707
1915,TLR4,46,-0.401991159815433,0.00561792298541484,GDSC2_LN_IC50,AZD3759,EGFR,0.0842688447812226
1916,EGR3,46,0.398249264892324,0.00612281114055184,GDSC2_LN_IC50,AZD5363,"AKT1, AKT2, AKT3, ROCK2",0.212244992712331
1916,GJA1,46,0.34967782980699,0.017214058432619,GDSC2_LN_IC50,AZD5363,"AKT1, AKT2, AKT3, ROCK2",0.203845530561228
1916,RUNX2,46,0.374611424774584,0.0103185052454535,GDSC2_LN_IC50,AZD5363,"AKT1, AKT2, AKT3, ROCK2",0.2457187720494
1916,UGCG,46,0.417182686899874,0.00392166734645625,GDSC2_LN_IC50,AZD5363,"AKT1, AKT2, AKT3, ROCK2",0.101606835794548
1917,ACTA2,46,-0.391302952476542,0.00716527848830665,GDSC2_LN_IC50,AZD6738,ATR,0.243176499853054
1917,AR,46,0.410350193399118,0.00461910326911974,GDSC2_LN_IC50,AZD6738,ATR,0.0868928227210209
1917,CACNA1H,46,0.331966941949541,0.0242033586068976,GDSC2_LN_IC50,AZD6738,ATR,0.119080254616112
1917,CAV1,46,-0.324954016893903,0.0275613802732097,GDSC2_LN_IC50,AZD6738,ATR,0.235960763260728
1917,CTNNB1,46,-0.356384988554522,0.0150566442234265,GDSC2_LN_IC50,AZD6738,ATR,0.171051487101551
1917,DCBLD2,46,-0.404471830458331,0.0053035497863988,GDSC2_LN_IC50,AZD6738,ATR,0.188784824051411
1917,DKK3,46,-0.321187342902259,0.029519570711821,GDSC2_LN_IC50,AZD6738,ATR,0.227380477104567
1917,DNAJB4,46,-0.33587845786672,0.0224840336714328,GDSC2_LN_IC50,AZD6738,ATR,0.236937122391961
1917,EGR3,46,0.35709573619553,0.0148421277891694,GDSC2_LN_IC50,AZD6738,ATR,0.222631916837542
1917,EPHA2,46,-0.449976833629763,0.00170336734346083,GDSC2_LN_IC50,AZD6738,ATR,0.0539399658762596
1917,ESR1,46,0.563097297678292,4.62246541761511e-05,GDSC2_LN_IC50,AZD6738,ATR,0.00194280963313109
1917,ETS1,46,-0.398820492056656,0.00604327425877228,GDSC2_LN_IC50,AZD6738,ATR,0.107557777219189
1917,ETS2,46,-0.445823323696784,0.00190181424763488,GDSC2_LN_IC50,AZD6738,ATR,0.0467560224234975
1917,FHL1,46,-0.457114067293526,0.00140495221177584,GDSC2_LN_IC50,AZD6738,ATR,0.0459044295178594
1917,FOSL1,46,-0.363624246065801,0.0129904008062358,GDSC2_LN_IC50,AZD6738,ATR,0.153223555998604
1917,FOXC2,46,-0.428337667091066,0.00298020704436903,GDSC2_LN_IC50,AZD6738,ATR,0.179868396713023
1917,FOXF2,46,-0.346692976283212,0.018255187623107,GDSC2_LN_IC50,AZD6738,ATR,0.176673261792738
1917,GADD45G,46,0.45582580315524,0.00145509934862012,GDSC2_LN_IC50,AZD6738,ATR,0.0377003013051577
1917,GATA3,46,0.559046152087316,5.38320825654459e-05,GDSC2_LN_IC50,AZD6738,ATR,0.00181268455528284
1917,GLS,46,-0.455078991097765,0.0014848931829012,GDSC2_LN_IC50,AZD6738,ATR,0.0459623009232216
1917,GRHL1,46,0.368242563859495,0.0118029045150213,GDSC2_LN_IC50,AZD6738,ATR,0.177043567725319
1917,HBEGF,46,-0.43880907230359,0.00228376269333198,GDSC2_LN_IC50,AZD6738,ATR,0.0711315258367033
1917,HDAC3,46,-0.327399887821806,0.0263487014384789,GDSC2_LN_IC50,AZD6738,ATR,0.147242743332676
1917,HDAC9,46,-0.517311258983908,0.00023195523692566,GDSC2_LN_IC50,AZD6738,ATR,0.0121557715755765
1917,HEY1,46,-0.449578010589084,0.00172159014654497,GDSC2_LN_IC50,AZD6738,ATR,0.103235012683618
1917,IGFBP5,46,0.633763246268914,2.2679204080884e-06,GDSC2_LN_IC50,AZD6738,ATR,0.000646357316305193
1917,ILF3,46,-0.436571076164046,0.00241914433933771,GDSC2_LN_IC50,AZD6738,ATR,0.067239721668884
1917,KLF8,46,0.427450343740189,0.00304702737464875,GDSC2_LN_IC50,AZD6738,ATR,0.176523075885198
1917,LDHA,46,-0.322959322606222,0.0285844429248188,GDSC2_LN_IC50,AZD6738,ATR,0.225311118033664
1917,LOX,46,-0.410560105265392,0.00459616106924514,GDSC2_LN_IC50,AZD6738,ATR,0.131262360340745
1917,MAP2,46,-0.3858336733743,0.00809106709423728,GDSC2_LN_IC50,AZD6738,ATR,0.212142523563457
1917,MEF2C,46,-0.416858424974095,0.00395254988125747,GDSC2_LN_IC50,AZD6738,ATR,0.0659217870571403
1917,MYB,46,0.36999097878282,0.0113782490231744,GDSC2_LN_IC50,AZD6738,ATR,0.174423097010213
1917,PBX1,46,0.476203638192532,0.000822056190960844,GDSC2_LN_IC50,AZD6738,ATR,0.0167347153159886
1917,PPARA,46,-0.458275866562998,0.00136105280383456,GDSC2_LN_IC50,AZD6738,ATR,0.0222672519968984
1917,RARA,46,0.47256845824677,0.000912567437027017,GDSC2_LN_IC50,AZD6738,ATR,0.0346839835798346
1917,REST,46,0.34204135560605,0.0199835527510397,GDSC2_LN_IC50,AZD6738,ATR,0.237743381006208
1917,RXRA,46,0.441812383921893,0.00211262744777092,GDSC2_LN_IC50,AZD6738,ATR,0.0503313097430529
1917,S100A2,46,-0.37941622235279,0.00930753091933807,GDSC2_LN_IC50,AZD6738,ATR,0.190947031920401
1917,SMAD6,46,-0.458450362185947,0.00135456592439378,GDSC2_LN_IC50,AZD6738,ATR,0.128683762817409
1917,SNAI2,46,-0.469474475693951,0.000996515830722413,GDSC2_LN_IC50,AZD6738,ATR,0.049227802234437
1917,SOX3,46,0.402160790513845,0.00559592047487175,GDSC2_LN_IC50,AZD6738,ATR,0.0821872841864635
1917,TCF4,46,-0.442241445978754,0.00208912897657808,GDSC2_LN_IC50,AZD6738,ATR,0.0782330242697417
1917,TGFBI,46,-0.35789035900103,0.0146053793722015,GDSC2_LN_IC50,AZD6738,ATR,0.244854889475143
1917,TYMS,46,-0.397228039532864,0.00626727428334369,GDSC2_LN_IC50,AZD6738,ATR,0.162511716220527
1917,XBP1,46,0.377385981314075,0.00972379622439488,GDSC2_LN_IC50,AZD6738,ATR,0.0984445685273057
1917,ZBTB7A,46,0.427844495413565,0.0030171845202216,GDSC2_LN_IC50,AZD6738,ATR,0.21232478035895
1918,HDAC3,46,-0.269070366925805,0.0705737072137135,GDSC2_LN_IC50,AZD8186,"PI3Kalpha, PI3Kbeta",0.214717578844991
1919,AXL,46,0.3525020240048,0.0162756978316995,GDSC2_LN_IC50,Osimertinib,EGFR,0.220030580928325
1919,BACE1,46,0.449771900291999,0.00171270954700725,GDSC2_LN_IC50,Osimertinib,EGFR,0.163233680528208
1919,BDNF,46,0.440399370113891,0.00219167634794574,GDSC2_LN_IC50,Osimertinib,EGFR,0.065200052163914
1919,CACNA1H,46,-0.269815003418823,0.0697687745980938,GDSC2_LN_IC50,Osimertinib,EGFR,0.194527506130921
1919,CAV1,46,0.354006197212232,0.0157938834132661,GDSC2_LN_IC50,Osimertinib,EGFR,0.200788837875787
1919,DKK3,46,0.34483046635481,0.0189314223213845,GDSC2_LN_IC50,Osimertinib,EGFR,0.179848512053153
1919,F8,46,0.46820462521118,0.00103292154805413,GDSC2_LN_IC50,Osimertinib,EGFR,0.100639943938857
1919,FN1,46,0.412974912463313,0.00433931331989477,GDSC2_LN_IC50,Osimertinib,EGFR,0.221297726725318
1919,FOSL1,46,0.351046237224784,0.0167538274329779,GDSC2_LN_IC50,Osimertinib,EGFR,0.176845956236989
1919,FOXD1,46,0.43136339909823,0.00276195165492831,GDSC2_LN_IC50,Osimertinib,EGFR,0.231755903380491
1919,GJA1,46,0.502912141142681,0.000367956077162997,GDSC2_LN_IC50,Osimertinib,EGFR,0.0775076250939924
1919,GRHL1,46,-0.353042379405344,0.016101196723593,GDSC2_LN_IC50,Osimertinib,EGFR,0.199167671641103
1919,HBEGF,46,0.302100821683278,0.0412996232933927,GDSC2_LN_IC50,Osimertinib,EGFR,0.214007138883944
1919,IL6,46,0.414182171752132,0.00421568014501336,GDSC2_LN_IC50,Osimertinib,EGFR,0.157295018868027
1919,ITGA5,46,0.381014944217395,0.00899062950090282,GDSC2_LN_IC50,Osimertinib,EGFR,0.20612908447325
1919,ITGB1,46,0.396645357249147,0.00635102046415624,GDSC2_LN_IC50,Osimertinib,EGFR,0.0952653069623436
1919,LDHA,46,0.359736741696372,0.0140676501278464,GDSC2_LN_IC50,Osimertinib,EGFR,0.174309210877631
1919,MET,46,0.359332012008083,0.0141840550024426,GDSC2_LN_IC50,Osimertinib,EGFR,0.237791510335067
1919,MMP14,46,0.383207697989198,0.00857112908922209,GDSC2_LN_IC50,Osimertinib,EGFR,0.187905522340638
1919,MYBL2,46,0.505179241221662,0.000342634399595343,GDSC2_LN_IC50,Osimertinib,EGFR,0.0976508038846726
1919,NGF,46,0.482659011315183,0.000680932574513854,GDSC2_LN_IC50,Osimertinib,EGFR,0.0401029378754077
1919,NR4A1,46,-0.342078787039598,0.0199691130675949,GDSC2_LN_IC50,Osimertinib,EGFR,0.167213050793333
1919,OPTN,46,0.458377380373415,0.00135727566937298,GDSC2_LN_IC50,Osimertinib,EGFR,0.0429803961968111
1919,OXTR,46,0.512854314135693,0.000268154169922466,GDSC2_LN_IC50,Osimertinib,EGFR,0.0294445571989389
1919,RUNX2,46,0.469345583990351,0.0010001580569575,GDSC2_LN_IC50,Osimertinib,EGFR,0.169226142949912
1919,SNAI2,46,0.376798838772596,0.00984712520776659,GDSC2_LN_IC50,Osimertinib,EGFR,0.122648828540768
1919,SPI1,46,0.426028143295734,0.0031568793592855,GDSC2_LN_IC50,Osimertinib,EGFR,0.224107901361469
1919,SREBF1,46,-0.524876486306257,0.0001805051989053,GDSC2_LN_IC50,Osimertinib,EGFR,0.0514439816880104
1919,TGFB2,46,0.401641058810697,0.00566357228132274,GDSC2_LN_IC50,Osimertinib,EGFR,0.225026532142044
1919,UGCG,46,0.435737614543967,0.00247134530693925,GDSC2_LN_IC50,Osimertinib,EGFR,0.0915620404978133
1919,VHL,46,0.401669022372279,0.00565991431335656,GDSC2_LN_IC50,Osimertinib,EGFR,0.245969273272929
1919,XBP1,46,-0.335586901105237,0.0226085521072329,GDSC2_LN_IC50,Osimertinib,EGFR,0.15292306017512
1919,YBX1,46,0.440648049863066,0.00217757748805689,GDSC2_LN_IC50,Osimertinib,EGFR,0.0538493663246204
1922,ESR1,46,0.339048020785169,0.0211671039488609,GDSC2_LN_IC50,Cediranib,"VEGFR, FLT1, FLT2, FLT3, FLT4, KIT, PDGFRB",0.0628398398481807
1922,GADD45G,46,0.316144024855201,0.0323210373725258,GDSC2_LN_IC50,Cediranib,"VEGFR, FLT1, FLT2, FLT3, FLT4, KIT, PDGFRB",0.200249905460214
1922,GATA3,46,0.30081920432391,0.0422116879908018,GDSC2_LN_IC50,Cediranib,"VEGFR, FLT1, FLT2, FLT3, FLT4, KIT, PDGFRB",0.146688249623539
1922,GRHL1,46,0.41975430006523,0.00368414628880245,GDSC2_LN_IC50,Cediranib,"VEGFR, FLT1, FLT2, FLT3, FLT4, KIT, PDGFRB",0.146605448532504
1922,HDAC3,46,-0.476397678365186,0.000817459082512741,GDSC2_LN_IC50,Cediranib,"VEGFR, FLT1, FLT2, FLT3, FLT4, KIT, PDGFRB",0.0582439596290328
1922,HDAC9,46,-0.323312070763179,0.0284012578403329,GDSC2_LN_IC50,Cediranib,"VEGFR, FLT1, FLT2, FLT3, FLT4, KIT, PDGFRB",0.164325534901396
1922,IGFBP5,46,0.239402905152881,0.109061959583585,GDSC2_LN_IC50,Cediranib,"VEGFR, FLT1, FLT2, FLT3, FLT4, KIT, PDGFRB",0.23846754443213
1922,KLF4,46,0.385947736314541,0.0080707523493764,GDSC2_LN_IC50,Cediranib,"VEGFR, FLT1, FLT2, FLT3, FLT4, KIT, PDGFRB",0.084449060968457
1922,REST,46,0.335666046357897,0.0225746935847101,GDSC2_LN_IC50,Cediranib,"VEGFR, FLT1, FLT2, FLT3, FLT4, KIT, PDGFRB",0.237743381006208
1922,RXRA,46,0.489966647808444,0.00054771270408202,GDSC2_LN_IC50,Cediranib,"VEGFR, FLT1, FLT2, FLT3, FLT4, KIT, PDGFRB",0.0360586918613046
1922,SQSTM1,46,0.276917515104859,0.0624514847481527,GDSC2_LN_IC50,Cediranib,"VEGFR, FLT1, FLT2, FLT3, FLT4, KIT, PDGFRB",0.162520669743679
1922,VDR,46,0.362681273530758,0.013245012173648,GDSC2_LN_IC50,Cediranib,"VEGFR, FLT1, FLT2, FLT3, FLT4, KIT, PDGFRB",0.164122976934334
1922,ZBTB7A,46,0.38906903423169,0.00753169104566399,GDSC2_LN_IC50,Cediranib,"VEGFR, FLT1, FLT2, FLT3, FLT4, KIT, PDGFRB",0.214653194801424
1924,DKK3,46,0.377631559144679,0.00967260820891233,GDSC2_LN_IC50,Ipatasertib,"AKT1, AKT, AKT3",0.129150166677534
1924,FOXF2,46,0.373803534260299,0.010497438440637,GDSC2_LN_IC50,Ipatasertib,"AKT1, AKT, AKT3",0.135989543435525
1924,NGF,46,0.397054766473581,0.00629207718523134,GDSC2_LN_IC50,Ipatasertib,"AKT1, AKT, AKT3",0.160023953428396
1924,OPTN,46,0.358628721474151,0.0143882808536809,GDSC2_LN_IC50,Ipatasertib,"AKT1, AKT, AKT3",0.164026401731962
1924,PLAU,46,0.363135577028519,0.0131218193741895,GDSC2_LN_IC50,Ipatasertib,"AKT1, AKT, AKT3",0.158793336640091
1924,RUNX2,46,0.393113720930866,0.00687970442171892,GDSC2_LN_IC50,Ipatasertib,"AKT1, AKT, AKT3",0.2457187720494
1924,SQSTM1,46,0.286047984149531,0.0539594973541168,GDSC2_LN_IC50,Ipatasertib,"AKT1, AKT, AKT3",0.156923028019625
1924,UGCG,46,0.331199394745219,0.024553332193747,GDSC2_LN_IC50,Ipatasertib,"AKT1, AKT, AKT3",0.226187464023429
1924,XBP1,46,-0.336422882709414,0.0222530602229993,GDSC2_LN_IC50,Ipatasertib,"AKT1, AKT, AKT3",0.15292306017512
1925,FOXF2,46,0.348942058447231,0.0174659117933203,GDSC2_LN_IC50,GDC0810,"ESR1, ESR2",0.176673261792738
1925,ITGB1,46,0.31288322577403,0.0342467690596948,GDSC2_LN_IC50,GDC0810,"ESR1, ESR2",0.246578819894493
1925,SQSTM1,46,0.384921352883283,0.00825514838760029,GDSC2_LN_IC50,GDC0810,"ESR1, ESR2",0.0735224153270651
1927,BCL2L1,46,0.303669211263398,0.0402054656891562,GDSC2_LN_IC50,GSK2578215A,LRRK2,0.159146635019576
1927,ESR1,46,0.42857159884115,0.00296280705509895,GDSC2_LN_IC50,GSK2578215A,LRRK2,0.022789426497184
1927,GATA3,46,0.368869599969796,0.0116490754268219,GDSC2_LN_IC50,GSK2578215A,LRRK2,0.0706380105668988
1927,HDAC3,46,-0.321411230645626,0.0294000345984972,GDSC2_LN_IC50,GSK2578215A,LRRK2,0.149794334429331
1927,IGFBP5,46,0.283555821900653,0.0561792331891765,GDSC2_LN_IC50,GSK2578215A,LRRK2,0.170782395141697
1927,ILF3,46,-0.33432007400555,0.0231563283493779,GDSC2_LN_IC50,GSK2578215A,LRRK2,0.173672462620334
1927,SQSTM1,46,0.287609774907172,0.0526048302213286,GDSC2_LN_IC50,GSK2578215A,LRRK2,0.156923028019625
1928,BCL2L1,46,0.396893072910906,0.00631529942899813,GDSC2_LN_IC50,I-BRD9,BRD9,0.0730004267996436
1928,CACNA1H,46,0.248517765794881,0.0958360597980095,GDSC2_LN_IC50,I-BRD9,BRD9,0.24830251856757
1928,DNMT1,46,-0.376807747163025,0.00984524400227974,GDSC2_LN_IC50,I-BRD9,BRD9,0.247002122440819
1928,ESR1,46,0.427369940075298,0.00305314687469369,GDSC2_LN_IC50,I-BRD9,BRD9,0.022789426497184
1928,GATA3,46,0.404960613374846,0.00524344873207499,GDSC2_LN_IC50,I-BRD9,BRD9,0.0418959307572906
1928,HDAC3,46,-0.491968187023256,0.000515568808027878,GDSC2_LN_IC50,I-BRD9,BRD9,0.0582439596290328
1928,IGFBP5,46,0.367760018321268,0.0119224670396963,GDSC2_LN_IC50,I-BRD9,BRD9,0.0585845363157489
1928,ILF3,46,-0.406598828245452,0.00504632164275742,GDSC2_LN_IC50,I-BRD9,BRD9,0.0993091899699956
1928,KLF4,46,0.314885101901064,0.0330536258530436,GDSC2_LN_IC50,I-BRD9,BRD9,0.142731566183597
1928,LDHA,46,-0.314921873401089,0.0330320350551119,GDSC2_LN_IC50,I-BRD9,BRD9,0.225311118033664
1928,MEF2C,46,-0.38337101743063,0.00854057135798405,GDSC2_LN_IC50,I-BRD9,BRD9,0.0851140295710596
1928,NR4A1,46,0.278037191444054,0.0613560359165389,GDSC2_LN_IC50,I-BRD9,BRD9,0.236017882684214
1928,SQSTM1,46,0.252289276234361,0.0907408049012038,GDSC2_LN_IC50,I-BRD9,BRD9,0.202040073412837
1928,YBX1,46,-0.320020720858676,0.0301489908064826,GDSC2_LN_IC50,I-BRD9,BRD9,0.238679510551321
1930,ESR1,46,0.419679323973844,0.00369088843008807,GDSC2_LN_IC50,Telomerase Inhibitor IX,Telomerase,0.0239068909676159
1930,GATA3,46,0.290490126413374,0.050178509147908,GDSC2_LN_IC50,Telomerase Inhibitor IX,Telomerase,0.153878999867263
1930,GRHL1,46,0.453532487741121,0.00154832083265876,GDSC2_LN_IC50,Telomerase Inhibitor IX,Telomerase,0.0897011784316693
1930,HDAC9,46,-0.343799054002006,0.0193149169086801,GDSC2_LN_IC50,Telomerase Inhibitor IX,Telomerase,0.134262227292045
1930,IGFBP5,46,0.475126400576781,0.0008480010695368,GDSC2_LN_IC50,Telomerase Inhibitor IX,Telomerase,0.0100700127007495
1930,ILF3,46,-0.304101140918902,0.0399083419414671,GDSC2_LN_IC50,Telomerase Inhibitor IX,Telomerase,0.236955780277461
1930,NR4A1,46,0.269458034298236,0.0701537362500953,GDSC2_LN_IC50,Telomerase Inhibitor IX,Telomerase,0.236017882684214
1930,RARA,46,0.47758434787183,0.000789842442528525,GDSC2_LN_IC50,Telomerase Inhibitor IX,Telomerase,0.0346839835798346
1930,SQSTM1,46,0.385161628384459,0.00821165838807002,GDSC2_LN_IC50,Telomerase Inhibitor IX,Telomerase,0.0735224153270651
1930,TCF4,46,-0.379582014433466,0.0092742263835529,GDSC2_LN_IC50,Telomerase Inhibitor IX,Telomerase,0.176210301287505
1930,VDR,46,0.494174154507632,0.00048211592614241,GDSC2_LN_IC50,Telomerase Inhibitor IX,Telomerase,0.0356244938008263
1931,AXL,46,0.33792938163781,0.0216242816326846,GDSC2_LN_IC50,MIRA-1,TP53,0.220104295189826
1931,BCL2L1,46,0.360686127935551,0.0137977850612332,GDSC2_LN_IC50,MIRA-1,TP53,0.0984364611640788
1931,CACNA1H,46,0.287332731267249,0.0528431093150266,GDSC2_LN_IC50,MIRA-1,TP53,0.160215810157262
1931,EGR3,46,0.367941468502152,0.0118773872608756,GDSC2_LN_IC50,MIRA-1,TP53,0.212244992712331
1931,ESR1,46,0.227834502005557,0.12780136959318,GDSC2_LN_IC50,MIRA-1,TP53,0.242822602227042
1931,GJA1,46,0.401014909930765,0.00574602079287459,GDSC2_LN_IC50,MIRA-1,TP53,0.110002586872512
1931,SOX3,46,0.326613122906429,0.0267338322737261,GDSC2_LN_IC50,MIRA-1,TP53,0.155492697918611
1931,SQSTM1,46,0.40846835199849,0.00482928916759617,GDSC2_LN_IC50,MIRA-1,TP53,0.0694043909691545
1932,AR,46,0.302961331650274,0.0406963294700204,GDSC2_LN_IC50,NVP-ADW742,IGF1R,0.205044146541167
1932,BCL2L1,46,0.419387088560046,0.0037172708201475,GDSC2_LN_IC50,NVP-ADW742,IGF1R,0.0702022200662926
1932,CACNA1H,46,0.369822031923365,0.0114187032297279,GDSC2_LN_IC50,NVP-ADW742,IGF1R,0.0817631757270831
1932,CAV1,46,-0.340018110392296,0.0207772435051484,GDSC2_LN_IC50,NVP-ADW742,IGF1R,0.211482657105975
1932,DKK3,46,-0.348960530957914,0.0174595507305086,GDSC2_LN_IC50,NVP-ADW742,IGF1R,0.17631670095507
1932,DNAJB4,46,-0.330360324689997,0.0249407497254696,GDSC2_LN_IC50,NVP-ADW742,IGF1R,0.236937122391961
1932,ETS1,46,-0.393675592705493,0.00679312277173825,GDSC2_LN_IC50,NVP-ADW742,IGF1R,0.107557777219189
1932,FHL1,46,-0.38127781920106,0.00893942251902799,GDSC2_LN_IC50,NVP-ADW742,IGF1R,0.141540856551277
1932,GADD45G,46,0.438185578576111,0.00232078921227227,GDSC2_LN_IC50,NVP-ADW742,IGF1R,0.0418334867374176
1932,GATA3,46,0.400950500774285,0.00575456086447198,GDSC2_LN_IC50,NVP-ADW742,IGF1R,0.0443256715236355
1932,GLS,46,-0.384726238960489,0.00829061032417899,GDSC2_LN_IC50,NVP-ADW742,IGF1R,0.116781684281493
1932,HDAC3,46,-0.427650008951074,0.0030318775818797,GDSC2_LN_IC50,NVP-ADW742,IGF1R,0.0703822714652627
1932,HDAC9,46,-0.29697166374183,0.0450490520380475,GDSC2_LN_IC50,NVP-ADW742,IGF1R,0.189794089234201
1932,IGFBP5,46,0.395627023153879,0.00649971598216002,GDSC2_LN_IC50,NVP-ADW742,IGF1R,0.0402699794546871
1932,KLF4,46,0.423210832006986,0.00338482215581624,GDSC2_LN_IC50,NVP-ADW742,IGF1R,0.0837275420439091
1932,LOX,46,-0.365766293343502,0.0124275127688131,GDSC2_LN_IC50,NVP-ADW742,IGF1R,0.155290911717987
1932,MAP2,46,-0.393943208779177,0.00675221781400077,GDSC2_LN_IC50,NVP-ADW742,IGF1R,0.212142523563457
1932,MEF2A,46,-0.430800543560185,0.0028014516212954,GDSC2_LN_IC50,NVP-ADW742,IGF1R,0.136415534383221
1932,MEF2C,46,-0.500158351238464,0.000400977466959031,GDSC2_LN_IC50,NVP-ADW742,IGF1R,0.0177761082378135
1932,MMP14,46,-0.359590642927765,0.0141095755906282,GDSC2_LN_IC50,NVP-ADW742,IGF1R,0.236542884901708
1932,MYBL1,46,-0.478433008619557,0.000770607697002795,GDSC2_LN_IC50,NVP-ADW742,IGF1R,0.181578188577912
1932,PBX1,46,0.334949628284623,0.0228827345165515,GDSC2_LN_IC50,NVP-ADW742,IGF1R,0.123048666739947
1932,PPARA,46,-0.32705482936016,0.0265170380957446,GDSC2_LN_IC50,NVP-ADW742,IGF1R,0.11995802948075
1932,RARA,46,0.381565889334958,0.008883596522817,GDSC2_LN_IC50,NVP-ADW742,IGF1R,0.0953165218978382
1932,RXRA,46,0.472401692991265,0.000916925601318681,GDSC2_LN_IC50,NVP-ADW742,IGF1R,0.0435539660626373
1932,SQSTM1,46,0.234028338145017,0.117488612528321,GDSC2_LN_IC50,NVP-ADW742,IGF1R,0.235804609651912
1932,VDR,46,0.35562847355109,0.0152878643374119,GDSC2_LN_IC50,NVP-ADW742,IGF1R,0.167578512929323
1932,XBP1,46,0.298564858634553,0.043855878204705,GDSC2_LN_IC50,NVP-ADW742,IGF1R,0.223195094434659
1932,ZBTB7A,46,0.435312804578025,0.00249833251824958,GDSC2_LN_IC50,NVP-ADW742,IGF1R,0.21232478035895
1933,FN1,46,0.369623294989576,0.0114664483276018,GDSC2_LN_IC50,P22077,"USP7, USP47",0.246559260452367
1933,ITGA5,46,0.383059854730953,0.00859887247185898,GDSC2_LN_IC50,P22077,"USP7, USP47",0.20612908447325
1933,KLF4,46,0.385470004318484,0.00815613224998172,GDSC2_LN_IC50,P22077,"USP7, USP47",0.084449060968457
1933,RARA,46,0.315284490718088,0.0328197436231066,GDSC2_LN_IC50,P22077,"USP7, USP47",0.154877142359814
1933,SQSTM1,46,0.327375370351731,0.0263606327897843,GDSC2_LN_IC50,P22077,"USP7, USP47",0.127154893725333
1936,CACNA1H,46,0.303230669211883,0.0405089884488813,GDSC2_LN_IC50,Savolitinib,MET,0.135824255387425
1936,IGFBP5,46,0.280781185055848,0.0587362920154496,GDSC2_LN_IC50,Savolitinib,MET,0.172575703344362
1936,NR4A1,46,0.296887170525006,0.045113061108769,GDSC2_LN_IC50,Savolitinib,MET,0.219281665461858
1936,PBX1,46,0.271391365486025,0.0680887746916396,GDSC2_LN_IC50,Savolitinib,MET,0.233798804664064
1936,RARA,46,0.351948255358411,0.0164561921900474,GDSC2_LN_IC50,Savolitinib,MET,0.111667018432465
1936,SPI1,46,0.382789645081175,0.00864977864903916,GDSC2_LN_IC50,Savolitinib,MET,0.224107901361469
1936,SQSTM1,46,0.241717154182636,0.10557897659655,GDSC2_LN_IC50,Savolitinib,MET,0.219635097299393
1939,CACNA1H,42,0.28784373712165,0.0645326444041895,GDSC2_LN_IC50,UMI-77,MCL1,0.187378549094688
1939,ESR1,42,0.39054345976821,0.0105556202053045,GDSC2_LN_IC50,UMI-77,MCL1,0.0411530767987118
1939,GATA3,42,0.263180520433689,0.0921885782023459,GDSC2_LN_IC50,UMI-77,MCL1,0.220787771324946
1939,HDAC3,42,-0.387646659691772,0.0111977426757423,GDSC2_LN_IC50,UMI-77,MCL1,0.101424950371434
1939,HDAC9,42,-0.296209290032917,0.056817313583225,GDSC2_LN_IC50,UMI-77,MCL1,0.199582901524376
1939,IGFBP5,42,0.262003077941463,0.0937078834183208,GDSC2_LN_IC50,UMI-77,MCL1,0.220350599338052
1939,MEF2C,42,-0.28033971557045,0.0721403940917737,GDSC2_LN_IC50,UMI-77,MCL1,0.209282522543688
1939,SQSTM1,42,0.277086733587691,0.0756502968783282,GDSC2_LN_IC50,UMI-77,MCL1,0.187481170524552
1940,ACTA2,46,-0.421444582928656,0.00353499054216442,GDSC2_LN_IC50,WIKI4,"TNKS1, TNKS2",0.190985559112494
1940,AR,46,0.365393844144858,0.012523860268879,GDSC2_LN_IC50,WIKI4,"TNKS1, TNKS2",0.120976676500987
1940,EPHA2,46,-0.348993313302234,0.0174482668618024,GDSC2_LN_IC50,WIKI4,"TNKS1, TNKS2",0.157445112775508
1940,ESR1,46,0.372333968599272,0.0108297570522926,GDSC2_LN_IC50,WIKI4,"TNKS1, TNKS2",0.0411530767987118
1940,ETS2,46,-0.358241028162459,0.0145019281126034,GDSC2_LN_IC50,WIKI4,"TNKS1, TNKS2",0.129232126655541
1940,FAS,46,-0.410271230776011,0.00462775931490895,GDSC2_LN_IC50,WIKI4,"TNKS1, TNKS2",0.146545711638783
1940,FHL1,46,-0.359233791319522,0.0142124277614684,GDSC2_LN_IC50,WIKI4,"TNKS1, TNKS2",0.176110517913848
1940,GADD45G,46,0.348424435819729,0.0176449557986268,GDSC2_LN_IC50,WIKI4,"TNKS1, TNKS2",0.167627080086954
1940,GATA3,46,0.421851693722664,0.00349986829875977,GDSC2_LN_IC50,WIKI4,"TNKS1, TNKS2",0.0332487488382179
1940,HDAC3,46,-0.360696821721372,0.0137947706405349,GDSC2_LN_IC50,WIKI4,"TNKS1, TNKS2",0.105228100346783
1940,HDAC9,46,-0.328568206404627,0.0257853414318518,GDSC2_LN_IC50,WIKI4,"TNKS1, TNKS2",0.159757006697343
1940,IGFBP5,46,0.452808669433781,0.00157882583990398,GDSC2_LN_IC50,WIKI4,"TNKS1, TNKS2",0.014805256314828
1940,ILF3,46,-0.295343817452976,0.0462953326332301,GDSC2_LN_IC50,WIKI4,"TNKS1, TNKS2",0.239893996372193
1940,LOX,46,-0.37138794664211,0.0110484264959128,GDSC2_LN_IC50,WIKI4,"TNKS1, TNKS2",0.155290911717987
1940,MEF2C,46,-0.285121355655786,0.0547764313086898,GDSC2_LN_IC50,WIKI4,"TNKS1, TNKS2",0.19761117624021
1940,PBX1,46,0.405032883842011,0.00523461289406062,GDSC2_LN_IC50,WIKI4,"TNKS1, TNKS2",0.0611183789547626
1940,PPARA,46,-0.37839430428422,0.00951509788592365,GDSC2_LN_IC50,WIKI4,"TNKS1, TNKS2",0.0695334076279036
1940,XBP1,46,0.359830367626363,0.0140408384478876,GDSC2_LN_IC50,WIKI4,"TNKS1, TNKS2",0.112579317985825
1941,DAB2,46,0.399574209357093,0.00593970330580136,GDSC2_LN_IC50,Sepantronium bromide,BIRC5,0.241830777450484
1941,KLF4,46,0.294223193071599,0.0471694586519789,GDSC2_LN_IC50,Sepantronium bromide,BIRC5,0.172349945074538
1941,ME1,46,0.388553833877195,0.00761846017275742,GDSC2_LN_IC50,Sepantronium bromide,BIRC5,0.217126114923587
1941,TGFBI,46,0.397295541193825,0.00625763487991372,GDSC2_LN_IC50,Sepantronium bromide,BIRC5,0.198158437863934
1941,TLR4,46,0.342373955414805,0.0198555555455561,GDSC2_LN_IC50,Sepantronium bromide,BIRC5,0.157189814735652
1996,ACTA2,42,-0.473663481590254,0.00153262046984883,GDSC2_LN_IC50,MIM1,MCL1,0.190985559112494
1996,AR,42,0.466886310460676,0.00182720582345135,GDSC2_LN_IC50,MIM1,MCL1,0.0600969048980659
1996,CACNA1H,42,0.38913268636724,0.0108642934157897,GDSC2_LN_IC50,MIM1,MCL1,0.0817631757270831
1996,CAV1,42,-0.385369921348193,0.0117255599912789,GDSC2_LN_IC50,MIM1,MCL1,0.174914476428317
1996,CD44,42,-0.409037053515902,0.00715259088750622,GDSC2_LN_IC50,MIM1,MCL1,0.203848840293927
1996,CEBPA,42,0.463321596386958,0.00200138614048257,GDSC2_LN_IC50,MIM1,MCL1,0.0684950273858159
1996,CTNNB1,42,-0.491911620167453,0.000937444830777465,GDSC2_LN_IC50,MIM1,MCL1,0.0617023275493736
1996,CTSB,42,-0.451515973906947,0.00268736440140596,GDSC2_LN_IC50,MIM1,MCL1,0.238382549750488
1996,DNAJB4,42,-0.466070939995602,0.00186581938809978,GDSC2_LN_IC50,MIM1,MCL1,0.0664698157010548
1996,DNMT1,42,-0.388637837111107,0.010974377215201,GDSC2_LN_IC50,MIM1,MCL1,0.247002122440819
1996,EGR3,42,0.367683066933971,0.0165962857443114,GDSC2_LN_IC50,MIM1,MCL1,0.236497071856437
1996,EPHA2,42,-0.440695558711403,0.00348942828655701,GDSC2_LN_IC50,MIM1,MCL1,0.0712266706266998
1996,ESR1,42,0.428929756927073,0.00459226069921166,GDSC2_LN_IC50,MIM1,MCL1,0.0256902259474196
1996,ETS1,42,-0.412559785934005,0.00662530166474804,GDSC2_LN_IC50,MIM1,MCL1,0.107557777219189
1996,ETS2,42,-0.500355370027287,0.000739783719428936,GDSC2_LN_IC50,MIM1,MCL1,0.0351397266728745
1996,ETV1,42,-0.513840848856584,0.000500349111437561,GDSC2_LN_IC50,MIM1,MCL1,0.0502795913994947
1996,FAS,42,-0.473908479434468,0.0015228084450727,GDSC2_LN_IC50,MIM1,MCL1,0.10850010171143
1996,FHL1,42,-0.377784193265113,0.0136400117040398,GDSC2_LN_IC50,MIM1,MCL1,0.176110517913848
1996,FOSL1,42,-0.40332102936458,0.0080852892223799,GDSC2_LN_IC50,MIM1,MCL1,0.121279338335698
1996,GADD45G,42,0.423279070902615,0.00522212142485879,GDSC2_LN_IC50,MIM1,MCL1,0.0697826908645689
1996,GATA3,42,0.604509764470103,2.23817565293733e-05,GDSC2_LN_IC50,MIM1,MCL1,0.00127576012217428
1996,GLS,42,-0.401535339717435,0.00839733733928815,GDSC2_LN_IC50,MIM1,MCL1,0.116781684281493
1996,HBEGF,42,-0.418524516192307,0.00580893847930373,GDSC2_LN_IC50,MIM1,MCL1,0.103471716662598
1996,HDAC3,42,-0.437080566869972,0.00380052943459102,GDSC2_LN_IC50,MIM1,MCL1,0.0703822714652627
1996,HDAC9,42,-0.566102245916073,9.32583418716113e-05,GDSC2_LN_IC50,MIM1,MCL1,0.0110880034464395
1996,HRH1,42,-0.410953116934268,0.00686146806450764,GDSC2_LN_IC50,MIM1,MCL1,0.191040991943086
1996,IGFBP5,42,0.566214625874574,9.28934911204189e-05,GDSC2_LN_IC50,MIM1,MCL1,0.00312256123145584
1996,ILF3,42,-0.340257781444232,0.0274662259011318,GDSC2_LN_IC50,MIM1,MCL1,0.190923765410306
1996,IRF1,42,-0.429702330999351,0.00451150848814654,GDSC2_LN_IC50,MIM1,MCL1,0.214296653186961
1996,LDHA,42,-0.310294582802401,0.0455089970637524,GDSC2_LN_IC50,MIM1,MCL1,0.24134058419516
1996,LOX,42,-0.341513915723917,0.026863675919661,GDSC2_LN_IC50,MIM1,MCL1,0.232004473851618
1996,MAP2,42,-0.390974191718054,0.010462885079679,GDSC2_LN_IC50,MIM1,MCL1,0.229378634439116
1996,MEF2C,42,-0.335327409312259,0.0299406714489272,GDSC2_LN_IC50,MIM1,MCL1,0.15320702709615
1996,MET,42,-0.417523566425966,0.0059395128495018,GDSC2_LN_IC50,MIM1,MCL1,0.187772012756216
1996,MYB,42,0.361161263925387,0.018779058531724,GDSC2_LN_IC50,MIM1,MCL1,0.214081267261653
1996,NR4A1,42,0.461149846595113,0.00211454262863336,GDSC2_LN_IC50,MIM1,MCL1,0.116885217688795
1996,OPTN,42,-0.37180061183686,0.0153317106957737,GDSC2_LN_IC50,MIM1,MCL1,0.168059136472904
1996,PBX1,42,0.453943081282954,0.00253150392063322,GDSC2_LN_IC50,MIM1,MCL1,0.0379725588094983
1996,PCSK2,42,0.444637605929719,0.00317579569562517,GDSC2_LN_IC50,MIM1,MCL1,0.181020354650635
1996,PLAU,42,-0.36487706229012,0.0175076204878898,GDSC2_LN_IC50,MIM1,MCL1,0.172057649622365
1996,PPARA,42,-0.638591503577214,5.35066973567103e-06,GDSC2_LN_IC50,MIM1,MCL1,0.00052923573992237
1996,RARA,42,0.374355946174379,0.0145887043134229,GDSC2_LN_IC50,MIM1,MCL1,0.107096690614279
1996,S100A2,42,-0.401220179901904,0.00845347323071035,GDSC2_LN_IC50,MIM1,MCL1,0.190947031920401
1996,SNAI2,42,-0.383349094700112,0.0122116845356189,GDSC2_LN_IC50,MIM1,MCL1,0.145013753860475
1996,SOX3,42,0.317780269422316,0.0402866202352116,GDSC2_LN_IC50,MIM1,MCL1,0.180576323569706
1996,TGFB2,42,-0.411777460387827,0.00673940382015806,GDSC2_LN_IC50,MIM1,MCL1,0.225026532142044
1996,TGFBR2,42,-0.413637996039004,0.00647078411896658,GDSC2_LN_IC50,MIM1,MCL1,0.204908163767275
1996,TYMS,42,-0.464712873787934,0.00193173502779024,GDSC2_LN_IC50,MIM1,MCL1,0.137636120730055
1996,XBP1,42,0.509540005213451,0.000567804451128865,GDSC2_LN_IC50,MIM1,MCL1,0.0269707114286211
1997,AR,45,0.324366708917792,0.0297170761791867,GDSC2_LN_IC50,WEHI-539,BCL-XL,0.184855903849946
1997,CACNA1H,45,0.403547631503377,0.00597995222085478,GDSC2_LN_IC50,WEHI-539,BCL-XL,0.0654630167855852
1997,ETS2,45,-0.371463641207205,0.0119931797017286,GDSC2_LN_IC50,WEHI-539,BCL-XL,0.122552193126919
1997,GATA3,45,0.262192159843329,0.0818716706385771,GDSC2_LN_IC50,WEHI-539,BCL-XL,0.206427109351219
1997,GATA4,45,0.530719630003131,0.000176576733333918,GDSC2_LN_IC50,WEHI-539,BCL-XL,0.0503243690001666
1997,HBEGF,45,-0.396528050324516,0.00700358696371673,GDSC2_LN_IC50,WEHI-539,BCL-XL,0.107398381025131
1997,HDAC3,45,-0.256449124743664,0.0890422309869745,GDSC2_LN_IC50,WEHI-539,BCL-XL,0.241686055536074
1997,HDAC9,45,-0.302359539449123,0.0435145522159422,GDSC2_LN_IC50,WEHI-539,BCL-XL,0.189794089234201
1997,ILF3,45,-0.30168697595593,0.0440069404099239,GDSC2_LN_IC50,WEHI-539,BCL-XL,0.237856373960661
1997,MEF2C,45,-0.262456590979319,0.0815527310155928,GDSC2_LN_IC50,WEHI-539,BCL-XL,0.222553382037365
1997,PPARA,45,-0.328110348370874,0.0277779496642678,GDSC2_LN_IC50,WEHI-539,BCL-XL,0.12140296352707
1997,SOX3,45,0.358703040127448,0.0155345589331257,GDSC2_LN_IC50,WEHI-539,BCL-XL,0.126495694169738
1998,ACTA2,42,-0.405735565836206,0.00767925789009645,GDSC2_LN_IC50,BPD-00008900,,0.243176499853054
1998,ADAMTS5,42,-0.482607558597195,0.00120854327794548,GDSC2_LN_IC50,BPD-00008900,,0.172217417107232
1998,BCL2L1,42,0.371945917442958,0.0152886181046481,GDSC2_LN_IC50,BPD-00008900,,0.0984364611640788
1998,CACNA1H,42,0.459519922283667,0.00220313633310954,GDSC2_LN_IC50,BPD-00008900,,0.0418654203396414
1998,CAV1,42,-0.483261084546734,0.00118744691539818,GDSC2_LN_IC50,BPD-00008900,,0.0456918334578921
1998,CEBPA,42,0.463749804886391,0.00197971651076223,GDSC2_LN_IC50,BPD-00008900,,0.0684950273858159
1998,CTNNB1,42,-0.319949238663537,0.0388683494177717,GDSC2_LN_IC50,BPD-00008900,,0.245680009150375
1998,DCBLD2,42,-0.410311264308021,0.00695782817760893,GDSC2_LN_IC50,BPD-00008900,,0.188784824051411
1998,DKK3,42,-0.448628524832411,0.00288371812866876,GDSC2_LN_IC50,BPD-00008900,,0.102732458333825
1998,DNAJB4,42,-0.581885566273327,5.3017939211698e-05,GDSC2_LN_IC50,BPD-00008900,,0.0151101126753339
1998,EPHA2,42,-0.448723934810425,0.00287703418412608,GDSC2_LN_IC50,BPD-00008900,,0.0712266706266998
1998,ESR1,42,0.630899648239912,7.50216180090968e-06,GDSC2_LN_IC50,BPD-00008900,,0.00071270537108642
1998,ETS1,42,-0.493082445801642,0.000907491128940735,GDSC2_LN_IC50,BPD-00008900,,0.0431058286246849
1998,ETS2,42,-0.420938417205371,0.00550423502710172,GDSC2_LN_IC50,BPD-00008900,,0.0825635254065258
1998,ETV1,42,-0.454538848774824,0.00249448325427098,GDSC2_LN_IC50,BPD-00008900,,0.0789919697185812
1998,EXT1,42,-0.450721780631506,0.00274016405963291,GDSC2_LN_IC50,BPD-00008900,,0.180760828131954
1998,FAS,42,-0.437969873010658,0.00372183131277234,GDSC2_LN_IC50,BPD-00008900,,0.143318227576338
1998,FHL1,42,-0.475781538446492,0.00144961356372187,GDSC2_LN_IC50,BPD-00008900,,0.0459044295178594
1998,FOSL1,42,-0.491592614710479,0.000945757254188054,GDSC2_LN_IC50,BPD-00008900,,0.0385058310633708
1998,FOXF2,42,-0.435560598620706,0.00393840675037531,GDSC2_LN_IC50,BPD-00008900,,0.10495094478198
1998,FST,42,-0.463122180892184,0.00201154886055206,GDSC2_LN_IC50,BPD-00008900,,0.143322856314334
1998,GADD45G,42,0.360090170747419,0.0191596597461693,GDSC2_LN_IC50,BPD-00008900,,0.17064071961432
1998,GATA3,42,0.656318667582773,2.36760582579987e-06,GDSC2_LN_IC50,BPD-00008900,,0.000337383830176482
1998,GLS,42,-0.527029498552992,0.00033592256912374,GDSC2_LN_IC50,BPD-00008900,,0.0159563220333776
1998,HBEGF,42,-0.446026548427353,0.00307133173254878,GDSC2_LN_IC50,BPD-00008900,,0.0711315258367033
1998,HDAC3,42,-0.347426764798266,0.0241728501143098,GDSC2_LN_IC50,BPD-00008900,,0.145596817502531
1998,HDAC9,42,-0.432785043036257,0.00420147870234411,GDSC2_LN_IC50,BPD-00008900,,0.0555088144265815
1998,HEY1,42,-0.460061030071512,0.00217336868807616,GDSC2_LN_IC50,BPD-00008900,,0.103235012683618
1998,HRH1,42,-0.510002247938219,0.000560183337518334,GDSC2_LN_IC50,BPD-00008900,,0.0798261255963626
1998,IGFBP5,42,0.454835084659157,0.00247625322415123,GDSC2_LN_IC50,BPD-00008900,,0.0197411973134899
1998,ILF3,42,-0.33273494745254,0.0313139680976142,GDSC2_LN_IC50,BPD-00008900,,0.212487640662382
1998,ITGA5,42,-0.357157996880814,0.0202348917018174,GDSC2_LN_IC50,BPD-00008900,,0.228891970245894
1998,ITGB1,42,-0.423556168094706,0.00518957007927444,GDSC2_LN_IC50,BPD-00008900,,0.092439217037076
1998,LDHA,42,-0.557129975843006,0.00012695337428364,GDSC2_LN_IC50,BPD-00008900,,0.0361817116708375
1998,LOX,42,-0.547512089521721,0.000175004719644756,GDSC2_LN_IC50,BPD-00008900,,0.0235318070668439
1998,MAP2,42,-0.469376522051204,0.00171361111583415,GDSC2_LN_IC50,BPD-00008900,,0.161513743124251
1998,MEF2A,42,-0.459486877150114,0.00220496581027073,GDSC2_LN_IC50,BPD-00008900,,0.136415534383221
1998,MEF2C,42,-0.453704736358064,0.00254644932471974,GDSC2_LN_IC50,BPD-00008900,,0.0604781714620938
1998,MET,42,-0.486444920692453,0.0010892774419358,GDSC2_LN_IC50,BPD-00008900,,0.113314801949727
1998,MMP14,42,-0.521432302889811,0.000398597637850391,GDSC2_LN_IC50,BPD-00008900,,0.0324662136807415
1998,MSC,42,-0.417041705006342,0.00600327361508352,GDSC2_LN_IC50,BPD-00008900,,0.24742337034081
1998,NGF,42,-0.486455431690682,0.00108896567801888,GDSC2_LN_IC50,BPD-00008900,,0.0453676811224738
1998,NR4A1,42,0.31762989433808,0.0403864933802962,GDSC2_LN_IC50,BPD-00008900,,0.213150937284896
1998,NRP1,42,-0.483140560507875,0.001191312751725,GDSC2_LN_IC50,BPD-00008900,,0.169762067120812
1998,OPTN,42,-0.380428744387705,0.0129444751360584,GDSC2_LN_IC50,BPD-00008900,,0.153715642240693
1998,PBX1,42,0.457589773732624,0.00231226580171852,GDSC2_LN_IC50,BPD-00008900,,0.0366108751938766
1998,PPARA,42,-0.517540329087512,0.000448171179704795,GDSC2_LN_IC50,BPD-00008900,,0.0174836454731573
1998,PTN,42,-0.444466219471829,0.00318889923615107,GDSC2_LN_IC50,BPD-00008900,,0.181767256460611
1998,RARA,42,0.329413194463901,0.033149142750697,GDSC2_LN_IC50,BPD-00008900,,0.154877142359814
1998,RXRA,42,0.334168606566585,0.0305482368515223,GDSC2_LN_IC50,BPD-00008900,,0.217656187567097
1998,S100A2,42,-0.377127754289817,0.013817496118001,GDSC2_LN_IC50,BPD-00008900,,0.217366609630503
1998,SERPINE1,42,-0.42098063796158,0.00549903142648128,GDSC2_LN_IC50,BPD-00008900,,0.235077955713866
1998,SNAI2,42,-0.488268020657135,0.00103637478388288,GDSC2_LN_IC50,BPD-00008900,,0.049227802234437
1998,SOX3,42,0.344842039843217,0.0253200841131452,GDSC2_LN_IC50,BPD-00008900,,0.151342290938273
1998,TCF4,42,-0.458124504533457,0.00228156576904583,GDSC2_LN_IC50,BPD-00008900,,0.0782330242697417
1998,TGFB2,42,-0.451858184810044,0.00266489047218316,GDSC2_LN_IC50,BPD-00008900,,0.225026532142044
1998,TGFBI,42,-0.560105918056875,0.000114719931382155,GDSC2_LN_IC50,BPD-00008900,,0.0278952727520376
1998,TGFBR2,42,-0.489293731046222,0.00100762661826354,GDSC2_LN_IC50,BPD-00008900,,0.0957245287350367
1998,TLR4,42,-0.323371228954052,0.0367138915113405,GDSC2_LN_IC50,BPD-00008900,,0.186847483584501
1998,TMEM158,42,-0.422718401857412,0.00528852763194049,GDSC2_LN_IC50,BPD-00008900,,0.18840379688788
1998,TYMS,42,-0.393087142053499,0.0100180034976895,GDSC2_LN_IC50,BPD-00008900,,0.197513223999904
1998,VIM,42,-0.429821892240283,0.00449912269778215,GDSC2_LN_IC50,BPD-00008900,,0.209978052228695
1998,XBP1,42,0.529355449860641,0.000312596647138468,GDSC2_LN_IC50,BPD-00008900,,0.0222725111086158
1998,YBX1,42,-0.552935741480049,0.000146204409285284,GDSC2_LN_IC50,BPD-00008900,,0.020834128323153
1998,ZEB2,42,-0.461997252364878,0.00206973550414835,GDSC2_LN_IC50,BPD-00008900,,0.14746865467057
1999,ESR1,42,0.317729673260607,0.0403202016814135,GDSC2_LN_IC50,N25720-51-A1,,0.103318227022346
1999,GATA3,42,0.253457280913944,0.105320469991265,GDSC2_LN_IC50,N25720-51-A1,,0.240130671580083
1999,HDAC3,42,-0.270350820765984,0.0833434793716983,GDSC2_LN_IC50,N25720-51-A1,,0.230610598261495
1999,HRK,42,0.467669099202058,0.00179080123796011,GDSC2_LN_IC50,N25720-51-A1,,0.127594588204658
1999,ITGA5,42,0.341707140216233,0.0267719703624185,GDSC2_LN_IC50,N25720-51-A1,,0.228891970245894
1999,LIF,42,0.405591401098189,0.00770299768263262,GDSC2_LN_IC50,N25720-51-A1,,0.239786593034257
1999,SQSTM1,42,0.335458157218927,0.0298727513566735,GDSC2_LN_IC50,N25720-51-A1,,0.129599478263795
2000,BCL2L1,42,0.316896192350664,0.040876688983951,GDSC2_LN_IC50,N27922-53-1,,0.159587073430494
2000,CACNA1H,42,0.28727148317111,0.0650893907381547,GDSC2_LN_IC50,N27922-53-1,,0.187378549094688
2000,ESR1,42,0.278212288155995,0.0744209941967635,GDSC2_LN_IC50,N27922-53-1,,0.165702994891231
2000,GATA3,42,0.283207491384805,0.0691536696190716,GDSC2_LN_IC50,N27922-53-1,,0.18770281753748
2000,IGFBP5,42,0.284024888371888,0.0683205101623335,GDSC2_LN_IC50,N27922-53-1,,0.182750686065129
2000,MEF2C,42,-0.277113970917111,0.0756203619486639,GDSC2_LN_IC50,N27922-53-1,,0.213662492567493
2000,S100B,42,-0.482083568676812,0.00122569785198897,GDSC2_LN_IC50,N27922-53-1,,0.116441295938952
2002,BCL2L1,42,0.523837043744731,0.000370486530332908,GDSC2_LN_IC50,N30652-18-1,,0.0462614995120658
2002,CACNA1H,42,0.333266394445767,0.0310282904559961,GDSC2_LN_IC50,N30652-18-1,,0.119080254616112
2002,DNAJB4,42,-0.360857029821753,0.0188865124457329,GDSC2_LN_IC50,N30652-18-1,,0.22980219377217
2002,ESR1,42,0.444340830187906,0.00319851599960477,GDSC2_LN_IC50,N30652-18-1,,0.022789426497184
2002,GATA3,42,0.499005359531977,0.000768643317702678,GDSC2_LN_IC50,N30652-18-1,,0.0128860791497214
2002,GLS,42,-0.398164312251766,0.00901472650593984,GDSC2_LN_IC50,N30652-18-1,,0.116781684281493
2002,HDAC3,42,-0.346549239818772,0.0245573805536223,GDSC2_LN_IC50,N30652-18-1,,0.145596817502531
2002,IGFBP5,42,0.352066635983842,0.0222221450133908,GDSC2_LN_IC50,N30652-18-1,,0.0904018559666279
2002,ILF3,42,-0.311520555595968,0.0446179891596732,GDSC2_LN_IC50,N30652-18-1,,0.237856373960661
2002,LDHA,42,-0.309996652334036,0.0457276896369778,GDSC2_LN_IC50,N30652-18-1,,0.24134058419516
2002,MEF2C,42,-0.279814594347814,0.0726981394099125,GDSC2_LN_IC50,N30652-18-1,,0.209282522543688
2002,NR4A1,42,0.314716561973889,0.0423615946423633,GDSC2_LN_IC50,N30652-18-1,,0.215590258447742
2002,S100B,42,-0.415306038772538,0.00623788041260221,GDSC2_LN_IC50,N30652-18-1,,0.222224489698954
2002,YBX1,42,-0.409815886697829,0.00703299528821081,GDSC2_LN_IC50,N30652-18-1,,0.10770854104656
2003,BCL2L1,42,0.451350102065612,0.00269831745620535,GDSC2_LN_IC50,N29087-69-1,,0.0699109522744112
2003,CACNA1H,42,0.337629830818635,0.0287631267125511,GDSC2_LN_IC50,N29087-69-1,,0.119080254616112
2003,DNMT1,42,-0.371822473774707,0.0153252206411911,GDSC2_LN_IC50,N29087-69-1,,0.247002122440819
2003,ESR1,42,0.426808967028793,0.00482043688932801,GDSC2_LN_IC50,N29087-69-1,,0.0256902259474196
2003,GATA3,42,0.444874488772801,0.00315776224686257,GDSC2_LN_IC50,N29087-69-1,,0.0321415085841368
2003,HDAC9,42,-0.313564611342989,0.0431639274575621,GDSC2_LN_IC50,N29087-69-1,,0.189794089234201
2003,IGFBP5,42,0.284871881080751,0.0674655779537077,GDSC2_LN_IC50,N29087-69-1,,0.182750686065129
2003,ILF3,42,-0.318892932907827,0.0395538764327621,GDSC2_LN_IC50,N29087-69-1,,0.236955780277461
2003,MEF2C,42,-0.319048651410523,0.0394522015470968,GDSC2_LN_IC50,N29087-69-1,,0.164733312237045
2003,MSC,42,-0.405175090251789,0.00777190747704311,GDSC2_LN_IC50,N29087-69-1,,0.24742337034081
2003,NR4A1,42,0.420056526931775,0.00561390686606227,GDSC2_LN_IC50,N29087-69-1,,0.125413477231177
2003,PPARA,42,-0.354922043603807,0.0210884470224015,GDSC2_LN_IC50,N29087-69-1,,0.105442235112008
2003,SOX3,42,0.290874925420033,0.0616463462878307,GDSC2_LN_IC50,N29087-69-1,,0.227301791838597
2003,TLR4,42,-0.430124160384397,0.00446794164844334,GDSC2_LN_IC50,N29087-69-1,,0.079585210612897
2003,YBX1,42,-0.474159686957062,0.00151280552964654,GDSC2_LN_IC50,N29087-69-1,,0.0538493663246204
2010,BCL2L1,43,0.324740210406693,0.0336138484855488,GDSC2_LN_IC50,HKMTI-1-005,,0.147383797205868
2010,CACNA1H,43,0.343890588525608,0.023948850489955,GDSC2_LN_IC50,HKMTI-1-005,,0.119080254616112
2010,ESR1,43,0.412910030247325,0.00592646963365244,GDSC2_LN_IC50,HKMTI-1-005,,0.0281507307598491
2010,GATA3,43,0.317169076004225,0.0382305524046267,GDSC2_LN_IC50,HKMTI-1-005,,0.139688556863059
2010,HDAC3,43,-0.448692986572099,0.00254596290746835,GDSC2_LN_IC50,HKMTI-1-005,,0.0703822714652627
2010,IGFBP5,43,0.342846837370781,0.0244079027722925,GDSC2_LN_IC50,HKMTI-1-005,,0.0928861796440757
2010,KLF4,43,0.28889366228072,0.0602633265171523,GDSC2_LN_IC50,HKMTI-1-005,,0.190833867304315
2010,MEF2C,43,-0.273045518001977,0.0764686815504712,GDSC2_LN_IC50,HKMTI-1-005,,0.213662492567493
2010,PPARA,43,-0.369181042057061,0.0148384255020865,GDSC2_LN_IC50,HKMTI-1-005,,0.0899776865552055
2010,RARA,43,0.294484785841801,0.0552492746558221,GDSC2_LN_IC50,HKMTI-1-005,,0.207184779959333
2010,REST,43,0.447138901344922,0.00264614115919035,GDSC2_LN_IC50,HKMTI-1-005,,0.164681002256857
2010,RXRA,43,0.419321036896945,0.00512728637767483,GDSC2_LN_IC50,HKMTI-1-005,,0.0811820343131849
2010,SOX3,43,0.309678244494856,0.0432966521762179,GDSC2_LN_IC50,HKMTI-1-005,,0.182841879063859
2010,SQSTM1,43,0.234444413446195,0.13022067975393,GDSC2_LN_IC50,HKMTI-1-005,,0.249079823690402
2011,BCL2L1,43,0.427821646490145,0.00421315586142886,GDSC2_LN_IC50,ICL-SIRT078,SIR2,0.0706323188533663
2011,CACNA1H,43,0.451270079521053,0.00238718557433891,GDSC2_LN_IC50,ICL-SIRT078,SIR2,0.0425217430429118
2011,ESR1,43,0.341310797380909,0.0250968022793808,GDSC2_LN_IC50,ICL-SIRT078,SIR2,0.0715258864962352
2011,GATA3,43,0.35217762397127,0.020553680071937,GDSC2_LN_IC50,ICL-SIRT078,SIR2,0.107283219220574
2011,HDAC3,43,-0.381471016598447,0.0116023756066689,GDSC2_LN_IC50,ICL-SIRT078,SIR2,0.101424950371434
2011,IGFBP5,43,0.371918236544496,0.0140582061186588,GDSC2_LN_IC50,ICL-SIRT078,SIR2,0.0646223990938347
2011,KLF4,43,0.261031536059783,0.0908917212990951,GDSC2_LN_IC50,ICL-SIRT078,SIR2,0.227229303247738
2011,MEF2C,43,-0.370775877011109,0.0143794831309402,GDSC2_LN_IC50,ICL-SIRT078,SIR2,0.0932761303988774
2011,NR4A1,43,0.349727846369722,0.021512423476838,GDSC2_LN_IC50,ICL-SIRT078,SIR2,0.1703066858583
2011,PPARA,43,-0.58712015875677,3.49586123093171e-05,GDSC2_LN_IC50,ICL-SIRT078,SIR2,0.00166053408469256
2011,RARA,43,0.461101177831242,0.00185867737513175,GDSC2_LN_IC50,ICL-SIRT078,SIR2,0.0429358441212703
2037,CACNA1H,43,0.511554514015603,0.000454900984244045,GDSC2_LN_IC50,GSK343,EZH2,0.0218868954448874
2037,CTNNB1,43,-0.319629203142202,0.0366767025502289,GDSC2_LN_IC50,GSK343,EZH2,0.245680009150375
2037,EGR3,43,0.413677463864263,0.00582543628146981,GDSC2_LN_IC50,GSK343,EZH2,0.212244992712331
2037,ESR1,43,0.375807969558435,0.0130095940028472,GDSC2_LN_IC50,GSK343,EZH2,0.0454426850328277
2037,GATA3,43,0.352596052831434,0.0203935657857698,GDSC2_LN_IC50,GSK343,EZH2,0.107283219220574
2037,HDAC3,43,-0.39745672897023,0.00831005885832381,GDSC2_LN_IC50,GSK343,EZH2,0.0986819489425952
2037,HDAC9,43,-0.308750486473266,0.0439604333769139,GDSC2_LN_IC50,GSK343,EZH2,0.189794089234201
2037,IGFBP5,43,0.438726548107167,0.0032509220798063,GDSC2_LN_IC50,GSK343,EZH2,0.0243819155985473
2037,MEF2C,43,-0.393918872154498,0.00895937153379575,GDSC2_LN_IC50,GSK343,EZH2,0.0851140295710596
2037,NR4A1,43,0.328510643963741,0.0314920121229147,GDSC2_LN_IC50,GSK343,EZH2,0.186983821979806
2037,PPARA,43,-0.479963796973259,0.00112590308188365,GDSC2_LN_IC50,GSK343,EZH2,0.0213921585557894
2037,RARA,43,0.40404809091906,0.00720788289632007,GDSC2_LN_IC50,GSK343,EZH2,0.0925250028785284
2037,SOX3,43,0.368679209955549,0.0149853819924856,GDSC2_LN_IC50,GSK343,EZH2,0.126495694169738
2038,BCL2L1,40,0.34653264883736,0.0284849192355433,GDSC2_LN_IC50,UNC0638,"G9A, GLP",0.137596643764913
2038,CACNA1H,40,0.39577268247172,0.0114755334353801,GDSC2_LN_IC50,UNC0638,"G9A, GLP",0.0817631757270831
2038,ESR1,40,0.25407894980384,0.113634188447056,GDSC2_LN_IC50,UNC0638,"G9A, GLP",0.221820162379527
2038,GATA3,40,0.356176168033613,0.0240849110604321,GDSC2_LN_IC50,UNC0638,"G9A, GLP",0.116342366986833
2038,GJA1,40,0.350811561242229,0.0264569206094925,GDSC2_LN_IC50,UNC0638,"G9A, GLP",0.203845530561228
2038,HDAC3,40,-0.304854627236483,0.0557814718647745,GDSC2_LN_IC50,UNC0638,"G9A, GLP",0.189258565255485
2038,IGFBP5,40,0.28840640813869,0.0711110368422295,GDSC2_LN_IC50,UNC0638,"G9A, GLP",0.182750686065129
2038,NR4A1,40,0.29130735622453,0.0681902425898362,GDSC2_LN_IC50,UNC0638,"G9A, GLP",0.236017882684214
2038,PPARA,40,-0.353969480705439,0.0250382549783421,GDSC2_LN_IC50,UNC0638,"G9A, GLP",0.117344042878355
2038,REST,40,0.359570715651444,0.0226774708324802,GDSC2_LN_IC50,UNC0638,"G9A, GLP",0.237743381006208
2038,SOX3,40,0.500446491197735,0.00100689883664472,GDSC2_LN_IC50,UNC0638,"G9A, GLP",0.0412928434105543
2039,BCL2L1,45,0.260341414899642,0.0841313154013946,GDSC2_LN_IC50,AGK2,"BAZ2A, BAZ2B",0.225872085193362
2039,KLF4,45,0.400034566311449,0.00647471643188394,GDSC2_LN_IC50,AGK2,"BAZ2A, BAZ2B",0.084449060968457
2039,SQSTM1,45,0.262003832042493,0.082099413755298,GDSC2_LN_IC50,AGK2,"BAZ2A, BAZ2B",0.191789614100491
2040,ACTA2,45,-0.424226290616295,0.00368122370110228,GDSC2_LN_IC50,Foretinib,"MET, KDR, TIE2, VEGFR3/FLT4, RON, PDGFR, FGFR1, EGFR",0.190985559112494
2040,AR,45,0.368549245176996,0.0127343870001039,GDSC2_LN_IC50,Foretinib,"MET, KDR, TIE2, VEGFR3/FLT4, RON, PDGFR, FGFR1, EGFR",0.120976676500987
2040,BDNF,45,-0.320558940874839,0.0318032605933875,GDSC2_LN_IC50,Foretinib,"MET, KDR, TIE2, VEGFR3/FLT4, RON, PDGFR, FGFR1, EGFR",0.232408442797832
2040,CACNA1H,45,0.342861406725949,0.0211308536191148,GDSC2_LN_IC50,Foretinib,"MET, KDR, TIE2, VEGFR3/FLT4, RON, PDGFR, FGFR1, EGFR",0.118084181989171
2040,CAV1,45,-0.354388191260579,0.0169171972930683,GDSC2_LN_IC50,Foretinib,"MET, KDR, TIE2, VEGFR3/FLT4, RON, PDGFR, FGFR1, EGFR",0.200788837875787
2040,CEBPA,45,0.364841060783914,0.0137337011785791,GDSC2_LN_IC50,Foretinib,"MET, KDR, TIE2, VEGFR3/FLT4, RON, PDGFR, FGFR1, EGFR",0.150542493688271
2040,CTNNB1,45,-0.339320136146745,0.0225902368761931,GDSC2_LN_IC50,Foretinib,"MET, KDR, TIE2, VEGFR3/FLT4, RON, PDGFR, FGFR1, EGFR",0.201194297178595
2040,DKK3,45,-0.384904334654313,0.00903313314575043,GDSC2_LN_IC50,Foretinib,"MET, KDR, TIE2, VEGFR3/FLT4, RON, PDGFR, FGFR1, EGFR",0.129150166677534
2040,DNAJB4,45,-0.359386643408547,0.0153245610225899,GDSC2_LN_IC50,Foretinib,"MET, KDR, TIE2, VEGFR3/FLT4, RON, PDGFR, FGFR1, EGFR",0.198522722338096
2040,ESR1,45,0.388700461897325,0.00832081804907746,GDSC2_LN_IC50,Foretinib,"MET, KDR, TIE2, VEGFR3/FLT4, RON, PDGFR, FGFR1, EGFR",0.0349949401214053
2040,ETS1,45,-0.354123934261438,0.0170051561143083,GDSC2_LN_IC50,Foretinib,"MET, KDR, TIE2, VEGFR3/FLT4, RON, PDGFR, FGFR1, EGFR",0.190604624497768
2040,ETS2,45,-0.442276031754516,0.00235041790611863,GDSC2_LN_IC50,Foretinib,"MET, KDR, TIE2, VEGFR3/FLT4, RON, PDGFR, FGFR1, EGFR",0.0478477930888435
2040,FHL1,45,-0.463393587045315,0.00134715961291538,GDSC2_LN_IC50,Foretinib,"MET, KDR, TIE2, VEGFR3/FLT4, RON, PDGFR, FGFR1, EGFR",0.0459044295178594
2040,FOSL1,45,-0.365903940972266,0.0134406628068951,GDSC2_LN_IC50,Foretinib,"MET, KDR, TIE2, VEGFR3/FLT4, RON, PDGFR, FGFR1, EGFR",0.153223555998604
2040,FOXF2,45,-0.436311679794013,0.00273335122580847,GDSC2_LN_IC50,Foretinib,"MET, KDR, TIE2, VEGFR3/FLT4, RON, PDGFR, FGFR1, EGFR",0.10495094478198
2040,GADD45G,45,0.352951233366206,0.0174001778061235,GDSC2_LN_IC50,Foretinib,"MET, KDR, TIE2, VEGFR3/FLT4, RON, PDGFR, FGFR1, EGFR",0.167627080086954
2040,GATA3,45,0.432524459105475,0.00300411286612713,GDSC2_LN_IC50,Foretinib,"MET, KDR, TIE2, VEGFR3/FLT4, RON, PDGFR, FGFR1, EGFR",0.0317100802535641
2040,HBEGF,45,-0.396145413208802,0.00706350094416486,GDSC2_LN_IC50,Foretinib,"MET, KDR, TIE2, VEGFR3/FLT4, RON, PDGFR, FGFR1, EGFR",0.107398381025131
2040,HDAC3,45,-0.38052789595068,0.0099189285408891,GDSC2_LN_IC50,Foretinib,"MET, KDR, TIE2, VEGFR3/FLT4, RON, PDGFR, FGFR1, EGFR",0.101424950371434
2040,HDAC9,45,-0.424993840869023,0.00361341976312807,GDSC2_LN_IC50,Foretinib,"MET, KDR, TIE2, VEGFR3/FLT4, RON, PDGFR, FGFR1, EGFR",0.0555088144265815
2040,IGFBP5,45,0.483631845997168,0.000763662512899947,GDSC2_LN_IC50,Foretinib,"MET, KDR, TIE2, VEGFR3/FLT4, RON, PDGFR, FGFR1, EGFR",0.00991842712645782
2040,ILF3,45,-0.350869545045936,0.0181205096210088,GDSC2_LN_IC50,Foretinib,"MET, KDR, TIE2, VEGFR3/FLT4, RON, PDGFR, FGFR1, EGFR",0.156495310363257
2040,KLF4,45,0.380065944052573,0.010016640764818,GDSC2_LN_IC50,Foretinib,"MET, KDR, TIE2, VEGFR3/FLT4, RON, PDGFR, FGFR1, EGFR",0.084449060968457
2040,LDHA,45,-0.388716941752252,0.00831783459038955,GDSC2_LN_IC50,Foretinib,"MET, KDR, TIE2, VEGFR3/FLT4, RON, PDGFR, FGFR1, EGFR",0.174309210877631
2040,LOX,45,-0.375805107877441,0.0109575524679997,GDSC2_LN_IC50,Foretinib,"MET, KDR, TIE2, VEGFR3/FLT4, RON, PDGFR, FGFR1, EGFR",0.155290911717987
2040,MAP2,45,-0.417247676837847,0.0043506881125882,GDSC2_LN_IC50,Foretinib,"MET, KDR, TIE2, VEGFR3/FLT4, RON, PDGFR, FGFR1, EGFR",0.161513743124251
2040,MEF2C,45,-0.279120339664658,0.0633395906944227,GDSC2_LN_IC50,Foretinib,"MET, KDR, TIE2, VEGFR3/FLT4, RON, PDGFR, FGFR1, EGFR",0.199665920889907
2040,NR4A1,45,0.275372072169803,0.0671234765764623,GDSC2_LN_IC50,Foretinib,"MET, KDR, TIE2, VEGFR3/FLT4, RON, PDGFR, FGFR1, EGFR",0.236017882684214
2040,PBX1,45,0.375575597399447,0.0110103152196554,GDSC2_LN_IC50,Foretinib,"MET, KDR, TIE2, VEGFR3/FLT4, RON, PDGFR, FGFR1, EGFR",0.0871649954889383
2040,PPARA,45,-0.473912872293526,0.00100731588145824,GDSC2_LN_IC50,Foretinib,"MET, KDR, TIE2, VEGFR3/FLT4, RON, PDGFR, FGFR1, EGFR",0.0205060733011142
2040,RARA,45,0.373059935845786,0.0116030646865013,GDSC2_LN_IC50,Foretinib,"MET, KDR, TIE2, VEGFR3/FLT4, RON, PDGFR, FGFR1, EGFR",0.100123149053387
2040,RXRA,45,0.449184497218006,0.0019667220754627,GDSC2_LN_IC50,Foretinib,"MET, KDR, TIE2, VEGFR3/FLT4, RON, PDGFR, FGFR1, EGFR",0.0503313097430529
2040,S100A2,45,-0.364325916852498,0.0138776740701807,GDSC2_LN_IC50,Foretinib,"MET, KDR, TIE2, VEGFR3/FLT4, RON, PDGFR, FGFR1, EGFR",0.217366609630503
2040,SNAI2,45,-0.40449711475306,0.00585200707069335,GDSC2_LN_IC50,Foretinib,"MET, KDR, TIE2, VEGFR3/FLT4, RON, PDGFR, FGFR1, EGFR",0.102310246162874
2040,SOX3,45,0.278256687379163,0.0641960089044217,GDSC2_LN_IC50,Foretinib,"MET, KDR, TIE2, VEGFR3/FLT4, RON, PDGFR, FGFR1, EGFR",0.227301791838597
2040,TYMS,45,-0.351985043204377,0.0177314412744252,GDSC2_LN_IC50,Foretinib,"MET, KDR, TIE2, VEGFR3/FLT4, RON, PDGFR, FGFR1, EGFR",0.224765424885096
2040,VDR,45,0.399455344373637,0.00655961168535632,GDSC2_LN_IC50,Foretinib,"MET, KDR, TIE2, VEGFR3/FLT4, RON, PDGFR, FGFR1, EGFR",0.129899999732497
2040,XBP1,45,0.417624887108582,0.00431195369398205,GDSC2_LN_IC50,Foretinib,"MET, KDR, TIE2, VEGFR3/FLT4, RON, PDGFR, FGFR1, EGFR",0.0534307305558645
2040,YBX1,45,-0.389570894157154,0.00816449546941093,GDSC2_LN_IC50,Foretinib,"MET, KDR, TIE2, VEGFR3/FLT4, RON, PDGFR, FGFR1, EGFR",0.10770854104656
2040,ZBTB7A,45,0.403904902176004,0.00593152675417684,GDSC2_LN_IC50,Foretinib,"MET, KDR, TIE2, VEGFR3/FLT4, RON, PDGFR, FGFR1, EGFR",0.214653194801424
2043,CACNA1H,45,0.291656450997619,0.0519038256482696,GDSC2_LN_IC50,BIBR-1532,TERT,0.159332892727873
2043,FN1,45,0.409116793696104,0.00526287112020619,GDSC2_LN_IC50,BIBR-1532,TERT,0.221297726725318
2043,GJA1,45,0.482959702546002,0.000778633368564788,GDSC2_LN_IC50,BIBR-1532,TERT,0.0775076250939924
2043,ILF3,45,-0.332255099705563,0.0257549828286713,GDSC2_LN_IC50,BIBR-1532,TERT,0.183504252654283
2043,ITGA5,45,0.36409676681478,0.0139421289144738,GDSC2_LN_IC50,BIBR-1532,TERT,0.228891970245894
2043,ITGB1,45,0.358655968602035,0.0155491083897934,GDSC2_LN_IC50,BIBR-1532,TERT,0.16412947744782
2043,SQSTM1,45,0.315811093317367,0.0345726826046702,GDSC2_LN_IC50,BIBR-1532,TERT,0.134806814003554
2044,CACNA1H,45,0.390141895044444,0.00806333079014308,GDSC2_LN_IC50,Pyridostatin,G-quadruplex stabiliser,0.0718140398497118
2044,CTNNB1,45,-0.39948415882727,0.00655536571249935,GDSC2_LN_IC50,Pyridostatin,G-quadruplex stabiliser,0.121789412702712
2044,DNMT1,45,-0.353585764137709,0.0171854849755925,GDSC2_LN_IC50,Pyridostatin,G-quadruplex stabiliser,0.247002122440819
2044,ESR1,45,0.425826421553965,0.00354111187531579,GDSC2_LN_IC50,Pyridostatin,G-quadruplex stabiliser,0.0237895161954744
2044,GATA3,45,0.382371118799947,0.00953715785319778,GDSC2_LN_IC50,Pyridostatin,G-quadruplex stabiliser,0.0617747724582129
2044,GRHL1,45,0.363559892203848,0.014094138617379,GDSC2_LN_IC50,Pyridostatin,G-quadruplex stabiliser,0.182583159361501
2044,HBEGF,45,-0.315260722044778,0.0349061860658256,GDSC2_LN_IC50,Pyridostatin,G-quadruplex stabiliser,0.193988573092669
2044,HDAC3,45,-0.358988581085548,0.0154465477404299,GDSC2_LN_IC50,Pyridostatin,G-quadruplex stabiliser,0.106945511741185
2044,HDAC9,45,-0.480889702805728,0.00082640328796433,GDSC2_LN_IC50,Pyridostatin,G-quadruplex stabiliser,0.0336464195814049
2044,IGFBP5,45,0.316101774543749,0.0343976032713162,GDSC2_LN_IC50,Pyridostatin,G-quadruplex stabiliser,0.121701860036003
2044,ILF3,45,-0.373818861218999,0.0114214339943834,GDSC2_LN_IC50,Pyridostatin,G-quadruplex stabiliser,0.130857476944125
2044,MAPK7,45,-0.452664243287079,0.00179533605002342,GDSC2_LN_IC50,Pyridostatin,G-quadruplex stabiliser,0.170556924752225
2044,MEF2C,45,-0.307798780232506,0.03969519393406,GDSC2_LN_IC50,Pyridostatin,G-quadruplex stabiliser,0.164733312237045
2044,NR4A1,45,0.38614532750523,0.00879470420323995,GDSC2_LN_IC50,Pyridostatin,G-quadruplex stabiliser,0.125487573592589
2044,PPARA,45,-0.445670150464353,0.00215435587379879,GDSC2_LN_IC50,Pyridostatin,G-quadruplex stabiliser,0.0292376868586978
2044,RUNX1,45,-0.479271488049723,0.000865555039460772,GDSC2_LN_IC50,Pyridostatin,G-quadruplex stabiliser,0.24668318624632
2044,TCF4,45,-0.393348668224621,0.00751505382429047,GDSC2_LN_IC50,Pyridostatin,G-quadruplex stabiliser,0.163272452334193
2045,BCL2L1,45,0.378064488687571,0.0104495989618937,GDSC2_LN_IC50,AMG-319,PI3K (beta sparing),0.0875922265923442
2045,CACNA1H,45,0.373634214669739,0.0114653991885158,GDSC2_LN_IC50,AMG-319,PI3K (beta sparing),0.0817631757270831
2045,ESR1,45,0.288736090386614,0.0544063718874237,GDSC2_LN_IC50,AMG-319,PI3K (beta sparing),0.132528341777058
2045,GATA3,45,0.317466796051617,0.0335851842701482,GDSC2_LN_IC50,AMG-319,PI3K (beta sparing),0.129993037611772
2045,HDAC3,45,-0.463342847932139,0.00134902001848209,GDSC2_LN_IC50,AMG-319,PI3K (beta sparing),0.0600551700915978
2045,NR4A1,45,0.372407945220115,0.0117610712521549,GDSC2_LN_IC50,AMG-319,PI3K (beta sparing),0.148307628720114
2045,PPARA,45,-0.289330994738863,0.0538888595639713,GDSC2_LN_IC50,AMG-319,PI3K (beta sparing),0.166616992236885
2045,SIX1,45,0.465280464493827,0.00127957532364379,GDSC2_LN_IC50,AMG-319,PI3K (beta sparing),0.223544492658729
2045,SQSTM1,45,0.266740843758095,0.0765196497426298,GDSC2_LN_IC50,AMG-319,PI3K (beta sparing),0.187557267797522
2046,BCL2L1,45,0.294768465201654,0.049340128094061,GDSC2_LN_IC50,MK-8776,"CHEK1, CHEK2, CDK2",0.173518092482451
2046,DNAJB4,45,-0.362093057710923,0.0145166656671254,GDSC2_LN_IC50,MK-8776,"CHEK1, CHEK2, CDK2",0.198522722338096
2046,EPHA2,45,-0.417716802801678,0.0043025610019245,GDSC2_LN_IC50,MK-8776,"CHEK1, CHEK2, CDK2",0.0817486590365655
2046,ESR1,45,0.533100567504843,0.000163024395526428,GDSC2_LN_IC50,MK-8776,"CHEK1, CHEK2, CDK2",0.00422408592975218
2046,ETS1,45,-0.34171612343437,0.0215939079998717,GDSC2_LN_IC50,MK-8776,"CHEK1, CHEK2, CDK2",0.190604624497768
2046,FHL1,45,-0.332952219356356,0.0254271161381232,GDSC2_LN_IC50,MK-8776,"CHEK1, CHEK2, CDK2",0.24155760331217
2046,GATA3,45,0.522184778475205,0.000233968817815465,GDSC2_LN_IC50,MK-8776,"CHEK1, CHEK2, CDK2",0.00512931639056981
2046,GLS,45,-0.513720964393395,0.000307050834652714,GDSC2_LN_IC50,MK-8776,"CHEK1, CHEK2, CDK2",0.0159563220333776
2046,HBEGF,45,-0.371753623529651,0.0119214894566398,GDSC2_LN_IC50,MK-8776,"CHEK1, CHEK2, CDK2",0.12134373196937
2046,HDAC3,45,-0.285334027380064,0.0574431679341498,GDSC2_LN_IC50,MK-8776,"CHEK1, CHEK2, CDK2",0.192603563073326
2046,HDAC9,45,-0.305481694076179,0.0412872403306895,GDSC2_LN_IC50,MK-8776,"CHEK1, CHEK2, CDK2",0.189794089234201
2046,HEY1,45,-0.566481427553821,4.98348159585075e-05,GDSC2_LN_IC50,MK-8776,"CHEK1, CHEK2, CDK2",0.0142029225481746
2046,HRH1,45,-0.394209307005496,0.00737351196973314,GDSC2_LN_IC50,MK-8776,"CHEK1, CHEK2, CDK2",0.191040991943086
2046,IGFBP5,45,0.372332037171686,0.0117795862268961,GDSC2_LN_IC50,MK-8776,"CHEK1, CHEK2, CDK2",0.0585845363157489
2046,ILF3,45,-0.35380195766805,0.017112849864515,GDSC2_LN_IC50,MK-8776,"CHEK1, CHEK2, CDK2",0.152411319105836
2046,LDHA,45,-0.303729108586794,0.042525755176756,GDSC2_LN_IC50,MK-8776,"CHEK1, CHEK2, CDK2",0.237643925987754
2046,LOX,45,-0.324935436202584,0.0294154537516311,GDSC2_LN_IC50,MK-8776,"CHEK1, CHEK2, CDK2",0.246570715271025
2046,MEF2C,45,-0.2979714697793,0.0468094707304586,GDSC2_LN_IC50,MK-8776,"CHEK1, CHEK2, CDK2",0.180279718353793
2046,MSC,45,-0.408562679792572,0.00533069309088293,GDSC2_LN_IC50,MK-8776,"CHEK1, CHEK2, CDK2",0.24742337034081
2046,PBX1,45,0.346791988590347,0.0196046116487027,GDSC2_LN_IC50,MK-8776,"CHEK1, CHEK2, CDK2",0.11780316801178
2046,PPARA,45,-0.384414824897079,0.00912870070732133,GDSC2_LN_IC50,MK-8776,"CHEK1, CHEK2, CDK2",0.0695334076279036
2046,RARA,45,0.271507479834715,0.0712104762866964,GDSC2_LN_IC50,MK-8776,"CHEK1, CHEK2, CDK2",0.241606973115577
2046,SMAD6,45,-0.469404115486371,0.00114227420783493,GDSC2_LN_IC50,MK-8776,"CHEK1, CHEK2, CDK2",0.128683762817409
2046,SOX3,45,0.352547836418275,0.017537842620931,GDSC2_LN_IC50,MK-8776,"CHEK1, CHEK2, CDK2",0.132161741418548
2046,TCF4,45,-0.482171354445298,0.000796526808457369,GDSC2_LN_IC50,MK-8776,"CHEK1, CHEK2, CDK2",0.0454020280820701
2046,TGFBI,45,-0.379129600980859,0.0102172349570578,GDSC2_LN_IC50,MK-8776,"CHEK1, CHEK2, CDK2",0.198160166184059
2046,YBX1,45,-0.424537136797964,0.00365363090778508,GDSC2_LN_IC50,MK-8776,"CHEK1, CHEK2, CDK2",0.0770007224453382
2047,ESR1,43,0.401152830750087,0.0076753951090948,GDSC2_LN_IC50,Ulixertinib,"ERK1, ERK2",0.0331437516074548
2047,GATA3,43,0.383699264770283,0.0110854662676892,GDSC2_LN_IC50,Ulixertinib,"ERK1, ERK2",0.0702079530286985
2047,HDAC9,43,-0.427495448047583,0.00424541241155177,GDSC2_LN_IC50,Ulixertinib,"ERK1, ERK2",0.0555088144265815
2047,IGFBP5,43,0.473668133652498,0.00133517465736967,GDSC2_LN_IC50,Ulixertinib,"ERK1, ERK2",0.0135901706196556
2047,PPARA,43,-0.256762854943768,0.0964949813211708,GDSC2_LN_IC50,Ulixertinib,"ERK1, ERK2",0.239139736317684
2047,RARA,43,0.274709945413223,0.074620968684234,GDSC2_LN_IC50,Ulixertinib,"ERK1, ERK2",0.247290419476822
2047,SOX3,43,0.349165869816205,0.0217375648886767,GDSC2_LN_IC50,Ulixertinib,"ERK1, ERK2",0.140800136210747
2047,SQSTM1,43,0.291351098965182,0.0580165581724853,GDSC2_LN_IC50,Ulixertinib,"ERK1, ERK2",0.161358915636051
2047,TLR4,43,-0.373832865288074,0.0135334116425138,GDSC2_LN_IC50,Ulixertinib,"ERK1, ERK2",0.128567410603881
2047,UGCG,43,0.352583834816159,0.0203982261932008,GDSC2_LN_IC50,Ulixertinib,"ERK1, ERK2",0.207624802323651
2048,CTNNB1,46,-0.370039126916214,0.0113667424968093,GDSC2_LN_IC50,Vinorelbine,Microtubule destabiliser,0.147250982345029
2048,ESR1,46,0.308585971070818,0.036928202923196,GDSC2_LN_IC50,Vinorelbine,Microtubule destabiliser,0.098268465544417
2048,HDAC3,46,-0.319375087205724,0.0305020841236062,GDSC2_LN_IC50,Vinorelbine,Microtubule destabiliser,0.149794334429331
2048,ILF3,46,-0.345297563983965,0.0187598743961424,GDSC2_LN_IC50,Vinorelbine,Microtubule destabiliser,0.157251888320605
2048,KLF4,46,0.283593656159331,0.0561449944822042,GDSC2_LN_IC50,Vinorelbine,Microtubule destabiliser,0.190833867304315
2048,LDHA,46,-0.311999164599223,0.0347848743630921,GDSC2_LN_IC50,Vinorelbine,Microtubule destabiliser,0.225311118033664
2048,PPARA,46,-0.298512742005441,0.0438944976142257,GDSC2_LN_IC50,Vinorelbine,Microtubule destabiliser,0.145464323489004
2048,SQSTM1,46,0.254932306747293,0.0872973001955996,GDSC2_LN_IC50,Vinorelbine,Microtubule destabiliser,0.199037844445967
2048,TCF4,46,-0.369370400227917,0.0115274516441062,GDSC2_LN_IC50,Vinorelbine,Microtubule destabiliser,0.177102601733528
2055,ESR1,42,0.307055030772599,0.0479329914482132,GDSC2_LN_IC50,Mycophenolic acid,,0.118790457067311
2055,ETS2,42,-0.401369851492057,0.00842677379706814,GDSC2_LN_IC50,Mycophenolic acid,,0.106316719134625
2055,FBXO32,42,0.504880261755682,0.000649976558935951,GDSC2_LN_IC50,Mycophenolic acid,,0.185243319296746
2055,HDAC9,42,-0.351462966040492,0.0224682372060271,GDSC2_LN_IC50,Mycophenolic acid,,0.14891738613297
2055,IGFBP5,42,0.382981869857322,0.0123018420697531,GDSC2_LN_IC50,Mycophenolic acid,,0.0594241523708411
2055,PBX1,42,0.288439347028702,0.0639571965267822,GDSC2_LN_IC50,Mycophenolic acid,,0.226698912796433
2055,RARA,42,0.383802511820531,0.0121011431602226,GDSC2_LN_IC50,Mycophenolic acid,,0.100123149053387
2055,REST,42,0.444126354394777,0.00321502419358297,GDSC2_LN_IC50,Mycophenolic acid,,0.164681002256857
2055,SOX3,42,0.330920088586222,0.0323059470830494,GDSC2_LN_IC50,Mycophenolic acid,,0.168330142529062
2055,SQSTM1,42,0.289726774228032,0.06272727604142,GDSC2_LN_IC50,Mycophenolic acid,,0.162520669743679
2055,VDR,42,0.423843557802116,0.00515599602090085,GDSC2_LN_IC50,Mycophenolic acid,,0.11549444045936
2057,CTCF,23,-0.597396655600473,0.00261254171765867,GDSC2_LN_IC50,Remodelin,,0.149131728814213
2057,CTNNB1,23,-0.457767228448574,0.0280598469982946,GDSC2_LN_IC50,Remodelin,,0.222140455403166
2057,FOXF2,23,0.64585169398155,0.000872220216270418,GDSC2_LN_IC50,Remodelin,,0.0621456904092673
2057,HBEGF,23,0.493004761703408,0.0168358120235528,GDSC2_LN_IC50,Remodelin,,0.141123718432722
2057,ITGA5,23,0.480379041424962,0.0203363600302603,GDSC2_LN_IC50,Remodelin,,0.228891970245894
2057,MYB,23,-0.582774523667945,0.00352011729227613,GDSC2_LN_IC50,Remodelin,,0.120136649566599
2057,PLAU,23,0.522007005014961,0.0106201593341964,GDSC2_LN_IC50,Remodelin,,0.158793336640091
2057,REST,23,-0.565917615238305,0.00488225961358939,GDSC2_LN_IC50,Remodelin,,0.164681002256857
2057,S100A2,23,0.487309881898993,0.0183486039222866,GDSC2_LN_IC50,Remodelin,,0.2322449312179
2057,SOX3,23,-0.425709177228856,0.0428361893871305,GDSC2_LN_IC50,Remodelin,,0.182841879063859
2057,SQSTM1,23,0.332062974623471,0.121619007460824,GDSC2_LN_IC50,Remodelin,,0.237406966618731
2096,CACNA1H,46,0.386199907617271,0.0080259967046501,GDSC2_LN_IC50,VX-11e,ERK2,0.0718140398497118
2096,CXCL12,46,0.489424800399778,0.000556718908296181,GDSC2_LN_IC50,VX-11e,ERK2,0.148120448530039
2096,EGR3,46,0.409938554156127,0.00466438388312499,GDSC2_LN_IC50,VX-11e,ERK2,0.212244992712331
2096,ESR1,46,0.412589537255317,0.00437944122670979,GDSC2_LN_IC50,VX-11e,ERK2,0.0256124674506692
2096,ETS2,46,-0.342907993229979,0.0196514827245175,GDSC2_LN_IC50,VX-11e,ERK2,0.143022647960411
2096,GADD45G,46,0.317944047771438,0.0312969440868977,GDSC2_LN_IC50,VX-11e,ERK2,0.200249905460214
2096,GATA3,46,0.289153422213187,0.0512929999557544,GDSC2_LN_IC50,VX-11e,ERK2,0.153878999867263
2096,HDAC9,46,-0.334361901373042,0.0231380662345184,GDSC2_LN_IC50,VX-11e,ERK2,0.149871565382676
2096,IGFBP5,46,0.476935946345132,0.000804826933053873,GDSC2_LN_IC50,VX-11e,ERK2,0.009972855474798
2096,MEF2C,46,-0.286317334496624,0.0537238832154874,GDSC2_LN_IC50,VX-11e,ERK2,0.196298804056589
2096,PBX1,46,0.283353852210476,0.0563622928557271,GDSC2_LN_IC50,VX-11e,ERK2,0.211358598208977
2096,PPARA,46,-0.303652736550253,0.0402168343759811,GDSC2_LN_IC50,VX-11e,ERK2,0.138093949363308
2096,RARA,46,0.377624833200982,0.00967400706432887,GDSC2_LN_IC50,VX-11e,ERK2,0.0953165218978382
2096,REST,46,0.354791974102354,0.0155470366759631,GDSC2_LN_IC50,VX-11e,ERK2,0.237743381006208
2096,SOX3,46,0.538450633564145,0.000113372362957816,GDSC2_LN_IC50,VX-11e,ERK2,0.0323111234429775
2096,SQSTM1,46,0.326414268347029,0.0268319133793635,GDSC2_LN_IC50,VX-11e,ERK2,0.127154893725333
2096,UGCG,46,0.37219001921387,0.0108627889542717,GDSC2_LN_IC50,VX-11e,ERK2,0.140722493271247
2106,BDNF,42,0.365569160540342,0.0172790103436711,GDSC2_LN_IC50,Uprosertib,"AKT1, AKT2, AKT3",0.184428826611315
2106,DKK3,42,0.336953391212971,0.0291050348938287,GDSC2_LN_IC50,Uprosertib,"AKT1, AKT2, AKT3",0.227380477104567
2106,EGR3,42,0.442669172505009,0.0033291732917111,GDSC2_LN_IC50,Uprosertib,"AKT1, AKT2, AKT3",0.212244992712331
2106,GJA1,42,0.449345164240369,0.00283384552304666,GDSC2_LN_IC50,Uprosertib,"AKT1, AKT2, AKT3",0.0802899854029677
2106,HES1,42,-0.41257133659281,0.00662362959230693,GDSC2_LN_IC50,Uprosertib,"AKT1, AKT2, AKT3",0.195331442062683
2106,OPTN,42,0.499065566961834,0.000767335145117246,GDSC2_LN_IC50,Uprosertib,"AKT1, AKT2, AKT3",0.0312415023369165
2106,SOX3,42,0.323646260120488,0.0365450694735078,GDSC2_LN_IC50,Uprosertib,"AKT1, AKT2, AKT3",0.175812287082679
2106,SREBF1,42,-0.44664777504736,0.00302559215307543,GDSC2_LN_IC50,Uprosertib,"AKT1, AKT2, AKT3",0.245560433754688
2106,UGCG,42,0.598528163231237,2.82929681481063e-05,GDSC2_LN_IC50,Uprosertib,"AKT1, AKT2, AKT3",0.0080634959222103
2106,XBP1,42,-0.313225564315936,0.0434024117493666,GDSC2_LN_IC50,Uprosertib,"AKT1, AKT2, AKT3",0.223195094434659
2107,CACNA1H,45,0.335063844617587,0.024455167430402,GDSC2_LN_IC50,LJI308,"RSK2, RSK1, RSK3",0.119080254616112
2107,EGR3,45,0.380718529811799,0.00987884493925423,GDSC2_LN_IC50,LJI308,"RSK2, RSK1, RSK3",0.212244992712331
2107,ESR1,45,0.306469521734155,0.040602250619308,GDSC2_LN_IC50,LJI308,"RSK2, RSK1, RSK3",0.103318227022346
2107,ETS2,45,-0.349165329986912,0.0187288225968376,GDSC2_LN_IC50,LJI308,"RSK2, RSK1, RSK3",0.140466169476282
2107,GATA3,45,0.317450556698173,0.0335947555564095,GDSC2_LN_IC50,LJI308,"RSK2, RSK1, RSK3",0.129993037611772
2107,HDAC9,45,-0.293617354633481,0.0502762074469417,GDSC2_LN_IC50,LJI308,"RSK2, RSK1, RSK3",0.199582901524376
2107,IGFBP5,45,0.483542708196064,0.000765632971165165,GDSC2_LN_IC50,LJI308,"RSK2, RSK1, RSK3",0.00991842712645782
2107,ILF3,45,-0.307589854054199,0.0398366518467848,GDSC2_LN_IC50,LJI308,"RSK2, RSK1, RSK3",0.236955780277461
2107,MEF2C,45,-0.279953250660925,0.062522305894338,GDSC2_LN_IC50,LJI308,"RSK2, RSK1, RSK3",0.199665920889907
2107,PBX1,45,0.321181492912847,0.0314541272914372,GDSC2_LN_IC50,LJI308,"RSK2, RSK1, RSK3",0.149407104634327
2107,PPARA,45,-0.33865014629489,0.0228756358353912,GDSC2_LN_IC50,LJI308,"RSK2, RSK1, RSK3",0.112406141604939
2107,RARA,45,0.330283184088762,0.0267015543045312,GDSC2_LN_IC50,LJI308,"RSK2, RSK1, RSK3",0.138638378423196
2107,SOX3,45,0.405133969462171,0.00576752871483954,GDSC2_LN_IC50,LJI308,"RSK2, RSK1, RSK3",0.0821872841864635
2107,SQSTM1,45,0.307855219881018,0.0396570508850538,GDSC2_LN_IC50,LJI308,"RSK2, RSK1, RSK3",0.141672535523213
2109,ESR1,46,0.229336575462873,0.125240136759402,GDSC2_LN_IC50,AZ6102,"TNKS1, TNKS2",0.239612024141243
2109,ETS2,46,-0.291388995856847,0.0494401461465144,GDSC2_LN_IC50,AZ6102,"TNKS1, TNKS2",0.242938649168217
2109,HDAC3,46,-0.2781731258336,0.0612240950126701,GDSC2_LN_IC50,AZ6102,"TNKS1, TNKS2",0.196464757839522
2109,IGFBP5,46,0.258101544759178,0.0833034042320567,GDSC2_LN_IC50,AZ6102,"TNKS1, TNKS2",0.20644756700988
2109,KLF4,46,0.365763559481133,0.0124282176665265,GDSC2_LN_IC50,AZ6102,"TNKS1, TNKS2",0.0896201398398268
2109,MEF2C,46,-0.268078657173844,0.0716571171503228,GDSC2_LN_IC50,AZ6102,"TNKS1, TNKS2",0.209282522543688
2109,PPARA,46,-0.27680382386912,0.0625635836574304,GDSC2_LN_IC50,AZ6102,"TNKS1, TNKS2",0.181945115738446
2109,SQSTM1,46,0.294457626690676,0.0469854924785733,GDSC2_LN_IC50,AZ6102,"TNKS1, TNKS2",0.150459161307791
2110,EGR3,46,0.414819133694107,0.0041517013365187,GDSC2_LN_IC50,GSK591,PMRT5,0.212244992712331
2110,ESR1,46,0.390839513593394,0.00723999658146766,GDSC2_LN_IC50,GSK591,PMRT5,0.0322406097768482
2110,GATA3,46,0.322935582908823,0.0285968063440729,GDSC2_LN_IC50,GSK591,PMRT5,0.125737988836906
2110,IGFBP5,46,0.388026930926803,0.00770809344990606,GDSC2_LN_IC50,GSK591,PMRT5,0.046740566664324
2110,SOX3,46,0.390131328130162,0.00735547747015744,GDSC2_LN_IC50,GSK591,PMRT5,0.0846045530656375
2110,SQSTM1,46,0.319446278812937,0.0304629824410068,GDSC2_LN_IC50,GSK591,PMRT5,0.129599478263795
2110,UGCG,46,0.422276196449232,0.00346357236302347,GDSC2_LN_IC50,GSK591,PMRT5,0.100490760820545
2111,CTNNB1,46,-0.3430901696234,0.0195822730520897,GDSC2_LN_IC50,VE821,ATR,0.19073182084045
2111,EGR3,46,0.420061237642308,0.00365665781519407,GDSC2_LN_IC50,VE821,ATR,0.212244992712331
2111,EPHA2,46,-0.370671029374909,0.0112166509787929,GDSC2_LN_IC50,VE821,ATR,0.138972940046661
2111,ESR1,46,0.562256136542196,4.77181313400619e-05,GDSC2_LN_IC50,VE821,ATR,0.00194280963313109
2111,ETS1,46,-0.32854721974253,0.0257953717290984,GDSC2_LN_IC50,VE821,ATR,0.190604624497768
2111,ETS2,46,-0.36560088493005,0.012470223160283,GDSC2_LN_IC50,VE821,ATR,0.122552193126919
2111,FHL1,46,-0.365343820786688,0.0125368491249762,GDSC2_LN_IC50,VE821,ATR,0.176110517913848
2111,FOXF2,46,-0.35058328056692,0.0169083505118765,GDSC2_LN_IC50,VE821,ATR,0.176673261792738
2111,GADD45G,46,0.358264561095161,0.0144950080257357,GDSC2_LN_IC50,VE821,ATR,0.153002862493876
2111,GATA3,46,0.576058750998787,2.80062805391172e-05,GDSC2_LN_IC50,VE821,ATR,0.00133029832560807
2111,GLS,46,-0.430357132392184,0.00283291899781616,GDSC2_LN_IC50,VE821,ATR,0.0576701367412575
2111,HBEGF,46,-0.382538979860765,0.00869723499792187,GDSC2_LN_IC50,VE821,ATR,0.110134610977406
2111,HDAC3,46,-0.390280788171705,0.00733097374133253,GDSC2_LN_IC50,VE821,ATR,0.0934850403924292
2111,HDAC9,46,-0.372648071215864,0.0107579793335262,GDSC2_LN_IC50,VE821,ATR,0.102200803668499
2111,HEY1,46,-0.535596827588955,0.00012522407659665,GDSC2_LN_IC50,VE821,ATR,0.0178444309150227
2111,IGFBP5,46,0.56439732514878,4.40004056829755e-05,GDSC2_LN_IC50,VE821,ATR,0.00188392624766431
2111,ILF3,46,-0.399691643539932,0.0059237060683857,GDSC2_LN_IC50,VE821,ATR,0.0993091899699956
2111,LDHA,46,-0.38177883724378,0.00884252214906663,GDSC2_LN_IC50,VE821,ATR,0.174309210877631
2111,LOX,46,-0.359606396643963,0.0141050496874226,GDSC2_LN_IC50,VE821,ATR,0.160797566436617
2111,MEF2C,46,-0.357478075526487,0.0147278100629806,GDSC2_LN_IC50,VE821,ATR,0.0932761303988774
2111,PBX1,46,0.400682888669484,0.00579016221676699,GDSC2_LN_IC50,VE821,ATR,0.0611183789547626
2111,PPARA,46,-0.443823411313469,0.00200447589808817,GDSC2_LN_IC50,VE821,ATR,0.0285637815477564
2111,RARA,46,0.360785775173993,0.013769717719446,GDSC2_LN_IC50,VE821,ATR,0.107096690614279
2111,RXRA,46,0.31503403656797,0.0329662491657024,GDSC2_LN_IC50,VE821,ATR,0.226085851075697
2111,SMAD6,46,-0.421168731114044,0.00355896436109126,GDSC2_LN_IC50,VE821,ATR,0.204256464225925
2111,SNAI2,46,-0.376558590847979,0.00989797563662337,GDSC2_LN_IC50,VE821,ATR,0.122648828540768
2111,SOX3,46,0.411810798799657,0.00446152072382136,GDSC2_LN_IC50,VE821,ATR,0.0734360168561116
2111,TCF4,46,-0.356681412161851,0.0149668599683994,GDSC2_LN_IC50,VE821,ATR,0.203121670999706
2111,TYMS,46,-0.359931876928515,0.014011818401699,GDSC2_LN_IC50,VE821,ATR,0.224765424885096
2111,UGCG,46,0.324893144826965,0.027592143806423,GDSC2_LN_IC50,VE821,ATR,0.231417230730372
2111,XBP1,46,0.286263986458809,0.0537704834290699,GDSC2_LN_IC50,VE821,ATR,0.236190639075967
2112,BCL2L1,42,0.276689717741371,0.0760876901194056,GDSC2_LN_IC50,VTP-A,,0.221275425347251
2112,SQSTM1,42,0.329635217148658,0.0330237821204794,GDSC2_LN_IC50,VTP-A,,0.132560252173755
2113,BCL2L1,42,0.261270030346409,0.0946634773956572,GDSC2_LN_IC50,VTP-B,,0.243054874394255
2113,CTSB,42,0.4377404135216,0.00374199948388123,GDSC2_LN_IC50,VTP-B,,0.238382549750488
2113,F8,42,0.487786057817788,0.00105013327510647,GDSC2_LN_IC50,VTP-B,,0.100639943938857
2113,FOXF2,42,0.350126128101399,0.0230213301738772,GDSC2_LN_IC50,VTP-B,,0.205033721861094
2113,KLF4,42,0.257235462591961,0.100057941593072,GDSC2_LN_IC50,VTP-B,,0.237637611283547
2113,LIF,42,0.397613967675331,0.00911913281779784,GDSC2_LN_IC50,VTP-B,,0.239786593034257
2113,MYB,42,-0.357194793876393,0.0202210909572341,GDSC2_LN_IC50,VTP-B,,0.221654266261989
2113,OXTR,42,0.412854310457548,0.00658278011982957,GDSC2_LN_IC50,VTP-B,,0.139575631941173
2113,PLAU,42,0.331693637742734,0.0318800141676416,GDSC2_LN_IC50,VTP-B,,0.232969334301996
2113,SQSTM1,42,0.477765131619166,0.00137551450560894,GDSC2_LN_IC50,VTP-B,,0.034215082283779
2145,CACNA1H,41,0.335116974249048,0.0322097245456648,GDSC2_LN_IC50,PBD-288,,0.119080254616112
2145,ESR1,41,0.481817663106475,0.00142445151024254,GDSC2_LN_IC50,PBD-288,,0.0139989200144526
2145,HDAC3,41,-0.304729243779845,0.0527172425790235,GDSC2_LN_IC50,PBD-288,,0.185272694909627
2145,IGFBP5,41,0.336733424643716,0.0313362664874936,GDSC2_LN_IC50,PBD-288,,0.113048556315641
2145,ILF3,41,-0.387143834453901,0.0123970241315487,GDSC2_LN_IC50,PBD-288,,0.130857476944125
2145,KLF4,41,0.347477737369799,0.0260136011868289,GDSC2_LN_IC50,PBD-288,,0.130068005934145
2145,LDHA,41,-0.333987982888367,0.0328315919385283,GDSC2_LN_IC50,PBD-288,,0.225311118033664
2145,NR4A1,41,0.381138567206874,0.0139479925701989,GDSC2_LN_IC50,PBD-288,,0.159007115300267
2145,PPARA,41,-0.333570044339201,0.0330642896440819,GDSC2_LN_IC50,PBD-288,,0.129086610254292
2145,RARA,41,0.281962922873209,0.0740919322835737,GDSC2_LN_IC50,PBD-288,,0.247290419476822
2145,SQSTM1,41,0.481386562087327,0.00144063504352754,GDSC2_LN_IC50,PBD-288,,0.034215082283779
2145,YBX1,41,-0.33709759047514,0.0311422066477939,GDSC2_LN_IC50,PBD-288,,0.239879159314088
2148,CAV1,41,0.389120019390612,0.0119198572903141,GDSC2_LN_IC50,POMHEX,,0.174914476428317
2148,CD44,41,0.514516876070097,0.000578402535709491,GDSC2_LN_IC50,POMHEX,,0.0619203991019765
2148,DCBLD2,41,0.489069740514476,0.0011753075871015,GDSC2_LN_IC50,POMHEX,,0.111654220774642
2148,DNAJB4,41,0.335405777655386,0.0320522140612353,GDSC2_LN_IC50,POMHEX,,0.246888675877083
2148,ETS1,41,0.461685566719227,0.00237760249502301,GDSC2_LN_IC50,POMHEX,,0.0752907456757288
2148,EXT1,41,0.517289541020851,0.000533596537949028,GDSC2_LN_IC50,POMHEX,,0.152075013315473
2148,FN1,41,0.382728701532093,0.0135221050497511,GDSC2_LN_IC50,POMHEX,,0.246559260452367
2148,FOSL1,41,0.459165405578535,0.00252965123837101,GDSC2_LN_IC50,POMHEX,,0.0655409639032489
2148,GATA3,41,-0.318042082954357,0.0427197358552763,GDSC2_LN_IC50,POMHEX,,0.146688249623539
2148,HDAC9,41,0.30308865033973,0.0540695989534522,GDSC2_LN_IC50,POMHEX,,0.199582901524376
2148,HRH1,41,0.492398430095826,0.00107451249701184,GDSC2_LN_IC50,POMHEX,,0.102078687216125
2148,HRK,41,0.419555078790219,0.00632099510182106,GDSC2_LN_IC50,POMHEX,,0.16951463688703
2148,IRF1,41,0.45982491325495,0.0024890580431271,GDSC2_LN_IC50,POMHEX,,0.167746322193957
2148,ITGA5,41,0.367171718324177,0.0182019716206723,GDSC2_LN_IC50,POMHEX,,0.228891970245894
2148,ITGB1,41,0.350291994662988,0.0247509592495336,GDSC2_LN_IC50,POMHEX,,0.220438230816159
2148,KLF4,41,0.282625901593408,0.0733856644964663,GDSC2_LN_IC50,POMHEX,,0.200237768414917
2148,NGF,41,0.374134063301118,0.0159619907795606,GDSC2_LN_IC50,POMHEX,,0.222482424015525
2148,OXTR,41,0.328582680584435,0.0359472765118063,GDSC2_LN_IC50,POMHEX,,0.249877409899141
2148,S100A2,41,0.36550739034181,0.018774924695215,GDSC2_LN_IC50,POMHEX,,0.2322449312179
2148,SMAD3,41,0.589786619420542,4.95072461211677e-05,GDSC2_LN_IC50,POMHEX,,0.0141095651445328
2148,SNAI2,41,0.378746825541058,0.0146099700693597,GDSC2_LN_IC50,POMHEX,,0.160147748837212
2148,SQSTM1,41,0.506441791219683,0.000728679486017485,GDSC2_LN_IC50,POMHEX,,0.0269136095021004
2148,TGFBI,41,0.444597687329841,0.00358745970831752,GDSC2_LN_IC50,POMHEX,,0.146060859552928
2148,TGFBR2,41,0.421611991529675,0.00604309237587429,GDSC2_LN_IC50,POMHEX,,0.204908163767275
2149,BCL2L1,41,0.510500105965061,0.000649284203678117,GDSC2_LN_IC50,CT7033-2,"KDM4A, KDM4C, KDM4E, KDM3A, KDM6B",0.0462614995120658
2149,CACNA1H,41,0.420427831039139,0.00620175948495018,GDSC2_LN_IC50,CT7033-2,"KDM4A, KDM4C, KDM4E, KDM3A, KDM6B",0.0654630167855852
2149,CTNNB1,41,-0.33056338943489,0.0347785929660891,GDSC2_LN_IC50,CT7033-2,"KDM4A, KDM4C, KDM4E, KDM3A, KDM6B",0.245680009150375
2149,DNAJB4,41,-0.351688340015838,0.0241436617335991,GDSC2_LN_IC50,CT7033-2,"KDM4A, KDM4C, KDM4E, KDM3A, KDM6B",0.236937122391961
2149,ESR1,41,0.506382403129527,0.000729902951463516,GDSC2_LN_IC50,CT7033-2,"KDM4A, KDM4C, KDM4E, KDM3A, KDM6B",0.009455560962141
2149,ETS2,41,-0.331661073062815,0.0341444669142462,GDSC2_LN_IC50,CT7033-2,"KDM4A, KDM4C, KDM4E, KDM3A, KDM6B",0.198595368786942
2149,GADD45G,41,0.380276167716562,0.014183690015161,GDSC2_LN_IC50,CT7033-2,"KDM4A, KDM4C, KDM4E, KDM3A, KDM6B",0.153002862493876
2149,GATA3,41,0.453971976104743,0.00287016094934627,GDSC2_LN_IC50,CT7033-2,"KDM4A, KDM4C, KDM4E, KDM3A, KDM6B",0.0314613796370649
2149,GLS,41,-0.359860576875024,0.0208330537514334,GDSC2_LN_IC50,CT7033-2,"KDM4A, KDM4C, KDM4E, KDM3A, KDM6B",0.204738631695121
2149,HBEGF,41,-0.348841642223228,0.0253951499909642,GDSC2_LN_IC50,CT7033-2,"KDM4A, KDM4C, KDM4E, KDM3A, KDM6B",0.16352939749237
2149,HDAC3,41,-0.367011890813611,0.0182563468044414,GDSC2_LN_IC50,CT7033-2,"KDM4A, KDM4C, KDM4E, KDM3A, KDM6B",0.119660038446016
2149,HDAC9,41,-0.32297304649421,0.0394327549095141,GDSC2_LN_IC50,CT7033-2,"KDM4A, KDM4C, KDM4E, KDM3A, KDM6B",0.189794089234201
2149,HEY1,41,-0.43142313785782,0.00485816542808192,GDSC2_LN_IC50,CT7033-2,"KDM4A, KDM4C, KDM4E, KDM3A, KDM6B",0.167002525650802
2149,IGFBP5,41,0.552254641996893,0.000181470272320479,GDSC2_LN_IC50,CT7033-2,"KDM4A, KDM4C, KDM4E, KDM3A, KDM6B",0.00399793924856276
2149,ILF3,41,-0.329725102403648,0.0352693469235324,GDSC2_LN_IC50,CT7033-2,"KDM4A, KDM4C, KDM4E, KDM3A, KDM6B",0.223861082840232
2149,KLF4,41,0.326981354704668,0.0369154594914147,GDSC2_LN_IC50,CT7033-2,"KDM4A, KDM4C, KDM4E, KDM3A, KDM6B",0.15029865650076
2149,LDHA,41,-0.381410844540895,0.0138742714018412,GDSC2_LN_IC50,CT7033-2,"KDM4A, KDM4C, KDM4E, KDM3A, KDM6B",0.174309210877631
2149,LOX,41,-0.370461038887641,0.0171127916259894,GDSC2_LN_IC50,CT7033-2,"KDM4A, KDM4C, KDM4E, KDM3A, KDM6B",0.180635022718777
2149,MEF2C,41,-0.298825250761428,0.0577143235163182,GDSC2_LN_IC50,CT7033-2,"KDM4A, KDM4C, KDM4E, KDM3A, KDM6B",0.199665920889907
2149,NR4A1,41,0.511405191993676,0.000632668463775806,GDSC2_LN_IC50,CT7033-2,"KDM4A, KDM4C, KDM4E, KDM3A, KDM6B",0.095945346606776
2149,PBX1,41,0.281763460907547,0.074305459319732,GDSC2_LN_IC50,CT7033-2,"KDM4A, KDM4C, KDM4E, KDM3A, KDM6B",0.247908965617839
2149,PPARA,41,-0.505727747408355,0.000743511584902131,GDSC2_LN_IC50,CT7033-2,"KDM4A, KDM4C, KDM4E, KDM3A, KDM6B",0.0205060733011142
2149,RARA,41,0.306762433680288,0.0510790997395374,GDSC2_LN_IC50,CT7033-2,"KDM4A, KDM4C, KDM4E, KDM3A, KDM6B",0.196723559807678
2149,SNAI2,41,-0.342081161645575,0.0285846065284318,GDSC2_LN_IC50,CT7033-2,"KDM4A, KDM4C, KDM4E, KDM3A, KDM6B",0.221067631357571
2149,SOX3,41,0.369400597287878,0.0174577658254695,GDSC2_LN_IC50,CT7033-2,"KDM4A, KDM4C, KDM4E, KDM3A, KDM6B",0.132161741418548
2149,SQSTM1,41,0.264933103310765,0.0941305894351743,GDSC2_LN_IC50,CT7033-2,"KDM4A, KDM4C, KDM4E, KDM3A, KDM6B",0.204787923580341
2149,TYMS,41,-0.395920739916368,0.0103954328421002,GDSC2_LN_IC50,CT7033-2,"KDM4A, KDM4C, KDM4E, KDM3A, KDM6B",0.197513223999904
2149,UGCG,41,0.332441090706663,0.0336996502008621,GDSC2_LN_IC50,CT7033-2,"KDM4A, KDM4C, KDM4E, KDM3A, KDM6B",0.240110007681143
2149,XBP1,41,0.373733349430205,0.0160842739128343,GDSC2_LN_IC50,CT7033-2,"KDM4A, KDM4C, KDM4E, KDM3A, KDM6B",0.120632054346257
2149,YBX1,41,-0.389669520936764,0.0117899889701179,GDSC2_LN_IC50,CT7033-2,"KDM4A, KDM4C, KDM4E, KDM3A, KDM6B",0.129248724983141
2154,BCL2L1,41,0.422723916108013,0.00589731431291529,GDSC2_LN_IC50,GSK-LSD1-2HCl,LSD1,0.0730004267996436
2154,KLF4,41,0.298158316581827,0.0583018181517262,GDSC2_LN_IC50,GSK-LSD1-2HCl,LSD1,0.190833867304315
2154,NR4A1,41,0.293059650323832,0.0629524686423578,GDSC2_LN_IC50,GSK-LSD1-2HCl,LSD1,0.236017882684214
2154,SQSTM1,41,0.569302247741095,0.000102571180153388,GDSC2_LN_IC50,GSK-LSD1-2HCl,LSD1,0.016957548777651
2156,BCL2L1,41,0.376893870076457,0.0151409425607654,GDSC2_LN_IC50,5-azacytidine,DNA methyltransferases,0.0984364611640788
2156,CACNA1H,41,0.317350260806228,0.0431982077599261,GDSC2_LN_IC50,5-azacytidine,DNA methyltransferases,0.14315685129743
2156,ESR1,41,0.516011174681773,0.000553853706549521,GDSC2_LN_IC50,5-azacytidine,DNA methyltransferases,0.00789241531833067
2156,GATA3,41,0.267703379601949,0.0906137149155007,GDSC2_LN_IC50,5-azacytidine,DNA methyltransferases,0.218855158906082
2156,HDAC3,41,-0.341491196419288,0.0288779975796656,GDSC2_LN_IC50,5-azacytidine,DNA methyltransferases,0.149794334429331
2156,IGFBP5,41,0.299039384571658,0.0575267015214137,GDSC2_LN_IC50,5-azacytidine,DNA methyltransferases,0.170782395141697
2156,KLF4,41,0.40160099784491,0.00925300375697643,GDSC2_LN_IC50,5-azacytidine,DNA methyltransferases,0.084449060968457
2156,LDHA,41,-0.340227833105805,0.0295146534642901,GDSC2_LN_IC50,5-azacytidine,DNA methyltransferases,0.225311118033664
2156,NR4A1,41,0.351993623960383,0.024012554777566,GDSC2_LN_IC50,5-azacytidine,DNA methyltransferases,0.177296263792991
2156,PPARA,41,-0.394872719926915,0.0106188799013235,GDSC2_LN_IC50,5-azacytidine,DNA methyltransferases,0.0715749956041688
2156,SQSTM1,41,0.259892406325557,0.100798374893726,GDSC2_LN_IC50,5-azacytidine,DNA methyltransferases,0.212796569220089
2156,XBP1,41,0.300650357411262,0.0561307545165243,GDSC2_LN_IC50,5-azacytidine,DNA methyltransferases,0.242382803594082
2156,YBX1,41,-0.41181345528272,0.00746831773274325,GDSC2_LN_IC50,5-azacytidine,DNA methyltransferases,0.10770854104656
2157,BCL2L1,41,0.277776685777702,0.0786755538810663,GDSC2_LN_IC50,A-366,"EHMT1, EHMT2",0.223658605987031
2157,CACNA1H,41,0.332130328454781,0.03387629301956,GDSC2_LN_IC50,A-366,"EHMT1, EHMT2",0.119080254616112
2157,HDAC3,41,-0.428231175580948,0.0052193014180856,GDSC2_LN_IC50,A-366,"EHMT1, EHMT2",0.078289521271284
2157,MEF2C,41,-0.335534387169621,0.0319822761199226,GDSC2_LN_IC50,A-366,"EHMT1, EHMT2",0.154490655833525
2157,SQSTM1,41,0.297252866333567,0.0591070471802272,GDSC2_LN_IC50,A-366,"EHMT1, EHMT2",0.161358915636051
2158,AXL,41,0.363865561512135,0.0193549059830376,GDSC2_LN_IC50,CPI-637,EP300,0.220030580928325
2158,BDNF,41,0.428445551879034,0.00519433745594131,GDSC2_LN_IC50,CPI-637,EP300,0.105741869638805
2158,ETV4,41,0.471425277701546,0.00186282708619347,GDSC2_LN_IC50,CPI-637,EP300,0.132726429891285
2158,FN1,41,0.385059570603543,0.0129178016127585,GDSC2_LN_IC50,CPI-637,EP300,0.246559260452367
2158,HRK,41,0.489582635577386,0.00115924972528108,GDSC2_LN_IC50,CPI-637,EP300,0.110128723901703
2158,IRF3,41,0.50293501455372,0.000804142079371553,GDSC2_LN_IC50,CPI-637,EP300,0.229180492620893
2158,LIF,41,0.563555952220132,0.000124755352703264,GDSC2_LN_IC50,CPI-637,EP300,0.024669666017058
2158,PEG3,41,0.472156831973673,0.00182847130816292,GDSC2_LN_IC50,CPI-637,EP300,0.173704774275477
2158,S100A2,41,0.375162302539519,0.0156517974979032,GDSC2_LN_IC50,CPI-637,EP300,0.22303811434512
2158,SQSTM1,41,0.40043889873664,0.00947754007187541,GDSC2_LN_IC50,CPI-637,EP300,0.0804343596418472
2158,TLR3,41,0.468503646618763,0.00200578174062371,GDSC2_LN_IC50,CPI-637,EP300,0.142911949019439
2159,BCL2L1,41,0.301701523367057,0.0552345983525379,GDSC2_LN_IC50,UNC0379,SETD8,0.180940925637624
2159,CACNA1H,41,0.367893497324595,0.0179581076535725,GDSC2_LN_IC50,UNC0379,SETD8,0.113734681805959
2159,CTNNB1,41,-0.330725748663493,0.0346841945659041,GDSC2_LN_IC50,UNC0379,SETD8,0.245680009150375
2159,EGR3,41,0.406766985634267,0.00830919040248883,GDSC2_LN_IC50,UNC0379,SETD8,0.212244992712331
2159,ESR1,41,0.410852858595435,0.0076224764472099,GDSC2_LN_IC50,UNC0379,SETD8,0.0331437516074548
2159,GATA3,41,0.333898004805421,0.032881575351426,GDSC2_LN_IC50,UNC0379,SETD8,0.129993037611772
2159,HDAC3,41,-0.380835600277204,0.014030413379571,GDSC2_LN_IC50,UNC0379,SETD8,0.105228100346783
2159,HDAC9,41,-0.426475780208756,0.0054276626648477,GDSC2_LN_IC50,UNC0379,SETD8,0.061576913382702
2159,IGFBP5,41,0.40650435371827,0.00835509362768067,GDSC2_LN_IC50,UNC0379,SETD8,0.0476240336777798
2159,MEF2C,41,-0.290372489088489,0.0655194441147282,GDSC2_LN_IC50,UNC0379,SETD8,0.199665920889907
2159,NR4A1,41,0.375180761128862,0.015646275905418,GDSC2_LN_IC50,UNC0379,SETD8,0.159256736894433
2159,PPARA,41,-0.511139080688481,0.000637513908335165,GDSC2_LN_IC50,UNC0379,SETD8,0.0201879404306136
2159,RARA,41,0.411822179463002,0.00746693005686369,GDSC2_LN_IC50,UNC0379,SETD8,0.0925250028785284
2159,REST,41,0.369700761354642,0.0173595297304003,GDSC2_LN_IC50,UNC0379,SETD8,0.237743381006208
2159,SOX3,41,0.43347117791222,0.00463806422249126,GDSC2_LN_IC50,UNC0379,SETD8,0.0734360168561116
2159,SQSTM1,41,0.359816811267614,0.0208497144332895,GDSC2_LN_IC50,UNC0379,SETD8,0.111496561930558
2169,CACNA1H,43,0.289107912365661,0.0600647215531285,GDSC2_LN_IC50,AZD6482,PI3Kbeta,0.176478821058161
2170,BCL2L1,46,0.299338812528804,0.0432856160162253,GDSC2_LN_IC50,AT13148,AKT1,0.163079459348731
2170,ESR1,46,0.34992303261613,0.0171308119787106,GDSC2_LN_IC50,AT13148,AKT1,0.0553757495573586
2170,GATA3,46,0.236778921278586,0.113116460977844,GDSC2_LN_IC50,AT13148,AKT1,0.24798608752835
2170,HDAC3,46,-0.346084498211491,0.0184738304969287,GDSC2_LN_IC50,AT13148,AKT1,0.119660038446016
2170,SQSTM1,46,0.302867269231822,0.0407619225014157,GDSC2_LN_IC50,AT13148,AKT1,0.141672535523213
2171,AR,46,0.30049120257037,0.0424477355997503,GDSC2_LN_IC50,BMS-754807,"IGF1R, IR",0.205044146541167
2171,BCL2L1,46,0.376925123190278,0.00982048628374651,GDSC2_LN_IC50,BMS-754807,"IGF1R, IR",0.0874637059646173
2171,CACNA1H,46,0.387879689739722,0.00773330363741341,GDSC2_LN_IC50,BMS-754807,"IGF1R, IR",0.0718140398497118
2171,CTNNB1,46,-0.34009584103531,0.0207462682317683,GDSC2_LN_IC50,BMS-754807,"IGF1R, IR",0.19073182084045
2171,DNAJB4,46,-0.361043570705624,0.0136973309308029,GDSC2_LN_IC50,BMS-754807,"IGF1R, IR",0.198522722338096
2171,ESR1,46,0.454106847615507,0.00152448860590158,GDSC2_LN_IC50,BMS-754807,"IGF1R, IR",0.014482641756065
2171,ETS2,46,-0.324999008428843,0.0275386608034332,GDSC2_LN_IC50,BMS-754807,"IGF1R, IR",0.165729150177587
2171,FHL1,46,-0.382895179942369,0.00862986554003531,GDSC2_LN_IC50,BMS-754807,"IGF1R, IR",0.141540856551277
2171,FOS,46,0.45677150472999,0.00141813446908968,GDSC2_LN_IC50,BMS-754807,"IGF1R, IR",0.201746089172963
2171,FOSB,46,0.413464569016543,0.00428879124472967,GDSC2_LN_IC50,BMS-754807,"IGF1R, IR",0.230294895830209
2171,GADD45G,46,0.320464079854171,0.0299084892700478,GDSC2_LN_IC50,BMS-754807,"IGF1R, IR",0.198230684696829
2171,GATA3,46,0.434854180033574,0.00252775966066318,GDSC2_LN_IC50,BMS-754807,"IGF1R, IR",0.0288164601315603
2171,GLS,46,-0.354961613056257,0.0154941779634558,GDSC2_LN_IC50,BMS-754807,"IGF1R, IR",0.176633628783396
2171,HBEGF,46,-0.333165330417983,0.0236652886468452,GDSC2_LN_IC50,BMS-754807,"IGF1R, IR",0.16352939749237
2171,HDAC3,46,-0.322249642650291,0.0289559624214344,GDSC2_LN_IC50,BMS-754807,"IGF1R, IR",0.149794334429331
2171,IGFBP5,46,0.518314226248099,0.000224445712200015,GDSC2_LN_IC50,BMS-754807,"IGF1R, IR",0.00399793924856276
2171,ILF3,46,-0.454209065679926,0.00152028156528737,GDSC2_LN_IC50,BMS-754807,"IGF1R, IR",0.067239721668884
2171,KLF4,46,0.554467697923644,6.37959434239577e-05,GDSC2_LN_IC50,BMS-754807,"IGF1R, IR",0.0181818438758279
2171,LDHA,46,-0.33611151221462,0.0223849147964589,GDSC2_LN_IC50,BMS-754807,"IGF1R, IR",0.193324264151236
2171,MAP2,46,-0.385293037680641,0.00818795704981765,GDSC2_LN_IC50,BMS-754807,"IGF1R, IR",0.212142523563457
2171,MEF2C,46,-0.375656953907225,0.0100908334481031,GDSC2_LN_IC50,BMS-754807,"IGF1R, IR",0.0876293209753296
2171,PBX1,46,0.343891285028152,0.0192803593570199,GDSC2_LN_IC50,BMS-754807,"IGF1R, IR",0.11780316801178
2171,PPARA,46,-0.343139988759218,0.0195633823501629,GDSC2_LN_IC50,BMS-754807,"IGF1R, IR",0.101373890359935
2171,RARA,46,0.441875990779138,0.00210912918490451,GDSC2_LN_IC50,BMS-754807,"IGF1R, IR",0.0429358441212703
2171,RXRA,46,0.381350702714461,0.00892526969916209,GDSC2_LN_IC50,BMS-754807,"IGF1R, IR",0.121128660202914
2171,SQSTM1,46,0.28664867290247,0.0534351831184875,GDSC2_LN_IC50,BMS-754807,"IGF1R, IR",0.156923028019625
2171,XBP1,46,0.380252203956966,0.00914064170073156,GDSC2_LN_IC50,BMS-754807,"IGF1R, IR",0.0984445685273057
2171,YBX1,46,-0.470028567620571,0.000980992879928108,GDSC2_LN_IC50,BMS-754807,"IGF1R, IR",0.0465971617965851
2172,ESR1,46,0.269111480612577,0.0705290734603828,GDSC2_LN_IC50,JQ1,"BRD2, BRD3, BRD4, BRDT",0.159923627433339
2172,IGFBP5,46,0.235542540847065,0.115066163051347,GDSC2_LN_IC50,JQ1,"BRD2, BRD3, BRD4, BRDT",0.242917455330621
2172,KLF4,46,0.255288035392954,0.0868417147824187,GDSC2_LN_IC50,JQ1,"BRD2, BRD3, BRD4, BRDT",0.222971970387291
2172,ME1,46,0.421462821041431,0.00353341050782992,GDSC2_LN_IC50,JQ1,"BRD2, BRD3, BRD4, BRDT",0.143860284961647
2172,MEF2C,46,-0.250557567155567,0.093053555936387,GDSC2_LN_IC50,JQ1,"BRD2, BRD3, BRD4, BRDT",0.238921292269102
2172,RARA,46,0.349082032715519,0.0174177600851879,GDSC2_LN_IC50,JQ1,"BRD2, BRD3, BRD4, BRDT",0.115443293587873
2172,SQSTM1,46,0.306951952751807,0.0379920692525197,GDSC2_LN_IC50,JQ1,"BRD2, BRD3, BRD4, BRDT",0.140619996584001
2173,AR,45,0.324143053580199,0.0298363914985878,GDSC2_LN_IC50,PFI-1,BRD4,0.184855903849946
2173,BCL2L1,45,0.275129258493032,0.0673746549087416,GDSC2_LN_IC50,PFI-1,BRD4,0.206470716655821
2173,CAV1,45,-0.328505711823544,0.0275794498439007,GDSC2_LN_IC50,PFI-1,BRD4,0.235960763260728
2173,CD44,45,-0.387960066145952,0.00845581279851295,GDSC2_LN_IC50,PFI-1,BRD4,0.219082422506926
2173,DKK3,45,-0.351381683697449,0.0179409976410423,GDSC2_LN_IC50,PFI-1,BRD4,0.17631670095507
2173,ESR1,45,0.369901990167457,0.0123856248231935,GDSC2_LN_IC50,PFI-1,BRD4,0.0446823174001284
2173,ETS1,45,-0.408960861370011,0.00528188036992191,GDSC2_LN_IC50,PFI-1,BRD4,0.107557777219189
2173,FHL1,45,-0.412574719536702,0.00485636763658916,GDSC2_LN_IC50,PFI-1,BRD4,0.0988617697448507
2173,FOS,45,0.446226380958383,0.00212364304392592,GDSC2_LN_IC50,PFI-1,BRD4,0.201746089172963
2173,FOSB,45,0.373998496007281,0.0113788006960864,GDSC2_LN_IC50,PFI-1,BRD4,0.230294895830209
2173,GATA3,45,0.467656491263293,0.00119877254289834,GDSC2_LN_IC50,PFI-1,BRD4,0.0170825087363013
2173,GLS,45,-0.396686178365078,0.00697895582442322,GDSC2_LN_IC50,PFI-1,BRD4,0.113911045193757
2173,HBEGF,45,-0.429404727334694,0.0032445959153584,GDSC2_LN_IC50,PFI-1,BRD4,0.0711315258367033
2173,HDAC3,45,-0.296151417881062,0.0482342187213866,GDSC2_LN_IC50,PFI-1,BRD4,0.17959071678985
2173,IGFBP5,45,0.456766374343168,0.00161039630091112,GDSC2_LN_IC50,PFI-1,BRD4,0.014805256314828
2173,ILF3,45,-0.406617611395992,0.00557482598372055,GDSC2_LN_IC50,PFI-1,BRD4,0.0993091899699956
2173,KLF4,45,0.406445789617701,0.0055968523304263,GDSC2_LN_IC50,PFI-1,BRD4,0.0839527849563945
2173,LOX,45,-0.406734318457649,0.00555990800644503,GDSC2_LN_IC50,PFI-1,BRD4,0.132070462719575
2173,MEF2C,45,-0.31093414517785,0.0376212603283981,GDSC2_LN_IC50,PFI-1,BRD4,0.164733312237045
2173,NR4A1,45,0.330013036920621,0.0268334605515265,GDSC2_LN_IC50,PFI-1,BRD4,0.177311634611815
2173,RARA,45,0.296707190322389,0.0477954787786841,GDSC2_LN_IC50,PFI-1,BRD4,0.189210697934426
2173,RXRA,45,0.37196897383605,0.0118684873335603,GDSC2_LN_IC50,PFI-1,BRD4,0.139688338622478
2173,TCF4,45,-0.347979881131337,0.0191620488702349,GDSC2_LN_IC50,PFI-1,BRD4,0.237442779478997
2173,VDR,45,0.422873825593465,0.00380341550366279,GDSC2_LN_IC50,PFI-1,BRD4,0.11549444045936
2173,VIM,45,-0.369279590437133,0.0125450639386922,GDSC2_LN_IC50,PFI-1,BRD4,0.209978052228695
2173,XBP1,45,0.316464324897713,0.0341802612146791,GDSC2_LN_IC50,PFI-1,BRD4,0.194827488923671
2173,YBX1,45,-0.339384496611432,0.0225629787433811,GDSC2_LN_IC50,PFI-1,BRD4,0.189130851231283
2359,BCL2L1,42,0.370072497479084,0.0158521428053244,GDSC2_LN_IC50,GSK2830371,WIP1,0.0984364611640788
2359,CACNA1H,42,0.361807560228952,0.0185524957857405,GDSC2_LN_IC50,GSK2830371,WIP1,0.114427485011657
2359,CTNNB1,42,-0.313786251214533,0.043008603357604,GDSC2_LN_IC50,GSK2830371,WIP1,0.245680009150375
2359,ESR1,42,0.290583562562626,0.0619192360269655,GDSC2_LN_IC50,GSK2830371,WIP1,0.147058185564043
2359,GATA3,42,0.293075853882457,0.0596157677086832,GDSC2_LN_IC50,GSK2830371,WIP1,0.168897918561812
2359,GJA1,42,0.332444727383415,0.031470888928751,GDSC2_LN_IC50,GSK2830371,WIP1,0.203845530561228
2359,HDAC3,42,-0.301064195048298,0.0526900243445604,GDSC2_LN_IC50,GSK2830371,WIP1,0.185272694909627
2359,ILF3,42,-0.314981059232147,0.0421790959425871,GDSC2_LN_IC50,GSK2830371,WIP1,0.237856373960661
2359,KLF4,42,0.31935516988068,0.0392526866777709,GDSC2_LN_IC50,GSK2830371,WIP1,0.15537521809951
2359,MEF2C,42,-0.310496677213298,0.0453611349978025,GDSC2_LN_IC50,GSK2830371,WIP1,0.177847825492702
2359,NR4A1,42,0.339863220275334,0.0276577894359765,GDSC2_LN_IC50,GSK2830371,WIP1,0.177311634611815
2359,OXTR,42,0.339072296835529,0.0280451288238013,GDSC2_LN_IC50,GSK2830371,WIP1,0.233667889332007
2359,PPARA,42,-0.273575654346727,0.079587637473219,GDSC2_LN_IC50,GSK2830371,WIP1,0.210022932220994
2359,SQSTM1,42,0.334321973790582,0.0304672457672782,GDSC2_LN_IC50,GSK2830371,WIP1,0.129599478263795
2360,CACNA1H,42,0.344496878225116,0.025476658921868,GDSC2_LN_IC50,THR-101,Mutant RAS,0.119080254616112
2360,CTNNB1,42,-0.419158304915796,0.00572755344537121,GDSC2_LN_IC50,THR-101,Mutant RAS,0.116596623709343
2360,ESR1,42,0.240320841973397,0.125270847708931,GDSC2_LN_IC50,THR-101,Mutant RAS,0.239612024141243
2360,GATA3,42,0.317456514170772,0.0405018960933987,GDSC2_LN_IC50,THR-101,Mutant RAS,0.146114435273654
2360,MEF2C,42,-0.390540155006627,0.010556334417998,GDSC2_LN_IC50,THR-101,Mutant RAS,0.0884869208567482
2360,PPARA,42,-0.345982879949183,0.0248082548239516,GDSC2_LN_IC50,THR-101,Mutant RAS,0.117344042878355
2360,SQSTM1,42,0.243569322451507,0.120092347762925,GDSC2_LN_IC50,THR-101,Mutant RAS,0.237406966618731
2361,BCL2L1,42,0.381313017262327,0.0127187409933367,GDSC2_LN_IC50,THR-102,Mutant RAS,0.0984364611640788
2361,BDNF,42,0.343811404147251,0.025789998090626,GDSC2_LN_IC50,THR-102,Mutant RAS,0.216099721138592
2361,GATA3,42,0.253747526869758,0.104908853103138,GDSC2_LN_IC50,THR-102,Mutant RAS,0.240130671580083
2361,HES1,42,-0.453676789613637,0.00254820679562346,GDSC2_LN_IC50,THR-102,Mutant RAS,0.149797276437019
2361,OXTR,42,0.344906910525358,0.0252907465769623,GDSC2_LN_IC50,THR-102,Mutant RAS,0.233667889332007
2361,SQSTM1,42,0.29370341622724,0.0590466634931216,GDSC2_LN_IC50,THR-102,Mutant RAS,0.161358915636051
2361,UGCG,42,0.336353006933761,0.0294113120178422,GDSC2_LN_IC50,THR-102,Mutant RAS,0.231417230730372
2362,BCL2L1,42,0.40206474609293,0.00830376165480066,GDSC2_LN_IC50,THR-103,Mutant RAS,0.0816059335040755
2362,CACNA1H,42,0.324754116931484,0.0358714646362424,GDSC2_LN_IC50,THR-103,Mutant RAS,0.121706755015823
2362,GATA3,42,0.270291546351114,0.0834137839444296,GDSC2_LN_IC50,THR-103,Mutant RAS,0.206721116731847
2362,IGFBP5,42,0.259462099814876,0.0970523814696858,GDSC2_LN_IC50,THR-103,Mutant RAS,0.223063941281133
2362,KLF4,42,0.258432950925238,0.0984327996342038,GDSC2_LN_IC50,THR-103,Mutant RAS,0.237637611283547
2362,MEF2C,42,-0.286491135607051,0.0658547247847413,GDSC2_LN_IC50,THR-103,Mutant RAS,0.199665920889907
2362,SQSTM1,42,0.270127610089077,0.0836084670967466,GDSC2_LN_IC50,THR-103,Mutant RAS,0.193201870235871
2438,SQSTM1,41,0.250319912297843,0.114448690044979,GDSC2_LN_IC50,ascorbate (vitamin C),anti-oxidant proteins,0.233199338941145
2439,BCL2L1,41,0.308853618502631,0.0494372058827603,GDSC2_LN_IC50,glutathione,anti-oxidant proteins,0.173518092482451
2439,CACNA1H,41,0.34098944097191,0.0291294775026632,GDSC2_LN_IC50,glutathione,anti-oxidant proteins,0.119080254616112
2439,CREB1,41,-0.514318877784564,0.000581727265026829,GDSC2_LN_IC50,glutathione,anti-oxidant proteins,0.165792270532646
2439,CTNNB1,41,-0.374100291783589,0.0159722662125291,GDSC2_LN_IC50,glutathione,anti-oxidant proteins,0.171051487101551
2439,ESR1,41,0.321270652583493,0.0405434199068684,GDSC2_LN_IC50,glutathione,anti-oxidant proteins,0.103318227022346
2439,KLF4,41,0.355989557515237,0.0223504530162471,GDSC2_LN_IC50,glutathione,anti-oxidant proteins,0.114817588439786
2439,MEF2C,41,-0.296260063821692,0.060000127395619,GDSC2_LN_IC50,glutathione,anti-oxidant proteins,0.199665920889907
2439,NR4A1,41,0.362583485460591,0.0198181947909104,GDSC2_LN_IC50,glutathione,anti-oxidant proteins,0.167213050793333
2439,PPARA,41,-0.335910856519572,0.0317782738546185,GDSC2_LN_IC50,glutathione,anti-oxidant proteins,0.125789000674531
2439,SQSTM1,41,0.257599245059026,0.103948843428006,GDSC2_LN_IC50,glutathione,anti-oxidant proteins,0.217833973360159
2439,YBX1,41,-0.335200171756682,0.0321642842534109,GDSC2_LN_IC50,glutathione,anti-oxidant proteins,0.241232131900581
2498,BCL2L1,41,0.299666103822335,0.0569803746036284,GDSC2_LN_IC50,alpha-lipoic acid,Metabolism,0.184538713204933
2498,CACNA1H,41,0.397808182773055,0.0100031419685458,GDSC2_LN_IC50,alpha-lipoic acid,Metabolism,0.0817631757270831
2498,IGFBP5,41,0.300665760531013,0.0561175393520461,GDSC2_LN_IC50,alpha-lipoic acid,Metabolism,0.170782395141697
2498,KLF4,41,0.431474254265851,0.00485256347010344,GDSC2_LN_IC50,alpha-lipoic acid,Metabolism,0.0837275420439091
2498,MEF2C,41,-0.292695437385335,0.0632956365937038,GDSC2_LN_IC50,alpha-lipoic acid,Metabolism,0.199665920889907
2498,NR4A1,41,0.28885124602639,0.0670089882122658,GDSC2_LN_IC50,alpha-lipoic acid,Metabolism,0.236017882684214
2498,PPARA,41,-0.288034263039615,0.0678199302280354,GDSC2_LN_IC50,alpha-lipoic acid,Metabolism,0.191373070445446
2498,RARA,41,0.359687302404631,0.0208990812050587,GDSC2_LN_IC50,alpha-lipoic acid,Metabolism,0.124088294655036
2498,SQSTM1,41,0.374365684860869,0.0158916672010824,GDSC2_LN_IC50,alpha-lipoic acid,Metabolism,0.100706547617725
2499,FOXC2,41,0.428792096160956,0.00515420177492566,GDSC2_LN_IC50,N-acetyl cysteine,Metabolism,0.244824584308969
2499,OXTR,41,0.377407836753936,0.0149920524385704,GDSC2_LN_IC50,N-acetyl cysteine,Metabolism,0.185771084564895
2499,PEG3,41,0.541550956933238,0.000255661382730089,GDSC2_LN_IC50,N-acetyl cysteine,Metabolism,0.0580402979128517
2499,SQSTM1,41,0.396946472201683,0.0101806417774636,GDSC2_LN_IC50,N-acetyl cysteine,Metabolism,0.0804922675731388
2499,VIM,41,0.394213888852149,0.0107614386482699,GDSC2_LN_IC50,N-acetyl cysteine,Metabolism,0.209978052228695
