node,type,direction,spearman,spearman_p,pearson,pearson_p,signed_hit_rate,n_reached_sig,own_logFC
hsa-miR-18a,miRNA,-1,0.186193933635986,6.976036670446993e-06,0.09375236131340733,0.024565729162033284,0.6307692307692307,325,0.691317415730337
hsa-miR-19a,miRNA,-1,0.16746198426496883,5.451173539815186e-05,0.05681686467707928,0.17365435463378542,0.6153846153846154,325,0.863405742821474
SPI1,TF,1,0.15452934256798004,0.00019939132638034608,0.050323585301775935,0.22825938146062005,0.5784615384615385,325,0.616247741048154
hsa-miR-19b,miRNA,-1,0.14519788080774548,0.0004782134962677868,0.05718530527339345,0.1708766994245234,0.6042944785276074,326,0.240320848938827
hsa-miR-377,miRNA,-1,0.1397601655135185,0.0007778873881336033,0.027753402519574154,0.5065732167562699,0.6,325,-0.909335205992509
hsa-miR-20a,miRNA,-1,0.13961950635449272,0.0007875615130142279,0.0430757658735484,0.3024697756110871,0.6073619631901841,326,0.253919163545568
hsa-miR-17,miRNA,-1,0.1361665094851016,0.0010629549495094193,0.04037752317751742,0.33379092637187713,0.6030769230769231,325,0.618891697877653
hsa-miR-7,miRNA,-1,0.12869609449101496,0.0019869471772164535,0.05785631243246488,0.16590348983824155,0.6030769230769231,325,0.574329796088223
hsa-miR-487a,miRNA,-1,0.12538285645048028,0.0025959528546221624,0.023362385860298377,0.5761156046757855,0.598159509202454,326,-0.41189481897628
HNF4A,TF,1,0.12317241679084849,0.0030922438706137067,0.07476942546954674,0.07321075084791036,0.598159509202454,326,0.13008843896432
hsa-miR-496,miRNA,-1,0.1202887332695075,0.0038691063349125905,0.03684831137591737,0.37779398412455306,0.5950920245398773,326,-0.301879525593009
hsa-miR-154,miRNA,-1,0.12008433199923167,0.003930373339802289,-0.002415103484485622,0.9539189232103135,0.5969230769230769,325,-0.617509987515606
hsa-miR-338,miRNA,-1,0.11904951883417694,0.004254243540288822,-0.0022643320766982,0.956792798260188,0.6012269938650308,326,0.0231835205992505
hsa-miR-191,miRNA,-1,0.11869069172174862,0.004372063916904874,-0.02507516080905727,0.5484614864403587,0.6092307692307692,325,0.956628277153559
hsa-miR-193b,miRNA,-1,0.11741268772522762,0.004816042818660114,-0.007039727384186997,0.8662359771782523,0.6134969325153374,326,0.120524032459426
hsa-miR-342,miRNA,-1,0.11589976859124473,0.0053939617902103104,-0.034182597448514686,0.41328563418965075,0.5476923076923077,325,1.29509488139825
hsa-miR-1197,miRNA,-1,0.11507815250646354,0.00573332180105994,-0.005279600062224819,0.8994740750940589,0.5920245398773006,326,-0.0209906367041199
ESR2,TF,1,0.1148841701372278,0.005816195281086374,0.0009898589619066747,0.98110439880048,0.5230769230769231,325,-1.85111372323242
hsa-miR-135a,miRNA,1,0.11274714621644241,0.006803091614816665,0.102465613665029,0.013964885433223008,0.6012269938650306,326,-0.119236267166042
EZH2,TF,-1,0.11041791039358223,0.008047405326749711,0.016924946006781114,0.6854835385956771,0.6092307692307692,325,2.25909202130212
hsa-miR-196b,miRNA,-1,0.10994817480432455,0.008321685250312827,0.03217376187473227,0.4412879016631234,0.5429447852760736,326,-0.0672933832709115
hsa-miR-146b,miRNA,-1,0.10993308822153446,0.008330630963358166,0.0022734841664327926,0.9566183326403135,0.6226993865030674,326,-0.132319600499376
hsa-miR-495,miRNA,-1,0.10917574331992973,0.008790879491020647,0.03293860881499173,0.4305006317528955,0.5569230769230769,325,-0.858496878901373
hsa-miR-92a,miRNA,-1,0.10908956518461306,0.008844661291770183,0.05555376550794679,0.1834322582475141,0.5705521472392638,326,-0.117615480649188
E2F1,TF,1,0.1069148563687411,0.010302532376373675,0.11420534365473042,0.006114751841852163,0.6,325,2.45627612787667
MEF2A,TF,1,0.10685293194314653,0.010346999812175624,0.04169945152818092,0.31819401699853805,0.5876923076923077,325,-0.701010810983704
hsa-miR-410,miRNA,-1,0.1065874839782285,0.010539552071164611,-0.016261263237607577,0.6971958144081081,0.5692307692307692,325,-0.576135143570537
EPAS1,TF,1,0.10509452443899324,0.011682895663633421,0.09894085907173149,0.017635614706352606,0.556923076923077,325,-1.93675950359033
HOXA10,TF,-1,0.10488940372444741,0.011848266255649616,0.09825957831712656,0.018435148260053786,0.5815384615384616,325,-1.85124526219834
hsa-miR-452,miRNA,-1,0.10363497645877201,0.012905381342894744,-0.027379004578614072,0.5123263500059269,0.6061538461538462,325,-1.7314456928839
RUNX2,TF,-1,0.10299079831076763,0.0134799175361675,0.06898788108936176,0.09840398571658765,0.6092307692307692,325,1.03770674407075
hsa-miR-668,miRNA,-1,0.10293518069844011,0.01353056374892288,-0.06321807327161354,0.12999231933848385,0.5889570552147239,326,-0.0333920099875156
CEBPA,TF,1,0.10267770437503987,0.013767216788854179,-0.02468287130845977,0.554737206930565,0.56,325,-1.62193102400486
hsa-miR-802,miRNA,-1,0.10263941818426933,0.013802716195309825,-0.031898839404417345,0.44520277189198104,0.5797546012269938,326,0.0570923845193508
hsa-miR-30e,miRNA,-1,0.10242640861735192,0.014001696954597279,-0.002024574031343985,0.9613639989679826,0.5705521472392638,326,-0.244179151061174
REST,TF,-1,0.10198372156669488,0.014423323008586857,0.03426325201673292,0.4121837084688554,0.5766871165644172,326,-0.336511298757377
YY1,TF,-1,0.10183206669157675,0.014570309682540087,0.043419108936705524,0.29862887088011364,0.5613496932515337,326,0.175224215963793
hsa-miR-708,miRNA,1,0.10095956277935565,0.015441814913630234,0.026034642191151407,0.5332609375930917,0.558282208588957,326,0.70623720349563
hsa-miR-758,miRNA,-1,0.10000362334367051,0.01644888390224148,-0.061952250824250495,0.13787377912706947,0.5846153846153845,325,-1.15976279650437
hsa-miR-128,miRNA,1,0.09971145495290613,0.016767948968614187,0.1370257371313839,0.0009871549012883678,0.5736196319018405,326,0.394361423220974
TLX1,TF,-1,0.0985965943589836,0.018035764215386503,-0.051731900843761745,0.21548720150912576,0.5538461538461539,325,1.71941331222313
hsa-miR-302a,miRNA,-1,0.0978422652194782,0.018940370953529358,-0.026242489699903615,0.529996339430374,0.598159509202454,326,0.00310861423220974
hsa-miR-214,miRNA,-1,0.09720944935139939,0.01972952947999153,0.012349791382157017,0.7676085600834937,0.5920245398773006,326,-0.179307740324594
TAL1,TF,1,0.09640730395054044,0.020770896326270834,0.00933561243044143,0.8232414420894503,0.5661538461538461,325,-2.12015696716723
hsa-miR-491,miRNA,1,0.0955124129109334,0.021988758877797977,0.08026247749869493,0.05441193862968266,1.0,3,-0.335106117353308
CUX1,TF,-1,0.0952421337060584,0.022368560774731067,-0.005842813898092116,0.8888163809956324,0.5920245398773006,326,0.152271026243823
hsa-miR-299,miRNA,-1,0.09469514465358982,0.02315463826136674,-0.04113458974106385,0.3247993826211138,0.5784615384615385,325,-0.759306179775281
hsa-miR-411,miRNA,-1,0.09409133530468747,0.024050046885336806,-0.07156461879406724,0.086432567648143,0.5846153846153845,325,-0.85148002496879
hsa-miR-140,miRNA,-1,0.09391653438140458,0.024314790951139503,0.015880256893396047,0.7039524670051921,0.5692307692307692,325,-0.994513108614233
POU5F1,TF,1,0.09353444615701746,0.02490226667236382,0.08850776375074651,0.033847071331747955,0.56,325,-0.549567880503447
TCF4,TF,1,0.09201808677716822,0.027356182163828173,0.05603491620750741,0.17966067609171987,0.5538461538461539,325,-1.06766028562747
hsa-miR-181a,miRNA,-1,0.0915773250017208,0.028107393248307747,-0.034356995965321865,0.410905137794415,0.6012269938650308,326,0.402314606741573
DDIT3,TF,-1,0.09128059664287148,0.028623050425915005,-0.004473451318153974,0.9147598634527548,0.5535168195718654,327,-0.0175618513009961
hsa-miR-222,miRNA,1,0.09119498428222422,0.028773330547959934,0.11388152479250843,0.006261963584317212,0.5429447852760736,326,-0.227951310861423
HNF1A,TF,1,0.09109281844855983,0.02895355422871476,0.05726504102179454,0.17027996837891635,0.5306748466257669,326,0.271206560156088
hsa-miR-203,miRNA,1,0.09098170261137858,0.029010238895529793,0.03780827517011264,0.36506749181664094,0.5828220858895705,326,nan
hsa-miR-376c,miRNA,-1,0.09096818055015368,0.02917473096196968,-0.008671440006904719,0.8356309148599568,0.5815384615384616,325,-0.735351123595506
KLF4,TF,1,0.09067818991694132,0.02969495389750363,0.09481026360447055,0.022987241591999847,0.5969230769230769,325,-2.59752690751491
hsa-miR-379,miRNA,-1,0.09058579452933671,0.02986236728994965,-0.07911947988628544,0.05795169920989622,0.5815384615384616,325,-1.06123127340824
hsa-miR-190a,miRNA,-1,0.09048234839766806,0.030050763443668325,-0.024066498531698042,0.5646679241973211,0.5828220858895705,326,-0.469101123595506
HDAC2,TF,-1,0.09004960334194595,0.030849964822383245,0.1320380790169843,0.0015078140562479316,0.5736196319018405,326,0.357032097106943
hsa-miR-134,miRNA,-1,0.09002062952813566,0.03090411825085581,-0.05872185650853051,0.15964985008402138,0.6,325,-0.890893570536829
hsa-miR-130a,miRNA,1,0.0899521717915839,0.031032392429863775,0.13093418080024105,0.0016528559249053244,0.5138461538461538,325,-0.694725343320848
LEF1,TF,1,0.08990009467525821,0.03113027806142988,0.09348680878407793,0.024976363615413565,0.5692307692307692,325,1.88540661133234
hsa-miR-486,miRNA,-1,0.08936673031841715,0.032148111293132386,0.0986330227636338,0.017993050405337597,0.5846153846153845,325,-1.92223970037453
hsa-miR-330,miRNA,1,0.08933194488772617,0.03221547012325072,0.1282287962638506,0.0020640721204974797,0.6257668711656442,326,0.336629837702871
hsa-miR-24,miRNA,-1,0.086765936005335,0.0375282467236513,0.009199797557277675,0.8257714678665884,0.5521472392638036,326,0.0288256346233874
hsa-miR-1193,miRNA,-1,0.08638192732924486,0.038215301447522235,-0.10611688662188934,0.010819596036429829,0.5828220858895705,326,nan
STAT6,TF,1,0.08617209906977877,0.03885856711096095,0.08217286195351002,0.048898010128927596,0.556923076923077,325,-0.538979513505733
SNAI2,TF,-1,0.08604187471707588,0.039155579495495335,0.08895510365047352,0.03295295364781252,0.563076923076923,325,-1.11830630587407
hsa-miR-99a,miRNA,-1,0.08600677789686123,0.039235955601000835,0.018516006375922572,0.6577150748200757,0.5876923076923077,325,-1.99379993757803
hsa-miR-382,miRNA,-1,0.08505850095140352,0.04146111275063869,0.029895524142068995,0.47431901866645243,0.5797546012269938,326,-0.444950686641698
hsa-miR-152,miRNA,-1,0.0849613534580396,0.041694975806143245,-0.08398759956403488,0.044101238578474714,0.5858895705521472,326,-0.206325842696629
hsa-miR-188,miRNA,-1,0.0843030973772577,0.04330911427356809,-0.016490777090655332,0.6931371729611909,0.5661538461538462,325,0.553889513108615
CREB1,TF,1,0.08407705246094077,0.04387541875183768,0.030330280280080207,0.4679130002968045,0.5858895705521472,326,-0.371269810807785
ZEB2,TF,-1,0.08355669160223678,0.04520280203843451,0.12505368152112536,0.0026649337252976466,0.5815384615384616,325,-1.53629955700555
MTA1,TF,-1,0.08156119119030253,0.0506101731606739,-0.014390743173944825,0.7305869892857492,0.5858895705521472,326,0.173100961154025
hsa-miR-200a,miRNA,1,0.08149049255965433,0.050811261127816955,0.030646314980996583,0.4632864810690913,0.5661538461538461,325,1.90109394506866
HSF1,TF,1,0.08093699044053082,0.05240876783978499,0.04640611475399684,0.26658702525917743,0.5538461538461539,325,0.589844472164916
hsa-miR-301a,miRNA,-1,0.08047849216094717,0.05376359574892039,-0.023356064037263643,0.5762188797721254,0.5753846153846154,325,1.42567259675406
NKX2-5,TF,-1,0.08026510223156659,0.054404021929812266,-0.006298822943782118,0.8802018926275812,0.5306748466257669,326,0.411387516192487
hsa-miR-383,miRNA,-1,0.07970512994470377,0.056114853114618196,-0.06715966303981911,0.1076722464772049,0.5261538461538462,325,-1.73182958801498
RELA,TF,1,0.07962382777732095,0.05636692360092383,0.04133345770219115,0.3224637845531073,0.5644171779141104,326,0.0543962001631245
CTNNB1,TF,1,0.07813707344905564,0.06114472192069882,0.08413563254376281,0.04372806423930201,0.5644171779141104,326,-0.395960114506869
hsa-miR-302b,miRNA,-1,0.07643295239343578,0.06702753909258444,-0.022373582741852433,0.5923738316669908,0.5705521472392638,326,0.0022191011235955
HEY1,TF,1,0.076424588492935,0.0670575194614579,0.03444595256406075,0.40969403646891445,0.5969230769230769,325,-0.805963392985655
hsa-miR-378a,miRNA,-1,0.07642234639278302,0.06706555813173426,0.007951689750045197,0.8491031208543732,0.563076923076923,325,-1.87837234706617
hsa-miR-302d,miRNA,-1,0.07600001676699102,0.06859391995460774,-0.027675815004997082,0.5077626651738895,0.5705521472392638,326,0.00090823970037453
hsa-miR-130b,miRNA,-1,0.075890024784324,0.06899662054838544,-0.06183724837561658,0.1386076473738654,0.563076923076923,325,1.18349968789014
hsa-miR-4295,miRNA,-1,0.07584859892207614,0.06890639737060687,-0.021664341186082833,0.6038474878516239,0.5306748466257669,326,nan
CDX2,TF,-1,0.07533844921771328,0.07104535250930603,0.03696142912529647,0.37633055579970526,0.598159509202454,326,0.102622942954469
hsa-miR-433,miRNA,-1,0.07454627619722946,0.07407450568082138,0.0007013089608409734,0.9866119615629447,0.6030769230769231,325,-0.513201935081149
hsa-miR-142,miRNA,-1,0.07393924756865249,0.07646626531880565,-0.07724070653841107,0.06418358188465438,0.5969230769230769,325,1.53229837702871
EGR2,TF,1,0.07357505493514818,0.07793111995022522,-0.07171876475689402,0.08575534166371948,0.5969230769230769,325,-2.42938788402181
hsa-miR-23b,miRNA,1,0.07345496194871229,0.07841912482203976,0.1425477105366827,0.0006074676644920384,0.5,326,-0.171367665418227
hsa-miR-99b,miRNA,-1,0.07336494628438522,0.07878653286991881,0.031217695846190587,0.45498678928735176,0.5692307692307692,325,0.500476279650437
hsa-miR-148b,miRNA,-1,0.07327487103251672,0.0791555811099469,-0.10082727724302058,0.015577867930818503,0.5828220858895705,326,1.09860205992509
hsa-miR-223,miRNA,-1,0.07288085119358245,0.0807864393087242,-0.022447089822586776,0.5911580091217283,0.5950920245398773,326,-0.477098314606741
hsa-miR-376b,miRNA,-1,0.07283337043073429,0.08098478753014242,-0.03907087647196652,0.3496826256822679,0.5889570552147239,326,-0.373742197253433
hsa-miR-22,miRNA,-1,0.072784650556879,0.0811887217789137,0.00014941935139993335,0.9971474463979564,0.5674846625766872,326,0.155332397003745
hsa-miR-125b,miRNA,-1,0.07274276793059768,0.0813643684549399,-0.02871296256064848,0.4919843826731317,0.5969230769230769,325,-1.5971658343737
HDAC9,TF,1,0.07242926369031705,0.08268892613181321,0.006654493622802607,0.8734926499246701,0.5876923076923077,325,-0.711460682243439
hsa-miR-9,miRNA,-1,0.07120422054300482,0.08803275983038453,-0.042204087856895736,0.3123676753864302,0.5490797546012269,326,0.257819288389513
hsa-miR-301b,miRNA,-1,0.07097511279306049,0.08906234249143971,-0.0433087194787773,0.29986021541759933,0.5169230769230769,325,0.670388264669164
hsa-miR-376a,miRNA,-1,0.06983793794383959,0.09431667792755669,-0.037263674227178495,0.3724374949825649,0.5858895705521472,326,-0.382315543071161
hsa-miR-302c,miRNA,-1,0.06971225740294634,0.09491228993938433,-0.025883512190366078,0.5356410416297229,0.5644171779141105,326,0.000589887640449438
hsa-miR-429,miRNA,1,0.06852789863030612,0.10067383381147287,-0.0013575422423940547,0.9740877527573505,0.5753846153846154,325,2.32434519350811
JUND,TF,-1,0.06833801356491712,0.10162290025085724,0.07519780429003146,0.0715756378130555,1.0,2,-0.572820051496106
SNAI1,TF,-1,0.06811775188688048,0.10273267840753567,0.14587460846331582,0.0004495813019671023,0.5674846625766872,326,-0.0470208223384347
TFAP2A,TF,-1,0.06806292888623944,0.10301039055113269,-0.03777455758880184,0.36591391650936916,0.5292307692307692,325,1.40455572614307
hsa-miR-125a,miRNA,-1,0.06790000641686174,0.10383920795601646,0.0121811559254192,0.770692611892415,0.5521472392638036,326,-0.451951935081149
hsa-miR-23a,miRNA,1,0.06769286574144025,0.10490059312534791,0.14387417413936768,0.0005391855651862927,0.49079754601226994,326,-0.336552746566792
hsa-miR-182,miRNA,-1,0.0671493068945548,0.10772664608262852,-0.004820891992617064,0.9081676759477609,0.5692307692307692,325,2.16308801498127
hsa-miR-26a,miRNA,-1,0.06706718286020363,0.10815880279365456,-0.019355447550681287,0.6432491590982811,0.5797546012269938,326,-0.306844569288389
hsa-miR-224,miRNA,-1,0.06692471249469203,0.10891176195798752,-0.03855329233127516,0.356107878545557,0.5815384615384616,325,-1.45132240948814
NR1H4,TF,1,0.06660454869589945,0.11061892140020621,0.01788867541009766,0.668610222921962,0.5122699386503068,326,-0.344164627612788
HES1,TF,-1,0.06656992530401504,0.11080479428782,-0.05717801471851895,0.17093133875430702,0.5398773006134969,326,0.221111884085785
hsa-miR-132,miRNA,1,0.06545354973943573,0.11693083142255749,0.09526432115573284,0.02233716959943944,0.5337423312883436,326,-0.23140418227216
RBPJ,TF,-1,0.06517861412712479,0.11847950147928894,0.07707537509171584,0.06475745263893594,0.523076923076923,325,-0.55842704984887
hsa-miR-454,miRNA,-1,0.06513012914662,0.11875426636606956,-0.04675457075317004,0.2630088887426332,0.6042944785276074,326,1.27754556803995
hsa-miR-183,miRNA,-1,0.06494051123890603,0.11983362010334103,0.00776717866391216,0.8525640344980012,0.5384615384615384,325,1.86600780274657
hsa-miR-135b,miRNA,1,0.06472993031761816,0.12104126538757704,0.05750582466845513,0.16848743144524583,0.549079754601227,326,0.299852684144819
FOS,TF,1,0.06469136168964847,0.12126347526065212,0.043273781945273725,0.3002506303498202,0.52,325,-3.00019422987734
NANOG,TF,-1,0.06422342512804567,0.12398487440285384,-0.07797402959711626,0.06168845494320874,0.5552147239263804,326,-0.269966575508964
BMI1,TF,-1,0.06376792395058367,0.12667937822406325,0.08775163122534459,0.03540543137223136,0.558282208588957,326,0.337498840537991
HDAC1,TF,-1,0.06361380724814832,0.12760127422470308,0.09034326977128351,0.030305658593635338,0.5613496932515337,326,0.4750057573286
RXRA,TF,1,0.06346010085026585,0.12852589149467752,-0.039189534446347436,0.34822001910578726,0.5368098159509203,326,-0.33003214508468
hsa-miR-185,miRNA,-1,0.06324642686388712,0.12981986005818577,0.01279816543085594,0.759426525383625,0.5261538461538462,325,0.653450686641699
COL1A1,Gene,1,0.06311625329555579,0.13061309653277928,0.05716193085598112,0.17105192600301386,1.0,1,2.35068576180652
hsa-miR-137,miRNA,1,0.0630263458141059,0.13116315020421787,0.010996634730005402,0.7924548674455751,0.5828220858895705,326,0.211639200998751
hsa-miR-216a,miRNA,1,0.06302003343636944,0.13120183651264017,0.13715479494384072,0.0009762107425336188,0.4815950920245399,326,0.0055970661672908
HOXB7,TF,1,0.06286320241150743,0.13216583358556014,0.012602728680609507,0.7629896599327897,0.5214723926380368,326,-0.0791517535863365
XBP1,TF,1,0.06267079564607442,0.13335597006500277,0.020728846182851875,0.619871890225798,1.0,4,0.879680228374035
DNMT1,TF,-1,0.06259669382347464,0.13381652877556416,0.07139274748808755,0.08719274080676591,0.5476923076923077,325,0.943016760223257
TWIST1,TF,-1,0.06245327660130257,0.13471138247302147,0.05590225495774366,0.180694776325613,0.5661538461538462,325,-1.45625141934143
MYB,TF,1,0.06187809274195755,0.13834666320473502,0.12471294891872066,0.0027380928084061364,0.5784615384615385,325,1.25633921860257
hsa-miR-149,miRNA,-1,0.06158920580288201,0.14020070159318274,-0.049226137026225955,0.23857852097802051,0.5797546012269938,326,0.42639481897628
hsa-miR-148a,miRNA,-1,0.061336995722389334,0.1418348874607826,-0.05825757590660792,0.16298184284952036,0.5736196319018405,326,0.402830212234707
MAX,TF,1,0.06112101771813679,0.14324587436529895,0.02946492910511046,0.4807108030063842,0.549079754601227,326,0.0987703305666173
HIF1A,TF,1,0.06102715266119583,0.143862433991884,0.058466180611443125,0.16147833937061612,0.6073619631901841,326,-0.0178529962097579
hsa-miR-542,miRNA,-1,0.06059507040513605,0.1467268010325368,-0.025621549953007316,0.53977921674716,0.5153374233128835,326,-0.0285533707865168
hsa-miR-519d,miRNA,-1,0.06046203704434044,0.14761741118967217,-0.040954422632765275,0.3269248061887413,0.5306748466257669,326,-0.0710480649188514
KLF2,TF,1,0.060149511222608955,0.1497258639422043,-0.05668699232873922,0.17464143404587587,0.5446153846153846,325,-1.51098546274529
ETV4,TF,1,0.0596932209979299,0.15284526703506118,0.033653134854653634,0.4205623940856574,0.5766871165644172,326,0.106916790609157
PROX1,TF,1,0.05923803450449256,0.15600601601963018,-0.007286450025694461,0.8615943082588822,0.5661538461538461,325,-2.90116234067393
SREBF1,TF,1,0.058973704621641004,0.15786404800539197,0.06234134917668441,0.13541295476949852,0.5292307692307693,325,0.899697740248525
RB1,TF,-1,0.05849128115313307,0.16129813540321652,-0.06970851247875098,0.09493008349826092,0.5184049079754601,326,-0.425961553839019
YBX1,TF,-1,0.0578621677990886,0.16586057556571146,0.07787394853690922,0.06202418695166678,0.6666666666666667,3,-0.223389867101665
hsa-miR-1,miRNA,1,0.0577791682665811,0.1664696613731792,0.06230459999959639,0.1356439151398921,0.5122699386503068,326,-1.39721535580524
BRCA1,TF,-1,0.05738756190591534,0.1693660768119258,-0.01211617698859608,0.7718819333262837,0.5846153846153845,325,0.781423659422028
MYCN,TF,1,0.05727308693566488,0.1702198405190552,0.10879835625994727,0.009028573782687186,0.5169230769230769,325,0.65165019430984
hsa-let-7c,miRNA,1,0.057010744516938154,0.17218853870280706,0.0501068598928196,0.23027167385467123,0.52,325,-1.92012546816479
MECP2,TF,-1,0.056829773883647836,0.17355646736632532,0.04428273548207974,0.2891118234642495,1.0,1,-0.485665531193527
PAX6,TF,1,0.05669487224027898,0.1745814249156114,-0.029296677293264912,0.48322100259251566,0.5446153846153846,325,-0.517390490812263
SRF,TF,1,0.056665962444973426,0.1748016614168458,-0.03910319224732489,0.34928390890134003,0.556923076923077,325,-0.52688600489373
hsa-miR-193a,miRNA,-1,0.056617451822068836,0.175171682792193,0.01671554471109642,0.6891709557771626,0.5828220858895705,326,-0.371411048689139
hsa-miR-144,miRNA,1,0.056553538997487315,0.17566007608479955,0.1290636674659244,0.0019281450445247286,0.47692307692307695,325,-1.61450655430712
hsa-miR-20b,miRNA,-1,0.056252943569677714,0.17797068402275693,-0.05089245510497091,0.22303695272420604,0.5446153846153846,325,1.0095284019975
hsa-miR-202,miRNA,-1,0.055933190075438,0.18045324246537892,-0.03659856407822151,0.3810373800752655,0.5784615384615385,325,-0.569150436953808
FOXD3,TF,-1,0.055927193316588374,0.18050004499858385,-0.06755549841271817,0.10560918521632255,0.5107692307692308,325,1.41113963121112
hsa-miR-520d,miRNA,-1,0.055333166136462386,0.18518089538434232,-0.0409750803137054,0.32668065215299247,0.5398773006134969,326,-0.0115090511860175
ZBTB16,TF,-1,0.05416332560569304,0.19465982621784372,0.03048147788096282,0.4656963982010572,0.5384615384615384,325,-4.44189592029299
FOXM1,TF,-1,0.05357526449576566,0.19955671008288742,0.13352283699673545,0.0013311477807931593,0.5723076923076923,325,3.43499048441523
ESR1,TF,1,0.05347739107896205,0.20038035495744044,0.046677387500363855,0.2637985835880658,0.5306748466257669,326,0.369854227638376
IRF1,TF,1,0.05345454027155611,0.20057300974592693,-0.007305212067104743,0.8612415250865628,0.5323076923076923,325,0.502418477826289
NF1,TF,1,0.053432268788710706,0.2007609099771729,-0.013744594664925785,0.7422447793780543,0.5412844036697247,327,-0.345950119144717
hsa-miR-503,miRNA,1,0.05323111366157459,0.20246382416294403,0.029539963538580436,0.47959363022867635,0.5292307692307693,325,0.732487203495632
EP300,TF,-1,0.05250250746134521,0.20871981683952265,0.007007202719102597,0.8668482206996097,0.5613496932515337,326,-0.312249116409986
hsa-miR-210,miRNA,-1,0.052492817961519764,0.2088039442499816,0.0024687735253511615,0.9528960532669117,0.5753846153846154,325,1.48003995006242
hsa-miR-141,miRNA,1,0.05211066661335528,0.2121414747450649,0.0261108471223991,0.5320628333108766,0.5784615384615385,325,1.99440418227216
hsa-miR-205,miRNA,-1,0.05204864750209469,0.21268672605345265,0.028375312473835946,0.49709212537923797,0.5753846153846154,325,-2.63919725343321
HDAC4,TF,-1,0.05185564655280283,0.21438998243832094,0.08159704857542639,0.05050843850862635,0.5476923076923077,325,-0.993520286587024
hsa-miR-16,miRNA,1,0.05168874728545118,0.21587077940375599,0.0275391131427462,0.509861912676094,0.5692307692307692,325,0.866745526425302
hsa-miR-212,miRNA,1,0.05104617879376957,0.22164046595680542,0.11303627686873587,0.006661328694374197,0.50920245398773,326,-0.0530605493133584
hsa-miR-30c,miRNA,-1,0.05087665988965729,0.22318079769063345,-0.026853775361217035,0.5204541144626471,0.5552147239263804,326,-0.435662089055347
hsa-miR-106a,miRNA,-1,0.05085945866032548,0.22333752233523435,-0.046896362772406885,0.2615623988771712,0.5292307692307692,325,0.94793570536829
hsa-miR-331,miRNA,-1,0.050859016793883924,0.22334154932367387,0.05154747384901712,0.2171299429697242,0.4769230769230769,325,0.677433520599251
hsa-miR-15a,miRNA,-1,0.050778723349076314,0.22407417093693324,-0.009199690285831806,0.8257734668885254,0.5938461538461539,325,0.995166666666667
hsa-miR-196a,miRNA,-1,0.05065664788059361,0.22519130486682698,0.04691815544432439,0.26134056832876673,0.5337423312883436,326,2.02293196004994
GATA4,TF,1,0.05029850921277613,0.22849157141621612,-0.04217997694607148,0.31264444596150165,0.47384615384615386,325,1.15313302627581
hsa-miR-363,miRNA,-1,0.05020798971603549,0.22933112477400297,-0.008643847518878601,0.8361465288246057,0.5460122699386503,326,0.262940699126092
MEF2C,TF,1,0.049441414563721385,0.23652883735312122,0.06309506003438384,0.13074259578674155,0.52,325,-1.35304602664364
hsa-miR-421,miRNA,-1,0.04931113703865688,0.23776773680712862,-0.01647693661769818,0.6933816756795176,0.50920245398773,326,0.537566167290887
hsa-miR-215,miRNA,-1,0.04928082767410617,0.2380566238569165,0.09015968824919901,0.03064495115594915,0.5521472392638036,326,-0.463593008739076
hsa-miR-493,miRNA,1,0.04918522671328769,0.23896944251539956,-0.025723941401056646,0.5381598571365762,0.5507692307692308,325,0.947589263420724
FOXF2,TF,-1,0.049159345964568266,0.239216980570851,0.0987403492653017,0.017867718985782727,0.5490797546012269,326,-0.0450266276447724
hsa-let-7i,miRNA,1,0.04906929989615785,0.24007963729880272,0.04762009308652884,0.2542647625813741,0.5538461538461539,325,-0.695716604244694
VHL,TF,-1,0.04847429517072037,0.2458348604098592,-0.03116584507609019,0.4557364938578455,0.5766871165644172,326,0.0624016856178733
KLF8,TF,-1,0.0483015569539625,0.24752360664192335,0.05514174191886614,0.186708208514507,0.5661538461538462,325,-1.48168082009947
hsa-miR-100,miRNA,-1,0.048040161391896236,0.2500944711319491,-0.013185689228578724,0.752376436006682,0.5938461538461539,325,-2.2132684144819
hsa-miR-371a,miRNA,1,0.048018162755484727,0.25031167651526637,0.016450929925439558,0.6938411902531537,0.5674846625766872,326,0.0105118601747815
hsa-miR-136,miRNA,-1,0.04748407247520396,0.25562541285936324,0.020753983317139717,0.6194474755106626,0.5797546012269938,326,-0.456366104868914
GATA6,TF,1,0.04735312219906137,0.25694010364170305,0.010102370193812736,0.8089929888106437,0.5353846153846153,325,-0.831988677253754
hsa-let-7f,miRNA,1,0.047268188410656865,0.2577953049536819,0.07147338381067177,0.08683542528060084,0.5368098159509203,326,0.119721285892633
CDX1,TF,-1,0.04695064499458553,0.26101009373655065,0.032965042577927796,0.4301305638716608,0.5507692307692308,325,0.639239472884581
ATF3,TF,1,0.04662467380827542,0.26433885648647987,-0.012233995982545534,0.7697258667332341,0.5661538461538461,325,-2.40249244350621
hsa-miR-590,miRNA,-1,0.04608079934250316,0.2699575633291803,-0.048018778279348376,0.2503055973025908,0.5661538461538462,325,0.970664794007491
MEN1,TF,1,0.04602341982887886,0.270555073976538,0.011404789021235165,0.7849370069129669,0.5138461538461538,325,0.697848198435926
hsa-miR-181c,miRNA,1,0.04573443917610432,0.2735780584369918,0.06260672813877442,0.13375409161202384,0.5323076923076923,325,0.517543071161048
FOXO3,TF,1,0.04535837927245551,0.2775463318804706,-0.019574200549093597,0.63950119904147,0.5784615384615385,325,-0.58080642581842
hsa-miR-369,miRNA,-1,0.04482540345483396,0.28323709888389403,-0.06805106412030555,0.10307057117627846,0.5569230769230769,325,-0.634492509363296
NFKB1,TF,1,0.04480071226132911,0.2835026324824724,0.027198496745404456,0.5151121901092,0.5429447852760736,326,-0.225742055686162
hsa-miR-27b,miRNA,-1,0.04440397932059343,0.2877922311336706,-0.0840688116535275,0.04389618149717039,0.5429447852760736,326,0.226561173533084
hsa-miR-181d,miRNA,-1,0.044080028095158985,0.29132711602690764,-0.040842321927895456,0.32825178985946374,0.5,326,0.458266541822721
JUN,TF,-1,0.04399935590768719,0.2922119019811547,0.1008757550199324,0.015527887876204172,0.5138461538461538,325,-1.58228238097523
MYC,TF,-1,0.043508284481680315,0.2976366200180503,0.011536242161294945,0.7825199672782291,0.5723076923076923,325,-1.28571134993363
PAX5,TF,1,0.04349749031575099,0.29775660900853523,-0.034816100795788396,0.40467742589691774,0.5920245398773006,326,0.330574453453598
hsa-miR-192,miRNA,-1,0.04290267496164561,0.3044184784015153,0.04415763353049459,0.29047766218379045,0.5169230769230769,325,0.744687578027466
SIRT1,TF,-1,0.04275389221839756,0.3061001435384147,-0.012661744900826426,0.7619131649968242,0.5169230769230769,325,-0.552728334053
APEX1,TF,-1,0.04271497640965236,0.30654101347339685,0.01124099457143695,0.787951603218398,0.5460122699386503,326,0.243597050968351
SUZ12,TF,1,0.0426022689051681,0.3078202222167474,0.04722800150539069,0.25820063382369346,0.5766871165644172,326,0.188124310320012
hsa-miR-218,miRNA,1,0.042335476260137186,0.3108622901644097,-0.012015128550377441,0.77373250311044,0.5446153846153846,325,-1.1487709113608
AR,TF,1,0.0422364981772297,0.31199588914933746,0.11528524020382637,0.005646022998641566,0.5538461538461539,325,-0.812877944633691
hsa-miR-502,miRNA,-1,0.041959290108933636,0.31518520684211687,-0.012996735931480048,0.7558114668329945,0.5398773006134969,326,0.186328027465668
ATF4,TF,-1,0.041880259139673325,0.31609836929471996,0.04698197799224118,0.2606916564146618,0.5552147239263804,326,-0.196057749204369
KLF5,TF,1,0.04184550950023418,0.3165004313355764,0.13716787271201675,0.0009751080179760342,0.5507692307692308,325,-1.42919229477522
GATA1,TF,1,0.04167040414182514,0.31853153468670514,0.04207260105069101,0.313878975971544,0.4815950920245399,326,-0.0767080074845274
hsa-miR-96,miRNA,-1,0.04164562805920959,0.3188196064564447,-0.009539527431169204,0.8194462604857239,0.5507692307692308,325,1.49718258426966
HMGA1,TF,1,0.04097670539047833,0.32666145031330956,0.009605562806179527,0.8182181364699803,0.47692307692307695,325,1.37841129715812
ETS2,TF,1,0.03997231140694359,0.338668721564499,-0.004283257771719765,0.9183710204196819,0.47384615384615386,325,-1.41618744902365
hsa-miR-206,miRNA,1,0.03976564415985233,0.3411739913238495,0.08223505516602407,0.048726670158870694,0.5076923076923077,325,-0.627507490636704
ILF3,TF,1,0.03957753530330621,0.3434645524039943,-0.011139085014507935,0.7898288265451486,0.5644171779141104,326,0.372071918629756
hsa-miR-126,miRNA,1,0.03936660720124285,0.34604460186520825,0.021491954567424334,0.6070444261360057,0.4676923076923077,325,-1.02817197253433
hsa-miR-346,miRNA,1,0.0392840859347235,0.34705733558326035,0.027913273893263996,0.5041269377261031,0.8,5,-0.160419475655431
SIX1,TF,-1,0.038944782559004784,0.35124114486578184,0.10107285707790187,0.015326124349700513,0.5292307692307692,325,0.68618696924627
hsa-miR-133b,miRNA,-1,0.03882986572231278,0.3526653329297379,-0.04742488546631874,0.2562190492417453,0.5429447852760736,326,-0.424957553058677
hsa-miR-221,miRNA,1,0.038811970131429945,0.3528874441713318,0.09987073435486889,0.01659334100548517,0.50920245398773,326,-0.240612671660425
hsa-miR-300,miRNA,1,0.038343695354083135,0.3583113968749229,0.07108080376729882,0.08830828704273049,0.5368098159509203,326,nan
AHR,TF,-1,0.03833440719377906,0.35884729751564204,0.039536258184129196,0.34396848276027364,0.5138461538461538,325,-0.95141670264997
hsa-miR-431,miRNA,-1,0.0382746605385036,0.3595973360152519,0.0017827147401168275,0.9659765452313342,0.4785276073619632,326,-0.405905742821473
hsa-miR-425,miRNA,-1,0.03769710953750739,0.36689826777168694,-0.025141306671249166,0.5474067619797325,0.5446153846153846,325,0.817952247191012
FOXA2,TF,1,0.03766731511459136,0.36727738780237773,0.05197707853946266,0.21331719010556113,0.5398773006134969,326,0.0783191799005263
hsa-miR-499a,miRNA,-1,0.03746741729497136,0.36982728572864626,0.025604783491614817,0.5400446163134659,nan,0,0.049321161048689
hsa-miR-150,miRNA,-1,0.03724807854722525,0.37263776364803813,0.026263895036111408,0.5296607084088114,0.5507692307692308,325,-0.743833957553059
hsa-miR-92b,miRNA,-1,0.03720205955221911,0.373229094741253,-0.048853143037543866,0.24215937565597478,0.5569230769230769,325,0.771365480649188
CREBBP,TF,1,0.03595643811245921,0.3894544367459579,0.05310474949981652,0.20353893691586689,0.5276073619631901,326,-0.195425082761599
hsa-miR-613,miRNA,1,0.03591438604944661,0.3895959031095077,0.07986007703567985,0.05542385069246657,0.5030674846625767,326,nan
PPARG,TF,1,0.03558239987202035,0.3944089544405187,-0.03314519997376521,0.42761330399612024,0.5415384615384615,325,-3.23897527547218
ELK1,TF,1,0.03556545113779799,0.39463435478011494,0.0340732015224403,0.41478300978302973,0.5705521472392638,326,0.477747125333845
hsa-miR-204,miRNA,-1,0.035437372993525486,0.39634017054517734,-0.02359784489983741,0.5722752991823972,0.5692307692307692,325,-1.58169787765293
NFKB2,TF,1,0.03502296539512776,0.4018898274761451,-0.009534868671411553,0.8195329206870567,0.5076923076923077,325,0.562166754625854
hsa-miR-31,miRNA,1,0.03452371943995217,0.40863701427312416,0.03221127315957855,0.4407552736214981,0.5061349693251533,326,-0.248364544319601
hsa-miR-194,miRNA,-1,0.034332075651873656,0.4112447957151309,-0.06048084324440516,0.14749126098634274,0.5521472392638036,326,0.409365480649188
MITF,TF,1,0.034120768807146096,0.4141315316946716,-0.05245406460439259,0.20914065859967193,0.5169230769230769,325,-1.27898031313471
hsa-miR-324,miRNA,-1,0.03404618752689173,0.4151532603944299,0.046537387962732456,0.2652351382044726,0.5276073619631902,326,0.479015293383272
hsa-let-7e,miRNA,-1,0.0339317446558282,0.4167239599425193,-0.05061994082728053,0.22552799206036495,0.5398773006134969,326,-0.100230961298377
hsa-miR-129,miRNA,1,0.03364983386611848,0.42060799589490183,-0.010338362508895301,0.8046200546873568,0.5907692307692308,325,-0.646871826883063
hsa-miR-32,miRNA,1,0.0333730361023753,0.4244421356724721,0.053752599000165664,0.19807065629200268,0.5169230769230769,325,0.897361111111111
hsa-miR-539,miRNA,-1,0.032961879378511826,0.43017483838333387,-0.017787716639695736,0.6703702180444158,0.5,326,-0.44984581772784
GLI1,TF,1,0.03291156972795235,0.43087936466811994,-0.02292591074845847,0.5832663645415193,0.5353846153846153,325,-1.23127412880423
hsa-miR-139,miRNA,1,0.032846741608599045,0.4317881883202034,0.020697886740221792,0.6203947822645475,0.5292307692307693,325,-3.17245755305868
STAT1,TF,1,0.03186283129081908,0.4457169826615346,0.036442930063897365,0.38306715093771515,0.5446153846153846,325,0.845980265156968
SMAD3,TF,1,0.03185162682033688,0.44587705595816374,0.05636077611465888,0.17713921838522195,0.5753846153846154,325,-0.632866589902285
hsa-let-7a,miRNA,-1,0.031516692057641016,0.4506771771122263,-0.04341781107897956,0.29864332830790963,0.558282208588957,326,-0.245946733250104
hsa-miR-15b,miRNA,-1,0.031249552231834593,0.45452652509948505,-0.01992138796143795,0.633571563586162,0.5569230769230769,325,1.25572097378277
hsa-miR-217,miRNA,1,0.03068508240847864,0.46272071011048915,-0.07176098360547392,0.0855706050860355,0.5429447852760736,326,-0.652629837702872
SP1,TF,1,0.03056440675232066,0.46448311137565423,0.015998680792586317,0.7018498454092761,0.549079754601227,326,-0.337547697868189
hsa-miR-29a,miRNA,-1,0.03021037704697204,0.46967495403350035,-0.030914431153510766,0.4593814738476991,0.5337423312883436,326,-0.290025905118602
hsa-miR-375,miRNA,-1,0.030141950872308955,0.47068209975009934,0.03692090923632981,0.37685436866106564,0.5261538461538462,325,1.4780493133583
hsa-miR-655,miRNA,1,0.029836305071450006,0.47519529974170294,0.0664212240256898,0.11160588320318829,0.5046153846153846,325,-0.784881398252186
hsa-miR-106b,miRNA,-1,0.029799977808436948,0.4757332825342979,-0.041812720206162314,0.31688011846812497,0.5107692307692308,325,0.607752496878901
hsa-miR-494,miRNA,-1,0.029432597424175748,0.48119261851891915,-0.041096674817045376,0.3252459164760724,0.5323076923076924,325,-0.78688077403246
hsa-miR-381,miRNA,1,0.029228328419358886,0.4842427438323309,0.06531555586914835,0.11770613623241019,0.5107692307692308,325,-1.09894662921348
ARNT,TF,-1,0.028578090849992938,0.4940212559217053,-0.07957253289767817,0.0565264422060972,0.5429447852760736,326,-0.345794111532249
hsa-miR-320a,miRNA,-1,0.028118234131892794,0.5009998458982072,-0.08071854572933472,0.05305066218808243,0.5429447852760736,326,-0.344450062421973
hsa-miR-483,miRNA,-1,0.028061927722483688,0.5018578939330838,0.02093607604460621,0.6163768100063787,0.46461538461538465,325,-1.46714950062422
hsa-miR-151a,miRNA,1,0.02777174727966075,0.5062921977816379,0.019794180892840903,0.6357414438164565,0.5306748466257669,326,0.43902215980025
SMAD4,TF,1,0.02761611604484713,0.5086788689914907,-0.01575207917761034,0.7062308140585364,0.5446153846153846,325,-0.639956740072607
hsa-miR-296,miRNA,1,0.027484692340374314,0.51069887872032,-0.014472496209488496,0.7291163532573889,0.5661538461538461,325,-0.580326466916354
NCOR1,TF,-1,0.027436307965024442,0.5114436084135051,0.025007546584701338,0.5495406581051917,0.5398773006134969,326,-0.485408210590286
RUNX1,TF,-1,0.027416487098932005,0.5117488533230912,0.10055126504795822,0.015865132455703913,0.5184049079754601,326,0.225439156231508
hsa-let-7d,miRNA,1,0.02739316286319583,0.5121081721697452,0.06698969171051958,0.10856783397363268,0.5245398773006135,326,0.217479400749063
SOX2,TF,1,0.027260129502400213,0.5141601089270491,0.045814309099485986,0.2727402573060759,0.5261538461538462,325,0.899151673623439
hsa-miR-10a,miRNA,1,0.027076975862377214,0.5169920739523264,0.05700420568601349,0.1722378241996546,0.5429447852760736,326,-0.478867665418228
FLI1,TF,-1,0.026504506325458855,0.5258954043199308,-0.044494299002101764,0.28681184853705943,0.5569230769230769,325,-1.3113584896608
hsa-miR-374a,miRNA,1,0.026205094797972697,0.5305829418672654,0.12444907385776127,0.0027960019879731068,0.48466257668711654,326,-0.019348314606742
hsa-miR-145,miRNA,1,0.02618759340120054,0.5308575938301937,0.08404464716885957,0.04395711171631487,0.4646153846153846,325,-2.00657490636704
hsa-miR-103,miRNA,1,0.026049455267317882,0.5326704639963975,0.02246467788531363,0.5905432432892727,0.6666666666666666,12,nan
hsa-miR-143,miRNA,-1,0.0257408664287922,0.5378924157758794,0.09313958832428218,0.025522217394485104,0.5046153846153847,325,-1.04341073657928
hsa-miR-760,miRNA,-1,0.025316136894219257,0.544623845371746,-0.0686135234872661,0.10024818241807792,0.4984615384615385,325,1.04378339575531
ERG,TF,-1,0.025270562725538234,0.5453486108808007,0.04554154436814835,0.2756086721235669,0.5353846153846153,325,-1.86026683618801
hsa-miR-449b,miRNA,-1,0.0248097903211318,0.5527029704265269,-0.03173809873638786,0.44750082223069015,0.5214723926380368,326,0.412720973782772
CTCF,TF,1,0.02476781340071893,0.5533753653336244,-0.07241669533398519,0.08274238881387035,0.5245398773006135,326,-0.0362113579299206
hsa-miR-28,miRNA,-1,0.024236815803036892,0.5619153377374834,-0.10891492276350528,0.008954551511013997,0.4953846153846154,325,-0.547155742821473
hsa-miR-448,miRNA,-1,0.024223923729323932,0.5617821900906558,-0.06700469770459458,0.10818053537169187,0.5398773006134969,326,nan
hsa-miR-372,miRNA,1,0.024185685925863804,0.5627409946924059,0.028593049012123492,0.4937951315962935,0.4723926380368098,326,0.0544747191011236
hsa-miR-200c,miRNA,1,0.023813729067743677,0.5687649508924959,-0.0027713396370345287,0.9471310963281309,0.5353846153846153,325,1.36155493133583
TCF7L2,TF,1,0.023624673354537096,0.5718385015349998,0.10552757693021529,0.011340455996819957,0.49230769230769234,325,-1.35929536694974
hsa-miR-543,miRNA,-1,0.023539474800465362,0.5732261762765168,-0.02676910804225353,0.521770491190976,0.5153374233128835,326,-0.483637328339576
hsa-miR-449a,miRNA,-1,0.023488988424401846,0.5740492260079585,-0.03177134606055613,0.4470249464888844,0.52,325,1.2000836454432
hsa-miR-504,miRNA,-1,0.023382088678125447,0.5757937897555687,-0.018658952070531504,0.6552424787327361,0.5429447852760736,326,-0.296931960049937
TP53,TF,1,0.02316873031063354,0.5792831638834824,0.0062179829894241515,0.8817280430968234,0.5429447852760736,326,0.0199771306113963
hsa-miR-124,miRNA,-1,0.022650010670141028,0.5878076099047768,-0.0528003489883139,0.20614579834086075,0.5368098159509203,326,0.129711610486892
hsa-miR-29b,miRNA,1,0.02263350380236022,0.5880798250850625,0.07288022661081181,0.0807890459121722,0.4815950920245399,326,0.261763004577612
hsa-miR-146a,miRNA,1,0.022489739399412643,0.5904531011429613,0.029555492412497532,0.4793626004824689,0.4938650306748466,326,0.239278401997503
USF1,TF,1,0.02193759571880564,0.5996085491819863,0.0036591113108383273,0.9302329412279261,0.4676923076923077,325,0.679060675846408
hsa-miR-155,miRNA,-1,0.021334795206863655,0.6096765175153507,-0.04254643522765407,0.3084552270311224,0.5169230769230769,325,0.815138264669164
FOXO1,TF,-1,0.02094414708632745,0.6162408607219482,0.055890075190775296,0.18078993864753942,0.5,2,-1.97575996737514
TP63,TF,1,0.02084520718962484,0.6179083171286287,0.013044154801090876,0.7549489713503278,0.5323076923076923,325,-3.3976047913768
EGR1,TF,1,0.02039393530524626,0.6255385269816073,0.10608912923469666,0.010909655108594082,0.5230769230769231,325,-3.10134737481808
E2F3,TF,1,0.020291485414583726,0.6272763997282992,0.07114385769741022,0.08830308988720088,0.5384615384615384,325,0.708533720353756
SOX9,TF,1,0.01968918989286066,0.6375347188373149,0.0458277217697335,0.2725997360282408,0.5306748466257669,326,-0.31108525644101
hsa-miR-370,miRNA,1,0.01924306259633728,0.6451782179958493,0.10861132717949905,0.00914848034659692,0.5107692307692308,325,-0.947048064918852
hsa-miR-30a,miRNA,-1,0.018832221491360643,0.6522504082918185,-0.01568246889946879,0.7074692329878318,0.4461538461538461,325,-0.796117041198501
hsa-miR-329,miRNA,1,0.018674764432140837,0.6549691959897025,0.0030088530009198707,0.9426075431407857,1.0,5,-0.712669787765294
STAT4,TF,1,0.01781166753972664,0.6699525228049407,-0.02103814370603496,0.6146585416785284,0.5353846153846153,325,-1.03944121927426
CEBPD,TF,-1,0.0175165957235304,0.675105532454549,-0.0353387217670464,0.39765708418495815,0.5784615384615385,325,-0.865011754545891
hsa-miR-544,miRNA,1,0.017225084108191787,0.6799476338625831,0.002180475618811479,0.9583551523901542,1.0,2,nan
hsa-miR-30b,miRNA,-1,0.017163796931840388,0.6812866410174119,0.003209130791750902,0.938794587196495,0.5306748466257669,326,-0.322888264669163
hsa-miR-219a,miRNA,-1,0.01715699124291709,0.6814060898262846,-0.10083079511933087,0.01557423629409015,0.5613496932515337,326,0.130580524344569
CEBPB,TF,1,0.017019622224339944,0.6838187967662912,-0.10582748258217024,0.011108541721532465,0.46932515337423314,326,-0.400681923587455
hsa-miR-767,miRNA,1,0.016687951421612838,0.6896574071406543,0.0043755837592661965,0.9166178357345434,0.5,326,0.564593320848938
hsa-miR-506,miRNA,-1,0.016578671077560454,0.6915852021390909,-0.04271543608696671,0.30653580342704106,0.5337423312883436,326,0.107700374531835
hsa-miR-1271,miRNA,-1,0.01656819253051795,0.6917701573527433,-0.050288031593361836,0.22858863773388066,0.5353846153846153,325,-0.760363920099876
hsa-miR-1251,miRNA,1,0.016199833472050715,0.6982835901160322,0.0027780463509031283,0.9470033398101945,0.5337423312883436,326,0.223048064918851
hsa-miR-27a,miRNA,1,0.016119256225901855,0.6997113596988105,0.1006337888373859,0.015778761334748478,0.4754601226993865,326,-0.425886704119851
MAFB,TF,1,0.015371365469105183,0.7130133937519396,-0.02184506923559142,0.6011490408070056,0.5337423312883436,326,-0.251534088183083
hsa-miR-335,miRNA,1,0.014996126417144559,0.71972066231618,0.03407360420103425,0.4147774921912575,0.5384615384615384,325,-1.89276716604245
STAT3,TF,1,0.01476970142773821,0.7237784056970652,0.06605747791242318,0.1135846821638477,0.5030674846625767,326,-0.153822466375602
IRF3,TF,-1,0.014765787753541613,0.7238486108285894,-0.045608420045540166,0.27490350996390833,0.5153374233128835,326,0.457375617713381
NFYA,TF,-1,0.014280460591274902,0.7325724017629314,0.053168408287637026,0.2029968077078873,0.5766871165644172,326,0.314851668825665
hsa-miR-93,miRNA,-1,0.014061642017040975,0.7365170602454956,-0.0478327102602465,0.25214798032973973,0.4769230769230769,325,0.938533395755306
hsa-miR-455,miRNA,1,0.01387896158631805,0.7398155716737216,0.07946205110622229,0.05687129543734222,0.46932515337423314,326,0.432615168539326
hsa-miR-497,miRNA,1,0.012911716164792463,0.757358639549354,0.04263176202717711,0.30748514101873153,0.48307692307692307,325,-1.46382709113608
hsa-miR-200b,miRNA,-1,0.01280330107716899,0.7593329623474954,0.016009476047307243,0.7016582880611741,0.49230769230769234,325,1.15841011235955
hsa-miR-107,miRNA,-1,0.01214422571770658,0.7713684865161425,-0.02333030525073172,0.576639772676997,0.5569230769230769,325,0.752813358302123
hsa-miR-199a,miRNA,1,0.012096630389573771,0.7722398030888423,0.11223880668738688,0.007058903148433954,0.4570552147239264,326,-0.277535268414482
BCL6,TF,-1,0.011433830727246855,0.7844028357525972,0.028720246694242075,0.49187450354862844,0.5076923076923077,325,-1.29716419581314
hsa-miR-18b,miRNA,-1,0.011202418959428717,0.7886620408047109,-0.01266352010892113,0.7618807911314842,0.5,326,-0.00115605493133591
ETS1,TF,1,0.011119537439749172,0.7901890417898763,-0.13485435661569836,0.0011891274807482007,0.48,325,-0.981712885221257
GATA3,TF,1,0.011061968554792776,0.7912501587109088,-0.04259865168606971,0.3078613352358895,0.48615384615384616,325,1.48167130451471
HDAC3,TF,-1,0.011013363246222135,0.7921463584441696,0.03054140340667122,0.4648194847775439,0.5184049079754601,326,0.0653708679172863
hsa-miR-101,miRNA,1,0.010316161125231586,0.8050311885835393,0.050582963564934046,0.2258675199787363,0.5046153846153846,325,-0.56723127340824
hsa-miR-320b,miRNA,1,0.0103143620975767,0.8050645060373112,0.10336082478379918,0.013147199314635637,0.44171779141104295,326,0.347543695380774
hsa-miR-21,miRNA,1,0.010120130234626231,0.808663686577822,0.07358656327827126,0.07788448490876228,0.47384615384615386,325,2.04256054931336
KDM2A,TF,-1,0.01004990503230826,0.80996598156029,-0.0002664014830674513,0.9949141728622568,0.5030674846625767,326,0.0829453533560425
hsa-miR-362,miRNA,1,0.010041513623694794,0.8101216316622382,-0.0032123812784459055,0.9387327146404842,1.0,5,0.255264669163546
REL,TF,1,0.00983812475925047,0.8138965167342691,0.07623300821570185,0.06774725791745925,0.49079754601226994,326,-0.179730684962178
PPARA,TF,-1,0.009617033729031423,0.8180048458345321,-0.007021966378083926,0.8665703000369495,0.48615384615384616,325,-1.66739952661965
VDR,TF,-1,0.009604724592445352,0.8182337227641476,0.020156081169686296,0.6295764489282553,0.5384615384615384,325,0.629973132466536
hsa-let-7g,miRNA,1,0.00889208870788919,0.8315102594361173,0.05428453006884842,0.19366155905454116,0.5429447852760736,326,0.42362734082397
hsa-let-7b,miRNA,1,0.008471842160085244,0.8393623252165748,0.04732553144943716,0.2572177002190348,0.48307692307692307,325,-0.649171972534333
SOX10,TF,-1,0.008398271397566957,0.8407386178709089,0.03619917446585082,0.3862594457051668,0.4707692307692307,325,-4.36088710838171
PBX1,TF,1,0.008368729073548322,0.8412914047904694,0.06952808008209332,0.09579054915651601,0.4723926380368098,326,0.425691039357738
hsa-miR-33a,miRNA,1,0.007981654466961469,0.8485413381536907,0.017784218335236517,0.6704312357498845,0.5753846153846154,325,0.846826466916355
hsa-miR-25,miRNA,-1,0.007723036351099243,0.8533924437051824,-0.01339678477014157,0.748544654715612,0.49079754601227,326,0.148605493133583
ZBTB7A,TF,-1,0.007691915964689775,0.8539765702316796,-0.12075492623624598,0.003732595181917676,0.5306748466257669,326,0.114315357674039
MYOD1,TF,1,0.007651075244903749,0.8547432675469924,0.0207382093370255,0.6197137882041857,0.5,326,0.0586493467031299
RARA,TF,-1,0.00740186257186883,0.8594246419888748,0.0484808373679657,0.24577106045957867,0.5076923076923077,325,0.870774760511123
NR1H2,TF,1,0.007296950853889084,0.8613968575042164,-0.06809944863407481,0.10282532949082536,0.48466257668711654,326,0.0696827072238483
hsa-miR-485,miRNA,1,0.007102074303452859,0.8650625843391686,0.03784870612651456,0.3649730431614084,0.5107692307692308,325,-0.640038389513109
hsa-miR-181b,miRNA,-1,0.0069517900392601735,0.8678914909962727,-0.038157471625875364,0.36107133460120255,0.49230769230769234,325,1.43887858926342
hsa-miR-26b,miRNA,1,0.006126302033124396,0.8834593870998101,0.03675858818033342,0.3789572355799204,0.5122699386503068,326,-0.301537453183521
HSF2,TF,-1,0.005770523231550203,0.8901832576902788,-0.13017248835276277,0.0017602843047316624,0.50920245398773,326,-0.248507092708983
hsa-miR-367,miRNA,1,0.005536716539431679,0.8945148303841738,0.02300275724637882,0.5816749315762759,0.4815950920245399,326,nan
hsa-miR-122,miRNA,1,0.005459985808805703,0.8960585735714394,0.06772547772340211,0.10473292247626827,0.49693251533742333,326,0.0314041822721598
hsa-miR-487,miRNA,-1,0.005392291129209453,0.8972509888123438,0.006725600652991145,0.8720417373430396,nan,0,nan
hsa-miR-10b,miRNA,1,0.005009313600312084,0.9045952536508594,0.023818897276034985,0.568681040041191,0.5292307692307693,325,-1.89337265917603
hsa-miR-424,miRNA,-1,0.004653768924306718,0.9113378370238229,-0.027884012348640828,0.5045742193447185,0.5,326,0.114767166042447
hsa-miR-373,miRNA,1,0.004348123594307964,0.917139236874202,0.026963076603276945,0.5187572662366305,0.4539877300613497,326,-0.00659113607989996
hsa-miR-361,miRNA,-1,0.004326914005113502,0.9175419792645918,-0.0983710323725187,0.01830222245398547,0.5061349693251533,326,-0.185139513108615
SREBF2,TF,1,0.003849572000683396,0.9266114687053165,0.12160543674539619,0.003494747180992164,0.5460122699386503,326,0.138837659326073
POU2F1,TF,-1,0.003721020428080657,0.9290556223296473,-0.0331076750330574,0.4281369167747644,0.4877300613496932,326,0.234282732811976
hsa-miR-340,miRNA,1,0.0036528151866383495,0.930352682506679,0.07996700054080327,0.05530930182353909,0.4707692307692308,325,0.858648876404495
hsa-miR-195,miRNA,-1,0.0032049835481261315,0.9388735299292661,-0.03312420539429858,0.42790621077724367,0.4707692307692307,325,-1.48431335830212
MEIS1,TF,1,0.0026350072756609537,0.9497283874519773,0.0658192653256356,0.11489543609456465,0.4707692307692308,325,-1.26063898351165
NR1H3,TF,1,0.0026314409069925757,0.9497963382223141,-0.005317524752090788,0.8987558363242812,0.47384615384615386,325,-0.83789977450463
hsa-miR-34c,miRNA,-1,0.001894817987037917,0.9638384515524666,-0.04554326271907749,0.27559053779461135,0.5030674846625767,326,-0.167951310861424
TP73,TF,-1,0.0015247864041274056,0.9708967950869045,-0.06186526922852787,0.1384285611959904,0.47239263803680986,326,0.273722992531465
hsa-miR-409,miRNA,1,0.001445658011453841,0.9724064811954305,0.09646346294988997,0.020696463919213877,0.4938650306748466,326,-0.390266853932585
hsa-miR-138,miRNA,1,0.0010669812087916017,0.9796325053823499,0.05384177761739329,0.1973264022842125,0.5,326,0.0563089887640449
HOXA9,TF,1,0.0010305271785739792,0.9803282294849582,0.06290712899720635,0.13189527886297248,0.4707692307692308,325,-2.65603160133698
hsa-miR-29c,miRNA,-1,0.0009612173198174359,0.9816510468407932,-0.059933087814099256,0.15119933783660494,0.5276073619631902,326,0.00700967540574261
MKL1,TF,-1,0.0009292451265823326,0.982261271181709,-0.008434665401392876,0.8400577321075297,0.5184049079754601,326,-0.23042332357786
hsa-miR-30d,miRNA,1,0.0008644170072290242,0.9834986182755084,0.006950155323891423,0.867922271741861,0.5276073619631901,326,-0.0712674781523097
EGR3,TF,-1,0.0006304171645389415,0.9879651829233093,0.007595231857533551,0.8557918292111555,0.5353846153846153,325,-2.65665083401302
hsa-miR-34a,miRNA,-1,0.00020751941808568841,0.996038270212461,-0.04642004341301654,0.2664433603319698,0.5245398773006136,326,0.0885374531835204
hsa-miR-133a,miRNA,-1,0.00018507891523262006,0.9964666763570958,-0.027082115401208057,0.5169124954409385,0.48615384615384616,325,-0.822093945068664
hsa-miR-133a,miRNA,1,-0.00018507891523262006,0.9964666763570958,0.027082115401208057,0.5169124954409385,0.5138461538461538,325,-0.822093945068664
hsa-miR-34a,miRNA,1,-0.00020751941808568841,0.996038270212461,0.04642004341301654,0.2664433603319698,0.4754601226993865,326,0.0885374531835204
EGR3,TF,1,-0.0006304171645389415,0.9879651829233093,-0.007595231857533551,0.8557918292111555,0.4646153846153846,325,-2.65665083401302
hsa-miR-30d,miRNA,-1,-0.0008644170072290242,0.9834986182755084,-0.006950155323891423,0.867922271741861,0.47239263803680986,326,-0.0712674781523097
MKL1,TF,1,-0.0009292451265823326,0.982261271181709,0.008434665401392876,0.8400577321075297,0.4815950920245399,326,-0.23042332357786
hsa-miR-29c,miRNA,1,-0.0009612173198174359,0.9816510468407932,0.059933087814099256,0.15119933783660494,0.4723926380368098,326,0.00700967540574261
HOXA9,TF,-1,-0.0010305271785739792,0.9803282294849582,-0.06290712899720635,0.13189527886297248,0.5292307692307692,325,-2.65603160133698
hsa-miR-138,miRNA,-1,-0.0010669812087916017,0.9796325053823499,-0.05384177761739329,0.1973264022842125,0.5,326,0.0563089887640449
hsa-miR-409,miRNA,-1,-0.001445658011453841,0.9724064811954305,-0.09646346294988997,0.020696463919213877,0.5061349693251533,326,-0.390266853932585
TP73,TF,1,-0.0015247864041274056,0.9708967950869045,0.06186526922852787,0.1384285611959904,0.5276073619631901,326,0.273722992531465
hsa-miR-34c,miRNA,1,-0.001894817987037917,0.9638384515524666,0.04554326271907749,0.27559053779461135,0.49693251533742333,326,-0.167951310861424
NR1H3,TF,-1,-0.0026314409069925757,0.9497963382223141,0.005317524752090788,0.8987558363242812,0.5261538461538462,325,-0.83789977450463
MEIS1,TF,-1,-0.0026350072756609537,0.9497283874519773,-0.0658192653256356,0.11489543609456465,0.5292307692307692,325,-1.26063898351165
hsa-miR-195,miRNA,1,-0.0032049835481261315,0.9388735299292661,0.03312420539429858,0.42790621077724367,0.5292307692307693,325,-1.48431335830212
hsa-miR-340,miRNA,-1,-0.0036528151866383495,0.930352682506679,-0.07996700054080327,0.05530930182353909,0.5292307692307692,325,0.858648876404495
POU2F1,TF,1,-0.003721020428080657,0.9290556223296473,0.0331076750330574,0.4281369167747644,0.5122699386503068,326,0.234282732811976
SREBF2,TF,-1,-0.003849572000683396,0.9266114687053165,-0.12160543674539619,0.003494747180992164,0.45398773006134974,326,0.138837659326073
hsa-miR-361,miRNA,1,-0.004326914005113502,0.9175419792645918,0.0983710323725187,0.01830222245398547,0.4938650306748466,326,-0.185139513108615
hsa-miR-373,miRNA,-1,-0.004348123594307964,0.917139236874202,-0.026963076603276945,0.5187572662366305,0.5460122699386503,326,-0.00659113607989996
hsa-miR-424,miRNA,1,-0.004653768924306718,0.9113378370238229,0.027884012348640828,0.5045742193447185,0.5,326,0.114767166042447
hsa-miR-10b,miRNA,-1,-0.005009313600312084,0.9045952536508594,-0.023818897276034985,0.568681040041191,0.4707692307692307,325,-1.89337265917603
hsa-miR-487,miRNA,1,-0.005392291129209453,0.8972509888123438,-0.006725600652991145,0.8720417373430396,nan,0,nan
hsa-miR-122,miRNA,-1,-0.005459985808805703,0.8960585735714394,-0.06772547772340211,0.10473292247626827,0.5030674846625767,326,0.0314041822721598
hsa-miR-367,miRNA,-1,-0.005536716539431679,0.8945148303841738,-0.02300275724637882,0.5816749315762759,0.5184049079754601,326,nan
HSF2,TF,1,-0.005770523231550203,0.8901832576902788,0.13017248835276277,0.0017602843047316624,0.49079754601226994,326,-0.248507092708983
hsa-miR-26b,miRNA,-1,-0.006126302033124396,0.8834593870998101,-0.03675858818033342,0.3789572355799204,0.4877300613496932,326,-0.301537453183521
hsa-miR-181b,miRNA,1,-0.0069517900392601735,0.8678914909962727,0.038157471625875364,0.36107133460120255,0.5076923076923077,325,1.43887858926342
hsa-miR-485,miRNA,-1,-0.007102074303452859,0.8650625843391686,-0.03784870612651456,0.3649730431614084,0.48923076923076925,325,-0.640038389513109
NR1H2,TF,-1,-0.007296950853889084,0.8613968575042164,0.06809944863407481,0.10282532949082536,0.5153374233128835,326,0.0696827072238483
RARA,TF,1,-0.00740186257186883,0.8594246419888748,-0.0484808373679657,0.24577106045957867,0.49230769230769234,325,0.870774760511123
MYOD1,TF,-1,-0.007651075244903749,0.8547432675469924,-0.0207382093370255,0.6197137882041857,0.5,326,0.0586493467031299
ZBTB7A,TF,1,-0.007691915964689775,0.8539765702316796,0.12075492623624598,0.003732595181917676,0.46932515337423314,326,0.114315357674039
hsa-miR-25,miRNA,1,-0.007723036351099243,0.8533924437051824,0.01339678477014157,0.748544654715612,0.50920245398773,326,0.148605493133583
hsa-miR-33a,miRNA,-1,-0.007981654466961469,0.8485413381536907,-0.017784218335236517,0.6704312357498845,0.4246153846153846,325,0.846826466916355
PBX1,TF,-1,-0.008368729073548322,0.8412914047904694,-0.06952808008209332,0.09579054915651601,0.5276073619631902,326,0.425691039357738
SOX10,TF,1,-0.008398271397566957,0.8407386178709089,-0.03619917446585082,0.3862594457051668,0.5292307692307693,325,-4.36088710838171
hsa-let-7b,miRNA,-1,-0.008471842160085244,0.8393623252165748,-0.04732553144943716,0.2572177002190348,0.5169230769230769,325,-0.649171972534333
hsa-let-7g,miRNA,-1,-0.00889208870788919,0.8315102594361173,-0.05428453006884842,0.19366155905454116,0.4570552147239264,326,0.42362734082397
VDR,TF,1,-0.009604724592445352,0.8182337227641476,-0.020156081169686296,0.6295764489282553,0.46153846153846156,325,0.629973132466536
PPARA,TF,1,-0.009617033729031423,0.8180048458345321,0.007021966378083926,0.8665703000369495,0.5138461538461538,325,-1.66739952661965
REL,TF,-1,-0.00983812475925047,0.8138965167342691,-0.07623300821570185,0.06774725791745925,0.50920245398773,326,-0.179730684962178
hsa-miR-362,miRNA,-1,-0.010041513623694794,0.8101216316622382,0.0032123812784459055,0.9387327146404842,0.0,5,0.255264669163546
KDM2A,TF,1,-0.01004990503230826,0.80996598156029,0.0002664014830674513,0.9949141728622568,0.49693251533742333,326,0.0829453533560425
hsa-miR-21,miRNA,-1,-0.010120130234626231,0.808663686577822,-0.07358656327827126,0.07788448490876228,0.5261538461538462,325,2.04256054931336
hsa-miR-320b,miRNA,-1,-0.0103143620975767,0.8050645060373112,-0.10336082478379918,0.013147199314635637,0.558282208588957,326,0.347543695380774
hsa-miR-101,miRNA,-1,-0.010316161125231586,0.8050311885835393,-0.050582963564934046,0.2258675199787363,0.4953846153846154,325,-0.56723127340824
HDAC3,TF,1,-0.011013363246222135,0.7921463584441696,-0.03054140340667122,0.4648194847775439,0.4815950920245399,326,0.0653708679172863
GATA3,TF,-1,-0.011061968554792776,0.7912501587109088,0.04259865168606971,0.3078613352358895,0.5138461538461538,325,1.48167130451471
ETS1,TF,-1,-0.011119537439749172,0.7901890417898763,0.13485435661569836,0.0011891274807482007,0.52,325,-0.981712885221257
hsa-miR-18b,miRNA,1,-0.011202418959428717,0.7886620408047109,0.01266352010892113,0.7618807911314842,0.5,326,-0.00115605493133591
BCL6,TF,1,-0.011433830727246855,0.7844028357525972,-0.028720246694242075,0.49187450354862844,0.49230769230769234,325,-1.29716419581314
hsa-miR-199a,miRNA,-1,-0.012096630389573771,0.7722398030888423,-0.11223880668738688,0.007058903148433954,0.5429447852760736,326,-0.277535268414482
hsa-miR-107,miRNA,1,-0.01214422571770658,0.7713684865161425,0.02333030525073172,0.576639772676997,0.4430769230769231,325,0.752813358302123
hsa-miR-200b,miRNA,1,-0.01280330107716899,0.7593329623474954,-0.016009476047307243,0.7016582880611741,0.5076923076923077,325,1.15841011235955
hsa-miR-497,miRNA,-1,-0.012911716164792463,0.757358639549354,-0.04263176202717711,0.30748514101873153,0.5169230769230769,325,-1.46382709113608
hsa-miR-455,miRNA,-1,-0.01387896158631805,0.7398155716737216,-0.07946205110622229,0.05687129543734222,0.5306748466257669,326,0.432615168539326
hsa-miR-93,miRNA,1,-0.014061642017040975,0.7365170602454956,0.0478327102602465,0.25214798032973973,0.5230769230769231,325,0.938533395755306
NFYA,TF,1,-0.014280460591274902,0.7325724017629314,-0.053168408287637026,0.2029968077078873,0.4233128834355828,326,0.314851668825665
IRF3,TF,1,-0.014765787753541613,0.7238486108285894,0.045608420045540166,0.27490350996390833,0.48466257668711654,326,0.457375617713381
STAT3,TF,-1,-0.01476970142773821,0.7237784056970652,-0.06605747791242318,0.1135846821638477,0.49693251533742333,326,-0.153822466375602
hsa-miR-335,miRNA,-1,-0.014996126417144559,0.71972066231618,-0.03407360420103425,0.4147774921912575,0.46153846153846156,325,-1.89276716604245
MAFB,TF,-1,-0.015371365469105183,0.7130133937519396,0.02184506923559142,0.6011490408070056,0.4662576687116564,326,-0.251534088183083
hsa-miR-27a,miRNA,-1,-0.016119256225901855,0.6997113596988105,-0.1006337888373859,0.015778761334748478,0.5245398773006136,326,-0.425886704119851
hsa-miR-1251,miRNA,-1,-0.016199833472050715,0.6982835901160322,-0.0027780463509031283,0.9470033398101945,0.4662576687116564,326,0.223048064918851
hsa-miR-1271,miRNA,1,-0.01656819253051795,0.6917701573527433,0.050288031593361836,0.22858863773388066,0.4646153846153846,325,-0.760363920099876
hsa-miR-506,miRNA,1,-0.016578671077560454,0.6915852021390909,0.04271543608696671,0.30653580342704106,0.4662576687116564,326,0.107700374531835
hsa-miR-767,miRNA,-1,-0.016687951421612838,0.6896574071406543,-0.0043755837592661965,0.9166178357345434,0.5,326,0.564593320848938
CEBPB,TF,-1,-0.017019622224339944,0.6838187967662912,0.10582748258217024,0.011108541721532465,0.5306748466257669,326,-0.400681923587455
hsa-miR-219a,miRNA,1,-0.01715699124291709,0.6814060898262846,0.10083079511933087,0.01557423629409015,0.4386503067484663,326,0.130580524344569
hsa-miR-30b,miRNA,1,-0.017163796931840388,0.6812866410174119,-0.003209130791750902,0.938794587196495,0.46932515337423314,326,-0.322888264669163
hsa-miR-544,miRNA,-1,-0.017225084108191787,0.6799476338625831,-0.002180475618811479,0.9583551523901542,0.0,2,nan
CEBPD,TF,1,-0.0175165957235304,0.675105532454549,0.0353387217670464,0.39765708418495815,0.42153846153846153,325,-0.865011754545891
STAT4,TF,-1,-0.01781166753972664,0.6699525228049407,0.02103814370603496,0.6146585416785284,0.46461538461538465,325,-1.03944121927426
hsa-miR-329,miRNA,-1,-0.018674764432140837,0.6549691959897025,-0.0030088530009198707,0.9426075431407857,0.0,5,-0.712669787765294
hsa-miR-30a,miRNA,1,-0.018832221491360643,0.6522504082918185,0.01568246889946879,0.7074692329878318,0.5538461538461539,325,-0.796117041198501
hsa-miR-370,miRNA,-1,-0.01924306259633728,0.6451782179958493,-0.10861132717949905,0.00914848034659692,0.48923076923076925,325,-0.947048064918852
SOX9,TF,-1,-0.01968918989286066,0.6375347188373149,-0.0458277217697335,0.2725997360282408,0.4693251533742331,326,-0.31108525644101
E2F3,TF,-1,-0.020291485414583726,0.6272763997282992,-0.07114385769741022,0.08830308988720088,0.46153846153846156,325,0.708533720353756
EGR1,TF,-1,-0.02039393530524626,0.6255385269816073,-0.10608912923469666,0.010909655108594082,0.4769230769230769,325,-3.10134737481808
TP63,TF,-1,-0.02084520718962484,0.6179083171286287,-0.013044154801090876,0.7549489713503278,0.46769230769230774,325,-3.3976047913768
FOXO1,TF,1,-0.02094414708632745,0.6162408607219482,-0.055890075190775296,0.18078993864753942,0.5,2,-1.97575996737514
hsa-miR-155,miRNA,1,-0.021334795206863655,0.6096765175153507,0.04254643522765407,0.3084552270311224,0.48307692307692307,325,0.815138264669164
USF1,TF,-1,-0.02193759571880564,0.5996085491819863,-0.0036591113108383273,0.9302329412279261,0.5323076923076924,325,0.679060675846408
hsa-miR-146a,miRNA,-1,-0.022489739399412643,0.5904531011429613,-0.029555492412497532,0.4793626004824689,0.5061349693251533,326,0.239278401997503
hsa-miR-29b,miRNA,-1,-0.02263350380236022,0.5880798250850625,-0.07288022661081181,0.0807890459121722,0.5184049079754601,326,0.261763004577612
hsa-miR-124,miRNA,1,-0.022650010670141028,0.5878076099047768,0.0528003489883139,0.20614579834086075,0.46319018404907975,326,0.129711610486892
TP53,TF,-1,-0.02316873031063354,0.5792831638834824,-0.0062179829894241515,0.8817280430968234,0.4570552147239264,326,0.0199771306113963
hsa-miR-504,miRNA,1,-0.023382088678125447,0.5757937897555687,0.018658952070531504,0.6552424787327361,0.4570552147239264,326,-0.296931960049937
hsa-miR-449a,miRNA,1,-0.023488988424401846,0.5740492260079585,0.03177134606055613,0.4470249464888844,0.48,325,1.2000836454432
hsa-miR-543,miRNA,1,-0.023539474800465362,0.5732261762765168,0.02676910804225353,0.521770491190976,0.48466257668711654,326,-0.483637328339576
TCF7L2,TF,-1,-0.023624673354537096,0.5718385015349998,-0.10552757693021529,0.011340455996819957,0.5076923076923077,325,-1.35929536694974
hsa-miR-200c,miRNA,-1,-0.023813729067743677,0.5687649508924959,0.0027713396370345287,0.9471310963281309,0.46461538461538465,325,1.36155493133583
hsa-miR-372,miRNA,-1,-0.024185685925863804,0.5627409946924059,-0.028593049012123492,0.4937951315962935,0.5276073619631902,326,0.0544747191011236
hsa-miR-448,miRNA,1,-0.024223923729323932,0.5617821900906558,0.06700469770459458,0.10818053537169187,0.4601226993865031,326,nan
hsa-miR-28,miRNA,1,-0.024236815803036892,0.5619153377374834,0.10891492276350528,0.008954551511013997,0.5046153846153846,325,-0.547155742821473
CTCF,TF,-1,-0.02476781340071893,0.5533753653336244,0.07241669533398519,0.08274238881387035,0.47546012269938653,326,-0.0362113579299206
hsa-miR-449b,miRNA,1,-0.0248097903211318,0.5527029704265269,0.03173809873638786,0.44750082223069015,0.4785276073619632,326,0.412720973782772
ERG,TF,1,-0.025270562725538234,0.5453486108808007,-0.04554154436814835,0.2756086721235669,0.4646153846153846,325,-1.86026683618801
hsa-miR-760,miRNA,1,-0.025316136894219257,0.544623845371746,0.0686135234872661,0.10024818241807792,0.5015384615384615,325,1.04378339575531
hsa-miR-143,miRNA,1,-0.0257408664287922,0.5378924157758794,-0.09313958832428218,0.025522217394485104,0.49538461538461537,325,-1.04341073657928
hsa-miR-103,miRNA,-1,-0.026049455267317882,0.5326704639963975,-0.02246467788531363,0.5905432432892727,0.33333333333333337,12,nan
hsa-miR-145,miRNA,-1,-0.02618759340120054,0.5308575938301937,-0.08404464716885957,0.04395711171631487,0.5353846153846153,325,-2.00657490636704
hsa-miR-374a,miRNA,-1,-0.026205094797972697,0.5305829418672654,-0.12444907385776127,0.0027960019879731068,0.5153374233128835,326,-0.019348314606742
FLI1,TF,1,-0.026504506325458855,0.5258954043199308,0.044494299002101764,0.28681184853705943,0.4430769230769231,325,-1.3113584896608
hsa-miR-10a,miRNA,-1,-0.027076975862377214,0.5169920739523264,-0.05700420568601349,0.1722378241996546,0.4570552147239264,326,-0.478867665418228
SOX2,TF,-1,-0.027260129502400213,0.5141601089270491,-0.045814309099485986,0.2727402573060759,0.4738461538461538,325,0.899151673623439
hsa-let-7d,miRNA,-1,-0.02739316286319583,0.5121081721697452,-0.06698969171051958,0.10856783397363268,0.47546012269938653,326,0.217479400749063
RUNX1,TF,1,-0.027416487098932005,0.5117488533230912,-0.10055126504795822,0.015865132455703913,0.4815950920245399,326,0.225439156231508
NCOR1,TF,1,-0.027436307965024442,0.5114436084135051,-0.025007546584701338,0.5495406581051917,0.4601226993865031,326,-0.485408210590286
hsa-miR-296,miRNA,-1,-0.027484692340374314,0.51069887872032,0.014472496209488496,0.7291163532573889,0.4338461538461539,325,-0.580326466916354
SMAD4,TF,-1,-0.02761611604484713,0.5086788689914907,0.01575207917761034,0.7062308140585364,0.4553846153846154,325,-0.639956740072607
hsa-miR-151a,miRNA,-1,-0.02777174727966075,0.5062921977816379,-0.019794180892840903,0.6357414438164565,0.4693251533742331,326,0.43902215980025
hsa-miR-483,miRNA,1,-0.028061927722483688,0.5018578939330838,-0.02093607604460621,0.6163768100063787,0.5353846153846153,325,-1.46714950062422
hsa-miR-320a,miRNA,1,-0.028118234131892794,0.5009998458982072,0.08071854572933472,0.05305066218808243,0.4570552147239264,326,-0.344450062421973
ARNT,TF,1,-0.028578090849992938,0.4940212559217053,0.07957253289767817,0.0565264422060972,0.4570552147239264,326,-0.345794111532249
hsa-miR-381,miRNA,-1,-0.029228328419358886,0.4842427438323309,-0.06531555586914835,0.11770613623241019,0.48923076923076925,325,-1.09894662921348
hsa-miR-494,miRNA,1,-0.029432597424175748,0.48119261851891915,0.041096674817045376,0.3252459164760724,0.4676923076923077,325,-0.78688077403246
hsa-miR-106b,miRNA,1,-0.029799977808436948,0.4757332825342979,0.041812720206162314,0.31688011846812497,0.48923076923076925,325,0.607752496878901
hsa-miR-655,miRNA,-1,-0.029836305071450006,0.47519529974170294,-0.0664212240256898,0.11160588320318829,0.4953846153846154,325,-0.784881398252186
hsa-miR-375,miRNA,1,-0.030141950872308955,0.47068209975009934,-0.03692090923632981,0.37685436866106564,0.47384615384615386,325,1.4780493133583
hsa-miR-29a,miRNA,1,-0.03021037704697204,0.46967495403350035,0.030914431153510766,0.4593814738476991,0.4662576687116564,326,-0.290025905118602
SP1,TF,-1,-0.03056440675232066,0.46448311137565423,-0.015998680792586317,0.7018498454092761,0.45092024539877296,326,-0.337547697868189
hsa-miR-217,miRNA,-1,-0.03068508240847864,0.46272071011048915,0.07176098360547392,0.0855706050860355,0.4570552147239264,326,-0.652629837702872
hsa-miR-15b,miRNA,1,-0.031249552231834593,0.45452652509948505,0.01992138796143795,0.633571563586162,0.4430769230769231,325,1.25572097378277
hsa-let-7a,miRNA,1,-0.031516692057641016,0.4506771771122263,0.04341781107897956,0.29864332830790963,0.44171779141104295,326,-0.245946733250104
SMAD3,TF,-1,-0.03185162682033688,0.44587705595816374,-0.05636077611465888,0.17713921838522195,0.4246153846153846,325,-0.632866589902285
STAT1,TF,-1,-0.03186283129081908,0.4457169826615346,-0.036442930063897365,0.38306715093771515,0.4553846153846154,325,0.845980265156968
hsa-miR-139,miRNA,-1,-0.032846741608599045,0.4317881883202034,-0.020697886740221792,0.6203947822645475,0.4707692307692307,325,-3.17245755305868
GLI1,TF,-1,-0.03291156972795235,0.43087936466811994,0.02292591074845847,0.5832663645415193,0.46461538461538465,325,-1.23127412880423
hsa-miR-539,miRNA,1,-0.032961879378511826,0.43017483838333387,0.017787716639695736,0.6703702180444158,0.5,326,-0.44984581772784
hsa-miR-32,miRNA,-1,-0.0333730361023753,0.4244421356724721,-0.053752599000165664,0.19807065629200268,0.48307692307692307,325,0.897361111111111
hsa-miR-129,miRNA,-1,-0.03364983386611848,0.42060799589490183,0.010338362508895301,0.8046200546873568,0.4092307692307692,325,-0.646871826883063
hsa-let-7e,miRNA,1,-0.0339317446558282,0.4167239599425193,0.05061994082728053,0.22552799206036495,0.4601226993865031,326,-0.100230961298377
hsa-miR-324,miRNA,1,-0.03404618752689173,0.4151532603944299,-0.046537387962732456,0.2652351382044726,0.4723926380368098,326,0.479015293383272
MITF,TF,-1,-0.034120768807146096,0.4141315316946716,0.05245406460439259,0.20914065859967193,0.48307692307692307,325,-1.27898031313471
hsa-miR-194,miRNA,1,-0.034332075651873656,0.4112447957151309,0.06048084324440516,0.14749126098634274,0.44785276073619634,326,0.409365480649188
hsa-miR-31,miRNA,-1,-0.03452371943995217,0.40863701427312416,-0.03221127315957855,0.4407552736214981,0.49386503067484666,326,-0.248364544319601
NFKB2,TF,-1,-0.03502296539512776,0.4018898274761451,0.009534868671411553,0.8195329206870567,0.49230769230769234,325,0.562166754625854
hsa-miR-204,miRNA,1,-0.035437372993525486,0.39634017054517734,0.02359784489983741,0.5722752991823972,0.4307692307692308,325,-1.58169787765293
ELK1,TF,-1,-0.03556545113779799,0.39463435478011494,-0.0340732015224403,0.41478300978302973,0.42944785276073616,326,0.477747125333845
PPARG,TF,-1,-0.03558239987202035,0.3944089544405187,0.03314519997376521,0.42761330399612024,0.4584615384615385,325,-3.23897527547218
hsa-miR-613,miRNA,-1,-0.03591438604944661,0.3895959031095077,-0.07986007703567985,0.05542385069246657,0.49693251533742333,326,nan
CREBBP,TF,-1,-0.03595643811245921,0.3894544367459579,-0.05310474949981652,0.20353893691586689,0.47239263803680986,326,-0.195425082761599
hsa-miR-92b,miRNA,1,-0.03720205955221911,0.373229094741253,0.048853143037543866,0.24215937565597478,0.4430769230769231,325,0.771365480649188
hsa-miR-150,miRNA,1,-0.03724807854722525,0.37263776364803813,-0.026263895036111408,0.5296607084088114,0.4492307692307692,325,-0.743833957553059
hsa-miR-499a,miRNA,1,-0.03746741729497136,0.36982728572864626,-0.025604783491614817,0.5400446163134659,nan,0,0.049321161048689
FOXA2,TF,-1,-0.03766731511459136,0.36727738780237773,-0.05197707853946266,0.21331719010556113,0.4601226993865031,326,0.0783191799005263
hsa-miR-425,miRNA,1,-0.03769710953750739,0.36689826777168694,0.025141306671249166,0.5474067619797325,0.4553846153846154,325,0.817952247191012
hsa-miR-431,miRNA,1,-0.0382746605385036,0.3595973360152519,-0.0017827147401168275,0.9659765452313342,0.5214723926380368,326,-0.405905742821473
AHR,TF,1,-0.03833440719377906,0.35884729751564204,-0.039536258184129196,0.34396848276027364,0.48615384615384616,325,-0.95141670264997
hsa-miR-300,miRNA,-1,-0.038343695354083135,0.3583113968749229,-0.07108080376729882,0.08830828704273049,0.46319018404907975,326,nan
hsa-miR-221,miRNA,-1,-0.038811970131429945,0.3528874441713318,-0.09987073435486889,0.01659334100548517,0.49079754601227,326,-0.240612671660425
hsa-miR-133b,miRNA,1,-0.03882986572231278,0.3526653329297379,0.04742488546631874,0.2562190492417453,0.4570552147239264,326,-0.424957553058677
SIX1,TF,1,-0.038944782559004784,0.35124114486578184,-0.10107285707790187,0.015326124349700513,0.4707692307692308,325,0.68618696924627
hsa-miR-346,miRNA,-1,-0.0392840859347235,0.34705733558326035,-0.027913273893263996,0.5041269377261031,0.19999999999999996,5,-0.160419475655431
hsa-miR-126,miRNA,-1,-0.03936660720124285,0.34604460186520825,-0.021491954567424334,0.6070444261360057,0.5323076923076924,325,-1.02817197253433
ILF3,TF,-1,-0.03957753530330621,0.3434645524039943,0.011139085014507935,0.7898288265451486,0.4355828220858896,326,0.372071918629756
hsa-miR-206,miRNA,-1,-0.03976564415985233,0.3411739913238495,-0.08223505516602407,0.048726670158870694,0.49230769230769234,325,-0.627507490636704
ETS2,TF,-1,-0.03997231140694359,0.338668721564499,0.004283257771719765,0.9183710204196819,0.5261538461538462,325,-1.41618744902365
HMGA1,TF,-1,-0.04097670539047833,0.32666145031330956,-0.009605562806179527,0.8182181364699803,0.523076923076923,325,1.37841129715812
hsa-miR-96,miRNA,1,-0.04164562805920959,0.3188196064564447,0.009539527431169204,0.8194462604857239,0.4492307692307692,325,1.49718258426966
GATA1,TF,-1,-0.04167040414182514,0.31853153468670514,-0.04207260105069101,0.313878975971544,0.5184049079754601,326,-0.0767080074845274
KLF5,TF,-1,-0.04184550950023418,0.3165004313355764,-0.13716787271201675,0.0009751080179760342,0.4492307692307692,325,-1.42919229477522
ATF4,TF,1,-0.041880259139673325,0.31609836929471996,-0.04698197799224118,0.2606916564146618,0.4447852760736196,326,-0.196057749204369
hsa-miR-502,miRNA,1,-0.041959290108933636,0.31518520684211687,0.012996735931480048,0.7558114668329945,0.4601226993865031,326,0.186328027465668
AR,TF,-1,-0.0422364981772297,0.31199588914933746,-0.11528524020382637,0.005646022998641566,0.4461538461538461,325,-0.812877944633691
hsa-miR-218,miRNA,-1,-0.042335476260137186,0.3108622901644097,0.012015128550377441,0.77373250311044,0.4553846153846154,325,-1.1487709113608
SUZ12,TF,-1,-0.0426022689051681,0.3078202222167474,-0.04722800150539069,0.25820063382369346,0.4233128834355828,326,0.188124310320012
APEX1,TF,1,-0.04271497640965236,0.30654101347339685,-0.01124099457143695,0.787951603218398,0.4539877300613497,326,0.243597050968351
SIRT1,TF,1,-0.04275389221839756,0.3061001435384147,0.012661744900826426,0.7619131649968242,0.48307692307692307,325,-0.552728334053
hsa-miR-192,miRNA,1,-0.04290267496164561,0.3044184784015153,-0.04415763353049459,0.29047766218379045,0.48307692307692307,325,0.744687578027466
PAX5,TF,-1,-0.04349749031575099,0.29775660900853523,0.034816100795788396,0.40467742589691774,0.40797546012269936,326,0.330574453453598
MYC,TF,1,-0.043508284481680315,0.2976366200180503,-0.011536242161294945,0.7825199672782291,0.4276923076923077,325,-1.28571134993363
JUN,TF,1,-0.04399935590768719,0.2922119019811547,-0.1008757550199324,0.015527887876204172,0.48615384615384616,325,-1.58228238097523
hsa-miR-181d,miRNA,1,-0.044080028095158985,0.29132711602690764,0.040842321927895456,0.32825178985946374,0.5,326,0.458266541822721
hsa-miR-27b,miRNA,1,-0.04440397932059343,0.2877922311336706,0.0840688116535275,0.04389618149717039,0.4570552147239264,326,0.226561173533084
NFKB1,TF,-1,-0.04480071226132911,0.2835026324824724,-0.027198496745404456,0.5151121901092,0.4570552147239264,326,-0.225742055686162
hsa-miR-369,miRNA,1,-0.04482540345483396,0.28323709888389403,0.06805106412030555,0.10307057117627846,0.4430769230769231,325,-0.634492509363296
FOXO3,TF,-1,-0.04535837927245551,0.2775463318804706,0.019574200549093597,0.63950119904147,0.42153846153846153,325,-0.58080642581842
hsa-miR-181c,miRNA,-1,-0.04573443917610432,0.2735780584369918,-0.06260672813877442,0.13375409161202384,0.46769230769230774,325,0.517543071161048
MEN1,TF,-1,-0.04602341982887886,0.270555073976538,-0.011404789021235165,0.7849370069129669,0.48615384615384616,325,0.697848198435926
hsa-miR-590,miRNA,1,-0.04608079934250316,0.2699575633291803,0.048018778279348376,0.2503055973025908,0.4338461538461538,325,0.970664794007491
ATF3,TF,-1,-0.04662467380827542,0.26433885648647987,0.012233995982545534,0.7697258667332341,0.4338461538461539,325,-2.40249244350621
CDX1,TF,1,-0.04695064499458553,0.26101009373655065,-0.032965042577927796,0.4301305638716608,0.4492307692307692,325,0.639239472884581
hsa-let-7f,miRNA,-1,-0.047268188410656865,0.2577953049536819,-0.07147338381067177,0.08683542528060084,0.46319018404907975,326,0.119721285892633
GATA6,TF,-1,-0.04735312219906137,0.25694010364170305,-0.010102370193812736,0.8089929888106437,0.46461538461538465,325,-0.831988677253754
hsa-miR-136,miRNA,1,-0.04748407247520396,0.25562541285936324,-0.020753983317139717,0.6194474755106626,0.42024539877300615,326,-0.456366104868914
hsa-miR-371a,miRNA,-1,-0.048018162755484727,0.25031167651526637,-0.016450929925439558,0.6938411902531537,0.43251533742331283,326,0.0105118601747815
hsa-miR-100,miRNA,1,-0.048040161391896236,0.2500944711319491,0.013185689228578724,0.752376436006682,0.40615384615384614,325,-2.2132684144819
KLF8,TF,1,-0.0483015569539625,0.24752360664192335,-0.05514174191886614,0.186708208514507,0.4338461538461538,325,-1.48168082009947
VHL,TF,1,-0.04847429517072037,0.2458348604098592,0.03116584507609019,0.4557364938578455,0.4233128834355828,326,0.0624016856178733
hsa-let-7i,miRNA,-1,-0.04906929989615785,0.24007963729880272,-0.04762009308652884,0.2542647625813741,0.4461538461538461,325,-0.695716604244694
FOXF2,TF,1,-0.049159345964568266,0.239216980570851,-0.0987403492653017,0.017867718985782727,0.450920245398773,326,-0.0450266276447724
hsa-miR-493,miRNA,-1,-0.04918522671328769,0.23896944251539956,0.025723941401056646,0.5381598571365762,0.4492307692307692,325,0.947589263420724
hsa-miR-215,miRNA,1,-0.04928082767410617,0.2380566238569165,-0.09015968824919901,0.03064495115594915,0.44785276073619634,326,-0.463593008739076
hsa-miR-421,miRNA,1,-0.04931113703865688,0.23776773680712862,0.01647693661769818,0.6933816756795176,0.49079754601226994,326,0.537566167290887
MEF2C,TF,-1,-0.049441414563721385,0.23652883735312122,-0.06309506003438384,0.13074259578674155,0.48,325,-1.35304602664364
hsa-miR-363,miRNA,1,-0.05020798971603549,0.22933112477400297,0.008643847518878601,0.8361465288246057,0.4539877300613497,326,0.262940699126092
GATA4,TF,-1,-0.05029850921277613,0.22849157141621612,0.04217997694607148,0.31264444596150165,0.5261538461538462,325,1.15313302627581
hsa-miR-196a,miRNA,1,-0.05065664788059361,0.22519130486682698,-0.04691815544432439,0.26134056832876673,0.4662576687116564,326,2.02293196004994
hsa-miR-15a,miRNA,1,-0.050778723349076314,0.22407417093693324,0.009199690285831806,0.8257734668885254,0.40615384615384614,325,0.995166666666667
hsa-miR-331,miRNA,1,-0.050859016793883924,0.22334154932367387,-0.05154747384901712,0.2171299429697242,0.5230769230769231,325,0.677433520599251
hsa-miR-106a,miRNA,1,-0.05085945866032548,0.22333752233523435,0.046896362772406885,0.2615623988771712,0.4707692307692308,325,0.94793570536829
hsa-miR-30c,miRNA,1,-0.05087665988965729,0.22318079769063345,0.026853775361217035,0.5204541144626471,0.4447852760736196,326,-0.435662089055347
hsa-miR-212,miRNA,-1,-0.05104617879376957,0.22164046595680542,-0.11303627686873587,0.006661328694374197,0.49079754601227,326,-0.0530605493133584
hsa-miR-16,miRNA,-1,-0.05168874728545118,0.21587077940375599,-0.0275391131427462,0.509861912676094,0.4307692307692308,325,0.866745526425302
HDAC4,TF,1,-0.05185564655280283,0.21438998243832094,-0.08159704857542639,0.05050843850862635,0.4523076923076923,325,-0.993520286587024
hsa-miR-205,miRNA,1,-0.05204864750209469,0.21268672605345265,-0.028375312473835946,0.49709212537923797,0.4246153846153846,325,-2.63919725343321
hsa-miR-141,miRNA,-1,-0.05211066661335528,0.2121414747450649,-0.0261108471223991,0.5320628333108766,0.42153846153846153,325,1.99440418227216
hsa-miR-210,miRNA,1,-0.052492817961519764,0.2088039442499816,-0.0024687735253511615,0.9528960532669117,0.4246153846153846,325,1.48003995006242
EP300,TF,1,-0.05250250746134521,0.20871981683952265,-0.007007202719102597,0.8668482206996097,0.4386503067484663,326,-0.312249116409986
hsa-miR-503,miRNA,-1,-0.05323111366157459,0.20246382416294403,-0.029539963538580436,0.47959363022867635,0.4707692307692307,325,0.732487203495632
NF1,TF,-1,-0.053432268788710706,0.2007609099771729,0.013744594664925785,0.7422447793780543,0.45871559633027525,327,-0.345950119144717
IRF1,TF,-1,-0.05345454027155611,0.20057300974592693,0.007305212067104743,0.8612415250865628,0.46769230769230774,325,0.502418477826289
ESR1,TF,-1,-0.05347739107896205,0.20038035495744044,-0.046677387500363855,0.2637985835880658,0.4693251533742331,326,0.369854227638376
FOXM1,TF,1,-0.05357526449576566,0.19955671008288742,-0.13352283699673545,0.0013311477807931593,0.4276923076923077,325,3.43499048441523
ZBTB16,TF,1,-0.05416332560569304,0.19465982621784372,-0.03048147788096282,0.4656963982010572,0.46153846153846156,325,-4.44189592029299
hsa-miR-520d,miRNA,1,-0.055333166136462386,0.18518089538434232,0.0409750803137054,0.32668065215299247,0.4601226993865031,326,-0.0115090511860175
FOXD3,TF,1,-0.055927193316588374,0.18050004499858385,0.06755549841271817,0.10560918521632255,0.48923076923076925,325,1.41113963121112
hsa-miR-202,miRNA,1,-0.055933190075438,0.18045324246537892,0.03659856407822151,0.3810373800752655,0.42153846153846153,325,-0.569150436953808
hsa-miR-20b,miRNA,1,-0.056252943569677714,0.17797068402275693,0.05089245510497091,0.22303695272420604,0.4553846153846154,325,1.0095284019975
hsa-miR-144,miRNA,-1,-0.056553538997487315,0.17566007608479955,-0.1290636674659244,0.0019281450445247286,0.523076923076923,325,-1.61450655430712
hsa-miR-193a,miRNA,1,-0.056617451822068836,0.175171682792193,-0.01671554471109642,0.6891709557771626,0.4171779141104294,326,-0.371411048689139
SRF,TF,-1,-0.056665962444973426,0.1748016614168458,0.03910319224732489,0.34928390890134003,0.44307692307692303,325,-0.52688600489373
PAX6,TF,-1,-0.05669487224027898,0.1745814249156114,0.029296677293264912,0.48322100259251566,0.4553846153846154,325,-0.517390490812263
MECP2,TF,1,-0.056829773883647836,0.17355646736632532,-0.04428273548207974,0.2891118234642495,0.0,1,-0.485665531193527
hsa-let-7c,miRNA,-1,-0.057010744516938154,0.17218853870280706,-0.0501068598928196,0.23027167385467123,0.48,325,-1.92012546816479
MYCN,TF,-1,-0.05727308693566488,0.1702198405190552,-0.10879835625994727,0.009028573782687186,0.48307692307692307,325,0.65165019430984
BRCA1,TF,1,-0.05738756190591534,0.1693660768119258,0.01211617698859608,0.7718819333262837,0.4153846153846154,325,0.781423659422028
hsa-miR-1,miRNA,-1,-0.0577791682665811,0.1664696613731792,-0.06230459999959639,0.1356439151398921,0.4877300613496932,326,-1.39721535580524
YBX1,TF,1,-0.0578621677990886,0.16586057556571146,-0.07787394853690922,0.06202418695166678,0.3333333333333333,3,-0.223389867101665
RB1,TF,1,-0.05849128115313307,0.16129813540321652,0.06970851247875098,0.09493008349826092,0.4815950920245399,326,-0.425961553839019
SREBF1,TF,-1,-0.058973704621641004,0.15786404800539197,-0.06234134917668441,0.13541295476949852,0.4707692307692307,325,0.899697740248525
PROX1,TF,-1,-0.05923803450449256,0.15600601601963018,0.007286450025694461,0.8615943082588822,0.4338461538461539,325,-2.90116234067393
ETV4,TF,-1,-0.0596932209979299,0.15284526703506118,-0.033653134854653634,0.4205623940856574,0.4233128834355828,326,0.106916790609157
KLF2,TF,-1,-0.060149511222608955,0.1497258639422043,0.05668699232873922,0.17464143404587587,0.4553846153846154,325,-1.51098546274529
hsa-miR-519d,miRNA,1,-0.06046203704434044,0.14761741118967217,0.040954422632765275,0.3269248061887413,0.46932515337423314,326,-0.0710480649188514
hsa-miR-542,miRNA,1,-0.06059507040513605,0.1467268010325368,0.025621549953007316,0.53977921674716,0.48466257668711654,326,-0.0285533707865168
HIF1A,TF,-1,-0.06102715266119583,0.143862433991884,-0.058466180611443125,0.16147833937061612,0.3926380368098159,326,-0.0178529962097579
MAX,TF,-1,-0.06112101771813679,0.14324587436529895,-0.02946492910511046,0.4807108030063842,0.45092024539877296,326,0.0987703305666173
hsa-miR-148a,miRNA,1,-0.061336995722389334,0.1418348874607826,0.05825757590660792,0.16298184284952036,0.4263803680981595,326,0.402830212234707
hsa-miR-149,miRNA,1,-0.06158920580288201,0.14020070159318274,0.049226137026225955,0.23857852097802051,0.42024539877300615,326,0.42639481897628
MYB,TF,-1,-0.06187809274195755,0.13834666320473502,-0.12471294891872066,0.0027380928084061364,0.42153846153846153,325,1.25633921860257
TWIST1,TF,1,-0.06245327660130257,0.13471138247302147,-0.05590225495774366,0.180694776325613,0.4338461538461538,325,-1.45625141934143
DNMT1,TF,1,-0.06259669382347464,0.13381652877556416,-0.07139274748808755,0.08719274080676591,0.4523076923076923,325,0.943016760223257
XBP1,TF,-1,-0.06267079564607442,0.13335597006500277,-0.020728846182851875,0.619871890225798,0.0,4,0.879680228374035
HOXB7,TF,-1,-0.06286320241150743,0.13216583358556014,-0.012602728680609507,0.7629896599327897,0.4785276073619632,326,-0.0791517535863365
hsa-miR-216a,miRNA,-1,-0.06302003343636944,0.13120183651264017,-0.13715479494384072,0.0009762107425336188,0.5184049079754601,326,0.0055970661672908
hsa-miR-137,miRNA,-1,-0.0630263458141059,0.13116315020421787,-0.010996634730005402,0.7924548674455751,0.4171779141104295,326,0.211639200998751
COL1A1,Gene,-1,-0.06311625329555579,0.13061309653277928,-0.05716193085598112,0.17105192600301386,0.0,1,2.35068576180652
hsa-miR-185,miRNA,1,-0.06324642686388712,0.12981986005818577,-0.01279816543085594,0.759426525383625,0.47384615384615386,325,0.653450686641699
RXRA,TF,-1,-0.06346010085026585,0.12852589149467752,0.039189534446347436,0.34822001910578726,0.46319018404907975,326,-0.33003214508468
HDAC1,TF,1,-0.06361380724814832,0.12760127422470308,-0.09034326977128351,0.030305658593635338,0.4386503067484663,326,0.4750057573286
BMI1,TF,1,-0.06376792395058367,0.12667937822406325,-0.08775163122534459,0.03540543137223136,0.44171779141104295,326,0.337498840537991
NANOG,TF,1,-0.06422342512804567,0.12398487440285384,0.07797402959711626,0.06168845494320874,0.4447852760736196,326,-0.269966575508964
FOS,TF,-1,-0.06469136168964847,0.12126347526065212,-0.043273781945273725,0.3002506303498202,0.48,325,-3.00019422987734
hsa-miR-135b,miRNA,-1,-0.06472993031761816,0.12104126538757704,-0.05750582466845513,0.16848743144524583,0.45092024539877296,326,0.299852684144819
hsa-miR-183,miRNA,1,-0.06494051123890603,0.11983362010334103,-0.00776717866391216,0.8525640344980012,0.46153846153846156,325,1.86600780274657
hsa-miR-454,miRNA,1,-0.06513012914662,0.11875426636606956,0.04675457075317004,0.2630088887426332,0.39570552147239263,326,1.27754556803995
RBPJ,TF,1,-0.06517861412712479,0.11847950147928894,-0.07707537509171584,0.06475745263893594,0.47692307692307695,325,-0.55842704984887
hsa-miR-132,miRNA,-1,-0.06545354973943573,0.11693083142255749,-0.09526432115573284,0.02233716959943944,0.4662576687116564,326,-0.23140418227216
HES1,TF,1,-0.06656992530401504,0.11080479428782,0.05717801471851895,0.17093133875430702,0.4601226993865031,326,0.221111884085785
NR1H4,TF,-1,-0.06660454869589945,0.11061892140020621,-0.01788867541009766,0.668610222921962,0.4877300613496932,326,-0.344164627612788
hsa-miR-224,miRNA,1,-0.06692471249469203,0.10891176195798752,0.03855329233127516,0.356107878545557,0.41846153846153844,325,-1.45132240948814
hsa-miR-26a,miRNA,1,-0.06706718286020363,0.10815880279365456,0.019355447550681287,0.6432491590982811,0.42024539877300615,326,-0.306844569288389
hsa-miR-182,miRNA,1,-0.0671493068945548,0.10772664608262852,0.004820891992617064,0.9081676759477609,0.4307692307692308,325,2.16308801498127
hsa-miR-23a,miRNA,-1,-0.06769286574144025,0.10490059312534791,-0.14387417413936768,0.0005391855651862927,0.50920245398773,326,-0.336552746566792
hsa-miR-125a,miRNA,1,-0.06790000641686174,0.10383920795601646,-0.0121811559254192,0.770692611892415,0.44785276073619634,326,-0.451951935081149
TFAP2A,TF,1,-0.06806292888623944,0.10301039055113269,0.03777455758880184,0.36591391650936916,0.4707692307692308,325,1.40455572614307
SNAI1,TF,1,-0.06811775188688048,0.10273267840753567,-0.14587460846331582,0.0004495813019671023,0.4325153374233129,326,-0.0470208223384347
JUND,TF,1,-0.06833801356491712,0.10162290025085724,-0.07519780429003146,0.0715756378130555,0.0,2,-0.572820051496106
hsa-miR-429,miRNA,-1,-0.06852789863030612,0.10067383381147287,0.0013575422423940547,0.9740877527573505,0.4246153846153846,325,2.32434519350811
hsa-miR-302c,miRNA,1,-0.06971225740294634,0.09491228993938433,0.025883512190366078,0.5356410416297229,0.43558282208588955,326,0.000589887640449438
hsa-miR-376a,miRNA,1,-0.06983793794383959,0.09431667792755669,0.037263674227178495,0.3724374949825649,0.41411042944785276,326,-0.382315543071161
hsa-miR-301b,miRNA,1,-0.07097511279306049,0.08906234249143971,0.0433087194787773,0.29986021541759933,0.48307692307692307,325,0.670388264669164
hsa-miR-9,miRNA,1,-0.07120422054300482,0.08803275983038453,0.042204087856895736,0.3123676753864302,0.450920245398773,326,0.257819288389513
HDAC9,TF,-1,-0.07242926369031705,0.08268892613181321,-0.006654493622802607,0.8734926499246701,0.41230769230769226,325,-0.711460682243439
hsa-miR-125b,miRNA,1,-0.07274276793059768,0.0813643684549399,0.02871296256064848,0.4919843826731317,0.40307692307692305,325,-1.5971658343737
hsa-miR-22,miRNA,1,-0.072784650556879,0.0811887217789137,-0.00014941935139993335,0.9971474463979564,0.4325153374233129,326,0.155332397003745
hsa-miR-376b,miRNA,1,-0.07283337043073429,0.08098478753014242,0.03907087647196652,0.3496826256822679,0.4110429447852761,326,-0.373742197253433
hsa-miR-223,miRNA,1,-0.07288085119358245,0.0807864393087242,0.022447089822586776,0.5911580091217283,0.4049079754601227,326,-0.477098314606741
hsa-miR-148b,miRNA,1,-0.07327487103251672,0.0791555811099469,0.10082727724302058,0.015577867930818503,0.4171779141104294,326,1.09860205992509
hsa-miR-99b,miRNA,1,-0.07336494628438522,0.07878653286991881,-0.031217695846190587,0.45498678928735176,0.4307692307692308,325,0.500476279650437
hsa-miR-23b,miRNA,-1,-0.07345496194871229,0.07841912482203976,-0.1425477105366827,0.0006074676644920384,0.5,326,-0.171367665418227
EGR2,TF,-1,-0.07357505493514818,0.07793111995022522,0.07171876475689402,0.08575534166371948,0.4030769230769231,325,-2.42938788402181
hsa-miR-142,miRNA,1,-0.07393924756865249,0.07646626531880565,0.07724070653841107,0.06418358188465438,0.40307692307692305,325,1.53229837702871
hsa-miR-433,miRNA,1,-0.07454627619722946,0.07407450568082138,-0.0007013089608409734,0.9866119615629447,0.39692307692307693,325,-0.513201935081149
CDX2,TF,1,-0.07533844921771328,0.07104535250930603,-0.03696142912529647,0.37633055579970526,0.401840490797546,326,0.102622942954469
hsa-miR-4295,miRNA,1,-0.07584859892207614,0.06890639737060687,0.021664341186082833,0.6038474878516239,0.46932515337423314,326,nan
hsa-miR-130b,miRNA,1,-0.075890024784324,0.06899662054838544,0.06183724837561658,0.1386076473738654,0.4369230769230769,325,1.18349968789014
hsa-miR-302d,miRNA,1,-0.07600001676699102,0.06859391995460774,0.027675815004997082,0.5077626651738895,0.4294478527607362,326,0.00090823970037453
hsa-miR-378a,miRNA,1,-0.07642234639278302,0.06706555813173426,-0.007951689750045197,0.8491031208543732,0.4369230769230769,325,-1.87837234706617
HEY1,TF,-1,-0.076424588492935,0.0670575194614579,-0.03444595256406075,0.40969403646891445,0.4030769230769231,325,-0.805963392985655
hsa-miR-302b,miRNA,1,-0.07643295239343578,0.06702753909258444,0.022373582741852433,0.5923738316669908,0.4294478527607362,326,0.0022191011235955
CTNNB1,TF,-1,-0.07813707344905564,0.06114472192069882,-0.08413563254376281,0.04372806423930201,0.4355828220858896,326,-0.395960114506869
RELA,TF,-1,-0.07962382777732095,0.05636692360092383,-0.04133345770219115,0.3224637845531073,0.4355828220858896,326,0.0543962001631245
hsa-miR-383,miRNA,1,-0.07970512994470377,0.056114853114618196,0.06715966303981911,0.1076722464772049,0.47384615384615386,325,-1.73182958801498
NKX2-5,TF,1,-0.08026510223156659,0.054404021929812266,0.006298822943782118,0.8802018926275812,0.46932515337423314,326,0.411387516192487
hsa-miR-301a,miRNA,1,-0.08047849216094717,0.05376359574892039,0.023356064037263643,0.5762188797721254,0.4246153846153846,325,1.42567259675406
HSF1,TF,-1,-0.08093699044053082,0.05240876783978499,-0.04640611475399684,0.26658702525917743,0.4461538461538461,325,0.589844472164916
hsa-miR-200a,miRNA,-1,-0.08149049255965433,0.050811261127816955,-0.030646314980996583,0.4632864810690913,0.4338461538461539,325,1.90109394506866
MTA1,TF,1,-0.08156119119030253,0.0506101731606739,0.014390743173944825,0.7305869892857492,0.41411042944785276,326,0.173100961154025
ZEB2,TF,1,-0.08355669160223678,0.04520280203843451,-0.12505368152112536,0.0026649337252976466,0.41846153846153844,325,-1.53629955700555
CREB1,TF,-1,-0.08407705246094077,0.04387541875183768,-0.030330280280080207,0.4679130002968045,0.4141104294478528,326,-0.371269810807785
hsa-miR-188,miRNA,1,-0.0843030973772577,0.04330911427356809,0.016490777090655332,0.6931371729611909,0.4338461538461538,325,0.553889513108615
hsa-miR-152,miRNA,1,-0.0849613534580396,0.041694975806143245,0.08398759956403488,0.044101238578474714,0.41411042944785276,326,-0.206325842696629
hsa-miR-382,miRNA,1,-0.08505850095140352,0.04146111275063869,-0.029895524142068995,0.47431901866645243,0.42024539877300615,326,-0.444950686641698
hsa-miR-99a,miRNA,1,-0.08600677789686123,0.039235955601000835,-0.018516006375922572,0.6577150748200757,0.4123076923076923,325,-1.99379993757803
SNAI2,TF,1,-0.08604187471707588,0.039155579495495335,-0.08895510365047352,0.03295295364781252,0.4369230769230769,325,-1.11830630587407
STAT6,TF,-1,-0.08617209906977877,0.03885856711096095,-0.08217286195351002,0.048898010128927596,0.44307692307692303,325,-0.538979513505733
hsa-miR-1193,miRNA,1,-0.08638192732924486,0.038215301447522235,0.10611688662188934,0.010819596036429829,0.4171779141104294,326,nan
hsa-miR-24,miRNA,1,-0.086765936005335,0.0375282467236513,-0.009199797557277675,0.8257714678665884,0.44785276073619634,326,0.0288256346233874
hsa-miR-330,miRNA,-1,-0.08933194488772617,0.03221547012325072,-0.1282287962638506,0.0020640721204974797,0.3742331288343558,326,0.336629837702871
hsa-miR-486,miRNA,1,-0.08936673031841715,0.032148111293132386,-0.0986330227636338,0.017993050405337597,0.4153846153846154,325,-1.92223970037453
LEF1,TF,-1,-0.08990009467525821,0.03113027806142988,-0.09348680878407793,0.024976363615413565,0.4307692307692308,325,1.88540661133234
hsa-miR-130a,miRNA,-1,-0.0899521717915839,0.031032392429863775,-0.13093418080024105,0.0016528559249053244,0.48615384615384616,325,-0.694725343320848
hsa-miR-134,miRNA,1,-0.09002062952813566,0.03090411825085581,0.05872185650853051,0.15964985008402138,0.4,325,-0.890893570536829
HDAC2,TF,1,-0.09004960334194595,0.030849964822383245,-0.1320380790169843,0.0015078140562479316,0.4263803680981595,326,0.357032097106943
hsa-miR-190a,miRNA,1,-0.09048234839766806,0.030050763443668325,0.024066498531698042,0.5646679241973211,0.4171779141104294,326,-0.469101123595506
hsa-miR-379,miRNA,1,-0.09058579452933671,0.02986236728994965,0.07911947988628544,0.05795169920989622,0.41846153846153844,325,-1.06123127340824
KLF4,TF,-1,-0.09067818991694132,0.02969495389750363,-0.09481026360447055,0.022987241591999847,0.4030769230769231,325,-2.59752690751491
hsa-miR-376c,miRNA,1,-0.09096818055015368,0.02917473096196968,0.008671440006904719,0.8356309148599568,0.41846153846153844,325,-0.735351123595506
hsa-miR-203,miRNA,-1,-0.09098170261137858,0.029010238895529793,-0.03780827517011264,0.36506749181664094,0.4171779141104295,326,nan
HNF1A,TF,-1,-0.09109281844855983,0.02895355422871476,-0.05726504102179454,0.17027996837891635,0.4693251533742331,326,0.271206560156088
hsa-miR-222,miRNA,-1,-0.09119498428222422,0.028773330547959934,-0.11388152479250843,0.006261963584317212,0.4570552147239264,326,-0.227951310861423
DDIT3,TF,1,-0.09128059664287148,0.028623050425915005,0.004473451318153974,0.9147598634527548,0.44648318042813456,327,-0.0175618513009961
hsa-miR-181a,miRNA,1,-0.0915773250017208,0.028107393248307747,0.034356995965321865,0.410905137794415,0.3987730061349693,326,0.402314606741573
TCF4,TF,-1,-0.09201808677716822,0.027356182163828173,-0.05603491620750741,0.17966067609171987,0.4461538461538461,325,-1.06766028562747
POU5F1,TF,-1,-0.09353444615701746,0.02490226667236382,-0.08850776375074651,0.033847071331747955,0.43999999999999995,325,-0.549567880503447
hsa-miR-140,miRNA,1,-0.09391653438140458,0.024314790951139503,-0.015880256893396047,0.7039524670051921,0.4307692307692308,325,-0.994513108614233
hsa-miR-411,miRNA,1,-0.09409133530468747,0.024050046885336806,0.07156461879406724,0.086432567648143,0.4153846153846154,325,-0.85148002496879
hsa-miR-299,miRNA,1,-0.09469514465358982,0.02315463826136674,0.04113458974106385,0.3247993826211138,0.42153846153846153,325,-0.759306179775281
CUX1,TF,1,-0.0952421337060584,0.022368560774731067,0.005842813898092116,0.8888163809956324,0.40797546012269936,326,0.152271026243823
hsa-miR-491,miRNA,-1,-0.0955124129109334,0.021988758877797977,-0.08026247749869493,0.05441193862968266,0.0,3,-0.335106117353308
TAL1,TF,-1,-0.09640730395054044,0.020770896326270834,-0.00933561243044143,0.8232414420894503,0.4338461538461539,325,-2.12015696716723
hsa-miR-214,miRNA,1,-0.09720944935139939,0.01972952947999153,-0.012349791382157017,0.7676085600834937,0.40797546012269936,326,-0.179307740324594
hsa-miR-302a,miRNA,1,-0.0978422652194782,0.018940370953529358,0.026242489699903615,0.529996339430374,0.401840490797546,326,0.00310861423220974
TLX1,TF,1,-0.0985965943589836,0.018035764215386503,0.051731900843761745,0.21548720150912576,0.4461538461538462,325,1.71941331222313
hsa-miR-128,miRNA,-1,-0.09971145495290613,0.016767948968614187,-0.1370257371313839,0.0009871549012883678,0.4263803680981595,326,0.394361423220974
hsa-miR-758,miRNA,1,-0.10000362334367051,0.01644888390224148,0.061952250824250495,0.13787377912706947,0.4153846153846154,325,-1.15976279650437
hsa-miR-708,miRNA,-1,-0.10095956277935565,0.015441814913630234,-0.026034642191151407,0.5332609375930917,0.44171779141104295,326,0.70623720349563
YY1,TF,1,-0.10183206669157675,0.014570309682540087,-0.043419108936705524,0.29862887088011364,0.4386503067484663,326,0.175224215963793
REST,TF,1,-0.10198372156669488,0.014423323008586857,-0.03426325201673292,0.4121837084688554,0.4233128834355828,326,-0.336511298757377
hsa-miR-30e,miRNA,1,-0.10242640861735192,0.014001696954597279,0.002024574031343985,0.9613639989679826,0.4294478527607362,326,-0.244179151061174
hsa-miR-802,miRNA,1,-0.10263941818426933,0.013802716195309825,0.031898839404417345,0.44520277189198104,0.42024539877300615,326,0.0570923845193508
CEBPA,TF,-1,-0.10267770437503987,0.013767216788854179,0.02468287130845977,0.554737206930565,0.43999999999999995,325,-1.62193102400486
hsa-miR-668,miRNA,1,-0.10293518069844011,0.01353056374892288,0.06321807327161354,0.12999231933848385,0.4110429447852761,326,-0.0333920099875156
RUNX2,TF,1,-0.10299079831076763,0.0134799175361675,-0.06898788108936176,0.09840398571658765,0.39076923076923076,325,1.03770674407075
hsa-miR-452,miRNA,1,-0.10363497645877201,0.012905381342894744,0.027379004578614072,0.5123263500059269,0.39384615384615385,325,-1.7314456928839
HOXA10,TF,1,-0.10488940372444741,0.011848266255649616,-0.09825957831712656,0.018435148260053786,0.41846153846153844,325,-1.85124526219834
EPAS1,TF,-1,-0.10509452443899324,0.011682895663633421,-0.09894085907173149,0.017635614706352606,0.44307692307692303,325,-1.93675950359033
hsa-miR-410,miRNA,1,-0.1065874839782285,0.010539552071164611,0.016261263237607577,0.6971958144081081,0.4307692307692308,325,-0.576135143570537
MEF2A,TF,-1,-0.10685293194314653,0.010346999812175624,-0.04169945152818092,0.31819401699853805,0.41230769230769226,325,-0.701010810983704
E2F1,TF,-1,-0.1069148563687411,0.010302532376373675,-0.11420534365473042,0.006114751841852163,0.4,325,2.45627612787667
hsa-miR-92a,miRNA,1,-0.10908956518461306,0.008844661291770183,-0.05555376550794679,0.1834322582475141,0.4294478527607362,326,-0.117615480649188
hsa-miR-495,miRNA,1,-0.10917574331992973,0.008790879491020647,-0.03293860881499173,0.4305006317528955,0.4430769230769231,325,-0.858496878901373
hsa-miR-146b,miRNA,1,-0.10993308822153446,0.008330630963358166,-0.0022734841664327926,0.9566183326403135,0.3773006134969325,326,-0.132319600499376
hsa-miR-196b,miRNA,1,-0.10994817480432455,0.008321685250312827,-0.03217376187473227,0.4412879016631234,0.4570552147239264,326,-0.0672933832709115
EZH2,TF,1,-0.11041791039358223,0.008047405326749711,-0.016924946006781114,0.6854835385956771,0.39076923076923076,325,2.25909202130212
hsa-miR-135a,miRNA,-1,-0.11274714621644241,0.006803091614816665,-0.102465613665029,0.013964885433223008,0.39877300613496935,326,-0.119236267166042
ESR2,TF,-1,-0.1148841701372278,0.005816195281086374,-0.0009898589619066747,0.98110439880048,0.4769230769230769,325,-1.85111372323242
hsa-miR-1197,miRNA,1,-0.11507815250646354,0.00573332180105994,0.005279600062224819,0.8994740750940589,0.40797546012269936,326,-0.0209906367041199
hsa-miR-342,miRNA,1,-0.11589976859124473,0.0053939617902103104,0.034182597448514686,0.41328563418965075,0.4523076923076923,325,1.29509488139825
hsa-miR-193b,miRNA,1,-0.11741268772522762,0.004816042818660114,0.007039727384186997,0.8662359771782523,0.38650306748466257,326,0.120524032459426
hsa-miR-191,miRNA,1,-0.11869069172174862,0.004372063916904874,0.02507516080905727,0.5484614864403587,0.39076923076923076,325,0.956628277153559
hsa-miR-338,miRNA,1,-0.11904951883417694,0.004254243540288822,0.0022643320766982,0.956792798260188,0.3987730061349693,326,0.0231835205992505
hsa-miR-154,miRNA,1,-0.12008433199923167,0.003930373339802289,0.002415103484485622,0.9539189232103135,0.40307692307692305,325,-0.617509987515606
hsa-miR-496,miRNA,1,-0.1202887332695075,0.0038691063349125905,-0.03684831137591737,0.37779398412455306,0.4049079754601227,326,-0.301879525593009
HNF4A,TF,-1,-0.12317241679084849,0.0030922438706137067,-0.07476942546954674,0.07321075084791036,0.401840490797546,326,0.13008843896432
hsa-miR-487a,miRNA,1,-0.12538285645048028,0.0025959528546221624,-0.023362385860298377,0.5761156046757855,0.401840490797546,326,-0.41189481897628
hsa-miR-7,miRNA,1,-0.12869609449101496,0.0019869471772164535,-0.05785631243246488,0.16590348983824155,0.39692307692307693,325,0.574329796088223
hsa-miR-17,miRNA,1,-0.1361665094851016,0.0010629549495094193,-0.04037752317751742,0.33379092637187713,0.39692307692307693,325,0.618891697877653
hsa-miR-20a,miRNA,1,-0.13961950635449272,0.0007875615130142279,-0.0430757658735484,0.3024697756110871,0.39263803680981596,326,0.253919163545568
hsa-miR-377,miRNA,1,-0.1397601655135185,0.0007778873881336033,-0.027753402519574154,0.5065732167562699,0.4,325,-0.909335205992509
hsa-miR-19b,miRNA,1,-0.14519788080774548,0.0004782134962677868,-0.05718530527339345,0.1708766994245234,0.39570552147239263,326,0.240320848938827
SPI1,TF,-1,-0.15452934256798004,0.00019939132638034608,-0.050323585301775935,0.22825938146062005,0.42153846153846153,325,0.616247741048154
hsa-miR-19a,miRNA,1,-0.16746198426496883,5.451173539815186e-05,-0.05681686467707928,0.17365435463378542,0.38461538461538464,325,0.863405742821474
hsa-miR-18a,miRNA,1,-0.186193933635986,6.976036670446993e-06,-0.09375236131340733,0.024565729162033284,0.36923076923076925,325,0.691317415730337
