name,type,in_this_network,ffl_count_used,T_topology,paper_score,score,paper_rank_overall,rank_overall,rank_change_overall,paper_rank_class,rank_class,rank_change_class,E_evidence,D_expression,R_replication,M_multiomic,C_clinical,F_functional
hsa-miR-21,miRNA,yes,13,0.918088737201365,0.867488461692738,0.863449781374194,1,1,0,1,1,0,0.787435456110155,0.949565217391304,,0.870855148342059,0.791304347826087,
hsa-miR-195,miRNA,yes,20,0.792946530147895,0.823539884776154,0.825189486596404,3,2,1,2,2,0,0.666092943201377,0.865217391304348,,0.986038394415358,0.815652173913044,
E2F1,TF,yes,39,0.969852104664391,0.825401598206921,0.823654482978577,2,3,-1,1,1,0,0.918244406196213,0.949565217391304,1,0.40037211717364,0.627826086956522,0.899721448467967
EZH2,TF,yes,10,0.891922639362912,0.819704187971799,0.811984376497722,4,4,0,2,2,0,0.913080895008606,0.953913043478261,1,0.57616940703478,0.744347826086957,0.604456824512535
CCND2,Gene,yes,78,0.871444823663254,0.810489838467959,0.809270920866789,5,5,0,1,1,0,0.826161790017212,0.808695652173913,1,0.543644440598272,0.954782608695652,0.66016713091922
COL1A1,Gene,yes,7,0.744311717861206,0.804376051433639,0.800231731589661,6,6,0,2,2,0,0.881239242685026,0.90695652173913,1,0.832336147864908,0.657391304347826,0.579387186629527
hsa-miR-204,miRNA,yes,1,0.539817974971559,0.790401871409796,0.788866035232322,7,7,0,3,3,0,0.722030981067126,0.9,,0.963350785340314,0.819130434782609,
STAT5A,Gene,no,0,0.33617747440273,0.789323577267212,0.78859222670651,9,8,1,3,3,0,0.700516351118761,0.869565217391305,1,0.832086858917116,0.890434782608696,0.891364902506964
hsa-miR-383,miRNA,yes,3,0.474971558589306,0.789883421664551,0.78135099845636,8,9,-1,4,4,0,0.767641996557659,0.878260869565217,,0.94066317626527,0.845217391304348,
GATA3,TF,yes,3,0.631399317406143,0.780258747104671,0.779974332997731,11,10,1,3,3,0,0.700516351118761,0.669565217391304,1,0.758574397229711,0.758260869565218,0.94150417827298
MYBL2,Gene,yes,2,0.453356086461889,0.780355536250387,0.776658152860171,10,11,-1,4,4,0,0.779690189328744,0.975652173913043,1,0.531268194012566,0.749565217391304,0.947075208913649
hsa-miR-124,miRNA,yes,18,0.920932878270762,0.774848018414286,0.772629588380157,12,12,0,5,5,0,0.860585197934596,0.118260869565217,,0.968586387434555,0.994782608695652,
hsa-miR-429,miRNA,yes,47,0.920648464163822,0.770917666621444,0.772567268441694,14,13,1,7,6,1,0.757314974182444,0.911304347826087,,0.650959860383944,0.622608695652174,
FN1,Gene,yes,31,0.866609783845279,0.763978162723125,0.763165550989012,16,14,2,5,5,0,0.864888123924269,0.94695652173913,1,0.653802525997424,0.853913043478261,0.155988857938719
PDGFRB,Gene,yes,3,0.555745164960182,0.763311185892041,0.763026771785102,18,15,3,6,6,0,0.957831325301205,0.359130434782609,1,0.907739288157784,0.850434782608696,0.710306406685237
MET,Gene,yes,16,0.833333333333333,0.763191942553819,0.761526088498887,19,16,3,7,7,0,0.957831325301205,0.910434782608696,1,0.579995131742977,0.67304347826087,0.376044568245125
BRCA1,TF,yes,1,0.620307167235495,0.767448497511985,0.761272648332722,15,17,-2,4,4,0,0.896729776247849,0.560869565217391,1,0.517486224856613,0.780869565217391,0.952646239554318
JUN,TF,yes,26,0.949374288964733,0.763471057339987,0.760951960964235,17,18,-1,5,5,0,0.546471600688468,0.843478260869565,1,0.243122548250618,0.869565217391304,0.874651810584958
hsa-miR-155,miRNA,yes,6,0.848407281001138,0.771305501076448,0.760839061941067,13,19,-6,6,7,-1,0.974182444061962,0.585217391304348,,0.961605584642234,0.434782608695652,
EGR2,TF,no,0,0.241751990898749,0.756572164902574,0.755840814341872,20,20,0,6,6,0,1,0.927826086956522,1,0.407760329332068,0.897391304347826,0.816155988857939
hsa-miR-100,miRNA,yes,20,0.614903299203641,0.723423912851925,0.747428463477636,32,21,11,11,8,3,0.618760757314974,0.924347826086957,,1,0.579130434782609,
MMP14,Gene,yes,16,0.745733788395905,0.747201792311082,0.746389180576969,22,22,0,9,8,1,0.821858864027539,0.652173913043478,1,0.816855482270541,0.923478260869565,0.264623955431755
CXCL12,Gene,yes,7,0.493742889647327,0.74774577312137,0.744820370878562,21,23,-2,8,9,-1,0.896729776247849,0.929565217391304,1,0.535690906396214,0.594782608695652,0.763231197771588
hsa-miR-141,miRNA,yes,27,0.891069397042093,0.729807063623092,0.735609111404662,26,24,2,8,9,-1,0.671256454388985,0.915217391304348,,0.894415357766143,0.306086956521739,
PLAU,Gene,yes,8,0.519908987485779,0.738391230439058,0.735059522329193,23,25,-2,10,10,0,0.957831325301205,0.569565217391304,1,0.705886347150648,0.843478260869565,0.54874651810585
ABCA1,Gene,yes,39,0.915529010238908,0.731710490086741,0.730166527791925,25,26,-1,11,11,0,0.793459552495697,0.780869565217391,1,0.481033859433916,0.711304347826087,0.428969359331476
SREBF1,TF,no,0,0.450511945392492,0.726745579475784,0.726014228915082,28,27,1,8,7,1,0.803786574870912,0.606086956521739,1,0.472928852518819,0.829565217391304,0.919220055710306
ESR1,TF,yes,8,0.885949943117179,0.731842647610692,0.723838422029675,24,28,-4,7,8,-1,0.941480206540447,0.195652173913043,0.47329650092081,0.879449800298779,0.777391304347826,0.913649025069638
VIM,Gene,yes,5,0.434015927189989,0.724697308974142,0.72246262670533,29,29,0,12,12,0,0.977624784853701,0.817391304347826,1,0.810936175559723,0.8,0.217270194986072
hsa-miR-30a,miRNA,yes,3,0.680318543799772,0.721183316317092,0.720785136567376,33,30,3,12,10,2,0.790877796901893,0.495652173913044,,0.659685863874346,0.977391304347826,
hsa-miR-34a,miRNA,yes,6,0.833333333333333,0.729424792806183,0.720721721133828,27,31,-4,9,11,-2,0.931153184165232,0.0743478260869565,,0.87260034904014,0.892173913043478,
hsa-miR-101,miRNA,yes,8,0.812286689419795,0.724144185163388,0.719479793809577,31,32,-1,10,12,-2,0.716006884681583,0.482608695652174,,0.617801047120419,0.968695652173913,
hsa-miR-200c,miRNA,yes,27,0.943401592718999,0.718457949701908,0.718457949701908,34,33,1,13,13,0,0.779690189328744,0.786956521739131,,0.894415357766143,0.187826086956522,
DNMT1,TF,yes,1,0.662684869169511,0.724399243126725,0.718223393947463,30,34,-4,9,9,0,0.972461273666093,0.749565217391304,1,0.643588742324794,0.0382608695652174,0.96100278551532
hsa-miR-300,miRNA,yes,13,0.777872582480091,0.681849032619895,0.715220287834153,58,35,23,23,14,9,0.594664371772806,,,0.773123909249564,,
hsa-miR-206,miRNA,yes,2,0.611205915813424,0.713451638429994,0.712825927394727,37,36,1,15,15,0,0.896729776247849,0.440869565217391,,0.905759162303665,0.709565217391304,
hsa-miR-145,miRNA,yes,28,0.934584755403868,0.711263214143485,0.712799050320959,39,37,2,17,16,1,0.844234079173838,0.930434782608696,,0.738219895287958,0.116521739130435,
E2F3,TF,yes,5,0.74032992036405,0.716596283806907,0.711679982815521,36,38,-2,10,10,0,0.938898450946644,0.578260869565217,1,0.444755076279747,0.410434782608696,0.86908077994429
MYB,TF,yes,2,0.683447098976109,0.710891770894064,0.710444834440302,40,39,1,11,11,0,0.981927710843373,0.622608695652174,0.47329650092081,0.528132732594453,0.803478260869565,0.880222841225627
hsa-miR-205,miRNA,yes,5,0.618031854379977,0.716968065775609,0.710085244387668,35,40,-5,14,17,-3,0.877796901893287,0.825217391304348,,0.446771378708552,0.782608695652174,
hsa-miR-9,miRNA,yes,8,0.851251422070535,0.711670233448248,0.707859084415256,38,41,-3,16,18,-2,0.787435456110155,0.158260869565217,,0.924956369982548,0.817391304347826,
ZEB2,TF,yes,1,0.569397042093288,0.70483971696013,0.703742691119077,41,42,-1,12,12,0,0.975903614457831,0.846086956521739,1,0.686997248740334,0.0260869565217391,0.821727019498607
hsa-miR-497,miRNA,yes,20,0.74089874857793,0.694093561098218,0.703365460984452,47,43,4,20,19,1,0.553356282271945,0.815652173913044,,0.989528795811518,0.417391304347826,
BCL6,TF,no,0,0.342718998862344,0.702436523748797,0.701705173188095,43,44,-1,14,13,1,0.957831325301205,0.813913043478261,1,0.520888128676307,0.549565217391304,0.727019498607242
hsa-miR-143,miRNA,yes,28,0.908703071672355,0.698516240410527,0.701246615837149,44,45,-1,18,20,-2,0.821858864027539,0.682173913043478,,0.380453752181501,0.71304347826087,
FOXM1,TF,yes,2,0.482366325369738,0.702606955947798,0.698909572557582,42,46,-4,13,14,-1,0.20223752151463,0.983478260869565,1,0.520731551475289,0.798260869565217,0.905292479108635
hsa-let-7b,miRNA,yes,20,0.753128555176337,0.68469796506554,0.692263380310136,55,47,8,22,21,1,0.746987951807229,0.498260869565217,,0.595113438045375,0.867826086956522,
ESR2,TF,yes,1,0.528156996587031,0.692476673107526,0.691379647266472,50,48,2,17,15,2,0.746987951807229,0.902608695652174,1,0.362763763287324,0.956521739130435,0.342618384401114
hsa-miR-1,miRNA,yes,10,0.802332195676906,0.694185037378729,0.691284013487944,46,49,-3,19,22,-3,0.856282271944923,0.749565217391304,,0.869109947643979,0.179130434782609,
NT5E,Gene,yes,3,0.396757679180887,0.693045460871812,0.690607625669472,49,50,-1,13,13,0,0.657487091222031,0.786086956521739,1,0.784111794459601,0.808695652173913,0.401114206128134
FOS,TF,yes,11,0.886518771331058,0.698437783436227,0.68986472964133,45,51,-6,15,16,-1,0.922547332185886,0.938260869565218,0.47329650092081,0.230088831742365,0.801739130434783,0.576601671309192
hsa-miR-150,miRNA,yes,8,0.753981797497156,0.691016005438683,0.68805809872651,51,52,-1,21,23,-2,0.761617900172117,0.465217391304348,,0.598603839441536,0.860869565217391,
HDAC4,TF,yes,2,0.590443686006826,0.693962505175743,0.686242693701666,48,53,-5,16,17,-1,0.585197934595525,0.742608695652174,1,0.41524386483577,0.857391304347826,0.612813370473538
hsa-miR-106b,miRNA,yes,20,0.813424345847554,0.681631253322355,0.683280855142606,59,54,5,24,24,0,0.85025817555938,0.476521739130435,,0.907504363001745,0.368695652173913,
BCL2L1,Gene,yes,8,0.745164960182025,0.684899837902177,0.682787047393482,54,55,-1,14,14,0,0.856282271944923,0.473913043478261,0.47329650092081,0.278516355640124,0.963478260869565,0.988857938718663
hsa-miR-200a,miRNA,yes,47,0.937144482366325,0.676993634695565,0.682226854263256,63,56,7,27,25,2,0.714285714285714,0.872173913043478,,0.664921465968586,0.222608695652174,
hsa-miR-27a,miRNA,yes,80,0.96188850967008,0.681279768187744,0.682133010508563,60,57,3,25,26,-1,0.836488812392427,0.379130434782609,,0.782722513089005,0.450434782608696,
SMAD3,TF,yes,31,0.948805460750853,0.68311567878432,0.681856130596444,56,58,-2,20,18,2,0.913080895008606,0.545217391304348,1,0.666012698660292,0.318260869565217,0.381615598885794
MYC,TF,yes,35,0.978953356086462,0.682297888014153,0.680185097505458,57,59,-2,21,19,2,0.943201376936317,0.72695652173913,0.47329650092081,0.254540100768528,0.384347826086957,1
HDAC1,TF,yes,7,0.767633674630262,0.685705683068753,0.679367311542668,53,60,-7,19,20,-1,0.618760757314974,0.516521739130435,1,0.436513553988478,0.613913043478261,0.802228412256267
hsa-miR-93,miRNA,yes,20,0.804607508532423,0.675115199713641,0.677333629747771,67,61,6,31,27,4,0.769363166953528,0.644347826086957,,0.900523560209424,0.267826086956522,
hsa-miR-223,miRNA,yes,3,0.658418657565415,0.680307767952043,0.676894798668766,61,62,-1,26,28,-2,0.803786574870912,0.366086956521739,,0.902268760907504,0.653913043478261,
hsa-miR-224,miRNA,yes,9,0.627701934015927,0.676362190920406,0.675452065778199,64,63,1,28,29,-1,0.494836488812392,0.710434782608696,,0.982547993019197,0.561739130434783,
hsa-miR-130a,miRNA,yes,34,0.896757679180887,0.676284170057986,0.675374044915779,65,64,1,29,30,-1,0.605851979345955,0.530434782608696,,0.849912739965096,0.493913043478261,
hsa-miR-142,miRNA,yes,11,0.842434584755404,0.675379552953268,0.672080349312767,66,65,1,30,31,-1,0.546471600688468,0.745217391304348,,0.554973821989529,0.671304347826087,
HOXA10,TF,yes,1,0.656427758816837,0.678117099533657,0.671941250354395,62,66,-4,22,21,1,0.803786574870912,0.837391304347826,1,0.478358069029178,0.28695652173913,0.64066852367688
COL3A1,Gene,no,0,0.407565415244596,0.670568284166704,0.669836933606001,70,67,3,15,15,0,0.991394148020654,0.684347826086957,1,0.918066587333427,0.514782608695652,0.172701949860724
KLF4,TF,yes,6,0.822810011376564,0.673371530571907,0.66930847190134,69,68,1,23,22,1,0.729776247848537,0.955652173913044,1,0.298330583142049,0.229565217391304,0.649025069637883
hsa-miR-137,miRNA,yes,4,0.734641638225256,0.674040495603018,0.668409096285611,68,69,-1,32,32,0,0.685025817555938,0.199130434782609,,0.933682373472949,0.789565217391304,
hsa-miR-19a,miRNA,yes,96,0.945108077360637,0.664945295797493,0.667334374295787,77,70,7,33,33,0,0.645438898450947,0.526086956521739,,0.760907504363002,0.459130434782609,
CYFIP2,Gene,yes,1,0.215301478953356,0.66673855494233,0.665641529101276,73,71,2,16,16,0,0.20223752151463,0.565217391304348,1,0.782540294739071,0.958260869565217,0.935933147632312
FOSB,Gene,yes,1,0.614903299203641,0.666711344431954,0.665614318590901,74,72,2,17,17,0,0.433734939759036,0.972173913043478,1,0.300311985118162,0.586086956521739,0.752089136490251
ETS1,TF,yes,11,0.834186575654153,0.667539865122242,0.665589596960369,72,73,-1,25,23,2,0.844234079173838,0.673913043478261,1,0.53210049264838,0.693913043478261,0.0807799442896936
hsa-miR-16,miRNA,yes,27,0.85608646188851,0.664565800147082,0.665077745539574,78,74,4,34,34,0,0.726333907056799,0.65304347826087,,0.853403141361257,0.236521739130435,
hsa-miR-23a,miRNA,yes,80,0.926621160409556,0.660716766259526,0.662423250901164,81,75,6,35,35,0,0.609294320137694,0.297826086956522,,0.782722513089005,0.695652173913044,
VEGFA,Gene,yes,109,0.687428896473265,0.661094305272317,0.661175566445729,80,76,4,20,18,2,0.989672977624785,0.425217391304348,1,0.469734333361883,0.554782608695652,0.501392757660167
hsa-miR-183,miRNA,yes,31,0.902445961319681,0.654262953689366,0.660747595327591,89,77,12,40,36,4,0.451807228915663,0.901739130434783,,0.226876090750436,0.820869565217391,
PPARG,TF,yes,2,0.672354948805461,0.667986881841315,0.660267070367237,71,78,-7,24,24,0,0.20223752151463,0.981739130434783,1,0.636493444680023,0.794782608695652,0.334261838440111
hsa-miR-193a,miRNA,yes,2,0.492036405005688,0.660399071358082,0.659773360322815,82,79,3,36,37,-1,0.832185886402754,0.337391304347826,,0.710296684118674,0.926956521739131,
hsa-miR-449a,miRNA,yes,2,0.414391353811149,0.660169845277432,0.659544134242165,84,80,4,37,38,-1,0.675559380378657,0.58,,0.733856893542757,0.893913043478261,
JUND,TF,yes,1,0.324232081911263,0.660286272202479,0.659189246361426,83,81,2,27,25,2,1,0.471304347826087,1,0.0787858726053942,0.904347826086956,0.835654596100279
ID4,Gene,yes,3,0.631968145620023,0.665246769925719,0.659152181919868,76,82,-6,19,19,0,0.444061962134251,0.935652173913043,1,0.532459290669667,0.39304347826087,0.676880222841226
RUNX2,TF,yes,1,0.556029579067122,0.663562133146255,0.657386283966993,79,83,-4,26,26,0,0.927710843373494,0.651304347826087,1,0.417827922843171,0.252173913043478,0.796657381615599
NR1H3,TF,yes,3,0.478100113765643,0.657609789963689,0.65732537585675,87,84,3,29,27,2,0.896729776247849,0.66,1,0.414247183880692,0.96,0.192200557103064
hsa-miR-655,miRNA,yes,13,0.790386803185438,0.644639565527001,0.65709690341096,106,85,21,46,39,7,0.433734939759036,0.597391304347826,,0.891797556719023,0.572173913043478,
TYMS,Gene,yes,1,0.254266211604096,0.666481027593567,0.657054731477851,75,86,-11,18,20,-2,0.896729776247849,0.911304347826087,1,0.355535007023716,0.198260869565217,0.983286908077995
STAT1,TF,yes,5,0.751990898748578,0.659341098332474,0.655643714942258,85,87,-2,28,28,0,0.657487091222031,0.583478260869565,1,0.655815831023404,0.737391304347826,0.203342618384401
hsa-miR-196a,miRNA,yes,2,0.414391353811149,0.655466865428538,0.654841154393271,88,88,0,39,40,-1,0.746987951807229,0.738260869565217,,0.68760907504363,0.686956521739131,
hsa-miR-452,miRNA,yes,9,0.478384527872582,0.638258231774206,0.653787242013113,109,89,20,47,41,6,0.562822719449225,0.786086956521739,,0.972076788830716,0.469565217391304,
hsa-miR-182,miRNA,yes,31,0.918657565415245,0.650961131221966,0.65306579561332,93,90,3,41,42,-1,0.647160068846816,0.927826086956522,,0.359511343804538,0.412173913043478,
IRF1,TF,no,0,0.640216154721274,0.687903030992276,0.6515386558907,52,91,-39,18,29,-11,0.629948364888124,0.426956521739131,1,0.52620495741937,0.95304347826087,0.384401114206128
F3,Gene,yes,20,0.693970420932878,0.652901699946256,0.650626387090738,92,92,0,21,21,0,0.20223752151463,0.915652173913043,1,0.377423466957551,0.476521739130435,0.88857938718663
HMGA1,TF,no,0,0.435437997724687,0.650907084265988,0.650175733705286,94,93,1,32,30,2,0.746987951807229,0.806086956521739,1,0.264308606896792,0.323478260869565,0.974930362116992
HOXA9,TF,no,0,0.348407281001138,0.649448003802246,0.648716653241544,95,94,1,33,31,2,0.957831325301205,0.931304347826087,1,0.536822292414867,0.0591304347826087,0.707520891364903
hsa-miR-181b,miRNA,yes,16,0.835608646188851,0.649201211439601,0.647096547048247,96,95,1,42,43,-1,0.562822719449225,0.808695652173913,,0.402268760907504,0.626086956521739,
hsa-miR-130b,miRNA,yes,2,0.561717861205916,0.647552930472957,0.646927219437689,99,96,3,43,44,-1,0.73407917383821,0.708695652173913,,0.416230366492147,0.813913043478261,
KLF5,TF,yes,3,0.700227531285552,0.652939803876119,0.646845215870268,91,97,-6,31,32,-1,0.668674698795181,0.695652173913044,0.47329650092081,0.297639785661363,0.784347826086957,0.908077994428969
SERPINE1,Gene,yes,42,0.621729237770193,0.647626254189252,0.646813642455139,98,98,0,22,22,0,0.85197934595525,0.571304347826087,1,0.460432353693059,0.699130434782609,0.323119777158774
IRF9,Gene,no,0,0.401877133105802,0.647017654319624,0.646286303758922,100,99,1,23,23,0,0.618760757314974,0.668695652173913,1,0.471332809707834,0.831304347826087,0.532033426183844
LEF1,TF,yes,5,0.683447098976109,0.653082521281737,0.646134690955068,90,100,-10,30,33,-3,0.20223752151463,0.872173913043478,1,0.528654607135754,0.991304347826087,0.245125348189415
IRAK2,Gene,no,0,0.338452787258248,0.646279577738282,0.64554822717758,101,101,0,24,24,0,0.896729776247849,0.641739130434783,1,0.493653815643345,0.730434782608696,0.417827298050139
hsa-miR-199a,miRNA,yes,26,0.871729237770193,0.64622172478415,0.644685888606676,102,102,0,44,45,-1,0.779690189328744,0.215652173913043,,0.952879581151833,0.403478260869565,
BACE1,Gene,yes,21,0.612912400455063,0.64547548079976,0.643931518504944,105,103,2,25,25,0,0.779690189328744,0.64,1,0.130904475502286,0.664347826086957,0.67966573816156
hsa-miR-148a,miRNA,yes,10,0.7886803185438,0.645946305010012,0.643898523440046,104,104,0,45,46,-1,0.882960413080895,0.315652173913044,,0.757417102966841,0.474782608695652,
hsa-miR-133a,miRNA,yes,10,0.583048919226394,0.60306113191967,0.642935989712617,163,105,58,66,47,19,0.679862306368331,0.686956521739131,,0.633507853403141,0.631304347826087,
hsa-miR-24,miRNA,yes,80,0.917235494880546,0.63792291055516,0.641563411123989,110,106,4,48,48,0,0.736660929432014,0.0278260869565217,,0.7521815008726,0.773913043478261,
hsa-miR-106a,miRNA,yes,96,0.871729237770193,0.636010475486781,0.641129929411696,113,107,6,49,49,0,0.675559380378657,0.562608695652174,,0.528795811518325,0.56695652173913,
EDN1,Gene,yes,12,0.569112627986348,0.642675562680384,0.640318988651455,107,108,-1,26,26,0,0.927710843373494,0.849565217391304,1,0.0961591161495969,0.674782608695652,0.364902506963788
CEBPA,TF,yes,8,0.876848691695108,0.648800923928629,0.64006534778691,97,109,-12,34,34,0,0.629948364888124,0.850434782608696,1,0.370148206434278,0.0539130434782609,0.6991643454039
TWIST1,TF,yes,14,0.938566552901024,0.646057050781452,0.640043723949013,103,110,-7,35,35,0,0.815834767641997,0.755652173913044,1,0.520084231174188,0.372173913043478,0.0779944289693593
hsa-miR-99b,miRNA,yes,11,0.457337883959044,0.598964166310824,0.639749149245978,167,111,56,68,50,18,0.746987951807229,0.42,,0.645724258289703,0.928695652173913,
hsa-miR-543,miRNA,yes,13,0.675767918088737,0.592743653113545,0.636259011475319,171,112,59,70,51,19,0.469879518072289,0.48,,0.74869109947644,0.80695652173913,
MMP2,Gene,yes,26,0.885381114903299,0.63721872676022,0.634577738624351,111,113,-2,27,27,0,0.984509466437177,0.259130434782609,1,0.796961630691601,0.290434782608696,0.225626740947075
CAV1,Gene,yes,1,0.41325369738339,0.634538465774867,0.633441439933814,115,114,1,29,28,1,1,0.987826086956522,1,0.533070849877662,0.391304347826087,0.108635097493036
HMGCS1,Gene,yes,1,0.588452787258248,0.63443860184824,0.633341576007186,116,115,1,30,29,1,0.20223752151463,0.36,1,0.648271753918095,0.64,0.994428969359331
TP63,TF,no,0,0.57679180887372,0.633789601873199,0.633058251312497,117,116,1,38,36,2,0.494836488812392,0.911304347826087,0.47329650092081,0.529127989041258,0.980869565217391,0.465181058495822
TFAP2A,TF,yes,7,0.677758816837315,0.638316037907574,0.632749647528897,108,117,-9,36,37,-1,0.20223752151463,0.776521739130435,1,0.533935704462967,0.394782608695652,0.844011142061281
hsa-miR-15a,miRNA,yes,27,0.842150170648464,0.628798905263728,0.632268757368393,127,118,9,56,52,4,0.839931153184165,0.71304347826087,,0.287958115183246,0.478260869565217,
hsa-miR-29a,miRNA,yes,68,0.941126279863481,0.629290587809028,0.630997072450666,125,119,6,55,53,2,0.869191049913941,0.273913043478261,,0.342059336823735,0.728695652173913,
hsa-miR-29b,miRNA,yes,68,0.962457337883959,0.631680033213379,0.630883673713948,119,120,-1,51,54,-3,0.934595524956971,0.221739130434783,,0.242582897033159,0.79304347826087,
ITGB1,Gene,no,0,0.29778156996587,0.631159934747301,0.630428584186599,120,121,-1,31,30,1,0.987951807228916,0.626086956521739,0.47329650092081,0.436782370570514,0.786086956521739,0.805013927576602
hsa-miR-17,miRNA,yes,96,0.949089874857793,0.629644972328507,0.630213800542386,123,122,1,54,55,-1,0.824440619621343,0.442608695652174,,0.792321116928447,0.142608695652174,
hsa-miR-26a,miRNA,yes,10,0.805460750853242,0.63343244605093,0.629791945482101,118,123,-5,50,56,-6,0.819277108433735,0.304347826086957,,0.713787085514834,0.506086956521739,
hsa-miR-125a,miRNA,yes,11,0.632536973833902,0.588855382072318,0.629640365007471,177,124,53,73,57,16,0.675559380378657,0.428260869565217,,0.655322862129145,0.756521739130435,
hsa-miR-767,miRNA,no,0,0.135949943117179,0.630111140202106,0.629087249417123,122,125,-3,53,58,-5,1,0.383478260869565,,0.977312390924956,0.648695652173913,
FOXD3,TF,no,0,0.302901023890785,0.629558297573156,0.628826947012454,124,126,-2,39,38,1,0.20223752151463,0.668695652173913,1,0.756039692498522,0.886956521739131,0.584958217270195
GJA1,Gene,yes,6,0.6919795221843,0.634945733708193,0.628729253942225,114,127,-13,28,31,-3,0.838209982788296,0.141739130434783,0.47329650092081,0.643274578896064,0.866086956521739,0.746518105849582
NGF,Gene,no,0,0.272184300341297,0.628922745011477,0.628191394450775,126,128,-2,32,32,0,0.585197934595525,0.588695652173913,1,0.347056957004601,0.907826086956522,0.696378830083566
hsa-miR-15b,miRNA,yes,27,0.809442548350398,0.618534106258251,0.627919771787262,137,129,8,58,59,-1,0.598967297762479,0.734782608695652,,0.966841186736475,0.0295652173913043,
SOX2,TF,yes,5,0.857508532423208,0.636370498618631,0.627634922476911,112,130,-18,37,39,-2,0.685025817555938,0.449565217391304,1,0.639378073933048,0.210434782608696,0.551532033426184
hsa-miR-340,miRNA,yes,6,0.64391353811149,0.630415081522861,0.627570940453463,121,131,-10,52,60,-8,0.463855421686747,0.66,,0.399650959860384,0.970434782608696,
hsa-miR-411,miRNA,yes,13,0.544084186575654,0.583752186861245,0.62726754522302,186,132,54,77,61,16,0.536144578313253,0.639130434782609,,0.881326352530541,0.535652173913043,
MEIS1,TF,no,0,0.218998862343572,0.627705215546085,0.626973864985383,128,133,-5,40,40,0,0.957831325301205,0.76695652173913,1,0.307571219923363,0.739130434782609,0.398328690807799
hsa-miR-18a,miRNA,yes,96,0.904436860068259,0.61625754532557,0.624334905962657,141,134,7,60,62,-2,0.685025817555938,0.482608695652174,,0.760907504363002,0.288695652173913,
SPP1,Gene,yes,1,0.277872582480091,0.625271818020211,0.624174792179158,130,135,-5,33,33,0,0.803786574870912,0.820869565217391,1,0.632517760798826,0.747826086956522,0.0863509749303621
ADRB2,Gene,yes,1,0.324800910125142,0.624109096305108,0.623012070464054,131,136,-5,34,34,0,0.482788296041308,0.977391304347826,1,0.436934792955735,0.768695652173913,0.370473537604457
hsa-miR-20b,miRNA,yes,96,0.842150170648464,0.611548041492104,0.620706175735562,145,137,8,62,63,-1,0.518932874354561,0.584347826086957,,0.453752181500873,0.704347826086957,
hsa-miR-125b,miRNA,no,0,0.593856655290102,0.658895182122178,0.619646035364499,86,138,-52,38,64,-26,0.6815834767642,0.879565217391304,,0.677137870855148,0.266086956521739,
MEN1,TF,no,0,0.29835039817975,0.620101727211798,0.619370376651096,134,139,-5,43,41,2,0.746987951807229,0.68,1,0.438506678480589,0.24695652173913,0.924791086350975
ILF3,TF,no,0,0.147042093287827,0.619978956539732,0.61924760597903,135,140,-5,44,42,2,1,0.498260869565217,1,0.378494103633808,0.330434782608696,0.98050139275766
hsa-miR-154,miRNA,yes,13,0.375995449374289,0.575522288629259,0.619037646991034,199,141,58,85,65,20,0.896729776247849,0.52,,0.958115183246073,0.344347826086957,
hsa-miR-129,miRNA,yes,1,0.592434584755404,0.627344377607098,0.618698188756131,129,142,-13,57,66,-9,0.594664371772806,0.595652173913044,,0.837696335078534,0.47304347826087,
BDNF,Gene,yes,1,0.633674630261661,0.619576544568611,0.618479518727558,136,143,-7,35,35,0,0.896729776247849,0.722608695652174,0.243093922651934,0.52855782960495,0.641739130434783,0.662952646239554
hsa-miR-379,miRNA,yes,13,0.5193401592719,0.574062979579886,0.61757833794166,203,144,59,88,67,21,0.562822719449225,0.738260869565217,,0.897033158813264,0.370434782608696,
SRF,TF,yes,4,0.664106939704209,0.622609317144641,0.617124187939375,133,145,-12,42,43,-1,0.657487091222031,0.52695652173913,0.47329650092081,0.213732568396132,0.84,0.944289693593315
MYH11,Gene,no,0,0.283845278725825,0.615944499095746,0.615213148535044,142,146,-4,36,36,0,0.20223752151463,0.978260869565217,1,0.832634018480265,0.558260869565217,0.45125348189415
IL11,Gene,yes,3,0.380546075085324,0.614739291010872,0.614454876903933,143,147,-4,37,37,0,0.20223752151463,0.75304347826087,1,0.475329208313502,0.88,0.610027855153203
MYCN,TF,yes,12,0.916097838452787,0.61780786114822,0.614232369518121,138,148,-10,45,44,1,0.657487091222031,0.394782608695652,0.47329650092081,0.323749152640157,0.91304347826087,0.62116991643454
hsa-miR-381,miRNA,yes,13,0.792377701934016,0.592360114136572,0.612382867265127,172,149,23,71,68,3,0.501721170395869,0.780869565217391,,0.74694589877836,0.24,
hsa-miR-139,miRNA,yes,1,0.463026166097839,0.612567866631833,0.611032030454359,144,150,-6,61,69,-8,0.871772805507745,0.984347826086957,,0.603839441535777,0.132173913043478,
STAT6,TF,yes,1,0.43259385665529,0.616960562862444,0.610784713683182,140,151,-11,46,45,1,0.20223752151463,0.533913043478261,1,0.527157923776818,0.805217391304348,0.774373259052925
SOX10,TF,no,0,0.361490329920364,0.610534293135745,0.609802942575043,146,152,-6,47,46,1,0.20223752151463,0.888695652173913,0.47329650092081,0.50123412867785,0.911304347826087,0.930362116991643
hsa-miR-221,miRNA,yes,2,0.72098976109215,0.617603013542309,0.607364105692479,139,153,-14,59,70,-11,0.771944922547332,0.202608695652174,,,0.733913043478261,
NGFR,Gene,yes,4,0.445676905574517,0.609109636718654,0.606874954449842,147,154,-7,38,38,0,0.525817555938038,0.899130434782609,0.243093922651934,0.380165823446801,0.940869565217391,0.813370473537604
EGR1,TF,yes,40,0.973265073947668,0.607630228361661,0.606614463694019,150,155,-5,50,47,3,0.518932874354561,0.958260869565217,0.47329650092081,0.238854513723624,0.546086956521739,0.537604456824513
CDH11,Gene,yes,4,0.633959044368601,0.607019706525225,0.604785024256413,151,156,-5,39,39,0,0.501721170395869,0.652173913043478,1,0.531439758227708,0.471304347826087,0.442896935933148
NR4A1,Gene,yes,1,0.386518771331058,0.605607690670057,0.604510664829004,154,157,-3,40,40,0,0.957831325301205,0.86695652173913,0.47329650092081,0.319818815605654,0.539130434782609,0.688022284122563
EPAS1,TF,yes,19,0.911547212741752,0.609062143443819,0.60426773421255,148,158,-10,48,48,0,0.440619621342513,0.929565217391304,1,0.423932326597724,0.156521739130435,0.367688022284123
CELSR3,Gene,no,0,0.305745164960182,0.604343449688705,0.603612099128003,155,159,-4,41,41,0,0.429432013769363,0.824347826086957,1,0.698415617382776,0.262608695652174,0.704735376044568
ITGA5,Gene,yes,4,0.50028441410694,0.603888502373694,0.603522827093343,157,160,-3,42,42,0,0.938898450946644,0.16,0.47329650092081,0.503746367726483,0.899130434782609,0.749303621169917
hsa-miR-148b,miRNA,yes,2,0.474971558589306,0.603991714064568,0.603366003029301,156,161,-5,64,71,-7,0.444061962134251,0.748695652173913,,0.366492146596859,0.982608695652174,
CEBPD,TF,no,0,0.289533560864619,0.603670730083833,0.60293937952313,160,162,-2,53,49,4,0.957831325301205,0.552173913043478,0.47329650092081,0.171274327707772,0.996521739130435,0.779944289693593
FGL2,Gene,yes,1,0.288964732650739,0.60375606418311,0.602659038342057,158,163,-5,43,43,0,0.20223752151463,0.805217391304348,1,0.501154504600835,0.925217391304348,0.495821727019499
hsa-miR-493,miRNA,yes,2,0.523606370875996,0.595773937165066,0.602258578803292,168,164,4,69,72,-3,0.458691910499139,0.655652173913043,,0.835951134380454,0.537391304347826,
hsa-miR-151a,miRNA,no,0,0.147610921501707,0.60343590523883,0.602156041757601,162,165,-3,65,73,-8,0.986230636833047,0.403478260869565,,,0.871304347826087,
NOTCH1,Gene,yes,4,0.63481228668942,0.603580554739205,0.601345872470393,161,166,-5,44,44,0,0.97934595524957,0.516521739130435,0.47329650092081,0.490768592845205,0.883478260869565,0.231197771587744
hsa-miR-31,miRNA,yes,2,0.660978384527873,0.606738963783398,0.600268542850519,153,167,-14,63,74,-11,0.657487091222031,0.176521739130435,,,0.906086956521739,
hsa-miR-29c,miRNA,yes,68,0.893344709897611,0.600354021013464,0.599671427156809,165,168,-3,67,75,-8,0.874354561101549,0.00695652173913044,,0.31413612565445,0.909565217391304,
CTNNB1,TF,yes,6,0.77872582480091,0.601088002455651,0.599056473120367,164,169,-5,54,50,4,0.832185886402754,0.409565217391304,0.47329650092081,0.244880450814133,0.660869565217391,0.793871866295265
SNAI2,TF,yes,1,0.73122866894198,0.62333283070296,0.598385650465677,132,170,-38,41,51,-10,0.700516351118761,0.686956521739131,0.47329650092081,0.491036014596224,0.509565217391304,0.596100278551532
hsa-miR-758,miRNA,yes,13,0.550341296928328,0.552361657692137,0.595877016053911,248,171,77,107,76,31,0.618760757314974,0.707826086956522,,0.956369982547993,0.146086956521739,
HDAC2,TF,yes,6,0.767064846416382,0.603730826017799,0.595401555743136,159,172,-13,52,52,0,0.20223752151463,0.365217391304348,1,0.308097961534597,0.881739130434783,0.643454038997215
TGFBR2,Gene,yes,25,0.652445961319681,0.595245624253447,0.593376617264986,169,173,-4,45,45,0,0.924268502581756,0.959130434782609,1,0.304205373969331,0.12695652173913,0.186629526462396
hsa-miR-133b,miRNA,yes,2,0.551194539249147,0.568289895971047,0.591156790168999,218,174,44,94,77,17,0.668674698795181,0.406086956521739,,0.825479930191972,0.504347826086957,
SCARB1,Gene,yes,1,0.364618885096701,0.591635566327562,0.590538540486508,173,175,-2,46,46,0,0.918244406196213,0.396521739130435,0.47329650092081,0.482543986589679,0.72695652173913,0.771587743732591
FOXO1,TF,no,0,0.398464163822526,0.591157735673068,0.590426385112366,174,176,-2,57,53,4,0.20223752151463,0.934782608695652,1,0.354254670858757,0.466086956521739,0.777158774373259
hsa-miR-503,miRNA,yes,29,0.761376564277588,0.582203477697411,0.590394603977274,189,177,12,79,78,1,0.458691910499139,0.508260869565218,,0.797556719022688,0.426086956521739,
SPI1,TF,yes,2,0.751137656427759,0.593962510380651,0.590265126990435,170,178,-8,56,54,2,0.598967297762479,0.465217391304348,0.47329650092081,0.465443655088798,0.659130434782609,0.71866295264624
TCF7L2,TF,no,0,0.334186575654152,0.606771128819411,0.589259345949266,152,179,-27,51,55,-4,0.20223752151463,0.805217391304348,1,0.423682592491096,0.84695652173913,0.512534818941504
TCF4,TF,no,0,0.45221843003413,0.58982945640194,0.589098105841238,175,180,-5,58,56,2,0.700516351118761,0.704347826086957,1,0.800391223390853,0.0121739130434783,0.454038997214485
hsa-miR-210,miRNA,no,0,0.344709897610922,0.589237452816189,0.588213562031207,176,181,-5,72,79,-7,0.844234079173838,0.770434782608696,,0.235602094240838,0.746086956521739,
hsa-miR-152,miRNA,yes,2,0.545221843003413,0.588592393195087,0.58796668215982,178,182,-4,74,80,-6,0.648881239242685,0.162608695652174,,0.647469458987784,0.935652173913043,
MME,Gene,yes,2,0.372013651877133,0.585831310466078,0.585384374012316,179,183,-4,47,47,0,0.20223752151463,0.98695652173913,1,0.840733861552872,0.269565217391304,0.426183844011142
NRP1,Gene,yes,5,0.647610921501707,0.583842199959806,0.583395263506044,185,184,1,50,48,2,0.761617900172117,0.767826086956522,0.47329650092081,0.625901810187953,0.60695652173913,0.200557103064067
hsa-miR-202,miRNA,no,0,0.281854379977247,0.58393342663921,0.582909535854227,184,185,-1,76,81,-5,0.700516351118761,0.48695652173913,,0.50087260034904,0.944347826086956,
DNAJB4,Gene,yes,1,0.414675767918089,0.583997622256718,0.582900596415665,183,186,-3,49,49,0,0.20223752151463,0.895652173913044,1,0.39773992265751,0.587826086956522,0.582172701949861
hsa-miR-185,miRNA,yes,1,0.423777019340159,0.584197311601739,0.582661475424264,182,187,-5,75,82,-7,0.864888123924269,0.539130434782609,,0.584642233856894,0.500869565217391,
DAB2,Gene,no,0,0.273321956769056,0.583389634097245,0.582658283536543,187,188,-1,51,50,1,0.572289156626506,0.737391304347826,1,0.807738302872895,0.481739130434783,0.206128133704735
hsa-miR-200b,miRNA,yes,47,0.962172923777019,0.582972882846522,0.582574703096806,188,189,-1,78,83,-5,0.814113597246127,0.686956521739131,,0.268760907504363,0.180869565217391,
UGCG,Gene,yes,5,0.520762229806599,0.585418490594409,0.581721107204193,180,190,-10,48,51,-3,0.20223752151463,0.198260869565217,1,0.466465947515536,0.876521739130435,0.807799442896936
hsa-miR-302a,miRNA,yes,6,0.643629124004551,0.578328665914702,0.58003515055634,195,191,4,82,84,-2,0.618760757314974,0.0260869565217391,,0.613438045375218,0.998260869565217,
hsa-miR-181a,miRNA,yes,16,0.86547212741752,0.581905891478732,0.58002875837293,190,192,-2,80,85,-5,0.728055077452668,0.372173913043478,,0.402268760907504,0.532173913043478,
PTN,Gene,no,0,0.186860068259386,0.579689966787238,0.578958616226536,192,193,-1,52,52,0,0.20223752151463,0.927826086956522,1,0.630411803380584,0.787826086956522,0.317548746518106
hsa-miR-30c,miRNA,yes,5,0.724402730375427,0.5618080747322,0.578474741398867,228,194,34,97,86,11,0.629948364888124,0.40695652173913,,0.181500872600349,0.949565217391304,
hsa-miR-485,miRNA,yes,13,0.569397042093288,0.534938119349565,0.57845347771134,284,195,89,120,87,33,0.20223752151463,0.592173913043478,,0.931937172774869,0.596521739130435,
KLF10,Gene,no,0,0.406427758816837,0.579005624096447,0.578274273535745,194,196,-2,53,53,0,0.41394148020654,0.818260869565217,1,0.270212659498185,0.523478260869565,0.615598885793872
ATF3,TF,no,0,0.455062571103527,0.607753477529,0.577686843366803,149,197,-48,49,57,-8,0.981927710843373,0.915652173913043,0.47329650092081,0.31488238992602,0.540869565217391,0.362116991643454
CEBPB,TF,yes,7,0.85580204778157,0.584666021456253,0.577474407609349,181,198,-17,59,58,1,0.546471600688468,0.326086956521739,0.47329650092081,0.317684457053717,0.667826086956522,0.855153203342618
hsa-miR-22,miRNA,yes,2,0.660409556313993,0.581891049972377,0.576714713226074,191,199,-8,81,88,-7,0.790877796901893,0.14,,0.532286212914485,0.76,
VDR,TF,yes,1,0.578498293515358,0.6001622935758,0.576637183873216,166,200,-34,55,59,-4,0.482788296041308,0.516521739130435,1,0.338661647174348,0.462608695652174,0.657381615598886
hsa-miR-296,miRNA,yes,1,0.287258248009101,0.578147562723278,0.576611726545803,196,201,-5,83,89,-6,0.803786574870912,0.455217391304348,,0.828970331588133,0.507826086956522,
hsa-miR-26b,miRNA,yes,2,0.542093287827076,0.576886193837959,0.576260482802692,197,202,-5,84,90,-6,0.675559380378657,0.259130434782609,,0.799301919720768,0.605217391304348,
ANPEP,Gene,no,0,0.195961319681456,0.57572185211613,0.574990501555428,198,203,-5,54,54,0,0.20223752151463,0.786086956521739,1,0.799460841424986,0.570434782608696,0.47075208913649
hsa-miR-128,miRNA,yes,5,0.675199089874858,0.575397259417935,0.574771548382668,200,204,-4,86,91,-5,0.657487091222031,0.376521739130435,,0.336823734729494,0.827826086956522,
hsa-miR-99a,miRNA,yes,5,0.419226393629124,0.541032860248615,0.574081779475009,268,205,63,113,92,21,0.746987951807229,0.915652173913043,,0.205933682373473,0.582608695652174,
GAD1,Gene,no,0,0.310011376564278,0.574813092605786,0.574081742045083,201,206,-5,55,55,0,0.20223752151463,0.5,1,0.614970504665888,0.678260869565217,0.713091922005571
hsa-miR-96,miRNA,yes,31,0.916382252559727,0.571389842045635,0.573494506436989,210,207,3,90,93,-3,0.572289156626506,0.887826086956522,,0.155322862129145,0.335652173913044,
hsa-miR-181c,miRNA,yes,12,0.766211604095563,0.574785245068345,0.572737463498379,202,208,-6,87,94,-7,0.454388984509467,0.40695652173913,,0.387434554973822,0.848695652173913,
IL6,Gene,yes,1,0.670079635949943,0.573398505725522,0.572301479884469,205,209,-4,57,56,1,0.957831325301205,0.90695652173913,0.47329650092081,0.546009836585753,0.346086956521739,0.105849582172702
hsa-miR-424,miRNA,yes,29,0.888225255972696,0.570880227026378,0.571676586525809,212,210,2,91,95,-4,0.618760757314974,0.0843478260869565,,0.776614310645724,0.490434782608696,
THBS2,Gene,no,0,0.319112627986348,0.571106643156268,0.570375292595566,211,211,0,59,57,2,0.424268502581756,0.486086956521739,1,0.765120932739527,0.878260869565217,0.119777158774373
hsa-miR-377,miRNA,yes,13,0.491183162684869,0.526725341565047,0.570240699926822,296,212,84,123,96,27,0.618760757314974,0.720869565217391,,0.862129144851658,0.158260869565217,
hsa-miR-10b,miRNA,yes,2,0.360068259385666,0.570200406867088,0.569574695831821,213,213,0,92,97,-5,0.700516351118761,0.914782608695652,,0.345549738219895,0.52695652173913,
SEMA6A,Gene,yes,4,0.463594994311718,0.571545031461471,0.569310349192659,209,214,-5,58,58,0,0.525817555938038,0.879130434782609,1,0.579741969913317,0.35304347826087,0.183844011142061
PTGER4,Gene,yes,5,0.398464163822526,0.573976393492228,0.569060092500842,204,215,-11,56,59,-3,0.20223752151463,0.868695652173913,1,0.305424545310314,0.634782608695652,0.573816155988858
SHC1,Gene,no,0,0.276734926052332,0.569295058314352,0.56856370775365,214,216,-2,60,60,0,0.871772805507745,0.288695652173913,0.47329650092081,0.52447331922714,0.946086956521739,0.598885793871866
hsa-miR-495,miRNA,yes,13,0.726962457337884,0.540525237339272,0.56765834314132,271,217,54,114,98,16,0.20223752151463,0.71304347826087,,0.863874345549738,0.332173913043478,
RUNX1,TF,yes,3,0.787827076222981,0.579175212214171,0.566945405615764,193,218,-25,60,60,0,0.920826161790017,0.198260869565217,0.138121546961326,0.640801513824942,0.951304347826087,0.331476323119777
hsa-miR-25,miRNA,yes,20,0.83674630261661,0.554767981932265,0.566087663388465,242,219,23,104,99,5,0.576592082616179,0.16,,0.916230366492147,0.340869565217391,
hsa-miR-92a,miRNA,yes,96,0.965301478953356,0.5601386399991,0.566054453423446,232,220,12,99,100,-1,0.598967297762479,0.091304347826087,,0.726003490401396,0.448695652173913,
XBP1,TF,no,0,0.377133105802048,0.566508803450683,0.56577745288998,220,221,-1,64,61,3,0.20223752151463,0.533913043478261,1,0.564009656029329,0.932173913043478,0.350974930362117
hsa-let-7e,miRNA,yes,11,0.730091012514221,0.567568772083298,0.56557787333472,219,222,-3,95,101,-6,0.429432013769363,0.091304347826087,,0.655322862129145,0.921739130434783,
hsa-miR-373,miRNA,yes,16,0.802616609783845,0.565008053937734,0.565064936759122,223,223,0,96,102,-6,0.817555938037866,0.0217391304347826,,0.731239092495637,0.452173913043478,
IER3,Gene,yes,5,0.334186575654152,0.568350673498114,0.564653290107898,217,224,-7,61,61,0,0.20223752151463,0.685217391304348,1,0.252195924018865,0.690434782608696,0.788300835654596
TAL1,TF,no,0,0.400455062571104,0.565382287744615,0.564650937183913,221,225,-4,65,62,3,0.700516351118761,0.938260869565217,0.47329650092081,0.503663479151342,0.253913043478261,0.682451253481894
hsa-miR-27b,miRNA,yes,80,0.902445961319681,0.560615647913856,0.564256148482685,231,226,5,98,103,-5,0.585197934595525,0.198260869565217,,0.420593368237347,0.714782608695652,
YY1,TF,yes,4,0.75938566552901,0.571638484380467,0.564121825839918,207,227,-20,62,63,-1,0.722030981067126,0.258260869565217,1,0.109720256845964,0.121739130434783,0.977715877437326
FAS,Gene,yes,24,0.571387940841866,0.56524196107788,0.563413584676124,222,228,-6,62,62,0,0.494836488812392,0.596521739130435,0.47329650092081,0.477325597303738,0.575652173913043,0.754874651810585
SP1,TF,yes,119,0.994311717861206,0.562261172578478,0.562261172578478,227,229,-2,66,64,2,0.910499139414802,0.427826086956522,0.138121546961326,0.304168663204043,0.297391304347826,0.863509749303621
TAGLN,Gene,no,0,0.109783845278726,0.562963451905788,0.562232101345086,225,230,-5,64,63,1,0.20223752151463,0.814782608695652,1,0.771334964276597,0.44695652173913,0.590529247910864
PAX5,TF,yes,1,0.362912400455063,0.56836942108443,0.562193571905168,216,231,-15,63,65,-2,0.20223752151463,0.198260869565217,1,0.840162693089871,0.707826086956522,0.623955431754875
S100B,Gene,no,0,0.147895335608646,0.562705166338161,0.561973815777459,226,232,-6,65,64,1,0.20223752151463,0.975652173913043,1,0.603831606740275,0.979130434782609,0.0250696378830084
F8,Gene,yes,1,0.408418657565415,0.563011144534605,0.561914118693552,224,233,-9,63,65,-2,0.20223752151463,0.913913043478261,1,0.457379929236365,0.812173913043478,0.139275766016713
hsa-miR-222,miRNA,yes,2,0.702502844141069,0.571589755456226,0.561350847606397,208,234,-26,89,104,-15,0.722030981067126,0.177391304347826,,,0.643478260869565,
hsa-miR-363,miRNA,yes,96,0.8273606370876,0.540195585588465,0.560445870002572,272,235,37,115,105,10,0.41394148020654,0.169565217391304,,0.516579406631763,0.874782608695652,
FGF7,Gene,yes,16,0.682309442548351,0.561199695431129,0.560387083697016,229,236,-7,66,66,0,0.475043029259897,0.900869565217391,1,0.432597031716499,0.203478260869565,0.22841225626741
hsa-miR-20a,miRNA,yes,96,0.950227531285552,0.558619574111861,0.559586582075457,235,237,-2,101,106,-5,0.848537005163511,0.187826086956522,,0.760907504363002,0.0504347826086957,
hsa-let-7c,miRNA,yes,5,0.670364050056883,0.55915020296537,0.558524491930102,233,238,-5,100,107,-7,0.585197934595525,0.888695652173913,,0.404886561954625,0.243478260869565,
ASS1,Gene,yes,1,0.243174061433447,0.559135334625867,0.558038308784814,234,239,-5,68,67,1,0.20223752151463,0.617391304347826,1,0.665526555534841,0.32,0.857938718662953
POU5F1,TF,yes,2,0.708759954493743,0.571897002415034,0.557676297068049,206,240,-34,61,66,-5,0.508605851979346,0.390434782608696,0.47329650092081,0.337458353165159,0.855652173913044,0.629526462395543
ADAMTS1,Gene,yes,2,0.364903299203641,0.557866768025205,0.557419831571443,236,241,-5,69,68,1,0.20223752151463,0.94695652173913,1,0.594982086511693,0.302608695652174,0.49025069637883
NTF3,Gene,yes,2,0.306598407281001,0.560682287710557,0.556984904320341,230,242,-12,67,69,-2,0.779690189328744,0.858260869565218,0.47329650092081,0.389194178818167,0.398260869565217,0.693593314763231
MYL9,Gene,no,0,0.205915813424346,0.556887263970315,0.556155913409613,238,243,-5,70,70,0,0.20223752151463,0.851304347826087,1,0.617904027197662,0.274782608695652,0.740947075208914
KLF2,TF,no,0,0.354095563139932,0.556491398252286,0.555760047691584,239,244,-5,67,67,0,0.20223752151463,0.815652173913044,1,0.125654925097871,0.740869565217391,0.651810584958217
hsa-miR-30d,miRNA,yes,13,0.839590443686007,0.553925048933805,0.555517767932667,243,245,-2,105,108,-3,0.448364888123924,0.0643478260869565,,0.769633507853403,0.655652173913043,
hsa-miR-449b,miRNA,yes,2,0.414391353811149,0.555474791771483,0.554849080736216,240,246,-6,103,109,-6,0.508605851979346,0.338260869565217,,0.733856893542757,0.779130434782609,
NFKB2,TF,no,0,0.16325369738339,0.554858204959842,0.55412685439914,241,247,-6,68,68,0,0.20223752151463,0.507826086956522,1,0.428247191834196,0.975652173913043,0.601671309192201
STAT4,TF,no,0,0.239192263936291,0.553603614000207,0.552872263439505,244,248,-4,69,69,0,0.20223752151463,0.592173913043478,1,0.559999783949579,0.961739130434783,0.314763231197772
TERT,Gene,yes,28,0.816552901023891,0.553309174668079,0.55217151824032,245,249,-4,71,71,0,0.20223752151463,0.672173913043478,0.47329650092081,0.887549940143943,0.314782608695652,0.498607242339833
hsa-miR-126,miRNA,no,0,0.263651877133106,0.552966220398878,0.551942329613895,246,250,-4,106,110,-4,0.896729776247849,0.678695652173913,,0.682373472949389,0.238260869565217,
hsa-miR-144,miRNA,yes,4,0.7113196814562,0.55744716289764,0.551815763580234,237,251,-14,102,111,-9,0.540447504302926,0.795652173913044,,0.602094240837696,0.109565217391304,
IGFBP5,Gene,yes,1,0.364050056882821,0.552360171658601,0.551263145817548,249,252,-3,73,72,1,0.437177280550775,0.360869565217391,1,0.662941073019166,0.638260869565217,0.395543175487465
FOSL1,Gene,yes,3,0.666382252559727,0.550172864956435,0.549888450849496,253,253,0,76,73,3,0.546471600688468,0.460869565217391,0.47329650092081,0.471350259934179,0.333913043478261,0.896935933147632
MYD88,Gene,yes,1,0.387656427758817,0.550555101501429,0.549458075660376,252,254,-2,75,74,1,0.20223752151463,0.554782608695652,1,0.26516325250614,0.918260869565217,0.518105849582173
hsa-miR-494,miRNA,yes,13,0.748009101251422,0.536705938754135,0.549163276638094,280,255,25,118,112,6,0.469879518072289,0.599130434782609,,0.779232111692845,0.149565217391304,
FMN2,Gene,yes,2,0.294368600682594,0.552609136985405,0.548911753595189,247,256,-9,72,75,-3,0.20223752151463,0.780869565217391,1,0.981358083452324,0.349565217391304,0.233983286908078
hsa-miR-483,miRNA,yes,1,0.270477815699659,0.549245558075949,0.547709721898474,254,257,-3,108,113,-5,0.700516351118761,0.8,,0.671902268760908,0.295652173913044,
ETS2,TF,no,0,0.335039817974972,0.547836689819217,0.547105339258515,256,258,-2,71,70,1,0.957831325301205,0.844347826086957,1,0.498975956615176,0.0486956521739131,0.144846796657382
hsa-miR-218,miRNA,yes,2,0.505688282138794,0.547501709077019,0.546875998041752,257,259,-2,110,114,-4,0.618760757314974,0.733913043478261,,0.855148342059337,0.0208695652173913,
LPL,Gene,yes,6,0.410125142207053,0.551302609472785,0.546630092001632,251,260,-9,74,76,-2,0.746987951807229,0.996521739130435,1,0.42057283157641,0.224347826086957,0.0278551532033426
EGR3,TF,no,0,0.224118316268487,0.546296607213712,0.54556525665301,258,261,-3,72,71,1,0.20223752151463,0.903478260869565,1,0.324394588435521,0.96695652173913,0.197771587743733
hsa-miR-301a,miRNA,yes,5,0.703924914675768,0.549044835821396,0.543868499075093,255,262,-7,109,115,-6,0.20223752151463,0.726086956521739,,0.539267015706806,0.547826086956522,
FHL1,Gene,no,0,0.217861205915813,0.543891306646409,0.543159956085707,261,263,-2,78,77,1,0.803786574870912,0.995652173913044,1,0.51898468885089,0.173913043478261,0.0919220055710306
SIRT1,TF,yes,3,0.600113765642776,0.543355639174865,0.543071225067926,263,264,-1,73,72,1,0.896729776247849,0.544347826086957,0.47329650092081,0.408270243939326,0.419130434782609,0.459610027855153
SPRY1,Gene,yes,4,0.482081911262799,0.545271959884734,0.543037277615922,259,265,-6,77,78,-1,0.494836488812392,0.928695652173913,1,0.448278597493257,0.386086956521739,0.0612813370473538
hsa-miR-34c,miRNA,yes,7,0.591581342434585,0.544028505035813,0.542777082965278,260,266,-6,111,116,-5,0.877796901893287,0.12,,0.795811518324607,0.328695652173913,
ZBTB16,TF,no,0,0.241751990898749,0.542970306549714,0.542238955989011,264,267,-3,74,73,1,0.20223752151463,0.970434782608696,1,0.588500425482815,0.742608695652174,0.0501392757660167
hsa-miR-30e,miRNA,yes,5,0.71188850967008,0.540072524445164,0.542063423193742,274,268,6,116,117,-1,0.463855421686747,0.258260869565217,,0.43979057591623,0.836521739130435,
SMAD6,Gene,no,0,0.362343572241183,0.542324090239968,0.541592739679266,266,269,-3,80,79,1,0.20223752151463,0.5,1,0.336838157875759,0.565217391304348,0.824512534818942
FST,Gene,yes,4,0.455915813424346,0.543506443197551,0.541271760928739,262,270,-8,79,80,-1,0.20223752151463,0.573913043478261,1,0.613321354405847,0.408695652173913,0.534818941504178
CACNA1H,Gene,yes,3,0.374288964732651,0.540951421332719,0.540667007225779,269,271,-2,82,81,1,0.20223752151463,0.563478260869565,0.47329650092081,0.738183837422295,0.965217391304348,0.467966573816156
hsa-miR-146a,miRNA,no,0,0.593856655290102,0.56925920731524,0.540192085586002,215,272,-57,93,118,-25,0.562822719449225,0.180869565217391,,0.980802792321117,0.382608695652174,
hsa-miR-372,miRNA,yes,16,0.741751990898749,0.53578309766764,0.539764895164796,282,273,9,119,119,0,0.603270223752151,0.0826086956521739,,0.718150087260035,0.55304347826087,
ADAMTS5,Gene,yes,1,0.621444823663254,0.540090005645141,0.538992979804088,273,274,-1,84,82,2,0.406196213425129,0.987826086956522,1,0.591118226529935,0.0660869565217391,0.100278551532033
hsa-miR-302c,miRNA,yes,6,0.653014789533561,0.537138823042056,0.538845307683694,278,275,3,117,120,-3,0.421686746987952,0.00608695652173913,,0.613438045375218,1,
MITF,TF,yes,1,0.711035267349261,0.552073879227004,0.538625155027426,250,276,-26,70,74,-4,0.20223752151463,0.774782608695652,1,0.574000474479964,0.0347826086956522,0.473537604456825
hsa-miR-1271,miRNA,yes,2,0.494880546075085,0.542655341416837,0.537479004670534,265,277,-12,112,121,-9,0.20223752151463,0.555652173913043,,0.954624781849913,0.48,
DDR2,Gene,no,0,0.198521046643914,0.538159012786201,0.537427662225499,277,278,-1,87,83,4,0.20223752151463,0.926956521739131,1,0.789908919908744,0.123478260869565,0.520891364902507
OXTR,Gene,yes,10,0.449943117178612,0.541427648415776,0.537161436811681,267,279,-12,81,84,-3,0.20223752151463,0.985217391304348,1,0.346595416324117,0.645217391304348,0.13091922005571
LDHA,Gene,yes,2,0.418657565415245,0.537107312447102,0.53666037599334,279,280,-1,88,85,3,0.844234079173838,0.411304347826087,0.47329650092081,0.524014479176924,0.182608695652174,0.902506963788301
FBN1,Gene,yes,5,0.643060295790671,0.539940322559066,0.53624293916885,275,281,-6,85,86,-1,0.607573149741825,0.397391304347826,0.47329650092081,0.826163990935616,0.516521739130435,0.289693593314763
COL7A1,Gene,yes,5,0.357508532423208,0.540590972822372,0.535674671830986,270,282,-12,83,87,-4,0.746987951807229,0.293913043478261,0.47329650092081,0.625692585535341,0.441739130434783,0.81058495821727
FLI1,TF,no,0,0.237201365187713,0.533364639692479,0.532633289131777,285,283,2,75,75,0,0.20223752151463,0.801739130434783,1,0.387615912683341,0.612173913043478,0.487465181058496
MTA1,TF,no,0,0.306598407281001,0.533034766054314,0.532303415493612,286,284,2,76,76,0,1,0.188695652173913,1,0.171583149230478,0.947826086956522,0.11142061281337
TLR4,Gene,yes,1,0.678612059158134,0.538394695049165,0.532218845869903,276,285,-9,86,88,-2,0.585197934595525,0.86695652173913,0.47329650092081,0.819746729551584,0.151304347826087,0.15041782729805
HIC1,Gene,yes,4,0.670364050056883,0.536425697780695,0.53094056857543,281,286,-5,89,89,0,0.20223752151463,0.603478260869565,1,0.306566882236317,0.577391304347826,0.356545961002786
PBX1,TF,no,0,0.220705346985211,0.531640571421005,0.530909220860303,288,287,1,78,77,1,0.957831325301205,0.345217391304348,1,0.250151962387758,0.75304347826087,0.18941504178273
MEF2C,TF,yes,1,0.426905574516496,0.531989397674682,0.530892371833629,287,288,-1,77,78,-1,0.20223752151463,0.820869565217391,1,0.421418633363563,0.563478260869565,0.28133704735376
POSTN,Gene,no,0,0.135949943117179,0.53077344071914,0.530042090158438,289,289,0,91,90,1,0.20223752151463,0.807826086956522,1,0.752761157030729,0.438260869565217,0.373259052924791
TBX21,Gene,yes,4,0.421217292377702,0.535018537217486,0.52953340801222,283,290,-7,90,91,-1,0.896729776247849,0.235652173913044,0.243093922651934,0.528604333864616,0.838260869565217,0.543175487465181
hsa-miR-433,miRNA,yes,2,0.430318543799772,0.505947933636198,0.528814827834151,322,291,31,129,122,7,0.700516351118761,0.595652173913044,,0.806282722513089,0.111304347826087,
hsa-miR-23b,miRNA,yes,80,0.911831626848692,0.527710501238545,0.528734392023528,294,292,2,122,123,-1,0.57487091222031,0.160869565217391,,0.378708551483421,0.617391304347826,
MT1E,Gene,no,0,0.109783845278726,0.529218181771455,0.528486831210752,291,293,-2,92,92,0,0.20223752151463,0.616521739130435,1,0.523259044633346,0.292173913043478,0.955431754874652
FOXO3,TF,yes,4,0.633390216154721,0.528629840872481,0.52826416559213,292,294,-2,79,79,0,0.20223752151463,0.522608695652174,0.47329650092081,0.361731024466583,0.610434782608696,0.894150417827298
PEG3,Gene,yes,2,0.317974971558589,0.528365879496387,0.527918943042625,293,295,-2,93,93,0,0.20223752151463,0.734782608695652,1,0.601411218798001,0.772173913043478,0.0668523676880223
hsa-let-7g,miRNA,yes,1,0.579635949943117,0.529238088955057,0.527702252777583,290,296,-6,121,124,-3,0.634251290877797,0.358260869565217,,0.579406631762653,0.486956521739131,
PTPRZ1,Gene,yes,1,0.23094425483504,0.527377166604057,0.526280140763003,295,297,-2,94,94,0,0.20223752151463,0.918260869565217,0.47329650092081,0.563855482686022,0.902608695652174,0.392757660167131
HBEGF,Gene,yes,22,0.667804323094426,0.526076037348865,0.524166399773698,297,298,-1,95,95,0,0.569707401032702,0.733913043478261,0.47329650092081,0.301934143914153,0.184347826086957,0.738161559888579
hsa-miR-19b,miRNA,yes,96,0.950227531285552,0.519898707012086,0.522287785510379,302,299,3,124,125,-1,0.700516351118761,0.184347826086957,,0.699825479930192,0.0765217391304348,
ADM,Gene,yes,3,0.363196814562002,0.522155845071971,0.521871430965032,300,300,0,97,96,1,0.20223752151463,0.845217391304348,1,0.163349343025688,0.942608695652174,0.136490250696379
STAT3,TF,yes,56,0.982366325369738,0.523358252643951,0.521814290349136,299,301,-2,80,80,0,0.853700516351119,0.169565217391304,0.0294659300184162,0.585038158125048,0.492173913043478,0.540389972144847
hsa-miR-214,miRNA,yes,26,0.833617747440273,0.503725748336036,0.521473188609073,326,302,24,130,126,4,0.451807228915663,0.136521739130435,,0.808027923211169,0.377391304347826,
APEX1,TF,no,0,0.241467576791809,0.520800170971354,0.520068820410652,301,303,-2,81,81,0,0.20223752151463,0.323478260869565,1,0.421105093157202,0.76695652173913,0.685236768802228
ID1,Gene,yes,3,0.452502844141069,0.52412702461002,0.519820182419219,298,304,-6,96,97,-1,0.700516351118761,0.71304347826087,0.47329650092081,0.253157081298883,0.413913043478261,0.632311977715878
hsa-let-7f,miRNA,yes,20,0.626564277588168,0.487073553743257,0.518188457042461,344,305,39,136,127,9,0.634251290877797,0.112173913043478,,0.661431064572426,0.556521739130435,
PPARA,TF,yes,1,0.523890784982935,0.51777275419351,0.516675728352457,305,306,-1,82,82,0,0.20223752151463,0.871304347826087,1,0.436960033461699,0.175652173913043,0.406685236768802
GBP1,Gene,no,0,0.158134243458476,0.516945689140237,0.516214338579535,306,307,-1,99,98,1,0.20223752151463,0.0617391304347826,1,0.683292102722004,0.914782608695652,0.593314763231198
hsa-miR-140,miRNA,yes,3,0.678043230944255,0.516609269794182,0.516211090044466,307,308,-1,126,128,-2,0.717728055077453,0.710434782608696,,0.0191972076788831,0.455652173913044,
SOX9,TF,no,0,0.315415244596132,0.516521968539585,0.515790617978882,308,309,-1,83,83,0,0.957831325301205,0.211304347826087,0.138121546961326,0.64743313402682,0.429565217391304,0.910863509749304
FOXD1,Gene,no,0,0.187144482366325,0.516016725614909,0.515285375054207,309,310,-1,100,99,1,0.585197934595525,0.525217391304348,1,0.413785643200208,0.895652173913044,0
ASCL1,Gene,no,0,0.238623435722412,0.515362152232251,0.514630801671549,310,311,-1,101,100,1,0.20223752151463,0.635652173913044,1,0.467014264491656,0.624347826086957,0.434540389972145
hsa-miR-32,miRNA,yes,2,0.626848691695108,0.518987125684913,0.51381078893861,303,312,-9,125,129,-4,0.418244406196213,0.699130434782609,,0.638743455497382,0.186086956521739,
hsa-miR-335,miRNA,no,0,0.439704209328783,0.514372481038848,0.513348590253865,312,313,-1,127,130,-3,0.585197934595525,0.857391304347826,,0.279232111692845,0.405217391304348,
hsa-miR-302b,miRNA,yes,6,0.639078498293515,0.510022531970613,0.511729016612251,319,314,5,128,131,-3,0.618760757314974,0.0226086956521739,,0.481675392670157,0.796521739130435,
RELA,TF,yes,87,0.989761092150171,0.512604965273184,0.511629831192247,315,315,0,86,84,2,0.476764199655766,0.0782608695652174,0.47329650092081,0.0844452065563706,0.551304347826087,0.927576601671309
OPTN,Gene,yes,1,0.25938566552901,0.512317738036242,0.511220712195189,316,316,0,103,101,2,0.20223752151463,0.623478260869565,1,0.551605097341695,0.68,0.261838440111421
CYLD,Gene,yes,4,0.661831626848692,0.513119043514884,0.510884361246072,314,317,-3,102,102,0,0.555938037865749,0.313913043478261,0.47329650092081,0.520965467604634,0.231304347826087,0.818941504178273
SMAD4,TF,yes,10,0.827929465301479,0.513436418104566,0.509942187647878,313,318,-5,85,85,0,0.746987951807229,0.637391304347826,0.47329650092081,0.522667576927453,0.0939130434782609,0.267409470752089
RXRA,TF,yes,1,0.50995449374289,0.51055526776821,0.509458241927157,318,319,-1,87,86,1,0.20223752151463,0.336521739130435,1,0.40854395726855,0.365217391304348,0.743732590529248
hsa-miR-215,miRNA,yes,2,0.47127417519909,0.502966540168779,0.509451181807004,330,320,10,132,132,0,0.803786574870912,0.46695652173913,,0.506108202443281,0.299130434782609,
RGS4,Gene,yes,4,0.421501706484642,0.511664902221645,0.509430219952833,317,321,-4,104,103,1,0.20223752151463,0.705217391304348,1,0.623054678147491,0.530434782608696,0.0835654596100279
PLAGL1,Gene,yes,1,0.315699658703072,0.518178211353189,0.508751915237473,304,322,-18,98,104,-6,0.20223752151463,0.921739130434783,1,0.28073933047755,0.361739130434783,0.479108635097493
TP73,TF,yes,1,0.541524459613197,0.514882354157446,0.508706504978184,311,323,-12,84,87,-3,0.779690189328744,0.185217391304348,0.0294659300184162,0.610582262414723,0.885217391304348,0.52924791086351
CHAC1,Gene,no,0,0.187144482366325,0.509080586634095,0.508349236073393,320,324,-4,105,105,0,0.20223752151463,0.550434782608696,1,0.231412170250819,0.972173913043478,0.415041782729805
hsa-miR-410,miRNA,yes,13,0.707337883959044,0.464534937847916,0.50805029620969,375,325,50,148,133,15,0.20223752151463,0.527826086956522,,0.819371727748691,0.283478260869565,
BMP7,Gene,no,0,0.291808873720137,0.507302479481487,0.506571128920785,321,326,-5,106,106,0,0.641135972461274,0.424347826086957,1,0.357066620512599,0.511304347826087,0.32033426183844
CITED2,Gene,yes,2,0.645051194539249,0.505570232005187,0.505123295551425,323,327,-4,107,107,0,0.20223752151463,0.651304347826087,0.47329650092081,0.254626283519051,0.518260869565217,0.79108635097493
SPARC,Gene,no,0,0.265358361774744,0.505473476905876,0.504742126345174,324,328,-4,108,108,0,0.957831325301205,0.148695652173913,0.47329650092081,0.714162977635398,0.700869565217391,0.272980501392758
BAALC,Gene,no,0,0.0867463026166098,0.504899928819755,0.504168578259053,325,329,-4,109,109,0,0.20223752151463,0.834782608695652,1,0.431699190861495,0.497391304347826,0.476323119777159
GLI1,TF,no,0,0.211035267349261,0.503722159850636,0.502990809289934,327,330,-3,88,88,0,0.20223752151463,0.650434782608696,0.243093922651934,0.343299727402536,0.987826086956522,0.883008356545961
REST,TF,yes,7,0.733788395904437,0.503642028856631,0.502748155949106,328,331,-3,89,89,0,0.864888123924269,0.233913043478261,0.138121546961326,0.295213640331485,0.495652173913044,0.757660167130919
hsa-miR-369,miRNA,yes,13,0.637087599544937,0.458658794008573,0.502174152370347,386,332,54,152,134,18,0.20223752151463,0.492173913043478,,0.819371727748691,0.36,
hsa-miR-376c,miRNA,yes,13,0.651308304891923,0.482133411166338,0.502156164294893,351,333,18,139,135,4,0.20223752151463,0.600869565217391,,0.705061082024433,0.351304347826087,
hsa-miR-346,miRNA,no,0,0.194539249146758,0.503114455408995,0.502090564624012,329,334,-5,131,136,-5,0.700516351118761,0.243478260869565,,0.926701570680628,0.445217391304348,
hsa-miR-519d,miRNA,yes,9,0.695108077360637,0.497523288866073,0.50036742993547,338,335,3,134,137,-3,0.553356282271945,0.147826086956522,,0.844677137870855,0.260869565217391,
hsa-miR-376a,miRNA,yes,13,0.549203640500569,0.456522020410489,0.500037378772264,391,336,55,154,138,16,0.20223752151463,0.39304347826087,,0.764397905759162,0.591304347826087,
hsa-miR-219a,miRNA,yes,3,0.463026166097839,0.499850823031633,0.499452643281917,334,337,-3,133,139,-6,0.494836488812392,0.191304347826087,,0.577661431064573,0.770434782608696,
ME1,Gene,no,0,0.151592718998862,0.49957445957221,0.498843109011508,335,338,-3,112,110,2,0.20223752151463,0.724347826086957,0.47329650092081,0.532288646449452,0.608695652173913,0.799442896935933
HRK,Gene,no,0,0.355233219567691,0.499211772948758,0.498480422388056,336,339,-3,113,111,2,0.20223752151463,0.138260869565217,1,0.356194020163559,0.56,0.877437325905292
DKK3,Gene,yes,4,0.455915813424346,0.502873528349518,0.497388399144252,331,340,-9,110,112,-2,0.433734939759036,0.788695652173913,0.47329650092081,0.5152860124743,0.307826086956522,0.506963788300836
hsa-miR-496,miRNA,yes,13,0.593856655290102,0.453720018466658,0.497235376828433,396,341,55,156,140,16,0.20223752151463,0.257391304347826,,0.898778359511344,0.533913043478261,
CD44,Gene,yes,2,0.451080773606371,0.497677158031741,0.497230221577979,337,342,-5,114,113,1,1,0.0139130434782609,0.138121546961326,0.467938236170295,0.916521739130435,0.493036211699164
hsa-miR-7,miRNA,yes,5,0.739192263936291,0.4974655216652,0.496839810629933,339,343,-4,135,141,-6,0.731497418244406,0.514782608695652,,0.383944153577661,0.114782608695652,
LIF,Gene,no,0,0.53839590443686,0.497276998476186,0.496545647915484,340,344,-4,115,114,1,0.508605851979346,0.614782608695652,0.138121546961326,0.196969696969697,0.824347826086957,0.654596100278552
hsa-miR-367,miRNA,yes,6,0.738054607508532,0.482992642459343,0.49522244905775,349,345,4,138,142,-4,0.20223752151463,,,0.545375218150087,,
PMEPA1,Gene,yes,2,0.443686006825939,0.500584925070406,0.49473412058479,332,346,-14,111,115,-4,0.48881239242685,0.133913043478261,0.47329650092081,0.484927812152943,0.87304347826087,0.565459610027855
ATF4,TF,yes,1,0.445676905574517,0.500312052285135,0.494136203105873,333,347,-14,90,90,0,0.20223752151463,0.222608695652174,1,0.293853576219116,0.325217391304348,0.969359331476323
CXCR5,Gene,no,0,0.236348122866894,0.49200444227049,0.491273091709788,342,348,-6,117,116,1,0.20223752151463,0.605217391304348,1,0.395302381261448,0.852173913043478,0.147632311977716
hsa-miR-134,miRNA,yes,13,0.659840728100114,0.447079819598203,0.490595177959977,423,349,74,161,143,18,0.20223752151463,0.624347826086957,,0.883071553228621,0.0834782608695652,
hsa-miR-299,miRNA,yes,13,0.574800910125142,0.445564685504688,0.489080043866463,425,350,75,162,144,18,0.20223752151463,0.663478260869565,,0.904013961605585,0.100869565217391,
ETV1,Gene,yes,3,0.689988623435722,0.494921481886463,0.488826893880612,341,351,-10,116,117,-1,0.458691910499139,0.748695652173913,0.47329650092081,0.667387823979923,0.311304347826087,0.0724233983286908
hsa-miR-301b,miRNA,yes,2,0.570534698521047,0.48660014138431,0.485974430349043,346,352,-6,137,145,-8,0.20223752151463,0.534782608695652,,0.416230366492147,0.706086956521739,
hsa-miR-217,miRNA,yes,1,0.376848691695108,0.470627633058285,0.485474049440538,365,353,12,144,146,-2,0.585197934595525,0.432173913043478,,0.530541012216405,0.502608695652174,
hsa-miR-329,miRNA,yes,13,0.547212741751991,0.441291152292915,0.48480651065469,432,354,78,165,147,18,0.20223752151463,0.63304347826087,,0.942408376963351,0.0991304347826087,
GATA4,TF,no,0,0.265073947667804,0.484249944038212,0.48351859347751,348,355,-7,93,91,2,0.20223752151463,0.544347826086957,1,0.5898922590974,0.666086956521739,0.116991643454039
TP53,TF,yes,53,0.985779294653015,0.484628688521198,0.483247248573205,347,356,-9,92,92,0,0.932874354561102,0.0208695652173913,0.47329650092081,0.488850106651154,0.464347826086957,0.0167130919220056
MAP3K1,Gene,yes,7,0.588737201365188,0.486838504382738,0.48269418453876,345,357,-12,118,118,0,0.514629948364888,0.118260869565217,0.138121546961326,0.636612450475338,0.822608695652174,0.559888579387187
GADD45G,Gene,yes,3,0.551194539249147,0.482535728782859,0.48225131467592,350,358,-8,119,119,0,0.20223752151463,0.661739130434783,1,0.0874331126591955,0.43304347826087,0.440111420612813
hsa-let-7a,miRNA,yes,20,0.853811149032992,0.479570960130747,0.48059485091573,354,359,-5,140,148,-8,0.76592082616179,0.263913043478261,,0.307155322862129,0.212173913043478,
ARNT,TF,yes,1,0.437713310580205,0.488852065954895,0.479425769839179,343,360,-17,91,93,-2,0.20223752151463,0.41304347826087,1,0.581329302449757,0.133913043478261,0.587743732590529
TLX1,TF,no,0,0.337315130830489,0.479746110881775,0.479014760321073,353,361,-8,94,94,0,0.20223752151463,0.682608695652174,1,0.482721070774379,0.436521739130435,0.211699164345404
TGFB2,Gene,yes,1,0.484357224118316,0.480051184950746,0.478954159109692,352,362,-10,120,120,0,0.858864027538726,0.401739130434783,0.138121546961326,0.463735491605818,0.721739130434783,0.284122562674095
hsa-miR-1193,miRNA,yes,13,0.455346985210467,0.406413275536356,0.47893887280598,480,363,117,181,149,32,0.20223752151463,,,0.779232111692845,,
VGF,Gene,no,0,0.0830489192263936,0.47875979487781,0.477906552556991,356,364,-8,122,121,1,,0.84,0.243093922651934,0.477394329827915,0.984347826086957,0.239554317548747
MYBL1,Gene,yes,7,0.565984072810011,0.479283470427477,0.477170679918782,355,365,-10,121,122,-1,0.438898450946644,0.720869565217391,1,0.479778748936293,0.0817391304347826,0.052924791086351
HDAC3,TF,yes,2,0.478953356086462,0.476266864081445,0.475819927627683,358,366,-8,95,95,0,0.20223752151463,0.0982608695652174,0.47329650092081,0.366701430603981,0.725217391304348,0.986072423398329
NKX2-5,TF,yes,1,0.514789533560865,0.476105381591593,0.47500835575054,359,367,-8,96,96,0,0.20223752151463,0.24,1,0.449562257510853,0.0521739130434783,0.866295264623956
hsa-miR-181d,miRNA,yes,12,0.696814562002275,0.466910254147738,0.474703200677886,370,368,2,147,150,-3,0.20223752151463,0.342608695652174,,0.408376963350785,0.723478260869565,
MEF2A,TF,yes,1,0.58646188850967,0.475289585801168,0.474192559960115,360,369,-9,97,97,0,0.585197934595525,0.616521739130435,0.47329650092081,0.41679924980646,0.281739130434783,0.35933147632312
EPHA2,Gene,yes,6,0.499146757679181,0.47468545069874,0.47411662248486,361,370,-9,123,123,0,0.641135972461274,0.800869565217391,0.47329650092081,0.587627825133775,0.107826086956522,0.20891364902507
EP300,TF,yes,2,0.622866894197952,0.473951385434495,0.473504448980733,362,371,-9,98,98,0,0.803786574870912,0.316521739130435,0.138121546961326,0.430521538001221,0.0695652173913044,0.933147632311978
hsa-miR-191,miRNA,yes,3,0.456200227531286,0.445150838840364,0.472795890034903,426,372,54,163,151,12,0.657487091222031,0.631304347826087,,0.458987783595114,0.16,
hsa-miR-455,miRNA,yes,3,0.553469852104664,0.471780947439657,0.471382767689941,363,373,-10,142,152,-10,0.20223752151463,0.306956521739131,,0.596858638743456,0.697391304347826,
hsa-miR-486,miRNA,no,0,0.193401592718999,0.471367992489784,0.470344101704801,364,374,-10,143,153,-10,0.700516351118761,0.896521739130435,,0.368237347294939,0.19304347826087,
EPHB2,Gene,no,0,0.27844141069397,0.470203641609036,0.469472291048334,366,375,-9,124,124,0,0.546471600688468,0.652173913043478,0.47329650092081,0.479655202520857,0.6,0.256267409470752
hsa-miR-4295,miRNA,no,0,0.377417519908988,0.469503074947475,0.467796590305836,367,376,-9,145,154,-9,0.20223752151463,,,0.823734729493892,,
hsa-miR-342,miRNA,yes,1,0.378270762229807,0.468130265878271,0.466594429700797,369,377,-8,146,155,-9,0.525817555938038,0.705217391304348,,0.0541012216404887,0.669565217391304,
ELF4,Gene,yes,5,0.608646188850967,0.468591839977332,0.46635715770852,368,378,-10,125,125,0,0.469879518072289,0.337391304347826,1,0.407909724637209,0.128695652173913,0.311977715877437
HSF1,TF,no,0,0.368885096700796,0.466533903437375,0.465802552876673,371,379,-8,99,99,0,0.20223752151463,0.537391304347826,0.47329650092081,0.584584363208299,0.130434782608696,0.963788300835655
ERG,TF,no,0,0.196245733788396,0.465954291732795,0.465222941172093,373,380,-7,101,100,1,0.20223752151463,0.905217391304348,1,0.471377563009414,0.0608695652173913,0.420612813370474
PPP2R2B,Gene,yes,2,0.348691695108077,0.464642889045342,0.46419595259158,374,381,-7,126,126,0,0.20223752151463,0.879130434782609,0.243093922651934,0.338742013182756,0.989565217391304,0.247910863509749
RARA,TF,no,0,0.389362912400455,0.464197702946841,0.463466352386139,376,382,-6,102,101,1,0.20223752151463,0.601739130434783,0.47329650092081,0.536238065959363,0.375652173913043,0.665738161559889
KLF8,TF,no,0,0.196814562002275,0.464141630633282,0.46341028007258,377,383,-6,103,102,1,0.20223752151463,0.805217391304348,1,0.194762955591133,0.20695652173913,0.637883008356546
hsa-miR-487a,miRNA,yes,13,0.357508532423208,0.419601012301353,0.463116370663127,466,384,82,177,156,21,0.20223752151463,0.453913043478261,,0.802792321116928,0.499130434782609,
LAPTM4B,Gene,no,0,0.135949943117179,0.461949712175861,0.461218361615159,378,385,-7,127,127,0,0.20223752151463,0.519130434782609,1,0.374107567824845,0.44,0.557103064066852
hsa-miR-196b,miRNA,no,0,0.381399317406143,0.46166095478302,0.460637063998037,379,386,-7,149,157,-8,0.93631669535284,0.0565217391304348,,0.572425828970332,0.356521739130435,
hsa-miR-590,miRNA,no,0,0.437428896473265,0.477920306736057,0.460514163391347,357,387,-30,141,158,-17,0.877796901893287,0.656521739130435,,0.111692844677138,0.219130434782609,
hsa-miR-431,miRNA,yes,2,0.291240045506257,0.436942816034513,0.459809710232465,441,388,53,169,159,10,0.20223752151463,0.352173913043478,,0.851657940663176,0.601739130434783,
hsa-miR-193b,miRNA,yes,1,0.455062571103527,0.460868678505837,0.459332842328362,381,389,-8,151,160,-9,0.618760757314974,0.0895652173913044,,0.816753926701571,0.316521739130435,
CD151,Gene,no,0,0.130261660978385,0.459864336211918,0.459132985651216,383,390,-7,129,128,1,1,0.199130434782609,0.47329650092081,0.320390904063582,0.358260869565217,0.732590529247911
hsa-miR-448,miRNA,yes,1,0.405858930602958,0.461221313386761,0.458661586424304,380,391,-11,150,161,-11,0.20223752151463,,,0.767888307155323,,
AXL,Gene,yes,1,0.369453924914676,0.459577805035238,0.458480779194185,384,392,-8,130,129,1,0.494836488812392,0.613913043478261,0.47329650092081,0.511948092817873,0.241739130434783,0.504178272980501
TGFBI,Gene,no,0,0.151592718998862,0.45880202806125,0.458070677500548,385,393,-8,131,130,1,0.896729776247849,0.0765217391304348,0.47329650092081,0.563771228957119,0.986086956521739,0.0584958217270195
TMEM158,Gene,no,0,0.151592718998862,0.458191876369637,0.457460525808935,387,394,-7,132,131,1,0.20223752151463,0.452173913043478,1,0.36492002365396,0.702608695652174,0.328690807799443
MAP1LC3A,Gene,no,0,0.118885096700796,0.457485899459319,0.456754548898616,389,395,-6,134,132,2,0.20223752151463,0.0165217391304348,1,0.0792814234208985,0.939130434782609,0.841225626740947
hsa-miR-371a,miRNA,yes,16,0.564277588168373,0.426805751443875,0.456327935744216,451,396,55,173,162,11,0.700516351118761,0.0395652173913044,,0.718150087260035,0.259130434782609,
hsa-miR-382,miRNA,yes,13,0.674061433447099,0.4123466027497,0.455861961111475,472,397,75,179,163,16,0.20223752151463,0.389565217391304,,0.865619546247818,0.147826086956522,
hsa-miR-135a,miRNA,no,0,0.271615472127418,0.456780693638533,0.45575680285355,390,398,-8,153,164,-11,0.746987951807229,0.0956521739130435,,0.301919720767888,0.862608695652174,
SMAD7,Gene,yes,18,0.899601820250284,0.457944130363559,0.455465664574513,388,399,-11,133,133,0,0.91566265060241,0.153913043478261,0.138121546961326,0.237109313025543,0.15304347826087,0.690807799442897
RBPJ,TF,no,0,0.28839590443686,0.45587784871305,0.455146498152347,392,400,-8,104,103,1,0.20223752151463,0.609565217391304,1,0.172468481122209,0.278260869565217,0.635097493036212
F2R,Gene,yes,2,0.344994311717861,0.459893407382934,0.454042602897317,382,401,-19,128,134,-6,0.20223752151463,0.463478260869565,1,0.430826590512454,0.00695652173913044,0.729805013927577
NCOR1,TF,no,0,0.375995449374289,0.46646110637847,0.454028146846535,372,402,-30,100,104,-4,0.20223752151463,0.453913043478261,0.138121546961326,0.754999831136415,0.528695652173913,0.724233983286908
hsa-miR-708,miRNA,no,0,0.128555176336746,0.453805998152511,0.452782107367528,395,403,-8,155,165,-10,0.20223752151463,0.514782608695652,,0.771378708551483,0.64695652173913,
ACTA2,Gene,no,0,0.302616609783845,0.453084021325267,0.452352670764565,399,404,-5,138,135,3,0.20223752151463,0.865217391304348,0.47329650092081,0.650430210401653,0.363478260869565,0.309192200557103
CCL2,Gene,yes,5,0.594994311717861,0.452732764573981,0.452285828120218,401,405,-4,140,136,4,0.896729776247849,0.596521739130435,0.47329650092081,0.27837393449007,0.161739130434783,0.164345403899721
GLS,Gene,no,0,0.16382252559727,0.452578877904321,0.451847527343619,402,406,-4,141,137,4,0.20223752151463,0.408695652173913,0.47329650092081,0.333124405453279,0.732173913043478,0.84958217270195
VHL,TF,no,0,0.359499431171786,0.452394730112421,0.451663379551719,404,407,-3,106,105,1,0.20223752151463,0.0608695652173913,0.47329650092081,0.159682747762498,0.933913043478261,0.972144846796657
SNAP25,Gene,yes,6,0.674914675767918,0.455581063362321,0.451518004691754,393,408,-15,135,138,-3,0.407917383820998,0.334782608695652,0.243093922651934,0.595337085844252,0.681739130434783,0.222841225626741
MAP2,Gene,no,0,0.245449374288965,0.452129298545712,0.45139794798501,405,409,-4,142,139,3,0.482788296041308,0.756521739130435,0.47329650092081,0.771975577517912,0.248695652173913,0.181058495821727
IGFBP4,Gene,no,0,0.187144482366325,0.452099039809921,0.451367689249219,406,410,-4,143,140,3,0.20223752151463,0.313913043478261,0.47329650092081,0.597389446138719,0.859130434782609,0.526462395543176
NFKB1,TF,yes,103,0.995449374288965,0.45109316326323,0.451174424436641,410,411,-1,108,106,2,0.657487091222031,0.258260869565217,0.138121546961326,0.593712552867805,0.125217391304348,0.389972144846797
PROX1,TF,no,0,0.216154721274175,0.45176992559354,0.451038575032838,408,412,-4,107,107,0,0.20223752151463,0.940869565217391,0.47329650092081,0.86825537622777,0.0191304347826087,0.437325905292479
PTHLH,Gene,yes,18,0.557167235494881,0.452939939376381,0.450745887694275,400,413,-13,139,141,-2,0.20223752151463,0.723478260869565,1,0.306917340948755,0.170434782608696,0.194986072423398
hsa-miR-330,miRNA,yes,4,0.610921501706485,0.451247418850045,0.450735473457553,409,414,-5,158,166,-8,0.426850258175559,0.289565217391304,,0.322862129144852,0.603478260869565,
CD2AP,Gene,yes,10,0.689988623435722,0.453586957361588,0.450580293945368,397,415,-18,137,142,-5,0.20223752151463,0.313913043478261,1,0.393067594876257,0.485217391304348,0.0696378830083566
hsa-miR-107,miRNA,yes,3,0.611205915813424,0.450842249709173,0.450444069959457,411,416,-5,159,167,-8,0.546471600688468,0.607826086956522,,0.431064572425829,0.0556521739130435,
TLR3,Gene,no,0,0.170364050056883,0.450299609455636,0.449568258894934,413,417,-4,145,143,2,0.20223752151463,0.772173913043478,0.47329650092081,0.567123096923721,0.92,0.0417827298050139
INSM1,Gene,no,0,0.198521046643914,0.450176458413917,0.449445107853215,414,418,-4,146,144,2,0.20223752151463,0.69304347826087,1,0.472669770076649,0.420869565217391,0.158774373259053
hsa-miR-370,miRNA,yes,1,0.447383390216155,0.450629370980626,0.448709575758783,412,419,-7,160,168,-8,0.20223752151463,0.661739130434783,,,0.483478260869565,
MAX,TF,yes,1,0.560864618885097,0.448550418867038,0.447453393025985,416,420,-4,109,108,1,0.20223752151463,0.130434782608696,0.138121546961326,0.253602358843249,0.888695652173913,0.958217270194986
UCP2,Gene,yes,3,0.318259385665529,0.449512806178784,0.447074970976444,415,421,-6,147,145,2,0.657487091222031,0.37304347826087,0.47329650092081,0.593736027577056,0.415652173913044,0.298050139275766
FDFT1,Gene,no,0,0.131968145620023,0.447620027885255,0.446888677324553,418,422,-4,149,146,3,0.20223752151463,0.320869565217391,1,0.412082168723627,0.208695652173913,0.852367688022284
HOXB4,Gene,no,0,0.245449374288965,0.447617584132572,0.44688623357187,419,423,-4,150,147,3,0.508605851979346,0.417391304347826,0.47329650092081,0.653648322976861,0.59304347826087,0.236768802228412
FOXA2,TF,no,0,0.301194539249147,0.447232809891117,0.446501459330415,422,424,-2,110,109,1,0.20223752151463,0.0634782608695652,1,0.821484718676532,0.00173913043478261,0.735376044568245
PEG10,Gene,yes,6,0.645335608646189,0.448151756805777,0.446120227470493,417,425,-8,148,148,0,0.410499139414802,0.470434782608696,0.138121546961326,0.664980731448198,0.718260869565217,0.0752089136490251
CDCA7,Gene,yes,8,0.486916951080774,0.451958586655421,0.445579584542631,407,426,-19,144,149,-5,0.20223752151463,0.243478260869565,1,0.454797859605094,0.589565217391304,0.142061281337047
BMI1,TF,no,0,0.325369738339022,0.444301581694292,0.44357023113359,428,427,1,112,110,2,0.803786574870912,0.310434782608696,1,0.257431526113106,0.104347826086957,0.303621169916435
CREB1,TF,yes,1,0.691695108077361,0.452481653740803,0.443055357625087,403,428,-25,105,111,-6,0.536144578313253,0.452173913043478,0.138121546961326,0.175319693785327,0.339130434782609,0.768802228412256
DCBLD2,Gene,yes,1,0.470420932878271,0.454425583901333,0.442845866690217,394,429,-35,136,150,-14,0.20223752151463,0.690434782608696,1,0.366233182863712,0.217391304347826,0.153203342618384
CTGF,Gene,yes,10,0.556598407281001,0.447273782598337,0.442381859958975,421,430,-9,152,151,1,0.20223752151463,0.457391304347826,,0.673942936216633,0.321739130434783,
DACT1,Gene,yes,1,0.357792946530148,0.443419628143431,0.442322602302378,429,431,-2,154,152,2,0.20223752151463,0.123478260869565,1,0.509966394069202,0.735652173913044,0.167130919220056
hsa-miR-10a,miRNA,no,0,0.24004550625711,0.443175517587212,0.442151626802229,430,432,-2,164,169,-5,0.896729776247849,0.352173913043478,,0.520069808027923,0.201739130434783,
ADA,Gene,yes,1,0.239761092150171,0.447461309413013,0.44128546023375,420,433,-13,151,153,-2,0.803786574870912,0.313913043478261,0.47329650092081,0.282801988779742,0.51304347826087,0.462395543175488
VEGFC,Gene,yes,1,0.30745164960182,0.442217725320273,0.44112069947922,431,434,-3,155,154,1,0.700516351118761,0.66,0.47329650092081,0.2239595881248,0.544347826086957,0.178272980501393
CYR61,Gene,yes,2,0.339306029579067,0.446175339158192,0.440999002411889,424,435,-11,153,155,-2,0.20223752151463,0.850434782608696,,0.416494939226619,0.396521739130435,
SNAI1,TF,yes,6,0.75995449374289,0.445022551076811,0.440959492406244,427,436,-9,111,112,-1,0.803786574870912,0.0391304347826087,0.0294659300184162,0.250198318261146,0.864347826086956,0.33983286908078
hsa-miR-149,miRNA,yes,2,0.496587030716724,0.441102788219447,0.440477077184179,433,437,-4,166,170,-4,0.508605851979346,0.31304347826087,,0.692844677137871,0.191304347826087,
ASPN,Gene,yes,1,0.315699658703072,0.440599458952308,0.43931959547108,435,438,-3,156,156,0,0.20223752151463,0.644347826086957,1,0.442328218695733,0.031304347826087,
SUZ12,TF,no,0,0.261376564277588,0.439643841440617,0.438912490879915,436,439,-3,113,113,0,0.20223752151463,0.202608695652174,1,0.382228600458015,0.0852173913043478,0.938718662952646
HNF1A,TF,no,0,0.242036405005688,0.439206957460492,0.43847560689979,437,440,-3,114,114,0,0.896729776247849,0.239130434782609,0.243093922651934,0.727243880980197,0.00521739130434783,0.715877437325905
BHLHE40,Gene,yes,2,0.425199089874858,0.438159128269733,0.437712191815971,438,441,-3,157,157,0,0.20223752151463,0.262608695652174,1,0.317212410624719,0.826086956521739,0.0306406685236769
hsa-miR-92b,miRNA,yes,3,0.677758816837315,0.437717636700526,0.437319456950811,439,442,-3,168,171,-3,0.469879518072289,0.603478260869565,,0.200698080279232,0.234782608695652,
hsa-miR-146b,miRNA,yes,1,0.578213879408419,0.45326566343177,0.437054059336207,398,443,-45,157,172,-15,0.508605851979346,0.0991304347826087,,0.804537521815009,0.194782608695652,
hsa-miR-506,miRNA,yes,6,0.748293515358362,0.436753693666654,0.435957334167223,442,444,-2,170,173,-3,0.20223752151463,0.146086956521739,,0.910994764397906,0.172173913043478,
FOXC2,Gene,no,0,0.109783845278726,0.43553150142813,0.434800150867428,443,445,-2,158,158,0,0.20223752151463,0.34,0.47329650092081,0.502790878802302,0.568695652173913,0.846796657381616
IL1R1,Gene,no,0,0.202502844141069,0.432241933597706,0.431510583037004,444,446,-2,159,159,0,0.20223752151463,0.750434782608696,0.47329650092081,0.37675060937793,0.636521739130435,0.37883008356546
ELK1,TF,yes,3,0.59641638225256,0.437580781376582,0.431486193370731,440,447,-7,115,115,0,0.20223752151463,0.576521739130435,0.47329650092081,0.476274191489168,0.0243478260869565,0.671309192200557
hsa-miR-192,miRNA,yes,2,0.56769055745165,0.430760787472308,0.430135076437041,446,448,-2,171,174,-3,0.779690189328744,0.57304347826087,,0.197207678883072,0.0330434782608696,
NFYA,TF,no,0,0.255403868031854,0.430695970619647,0.429964620058945,447,449,-2,116,116,0,0.20223752151463,0.339130434782609,1,0.200893801780505,0.0956521739130435,0.916434540389972
SKIL,Gene,yes,1,0.54835039817975,0.430893107999884,0.429796082158831,445,450,-5,160,160,0,0.20223752151463,0.28,1,0.348235351796266,0.12,0.50974930362117
hsa-miR-520d,miRNA,yes,9,0.593856655290102,0.426648983735756,0.429493124805153,452,451,1,174,175,-1,0.444061962134251,0.0226086956521739,,0.994764397905759,0.0921739130434783,
hsa-miR-539,miRNA,yes,13,0.571956769055745,0.401247447433053,0.428380553235101,484,452,32,184,176,8,0.20223752151463,0.413478260869565,,0.841186736474695,0.11304347826087,
MYH9,Gene,yes,1,0.529579067121729,0.428211487816387,0.427114461975334,448,453,-5,161,161,0,0.418244406196213,0.208695652173913,0.0294659300184162,0.573955454083083,0.28,0.949860724233983
hsa-miR-454,miRNA,yes,1,0.449089874857793,0.428050499760328,0.426514663582854,449,454,-5,172,177,-5,0.20223752151463,0.743478260869565,,0.108202443280977,0.629565217391304,
TBX3,Gene,no,0,0.252559726962457,0.427107457755867,0.426376107195165,450,455,-5,162,162,0,0.469879518072289,0.106086956521739,0.47329650092081,0.705239501685638,0.139130434782609,0.838440111420613
hsa-miR-378a,miRNA,no,0,0.150455062571104,0.426121023582098,0.425097132797115,454,456,-2,175,178,-3,0.20223752151463,0.874782608695652,,0.178010471204188,0.72,
S100A2,Gene,no,0,0.33617747440273,0.424663150815243,0.423931800254541,457,457,0,166,163,3,0.20223752151463,0.348695652173913,0.47329650092081,0.405914047901109,0.716521739130435,0.484679665738162
hsa-miR-136,miRNA,yes,2,0.41382252559727,0.417077925489595,0.42356256712782,469,458,11,178,179,-1,0.20223752151463,0.36,,0.753926701570681,0.387826086956522,
HOXB7,TF,no,0,0.372013651877133,0.423817251315843,0.42308590075514,459,459,0,117,117,0,0.927710843373494,0.0608695652173913,0.138121546961326,0.589144629672068,0.205217391304348,0.668523676880223
USF1,TF,yes,4,0.659556313993174,0.42326563630762,0.422899961027269,461,460,1,118,118,0,0.20223752151463,0.65304347826087,0.0294659300184162,0.337910011319499,0.245217391304348,0.832869080779944
POU3F2,Gene,no,0,0.512798634812287,0.423599590461049,0.422868239900347,460,461,-1,168,164,4,0.20223752151463,0.29304347826087,0.243093922651934,0.5905124543868,0.99304347826087,0.125348189415042
LOX,Gene,yes,11,0.522753128555176,0.425047702275999,0.422203561206602,456,462,-6,165,165,0,0.73407917383821,0.229565217391304,0.138121546961326,0.54993456461893,0.683478260869565,0.0974930362116992
CTSB,Gene,yes,4,0.344994311717861,0.426225299637989,0.422202871554128,453,463,-10,163,166,-3,0.20223752151463,0.461739130434783,1,0.424327301193696,0.488695652173913,0.0334261838440111
PITX2,TF,no,0,0.139362912400455,0.422671211887453,0.421939861326751,462,464,-2,119,119,0,0.20223752151463,0.254782608695652,0.47329650092081,0.709211342362223,0.765217391304348,0.409470752089136
hsa-miR-132,miRNA,yes,9,0.715585893060296,0.420111252675438,0.420907612174869,465,465,0,176,180,-4,0.562822719449225,0.229565217391304,,0.012216404886562,0.584347826086957,
SQSTM1,Gene,yes,3,0.6919795221843,0.425052469508865,0.420745627318064,455,466,-11,164,167,-3,0.20223752151463,0.288695652173913,0.47329650092081,0.480973377186821,0.106086956521739,0.701949860724234
RBM38,Gene,yes,2,0.339306029579067,0.421141518345224,0.420694581891462,464,467,-3,170,168,2,0.525817555938038,0.249565217391304,0.47329650092081,0.292819605792264,0.342608695652174,0.721448467966574
FURIN,Gene,yes,3,0.53811149032992,0.424656431691297,0.418561843685446,458,468,-10,167,169,-2,0.418244406196213,0.142608695652174,0.138121546961326,0.467563976298794,0.662608695652174,0.562674094707521
COL18A1,Gene,no,0,0.126848691695108,0.418851491943799,0.418120141383097,467,469,-2,171,170,1,0.20223752151463,0.285217391304348,0.47329650092081,0.489903352455576,0.900869565217391,0.448467966573816
hsa-miR-194,miRNA,yes,2,0.565699658703072,0.411575040516357,0.418059682154582,474,470,4,180,181,-1,0.482788296041308,0.392173913043478,,0.270506108202443,0.379130434782609,
THBD,Gene,yes,8,0.441126279863481,0.418195008587981,0.4168948298134,468,471,-3,172,171,1,0.20223752151463,0.748695652173913,0.47329650092081,0.357100660324875,0.213913043478261,0.481894150417827
hsa-miR-122,miRNA,no,0,0.48037542662116,0.440694264390976,0.416177768372774,434,472,-38,167,182,-15,0.722030981067126,0.0591304347826087,,0.56369982547993,0.255652173913043,
POU2F1,TF,no,0,0.403014789533561,0.415880969848379,0.415149619287677,470,473,-3,120,120,0,0.20223752151463,0.221739130434783,0.47329650092081,0.490458435845994,0.285217391304348,0.83008356545961
DKK1,Gene,yes,7,0.584470989761092,0.421495936891396,0.414304323044492,463,474,-11,169,172,-3,0.832185886402754,0.0460869565217391,0.0294659300184162,0.312147215332647,0.31304347826087,0.782729805013928
hsa-miR-668,miRNA,yes,13,0.459328782707622,0.369797674847802,0.413313033209577,519,475,44,198,183,15,0.20223752151463,0.0660869565217391,,0.93717277486911,0.401739130434783,
HRH1,Gene,no,0,0.109783845278726,0.41339407877252,0.412662728211818,471,476,-5,173,173,0,0.20223752151463,0.541739130434783,0.47329650092081,0.499787258592589,0.841739130434783,0.220055710306407
KDM2A,TF,no,0,0.160409556313993,0.412016108841559,0.411284758280857,473,477,-4,121,121,0,0.20223752151463,0.0982608695652174,0.47329650092081,0.534736782625795,0.443478260869565,0.966573816155989
NR1H4,TF,yes,2,0.479522184300341,0.410733392189347,0.410286455735585,476,478,-2,123,122,1,0.20223752151463,0.337391304347826,0.243093922651934,0.31479598459608,0.620869565217391,0.674094707520891
AR,TF,yes,16,0.911831626848692,0.411388573194235,0.409316413272246,475,479,-4,122,123,-1,0.20223752151463,0.416521739130435,0.138121546961326,0.825273198428839,0.276521739130435,0.0947075208913649
UBB,Gene,no,0,0.16382252559727,0.408922246345484,0.408190895784782,478,480,-2,175,174,1,0.20223752151463,0.258260869565217,0.47329650092081,0.206820705868778,0.692173913043478,0.860724233983287
THBS1,Gene,yes,12,0.579351535836178,0.409606997266608,0.405259524489101,477,481,-4,174,175,-1,0.636833046471601,0.0304347826086957,0.0294659300184162,0.472379674902283,0.751304347826087,0.337047353760446
HEY1,TF,no,0,0.209897610921502,0.404810269512181,0.404078918951479,481,482,-1,125,124,1,0.20223752151463,0.577391304347826,0.47329650092081,0.0621277025370314,0.685217391304348,0.618384401114206
hsa-miR-320b,miRNA,no,0,0.331911262798635,0.404455210740435,0.403431319955452,482,483,-1,182,184,-2,0.20223752151463,0.283478260869565,,0.364746945898778,0.834782608695652,
hsa-miR-362,miRNA,no,0,0.270193401592719,0.402982285341442,0.401958394556459,483,484,-1,183,185,-2,0.525817555938038,0.228695652173913,,0.712041884816754,0.27304347826087,
hsa-miR-409,miRNA,yes,13,0.578782707622298,0.356929676918528,0.400445035280303,530,485,45,203,186,17,0.20223752151463,0.303478260869565,,0.846422338568936,0.071304347826087,
CREBBP,TF,no,0,0.377133105802048,0.400989158652966,0.400257808092264,485,486,-1,126,125,1,0.20223752151463,0.230434782608696,0.138121546961326,0.582011404494525,0.4,0.871866295264624
PCSK2,Gene,yes,1,0.277872582480091,0.400145259451996,0.399048233610943,486,487,-1,176,176,0,0.20223752151463,0.375652173913044,0.0294659300184162,0.811633709777451,0.973913043478261,0.122562674094708
hsa-miR-324,miRNA,no,0,0.161831626848692,0.398687253806156,0.397663363021173,487,488,-1,185,187,-2,0.20223752151463,0.377391304347826,,0.471204188481675,0.775652173913044,
hsa-miR-504,miRNA,no,0,0.132536973833902,0.398219764351962,0.396939900870733,488,489,-1,186,188,-2,0.957831325301205,0.23304347826087,,,0.264347826086957,
SOX3,Gene,no,0,0.135949943117179,0.396046313520527,0.395314962959825,489,490,-1,177,177,0,0.957831325301205,0.237391304347826,0.0294659300184162,0.534666032048231,0.300869565217391,0.571030640668524
NANOG,TF,yes,1,0.635381114903299,0.406685481637071,0.395105764425955,479,491,-12,124,126,-2,0.536144578313253,0.234782608695652,0.47329650092081,0.459002206741379,0.424347826086957,0.00278551532033426
HDAC9,TF,no,0,0.270193401592719,0.394974583556398,0.394243232995696,490,492,-2,127,127,0,0.20223752151463,0.466086956521739,0.47329650092081,0.80665051274285,0.521739130434783,0.0194986072423398
AHR,TF,no,0,0.31769055745165,0.394825080526311,0.394093729965609,492,493,-1,128,128,0,0.20223752151463,0.650434782608696,0.47329650092081,0.40203077899413,0.453913043478261,0.259052924791086
hsa-miR-421,miRNA,no,0,0.174914675767918,0.39488486366588,0.393860972880897,491,494,-3,187,189,-2,0.20223752151463,0.447826086956522,,0.493891797556719,0.650434782608696,
hsa-miR-376b,miRNA,yes,13,0.476393629124005,0.34905038918002,0.392565747541795,534,495,39,204,190,14,0.20223752151463,0.4,,0.706806282722513,0.177391304347826,
EXT1,Gene,no,0,0.372866894197952,0.39292843037401,0.392197079813308,495,496,-1,178,178,0,0.20223752151463,0.150434782608696,0.138121546961326,0.362881463283388,0.63304347826087,0.885793871866295
hsa-miR-216a,miRNA,yes,1,0.569112627986348,0.393567199989298,0.392031363811823,493,497,-4,188,191,-3,0.516351118760757,0.00608695652173913,,0.724258289703316,0.144347826086957,
MKL1,TF,yes,1,0.323947667804323,0.39327443386105,0.391738597683576,494,498,-4,129,129,0,0.20223752151463,0.294782608695652,,0.207290407794577,0.930434782608696,
LMO7,Gene,no,0,0.228100113765643,0.391385111980101,0.390653761419398,496,499,-3,179,179,0,0.20223752151463,0.470434782608696,1,0.657444459461136,0.165217391304348,0.011142061281337
hsa-let-7d,miRNA,yes,20,0.699374288964733,0.373569242345686,0.390008377726801,513,500,13,196,192,4,0.20223752151463,0.178260869565217,,0.673647469458988,0.196521739130435,
hsa-miR-33a,miRNA,yes,1,0.400170648464164,0.390711748963135,0.389175912785661,497,501,-4,189,193,-4,0.832185886402754,0.561739130434783,,0.137870855148342,0.0139130434782609,
LTBP1,Gene,yes,1,0.346985210466439,0.385961950452108,0.384864924611055,498,502,-4,180,180,0,0.20223752151463,0.130434782608696,0.138121546961326,0.696544273509387,0.937391304347826,0.242339832869081
hsa-miR-302d,miRNA,yes,6,0.592718998862344,0.383083951965967,0.384790436607605,501,503,-2,191,194,-3,0.771944922547332,0.0139130434782609,,0.545375218150087,0,
hsa-miR-135b,miRNA,yes,1,0.53896473265074,0.385552942068228,0.384017105890754,499,504,-5,190,195,-5,0.641135972461274,0.197391304347826,,0.495636998254799,0.0469565217391304,
MBD2,TF,no,0,0.159840728100114,0.381389626412415,0.380658275851713,502,505,-3,131,130,1,1,0.232173913043478,0.138121546961326,0.150511466727731,0.688695652173913,0.295264623955432
IRF3,TF,no,0,0.176336746302617,0.380816792631135,0.380085442070433,504,506,-2,132,131,1,0.20223752151463,0.42,1,0.223796867731855,0.337391304347826,0.3008356545961
AFP,Gene,no,0,0.151592718998862,0.380738868316683,0.38000751775598,505,507,-2,181,181,0,0.20223752151463,0.841739130434783,0.47329650092081,0.557353641123275,0.0104347826086957,0.423398328690808
hsa-miR-613,miRNA,no,0,0.438566552901024,0.380980756324168,0.37927427168253,503,508,-5,192,196,-4,0.603270223752151,,,0.0959860383944154,,
hsa-miR-188,miRNA,no,0,0.332764505119454,0.377301783022795,0.376277892237812,506,509,-3,193,197,-4,0.20223752151463,0.466086956521739,,0.586387434554974,0.293913043478261,
MAPK7,Gene,yes,1,0.437997724687144,0.377177101949558,0.376080076108505,508,510,-2,183,182,1,0.957831325301205,0.154782608695652,0.47329650092081,0.267492145469123,0.0626086956521739,0.278551532033426
hsa-miR-30b,miRNA,yes,13,0.793515358361775,0.374973215628231,0.374973215628231,510,511,-1,194,198,-4,0.53184165232358,0.275652173913044,,0.233856893542757,0.04,
DBI,Gene,no,0,0.0867463026166098,0.375365390883607,0.374634040322905,509,512,-3,184,183,1,0.20223752151463,0.136521739130435,0.47329650092081,0.174642636874026,0.763478260869565,0.785515320334262
WNT5A,Gene,no,0,0.219852104664391,0.374920535890477,0.374189185329775,511,513,-2,185,184,1,0.864888123924269,0.138260869565217,0.0294659300184162,0.319329111209521,0.83304347826087,0.214484679665738
ETV4,TF,yes,2,0.438850967007964,0.384926309316925,0.373956050906394,500,514,-14,130,132,-2,0.20223752151463,0.0652173913043478,0.47329650092081,0.0691085053293526,0.761739130434783,0.607242339832869
hsa-miR-502,miRNA,no,0,0.379977246871445,0.374189509307786,0.373165618522803,512,515,-3,195,199,-4,0.20223752151463,0.185217391304348,,0.788830715532286,0.309565217391304,
CDH3,Gene,no,0,0.234357224118316,0.372823717526777,0.372092366966075,514,516,-2,186,185,1,0.20223752151463,0.28,0.47329650092081,0.713168789569798,0.347826086956522,0.353760445682451
FHL2,Gene,yes,1,0.408418657565415,0.377212181124855,0.371036331945593,507,517,-10,182,186,-4,0.20223752151463,0.328695652173913,0.138121546961326,0.504593831439954,0.460869565217391,0.554317548746518
hsa-miR-138,miRNA,no,0,0.354948805460751,0.37186625000337,0.370842359218387,515,518,-3,197,200,-3,0.482788296041308,0.0539130434782609,,0.736474694589878,0.226086956521739,
ACTC1,Gene,no,0,0.258248009101251,0.370341483905111,0.369610133344408,517,519,-2,188,187,1,0.20223752151463,0.461739130434783,0.243093922651934,0.378009028889562,0.598260869565217,0.445682451253482
CTSV,Gene,yes,1,0.215301478953356,0.370886485464518,0.368966690242675,516,520,-4,187,188,-1,0.20223752151463,,,0.601503247967894,,0.456824512534819
HIF1A,TF,yes,62,0.981228668941979,0.369989680019695,0.368608240071702,518,521,-3,133,133,0,0.827882960413081,0.0121739130434783,0.0294659300184162,0.513456795465363,0.168695652173913,0.0473537604456825
SIX1,TF,no,0,0.200796359499431,0.368487369353823,0.367756018793121,520,522,-2,134,134,0,0.20223752151463,0.384347826086957,0.47329650092081,0.502379819133746,0.0452173913043478,0.766016713091922
hsa-miR-320a,miRNA,yes,4,0.576507394766781,0.368092994971363,0.367581049578871,521,523,-2,199,201,-2,0.761617900172117,0.297391304347826,,0.18673647469459,0.0156521739130435,
hsa-miR-18b,miRNA,yes,96,0.709613196814562,0.347709923856066,0.365457364129103,535,524,11,205,202,3,0.458691910499139,0.00173913043478261,,0.457242582897033,0.2,
DAPK1,Gene,yes,1,0.357792946530148,0.365309671805669,0.364212645964616,522,525,-3,189,189,0,0.448364888123924,0.0773913043478261,0.138121546961326,0.581309418688445,0.542608695652174,0.403899721448468
HNF4A,TF,no,0,0.7113196814562,0.364232415867786,0.363501065307083,523,526,-3,135,135,0,0.410499139414802,0.124347826086957,0.138121546961326,0.62340443944442,0.422608695652174,0.114206128133705
hsa-miR-425,miRNA,yes,3,0.460750853242321,0.359274328029886,0.358876148280171,527,527,0,201,203,-2,0.20223752151463,0.578260869565217,,0.525305410122164,0.0278260869565217,
CUX1,TF,no,0,0.164391353811149,0.359557362308876,0.358826011748174,526,528,-2,136,136,0,0.20223752151463,0.147826086956522,1,0.533289333834048,0.427826086956522,0.0362116991643454
FBXO32,Gene,yes,8,0.767918088737201,0.360490949989253,0.357768700679973,525,529,-4,190,190,0,0.20223752151463,0.568695652173913,0.47329650092081,0.366279405189448,0.0869565217391304,0.0389972144846797
ETV5,TF,no,0,0.126279863481229,0.3583762254612,0.357644874900498,528,530,-2,137,137,0,0.20223752151463,0.788695652173913,0.47329650092081,0.600716830369377,0.0365217391304348,0.275766016713092
hsa-miR-1251,miRNA,no,0,0.151023890784983,0.357729439805343,0.35670554902036,529,531,-2,202,204,-2,0.20223752151463,0.208695652173913,,0.701570680628272,0.52,
RNF144A,Gene,no,0,0.273321956769056,0.356744024393673,0.356012673832971,531,532,-1,191,191,0,0.20223752151463,0.489565217391304,0.47329650092081,0.395922576550849,0.652173913043478,0.00557103064066852
IL15,Gene,yes,1,0.288964732650739,0.356147821742845,0.355050795901792,532,533,-1,192,192,0,0.562822719449225,0.37304347826087,0.138121546961326,0.413399824037616,0.580869565217391,0.128133704735376
hsa-miR-361,miRNA,yes,2,0.486632536973834,0.361238635248177,0.354768214315299,524,534,-10,200,205,-5,0.641135972461274,0.188695652173913,,,0.102608695652174,
hsa-miR-542,miRNA,yes,29,0.550910125142207,0.32086603087128,0.354597543954329,546,535,11,208,206,2,0.562822719449225,0.0260869565217391,,0.535776614310646,0.0973913043478261,
YBX1,TF,yes,1,0.342718998862344,0.353648176160292,0.352551150319239,533,536,-3,138,138,0,0.20223752151463,0.208695652173913,0.138121546961326,0.203571313466073,0.380869565217391,0.991643454038997
hsa-let-7i,miRNA,yes,5,0.674345847554039,0.34281119128348,0.342185480248213,536,537,-1,206,207,-1,0.20223752151463,0.569565217391304,,0.1239092495637,0.140869565217391,
hsa-miR-338,miRNA,no,0,0.319681456200228,0.342251166129898,0.341227275344915,537,538,-1,207,208,-1,0.536144578313253,0.0191304347826087,,0.464223385689354,0.36695652173913,
S100A10,Gene,no,0,0.0969852104664391,0.339462782403638,0.338731431842936,538,539,-1,193,193,0,0.20223752151463,0.330434782608696,0.47329650092081,0.282243759600221,0.810434782608696,0.175487465181059
hsa-miR-1197,miRNA,yes,13,0.410125142207053,0.291086167477637,0.334601525839412,562,540,22,213,209,4,0.20223752151463,0.0521739130434783,,0.93542757417103,0.0730434782608696,
MSC,Gene,no,0,0.126848691695108,0.335221178399304,0.334489827838602,539,541,-2,194,194,0,0.20223752151463,0.365217391304348,0.243093922651934,0.601236063634921,0.457391304347826,0.345403899721449
RB1,TF,no,0,0.405574516496018,0.334546216185086,0.333814865624384,541,542,-1,139,139,0,0.20223752151463,0.387826086956522,0.47329650092081,0.428108539695615,0.431304347826087,0.00835654596100279
SLC1A3,Gene,no,0,0.151592718998862,0.334330214174273,0.333598863613571,542,543,-1,196,195,1,0.20223752151463,0.73304347826087,0.138121546961326,0.568697445660797,0.271304347826087,0.270194986072423
VCAM1,Gene,no,0,0.236348122866894,0.333870129690148,0.333138779129446,543,544,-1,197,196,1,0.20223752151463,0.276521739130435,0.47329650092081,0.729392929773701,0.163478260869565,0.250696378830084
GRHL1,Gene,yes,5,0.443686006825939,0.335020801932269,0.332786119663457,540,545,-5,195,197,-2,0.761617900172117,0.190434782608696,0.138121546961326,0.441068300482689,0.220869565217391,0.133704735376045
DDIT3,TF,no,0,0.363196814562002,0.328338210991369,0.327606860430667,544,546,-2,140,140,0,0.20223752151463,0.0156521739130435,0.47329650092081,0.275914788051866,0.135652173913044,0.827298050139276
PERP,Gene,no,0,0.249431171786121,0.326006101792165,0.325274751231462,545,547,-2,198,198,0,0.20223752151463,0.198260869565217,0.138121546961326,0.507348593022082,0.354782608695652,0.626740947075209
SCG3,Gene,yes,1,0.166097838452787,0.318971742887501,0.317874717046448,547,548,-1,199,199,0,0.20223752151463,0.674782608695652,0.0294659300184162,0.629002727280443,0.467826086956522,0.0557103064066852
CTCF,TF,no,0,0.331342434584755,0.31859386881967,0.317862518258968,549,549,0,142,141,1,0.20223752151463,0.0547826086956522,0.138121546961326,0.410904248768053,0.0904347826086957,0.997214484679666
MECP2,TF,no,0,0.32650739476678,0.318436516113818,0.317705165553116,550,550,0,143,142,1,0.20223752151463,0.56695652173913,0.138121546961326,0.291307312196836,0.676521739130435,0.0222841225626741
WWC1,Gene,no,0,0.319112627986348,0.31715273232823,0.316421381767528,551,551,0,200,200,0,0.424268502581756,0.281739130434783,0.138121546961326,0.563191454089968,0.32695652173913,0.161559888579387
SREBF2,TF,yes,3,0.681740614334471,0.318811208984051,0.310035002255626,548,552,-4,141,143,-2,0.20223752151463,0.130434782608696,0.47329650092081,0.233389417411135,0.0173913043478261,0.431754874651811
hsa-miR-375,miRNA,no,0,0.274459613196815,0.306165275387185,0.305141384602202,552,553,-1,209,210,-1,0.20223752151463,0.633913043478261,,0.340314136125655,0.0747826086956522,
HES1,TF,no,0,0.412969283276451,0.299082908137874,0.298351557577172,555,554,1,146,144,2,0.20223752151463,0.193913043478261,0.138121546961326,0.243382521010458,0.137391304347826,0.760445682451254
SDC4,Gene,no,0,0.193117178612059,0.294932916841598,0.294201566280896,556,555,1,201,201,0,0.20223752151463,0.206086956521739,0.138121546961326,0.291939319034001,0.615652173913044,0.412256267409471
PAX6,TF,no,0,0.256825938566553,0.293712400166914,0.292981049606212,557,556,1,147,145,2,0.20223752151463,0.411304347826087,0.0294659300184162,0.635887672536887,0.16695652173913,0.348189415041783
hsa-miR-28,miRNA,no,0,0.177474402730375,0.292790845024681,0.291766954239698,558,557,1,210,211,-1,0.20223752151463,0.52695652173913,,0.2478184991274,0.304347826086957,
hsa-miR-331,miRNA,no,0,0.154721274175199,0.292621128335575,0.291597237550592,559,558,1,211,212,-1,0.20223752151463,0.530434782608696,,0.0453752181500873,0.525217391304348,
hsa-miR-499a,miRNA,no,0,0.0867463026166098,0.292533683913834,0.291509793128851,560,559,1,212,213,-1,0.20223752151463,0.0869565217391304,,0.462478184991274,0.619130434782609,
ZBTB7A,TF,no,0,0.127986348122867,0.303928019267191,0.291495059735255,553,560,-7,144,146,-2,0.20223752151463,0.135652173913043,0.138121546961326,0.324897039212973,0.189565217391304,0.922005571030641
HSF2,TF,no,0,0.185437997724687,0.291903057173555,0.291171706612853,561,561,0,148,147,1,0.20223752151463,0.29304347826087,0.138121546961326,0.121771478127358,0.573913043478261,0.523676880222841
CDX2,TF,no,0,0.205346985210466,0.302484146916145,0.29005118738421,554,562,-8,145,148,-3,0.20223752151463,0.08,0.243093922651934,0.609962067125323,0.0434782608695652,0.646239554317549
BAG3,Gene,no,0,0.123435722411832,0.285628701323925,0.284897350763223,563,563,0,202,202,0,0.20223752151463,0.0373913043478261,0.47329650092081,0.384133316405427,0.227826086956522,0.545961002785515
hsa-miR-374a,miRNA,yes,1,0.457906712172924,0.282322878129586,0.280787041952111,565,564,1,214,214,0,0.525817555938038,0.0208695652173913,,0.31064572425829,0.088695652173913,
MYOD1,TF,yes,1,0.522468714448237,0.280857196546941,0.279760170705888,566,565,1,150,149,1,0.20223752151463,0.0573913043478261,0.138121546961326,0.500173077755182,0.0226086956521739,0.515320334261839
HSD17B2,Gene,no,0,0.109783845278726,0.278512745259261,0.277781394698559,567,566,1,203,203,0,0.20223752151463,0.805217391304348,0.138121546961326,0.442138402968343,0.23304347826087,0.0139275766016713
GATA1,TF,yes,2,0.660978384527873,0.285140476535569,0.277420665061491,564,567,-3,149,150,-1,0.20223752151463,0.0643478260869565,0.0294659300184162,0.271551786306665,0.40695652173913,0.306406685236769
FOXF2,TF,no,0,0.266780432309443,0.273295119365189,0.272563768804487,568,568,0,151,151,0,0.20223752151463,0.0365217391304348,0.47329650092081,0.481848470425339,0.154782608695652,0.292479108635098
NF1,TF,no,0,0.261945392491468,0.273100472803203,0.272369122242501,569,569,0,152,152,0,0.20223752151463,0.328695652173913,0.0294659300184162,0.539939977156823,0.257391304347826,0.286908077994429
GJB1,Gene,no,0,0.109783845278726,0.271289759285242,0.270558408724539,570,570,0,204,204,0,0.20223752151463,0.503478260869565,0.138121546961326,0.447658402203857,0.389565217391304,0.103064066852368
hsa-miR-212,miRNA,yes,9,0.685722411831627,0.270008295892193,0.269098170749986,571,571,0,215,215,0,0.20223752151463,0.0434782608695652,,0.0401396160558464,0.373913043478261,
hsa-miR-760,miRNA,yes,1,0.359499431171786,0.257716597987237,0.256180761809762,572,572,0,216,216,0,0.20223752151463,0.630434782608696,,0.0104712041884817,0.0782608695652174,
hsa-miR-190a,miRNA,no,0,0.208475540386803,0.255122190243197,0.254098299458214,573,573,0,217,217,0,0.20223752151463,0.414782608695652,,0.43630017452007,0.00869565217391304,
SOX1,Gene,no,0,0.245449374288965,0.252747155456631,0.252015804895929,574,574,0,205,205,0,0.482788296041308,0.0843478260869565,0.243093922651934,0.606471665729162,0.0573913043478261,0.0445682451253482
CDX1,TF,no,0,0.14391353811149,0.246081142389853,0.245349791829151,575,575,0,153,153,0,0.20223752151463,0.465217391304348,0.0294659300184162,0.0577647007918307,0.754782608695652,0.064066852367688
KCTD11,Gene,no,0,0.0969852104664391,0.242343595898124,0.241612245337422,576,576,0,206,206,0,0.20223752151463,0.0452173913043478,0.47329650092081,0.225303967807538,0.08,0.568245125348189
SYP,Gene,no,0,0.109783845278726,0.237142239477274,0.236410888916572,577,577,0,207,207,0,0.20223752151463,0.117391304347826,0.243093922651934,0.592116510056821,0.0643478260869565,0.325905292479109
NR1H2,TF,yes,1,0.281285551763368,0.226051634042088,0.224954608201034,578,578,0,154,154,0,0.20223752151463,0.0765217391304348,0.47329650092081,0.253163639972391,0.118260869565217,0.16991643454039
REL,TF,no,0,0.267349260523322,0.222282188016128,0.221550837455426,579,579,0,155,155,0,0.20223752151463,0.122608695652174,0.0294659300184162,0.29157304234428,0.250434782608696,0.387186629526462
GATA6,TF,no,0,0.287542662116041,0.221728562382711,0.220997211822009,580,580,0,156,156,0,0.20223752151463,0.538260869565217,0.138121546961326,0.059509901489911,0.0678260869565218,0.253481894150418
MAFB,TF,yes,1,0.218714448236633,0.22055682507132,0.219459799230266,581,581,0,157,157,0,0.20223752151463,0.228695652173913,0.47329650092081,0.320659720645618,0.00347826086956522,0.0891364902506964
hsa-miR-491,miRNA,no,0,0.127417519908987,0.219780580358872,0.218500716877644,582,582,0,218,218,0,0.20223752151463,0.328695652173913,,,0.215652173913043,
hsa-miR-802,miRNA,yes,1,0.301763367463026,0.1884135113464,0.179767322495433,583,583,0,219,219,0,0.20223752151463,0.0878260869565217,,0.265270506108203,0.0417391304347826,
