set_id,endpoint,score,n,events,HR_per_SD,lo,hi,z,p,HR_unadjusted,p_unadjusted,p_ph_assumption,FDR,FDR_unadjusted,collection,n_genes_in_universe
KEGG|hsa00340_HISTIDINE_METABOLISM,DSS,GSVA,1040,79,0.59519118039845,0.473888287389894,0.747544412155174,-4.46222468125719,8.11131106177961e-06,0.598997103899096,1.8711280892869e-05,0.751787192234825,0.00172069791145433,0.00512094192634073,KEGG_METABOLISM,20
REACTOME|R-HSA-9018678_BIOSYNTHESIS_OF_SPECIALIZED_PRORESOLVING_MEDIATORS_SPMS_,DSS,GSVA,1040,79,0.568361625869554,0.441062293269687,0.732402072655899,-4.36718542071077,1.25857877376584e-05,0.600502230527749,4.13185798453195e-05,0.695416484883229,0.00172069791145433,0.00548159825947905,REACTOME_METABOLISM,19
REACTOME|R-HSA-8978868_FATTY_ACID_METABOLISM,DSS,GSVA,1040,79,0.597125124378983,0.473599827456645,0.752868547438939,-4.36060917616083,1.2970084759706e-05,0.690865228437724,0.00130453507815477,0.979735970466678,0.00172069791145433,0.0388928724051802,REACTOME_METABOLISM,165
KEGG|hsa00410_BETA_ALANINE_METABOLISM,DSS,GSVA,1040,79,0.592405758921137,0.466426628406539,0.752411122842334,-4.29202304573859,1.77052567262421e-05,0.656790428675041,0.000465394152698382,0.0832215770331173,0.00176167304426109,0.0231533590967445,KEGG_METABOLISM,31
REACTOME|R-HSA-9018677_BIOSYNTHESIS_OF_DHA_DERIVED_SPMS,DSS,GSVA,1040,79,0.576436685969472,0.446533125076784,0.744131250899538,-4.22845435048545,2.35302245145238e-05,0.614804197638353,0.000102271640818988,0.620330134007567,0.00187300587135609,0.0101760282614893,REACTOME_METABOLISM,17
HUMANGEM|PYRUVATE_METABOLISM,DSS,GSVA,1040,79,0.619904773910679,0.489892854154781,0.78442035938707,-3.98187832873313,6.83727804920127e-05,0.704977670023128,0.00388545767051332,0.663749389341609,0.00453539443930351,0.0672353109941,HUMANGEM_SUBSYSTEM,44
HUMANGEM|BETA_ALANINE_METABOLISM,DSS,GSVA,1040,79,0.630179284587777,0.499408039447726,0.795193307586172,-3.89125623456674,9.97265481640063e-05,0.651316533518065,0.000275985961701611,0.0306150581134677,0.00460911449188133,0.0156917732510344,HUMANGEM_SUBSYSTEM,17
REACTOME|R-HSA-2142753_ARACHIDONATE_METABOLISM,DSS,GSVA,1040,79,0.620249215197518,0.487404945952901,0.789300749094804,-3.88407151292714,0.000102721672850345,0.688753324070476,0.000998483250781942,0.317916029948924,0.00460911449188133,0.0388928724051802,REACTOME_METABOLISM,58
HUMANGEM|HISTIDINE_METABOLISM,DSS,GSVA,1040,79,0.659359905302893,0.534259064202938,0.8137540639945,-3.88001931987801,0.000104448168077793,0.651977019487982,0.000156989367550381,0.833683718950448,0.00460911449188133,0.0124963536570103,HUMANGEM_SUBSYSTEM,40
HUMANGEM|ARACHIDONIC_ACID_METABOLISM,DSS,GSVA,1040,79,0.627128590463137,0.494677467882566,0.795043830598822,-3.85483671310375,0.000115806896780938,0.707404309152724,0.00253038581980854,0.697570940534358,0.00460911449188133,0.05035467781419,HUMANGEM_SUBSYSTEM,104
KEGG|hsa00590_ARACHIDONIC_ACID_METABOLISM,DSS,GSVA,1040,79,0.628661432248193,0.489679149139563,0.807090106023096,-3.64132794038608,0.000271235371801,0.684382800076413,0.00138449033974936,0.261118925424071,0.00872397197268313,0.0388928724051802,KEGG_METABOLISM,56
HALLMARK|HALLMARK_BILE_ACID_METABOLISM,DSS,GSVA,1040,79,0.647024986479196,0.511332857565796,0.818725663594843,-3.62555605063863,0.000288340344949243,0.724635882579661,0.00502509331801598,0.109140759441696,0.00872397197268313,0.0709232563856563,HALLMARK_METABOLIC,111
REACTOME|R-HSA-193368_SYNTHESIS_OF_BILE_ACIDS_AND_BILE_SALTS_VIA_7ALPHA_HYDROXYCHOLESTEROL,DSS,GSVA,1040,79,0.630533152322216,0.490271972527602,0.81092144453558,-3.59265468705906,0.000327326226330385,0.697835059295912,0.00240041976816619,0.629902018849615,0.00872397197268313,0.0502824772489549,REACTOME_METABOLISM,23
HUMANGEM|LEUKOTRIENE_METABOLISM,DSS,GSVA,1040,79,0.66749945419058,0.535293817547035,0.832356935087471,-3.58941078695595,0.000331426228177618,0.728532059995978,0.00508770908876299,0.786138662431788,0.00872397197268313,0.0709232563856563,HUMANGEM_SUBSYSTEM,170
HUMANGEM|VITAMIN_D_METABOLISM,DSS,GSVA,1040,79,0.641997886078145,0.503908394755168,0.817928992687376,-3.58648943053935,0.000335159642532856,0.609603357388705,2.5733376514275e-05,0.211134284139701,0.00872397197268313,0.00512094192634073,HUMANGEM_SUBSYSTEM,10
REACTOME|R-HSA-211897_CYTOCHROME_P450_ARRANGED_BY_SUBSTRATE_TYPE,DSS,GSVA,1040,79,0.661403574816992,0.527110928144899,0.829910110800137,-3.57010406800775,0.000356839434167744,0.655241511664543,0.000196222348375328,0.753874462694085,0.00872397197268313,0.0130160824422301,REACTOME_METABOLISM,65
REACTOME|R-HSA-211958_MISCELLANEOUS_SUBSTRATES,DSS,GSVA,1040,79,0.665900663455955,0.532293462745644,0.833043658480867,-3.55874438507717,0.000372631968682445,0.688042297111161,0.00105381828493793,0.577770411273639,0.00872397197268313,0.0388928724051802,REACTOME_METABOLISM,12
REACTOME|R-HSA-211945_PHASE_I_FUNCTIONALIZATION_OF_COMPOUNDS,DSS,GSVA,1040,79,0.666011728118903,0.527888465696502,0.840275268008887,-3.427546417222,0.000609062169825896,0.69488218033188,0.00174587839827475,0.822766529200063,0.0134670413105948,0.0408740942654912,REACTOME_METABOLISM,101
REACTOME|R-HSA-71384_ETHANOL_OXIDATION,DSS,GSVA,1040,79,0.643024007829145,0.498173909855056,0.829991026155821,-3.39095685344196,0.000696490650874279,0.749089185979284,0.0149553310618615,0.417919353836821,0.0145896462656823,0.155882235361512,REACTOME_METABOLISM,12
REACTOME|R-HSA-390918_PEROXISOMAL_LIPID_METABOLISM,DSS,GSVA,1040,79,0.664156914089782,0.522980370539357,0.84344352366102,-3.35644256947776,0.000789521163967942,0.794577119195198,0.0515739003856566,0.699562369356332,0.01509657356583,0.239664562267813,REACTOME_METABOLISM,27
REACTOME|R-HSA-2022854_KERATAN_SULFATE_BIOSYNTHESIS,DSS,GSVA,1040,79,1.50921318315349,1.18560767042885,1.92114515536189,3.3427395088253,0.000829557323383661,1.31472092818642,0.0192386381952682,0.678484043929701,0.01509657356583,0.182309000040875,REACTOME_METABOLISM,28
HUMANGEM|KERATAN_SULFATE_BIOSYNTHESIS,DSS,GSVA,1040,79,1.50438654356178,1.18389827029509,1.91163289045576,3.34109589129922,0.000834483965950402,1.34812674056024,0.0100135976188751,0.0592296427071433,0.01509657356583,0.124544120384759,HUMANGEM_SUBSYSTEM,20
REACTOME|R-HSA-193775_SYNTHESIS_OF_BILE_ACIDS_AND_BILE_SALTS_VIA_24_HYDROXYCHOLESTEROL,DSS,GSVA,1040,79,0.666812606808201,0.525033383503364,0.846877677818176,-3.32270181432398,0.00089150156946897,0.683304157055502,0.00133810130205994,0.784896832008077,0.0154268532455935,0.0388928724051802,REACTOME_METABOLISM,13
REACTOME|R-HSA-211935_FATTY_ACIDS,DSS,GSVA,1040,79,0.679087753980546,0.538207442894224,0.856844667785422,-3.26240480120312,0.00110471270276425,0.702212981869446,0.00209709859711823,0.619541548174146,0.0180447769748863,0.0463691800918364,REACTOME_METABOLISM,16
KEGG|hsa00601_GLYCOSPHINGOLIPID_BIOSYNTHESIS_LACTO_AND_NEOLACTO_SERIES,DSS,GSVA,1040,79,1.49795557687418,1.17373139441001,1.91174140946991,3.24721248818462,0.00116541345598628,1.23250246894326,0.0670080991843218,0.0167429162737305,0.0180447769748863,0.259328410276832,KEGG_METABOLISM,28
KEGG|hsa00071_FATTY_ACID_DEGRADATION,DSS,GSVA,1040,79,0.664831679691394,0.519098213828468,0.851478873451366,-3.23355700868397,0.00122258932550897,0.749310028442024,0.0152748924097964,0.78680530700187,0.0180447769748863,0.155882235361512,KEGG_METABOLISM,41
HUMANGEM|FATTY_ACID_OXIDATION,DSS,GSVA,1040,79,0.680963998852826,0.539463503801184,0.859579868640252,-3.23319419951942,0.00122414316161289,0.75411426990798,0.0150306230200678,0.369576418063159,0.0180447769748863,0.155882235361512,HUMANGEM_SUBSYSTEM,67
HUMANGEM|PROPANOATE_METABOLISM,DSS,GSVA,1040,79,0.680330242820919,0.537292177363102,0.861447939868251,-3.19843532295613,0.00138175523777452,0.821664705319117,0.0983004669957663,0.294736834591117,0.0196406637369378,0.315512789228347,HUMANGEM_SUBSYSTEM,30
KEGG|hsa00730_THIAMINE_METABOLISM,DSS,GSVA,1040,79,0.694316200004148,0.554716124915412,0.869048084119983,-3.18554537816598,0.001444814431821,0.754170678464229,0.0126033976720242,0.654856164567316,0.0198288325470606,0.139337563151823,KEGG_METABOLISM,11
KEGG|hsa00533_GLYCOSAMINOGLYCAN_BIOSYNTHESIS_KERATAN_SULFATE,DSS,GSVA,1040,79,1.46260626211864,1.15621745119991,1.85018577238097,3.17030454196787,0.00152279244319806,1.27146566170888,0.0369733281617309,0.222744549552184,0.0202023797464276,0.221549943957905,KEGG_METABOLISM,14
HUMANGEM|OMEGA_3_FATTY_ACID_METABOLISM,DSS,GSVA,1040,79,0.706022743937818,0.566741865849985,0.879532896709326,-3.10494414360533,0.00190314960495786,0.738927744972582,0.00597912460894563,0.732903993673342,0.0244339852507494,0.0767642449793665,HUMANGEM_SUBSYSTEM,45
REACTOME|R-HSA-2142691_SYNTHESIS_OF_LEUKOTRIENES_LT_AND_EOXINS_EX_,DSS,GSVA,1040,79,0.704889693449501,0.563141228779596,0.882317710972991,-3.05303397439832,0.00226540288679694,0.778461632120779,0.0222696372804904,0.253147598927777,0.028175948404537,0.188581183779472,REACTOME_METABOLISM,20
REACTOME|R-HSA-211859_BIOLOGICAL_OXIDATIONS,DSS,GSVA,1040,79,0.703852842931998,0.560569994216968,0.883759083815158,-3.02407104598319,0.00249397863424433,0.775409985504965,0.0249196838322147,0.792476128383202,0.0295646381159107,0.193248553559567,REACTOME_METABOLISM,206
REACTOME|R-HSA-77289_MITOCHONDRIAL_FATTY_ACID_BETA_OXIDATION,DSS,GSVA,1040,79,0.694754513082909,0.548513786606597,0.879984870453692,-3.02025465612554,0.00252562235161046,0.800200659439902,0.0518937544802614,0.0943495585056792,0.0295646381159107,0.239664562267813,REACTOME_METABOLISM,34
HUMANGEM|BLOOD_GROUP_BIOSYNTHESIS,DSS,GSVA,1040,79,1.45095146924388,1.13833116122914,1.84942680812477,3.00651778288155,0.00264258596612501,1.18308928581315,0.133422907638446,0.0508811305334236,0.0300499775576501,0.357400551252206,HUMANGEM_SUBSYSTEM,16
CURATED|CURATED_ANTIFOLATE_DETERMINANTS,DSS,GSVA,1040,79,1.42161556802399,1.12941257743652,1.78941767040997,2.99664165359354,0.00272971382980617,1.25619049744543,0.0443565506465517,0.0938349387475317,0.0301785028961904,0.228823699696363,CURATED_SIGNATURE,10
HUMANGEM|GLYCOSPHINGOLIPID_BIOSYNTHESIS_LACTO_AND_NEOLACTO_SERIES,DSS,GSVA,1040,79,1.44489083560332,1.13331213255412,1.84213110125753,2.96985534729975,0.00297940006453044,1.20233767624205,0.106537497001866,0.0117565352170189,0.0320486817752193,0.326523697943239,HUMANGEM_SUBSYSTEM,26
REACTOME|R-HSA-556833_METABOLISM_OF_LIPIDS,DSS,GSVA,1040,79,0.706406520913444,0.560707280714296,0.889965566620318,-2.94913476927286,0.00318664980239807,0.799887232989451,0.044232092960374,0.454252940968187,0.0333759637198534,0.228823699696363,REACTOME_METABOLISM,708
HUMANGEM|BILE_ACID_BIOSYNTHESIS,DSS,GSVA,1040,79,0.707053204745641,0.559860629887358,0.892944078674838,-2.91079793842816,0.00360507074966253,0.788130223452991,0.0378944446669582,0.54491440190483,0.0367109667939297,0.221549943957905,HUMANGEM_SUBSYSTEM,88
KEGG|hsa00650_BUTANOATE_METABOLISM,DSS,GSVA,1040,79,0.697866128705871,0.547410130338967,0.889675047287395,-2.90355306469619,0.00368954440139997,0.79338046149865,0.0516821509909887,0.249696123974704,0.0367109667939297,0.239664562267813,KEGG_METABOLISM,26
KEGG|hsa00982_DRUG_METABOLISM_CYTOCHROME_P450,DSS,GSVA,1040,79,0.716738563277789,0.570815675795189,0.899965067311557,-2.86747817485181,0.00413757341142467,0.767989846017328,0.025048888423038,0.894520214995602,0.04016473701822,0.193248553559567,KEGG_METABOLISM,66
HUMANGEM|BETA_OXIDATION_OF_EVEN_CHAIN_FATTY_ACIDS_MITOCHONDRIAL_,DSS,GSVA,1040,79,0.707458173693445,0.557265742852739,0.898129974693103,-2.84244478723407,0.004476898475555,0.827283444812302,0.101188365931482,0.149447811401242,0.0414475070929432,0.319626743180396,HUMANGEM_SUBSYSTEM,15
HUMANGEM|VALINE_LEUCINE_AND_ISOLEUCINE_METABOLISM,DSS,GSVA,1040,79,0.711334159265454,0.56243023520394,0.899660534705098,-2.84236657766918,0.00447799699747879,0.822792878393245,0.102024072944583,0.650863408246653,0.0414475070929432,0.319728984503496,HUMANGEM_SUBSYSTEM,57
KEGG|hsa00280_VALINE_LEUCINE_AND_ISOLEUCINE_DEGRADATION,DSS,GSVA,1040,79,0.705905781808086,0.554313136121825,0.898955735157915,-2.82362094325385,0.00474845068226193,0.822109895781394,0.0991339569947601,0.571979149169517,0.0429518948077329,0.315642519071316,KEGG_METABOLISM,47
REACTOME|R-HSA-71387_METABOLISM_OF_CARBOHYDRATES_AND_CARBOHYDRATE_DERIVATIVES,DSS,GSVA,1040,79,1.39136840962755,1.10545052830385,1.751237166877,2.81420055835478,0.00488987103040715,1.32191783931423,0.0117276478851878,0.00543795621908902,0.0432481926689344,0.138342597305951,REACTOME_METABOLISM,286
HUMANGEM|BETA_OXIDATION_OF_PHYTANIC_ACID_PEROXISOMAL_,DSS,GSVA,1040,79,0.713049285059941,0.561900795276092,0.90485595891472,-2.782582225837,0.00539281981414551,0.800524996657815,0.0530854001637617,0.999637456027901,0.0463800758519381,0.239664562267813,HUMANGEM_SUBSYSTEM,12
REACTOME|R-HSA-2022870_CS_GAG_BIOSYNTHESIS,DSS,GSVA,1040,79,1.40610212485227,1.10552251972548,1.78840607064706,2.77754982970911,0.00547704413326907,1.24856504862701,0.0522975076739116,0.465515789287529,0.0463800758519381,0.239664562267813,REACTOME_METABOLISM,21
REACTOME|R-HSA-390247_BETA_OXIDATION_OF_VERY_LONG_CHAIN_FATTY_ACIDS,DSS,GSVA,1040,79,0.727821802387472,0.579586637036584,0.913969615895599,-2.73420190950692,0.00625316865638321,0.824762644597764,0.0937003797254901,0.72412121334011,0.0512186550020749,0.30442591787804,REACTOME_METABOLISM,10
CONTROL|CONTROL_PROLIFERATION,DSS,GSVA,1040,79,1.39864778426286,1.09876033366962,1.780384278972,2.72493992284362,0.00643131882839183,1.35789755575803,0.0118182118301566,0.077669751493736,0.0512186550020749,0.138342597305951,CONTEXT_CONTROL,10
REACTOME|R-HSA-8963693_ASPARTATE_AND_ASPARAGINE_METABOLISM,DSS,GSVA,1040,79,1.38613129314027,1.09539992566215,1.75402601078442,2.71869358986418,0.00655402905379917,1.39240493904775,0.0037262628210538,0.172080485718447,0.0512186550020749,0.0672353109941,REACTOME_METABOLISM,11
REACTOME|R-HSA-211979_EICOSANOIDS,DSS,GSVA,1040,79,0.723360957339186,0.572719582745941,0.913625254603489,-2.71823127358598,0.0065631944851905,0.728825112490927,0.00516777496277395,0.127992850501975,0.0512186550020749,0.0709232563856563,REACTOME_METABOLISM,12
HUMANGEM|CHONDROITIN_HEPARAN_SULFATE_BIOSYNTHESIS,DSS,GSVA,1040,79,1.37967159205821,1.088033537949,1.74948072420693,2.65636845013738,0.00789872615325994,1.28430675263453,0.0306074294674013,0.644216676623922,0.0604556347884126,0.203029282133762,HUMANGEM_SUBSYSTEM,43
REACTOME|R-HSA-1482839_ACYL_CHAIN_REMODELLING_OF_PE,DSS,GSVA,1040,79,0.72246862481972,0.567464297088617,0.919812782102458,-2.63838283927235,0.00833024796149785,0.686707049882341,0.00170074156719594,0.638672037079677,0.0625554469561537,0.0408740942654912,REACTOME_METABOLISM,23
REACTOME|R-HSA-196757_METABOLISM_OF_FOLATE_AND_PTERINES,DSS,GSVA,1040,79,1.36711253375785,1.08217504510335,1.72707427362577,2.62225279778802,0.00873506112549267,1.24371290328032,0.0562827468896214,0.161488582845021,0.0643806357027053,0.246159706176586,REACTOME_METABOLISM,16
HUMANGEM|XENOBIOTICS_METABOLISM,DSS,GSVA,1040,79,0.734175935362837,0.582241800428791,0.925756796693299,-2.61211686355549,0.00899834891808906,0.805248735616715,0.0560760645797323,0.770593635771909,0.0650199845071194,0.246159706176586,HUMANGEM_SUBSYSTEM,98
REACTOME|R-HSA-2022928_HS_GAG_BIOSYNTHESIS,DSS,GSVA,1040,79,1.35088906050414,1.07690264971076,1.69458330730256,2.60063143133925,0.00930523669653827,1.22049061785454,0.0733711965722778,0.460057934309508,0.0650199845071194,0.275488077695911,REACTOME_METABOLISM,33
REACTOME|R-HSA-192105_SYNTHESIS_OF_BILE_ACIDS_AND_BILE_SALTS,DSS,GSVA,1040,79,0.71502004176828,0.555281040196913,0.920711537258704,-2.60038555512542,0.00931190732890906,0.710731415545469,0.00443966261061802,0.0526730819611496,0.0650199845071194,0.0706794287610389,REACTOME_METABOLISM,34
REACTOME|R-HSA-1483213_SYNTHESIS_OF_PE,DSS,GSVA,1040,79,0.720809582694731,0.56208659454387,0.924353043726611,-2.57987986146381,0.00988346923798859,0.815653608837878,0.0836147890906822,0.871445679970839,0.0678210475296458,0.297131125518674,REACTOME_METABOLISM,11
KEGG|hsa01212_FATTY_ACID_METABOLISM,DSS,GSVA,1040,79,0.737452320726064,0.58424279961252,0.930838900718911,-2.56317958435898,0.0103718385486651,0.792939196169717,0.045403811554962,0.874887168851132,0.0699659617350632,0.228823699696363,KEGG_METABOLISM,52
KEGG|hsa00062_FATTY_ACID_ELONGATION,DSS,GSVA,1040,79,0.732895061265004,0.576436691403799,0.931819883842831,-2.53636618218672,0.0112009542240128,0.776550851310022,0.0283574063922862,0.530685453774909,0.0742996630192851,0.195927745430899,KEGG_METABOLISM,24
REACTOME|R-HSA-1474151_TETRAHYDROBIOPTERIN_BH4_SYNTHESIS_RECYCLING_SALVAGE_AND_REGULATION,DSS,GSVA,1040,79,1.34425378384343,1.0685935281895,1.69102487307683,2.52660277245087,0.0115171685642784,1.34534319549494,0.0123569184643222,0.216885501718501,0.0751448047308654,0.139337563151823,REACTOME_METABOLISM,12
HUMANGEM|ESTROGEN_METABOLISM,DSS,GSVA,1040,79,0.742273249695036,0.58851117740144,0.936209197666602,-2.51658777398436,0.011849738035749,0.758431517738052,0.0163950590076443,0.730937714421562,0.0760676731972274,0.163130837126061,HUMANGEM_SUBSYSTEM,64
REACTOME|R-HSA-1630316_GLYCOSAMINOGLYCAN_METABOLISM,DSS,GSVA,1040,79,1.34464704193044,1.06668229075134,1.69504610983908,2.50635586575909,0.0121982779733115,1.20718183984805,0.0940813766306506,0.913879183094568,0.0770621370377457,0.30442591787804,REACTOME_METABOLISM,131
KEGG|hsa00640_PROPANOATE_METABOLISM,DSS,GSVA,1040,79,0.734662336630596,0.5767034227554,0.935886154940414,-2.49647922526303,0.012543301582892,0.825878675636991,0.104615904973879,0.254505653708877,0.0780036567186097,0.325290079528154,KEGG_METABOLISM,31
HUMANGEM|SEROTONIN_AND_MELATONIN_BIOSYNTHESIS,DSS,GSVA,1040,79,0.742271585151403,0.586918664497451,0.938745246063935,-2.48759183686958,0.0128611243104317,0.766450827437135,0.0235223237150985,0.127719254880889,0.0787496534700282,0.191058874257331,HUMANGEM_SUBSYSTEM,41
REACTOME|R-HSA-194068_BILE_ACID_AND_BILE_SALT_METABOLISM,DSS,GSVA,1040,79,0.735356621612256,0.575335932636775,0.939884561825866,-2.45517430323849,0.0140816291511513,0.713819963292788,0.00435868606638861,0.118495145071492,0.0846327480850521,0.0706794287610389,REACTOME_METABOLISM,43
REACTOME|R-HSA-77286_MITOCHONDRIAL_FATTY_ACID_BETA_OXIDATION_OF_SATURATED_FATTY_ACIDS,DSS,GSVA,1040,79,0.742026542612233,0.584103405675855,0.942647114518995,-2.44374699224687,0.0145356161628254,0.803225064474431,0.0636783502096171,0.37303918428466,0.0846327480850521,0.254938592854731,REACTOME_METABOLISM,10
FFLCLASS|higherorder_not_3node,DSS,GSVA,1040,79,1.34352959729613,1.059793833472,1.70322917703444,2.43982055838481,0.0146945590139896,1.25555936066845,0.0531323821061063,0.544861602032932,0.0846327480850521,0.239664562267813,FFL_MODULE,92
HUMANGEM|HEPARAN_SULFATE_DEGRADATION,DSS,GSVA,1040,79,0.737753213112235,0.577582732016682,0.942340851425776,-2.43557623234894,0.014868091347662,0.787206019500514,0.0414153872630523,0.518624674233398,0.0846327480850521,0.228823699696363,HUMANGEM_SUBSYSTEM,12
HALLMARK|HALLMARK_MTORC1_SIGNALING,DSS,GSVA,1040,79,1.33824725927086,1.05821250797197,1.69238760027341,2.4323541135869,0.0150010332181468,1.30765144897239,0.0257772781133232,0.00983155944540266,0.0846327480850521,0.193572767718918,HALLMARK_METABOLIC,191
REACTOME|R-HSA-211981_XENOBIOTICS,DSS,GSVA,1040,79,0.754389791271281,0.600990334047397,0.94694361112544,-2.43002451025079,0.0150978017940671,0.764201094095989,0.021234756037529,0.913862664951846,0.0846327480850521,0.183726802237751,REACTOME_METABOLISM,24
HUMANGEM|POOL_REACTIONS,DSS,GSVA,1040,79,0.756247163326878,0.603277005458776,0.948005256068111,-2.42309052310889,0.0153890914114597,0.853650147468779,0.147799251799191,0.614758939723508,0.085067477524458,0.387000672474197,HUMANGEM_SUBSYSTEM,11
HUMANGEM|NUCLEOTIDE_METABOLISM,DSS,GSVA,1040,79,1.35352383866441,1.05612239061679,1.73467279749926,2.39136162013822,0.0167860104197721,1.27866454190533,0.0361709027019415,0.0629495919297937,0.0915182485899902,0.221549943957905,HUMANGEM_SUBSYSTEM,138
REACTOME|R-HSA-1638074_KERATAN_SULFATE_KERATIN_METABOLISM,DSS,GSVA,1040,79,1.3263242816246,1.05038321361753,1.67475648622425,2.37303879274263,0.0176424108752447,1.20863609670789,0.0932114964103623,0.244633589554245,0.0948875611938835,0.30442591787804,REACTOME_METABOLISM,36
KEGG|hsa01040_BIOSYNTHESIS_OF_UNSATURATED_FATTY_ACIDS,DSS,GSVA,1040,79,0.764132891498442,0.61084524245214,0.95588708119556,-2.35494023481595,0.0185256850009399,0.77452823749071,0.0273443180881447,0.939285514403106,0.0983096350716545,0.195927745430899,KEGG_METABOLISM,23
REACTOME|R-HSA-74182_KETONE_BODY_METABOLISM,DSS,GSVA,1040,79,0.748534404217478,0.587815051948476,0.953197357638143,-2.34869429613385,0.0188393672437804,0.886555562894047,0.305900658227965,0.181005726314405,0.0986587916187446,0.563650286920046,REACTOME_METABOLISM,10
KEGG|hsa00980_METABOLISM_OF_XENOBIOTICS_BY_CYTOCHROME_P450,DSS,GSVA,1040,79,0.762219768244982,0.606437920428441,0.958018876347606,-2.3276645334288,0.0199299238105242,0.806014751073504,0.0596311212337655,0.981362458602202,0.103014411384268,0.251550223122868,KEGG_METABOLISM,72
HUMANGEM|DRUG_METABOLISM,DSS,GSVA,1040,79,0.749353792105555,0.587086426324149,0.956470939481294,-2.31744075973621,0.0204797341758902,0.781353096345656,0.0384094123947122,0.558206770216498,0.104499156435953,0.221549943957905,HUMANGEM_SUBSYSTEM,51
KEGG|hsa01250_BIOSYNTHESIS_OF_NUCLEOTIDE_SUGARS,DSS,GSVA,1040,79,1.31149114147503,1.03946590716131,1.65470459619466,2.2863637561089,0.0222329868391372,1.45246025938466,0.00146581177406458,0.00614688295985394,0.112009224835147,0.0388928724051802,KEGG_METABOLISM,35
KEGG|hsa00534_GLYCOSAMINOGLYCAN_BIOSYNTHESIS_HEPARAN_SULFATE_HEPARIN,DSS,GSVA,1040,79,1.30503063195459,1.03573490148702,1.64434446294571,2.25776480985958,0.0239603262352958,1.27008014014129,0.0353065578416761,0.842444156542106,0.119202623020596,0.221549943957905,KEGG_METABOLISM,24
REACTOME|R-HSA-193807_SYNTHESIS_OF_BILE_ACIDS_AND_BILE_SALTS_VIA_27_HYDROXYCHOLESTEROL,DSS,GSVA,1040,79,0.758879408243278,0.596662398565121,0.965199009759306,-2.24868016135079,0.0245328522490681,0.76065783031394,0.0210991343103292,0.869179548685941,0.120292861543078,0.183726802237751,REACTOME_METABOLISM,14
HALLMARK|HALLMARK_PEROXISOME,DSS,GSVA,1040,79,0.783573829935848,0.63328050418911,0.969535526356553,-2.24475357824027,0.0247839563983227,0.862501411657517,0.189570519340126,0.280950960284164,0.120292861543078,0.445881288265884,HALLMARK_METABOLIC,101
HALLMARK|HALLMARK_XENOBIOTIC_METABOLISM,DSS,GSVA,1040,79,0.776291617382556,0.621629529961389,0.969433796454063,-2.23384725402477,0.0254931251202202,0.780077645811859,0.0285522845100305,0.922031242139439,0.121007063156527,0.195927745430899,HALLMARK_METABOLIC,196
REACTOME|R-HSA-5423646_AFLATOXIN_ACTIVATION_AND_DETOXIFICATION,DSS,GSVA,1040,79,0.767351740031511,0.607956535390168,0.96853748360727,-2.22909875507682,0.0258073347384659,0.870998086279362,0.223258523463425,0.448211122882263,0.121007063156527,0.480307526153747,REACTOME_METABOLISM,18
REACTOME|R-HSA-1482801_ACYL_CHAIN_REMODELLING_OF_PS,DSS,GSVA,1040,79,0.762993742494779,0.601449455085572,0.967927472813757,-2.22855966948247,0.0258432170057909,0.775052926790215,0.0231682929944457,0.312009392966907,0.121007063156527,0.191058874257331,REACTOME_METABOLISM,20
CURATED|CURATED_GLYCOLYSIS_CORE,DSS,GSVA,1040,79,1.29829073842948,1.03041478159274,1.63580615457239,2.21412223850083,0.026820371222052,1.26059496762853,0.0433060165945753,0.00629435052216557,0.124122183097404,0.228823699696363,CURATED_SIGNATURE,29
HUMANGEM|BETA_OXIDATION_OF_ODD_CHAIN_FATTY_ACIDS_MITOCHONDRIAL_,DSS,GSVA,1040,79,0.764867433556781,0.60299582785082,0.970192767337805,-2.20942181968906,0.027145314737454,0.872414180037748,0.236547705451851,0.13133993876813,0.124182014546054,0.489215746664266,HUMANGEM_SUBSYSTEM,11
HUMANGEM|OMEGA_6_FATTY_ACID_METABOLISM,DSS,GSVA,1040,79,0.783629930359209,0.630461873205359,0.974009521991756,-2.1973277269211,0.0279970488093425,0.808731276672578,0.0589546381752718,0.193492068892365,0.126300519816326,0.251550223122868,HUMANGEM_SUBSYSTEM,32
KEGG|hsa00600_SPHINGOLIPID_METABOLISM,DSS,GSVA,1040,79,0.764373821411048,0.601201569744239,0.971832690169265,-2.19321177465741,0.0282921245888455,0.863711462910314,0.200473297660229,0.458282304741901,0.126300519816326,0.450781765360288,KEGG_METABOLISM,45
HUMANGEM|RETINOL_METABOLISM,DSS,GSVA,1040,79,0.773687748553178,0.614910445892777,0.97346326812224,-2.1895013704021,0.0285604190539431,0.852987003847991,0.159798126077903,0.89747800439267,0.126300519816326,0.405093338719778,HUMANGEM_SUBSYSTEM,117
KEGG|hsa00592_ALPHA_LINOLENIC_ACID_METABOLISM,DSS,GSVA,1040,79,0.760960958691762,0.594425283191352,0.974153685967425,-2.16780423793002,0.0301735842679726,0.772421122501144,0.0283821972001592,0.380664903249193,0.130416436375469,0.195927745430899,KEGG_METABOLISM,23
REACTOME|R-HSA-9840310_GLYCOSPHINGOLIPID_CATABOLISM,DSS,GSVA,1040,79,0.772558222264833,0.611653238003536,0.975791788067913,-2.16566699750396,0.0303366426791426,0.884678922164281,0.287781701001491,0.177004791030463,0.130416436375469,0.545414842850444,REACTOME_METABOLISM,37
HUMANGEM|FATTY_ACID_ACTIVATION_ENDOPLASMIC_RETICULAR_,DSS,GSVA,1040,79,0.781806201034026,0.625561506214112,0.977075683052102,-2.16387176522861,0.0304741924193935,0.680930711706567,0.00129934285633114,0.0650996076764,0.130416436375469,0.0388928724051802,HUMANGEM_SUBSYSTEM,10
KEGG|hsa01523_ANTIFOLATE_RESISTANCE,DSS,GSVA,1040,79,1.2762640739779,1.02232179869536,1.59328499950341,2.15503028067977,0.0311594647318162,1.13644392725822,0.252201017667933,0.00809793661436242,0.131930499609179,0.497277229365251,KEGG_METABOLISM,29
REACTOME|R-HSA-2022923_DS_GAG_BIOSYNTHESIS,DSS,GSVA,1040,79,1.27684591132919,1.02015251667744,1.59812915679308,2.13423839745652,0.0328232710448892,1.13401574333882,0.258764591389781,0.183226381055863,0.137512230272272,0.504886931257003,REACTOME_METABOLISM,12
HUMANGEM|FOLATE_METABOLISM,DSS,GSVA,1040,79,1.29170796220043,1.01885847874699,1.63762631848926,2.11432411776678,0.0344875938274404,1.10605326759667,0.387664870295164,0.246584795094621,0.141511146331993,0.623449592140339,HUMANGEM_SUBSYSTEM,17
REACTOME|R-HSA-8956320_NUCLEOTIDE_BIOSYNTHESIS,DSS,GSVA,1040,79,1.26727474187504,1.01743770924841,1.57846053551602,2.11430884421085,0.0344888974728727,1.29608593885553,0.020810085493762,0.0100014852925089,0.141511146331993,0.183726802237751,REACTOME_METABOLISM,12
HALLMARK|HALLMARK_MYC_TARGETS_V1,DSS,GSVA,1040,79,1.30015229882028,1.01764267714897,1.66108992683314,2.09991506350773,0.0357363134167284,1.26384386168206,0.0464947287681406,0.0197060369414119,0.14513319122304,0.231311275621499,HALLMARK_METABOLIC,187
HUMANGEM|PHENYLALANINE_TYROSINE_AND_TRYPTOPHAN_BIOSYNTHESIS,DSS,GSVA,1040,79,0.774874413356257,0.610171189314865,0.984035901708832,-2.09199653436684,0.0364388257164229,0.83881742912836,0.129979732226029,0.223618360268937,0.146491440758953,0.357400551252206,HUMANGEM_SUBSYSTEM,115
REACTOME|R-HSA-211999_CYP2E1_REACTIONS,DSS,GSVA,1040,79,0.783269383066458,0.621492958364722,0.987156681651848,-2.06951253009297,0.038498016743784,0.808414936011203,0.0648768057112965,0.857152523753914,0.152464196220105,0.255653155179168,REACTOME_METABOLISM,11
KEGG|hsa00541_BIOSYNTHESIS_OF_VARIOUS_NUCLEOTIDE_SUGARS,DSS,GSVA,1040,79,1.27851519359916,1.01249453259597,1.61442955753341,2.06432663554157,0.0389867572398186,1.39490823576377,0.00367195030704055,0.000359122482427715,0.152464196220105,0.0672353109941,KEGG_METABOLISM,18
HUMANGEM|EICOSANOID_METABOLISM,DSS,GSVA,1040,79,0.783403368631933,0.621185482412715,0.987983227811664,-2.06212799100151,0.0391955520836807,0.7754763134174,0.0291317574696187,0.763300506091491,0.152464196220105,0.196515923269631,HUMANGEM_SUBSYSTEM,41
HUMANGEM|BUTANOATE_METABOLISM,DSS,GSVA,1040,79,0.770811824073038,0.601662385481079,0.987515394793596,-2.05939081855821,0.0394568145996754,0.852885388765784,0.177698410198121,0.943541953145469,0.152464196220105,0.431243702797879,HUMANGEM_SUBSYSTEM,13
HALLMARK|HALLMARK_FATTY_ACID_METABOLISM,DSS,GSVA,1040,79,0.790356100363973,0.630441375258016,0.990834025014453,-2.0398366725717,0.0413665958829442,0.895001651410277,0.333329322226383,0.349455396210746,0.158081443265137,0.589143759209792,HALLMARK_METABOLIC,153
REACTOME|R-HSA-1855167_SYNTHESIS_OF_PYROPHOSPHATES_IN_THE_CYTOSOL,DSS,GSVA,1040,79,0.793324136485019,0.634702328920614,0.991587956830104,-2.03422295676717,0.0419291209422384,0.821187074810173,0.0811327134399948,0.682496468481004,0.158081443265137,0.292817075107442,REACTOME_METABOLISM,10
HUMANGEM|GALACTOSE_METABOLISM,DSS,GSVA,1040,79,1.27675569843619,1.0087542710617,1.61595857410706,2.0325095998398,0.0421020929299109,1.1733020027698,0.170131919884972,0.000504852024078338,0.158081443265137,0.415414135670055,HUMANGEM_SUBSYSTEM,22
REACTOME|R-HSA-399997_ACETYLCHOLINE_REGULATES_INSULIN_SECRETION,DSS,GSVA,1040,79,1.2545190853064,1.00438166466525,1.56695227597821,1.99853446595919,0.0456587471875068,1.17388824468019,0.15340761284444,0.656631559455913,0.168530233139874,0.391386089180045,REACTOME_METABOLISM,10
REACTOME|R-HSA-74217_PURINE_SALVAGE,DSS,GSVA,1040,79,1.27779214304028,1.0046561781619,1.62518560708275,1.99786016799657,0.0457318220580561,1.25364187536618,0.0578436525273016,0.0855204638053414,0.168530233139874,0.250236670715935,REACTOME_METABOLISM,12
HUMANGEM|LINOLEATE_METABOLISM,DSS,GSVA,1040,79,0.790962418612584,0.62802401325433,0.996174564115134,-1.99256672071631,0.0463089123593972,0.861296303318921,0.184608759864509,0.509652970858563,0.169091257972845,0.439965786982484,HUMANGEM_SUBSYSTEM,58
CURATED|CURATED_GLUTAMINOLYSIS,DSS,GSVA,1040,79,1.26850422360167,1.00332347124489,1.60377287227096,1.98772978853999,0.0468415825464894,1.27180452084315,0.0403719317760148,0.818329721025868,0.169481362304571,0.228823699696363,CURATED_SIGNATURE,18
KEGG|hsa00511_OTHER_GLYCAN_DEGRADATION,DSS,GSVA,1040,79,0.773572300354339,0.600114036491285,0.99716731735568,-1.98189818334249,0.0474906373191736,0.935902000806033,0.579585517467709,0.0748587583706844,0.170281744621902,0.772868544345745,KEGG_METABOLISM,16
HUMANGEM|PROSTAGLANDIN_BIOSYNTHESIS,DSS,GSVA,1040,79,0.797001870834713,0.636316414949133,0.998264333892457,-1.97512189094448,0.0482543171466859,0.791460290706803,0.0454197795879716,0.655855064234672,0.170331358250379,0.228823699696363,HUMANGEM_SUBSYSTEM,39
HALLMARK|HALLMARK_MYC_TARGETS_V2,DSS,GSVA,1040,79,1.27359328669411,1.00173952802216,1.61922317582383,1.97418764118195,0.0483604107595297,1.25678638844942,0.0484434286780827,0.0362031117338113,0.170331358250379,0.23512786114484,HALLMARK_METABOLIC,57
KEGG|hsa00563_GLYCOSYLPHOSPHATIDYLINOSITOL_GPI_ANCHOR_BIOSYNTHESIS,DSS,GSVA,1040,79,0.802491346167917,0.643659712602423,1.00051680735249,-1.95540840305793,0.050534885090408,0.87128633337401,0.224681565083293,0.74661199735023,0.175687770250977,0.480770230662101,KEGG_METABOLISM,29
REACTOME|R-HSA-71240_TRYPTOPHAN_CATABOLISM,DSS,GSVA,1040,79,1.25644233208592,0.998886569203989,1.58040700769011,1.95048144280127,0.0511187630885159,1.2019316049962,0.110004031190866,0.21606077749381,0.175687770250977,0.331678821317914,REACTOME_METABOLISM,12
KEGG|hsa00591_LINOLEIC_ACID_METABOLISM,DSS,GSVA,1040,79,0.78768660161975,0.61967251867119,1.00125495915447,-1.94975371399922,0.0512054807766666,0.768644273444527,0.0252485547364259,0.52599502520117,0.175687770250977,0.193248553559567,KEGG_METABOLISM,27
REACTOME|R-HSA-74259_PURINE_CATABOLISM,DSS,GSVA,1040,79,1.27243854570888,0.995677717412685,1.62612843924341,1.92538449384481,0.0541812740332061,1.24005502894922,0.0675113059409131,0.111481735312309,0.184308949275351,0.259328410276832,REACTOME_METABOLISM,15
KEGG|hsa00900_TERPENOID_BACKBONE_BIOSYNTHESIS,DSS,GSVA,1040,79,1.23934854881031,0.995334066854482,1.54318522452701,1.91819339170747,0.0550864938508578,1.38074414608745,0.00495848907787212,0.016294210376537,0.184754406928603,0.0709232563856563,KEGG_METABOLISM,23
REACTOME|R-HSA-1638091_HEPARAN_SULFATE_HEPARIN_HS_GAG_METABOLISM,DSS,GSVA,1040,79,1.24789546956001,0.995042303260036,1.56500190780477,1.91697868776884,0.055240639257547,1.14032676022541,0.241050709989572,0.594479290502023,0.184754406928603,0.491990679876151,REACTOME_METABOLISM,40
REACTOME|R-HSA-1660662_GLYCOSPHINGOLIPID_METABOLISM,DSS,GSVA,1040,79,0.79943355258322,0.635409824045691,1.00579811770407,-1.910653956046,0.0560490655634845,0.874582980766313,0.234478471267838,0.212897908381535,0.185896067452224,0.489215746664266,REACTOME_METABOLISM,56
KEGG|hsa00630_GLYOXYLATE_AND_DICARBOXYLATE_METABOLISM,DSS,GSVA,1040,79,0.807379772730294,0.647700630687584,1.00642498482983,-1.90303697849653,0.0570357202580946,0.916213606685945,0.443157488224035,0.135745223878508,0.187605096386129,0.674261001519683,KEGG_METABOLISM,29
REACTOME|R-HSA-1614558_DEGRADATION_OF_CYSTEINE_AND_HOMOCYSTEINE,DSS,GSVA,1040,79,0.805660763497929,0.643921349380156,1.0080256951643,-1.89008236798409,0.0587469448643941,0.900076296126115,0.358082250166775,0.437882002482646,0.191649869311712,0.606454193899474,REACTOME_METABOLISM,14
REACTOME|R-HSA-70895_BRANCHED_CHAIN_AMINO_ACID_CATABOLISM,DSS,GSVA,1040,79,0.793806912136879,0.624259040038343,1.00940374642806,-1.88364901440299,0.0596124672405751,0.911532997321337,0.434327265506332,0.523692445927781,0.192892373672755,0.669967037360868,REACTOME_METABOLISM,23
HALLMARK|HALLMARK_GLYCOLYSIS,DSS,GSVA,1040,79,1.24453134552619,0.989691027779385,1.56499172622841,1.87135508600095,0.0612958799184931,1.31208062783969,0.0170863622622322,0.0001574459624646,0.196695990916756,0.165862736106547,HALLMARK_METABOLIC,195
REACTOME|R-HSA-8978934_METABOLISM_OF_COFACTORS,DSS,GSVA,1040,79,1.2377196348097,0.989240501909004,1.5486121842334,1.86538162470257,0.0621279311500185,1.29585953176241,0.0280617917056519,0.219021026007279,0.196695990916756,0.195927745430899,REACTOME_METABOLISM,25
HALLMARK|HALLMARK_HYPOXIA,DSS,GSVA,1040,79,1.2587523552913,0.988264928812281,1.60327200304035,1.86436410489128,0.0622705900892242,1.11681783175733,0.343420482755457,0.27537920545163,0.196695990916756,0.589143759209792,HALLMARK_METABOLIC,190
KEGG|hsa00350_TYROSINE_METABOLISM,DSS,GSVA,1040,79,0.805392078362501,0.640979185853368,1.01197732189303,-1.85779771075309,0.0631977463561212,0.876653757398068,0.237129865600626,0.10549561045944,0.1975411354246,0.489215746664266,KEGG_METABOLISM,36
HUMANGEM|TYROSINE_METABOLISM,DSS,GSVA,1040,79,0.797069288568397,0.627252155378784,1.01286132750756,-1.85545823909794,0.063530817422987,0.889526521825728,0.307415433263267,0.573543819446798,0.1975411354246,0.563831071146452,HUMANGEM_SUBSYSTEM,47
REACTOME|R-HSA-389661_GLYOXYLATE_METABOLISM_AND_GLYCINE_DEGRADATION,DSS,GSVA,1040,79,0.803734898418635,0.634825802661407,1.01758590187702,-1.81516716523083,0.0694982239723797,0.944881857768546,0.626117138727031,0.739574798904985,0.214420877062071,0.784360315975487,REACTOME_METABOLISM,17
REACTOME|R-HSA-8963691_PHENYLALANINE_AND_TYROSINE_METABOLISM,DSS,GSVA,1040,79,0.806279095270377,0.638037352582889,1.01888388953774,-1.80332434924462,0.0713372907653669,0.851225889281896,0.150702437200997,0.274262906177405,0.218401859420123,0.387979365441881,REACTOME_METABOLISM,10
REACTOME|R-HSA-1614635_SULFUR_AMINO_ACID_METABOLISM,DSS,GSVA,1040,79,0.806424014472472,0.636852712409302,1.02114614328586,-1.78626303374463,0.0740566792678466,0.88447975014437,0.296997859405006,0.340455515067928,0.22499662861529,0.552360504874731,REACTOME_METABOLISM,27
REACTOME|R-HSA-1362409_MITOCHONDRIAL_IRON_SULFUR_CLUSTER_BIOGENESIS,DSS,GSVA,1040,79,0.816567410613428,0.653360649822337,1.02054253842381,-1.78126037244687,0.074869925006252,0.86588510803188,0.198902361941981,0.871466428399979,0.225744167821881,0.449847468119463,REACTOME_METABOLISM,12
KEGG|hsa00620_PYRUVATE_METABOLISM,DSS,GSVA,1040,79,0.809596054146355,0.64139639130563,1.02190436331442,-1.77764133156384,0.0754627809743023,0.882970249095636,0.269669367523789,0.0107070578679364,0.225820953592273,0.518494725963614,KEGG_METABOLISM,48
REACTOME|R-HSA-70171_GLYCOLYSIS,DSS,GSVA,1040,79,1.22225533567554,0.977745178583211,1.52791150323243,1.76236846917167,0.0780070623860568,1.23124936359501,0.0603861856607485,0.0160659331767976,0.231692618131721,0.251550223122868,REACTOME_METABOLISM,67
KEGG|hsa00052_GALACTOSE_METABOLISM,DSS,GSVA,1040,79,1.22718765622691,0.973080536924093,1.54765149075547,1.72947326421798,0.0837244274931695,1.19147298236858,0.126076039317241,0.00167371200365073,0.246832015868752,0.357400551252206,KEGG_METABOLISM,30
REACTOME|R-HSA-8956321_NUCLEOTIDE_SALVAGE,DSS,GSVA,1040,79,1.23004661542853,0.971435977506233,1.55750323352366,1.71935197686137,0.0855503009760429,1.2682953599962,0.0435037576095468,0.0219243544329171,0.250360439621067,0.228823699696363,REACTOME_METABOLISM,21
HUMANGEM|GLYCOSYLPHOSPHATIDYLINOSITOL_GPI_ANCHOR_BIOSYNTHESIS,DSS,GSVA,1040,79,0.825080523952673,0.661439596329722,1.02920640793731,-1.70475734291505,0.0882396902446243,0.904627298311896,0.375304354293146,0.807628027926778,0.256345961440587,0.609306476615832,HUMANGEM_SUBSYSTEM,26
REACTOME|R-HSA-194002_GLUCOCORTICOID_BIOSYNTHESIS,DSS,GSVA,1040,79,0.816446538526317,0.645104603122148,1.03329746376866,-1.68744512863697,0.0915177924625433,0.84082729235232,0.135925156867903,0.206381482120116,0.263942618841248,0.358266307506129,REACTOME_METABOLISM,10
REACTOME|R-HSA-156580_PHASE_II_CONJUGATION_OF_COMPOUNDS,DSS,GSVA,1040,79,0.821958680924002,0.652826347836581,1.03490932218846,-1.66806765709224,0.0953022967640901,0.905286530760401,0.388481152891467,0.712085304979131,0.272879957641064,0.623449592140339,REACTOME_METABOLISM,99
KEGG|hsa00910_NITROGEN_METABOLISM,DSS,GSVA,1040,79,0.824693906730324,0.657027231013285,1.03514741504583,-1.66211235196944,0.0964902493920106,0.834623559381308,0.117830092603777,0.13616204969368,0.274307994700144,0.343977378157439,KEGG_METABOLISM,17
REACTOME|R-HSA-1971475_GLYCOSAMINOGLYCAN_PROTEIN_LINKAGE_REGION_BIOSYNTHESIS,DSS,GSVA,1040,79,1.222286759643,0.963096275637848,1.55123112879772,1.65076010933295,0.0987875684849277,1.15635954700753,0.196097914699013,0.7929123507916,0.278847179127668,0.448545804886249,REACTOME_METABOLISM,28
REACTOME|R-HSA-1793185_CHONDROITIN_SULFATE_DERMATAN_SULFATE_METABOLISM,DSS,GSVA,1040,79,1.21955210723094,0.962099396102781,1.54589780253073,1.64062944450835,0.100874359003191,1.10870415554623,0.365454770569813,0.991221038479429,0.282427989380853,0.606590131696318,REACTOME_METABOLISM,37
CURATED|CURATED_ONE_CARBON_FOLATE,DSS,GSVA,1040,79,1.20622287198415,0.963779233237858,1.50965445894661,1.63774268088164,0.101475383119251,1.12816756832817,0.280724582619488,0.39230461280928,0.282427989380853,0.534585568816059,CURATED_SIGNATURE,34
REACTOME|R-HSA-381676_GLUCAGON_LIKE_PEPTIDE_1_GLP1_REGULATES_INSULIN_SECRETION,DSS,GSVA,1040,79,0.831403799689604,0.665282338527353,1.03900590487401,-1.62354040822134,0.104473932598382,0.81281851640748,0.0626072033975642,0.275877844914217,0.287841434542077,0.254938592854731,REACTOME_METABOLISM,42
KEGG|hsa00830_RETINOL_METABOLISM,DSS,GSVA,1040,79,0.82735578330677,0.657983136778792,1.04032695354819,-1.62170347552307,0.104866854292968,0.883955607738409,0.272309740770565,0.968477366169229,0.287841434542077,0.521054215512907,KEGG_METABOLISM,65
REACTOME|R-HSA-1483206_GLYCEROPHOSPHOLIPID_BIOSYNTHESIS,DSS,GSVA,1040,79,0.841420931071254,0.681916502267215,1.03823441857019,-1.61010638963894,0.107374632413053,0.919874456267454,0.443860257281801,0.25374854196458,0.292706189728735,0.674261001519683,REACTOME_METABOLISM,116
REACTOME|R-HSA-73614_PYRIMIDINE_SALVAGE,DSS,GSVA,1040,79,1.21633991877849,0.95641431908008,1.54690573792026,1.59668128774669,0.110336768837862,1.27587609932094,0.0377266566084012,0.0415488706955067,0.298734925152851,0.221549943957905,REACTOME_METABOLISM,10
HUMANGEM|GLYCEROLIPID_METABOLISM,DSS,GSVA,1040,79,0.831783336118741,0.662796285658038,1.0438554548596,-1.5895745707452,0.111930732809953,0.788450729097284,0.036052472770626,0.0508183033434857,0.30100291661055,0.221549943957905,HUMANGEM_SUBSYSTEM,49
REACTOME|R-HSA-1660661_SPHINGOLIPID_DE_NOVO_BIOSYNTHESIS,DSS,GSVA,1040,79,1.194291994606,0.958854940473856,1.48753821686009,1.58494555497589,0.11297870496822,1.20119940028365,0.0918323299810467,0.546829041970907,0.301782044143299,0.30442591787804,REACTOME_METABOLISM,28
HUMANGEM|PROTEIN_ASSEMBLY,DSS,GSVA,1040,79,0.842073963839888,0.676124644893183,1.04875419929272,-1.53491606528146,0.124804446768603,0.861275230956992,0.194563427166872,0.09233921947759,0.33114779875936,0.448545804886249,HUMANGEM_SUBSYSTEM,13
HUMANGEM|PROTEIN_DEGRADATION,DSS,GSVA,1040,79,0.831035012361877,0.654651776154382,1.05494129387108,-1.52058386984393,0.128364297159363,0.905729928244347,0.397969824029392,0.6072927112791,0.331741606418663,0.633567959854792,HUMANGEM_SUBSYSTEM,16
REACTOME|R-HSA-200425_CARNITINE_SHUTTLE,DSS,GSVA,1040,79,0.836405230576369,0.664037691086476,1.05351506266292,-1.51723315189866,0.129207828992396,0.937149002175587,0.573356919369221,0.994085263745572,0.331741606418663,0.772868544345745,REACTOME_METABOLISM,14
REACTOME|R-HSA-2046104_ALPHA_LINOLENIC_OMEGA3_AND_LINOLEIC_OMEGA6_ACID_METABOLISM,DSS,GSVA,1040,79,0.845075523230715,0.679439806638018,1.0510903732553,-1.51232758912874,0.130450545829207,0.87995793798662,0.26005482640122,0.486217810602,0.331741606418663,0.504886931257003,REACTOME_METABOLISM,13
REACTOME|R-HSA-2046106_ALPHA_LINOLENIC_ACID_ALA_METABOLISM,DSS,GSVA,1040,79,0.845075523230715,0.679439806638018,1.0510903732553,-1.51232758912874,0.130450545829207,0.87995793798662,0.26005482640122,0.486217810602,0.331741606418663,0.504886931257003,REACTOME_METABOLISM,13
HUMANGEM|ASCORBATE_AND_ALDARATE_METABOLISM,DSS,GSVA,1040,79,0.835663411424291,0.662079553315036,1.05475744371915,-1.51124060157916,0.130727161360471,0.927746349418753,0.496172266991219,0.712583969908387,0.331741606418663,0.710786054440147,HUMANGEM_SUBSYSTEM,10
REACTOME|R-HSA-75105_FATTY_ACYL_COA_BIOSYNTHESIS,DSS,GSVA,1040,79,0.837213482791284,0.664887179784437,1.05420353569572,-1.51107661413245,0.130768932195116,0.78892480454772,0.0420744461283135,0.889832642596461,0.331741606418663,0.228823699696363,REACTOME_METABOLISM,32
HUMANGEM|ETHER_LIPID_METABOLISM,DSS,GSVA,1040,79,0.833868456593623,0.658530145475125,1.05589183377497,-1.50844680470954,0.131440211610175,0.723639026599728,0.00582867031270598,0.564285877722529,0.331741606418663,0.0767642449793665,HUMANGEM_SUBSYSTEM,31
HUMANGEM|VITAMIN_E_METABOLISM,DSS,GSVA,1040,79,0.836357699682283,0.662828716328625,1.05531668225285,-1.50619311690769,0.13201760589031,0.950445030410762,0.654779103077009,0.545660811437972,0.331741606418663,0.789703281892878,HUMANGEM_SUBSYSTEM,91
HUMANGEM|PURINE_METABOLISM,DSS,GSVA,1040,79,1.19872496156125,0.946556466427722,1.51807270293444,1.50419976506042,0.132529938242632,1.1901477772478,0.132177151207281,0.221896684893888,0.331741606418663,0.357400551252206,HUMANGEM_SUBSYSTEM,115
HUMANGEM|AMINO_SUGAR_AND_NUCLEOTIDE_SUGAR_METABOLISM,DSS,GSVA,1040,79,1.18936497581319,0.947402787149631,1.49312316247988,1.49440126177733,0.13507077198579,1.30443065035246,0.0198122558715252,0.0930050064698736,0.335143346970829,0.183378554345745,HUMANGEM_SUBSYSTEM,30
KEGG|hsa01230_BIOSYNTHESIS_OF_AMINO_ACIDS,DSS,GSVA,1040,79,1.1932124551614,0.945898016473414,1.5051897121642,1.49064818504343,0.136053886480158,1.23708909189603,0.0640549228278219,0.000452771105315552,0.335143346970829,0.254938592854731,KEGG_METABOLISM,69
FFLCLASS|higherorder_union,DSS,GSVA,1040,79,1.19192333875165,0.946018536743627,1.50174778852763,1.4892743806031,0.136415131179081,1.05561257144599,0.636553723769051,0.17573121054983,0.335143346970829,0.784360315975487,FFL_MODULE,354
FFLCLASS|4_node,DSS,GSVA,1040,79,1.19174504221184,0.94506623247896,1.50281133409147,1.48250328749869,0.138206429503888,1.05449939906067,0.643465097667683,0.177152917036777,0.335655354316546,0.784521252159485,FFL_MODULE,351
REACTOME|R-HSA-156581_METHYLATION,DSS,GSVA,1040,79,0.837918989069566,0.663159014325513,1.05873284849707,-1.48176375971783,0.138403165091487,0.810909089506607,0.0628949964088111,0.696210286685,0.335655354316546,0.254938592854731,REACTOME_METABOLISM,13
REACTOME|R-HSA-977347_SERINE_METABOLISM,DSS,GSVA,1040,79,1.18473858690068,0.946353121626872,1.48317312767826,1.47895028781488,0.139153601663895,1.21184143338357,0.0812971207571073,0.203552293434106,0.335655354316546,0.292817075107442,REACTOME_METABOLISM,11
REACTOME|R-HSA-163359_GLUCAGON_SIGNALING_IN_METABOLIC_REGULATION,DSS,GSVA,1040,79,0.847350449660973,0.678860201596336,1.05765926895151,-1.46439984923773,0.143084729294971,0.793709154847504,0.0375735134961453,0.546370564920452,0.343058567827702,0.221549943957905,REACTOME_METABOLISM,33
REACTOME|R-HSA-196849_METABOLISM_OF_WATER_SOLUBLE_VITAMINS_AND_COFACTORS,DSS,GSVA,1040,79,0.84092189711626,0.66487680682279,1.06357994412352,-1.44566640676212,0.148270790943866,0.819825697671209,0.0889814675199281,0.900802142284904,0.35090181318031,0.30442591787804,REACTOME_METABOLISM,112
REACTOME|R-HSA-189451_HEME_BIOSYNTHESIS,DSS,GSVA,1040,79,0.838936790464895,0.661057258088173,1.06468075160543,-1.44449178405268,0.148600689166488,0.982006821495202,0.872391738350231,0.419603553472815,0.35090181318031,0.941960934595994,REACTOME_METABOLISM,14
FFLCLASS|ALL_NETWORK_NODES,DSS,GSVA,1040,79,1.18616937561369,0.940674640151881,1.49573266630914,1.44306904894563,0.149001021174554,1.05607229823734,0.634186738805743,0.185651183474945,0.35090181318031,0.784360315975487,FFL_MODULE,363
HUMANGEM|GLYCEROPHOSPHOLIPID_METABOLISM,DSS,GSVA,1040,79,0.854413341007874,0.689185555527175,1.05925342084952,-1.43499430068763,0.151288721684687,0.866720741369736,0.188360138880399,0.0878658696868348,0.354193595473562,0.445881288265884,HUMANGEM_SUBSYSTEM,91
HUMANGEM|BETA_OXIDATION_OF_UNSATURATED_FATTY_ACIDS_N_7_MITOCHONDRIAL_,DSS,GSVA,1040,79,0.844180931028605,0.668666526331037,1.06576509552912,-1.42440094576203,0.154330440613745,0.917081344933086,0.453011367288026,0.0193462318016611,0.357113461420178,0.676809406159622,HUMANGEM_SUBSYSTEM,10
HUMANGEM|BETA_OXIDATION_OF_UNSATURATED_FATTY_ACIDS_N_9_MITOCHONDRIAL_,DSS,GSVA,1040,79,0.844180931028605,0.668666526331037,1.06576509552912,-1.42440094576203,0.154330440613745,0.917081344933086,0.453011367288026,0.0193462318016611,0.357113461420178,0.676809406159622,HUMANGEM_SUBSYSTEM,10
REACTOME|R-HSA-400042_ADRENALINE_NORADRENALINE_INHIBITS_INSULIN_SECRETION,DSS,GSVA,1040,79,0.848566508740652,0.676119160608863,1.06499735802171,-1.41670298551317,0.156569783813101,0.886922731685987,0.291629080087189,0.104104523130377,0.360201005535343,0.548388743296571,REACTOME_METABOLISM,28
KEGG|hsa00770_PANTOTHENATE_AND_COA_BIOSYNTHESIS,DSS,GSVA,1040,79,0.853961718311404,0.686005577170936,1.06303890319489,-1.41288679651769,0.157689011903629,0.842101807215209,0.133503216776468,0.0084720896423571,0.360690958262324,0.357400551252206,KEGG_METABOLISM,21
FFLCLASS|5_node,DSS,GSVA,1040,79,1.1800594662056,0.937312639303946,1.48567328059882,1.40904267215806,0.158822550633598,1.04068158556852,0.727259716729474,0.162185992535347,0.361207858012411,0.843875706292509,FFL_MODULE,339
REACTOME|R-HSA-193048_ANDROGEN_BIOSYNTHESIS,DSS,GSVA,1040,79,1.1761158214727,0.937040899105878,1.47618788767735,1.39912877502734,0.161774370220839,1.1585988333601,0.184146686162881,0.106643914842947,0.365830678113034,0.439965786982484,REACTOME_METABOLISM,11
FFLCLASS|6_node,DSS,GSVA,1040,79,1.17708970447505,0.93571405637255,1.48073031814061,1.39251271472742,0.163767194110634,1.04302949417679,0.711854536895981,0.146062077462095,0.368244877152726,0.840706545058161,FFL_MODULE,314
REACTOME|R-HSA-163685_INTEGRATION_OF_ENERGY_METABOLISM,DSS,GSVA,1040,79,0.855393904047437,0.685359007996043,1.06761379444179,-1.38137217111029,0.167164557936575,0.8462685444462,0.128911674410315,0.203997126017923,0.373772438532342,0.357400551252206,REACTOME_METABOLISM,108
KEGG|hsa00790_FOLATE_BIOSYNTHESIS,DSS,GSVA,1040,79,0.849891385652608,0.672003549828873,1.07486838066622,-1.35743854710395,0.174641907183663,0.894038789316763,0.328786982793646,0.0316573149070885,0.388309938877642,0.5862391539093,KEGG_METABOLISM,25
HUMANGEM|BETA_OXIDATION_OF_DI_UNSATURATED_FATTY_ACIDS_N_6_MITOCHONDRIAL_,DSS,GSVA,1040,79,0.852913758058223,0.676284237055454,1.07567475156951,-1.34383345071653,0.179002249905181,0.942347787768875,0.605700816465685,0.055061279319424,0.392847002562139,0.777179078002543,HUMANGEM_SUBSYSTEM,11
HUMANGEM|KERATAN_SULFATE_DEGRADATION,DSS,GSVA,1040,79,0.857865137942115,0.685913669598986,1.07292306235375,-1.34327649642951,0.179182459725564,0.978954977797959,0.854693370459889,0.0396804303258763,0.392847002562139,0.933083544482841,HUMANGEM_SUBSYSTEM,12
HUMANGEM|FATTY_ACID_BIOSYNTHESIS,DSS,GSVA,1040,79,0.861555188316167,0.693032014148796,1.0710577972739,-1.34185318302209,0.179643604186707,0.917510758582988,0.435983574563982,0.484979252999721,0.392847002562139,0.669967037360868,HUMANGEM_SUBSYSTEM,26
REACTOME|R-HSA-2160916_HYALURONAN_DEGRADATION,DSS,GSVA,1040,79,0.853718109201688,0.676379060382213,1.0775534795046,-1.33126794570599,0.183100861435222,0.845103192245081,0.148908895473086,0.0229217314352646,0.398219359842723,0.387357780380969,REACTOME_METABOLISM,14
HUMANGEM|TRYPTOPHAN_METABOLISM,DSS,GSVA,1040,79,0.855393212534382,0.676992107856494,1.0808066143734,-1.30884190500818,0.190587908869093,0.869342132370688,0.222862652349421,0.560936732874295,0.41224993331467,0.480307526153747,HUMANGEM_SUBSYSTEM,20
CURATED|CURATED_TCA_CYCLE,DSS,GSVA,1040,79,1.15647922963317,0.927937579265995,1.44130837941799,1.29419953021242,0.195596509022559,1.18380087212583,0.128609301960589,0.0164484490210668,0.419210912414224,0.357400551252206,CURATED_SIGNATURE,27
REACTOME|R-HSA-351202_METABOLISM_OF_POLYAMINES,DSS,GSVA,1040,79,1.16289053769423,0.925152557014031,1.46172043994931,1.29328462159652,0.195912637459914,1.246061129566,0.0606754307030033,0.0524830395994929,0.419210912414224,0.251550223122868,REACTOME_METABOLISM,44
HUMANGEM|FRUCTOSE_AND_MANNOSE_METABOLISM,DSS,GSVA,1040,79,0.862436211979463,0.687392258447544,1.08205498475256,-1.27864506703311,0.201022072183054,0.956271854106653,0.700662654624901,0.0172767479741743,0.426741473628692,0.829951596847353,HUMANGEM_SUBSYSTEM,24
REACTOME|R-HSA-170822_REGULATION_OF_GLUCOKINASE_BY_GLUCOKINASE_REGULATORY_PROTEIN,DSS,GSVA,1040,79,1.15624463979156,0.924575497778929,1.44596268261305,1.27258618893675,0.203164922018354,1.13771728553794,0.237232761573375,0.160523458142527,0.426741473628692,0.489215746664266,REACTOME_METABOLISM,28
CONTROL|CONTROL_CAF_SMALL,DSS,GSVA,1040,79,1.15912745281376,0.923208295378744,1.45533403305839,1.27183280611323,0.203432530134065,1.15753671679192,0.193903347487926,0.0505655008885556,0.426741473628692,0.448545804886249,CONTEXT_CONTROL,10
KEGG|hsa00510_N_GLYCAN_BIOSYNTHESIS,DSS,GSVA,1040,79,1.15406482709286,0.925267091856763,1.43943909478093,1.27102205094627,0.203720803993597,1.21960952251142,0.0753382078479665,0.0538952192798415,0.426741473628692,0.280229969378417,KEGG_METABOLISM,54
REACTOME|R-HSA-159418_RECYCLING_OF_BILE_ACIDS_AND_SALTS,DSS,GSVA,1040,79,0.861041242477247,0.681614116418743,1.08770050881883,-1.2548906363556,0.209518463622416,0.901111033590499,0.369505040137546,0.809549582317139,0.435075324274964,0.606590131696318,REACTOME_METABOLISM,16
CONTROL|CONTROL_EPITHELIAL,DSS,GSVA,1040,79,0.862995490961841,0.685457279311998,1.08651733652606,-1.25388011538361,0.209885583569832,0.924546385594411,0.490479487680041,0.340307608504266,0.435075324274964,0.709857585806023,CONTEXT_CONTROL,10
HALLMARK|HALLMARK_HEME_METABOLISM,DSS,GSVA,1040,79,0.863471890078015,0.685775677352981,1.0872122321876,-1.24870948101393,0.211771351870902,0.946644844683872,0.631350580778125,0.0933870975523365,0.435437181309285,0.784360315975487,HALLMARK_METABOLIC,190
HUMANGEM|ALANINE_ASPARTATE_AND_GLUTAMATE_METABOLISM,DSS,GSVA,1040,79,0.865313663252196,0.689377227891524,1.0861509570037,-1.24740707330564,0.212248274306536,0.869681364233857,0.210243462900939,0.422084156079872,0.435437181309285,0.467468705221082,HUMANGEM_SUBSYSTEM,32
REACTOME|R-HSA-1855183_SYNTHESIS_OF_IP2_IP_AND_INS_IN_THE_CYTOSOL,DSS,GSVA,1040,79,1.1572603640888,0.918494200390549,1.45809472691442,1.23885541557925,0.215399047289007,1.15689009246337,0.195768098038269,0.423011748511016,0.439634978569357,0.448545804886249,REACTOME_METABOLISM,14
KEGG|hsa00514_OTHER_TYPES_OF_O_GLYCAN_BIOSYNTHESIS,DSS,GSVA,1040,79,1.15552899223973,0.918297329153775,1.45404675535431,1.23300110580995,0.217575351605581,1.18885053261181,0.112497006748264,0.25894917880817,0.441811173158272,0.336645178088789,KEGG_METABOLISM,35
REACTOME|R-HSA-2162123_SYNTHESIS_OF_PROSTAGLANDINS_PG_AND_THROMBOXANES_TX_,DSS,GSVA,1040,79,0.865276658047364,0.686727375991579,1.09024879615517,-1.22721383792888,0.219742229729175,0.828595544704347,0.107473880478805,0.345154225948739,0.443842445398374,0.326523697943239,REACTOME_METABOLISM,14
HUMANGEM|FATTY_ACID_ACTIVATION_CYTOSOLIC_,DSS,GSVA,1040,79,0.87057632160468,0.697348132557085,1.08683611004966,-1.22438761098538,0.220806040675573,0.77470225740757,0.0324240709679585,0.0166035423994159,0.443842445398374,0.211553774512254,HUMANGEM_SUBSYSTEM,14
REACTOME|R-HSA-8982491_GLYCOGEN_METABOLISM,DSS,GSVA,1040,79,1.13381210839186,0.92592338347583,1.38837610117399,1.21524783126676,0.224271582509081,1.12642714990866,0.267589327878996,0.0137435198038949,0.448543165018162,0.516992973280779,REACTOME_METABOLISM,28
REACTOME|R-HSA-350562_REGULATION_OF_ORNITHINE_DECARBOXYLASE_ODC_,DSS,GSVA,1040,79,1.14925679702979,0.917219425566694,1.43999478064165,1.20903450723754,0.22664958850166,1.23821649853401,0.0685805093266043,0.0634701507846241,0.451032681118304,0.259952787733224,REACTOME_METABOLISM,37
REACTOME|R-HSA-70326_GLUCOSE_METABOLISM,DSS,GSVA,1040,79,1.14658401834204,0.917834633263625,1.43234397948436,1.20481989202583,0.228272839049344,1.19675421923033,0.106979313223175,0.00481007468114185,0.451541204161967,0.326523697943239,REACTOME_METABOLISM,77
HUMANGEM|BIOPTERIN_METABOLISM,DSS,GSVA,1040,79,0.866004319824854,0.684984441388014,1.09486206786774,-1.20248886165727,0.229174178996777,0.913237357775558,0.419269606450619,0.286597149019178,0.451541204161967,0.656290038843255,HUMANGEM_SUBSYSTEM,11
KEGG|hsa00513_VARIOUS_TYPES_OF_N_GLYCAN_BIOSYNTHESIS,DSS,GSVA,1040,79,1.14711796604737,0.916583290545113,1.43563562810105,1.19906056379934,0.230504396938877,1.19371781970983,0.113960748898862,0.04589897277329,0.45192487675701,0.338480433296621,KEGG_METABOLISM,41
KEGG|hsa00532_GLYCOSAMINOGLYCAN_BIOSYNTHESIS_CHONDROITIN_SULFATE_DERMATAN_SULFATE,DSS,GSVA,1040,79,1.15707713663078,0.910544731542102,1.4703588453543,1.1934355856042,0.23269882524349,1.17352071004655,0.167079301603337,0.18551347165847,0.453990845327986,0.41107119793161,KEGG_METABOLISM,21
KEGG|hsa00061_FATTY_ACID_BIOSYNTHESIS,DSS,GSVA,1040,79,0.880546623259893,0.706443212890443,1.09755793754741,-1.13180319102755,0.257717185871908,0.883501000950641,0.292106566781088,0.485307139054333,0.498502607370058,0.548388743296571,KEGG_METABOLISM,17
REACTOME|R-HSA-428157_SPHINGOLIPID_METABOLISM,DSS,GSVA,1040,79,0.875272628443135,0.694824753889033,1.10258330581024,-1.13095868480724,0.258072481196618,0.950831625888778,0.651029694854577,0.367154796125577,0.498502607370058,0.787567837544443,REACTOME_METABOLISM,93
REACTOME|R-HSA-1483191_SYNTHESIS_OF_PC,DSS,GSVA,1040,79,0.881304330010646,0.70759865169566,1.0976523488764,-1.1281147595745,0.25927145659699,0.958444977018905,0.696387172120739,0.543604705213174,0.498502607370058,0.829826630251659,REACTOME_METABOLISM,28
REACTOME|R-HSA-9037629_LEWIS_BLOOD_GROUP_BIOSYNTHESIS,DSS,GSVA,1040,79,1.14402042993027,0.903303118199977,1.44888544911244,1.11627589564484,0.264304056138467,1.09535047860642,0.415624731776238,0.377194750188097,0.504688140824089,0.656290038843255,REACTOME_METABOLISM,16
KEGG|hsa00020_CITRATE_CYCLE_TCA_CYCLE_,DSS,GSVA,1040,79,1.13348471517317,0.90895645165644,1.4134754169904,1.11246298633639,0.265939136026108,1.18225244483313,0.131158872899185,0.0234433645538886,0.504688140824089,0.357400551252206,KEGG_METABOLISM,30
REACTOME|R-HSA-1483249_INOSITOL_PHOSPHATE_METABOLISM,DSS,GSVA,1040,79,1.13791034714275,0.906001575307814,1.42918069176052,1.11106059935347,0.266542265913943,1.10377737764109,0.370355281412576,0.339740415659373,0.504688140824089,0.606590131696318,REACTOME_METABOLISM,76
HUMANGEM|MISCELLANEOUS,DSS,GSVA,1040,79,0.878845792023745,0.698773263771466,1.10532266502178,-1.10398803555269,0.269598327757603,0.942917080757017,0.600899314583737,0.273275452352734,0.504688140824089,0.777179078002543,HUMANGEM_SUBSYSTEM,100
REACTOME|R-HSA-15869_METABOLISM_OF_NUCLEOTIDES,DSS,GSVA,1040,79,1.14205877685153,0.902023149474849,1.44596981856061,1.10343047754248,0.26984026736548,1.22667251472398,0.0891723065820482,0.0136487099398896,0.504688140824089,0.30442591787804,REACTOME_METABOLISM,86
KEGG|hsa00120_PRIMARY_BILE_ACID_BIOSYNTHESIS,DSS,GSVA,1040,79,0.883106139892796,0.708052370655715,1.10143894242473,-1.10283938852161,0.270096919586761,0.881075452305436,0.251704719517113,0.408430690992196,0.504688140824089,0.497277229365251,KEGG_METABOLISM,17
REACTOME|R-HSA-196108_PREGNENOLONE_BIOSYNTHESIS,DSS,GSVA,1040,79,1.14342196749479,0.899515751895048,1.45346403661667,1.09488729328291,0.273566016550413,1.14834948006352,0.246607508011654,0.202323752006776,0.508021673142349,0.497277229365251,REACTOME_METABOLISM,10
REACTOME|R-HSA-156590_GLUTATHIONE_CONJUGATION,DSS,GSVA,1040,79,0.885191756362779,0.71040804221044,1.10297800556221,-1.08664634612731,0.277193134357102,0.919019181509863,0.454580413996416,0.311163037031318,0.508021673142349,0.676809406159622,REACTOME_METABOLISM,35
REACTOME|R-HSA-1660516_SYNTHESIS_OF_PIPS_AT_THE_EARLY_ENDOSOME_MEMBRANE,DSS,GSVA,1040,79,1.13195636312913,0.905009719719547,1.41581375327726,1.08571770181885,0.277603906534945,1.06160565093159,0.586772638557056,0.261908557378336,0.508021673142349,0.772868544345745,REACTOME_METABOLISM,16
REACTOME|R-HSA-211976_ENDOGENOUS_STEROLS,DSS,GSVA,1040,79,0.881100636637335,0.699199865184439,1.11032391529127,-1.07294868057086,0.283294142524205,0.836302260140489,0.117108688380785,0.941532482671801,0.508021673142349,0.343977378157439,REACTOME_METABOLISM,25
REACTOME|R-HSA-204174_REGULATION_OF_PYRUVATE_DEHYDROGENASE_PDH_COMPLEX,DSS,GSVA,1040,79,1.12360950437758,0.907981566430893,1.39044487796187,1.07205464611642,0.283695488186805,1.14608469501387,0.216192388661767,0.816684096603267,0.508021673142349,0.472892173098964,REACTOME_METABOLISM,15
HUMANGEM|O_GLYCAN_METABOLISM,DSS,GSVA,1040,79,1.13191694529112,0.901608490214204,1.42105579632773,1.06761339851617,0.285694937254619,1.07802696995553,0.496478701342615,0.678703653760907,0.508021673142349,0.710786054440147,HUMANGEM_SUBSYSTEM,27
REACTOME|R-HSA-70221_GLYCOGEN_BREAKDOWN_GLYCOGENOLYSIS_,DSS,GSVA,1040,79,1.10687334492431,0.918428991086425,1.33398293563737,1.06637187576917,0.286255569938903,1.17059848191434,0.135156559548013,0.019747042024928,0.508021673142349,0.358266307506129,REACTOME_METABOLISM,17
FFLCLASS|3_Comp,DSS,GSVA,1040,79,1.13193202141246,0.900749755219517,1.4224484588249,1.0632123110279,0.287685680676181,0.994138213111326,0.958882452840064,0.119229796876379,0.508021673142349,0.964883033799997,FFL_MODULE,258
FFLCLASS|3_TF,DSS,GSVA,1040,79,1.13193202141246,0.900749755219517,1.4224484588249,1.0632123110279,0.287685680676181,0.994138213111326,0.958882452840064,0.119229796876379,0.508021673142349,0.964883033799997,FFL_MODULE,258
KEGG|hsa01200_CARBON_METABOLISM,DSS,GSVA,1040,79,1.13049376202766,0.901712822263562,1.41732058636503,1.06319443543673,0.287693785375866,1.1925289633266,0.120768197232746,0.0262546083188676,0.508021673142349,0.348302481874151,KEGG_METABOLISM,110
HUMANGEM|ARGININE_AND_PROLINE_METABOLISM,DSS,GSVA,1040,79,1.13324137104472,0.899819149434554,1.42721568645691,1.06294232054123,0.287808109359307,1.2536672092326,0.0478816561322566,0.27317408762487,0.508021673142349,0.23512786114484,HUMANGEM_SUBSYSTEM,53
KEGG|hsa00531_GLYCOSAMINOGLYCAN_DEGRADATION,DSS,GSVA,1040,79,0.884007072438601,0.704227069416301,1.10968256981258,-1.06282697488178,0.287860424201211,0.87529732140163,0.243546624838705,0.238738600234655,0.508021673142349,0.494548758601044,KEGG_METABOLISM,19
REACTOME|R-HSA-196071_METABOLISM_OF_STEROID_HORMONES,DSS,GSVA,1040,79,1.13517147677068,0.898237244294295,1.43460348572624,1.06147383328769,0.288474618417515,1.11118150736019,0.363879148943063,0.301584517370626,0.508021673142349,0.606590131696318,REACTOME_METABOLISM,34
KEGG|hsa01524_PLATINUM_DRUG_RESISTANCE,DSS,GSVA,1040,79,0.88629636010775,0.707691748096936,1.1099765400015,-1.0512651720842,0.293136818163089,0.835869161149037,0.118404273385852,0.822127669099,0.510036980856773,0.343977378157439,KEGG_METABOLISM,72
KEGG|hsa00380_TRYPTOPHAN_METABOLISM,DSS,GSVA,1040,79,0.880928237248986,0.695361574838417,1.11601587902371,-1.05048889497895,0.293493393995552,0.939815036977164,0.577104261368622,0.762564465345148,0.510036980856773,0.772868544345745,KEGG_METABOLISM,39
FFLCLASS|3_miR,DSS,GSVA,1040,79,1.12996344624336,0.899083353924873,1.42013238736133,1.04776912895801,0.294744988937331,0.992419757377182,0.946807202330885,0.123745396995662,0.510036980856773,0.964883033799997,FFL_MODULE,264
FFLCLASS|3node_union,DSS,GSVA,1040,79,1.12996344624336,0.899083353924873,1.42013238736133,1.04776912895801,0.294744988937331,0.992419757377182,0.946807202330885,0.123745396995662,0.510036980856773,0.964883033799997,FFL_MODULE,264
KEGG|hsa01522_ENDOCRINE_RESISTANCE,DSS,GSVA,1040,79,1.12926713427204,0.898395849026907,1.41946811300193,1.04180611780656,0.297501577188778,1.05553463768451,0.635178196063582,0.382839455762935,0.512578474983262,0.784360315975487,KEGG_METABOLISM,94
HUMANGEM|PENTOSE_PHOSPHATE_PATHWAY,DSS,GSVA,1040,79,1.12406430562001,0.897477640037454,1.40785742931297,1.01823865545027,0.308564553280968,1.16766517161521,0.166814943772032,0.000496794857856706,0.523920885047461,0.41107119793161,HUMANGEM_SUBSYSTEM,23
REACTOME|R-HSA-1855170_IPS_TRANSPORT_BETWEEN_NUCLEUS_AND_CYTOSOL,DSS,GSVA,1040,79,1.12179929463979,0.897883843122995,1.40155507540629,1.01177633580335,0.311645007080665,1.10910502990804,0.342804350346446,0.141886714518104,0.523920885047461,0.589143759209792,REACTOME_METABOLISM,26
REACTOME|R-HSA-1855196_IP3_AND_IP4_TRANSPORT_BETWEEN_CYTOSOL_AND_NUCLEUS,DSS,GSVA,1040,79,1.12179929463979,0.897883843122995,1.40155507540629,1.01177633580335,0.311645007080665,1.10910502990804,0.342804350346446,0.141886714518104,0.523920885047461,0.589143759209792,REACTOME_METABOLISM,26
REACTOME|R-HSA-1855229_IP6_AND_IP7_TRANSPORT_BETWEEN_CYTOSOL_AND_NUCLEUS,DSS,GSVA,1040,79,1.12179929463979,0.897883843122995,1.40155507540629,1.01177633580335,0.311645007080665,1.10910502990804,0.342804350346446,0.141886714518104,0.523920885047461,0.589143759209792,REACTOME_METABOLISM,26
REACTOME|R-HSA-164378_PKA_ACTIVATION_IN_GLUCAGON_SIGNALLING,DSS,GSVA,1040,79,0.8893682868358,0.708279136050676,1.11675737625096,-1.00933275500776,0.312815076302141,0.82007266021693,0.0816650636606183,0.320044617594683,0.523920885047461,0.292817075107442,REACTOME_METABOLISM,17
KEGG|hsa00603_GLYCOSPHINGOLIPID_BIOSYNTHESIS_GLOBO_AND_ISOGLOBO_SERIES,DSS,GSVA,1040,79,0.888054915226593,0.705103387324694,1.11847644846861,-1.00869301079764,0.313121884740486,0.948334964294422,0.635988497533622,0.126389959546228,0.523920885047461,0.784360315975487,KEGG_METABOLISM,15
REACTOME|R-HSA-9033658_BLOOD_GROUP_SYSTEMS_BIOSYNTHESIS,DSS,GSVA,1040,79,1.12884325165223,0.891807306068807,1.42888164083113,1.00780872370946,0.313546297093165,1.08438945726466,0.472469819789266,0.18084649094927,0.523920885047461,0.688802154857611,REACTOME_METABOLISM,20
REACTOME|R-HSA-1430728_METABOLISM,DSS,GSVA,1040,79,0.890724175054534,0.71047814789138,1.11669804114493,-1.00316455532382,0.315781471564039,0.978275913264271,0.847745533363662,0.0942250393577948,0.523920885047461,0.929882667383731,REACTOME_METABOLISM,2009
REACTOME|R-HSA-209968_THYROXINE_BIOSYNTHESIS,DSS,GSVA,1040,79,0.88902547463188,0.706432741041377,1.11881322683223,-1.0028521720524,0.315932191988419,0.968346042474707,0.779984750243726,0.272892927076693,0.523920885047461,0.887385177925877,REACTOME_METABOLISM,14
KEGG|hsa00270_CYSTEINE_AND_METHIONINE_METABOLISM,DSS,GSVA,1040,79,1.12736362553204,0.889463843253519,1.42889309533237,0.991351458215238,0.321513994231113,1.0893157095415,0.45574100716276,0.0405659453333374,0.530965019518602,0.676809406159622,KEGG_METABOLISM,49
HUMANGEM|SULFUR_METABOLISM,DSS,GSVA,1040,79,0.890881973187863,0.707123264331903,1.1223936903009,-0.980338101135948,0.326919253166375,0.985766034198708,0.900251201178317,0.636490045528373,0.537660589918254,0.949050800310824,HUMANGEM_SUBSYSTEM,20
HUMANGEM|NICOTINATE_AND_NICOTINAMIDE_METABOLISM,DSS,GSVA,1040,79,1.11856117378514,0.892874585787707,1.40129321566004,0.974494678317616,0.32981098018675,1.14125562153904,0.250107638923324,0.866505739906189,0.540184239153607,0.497277229365251,HUMANGEM_SUBSYSTEM,33
HUMANGEM|LYSINE_METABOLISM,DSS,GSVA,1040,79,1.11937509228545,0.888640048805576,1.41002040017579,0.95753102287909,0.338299295700932,1.11294180947315,0.336247781913365,0.0254763893481246,0.551816064299061,0.589143759209792,HUMANGEM_SUBSYSTEM,39
REACTOME|R-HSA-1483257_PHOSPHOLIPID_METABOLISM,DSS,GSVA,1040,79,0.893630055540571,0.708733820080842,1.12676247914112,-0.950892950754813,0.34165872061829,0.94062905272574,0.582163344414943,0.827821252030011,0.553141001762015,0.772868544345745,REACTOME_METABOLISM,198
REACTOME|R-HSA-174403_GLUTATHIONE_SYNTHESIS_AND_RECYCLING,DSS,GSVA,1040,79,1.10666105064584,0.897939515113689,1.36389886000449,0.950435186974316,0.341891171943356,1.18258206910309,0.133265273763875,0.101210939350455,0.553141001762015,0.357400551252206,REACTOME_METABOLISM,12
REACTOME|R-HSA-9861718_REGULATION_OF_PYRUVATE_METABOLISM,DSS,GSVA,1040,79,1.11112950977678,0.89268917739144,1.38302201792621,0.943557892407984,0.345395618349098,1.10865774612389,0.36116906267766,0.646052874583374,0.556548405275065,0.606590131696318,REACTOME_METABOLISM,30
REACTOME|R-HSA-71336_PENTOSE_PHOSPHATE_PATHWAY,DSS,GSVA,1040,79,1.11054480624869,0.886601228821172,1.39105352732903,0.912511752985403,0.361499385427195,1.17277041357156,0.163611817846021,0.0039244581822171,0.58014820725816,0.41107119793161,REACTOME_METABOLISM,14
REACTOME|R-HSA-9854311_MATURATION_OF_TCA_ENZYMES_AND_REGULATION_OF_TCA_CYCLE,DSS,GSVA,1040,79,0.899897391770282,0.716233312779617,1.13065854556828,-0.905619460882004,0.365137304611839,1.01060951870971,0.925301053005637,0.497087846395056,0.583633121427758,0.956544984665568,REACTOME_METABOLISM,17
HUMANGEM|TERPENOID_BACKBONE_BIOSYNTHESIS,DSS,GSVA,1040,79,1.10890997089142,0.884840113379572,1.3897214931246,0.89763737406299,0.369378907055036,1.24698532477081,0.0535933317634054,0.853685877972164,0.588051220031618,0.239664562267813,HUMANGEM_SUBSYSTEM,15
KEGG|hsa00760_NICOTINATE_AND_NICOTINAMIDE_METABOLISM,DSS,GSVA,1040,79,0.904520111536261,0.724287464055979,1.12960208864023,-0.885117603219659,0.376093206208236,0.927982199772431,0.516664859682051,0.48969035290186,0.596354964425808,0.729193667210838,KEGG_METABOLISM,32
KEGG|hsa01100_METABOLIC_PATHWAYS,DSS,GSVA,1040,79,0.905352402469375,0.724238489463202,1.13175837045694,-0.873125979507167,0.382594414862644,1.00565991941082,0.96003437533869,0.0873069123981689,0.604256258394176,0.964883033799997,KEGG_METABOLISM,1421
KEGG|hsa00260_GLYCINE_SERINE_AND_THREONINE_METABOLISM,DSS,GSVA,1040,79,0.901226290368899,0.712038809230218,1.14068055831137,-0.865098088952416,0.386984953536412,0.968605767667419,0.784823071934444,0.176040758627505,0.607858969753666,0.887385177925877,KEGG_METABOLISM,39
REACTOME|R-HSA-9969896_LANOSTEROL_BIOSYNTHESIS,DSS,GSVA,1040,79,1.10334271669923,0.881520544727891,1.38098329956566,0.85878303633136,0.390460228290873,1.21294485335321,0.0934935515216178,0.0058592434169354,0.607858969753666,0.30442591787804,REACTOME_METABOLISM,13
REACTOME|R-HSA-71064_LYSINE_CATABOLISM,DSS,GSVA,1040,79,1.10657883629527,0.878053842309279,1.39458044818314,0.858096607930004,0.390839120252458,1.12331355746259,0.308876775512477,0.512407955515392,0.607858969753666,0.563912645201679,REACTOME_METABOLISM,10
REACTOME|R-HSA-196780_BIOTIN_TRANSPORT_AND_METABOLISM,DSS,GSVA,1040,79,0.909039869693894,0.73105844614492,1.13035214769857,-0.857833037762248,0.390984663962157,0.927528245189635,0.521466923427851,0.174159169154885,0.607858969753666,0.730387510761211,REACTOME_METABOLISM,11
REACTOME|R-HSA-73621_PYRIMIDINE_CATABOLISM,DSS,GSVA,1040,79,0.903216906778103,0.712270196635492,1.1453529637255,-0.840037284517499,0.40088748188082,0.892551522735571,0.32601329275167,0.668846957112353,0.618740891461624,0.584474281599842,REACTOME_METABOLISM,11
KEGG|hsa01210_2_OXOCARBOXYLIC_ACID_METABOLISM,DSS,GSVA,1040,79,1.10008974914027,0.880490224860402,1.37445870719959,0.83967017362888,0.401093341701254,1.15013356617917,0.216950513310492,0.0829420338579708,0.618740891461624,0.472892173098964,KEGG_METABOLISM,32
KEGG|hsa00520_AMINO_SUGAR_AND_NUCLEOTIDE_SUGAR_METABOLISM,DSS,GSVA,1040,79,1.10320161683303,0.87490239073272,1.3910738160902,0.830263130839915,0.406390028629385,1.26672463749317,0.0442785072126265,0.00850401811443036,0.624491240905387,0.228823699696363,KEGG_METABOLISM,37
REACTOME|R-HSA-422356_REGULATION_OF_INSULIN_SECRETION,DSS,GSVA,1040,79,0.91047282019092,0.728814495805819,1.13740980877426,-0.826039542590922,0.408781661060388,0.879795311818381,0.247943225401245,0.0521606097471868,0.625637662836478,0.497277229365251,REACTOME_METABOLISM,78
CONTROL|CONTROL_IMMUNE_SMALL,DSS,GSVA,1040,79,0.90864727095578,0.723165029887356,1.14170324738185,-0.82237675370589,0.410862505475323,0.850542350906493,0.151097491566562,0.195096527126118,0.625637662836478,0.387979365441881,CONTEXT_CONTROL,9
KEGG|hsa00512_MUCIN_TYPE_O_GLYCAN_BIOSYNTHESIS,DSS,GSVA,1040,79,1.0976821869416,0.878623803214583,1.3713561812468,0.820638995346365,0.411851928801902,1.04324025764794,0.700006032741316,0.513979881549923,0.625637662836478,0.829951596847353,KEGG_METABOLISM,30
KEGG|hsa00310_LYSINE_DEGRADATION,DSS,GSVA,1040,79,1.09744393415506,0.874931662528689,1.37654543799784,0.804296631632688,0.421225682536698,1.07625459915871,0.50037231974586,0.0668827848699842,0.637444188781771,0.713792771537105,KEGG_METABOLISM,48
REACTOME|R-HSA-1660517_SYNTHESIS_OF_PIPS_AT_THE_LATE_ENDOSOME_MEMBRANE,DSS,GSVA,1040,79,1.09614694448073,0.873451169587309,1.37562140361222,0.792281128540774,0.428196772819197,1.05292754663486,0.644770546951439,0.725062483511212,0.645539074174395,0.784521252159485,REACTOME_METABOLISM,11
KEGG|hsa00053_ASCORBATE_AND_ALDARATE_METABOLISM,DSS,GSVA,1040,79,0.913702136893242,0.730087882046876,1.14349466070124,-0.788497364959893,0.43040583928673,1.06062634199779,0.599917483638579,0.652583352777957,0.646069449524207,0.777179078002543,KEGG_METABOLISM,29
KEGG|hsa00565_ETHER_LIPID_METABOLISM,DSS,GSVA,1040,79,0.912155624441761,0.725288754811161,1.14716776963869,-0.78612346293484,0.431795159732259,0.810220525790278,0.0677642077105288,0.855306007116498,0.646069449524207,0.259328410276832,KEGG_METABOLISM,42
HUMANGEM|GLYCOSPHINGOLIPID_BIOSYNTHESIS_GLOBO_SERIES,DSS,GSVA,1040,79,0.91332909002721,0.727735042335293,1.14625513155597,-0.782233957619101,0.434077091295466,0.965029181862441,0.751774271987828,0.0735505111927033,0.647051244702605,0.866065748270312,HUMANGEM_SUBSYSTEM,13
KEGG|hsa00330_ARGININE_AND_PROLINE_METABOLISM,DSS,GSVA,1040,79,1.09438703420828,0.870644514081505,1.37562801036736,0.772928476524984,0.439564710701504,1.22245981204533,0.0766058768710466,0.0285610115445988,0.651613379647024,0.282306842543301,KEGG_METABOLISM,45
KEGG|hsa00564_GLYCEROPHOSPHOLIPID_METABOLISM,DSS,GSVA,1040,79,0.915057311600444,0.729485107779224,1.14783684352724,-0.767651213620631,0.442694427518781,0.925195593699634,0.488722860380311,0.799104808312475,0.651613379647024,0.709857585806023,KEGG_METABOLISM,89
KEGG|hsa00515_MANNOSE_TYPE_O_GLYCAN_BIOSYNTHESIS,DSS,GSVA,1040,79,1.09613918501002,0.867099185577958,1.3856789775596,0.767575036763898,0.442739697827975,1.10630808480424,0.376606515697223,0.0596521810466587,0.651613379647024,0.609306476615832,KEGG_METABOLISM,16
HUMANGEM|CHOLESTEROL_METABOLISM,DSS,GSVA,1040,79,0.921108926002798,0.746431248729497,1.13666416700287,-0.76598286605896,0.443686497196843,1.01638632913762,0.883824470447715,0.0307180104636479,0.651613379647024,0.943062035491127,HUMANGEM_SUBSYSTEM,29
HUMANGEM|ISOLATED,DSS,GSVA,1040,79,1.09010315359477,0.872608994974989,1.36180682564626,0.759835238773351,0.447353076209469,1.09183827509963,0.440383394522975,0.526239576789646,0.654196625635442,0.674125350077477,HUMANGEM_SUBSYSTEM,467
KEGG|hsa00983_DRUG_METABOLISM_OTHER_ENZYMES,DSS,GSVA,1040,79,0.916772981835861,0.7318651054436,1.14839837829785,-0.756069533919334,0.449607507049302,0.98719081609552,0.910742492736938,0.178954723024082,0.654196625635442,0.953882926603425,KEGG_METABOLISM,78
HUMANGEM|GLYCINE_SERINE_AND_THREONINE_METABOLISM,DSS,GSVA,1040,79,0.915871792755709,0.729001800386881,1.15064344192346,-0.754787373033203,0.450376571417365,1.00713022156693,0.951018651942652,0.258230051626045,0.654196625635442,0.964883033799997,HUMANGEM_SUBSYSTEM,56
KEGG|hsa00240_PYRIMIDINE_METABOLISM,DSS,GSVA,1040,79,1.09407247809355,0.863986995554973,1.38543125472956,0.746354330785645,0.455453399340646,1.15478674329232,0.226181667732272,0.65777226355755,0.658112585391937,0.481391998702911,KEGG_METABOLISM,53
KEGG|hsa00051_FRUCTOSE_AND_MANNOSE_METABOLISM,DSS,GSVA,1040,79,0.91612039503142,0.727495966643699,1.15365117701549,-0.744821589062498,0.456379581829585,1.02948849717401,0.801072630656774,0.00505370286486853,0.658112585391937,0.893072568631361,KEGG_METABOLISM,31
KEGG|hsa00230_PURINE_METABOLISM,DSS,GSVA,1040,79,1.0919161970968,0.865563099976113,1.37746281179876,0.741903239365358,0.458145963028739,1.12140344829922,0.325738655144264,0.961036186484488,0.658274705001581,0.584474281599842,KEGG_METABOLISM,112
CURATED|CURATED_PENTOSE_PHOSPHATE,DSS,GSVA,1040,79,1.08807248511635,0.869118297530485,1.36218709953664,0.736320223008681,0.461535841862691,1.08448951609774,0.471162020530246,0.00056018997399957,0.659784780047184,0.688802154857611,CURATED_SIGNATURE,16
REACTOME|R-HSA-2426168_ACTIVATION_OF_GENE_EXPRESSION_BY_SREBF_SREBP_,DSS,GSVA,1040,79,0.920346029244576,0.73721357958687,1.1489707148652,-0.733264434547924,0.463397162457648,0.988438688592345,0.919499375171151,0.185280458635514,0.659784780047184,0.956267877092057,REACTOME_METABOLISM,40
KEGG|hsa00561_GLYCEROLIPID_METABOLISM,DSS,GSVA,1040,79,1.08869722646189,0.867130420442702,1.3668781799867,0.73199733069335,0.464170197018119,1.05294497922929,0.638880207862579,0.00334252091751962,0.659784780047184,0.784521252159485,KEGG_METABOLISM,55
REACTOME|R-HSA-196741_COBALAMIN_CBL_VITAMIN_B12_TRANSPORT_AND_METABOLISM,DSS,GSVA,1040,79,0.922043683752642,0.739613455987514,1.14947145413008,-0.721560851437155,0.470564515584983,0.855484058653881,0.167320437349047,0.8092087314542,0.666493513177307,0.41107119793161,REACTOME_METABOLISM,20
HALLMARK|HALLMARK_ADIPOGENESIS,DSS,GSVA,1040,79,0.92451731010394,0.74275548509062,1.15075859261752,-0.702714678296793,0.482233578357635,0.982870694454537,0.87797546937873,0.204113317645398,0.678869527129166,0.941960934595994,HALLMARK_METABOLIC,189
REACTOME|R-HSA-2142789_UBIQUINOL_BIOSYNTHESIS,DSS,GSVA,1040,79,1.08393220240692,0.865501215271393,1.35748973968374,0.701944526471038,0.482713759240086,1.1596641677169,0.190451806545729,0.520978455525552,0.678869527129166,0.445881288265884,REACTOME_METABOLISM,11
REACTOME|R-HSA-71291_METABOLISM_OF_AMINO_ACIDS_AND_DERIVATIVES,DSS,GSVA,1040,79,0.92245345239348,0.731662463962213,1.16299579894343,-0.682762009474182,0.494757239208768,0.97824686987752,0.848109065980639,0.318436329664051,0.692624328359925,0.929882667383731,REACTOME_METABOLISM,341
REACTOME|R-HSA-9864848_COMPLEX_IV_ASSEMBLY,DSS,GSVA,1040,79,0.924147386320406,0.736405085909976,1.15975352151118,-0.680836885813172,0.495974707493916,1.01563891193402,0.889901159799226,0.613111096605606,0.692624328359925,0.947007116577786,REACTOME_METABOLISM,35
CONTROL|CONTROL_IMMUNE_FULL,DSS,GSVA,1040,79,0.924984182545486,0.737978200330647,1.15937806506479,-0.67668708862167,0.498604510146377,0.866487490272348,0.203617904332356,0.479805616560049,0.69377933153095,0.455280482720661,CONTEXT_CONTROL,141
KEGG|hsa00250_ALANINE_ASPARTATE_AND_GLUTAMATE_METABOLISM,DSS,GSVA,1040,79,0.924564064679192,0.735631174239687,1.1620207783875,-0.672497547884272,0.501267000664121,0.979559197209765,0.855717320945319,0.407802040812597,0.69377933153095,0.933083544482841,KEGG_METABOLISM,35
KEGG|hsa00030_PENTOSE_PHOSPHATE_PATHWAY,DSS,GSVA,1040,79,1.08100930355251,0.861106650238264,1.35706896938229,0.671297110446569,0.502031275077672,1.1404932368246,0.238613945082669,0.0106743470498623,0.69377933153095,0.489527578056198,KEGG_METABOLISM,29
REACTOME|R-HSA-8957322_METABOLISM_OF_STEROIDS,DSS,GSVA,1040,79,0.925947370195418,0.73734050213893,1.1627986390069,-0.662070669224818,0.507925932270699,0.933679268980804,0.558748547518401,0.246549355390595,0.699496612608091,0.761581924357272,REACTOME_METABOLISM,147
HUMANGEM|CYSTEINE_AND_METHIONINE_METABOLISM,DSS,GSVA,1040,79,0.92345072323952,0.727018006334064,1.1729575207519,-0.652643095398859,0.513986395817297,0.920411971268268,0.461602291137988,0.0261872847808251,0.705402019087187,0.6804359698997,HUMANGEM_SUBSYSTEM,41
CONTROL|CONTROL_CAF_FULL,DSS,GSVA,1040,79,1.07835584755439,0.8582852811276,1.35485410215472,0.647769909000797,0.517133780481856,1.04159481952289,0.718721499478188,0.0514038546617651,0.706077110750223,0.841521527963234,CONTEXT_CONTROL,123
HUMANGEM|PENTOSE_AND_GLUCURONATE_INTERCONVERSIONS,DSS,GSVA,1040,79,0.927055524855273,0.736822802881003,1.16640248212226,-0.646390605458263,0.518026422962475,1.02963135489635,0.799001922497472,0.125676839236655,0.706077110750223,0.893072568631361,HUMANGEM_SUBSYSTEM,10
HUMANGEM|PHOSPHATIDYLINOSITOL_PHOSPHATE_METABOLISM,DSS,GSVA,1040,79,0.923889843787342,0.722971137076038,1.18064525633148,-0.632722128690129,0.52691511658269,1.00424110568294,0.970706331113176,0.324480241996116,0.714311955515493,0.9723690399871,HUMANGEM_SUBSYSTEM,21
REACTOME|R-HSA-199220_VITAMIN_B5_PANTOTHENATE_METABOLISM,DSS,GSVA,1040,79,0.923902760382386,0.722693687852008,1.18113154299058,-0.631585788740052,0.527657575179786,0.96117523030975,0.737390633483339,0.466445834007013,0.714311955515493,0.85314381432084,REACTOME_METABOLISM,20
REACTOME|R-HSA-75876_SYNTHESIS_OF_VERY_LONG_CHAIN_FATTY_ACYL_COAS,DSS,GSVA,1040,79,0.927600202928365,0.732730499343641,1.1742955114377,-0.624632967283318,0.532211977347417,0.818844524697382,0.0899518097019484,0.808269372592196,0.716064993712621,0.30442591787804,REACTOME_METABOLISM,20
REACTOME|R-HSA-400451_FREE_FATTY_ACIDS_REGULATE_INSULIN_SECRETION,DSS,GSVA,1040,79,1.07375560745162,0.858714556109346,1.34264767766087,0.624116848696352,0.532550849595316,1.01345523540755,0.903740036472238,0.45790905665603,0.716064993712621,0.949050800310824,REACTOME_METABOLISM,11
HUMANGEM|GLUTATHIONE_METABOLISM,DSS,GSVA,1040,79,1.07127378950515,0.85886010600018,1.33622172465941,0.610607738126241,0.541459298626264,1.14511779531084,0.234562939387713,0.159714342060468,0.725039214857256,0.489215746664266,HUMANGEM_SUBSYSTEM,30
HUMANGEM|FATTY_ACID_BIOSYNTHESIS_UNSATURATED_,DSS,GSVA,1040,79,0.934137255755772,0.7485699543288,1.16570590035683,-0.602995066827476,0.546511970997932,0.825884988787222,0.092513998100203,0.76569419365996,0.725039214857256,0.30442591787804,HUMANGEM_SUBSYSTEM,11
HUMANGEM|FATTY_ACID_ELONGATION_EVEN_CHAIN_,DSS,GSVA,1040,79,0.934137255755772,0.7485699543288,1.16570590035683,-0.602995066827476,0.546511970997932,0.825884988787222,0.092513998100203,0.76569419365996,0.725039214857256,0.30442591787804,HUMANGEM_SUBSYSTEM,11
HUMANGEM|FATTY_ACID_ELONGATION_ODD_CHAIN_,DSS,GSVA,1040,79,0.934137255755772,0.7485699543288,1.16570590035683,-0.602995066827476,0.546511970997932,0.825884988787222,0.092513998100203,0.76569419365996,0.725039214857256,0.30442591787804,HUMANGEM_SUBSYSTEM,11
REACTOME|R-HSA-6806667_METABOLISM_OF_FAT_SOLUBLE_VITAMINS,DSS,GSVA,1040,79,0.933753855112431,0.744859670874739,1.17055103938357,-0.594393855326702,0.552248717317697,0.931453111935306,0.512418887212346,0.0617304465323791,0.728669698818378,0.72582403699187,REACTOME_METABOLISM,47
REACTOME|R-HSA-203615_ENOS_ACTIVATION,DSS,GSVA,1040,79,1.06920932817132,0.85717465907164,1.33369386897966,0.593404955207467,0.552910173475251,1.12735941639554,0.303312481897774,0.993965513153153,0.728669698818378,0.561480780443321,REACTOME_METABOLISM,15
HUMANGEM|SPHINGOLIPID_METABOLISM,DSS,GSVA,1040,79,0.934120909773509,0.744717052450755,1.17169584233978,-0.589461215987074,0.555551921933124,1.01698286298864,0.879740704159606,0.0325759882779826,0.729734867753741,0.941960934595994,HUMANGEM_SUBSYSTEM,103
REACTOME|R-HSA-1855204_SYNTHESIS_OF_IP3_AND_IP4_IN_THE_CYTOSOL,DSS,GSVA,1040,79,1.0701766096267,0.852865997396845,1.3428580565854,0.585674798583009,0.558094072672917,1.02541604465798,0.823329983438041,0.193604820123968,0.730662634617832,0.912772516457773,REACTOME_METABOLISM,28
HUMANGEM|PANTOTHENATE_AND_COA_METABOLISM,DSS,GSVA,1040,79,0.935077794647276,0.744422007063652,1.1745629142418,-0.576989439035819,0.56394658980521,0.946632073840187,0.633650894919825,0.327379603429485,0.735904074565487,0.784360315975487,HUMANGEM_SUBSYSTEM,13
REACTOME|R-HSA-189445_METABOLISM_OF_PORPHYRINS,DSS,GSVA,1040,79,0.932880248301552,0.733675211018975,1.18617277045859,-0.56691024322764,0.570775164489875,1.07589671959864,0.524846190889158,0.0339336963563839,0.742380769499902,0.730387510761211,REACTOME_METABOLISM,27
REACTOME|R-HSA-2408522_SELENOAMINO_ACID_METABOLISM,DSS,GSVA,1040,79,0.936642354568055,0.745138014056134,1.17736430543282,-0.560871840552765,0.574884907821307,0.945658200574149,0.624070739086183,0.698391742743219,0.745290531963779,0.784360315975487,REACTOME_METABOLISM,109
KEGG|hsa00450_SELENOCOMPOUND_METABOLISM,DSS,GSVA,1040,79,0.944337732853722,0.76813356517021,1.16096183545071,-0.543539762082147,0.586758221754515,1.0249801807244,0.828543929301568,0.634360450386057,0.756167311784574,0.916001344061178,KEGG_METABOLISM,13
KEGG|hsa00220_ARGININE_BIOSYNTHESIS,DSS,GSVA,1040,79,0.938735043328826,0.747221960215984,1.17933295391754,-0.543080146467455,0.587074621460888,0.941012576064671,0.587096078759282,0.257433148240346,0.756167311784574,0.772868544345745,KEGG_METABOLISM,22
HUMANGEM|ACYLGLYCERIDES_METABOLISM,DSS,GSVA,1040,79,1.0626051029825,0.851376113314777,1.32624064408886,0.53702529223471,0.591250143535661,1.09037144859237,0.429736088048949,0.0503144995269162,0.759088893958688,0.665505692776193,HUMANGEM_SUBSYSTEM,38
HUMANGEM|CHONDROITIN_SULFATE_DEGRADATION,DSS,GSVA,1040,79,0.942654489283343,0.754036313673997,1.17845449887738,-0.518449637932835,0.604144589497926,0.921595887267733,0.470130123127851,0.108385391738113,0.770724985612899,0.688802154857611,HUMANGEM_SUBSYSTEM,15
REACTOME|R-HSA-2408557_SELENOCYSTEINE_SYNTHESIS,DSS,GSVA,1040,79,0.941455879679886,0.749444109587023,1.18266213857127,-0.518389669535897,0.604186420882474,0.943227340679937,0.607293199142691,0.76916939832417,0.770724985612899,0.777179078002543,REACTOME_METABOLISM,93
REACTOME|R-HSA-9840309_GLYCOSPHINGOLIPID_BIOSYNTHESIS,DSS,GSVA,1040,79,1.05929590215679,0.847769249634577,1.32360050663531,0.50686457577504,0.612249842688367,0.996180287673242,0.9723690399871,0.645938503329543,0.777662733580389,0.9723690399871,REACTOME_METABOLISM,19
REACTOME|R-HSA-1660514_SYNTHESIS_OF_PIPS_AT_THE_GOLGI_MEMBRANE,DSS,GSVA,1040,79,1.06007674443541,0.845289820305765,1.32944071618689,0.505036912222251,0.613532910412669,1.11934604746666,0.31137690629934,0.872399839665882,0.777662733580389,0.565881318297431,REACTOME_METABOLISM,18
REACTOME|R-HSA-1482922_ACYL_CHAIN_REMODELLING_OF_PI,DSS,GSVA,1040,79,0.941137246108345,0.742150562316854,1.19347658141939,-0.500578957244847,0.616667474930522,0.840026155507075,0.132269783531601,0.657516204803852,0.779154460388405,0.357400551252206,REACTOME_METABOLISM,16
KEGG|hsa00010_GLYCOLYSIS_GLUCONEOGENESIS,DSS,GSVA,1040,79,0.94569434270982,0.755435110740002,1.18387109245861,-0.487203315280092,0.626114256161373,0.985085842486088,0.893652224771794,0.0466311921118716,0.788586942886792,0.948462894557798,KEGG_METABOLISM,64
HALLMARK|HALLMARK_REACTIVE_OXYGEN_SPECIES_PATHWAY,DSS,GSVA,1040,79,1.05592469079362,0.845039184073159,1.31943816765197,0.478735434705916,0.632126853940565,1.09439954541545,0.423111722515146,0.00906296253441429,0.793648226714021,0.657806506097766,HALLMARK_METABOLIC,45
KEGG|hsa00430_TAURINE_AND_HYPOTAURINE_METABOLISM,DSS,GSVA,1040,79,0.946670435255086,0.751713866406804,1.19218888068385,-0.465821964210883,0.641342941962478,0.967780435673965,0.771304368196254,0.26998704102064,0.80193858958692,0.8821239613279,KEGG_METABOLISM,16
HUMANGEM|PORPHYRIN_METABOLISM,DSS,GSVA,1040,79,0.949440554590466,0.762529179292624,1.18216770083118,-0.463843570685873,0.642759824317154,1.07298105009203,0.538039574374643,0.0479264081601629,0.80193858958692,0.746131535195498,HUMANGEM_SUBSYSTEM,22
REACTOME|R-HSA-209776_METABOLISM_OF_AMINE_DERIVED_HORMONES,DSS,GSVA,1040,79,0.949313798261804,0.758624585345362,1.1879349878438,-0.454667235647024,0.649348655745638,1.04564861769663,0.692422116217053,0.122329339990846,0.807627390583638,0.82757958634951,REACTOME_METABOLISM,22
REACTOME|R-HSA-8964539_GLUTAMATE_AND_GLUTAMINE_METABOLISM,DSS,GSVA,1040,79,0.950157813563842,0.758364063234469,1.19045708314015,-0.444457013889431,0.656712200795256,1.0408090261395,0.719955278889755,0.887316660126373,0.814241295690068,0.841521527963234,REACTOME_METABOLISM,12
REACTOME|R-HSA-196854_METABOLISM_OF_VITAMINS_AND_COFACTORS,DSS,GSVA,1040,79,0.949635652065652,0.7548398453943,1.19470093845283,-0.44119649594035,0.659070749765131,0.940894721156516,0.60195355455397,0.105015692507083,0.814627821138267,0.777179078002543,REACTOME_METABOLISM,182
CURATED|CURATED_LIPID_SYNTHESIS,DSS,GSVA,1040,79,1.05069682660469,0.83979981215619,1.31455592804045,0.432631362754328,0.665282601049832,1.0317554538287,0.78282966411502,0.178323201551225,0.818254457528241,0.887385177925877,CURATED_SIGNATURE,34
REACTOME|R-HSA-2024101_CS_DS_DEGRADATION,DSS,GSVA,1040,79,1.0529800857713,0.832870266200449,1.33126022866577,0.431483710996707,0.666116694068217,0.944483795443101,0.615406530617918,0.0485887595919311,0.818254457528241,0.78003757702526,REACTOME_METABOLISM,20
REACTOME|R-HSA-2142845_HYALURONAN_METABOLISM,DSS,GSVA,1040,79,0.950522627036023,0.752747028312151,1.20026148297566,-0.42633624847249,0.669862848168967,0.905064119560492,0.390987634929257,0.49606516851669,0.820324349449997,0.624952123300579,REACTOME_METABOLISM,18
KEGG|hsa00140_STEROID_HORMONE_BIOSYNTHESIS,DSS,GSVA,1040,79,0.950709014508772,0.747747468828424,1.2087605347356,-0.412557131532238,0.679931114661043,0.9536765767972,0.684476380389187,0.836443088715149,0.830099949800906,0.820546986129206,KEGG_METABOLISM,61
KEGG|hsa00604_GLYCOSPHINGOLIPID_BIOSYNTHESIS_GANGLIO_SERIES,DSS,GSVA,1040,79,1.04698112958845,0.831384271789483,1.31848715799603,0.390266681630631,0.696339358021573,1.06795570584452,0.569108743647263,0.477113758390927,0.842161838129195,0.772868544345745,KEGG_METABOLISM,15
HUMANGEM|LIPOIC_ACID_METABOLISM,DSS,GSVA,1040,79,0.954629439486465,0.754512253510493,1.20782314998092,-0.386848551824683,0.698868331003719,1.03208405218594,0.78424905096325,0.436436534779847,0.842161838129195,0.887385177925877,HUMANGEM_SUBSYSTEM,10
KEGG|hsa01232_NUCLEOTIDE_METABOLISM,DSS,GSVA,1040,79,1.04635502227899,0.8311892465696,1.31721967911285,0.385790086072405,0.699652138174639,1.12286357239792,0.329943644411265,0.0462317341435135,0.842161838129195,0.5862391539093,KEGG_METABOLISM,71
REACTOME|R-HSA-2024096_HS_GAG_DEGRADATION,DSS,GSVA,1040,79,1.04688030431644,0.828850912428925,1.32226236966309,0.384519255976702,0.700593626656627,1.0260106511154,0.820627884553649,0.838677677209823,0.842161838129195,0.912318150984225,REACTOME_METABOLISM,19
REACTOME|R-HSA-189483_HEME_DEGRADATION,DSS,GSVA,1040,79,1.04741275063354,0.825792649039314,1.32850961008916,0.381909966347179,0.702528147554683,1.11782811964937,0.340018197332519,0.115501685287296,0.842161838129195,0.589143759209792,REACTOME_METABOLISM,15
HUMANGEM|INOSITOL_PHOSPHATE_METABOLISM,DSS,GSVA,1040,79,0.958142698897367,0.767142027235691,1.19669813262399,-0.376956529394159,0.706205910407819,0.912647241373938,0.408636030526787,0.171248242277153,0.842161838129195,0.647956733663988,HUMANGEM_SUBSYSTEM,95
KEGG|hsa00785_LIPOIC_ACID_METABOLISM,DSS,GSVA,1040,79,1.04567396698881,0.828548814836039,1.31969779650761,0.376112176690769,0.706833502151046,1.07161480094608,0.544562740029469,0.881030775167938,0.842161838129195,0.749951455127089,KEGG_METABOLISM,19
REACTOME|R-HSA-75109_TRIGLYCERIDE_BIOSYNTHESIS,DSS,GSVA,1040,79,0.957023595875358,0.760738447167236,1.20395408760096,-0.375089124354919,0.707594185071537,0.905037679697196,0.373303066499123,0.0272934677880538,0.842161838129195,0.608912378961684,REACTOME_METABOLISM,12
HUMANGEM|N_GLYCAN_METABOLISM,DSS,GSVA,1040,79,1.04276780097821,0.836018440603595,1.30064677278154,0.371439702650788,0.710310058825748,1.15327278188837,0.198927523590516,0.0130043566083205,0.842161838129195,0.449847468119463,HUMANGEM_SUBSYSTEM,68
REACTOME|R-HSA-156584_CYTOSOLIC_SULFONATION_OF_SMALL_MOLECULES,DSS,GSVA,1040,79,0.958500057833587,0.76489765080228,1.20110495816449,-0.36819915020315,0.712724743935741,1.04163282737183,0.72013395302027,0.642745534165948,0.842161838129195,0.841521527963234,REACTOME_METABOLISM,16
REACTOME|R-HSA-1660499_SYNTHESIS_OF_PIPS_AT_THE_PLASMA_MEMBRANE,DSS,GSVA,1040,79,1.04392381005048,0.83015597077372,1.31273755722629,0.367713621624553,0.713086782536529,1.01368615819135,0.903744355069855,0.311025819115038,0.842161838129195,0.949050800310824,REACTOME_METABOLISM,53
REACTOME|R-HSA-8956319_NUCLEOTIDE_CATABOLISM,DSS,GSVA,1040,79,0.960112511351376,0.756452294080944,1.21860432133848,-0.334638123611275,0.737898082840896,0.990551930448846,0.936192250849523,0.297041040282234,0.868885908197268,0.962802366506745,REACTOME_METABOLISM,32
HUMANGEM|GLYCOLYSIS_GLUCONEOGENESIS,DSS,GSVA,1040,79,0.963494378937183,0.769027029555021,1.20713756807833,-0.32332120297185,0.74645199795791,0.970788231777026,0.791983287406345,0.088837057376969,0.876365472528756,0.890421888100919,HUMANGEM_SUBSYSTEM,68
HUMANGEM|PYRIMIDINE_METABOLISM,DSS,GSVA,1040,79,1.03794032529807,0.821894284677395,1.31077699281329,0.312736711261056,0.754480702007999,1.19443970687844,0.133800708885876,0.100255771272921,0.88318623352701,0.357400551252206,HUMANGEM_SUBSYSTEM,57
HUMANGEM|TRICARBOXYLIC_ACID_CYCLE_AND_GLYOXYLATE_DICARBOXYLATE_METABOLISM,DSS,GSVA,1040,79,0.965126793898602,0.770423576527908,1.20903585596235,-0.308770004377238,0.75749648797123,1.05786027489348,0.612753842226799,0.0226627924057726,0.883737684279894,0.779156642831521,HUMANGEM_SUBSYSTEM,45
HUMANGEM|TRANSPORT_REACTIONS,DSS,GSVA,1040,79,1.03642376077946,0.823798510529155,1.30392832492289,0.305398511356985,0.760062655435027,1.08755266185701,0.448437889166685,0.198384211630534,0.883737684279894,0.676809406159622,HUMANGEM_SUBSYSTEM,497
KEGG|hsa00360_PHENYLALANINE_METABOLISM,DSS,GSVA,1040,79,0.964114628969975,0.761173205401791,1.22116360796392,-0.303061491646659,0.761843000110548,0.939849491337227,0.583368456624988,0.937427126229491,0.883737684279894,0.772868544345745,KEGG_METABOLISM,16
REACTOME|R-HSA-9865881_COMPLEX_III_ASSEMBLY,DSS,GSVA,1040,79,1.03617711007011,0.820142128783328,1.30911821957741,0.297904046460953,0.765776399472918,1.07630604849833,0.520470789505374,0.24336966484984,0.883737684279894,0.730387510761211,REACTOME_METABOLISM,20
REACTOME|R-HSA-975634_RETINOID_METABOLISM_AND_TRANSPORT,DSS,GSVA,1040,79,0.966257654613465,0.770717267209088,1.21140902743758,-0.297540329536782,0.766054022805436,0.951174162378121,0.646540127407817,0.0853891708883073,0.883737684279894,0.784521252159485,REACTOME_METABOLISM,43
REACTOME|R-HSA-2564830_CYTOSOLIC_IRON_SULFUR_CLUSTER_ASSEMBLY,DSS,GSVA,1040,79,1.03655438495327,0.816224226260812,1.31636008635516,0.294466500239312,0.768401458150893,1.15357516422727,0.215935155104468,0.558714378378332,0.883883758219813,0.472892173098964,REACTOME_METABOLISM,11
HUMANGEM|CHOLESTEROL_BIOSYNTHESIS_1_BLOCH_PATHWAY_,DSS,GSVA,1040,79,1.03066145268735,0.832331394736962,1.2762501051535,0.276960707215148,0.781810277425921,1.12161378316241,0.315286473104468,0.00605182847314576,0.894259798680722,0.570381892252628,HUMANGEM_SUBSYSTEM,16
REACTOME|R-HSA-202131_METABOLISM_OF_NITRIC_OXIDE_NOS3_ACTIVATION_AND_REGULATION,DSS,GSVA,1040,79,0.968760004010469,0.773788821272573,1.21285797826197,-0.276823542710508,0.781915602866561,1.06241527611567,0.599015297800582,0.696888909991329,0.894259798680722,0.777179078002543,REACTOME_METABOLISM,19
KEGG|hsa00040_PENTOSE_AND_GLUCURONATE_INTERCONVERSIONS,DSS,GSVA,1040,79,1.03094689712722,0.825795846427251,1.28706327271394,0.269221359695458,0.787759344218934,1.14440350925541,0.232634016160088,0.171551016656311,0.898361659023312,0.489215746664266,KEGG_METABOLISM,33
HUMANGEM|GLYCOSPHINGOLIPID_BIOSYNTHESIS_GANGLIO_SERIES,DSS,GSVA,1040,79,0.969245221249095,0.763878281560855,1.22982459586969,-0.257133128948002,0.797076003920274,1.00672878668719,0.953431287713281,0.0687410429275871,0.906389284457912,0.964883033799997,HUMANGEM_SUBSYSTEM,24
KEGG|hsa00500_STARCH_AND_SUCROSE_METABOLISM,DSS,GSVA,1040,79,1.03136854671504,0.812207924562289,1.30966596974087,0.253417412390804,0.799945673572482,1.01212253690422,0.914401349069316,0.0877049002811827,0.907060906216091,0.95520140926401,KEGG_METABOLISM,32
HALLMARK|HALLMARK_CHOLESTEROL_HOMEOSTASIS,DSS,GSVA,1040,79,0.973692069149934,0.783476630243472,1.21008873644496,-0.240409546917404,0.810012777836515,1.01082406121439,0.925178918555179,0.010934421004377,0.915239289418107,0.956544984665568,HALLMARK_METABOLIC,72
REACTOME|R-HSA-70268_PYRUVATE_METABOLISM,DSS,GSVA,1040,79,1.02695946141286,0.825034588889278,1.27830487301779,0.238159406546025,0.811757460212542,0.986426423168805,0.903140757419958,0.268596292519161,0.915239289418107,0.949050800310824,REACTOME_METABOLISM,43
REACTOME|R-HSA-70635_UREA_CYCLE,DSS,GSVA,1040,79,0.974333639809071,0.781971771484046,1.21401574363987,-0.231717925509595,0.816757107731801,1.01916477064002,0.866827850280364,0.280419664203319,0.915709832834609,0.94004764144846,REACTOME_METABOLISM,12
REACTOME|R-HSA-156588_GLUCURONIDATION,DSS,GSVA,1040,79,0.973105726332654,0.772680945415384,1.22551845006653,-0.231693141899298,0.81677635843288,1.04250898553711,0.721002113154429,0.977407723319345,0.915709832834609,0.841521527963234,REACTOME_METABOLISM,25
HUMANGEM|METABOLISM_OF_OTHER_AMINO_ACIDS,DSS,GSVA,1040,79,1.02709833710086,0.81658013902924,1.29188911614904,0.228479439277672,0.819273538510643,1.06438073430281,0.579810615992806,0.282230467097788,0.915929405413584,0.772868544345745,HUMANGEM_SUBSYSTEM,26
KEGG_EXTRA|hsa04933_AGE_RAGE_SIGNALING_PATHWAY_IN_DIABETIC_COMPLICATIONS,DSS,GSVA,1040,79,1.02692682990424,0.81046420120054,1.30120332571757,0.220001702260786,0.825869828970322,0.929694970338109,0.524851326828408,0.166948162752582,0.920717624454309,0.730387510761211,KEGG_CLAIM_SPECIFIC,98
REACTOME|R-HSA-6799198_COMPLEX_I_BIOGENESIS,DSS,GSVA,1040,79,0.976183373180377,0.777881225158201,1.2250378942878,-0.208059577529411,0.835182448907113,1.05390798031191,0.642128176663896,0.396548107893159,0.928498923645338,0.784521252159485,REACTOME_METABOLISM,53
REACTOME|R-HSA-3322077_GLYCOGEN_SYNTHESIS,DSS,GSVA,1040,79,1.02352834764556,0.817609049798859,1.2813095435915,0.202920619453853,0.839197077559453,0.976776221986346,0.831827525568086,0.00826491317964147,0.930363333895995,0.917084086360383,REACTOME_METABOLISM,14
REACTOME|R-HSA-71403_CITRIC_ACID_CYCLE_TCA_CYCLE_,DSS,GSVA,1040,79,0.977836781684743,0.778490549885997,1.22822913104802,-0.192680873461849,0.847208903523288,1.09622023235774,0.418595221979264,0.256706914756325,0.934784665193056,0.656290038843255,REACTOME_METABOLISM,30
REACTOME|R-HSA-1655829_REGULATION_OF_CHOLESTEROL_BIOSYNTHESIS_BY_SREBP_SREBF_,DSS,GSVA,1040,79,0.979023984653671,0.785381992419638,1.22040990470663,-0.188534314413636,0.850457818784468,1.04834319265038,0.678962259144028,0.53142724623757,0.934784665193056,0.816395707369556,REACTOME_METABOLISM,53
REACTOME|R-HSA-1475029_REVERSIBLE_HYDRATION_OF_CARBON_DIOXIDE,DSS,GSVA,1040,79,0.978893466028522,0.783695063616524,1.22271079954411,-0.187999523638683,0.850877024603845,0.965068297387218,0.757474363354253,0.91867915491492,0.934784665193056,0.868803448458192,REACTOME_METABOLISM,12
KEGG|hsa01240_BIOSYNTHESIS_OF_COFACTORS,DSS,GSVA,1040,79,0.978935551850562,0.780234781875092,1.22823903386351,-0.183925543501845,0.854071865823132,1.1179884296324,0.337204227121631,0.0397161408806415,0.934784665193056,0.589143759209792,KEGG_METABOLISM,139
REACTOME|R-HSA-8979227_TRIGLYCERIDE_METABOLISM,DSS,GSVA,1040,79,0.97925611053749,0.782173800057735,1.22599674133067,-0.182833466440981,0.854928688769528,0.888481714679664,0.294207797445267,0.0143122299316323,0.934784665193056,0.549740391470499,REACTOME_METABOLISM,36
KEGG|hsa00480_GLUTATHIONE_METABOLISM,DSS,GSVA,1040,79,0.981225239445915,0.794302168379878,1.2121369031253,-0.175776924605181,0.860469198852464,0.993196087261543,0.951709052723767,0.0812396132643242,0.938265044228166,0.964883033799997,KEGG_METABOLISM,56
REACTOME|R-HSA-1428517_AEROBIC_RESPIRATION_AND_RESPIRATORY_ELECTRON_TRANSPORT,DSS,GSVA,1040,79,0.981752019587504,0.782023613650508,1.23249095185876,-0.15869769347616,0.873907055488404,1.06385714131638,0.586484740685849,0.250300477493663,0.950314229738757,0.772868544345745,REACTOME_METABOLISM,198
KEGG|hsa00670_ONE_CARBON_POOL_BY_FOLATE,DSS,GSVA,1040,79,1.01782746740301,0.80431623481316,1.28801671352645,0.147107669796009,0.883047036122646,0.932586132673917,0.551399436056515,0.966055187792202,0.953932755186536,0.754147682304099,KEGG_METABOLISM,35
KEGG|hsa00562_INOSITOL_PHOSPHATE_METABOLISM,DSS,GSVA,1040,79,0.983435550372025,0.784808344909535,1.23233333081723,-0.145108148722609,0.884625484638054,0.96126385641947,0.723404589055014,0.258810370994801,0.953932755186536,0.841856802467531,KEGG_METABOLISM,78
REACTOME|R-HSA-196807_NICOTINATE_METABOLISM,DSS,GSVA,1040,79,0.984119094656535,0.787635133437107,1.22961806977968,-0.140883232775249,0.887962188331472,0.878959561607393,0.252386935506987,0.944863121614157,0.953932755186536,0.497277229365251,REACTOME_METABOLISM,22
REACTOME|R-HSA-1989781_PPARA_ACTIVATES_GENE_EXPRESSION,DSS,GSVA,1040,79,1.01712663919414,0.801956893581675,1.2900276915607,0.140035806637425,0.888631699510207,1.01829727839853,0.876253885776439,0.198850986041665,0.953932755186536,0.941960934595994,REACTOME_METABOLISM,115
HUMANGEM|OXIDATIVE_PHOSPHORYLATION,DSS,GSVA,1040,79,0.984432436994879,0.784983357808001,1.23455766720179,-0.135830590950852,0.891955207092368,1.05925511943852,0.612184562434803,0.286972709884619,0.953932755186536,0.779156642831521,HUMANGEM_SUBSYSTEM,73
REACTOME|R-HSA-70263_GLUCONEOGENESIS,DSS,GSVA,1040,79,0.98437937062675,0.782743146380031,1.23795749575948,-0.13462987561277,0.892904519322027,1.11261954956244,0.347591787977572,0.0120550134166069,0.953932755186536,0.593740479034651,REACTOME_METABOLISM,24
REACTOME|R-HSA-400206_REGULATION_OF_LIPID_METABOLISM_BY_PPARALPHA,DSS,GSVA,1040,79,0.984204870404147,0.777366750395926,1.24607751287779,-0.132270743628892,0.894770147227481,0.982781288014315,0.8804257981651,0.237464731833988,0.953932755186536,0.941960934595994,REACTOME_METABOLISM,117
REACTOME|R-HSA-196791_VITAMIN_D_CALCIFEROL_METABOLISM,DSS,GSVA,1040,79,0.984508835574024,0.777912671869648,1.24597230816898,-0.129921869528442,0.896628241555683,0.899282762541618,0.357801705227998,0.824683976193377,0.953932755186536,0.606454193899474,REACTOME_METABOLISM,12
KEGG|hsa00860_PORPHYRIN_METABOLISM,DSS,GSVA,1040,79,1.01492545758166,0.807733541903741,1.27526421896455,0.127169824593974,0.898805987927012,1.17169842938341,0.165378661099691,0.0338750818591101,0.953932755186536,0.41107119793161,KEGG_METABOLISM,43
REACTOME|R-HSA-499943_INTERCONVERSION_OF_NUCLEOTIDE_DI_AND_TRIPHOSPHATES,DSS,GSVA,1040,79,0.986486252009435,0.78828498925342,1.23452195420503,-0.118897762628759,0.905356354352491,1.07218835939374,0.549664863785007,0.142274200645269,0.95832933253269,0.754147682304099,REACTOME_METABOLISM,25
REACTOME|R-HSA-1482788_ACYL_CHAIN_REMODELLING_OF_PC,DSS,GSVA,1040,79,0.986277285741593,0.777383756987913,1.25130333072412,-0.113791529450402,0.90940305349647,0.855552921920093,0.179796544603973,0.498809877051527,0.960059457006884,0.433691059105341,REACTOME_METABOLISM,25
CURATED|CURATED_SERINE_GLYCINE,DSS,GSVA,1040,79,0.987909824435067,0.782653019029929,1.24699681402239,-0.102365636432685,0.918466458507106,1.06285051270918,0.594446518439097,0.0112419303773514,0.967062567422826,0.777179078002543,CURATED_SIGNATURE,16
HALLMARK|HALLMARK_OXIDATIVE_PHOSPHORYLATION,DSS,GSVA,1040,79,1.01084881926819,0.80465163851265,1.26988535971252,0.0927041260117369,0.926138619046646,1.08886472021846,0.457846485368686,0.110017464932011,0.972309939280207,0.677408554560361,HALLMARK_METABOLIC,182
REACTOME|R-HSA-9634600_REGULATION_OF_GLYCOLYSIS_BY_FRUCTOSE_2_6_BISPHOSPHATE_METABOLISM,DSS,GSVA,1040,79,0.989999951479052,0.795268717939483,1.23241349976387,-0.0899384541986462,0.928336122930851,1.03074590773717,0.791709859455516,0.246655620581591,0.972309939280207,0.890421888100919,REACTOME_METABOLISM,12
HUMANGEM|STARCH_AND_SUCROSE_METABOLISM,DSS,GSVA,1040,79,0.990200172335798,0.78676045881626,1.24624511858295,-0.0839295662012732,0.933112432058648,0.941276875083442,0.588389871700404,0.353705601800955,0.97378807595018,0.772868544345745,HUMANGEM_SUBSYSTEM,25
KEGG|hsa00130_UBIQUINONE_AND_OTHER_TERPENOID_QUINONE_BIOSYNTHESIS,DSS,GSVA,1040,79,0.990691596151642,0.788153773810534,1.24527709096706,-0.0801447700441766,0.936122115896593,1.10648468309374,0.37002990657611,0.800251110468516,0.97378807595018,0.606590131696318,KEGG_METABOLISM,12
KEGG|hsa00970_AMINOACYL_TRNA_BIOSYNTHESIS,DSS,GSVA,1040,79,1.00869346009105,0.81048521083397,1.25537453716583,0.0775468180133028,0.938188547987361,1.07426561725258,0.512453654258079,0.374929976165032,0.97378807595018,0.72582403699187,KEGG_METABOLISM,24
REACTOME|R-HSA-191273_CHOLESTEROL_BIOSYNTHESIS,DSS,GSVA,1040,79,0.991774152944992,0.801168632682515,1.22772651140417,-0.0758552946528699,0.939534224032335,1.0711743186036,0.54296711113733,0.00385860280416063,0.97378807595018,0.749951455127089,REACTOME_METABOLISM,24
REACTOME|R-HSA-71288_CREATINE_METABOLISM,DSS,GSVA,1040,79,0.992892783367977,0.784405252210406,1.25679433747566,-0.0593129690763434,0.95270283147272,1.06104733977624,0.604375536505444,0.0282448461002728,0.984872017989981,0.777179078002543,REACTOME_METABOLISM,11
REACTOME|R-HSA-1483166_SYNTHESIS_OF_PA,DSS,GSVA,1040,79,0.994077634798224,0.794948096319115,1.24308788030526,-0.0520820617692515,0.958463306199798,0.94807167428286,0.628843581734853,0.81209227495621,0.988260092921035,0.784360315975487,REACTOME_METABOLISM,34
KEGG|hsa01521_EGFR_TYROSINE_KINASE_INHIBITOR_RESISTANCE,DSS,GSVA,1040,79,1.00533215458129,0.803353544965768,1.25809209079687,0.046474648278948,0.962931939989707,0.90398063600515,0.366690864726574,0.114972242358235,0.990302098490707,0.606590131696318,KEGG_METABOLISM,79
REACTOME|R-HSA-1482925_ACYL_CHAIN_REMODELLING_OF_PG,DSS,GSVA,1040,79,1.00410279462586,0.794762681860743,1.2685829936239,0.0343234217618041,0.972619248006108,0.900529878571852,0.361763250387319,0.711591171030228,0.997686754398018,0.606590131696318,REACTOME_METABOLISM,17
REACTOME|R-HSA-2022857_KERATAN_SULFATE_DEGRADATION,DSS,GSVA,1040,79,1.00353357440672,0.80081764394812,1.2575642439601,0.030638677765273,0.975557696222323,1.00968575240902,0.931724401167653,0.695598657462249,0.998128439836722,0.960689926592554,REACTOME_METABOLISM,15
REACTOME|R-HSA-1483255_PI_METABOLISM,DSS,GSVA,1040,79,0.997760125288797,0.796147425601918,1.25042829456323,-0.0194706392368359,0.984465659096603,0.980836553093227,0.860981332292678,0.250745335799929,0.99945880082075,0.936258388667995,REACTOME_METABOLISM,83
HUMANGEM|STEROID_METABOLISM,DSS,GSVA,1040,79,0.998527628492998,0.784699624467934,1.27062304323123,-0.0119842514391043,0.99043817968625,0.988119158724897,0.920227630467985,0.731371218694354,0.99945880082075,0.956267877092057,HUMANGEM_SUBSYSTEM,60
KEGG|hsa00100_STEROID_BIOSYNTHESIS,DSS,GSVA,1040,79,0.998849773797766,0.815555636174495,1.22333882124307,-0.0111265628494956,0.991122470461582,1.03608324185123,0.752911429400824,0.00762038149858137,0.99945880082075,0.866065748270312,KEGG_METABOLISM,18
HUMANGEM|ANDROGEN_METABOLISM,DSS,GSVA,1040,79,1.00098127109908,0.793525974633463,1.26267259941168,0.00827707225220007,0.993395927248827,0.993390285833005,0.953728978587388,0.844473341369638,0.99945880082075,0.964883033799997,HUMANGEM_SUBSYSTEM,22
REACTOME|R-HSA-163560_TRIGLYCERIDE_CATABOLISM,DSS,GSVA,1040,79,0.999120103026272,0.794143583989486,1.25700314199661,-0.00751427153276746,0.994004535179975,0.911325850011163,0.420487336444799,0.132202924685976,0.99945880082075,0.656290038843255,REACTOME_METABOLISM,24
REACTOME|R-HSA-611105_RESPIRATORY_ELECTRON_TRANSPORT,DSS,GSVA,1040,79,0.999211114380315,0.795415756052048,1.25522136505908,-0.00678131650703661,0.994589333726528,1.08062667548639,0.49456505773925,0.293049435017242,0.99945880082075,0.710786054440147,REACTOME_METABOLISM,126
KEGG|hsa00190_OXIDATIVE_PHOSPHORYLATION,DSS,GSVA,1040,79,1.00036112611605,0.795949351245761,1.25726892179499,0.00309597070397106,0.9975297767208,1.08971105069939,0.453813647779344,0.21143669354459,0.99945880082075,0.676809406159622,KEGG_METABOLISM,103
HUMANGEM|BILE_ACID_RECYCLING,DSS,GSVA,1040,79,1.0003553923745,0.791085252950351,1.26498491448373,0.00296732365590436,0.997632421742474,0.868787709635734,0.217435345922388,0.977550059898424,0.99945880082075,0.472892173098964,HUMANGEM_SUBSYSTEM,14
HUMANGEM|GLYCOSPHINGOLIPID_METABOLISM,DSS,GSVA,1040,79,1.00008222016058,0.788603143087355,1.26827347297362,0.000678292634469235,0.99945880082075,1.02943389709166,0.798150344286238,0.0168718505684007,0.99945880082075,0.893072568631361,HUMANGEM_SUBSYSTEM,54
HUMANGEM|HISTIDINE_METABOLISM,OS,GSVA,1057,140,0.744599781731931,0.633742528025109,0.874848712903914,-3.58564374070654,0.000336247733644248,0.796133449780841,0.00641352072060237,0.305252035901289,0.0440475698676206,0.249284975955849,HUMANGEM_SUBSYSTEM,40
HUMANGEM|VITAMIN_D_METABOLISM,OS,GSVA,1057,140,0.732435066226597,0.615663237576724,0.871354814605939,-3.51407785133911,0.000441283461783524,0.729201310615659,0.000273699931802288,0.0291727661895932,0.0440475698676206,0.107837805170914,HUMANGEM_SUBSYSTEM,10
REACTOME|R-HSA-9018677_BIOSYNTHESIS_OF_DHA_DERIVED_SPMS,OS,GSVA,1057,140,0.721656439924405,0.600131708614309,0.867789536544993,-3.46726589333579,0.000525781512837924,0.753596482254018,0.00207305092883127,0.991720981736244,0.0440475698676206,0.157320031342746,REACTOME_METABOLISM,17
REACTOME|R-HSA-2022854_KERATAN_SULFATE_BIOSYNTHESIS,OS,GSVA,1057,140,1.36308031897737,1.1404536038832,1.62916575444811,3.40455853743089,0.000662710947216519,1.17926428590148,0.0611857191658344,0.500835396883774,0.0440475698676206,0.344064968800668,REACTOME_METABOLISM,28
HUMANGEM|ARACHIDONIC_ACID_METABOLISM,OS,GSVA,1057,140,0.743349974025836,0.624420481077154,0.884931229243161,-3.33430761053553,0.000855120326911951,0.839917878470602,0.0400982713825513,0.66844376460635,0.0440475698676206,0.3256961634746,HUMANGEM_SUBSYSTEM,104
REACTOME|R-HSA-193775_SYNTHESIS_OF_BILE_ACIDS_AND_BILE_SALTS_VIA_24_HYDROXYCHOLESTEROL,OS,GSVA,1057,140,0.742833911256383,0.622237814014041,0.886802774252488,-3.28915536803973,0.00100488536057373,0.790218057464409,0.00751612992831706,0.388461296523112,0.0440475698676206,0.249284975955849,REACTOME_METABOLISM,13
CURATED|CURATED_ANTIFOLATE_DETERMINANTS,OS,GSVA,1057,140,1.3319552449515,1.12231814452755,1.58075032752913,3.28072759022209,0.00103539692503323,1.18469150946408,0.0458265093058366,0.144247921209584,0.0440475698676206,0.339678896584934,CURATED_SIGNATURE,10
REACTOME|R-HSA-2142753_ARACHIDONATE_METABOLISM,OS,GSVA,1057,140,0.748049680235766,0.628886657523774,0.889792011654623,-3.27896354768997,0.00104189093222973,0.806596109542911,0.0113954841210094,0.41516091233813,0.0440475698676206,0.26678839295069,REACTOME_METABOLISM,58
KEGG|hsa00590_ARACHIDONIC_ACID_METABOLISM,OS,GSVA,1057,140,0.740678451983204,0.618510295397803,0.886977263457504,-3.26413774819657,0.00109797769575054,0.793382637210624,0.00913485342965274,0.498997241066293,0.0440475698676206,0.259690833214414,KEGG_METABOLISM,56
REACTOME|R-HSA-9018678_BIOSYNTHESIS_OF_SPECIALIZED_PRORESOLVING_MEDIATORS_SPMS_,OS,GSVA,1057,140,0.739740367901922,0.616940290629692,0.886983424838641,-3.25490806112021,0.00113429079183132,0.767467720413543,0.00337989411007821,0.765318315678039,0.0440475698676206,0.185785296853687,REACTOME_METABOLISM,19
KEGG|hsa00730_THIAMINE_METABOLISM,OS,GSVA,1057,140,0.763631277071864,0.648516599647246,0.899179338878288,-3.23477290978075,0.00121739514709504,0.833935102529357,0.030104190726977,0.632355620916151,0.0440475698676206,0.307217125880432,KEGG_METABOLISM,11
HUMANGEM|PYRUVATE_METABOLISM,OS,GSVA,1057,140,0.756932895673201,0.637530212417931,0.89869844188125,-3.17943021941758,0.00147564894387249,0.854449743977274,0.0752210572008662,0.780347514749108,0.0466567960077254,0.373618964291547,HUMANGEM_SUBSYSTEM,44
KEGG|hsa00340_HISTIDINE_METABOLISM,OS,GSVA,1057,140,0.759872638643319,0.641217165795685,0.900484980376745,-3.17008076844703,0.0015239656987448,0.817582756164767,0.0212057011634535,0.132103181597143,0.0466567960077254,0.307217125880432,KEGG_METABOLISM,20
KEGG|hsa00410_BETA_ALANINE_METABOLISM,OS,GSVA,1057,140,0.766176424652787,0.646639865520028,0.907810274304139,-3.07760202852457,0.00208673390468115,0.835341854473239,0.0388795884116022,0.0593984857470795,0.05932286386165,0.325679283477033,KEGG_METABOLISM,31
REACTOME|R-HSA-1482839_ACYL_CHAIN_REMODELLING_OF_PE,OS,GSVA,1057,140,0.761274284852766,0.636108049982756,0.911069332943986,-2.97626621978339,0.0029178144992186,0.760956886714475,0.002371658763961,0.42311941173664,0.0744025083616492,0.157320031342746,REACTOME_METABOLISM,23
REACTOME|R-HSA-193368_SYNTHESIS_OF_BILE_ACIDS_AND_BILE_SALTS_VIA_7ALPHA_HYDROXYCHOLESTEROL,OS,GSVA,1057,140,0.760145176462781,0.633217272118702,0.912515679438565,-2.94216811788413,0.00325922933156151,0.849423021533635,0.0665427148010122,0.405831158820147,0.0744025083616492,0.353120006544038,REACTOME_METABOLISM,23
REACTOME|R-HSA-8978868_FATTY_ACID_METABOLISM,OS,GSVA,1057,140,0.775505585064992,0.654284871838733,0.919185110878171,-2.93171567484071,0.00337095210027276,0.887022523348403,0.160816119780333,0.96453771863522,0.0744025083616492,0.482959848107742,REACTOME_METABOLISM,165
REACTOME|R-HSA-71387_METABOLISM_OF_CARBOHYDRATES_AND_CARBOHYDRATE_DERIVATIVES,OS,GSVA,1057,140,1.2914565656058,1.08803274286195,1.53291348241893,2.92480838288449,0.00344668384247963,1.22562075533532,0.0153653809444502,0.0025683711579484,0.0744025083616492,0.306901434838434,REACTOME_METABOLISM,286
REACTOME|R-HSA-211958_MISCELLANEOUS_SUBSTRATES,OS,GSVA,1057,140,0.782314541279526,0.662717231224484,0.923494988000525,-2.90025459760596,0.00372859671846269,0.826230741298486,0.0214789708986476,0.401631446729006,0.0744025083616492,0.307217125880432,REACTOME_METABOLISM,12
REACTOME|R-HSA-194002_GLUCOCORTICOID_BIOSYNTHESIS,OS,GSVA,1057,140,0.769736510806051,0.644924715971942,0.91870303834603,-2.89939633918455,0.00373881951566076,0.798358073474043,0.0107880073173074,0.627562172523727,0.0744025083616492,0.26678839295069,REACTOME_METABOLISM,10
REACTOME|R-HSA-1638074_KERATAN_SULFATE_KERATIN_METABOLISM,OS,GSVA,1057,140,1.28494433458957,1.08182479544639,1.5262008690719,2.85589094264268,0.00429162518040319,1.17168380833073,0.0632183360706887,0.217899574206814,0.0783517730121582,0.34945691327964,REACTOME_METABOLISM,36
REACTOME|R-HSA-211945_PHASE_I_FUNCTIONALIZATION_OF_COMPOUNDS,OS,GSVA,1057,140,0.780942047219892,0.658943342325157,0.925527950497228,-2.85298970022289,0.00433100252831025,0.824200550578067,0.0248651884339516,0.666416994996879,0.0783517730121582,0.307217125880432,REACTOME_METABOLISM,101
HUMANGEM|LEUKOTRIENE_METABOLISM,OS,GSVA,1057,140,0.791190528433487,0.672598582664754,0.930692493883638,-2.82692253286469,0.00469976957793222,0.862287186008988,0.0757102944922626,0.584969561034953,0.0810023857966886,0.373618964291547,HUMANGEM_SUBSYSTEM,170
HUMANGEM|BILE_ACID_BIOSYNTHESIS,OS,GSVA,1057,140,0.785418649954964,0.663821996324362,0.929288964681507,-2.81454946499505,0.00488456597768977,0.864265428289247,0.0856887761460546,0.806894088306987,0.0810023857966886,0.387546964842383,HUMANGEM_SUBSYSTEM,88
REACTOME|R-HSA-390918_PEROXISOMAL_LIPID_METABOLISM,OS,GSVA,1057,140,0.783805276936299,0.659185599170563,0.931984425822123,-2.75732260409407,0.0058276824754226,0.948342164917192,0.541233769822319,0.801185835330368,0.0908469126201497,0.786171680252858,REACTOME_METABOLISM,27
REACTOME|R-HSA-71384_ETHANOL_OXIDATION,OS,GSVA,1057,140,0.772282851763661,0.642438096524832,0.928370852155962,-2.75136636062968,0.00593472293498466,0.829211962244228,0.0330600555764456,0.9210769492908,0.0908469126201497,0.313283383795842,REACTOME_METABOLISM,12
CURATED|CURATED_ONE_CARBON_FOLATE,OS,GSVA,1057,140,1.25718416676938,1.06154359689269,1.48888094073765,2.65204216977928,0.00800065488492114,1.17765863218497,0.052415193662898,0.714063371187367,0.110837144270499,0.344064968800668,CURATED_SIGNATURE,34
KEGG|hsa01523_ANTIFOLATE_RESISTANCE,OS,GSVA,1057,140,1.26035413108096,1.0611601414991,1.49693950386112,2.63634182699886,0.00838052612306897,1.14781921993075,0.102059525066346,0.0340000175902398,0.110837144270499,0.413978341221523,KEGG_METABOLISM,29
KEGG|hsa00601_GLYCOSPHINGOLIPID_BIOSYNTHESIS_LACTO_AND_NEOLACTO_SERIES,OS,GSVA,1057,140,1.26821824716808,1.0626810770633,1.51350913944455,2.63390374835674,0.00844094125684588,1.07680405334084,0.391367431000638,0.0274372141096145,0.110837144270499,0.716713276642169,KEGG_METABOLISM,28
REACTOME|R-HSA-8963693_ASPARTATE_AND_ASPARAGINE_METABOLISM,OS,GSVA,1057,140,1.27006344405766,1.06302421747191,1.51742653217045,2.63317638716633,0.00845904041291612,1.28003505602398,0.00373437782620477,0.0613088944208625,0.110837144270499,0.185785296853687,REACTOME_METABOLISM,11
REACTOME|R-HSA-1474151_TETRAHYDROBIOPTERIN_BH4_SYNTHESIS_RECYCLING_SALVAGE_AND_REGULATION,OS,GSVA,1057,140,1.25986525988426,1.05750854765018,1.50094339813155,2.58593744335041,0.00971145543285539,1.28500877405709,0.00487858342095568,0.0484997599623894,0.110837144270499,0.215741800171151,REACTOME_METABOLISM,12
HUMANGEM|OMEGA_3_FATTY_ACID_METABOLISM,OS,GSVA,1057,140,0.808841400976419,0.688363490107843,0.950405449061515,-2.57814811367318,0.00993314113102097,0.838532642028991,0.0300738854241502,0.879016350022071,0.110837144270499,0.307217125880432,HUMANGEM_SUBSYSTEM,45
HUMANGEM|BETA_OXIDATION_OF_EVEN_CHAIN_FATTY_ACIDS_MITOCHONDRIAL_,OS,GSVA,1057,140,0.796364013706719,0.66971397882202,0.946964916937498,-2.57664691604415,0.00997637995047859,0.899762779230507,0.221509746525555,0.477928426069258,0.110837144270499,0.547967789226243,HUMANGEM_SUBSYSTEM,15
REACTOME|R-HSA-390247_BETA_OXIDATION_OF_VERY_LONG_CHAIN_FATTY_ACIDS,OS,GSVA,1057,140,0.809434547483486,0.688298783623834,0.951889357133986,-2.55613202065682,0.010584295308627,0.912017699611085,0.277352537700088,0.506645549477848,0.110837144270499,0.587494547394407,REACTOME_METABOLISM,10
REACTOME|R-HSA-1660516_SYNTHESIS_OF_PIPS_AT_THE_EARLY_ENDOSOME_MEMBRANE,OS,GSVA,1057,140,1.24777959329458,1.05241178831744,1.47941512127263,2.54800136984179,0.0108342045643103,1.19586773850201,0.0325474659914134,0.346118660342066,0.110837144270499,0.313283383795842,REACTOME_METABOLISM,16
REACTOME|R-HSA-1362409_MITOCHONDRIAL_IRON_SULFUR_CLUSTER_BIOGENESIS,OS,GSVA,1057,140,0.804702222659698,0.680744761197771,0.951231216255121,-2.54580499241827,0.0109026075517485,0.872616854481436,0.10474635918137,0.540386633172348,0.110837144270499,0.416890509541851,REACTOME_METABOLISM,12
HUMANGEM|BLOOD_GROUP_BIOSYNTHESIS,OS,GSVA,1057,140,1.25415406590829,1.05290093816361,1.4938750304256,2.53764051672579,0.0111602555542144,1.05995387895176,0.489903565573181,0.020871640482433,0.110837144270499,0.758683342794265,HUMANGEM_SUBSYSTEM,16
REACTOME|R-HSA-211935_FATTY_ACIDS,OS,GSVA,1057,140,0.801350238047045,0.674965129059135,0.951400563334577,-2.52891788921811,0.0114414790896225,0.85181944564437,0.057497167635514,0.344848219873672,0.110837144270499,0.344064968800668,REACTOME_METABOLISM,16
HUMANGEM|PROPANOATE_METABOLISM,OS,GSVA,1057,140,0.798900132311859,0.670909497370012,0.951307775355445,-2.52035289098652,0.0117237232041228,0.980084716229936,0.816875132995314,0.344242407480149,0.110837144270499,0.957293971347496,HUMANGEM_SUBSYSTEM,30
HUMANGEM|FATTY_ACID_OXIDATION,OS,GSVA,1057,140,0.803625866229433,0.677589318206277,0.953106130100479,-2.51182324143383,0.01201092318888,0.887052293320387,0.16088687693061,0.962591393650399,0.110837144270499,0.482959848107742,HUMANGEM_SUBSYSTEM,67
REACTOME|R-HSA-1483213_SYNTHESIS_OF_PE,OS,GSVA,1057,140,0.788209140425541,0.654606377813173,0.949079737239719,-2.51152522295896,0.0120210695022369,0.854113323034303,0.0746969529355942,0.933580786564799,0.110837144270499,0.373618964291547,REACTOME_METABOLISM,11
HALLMARK|HALLMARK_MTORC1_SIGNALING,OS,GSVA,1057,140,1.24856981640763,1.04938382417886,1.48556376658848,2.50361671901191,0.0122931125313066,1.2094636448107,0.0341870335076773,0.0556684470548862,0.110837144270499,0.316428821768734,HALLMARK_METABOLIC,191
HUMANGEM|BETA_ALANINE_METABOLISM,OS,GSVA,1057,140,0.805730945324108,0.680173582370025,0.954465702697205,-2.49920899296923,0.0124470881028933,0.830954738502458,0.031522287848266,0.0111288547459903,0.110837144270499,0.313283383795842,HUMANGEM_SUBSYSTEM,17
REACTOME|R-HSA-211897_CYTOCHROME_P450_ARRANGED_BY_SUBSTRATE_TYPE,OS,GSVA,1057,140,0.808489848580068,0.684261418814724,0.955272089414718,-2.49760596400412,0.0125035089921095,0.827186845660332,0.0250228276871948,0.26362056868001,0.110837144270499,0.307217125880432,REACTOME_METABOLISM,65
CONTROL|CONTROL_PROLIFERATION,OS,GSVA,1057,140,1.24420408705803,1.0480966849641,1.47700477681115,2.49680349725813,0.0125318379200313,1.17346929200288,0.0652580970013342,0.0669118893332293,0.110837144270499,0.353120006544038,CONTEXT_CONTROL,10
REACTOME|R-HSA-211859_BIOLOGICAL_OXIDATIONS,OS,GSVA,1057,140,0.808671094723486,0.683580936736238,0.95665180858256,-2.47687229701774,0.0132539314890555,0.892622430278196,0.181003038126578,0.653561471536144,0.114675320274872,0.517180244461242,REACTOME_METABOLISM,206
REACTOME|R-HSA-2022928_HS_GAG_BIOSYNTHESIS,OS,GSVA,1057,140,1.23242482806015,1.04385265090078,1.45506260439,2.46654742978635,0.0136422659869293,1.10435316500388,0.23436098090036,0.498652838132472,0.115523869421231,0.551671111830239,REACTOME_METABOLISM,33
KEGG|hsa00350_TYROSINE_METABOLISM,OS,GSVA,1057,140,0.811575818018214,0.686564801734317,0.959349076340817,-2.44626190920557,0.0144346099891186,0.875034982110964,0.111380618402207,0.875138554930357,0.118461053100261,0.42624505888537,KEGG_METABOLISM,36
REACTOME|R-HSA-70171_GLYCOLYSIS,OS,GSVA,1057,140,1.23198675761851,1.04207687949914,1.45650613770154,2.44253782978017,0.0145844010098311,1.21543897017254,0.0194101584628633,0.0441992370620177,0.118461053100261,0.307217125880432,REACTOME_METABOLISM,67
KEGG|hsa00511_OTHER_GLYCAN_DEGRADATION,OS,GSVA,1057,140,0.792796353795783,0.657558877045513,0.955847575833707,-2.43322023579349,0.0149651952427246,0.977609358652378,0.801476896681094,0.199627306745888,0.119122954132088,0.950409921493408,KEGG_METABOLISM,16
HUMANGEM|KERATAN_SULFATE_BIOSYNTHESIS,OS,GSVA,1057,140,1.2382479319111,1.04106818895833,1.47277378863748,2.4147975219323,0.0157439589763762,1.12260710361002,0.179110149553361,0.0396688645702854,0.122864621031328,0.51656405450897,HUMANGEM_SUBSYSTEM,20
REACTOME|R-HSA-8963691_PHENYLALANINE_AND_TYROSINE_METABOLISM,OS,GSVA,1057,140,0.81015574890909,0.682235384242253,0.962061412600943,-2.40111795745562,0.0163450667097404,0.879751844961639,0.128218033492685,0.5490862445361,0.125102625970706,0.447697708308673,REACTOME_METABOLISM,10
REACTOME|R-HSA-1483249_INOSITOL_PHOSPHATE_METABOLISM,OS,GSVA,1057,140,1.22926544351259,1.03801623356192,1.45575134738398,2.39245458291976,0.0167360992842201,1.17631697477371,0.0495105988047025,0.743130871433607,0.125678632360747,0.339678896584934,REACTOME_METABOLISM,76
HALLMARK|HALLMARK_BILE_ACID_METABOLISM,OS,GSVA,1057,140,0.811721907553245,0.683381815760518,0.964164453905779,-2.37560359424561,0.0175202735875099,0.890351260071284,0.175662770292843,0.257803170673731,0.129130905330165,0.510319580850742,HALLMARK_METABOLIC,111
HUMANGEM|GLYCOSPHINGOLIPID_BIOSYNTHESIS_LACTO_AND_NEOLACTO_SERIES,OS,GSVA,1057,140,1.23701686121078,1.03622316166533,1.47671927392603,2.35375382153608,0.0185849147499913,1.05507840988772,0.534493108197747,0.0393222782190102,0.134487201281755,0.781188439286737,HUMANGEM_SUBSYSTEM,26
REACTOME|R-HSA-170822_REGULATION_OF_GLUCOKINASE_BY_GLUCOKINASE_REGULATORY_PROTEIN,OS,GSVA,1057,140,1.21671366667681,1.03221811561533,1.43418539578298,2.33795102876436,0.0193897886849216,1.18442729490537,0.0385287914876964,0.780445239578963,0.137240507932919,0.325679283477033,REACTOME_METABOLISM,28
KEGG|hsa00980_METABOLISM_OF_XENOBIOTICS_BY_CYTOCHROME_P450,OS,GSVA,1057,140,0.816534437044076,0.688442985679188,0.968458537232565,-2.32813461353833,0.0199049568442543,0.867203588689945,0.0985055129534053,0.660924258065294,0.137240507932919,0.413978341221523,KEGG_METABOLISM,72
HUMANGEM|EICOSANOID_METABOLISM,OS,GSVA,1057,140,0.81485542592354,0.685277391522338,0.968935168986076,-2.31714485690152,0.0204958421884515,0.817759932713333,0.0217565996975918,0.685287400143401,0.137240507932919,0.307217125880432,HUMANGEM_SUBSYSTEM,41
REACTOME|R-HSA-211979_EICOSANOIDS,OS,GSVA,1057,140,0.81496403233809,0.685374338619536,0.969056377778174,-2.31574603358933,0.0205721393642985,0.843659987679881,0.0419643390580889,0.12917166154331,0.137240507932919,0.334036138902387,REACTOME_METABOLISM,12
REACTOME|R-HSA-1482801_ACYL_CHAIN_REMODELLING_OF_PS,OS,GSVA,1057,140,0.812827832391601,0.68195014799598,0.968823142060997,-2.31360272996881,0.0206895238089828,0.845176530213486,0.0466939499534238,0.417053822397329,0.137240507932919,0.339678896584934,REACTOME_METABOLISM,20
KEGG|hsa00534_GLYCOSAMINOGLYCAN_BIOSYNTHESIS_HEPARAN_SULFATE_HEPARIN,OS,GSVA,1057,140,1.22396664725072,1.03052336269173,1.45372187358193,2.30256155402224,0.0213035243880307,1.16143011195672,0.0798605004285051,0.717370476348616,0.138996765679283,0.377517088516838,KEGG_METABOLISM,24
KEGG|hsa00592_ALPHA_LINOLENIC_ACID_METABOLISM,OS,GSVA,1057,140,0.813407064975171,0.681244193681065,0.971209823861303,-2.28291862192548,0.0224351623499794,0.832464497668708,0.0377102863437197,0.41885004000186,0.144019267988577,0.325679283477033,KEGG_METABOLISM,23
REACTOME|R-HSA-2142691_SYNTHESIS_OF_LEUKOTRIENES_LT_AND_EOXINS_EX_,OS,GSVA,1057,140,0.823879574605269,0.697320720441352,0.973407979361552,-2.27674199670479,0.0228016370621573,0.896605313769533,0.18362108361393,0.145778206913079,0.144048437313311,0.518306321123009,REACTOME_METABOLISM,20
KEGG|hsa00310_LYSINE_DEGRADATION,OS,GSVA,1057,140,1.21272839287092,1.0265582218453,1.43266122035592,2.26825974404824,0.0233133799696766,1.14061050739278,0.106085015066122,0.42774482945198,0.144980081686427,0.418037980161551,KEGG_METABOLISM,48
REACTOME|R-HSA-196757_METABOLISM_OF_FOLATE_AND_PTERINES,OS,GSVA,1057,140,1.22103924625915,1.02652589893038,1.45241035073607,2.25571537418694,0.0240884621065062,1.14094667389006,0.120722746027242,0.0791766765135319,0.146943997780956,0.447697708308673,REACTOME_METABOLISM,16
REACTOME|R-HSA-1660517_SYNTHESIS_OF_PIPS_AT_THE_LATE_ENDOSOME_MEMBRANE,OS,GSVA,1057,140,1.21932205474533,1.02598845241009,1.44908675111883,2.25128333501086,0.0243675976219675,1.17688073968419,0.0552857033441046,0.770441212144411,0.146943997780956,0.344064968800668,REACTOME_METABOLISM,11
HUMANGEM|FOLATE_METABOLISM,OS,GSVA,1057,140,1.22434556982892,1.02567155032518,1.46150302588042,2.240591568632,0.0250525433584762,1.08670415834526,0.343309540688928,0.131544008520512,0.148674066009569,0.676783338377799,HUMANGEM_SUBSYSTEM,17
KEGG|hsa01522_ENDOCRINE_RESISTANCE,OS,GSVA,1057,140,1.21837587297114,1.02461998104763,1.44877105199571,2.23523996242291,0.0254015992177153,1.10259143606767,0.257210617834216,0.682836494342042,0.148674066009569,0.573624972947152,KEGG_METABOLISM,94
HUMANGEM|RETINOL_METABOLISM,OS,GSVA,1057,140,0.824866159730474,0.696016253684292,0.977569385580937,-2.2217901872493,0.0262974881913158,0.902162686392521,0.226288940163749,0.921203743750124,0.151207862885303,0.547967789226243,HUMANGEM_SUBSYSTEM,117
KEGG|hsa00982_DRUG_METABOLISM_CYTOCHROME_P450,OS,GSVA,1057,140,0.824535831119838,0.694934355245803,0.978307277037714,-2.21137352225845,0.0270099818311825,0.879987787032876,0.148115093774827,0.569479920179487,0.151207862885303,0.46939787130115,KEGG_METABOLISM,66
HUMANGEM|XENOBIOTICS_METABOLISM,OS,GSVA,1057,140,0.826025413432198,0.696823998636985,0.979182670187127,-2.20241283941196,0.0276361597547765,0.903063662483826,0.229615236376523,0.80090050952628,0.151207862885303,0.547967789226243,HUMANGEM_SUBSYSTEM,98
KEGG|hsa00533_GLYCOSAMINOGLYCAN_BIOSYNTHESIS_KERATAN_SULFATE,OS,GSVA,1057,140,1.21740878418506,1.02155897699817,1.45080624925446,2.19835682580682,0.0279236878202505,1.07430120961908,0.406861210175992,0.500536806229654,0.151207862885303,0.729417845270472,KEGG_METABOLISM,14
REACTOME|R-HSA-1989781_PPARA_ACTIVATES_GENE_EXPRESSION,OS,GSVA,1057,140,1.22614618508619,1.02206592802809,1.47097601629481,2.19498456931501,0.0281647046501378,1.22402413677081,0.0261162272508769,0.479017288410265,0.151207862885303,0.307217125880432,REACTOME_METABOLISM,115
FFLCLASS|higherorder_not_3node,OS,GSVA,1057,140,1.21856136456336,1.02110657431349,1.45419864738882,2.19157269157867,0.0284103755892816,1.09295051272008,0.314859431238093,0.783430449221001,0.151207862885303,0.650177261069376,FFL_MODULE,92
HUMANGEM|PROSTAGLANDIN_BIOSYNTHESIS,OS,GSVA,1057,140,0.827817024248134,0.699039128154262,0.980318551615912,-2.19041788627765,0.0284939440110495,0.823285569492819,0.0273178524751328,0.587245304770719,0.151207862885303,0.307217125880432,HUMANGEM_SUBSYSTEM,39
CURATED|CURATED_GLUTAMINOLYSIS,OS,GSVA,1057,140,1.21008323389698,1.01881027089341,1.43726606885745,2.17229238459802,0.029833616079288,1.22934342221382,0.0181762330484409,0.808799540917037,0.156233936836272,0.307217125880432,CURATED_SIGNATURE,18
HUMANGEM|FATTY_ACID_ACTIVATION_ENDOPLASMIC_RETICULAR_,OS,GSVA,1057,140,0.828539871473556,0.698713360384192,0.982489183037736,-2.16317077517711,0.0305280471514475,0.740570588860626,0.000812847777670209,0.0110343565487597,0.157794321639949,0.107837805170914,HUMANGEM_SUBSYSTEM,10
REACTOME|R-HSA-400042_ADRENALINE_NORADRENALINE_INHIBITS_INSULIN_SECRETION,OS,GSVA,1057,140,0.832237033264421,0.702879468758795,0.985401495308792,-2.13062486843992,0.0331200591351827,0.859443709236622,0.0772161986402553,0.804483966542739,0.168997224817984,0.374781061692947,REACTOME_METABOLISM,28
REACTOME|R-HSA-193807_SYNTHESIS_OF_BILE_ACIDS_AND_BILE_SALTS_VIA_27_HYDROXYCHOLESTEROL,OS,GSVA,1057,140,0.832147767753644,0.701370285830781,0.987310014933316,-2.1064054489316,0.0351691483867545,0.855688271849917,0.0760380304211441,0.316452151265002,0.174855489652779,0.373618964291547,REACTOME_METABOLISM,14
REACTOME|R-HSA-1630316_GLYCOSAMINOGLYCAN_METABOLISM,OS,GSVA,1057,140,1.20305841877744,1.01263573164567,1.42928944116868,2.10282868004845,0.0354807480105267,1.08981998402423,0.316210218038042,0.34468727525961,0.174855489652779,0.650177261069376,REACTOME_METABOLISM,131
HUMANGEM|POOL_REACTIONS,OS,GSVA,1057,140,0.837299949785622,0.708910325865231,0.988942014711581,-2.09093385015503,0.0365339941914704,0.940390468392589,0.448956126083011,0.740970507614037,0.174855489652779,0.751533225915218,HUMANGEM_SUBSYSTEM,11
REACTOME|R-HSA-1855170_IPS_TRANSPORT_BETWEEN_NUCLEUS_AND_CYTOSOL,OS,GSVA,1057,140,1.19093022762816,1.01065984088353,1.40335526326895,2.08662250389301,0.0369222714264607,1.16551054712969,0.0613784240825312,0.756088797626341,0.174855489652779,0.344064968800668,REACTOME_METABOLISM,26
REACTOME|R-HSA-1855196_IP3_AND_IP4_TRANSPORT_BETWEEN_CYTOSOL_AND_NUCLEUS,OS,GSVA,1057,140,1.19093022762816,1.01065984088353,1.40335526326895,2.08662250389301,0.0369222714264607,1.16551054712969,0.0613784240825312,0.756088797626341,0.174855489652779,0.344064968800668,REACTOME_METABOLISM,26
REACTOME|R-HSA-1855229_IP6_AND_IP7_TRANSPORT_BETWEEN_CYTOSOL_AND_NUCLEUS,OS,GSVA,1057,140,1.19093022762816,1.01065984088353,1.40335526326895,2.08662250389301,0.0369222714264607,1.16551054712969,0.0613784240825312,0.756088797626341,0.174855489652779,0.344064968800668,REACTOME_METABOLISM,26
REACTOME|R-HSA-1660661_SPHINGOLIPID_DE_NOVO_BIOSYNTHESIS,OS,GSVA,1057,140,1.18146883110986,1.00981865970741,1.38229630188112,2.08198862110309,0.0373435090966991,1.22511819765289,0.0122399114560139,0.639760129009981,0.174855489652779,0.270638042194084,REACTOME_METABOLISM,28
CURATED|CURATED_GLYCOLYSIS_CORE,OS,GSVA,1057,140,1.2045020646119,1.01017726788226,1.43620854456153,2.07280308571049,0.0381906091576716,1.1395368413062,0.131528353534638,0.00879701936240366,0.176742586566899,0.447697708308673,CURATED_SIGNATURE,29
REACTOME|R-HSA-1614558_DEGRADATION_OF_CYSTEINE_AND_HOMOCYSTEINE,OS,GSVA,1057,140,0.83915781814471,0.710644845220575,0.990911069698704,-2.06765917293766,0.038672083582532,0.918327969476195,0.316920574491103,0.451069438005506,0.176809352070617,0.650177261069376,REACTOME_METABOLISM,14
REACTOME|R-HSA-8956320_NUCLEOTIDE_BIOSYNTHESIS,OS,GSVA,1057,140,1.18994157939215,1.00873661415518,1.40369739979366,2.06320110633913,0.0390935250809405,1.18851665340679,0.0392779035349186,0.0797742405249738,0.176809352070617,0.325679283477033,REACTOME_METABOLISM,12
REACTOME|R-HSA-1660499_SYNTHESIS_OF_PIPS_AT_THE_PLASMA_MEMBRANE,OS,GSVA,1057,140,1.19979697660979,1.00841199989738,1.42750461639536,2.05448141975487,0.0399291198828651,1.16109976123825,0.0817713067176427,0.448610674903293,0.178559434981801,0.377517088516838,REACTOME_METABOLISM,53
KEGG|hsa00900_TERPENOID_BACKBONE_BIOSYNTHESIS,OS,GSVA,1057,140,1.18785757829893,1.00756651116658,1.40040941286201,2.04975299160246,0.0403885409915948,1.30482823209389,0.00214475324367526,0.0467785701071858,0.178607103496164,0.157320031342746,KEGG_METABOLISM,23
HUMANGEM|BETA_OXIDATION_OF_ODD_CHAIN_FATTY_ACIDS_MITOCHONDRIAL_,OS,GSVA,1057,140,0.835937665564201,0.702766723983461,0.994343865270108,-2.02406705648501,0.0429632526665409,0.919303365230558,0.331087498856668,0.503603155666659,0.185903161157257,0.665519315883606,HUMANGEM_SUBSYSTEM,11
REACTOME|R-HSA-204174_REGULATION_OF_PYRUVATE_DEHYDROGENASE_PDH_COMPLEX,OS,GSVA,1057,140,1.17902204392379,1.00521914626034,1.38287555030135,2.02397630310782,0.0429725900162503,1.23692980273904,0.0106542627681579,0.938366000150203,0.185903161157257,0.26678839295069,REACTOME_METABOLISM,15
REACTOME|R-HSA-400206_REGULATION_OF_LIPID_METABOLISM_BY_PPARALPHA,OS,GSVA,1057,140,1.20339993877521,1.00476054265625,1.44130999493243,2.01159890523354,0.0442622349080819,1.19551178753061,0.0469595116150445,0.460672357043316,0.1894233278862,0.339678896584934,REACTOME_METABOLISM,117
HUMANGEM|TERPENOID_BACKBONE_BIOSYNTHESIS,OS,GSVA,1057,140,1.18471679912658,1.00395442778675,1.39802550323614,2.00672341245952,0.0447791216765899,1.33649567982281,0.000698620943158177,0.921130244608278,0.189596706673221,0.107837805170914,HUMANGEM_SUBSYSTEM,15
REACTOME|R-HSA-8978934_METABOLISM_OF_COFACTORS,OS,GSVA,1057,140,1.18747744431549,1.0028494499082,1.40609608041079,1.99300264161193,0.046261157822644,1.26515803116618,0.00818399200213918,0.13817172451603,0.191926058124298,0.250556062834723,REACTOME_METABOLISM,25
KEGG|hsa00071_FATTY_ACID_DEGRADATION,OS,GSVA,1057,140,0.83325894273655,0.696218563005859,0.997273704758416,-1.98977967395409,0.0466152114552664,0.898789934387647,0.22478933697342,0.225421344873043,0.191926058124298,0.547967789226243,KEGG_METABOLISM,41
HUMANGEM|VITAMIN_E_METABOLISM,OS,GSVA,1057,140,0.838799549785536,0.705348669237223,0.997499131147844,-1.98832326968361,0.046775948839339,0.946372526327167,0.521140517312477,0.432969774131018,0.191926058124298,0.778162443693174,HUMANGEM_SUBSYSTEM,91
HUMANGEM|ISOLATED,OS,GSVA,1057,140,1.18334131112285,1.00120986468779,1.3986045363692,1.9741797403024,0.048361308819988,1.21616184656149,0.0264261582852879,0.880487867955221,0.196406131738319,0.307217125880432,HUMANGEM_SUBSYSTEM,467
HALLMARK|HALLMARK_PEROXISOME,OS,GSVA,1057,140,0.851198374223635,0.72386133485976,1.00093572814099,-1.948687305798,0.0513327786680527,0.94218427555406,0.479524507523378,0.527961903572075,0.206368140503888,0.757344261882161,HALLMARK_METABOLIC,101
HALLMARK|HALLMARK_XENOBIOTIC_METABOLISM,OS,GSVA,1057,140,0.849193840037896,0.719882169697092,1.0017336285211,-1.9394493258478,0.0524466492535602,0.878675348062251,0.125797227739854,0.978417586742526,0.20873766402917,0.447697708308673,HALLMARK_METABOLIC,196
CURATED|CURATED_TCA_CYCLE,OS,GSVA,1057,140,1.17535023765767,0.997283607108415,1.38521095836258,1.92754826493422,0.0539113391723101,1.21201225572674,0.0220606618726326,0.0493213007799121,0.212442702877024,0.307217125880432,CURATED_SIGNATURE,27
HUMANGEM|TRANSPORT_REACTIONS,OS,GSVA,1057,140,1.18125027023121,0.995569847319809,1.40156133161101,1.90911282518732,0.0562475386241205,1.20280664895073,0.0266062523831375,0.182333460340591,0.21947568992549,0.307217125880432,HUMANGEM_SUBSYSTEM,497
REACTOME|R-HSA-5423646_AFLATOXIN_ACTIVATION_AND_DETOXIFICATION,OS,GSVA,1057,140,0.84521621403614,0.710515150746818,1.00545420842708,-1.89858833124643,0.0576186238270887,0.955230298645223,0.590664947951651,0.756894286873555,0.222642837700789,0.827008946243001,REACTOME_METABOLISM,18
HUMANGEM|CHONDROITIN_HEPARAN_SULFATE_BIOSYNTHESIS,OS,GSVA,1057,140,1.18399011641143,0.993687626337158,1.41073769925792,1.88916742033625,0.0588693987438517,1.08342779536148,0.359067253600355,0.556893508096366,0.225288660577433,0.681083959683465,HUMANGEM_SUBSYSTEM,43
REACTOME|R-HSA-77289_MITOCHONDRIAL_FATTY_ACID_BETA_OXIDATION,OS,GSVA,1057,140,0.84977092629781,0.716700236609889,1.00754902858236,-1.87344840743589,0.0610064907919264,0.939641096435015,0.464543165589003,0.224156331521383,0.231243650811302,0.756065660139925,REACTOME_METABOLISM,34
REACTOME|R-HSA-70221_GLYCOGEN_BREAKDOWN_GLYCOGENOLYSIS_,OS,GSVA,1057,140,1.14685639487631,0.992821027442568,1.32479022312486,1.86208981779196,0.0625904310084083,1.23259073034074,0.00743273597042009,0.0283309435696501,0.235009354163646,0.249284975955849,REACTOME_METABOLISM,17
REACTOME|R-HSA-1638091_HEPARAN_SULFATE_HEPARIN_HS_GAG_METABOLISM,OS,GSVA,1057,140,1.17059333531319,0.990549198875728,1.38336264189091,1.84855728198857,0.0645217658473736,1.07484622640272,0.392571593738675,0.677955173051666,0.239996848665932,0.716713276642169,REACTOME_METABOLISM,40
REACTOME|R-HSA-70326_GLUCOSE_METABOLISM,OS,GSVA,1057,140,1.16991619515184,0.989863639595309,1.38271964837312,1.84051329063613,0.0656929148375197,1.20764908765579,0.0249746437576635,0.0119230430154541,0.24209055653086,0.307217125880432,REACTOME_METABOLISM,77
HUMANGEM|ESTROGEN_METABOLISM,OS,GSVA,1057,140,0.852822213685327,0.718802606098646,1.01182956486851,-1.82517725292425,0.0679742852883706,0.8950683872119,0.194939036687421,0.372219743031962,0.248199683896986,0.536182725421545,HUMANGEM_SUBSYSTEM,64
REACTOME|R-HSA-8956319_NUCLEOTIDE_CATABOLISM,OS,GSVA,1057,140,0.849304927491766,0.711792558940765,1.01338353541544,-1.81247419312686,0.0699129579700448,0.871406527469782,0.123626236350195,0.143145789691583,0.252957793382526,0.447697708308673,REACTOME_METABOLISM,32
HUMANGEM|LYSINE_METABOLISM,OS,GSVA,1057,140,1.16602074718182,0.98654322409097,1.37814983637562,1.8011298632633,0.071682413790547,1.13353992441101,0.129661542123631,0.130962459860754,0.257023429627367,0.447697708308673,HUMANGEM_SUBSYSTEM,39
REACTOME|R-HSA-9861718_REGULATION_OF_PYRUVATE_METABOLISM,OS,GSVA,1057,140,1.15904510398452,0.984620897102139,1.36436831375835,1.77374524225598,0.0761052992570547,1.18448751922618,0.0478743024472442,0.986178340446401,0.26941526458298,0.339678896584934,REACTOME_METABOLISM,30
REACTOME|R-HSA-2022923_DS_GAG_BIOSYNTHESIS,OS,GSVA,1057,140,1.16852564426433,0.983333978511031,1.38859452753879,1.76909415968094,0.0768781623945512,0.996785405219557,0.969740134417907,0.858410922334132,0.26941526458298,0.98963218503143,REACTOME_METABOLISM,12
REACTOME|R-HSA-77286_MITOCHONDRIAL_FATTY_ACID_BETA_OXIDATION_OF_SATURATED_FATTY_ACIDS,OS,GSVA,1057,140,0.85597997730945,0.720386419227091,1.01709541157204,-1.76735259693615,0.0771691963880898,0.902445784963996,0.238122712622654,0.795471254975043,0.26941526458298,0.552120319171312,REACTOME_METABOLISM,10
KEGG|hsa00760_NICOTINATE_AND_NICOTINAMIDE_METABOLISM,OS,GSVA,1057,140,0.859396292323715,0.725439943086493,1.01808839490892,-1.75264658981887,0.0796626888480551,0.900086746597696,0.225734729251945,0.839300178850753,0.275702175317617,0.547967789226243,KEGG_METABOLISM,32
KEGG|hsa00563_GLYCOSYLPHOSPHATIDYLINOSITOL_GPI_ANCHOR_BIOSYNTHESIS,OS,GSVA,1057,140,0.865950664090459,0.736799349180288,1.01774051982125,-1.74660089830571,0.0807065912864253,1.00890256830635,0.915451606130916,0.510799169023896,0.276907097689631,0.972672949249796,KEGG_METABOLISM,29
HALLMARK|HALLMARK_MYC_TARGETS_V1,OS,GSVA,1057,140,1.16918457333279,0.980502925926223,1.39417489777307,1.74072418335192,0.0817319371460734,1.13788736485443,0.1391947428577,0.211259402083807,0.27802829900972,0.454094325060364,HALLMARK_METABOLIC,187
HUMANGEM|NUCLEOTIDE_METABOLISM,OS,GSVA,1057,140,1.16813336536789,0.979642138998368,1.3928918581237,1.73091541800369,0.0834668513055024,1.11852338593338,0.195226906225884,0.251696282309667,0.281523786606694,0.536182725421545,HUMANGEM_SUBSYSTEM,138
HUMANGEM|PHENYLALANINE_TYROSINE_AND_TRYPTOPHAN_BIOSYNTHESIS,OS,GSVA,1057,140,0.857397441246404,0.71926882156135,1.0220523262222,-1.71662464125784,0.0860477772074326,0.908331810583167,0.269801681428683,0.256822148494659,0.2877900447778,0.585536809541892,HUMANGEM_SUBSYSTEM,115
KEGG|hsa00020_CITRATE_CYCLE_TCA_CYCLE_,OS,GSVA,1057,140,1.15425158069382,0.979467669192032,1.36022530752158,1.71235869296916,0.0868305864612721,1.21304056227868,0.0214517637447853,0.0326492863856539,0.287988111763219,0.307217125880432,KEGG_METABOLISM,30
REACTOME|R-HSA-192105_SYNTHESIS_OF_BILE_ACIDS_AND_BILE_SALTS,OS,GSVA,1057,140,0.856080359150859,0.71608979906138,1.0234380971276,-1.70569378719321,0.088065107008943,0.863490058624469,0.0994470835640856,0.0720681793583517,0.289668699087267,0.413978341221523,REACTOME_METABOLISM,34
HALLMARK|HALLMARK_GLYCOLYSIS,OS,GSVA,1057,140,1.159679881974,0.977061703998105,1.37643039651654,1.69456162834607,0.0901586114131078,1.18213224871611,0.0503544092927415,0.000517318985489584,0.291842586488782,0.339678896584934,HALLMARK_METABOLIC,195
HUMANGEM|SEROTONIN_AND_MELATONIN_BIOSYNTHESIS,OS,GSVA,1057,140,0.860275877387694,0.722818206718188,1.02387374631213,-1.69438284016703,0.0901925581359805,0.866012441875797,0.0989253491447071,0.266170781192071,0.291842586488782,0.413978341221523,HUMANGEM_SUBSYSTEM,41
REACTOME|R-HSA-189451_HEME_BIOSYNTHESIS,OS,GSVA,1057,140,0.859056662588695,0.720187113650956,1.02470362986208,-1.6887336455001,0.0912704848384559,1.01194369893704,0.889322248368586,0.707247241271026,0.292786628957998,0.969409309182875,REACTOME_METABOLISM,14
KEGG|hsa01230_BIOSYNTHESIS_OF_AMINO_ACIDS,OS,GSVA,1057,140,1.15906815846252,0.976213197149868,1.37617377011905,1.68517092163442,0.09195559954711,1.20911676689526,0.027922559851992,0.00065059561626049,0.292786628957998,0.307217125880432,KEGG_METABOLISM,69
REACTOME|R-HSA-399997_ACETYLCHOLINE_REGULATES_INSULIN_SECRETION,OS,GSVA,1057,140,1.15276621194732,0.975290669934153,1.36253732386992,1.66667877708348,0.0955782951507179,1.03836141111136,0.654048674731313,0.433413219315551,0.301906043412585,0.862465624530406,REACTOME_METABOLISM,10
REACTOME|R-HSA-1483255_PI_METABOLISM,OS,GSVA,1057,140,1.15430969929667,0.97389408188411,1.36814763194024,1.65493527968702,0.0979376269246573,1.1363053925757,0.128250300342466,0.343940396922891,0.306922641858375,0.447697708308673,REACTOME_METABOLISM,83
HUMANGEM|GALACTOSE_METABOLISM,OS,GSVA,1057,140,1.1604854350667,0.972326665933925,1.38505554993539,1.64906842224385,0.0991336180090201,1.06299212228922,0.486210663287956,0.0610083035432605,0.308243593496797,0.758683342794265,HUMANGEM_SUBSYSTEM,22
REACTOME|R-HSA-73621_PYRIMIDINE_CATABOLISM,OS,GSVA,1057,140,0.862549758316277,0.722672119469347,1.02950157551086,-1.6379277702263,0.101436762157126,0.864429273461058,0.0960256563141998,0.544818360104676,0.31295993285687,0.413978341221523,REACTOME_METABOLISM,11
REACTOME|R-HSA-194068_BILE_ACID_AND_BILE_SALT_METABOLISM,OS,GSVA,1057,140,0.865302399266517,0.726825688738043,1.03016205092642,-1.62601978971389,0.103945445553356,0.863189690256695,0.0944123040100169,0.223450821692891,0.318232979463351,0.413978341221523,REACTOME_METABOLISM,43
HUMANGEM|BETA_OXIDATION_OF_PHYTANIC_ACID_PEROXISOMAL_,OS,GSVA,1057,140,0.870392859687131,0.735535206654449,1.02997616339832,-1.6161260652825,0.106067059784893,0.967572072120325,0.692543099664478,0.699431911882601,0.320467489046448,0.88627702143557,HUMANGEM_SUBSYSTEM,12
REACTOME|R-HSA-977347_SERINE_METABOLISM,OS,GSVA,1057,140,1.14589112821704,0.971338919764613,1.35181083657671,1.61511543093116,0.106285699884752,1.20246987615669,0.0261499445996792,0.104185127137541,0.320467489046448,0.307217125880432,REACTOME_METABOLISM,11
KEGG|hsa00270_CYSTEINE_AND_METHIONINE_METABOLISM,OS,GSVA,1057,140,1.1576209760146,0.968525975776879,1.38363488189781,1.60854606240889,0.107715636410134,1.09820896700396,0.278986104164681,0.730745491514984,0.321224937385109,0.587494547394407,KEGG_METABOLISM,49
HUMANGEM|HEPARAN_SULFATE_DEGRADATION,OS,GSVA,1057,140,0.864982596248227,0.724574496617461,1.03259898782683,-1.60502617347628,0.108488044762768,0.956979334358288,0.610976934645756,0.743561550575568,0.321224937385109,0.839440840080007,HUMANGEM_SUBSYSTEM,12
REACTOME|R-HSA-2408557_SELENOCYSTEINE_SYNTHESIS,OS,GSVA,1057,140,0.867844740094871,0.729706002467842,1.03213416137895,-1.60243077700833,0.109060383573692,0.854354160359287,0.0662468120951628,0.480181514224338,0.321224937385109,0.353120006544038,REACTOME_METABOLISM,93
KEGG|hsa00650_BUTANOATE_METABOLISM,OS,GSVA,1057,140,0.869368853700733,0.732297677936417,1.03209695531842,-1.59911076348906,0.109795993487256,0.951123549163797,0.563233307702438,0.3788027575073,0.321224937385109,0.805022091638854,KEGG_METABOLISM,26
REACTOME|R-HSA-2022870_CS_GAG_BIOSYNTHESIS,OS,GSVA,1057,140,1.15560947923597,0.967273193876909,1.38061643489519,1.59340733776181,0.111068840668572,1.01524555056707,0.860745028635197,0.568112893815438,0.321224937385109,0.969409309182875,REACTOME_METABOLISM,21
REACTOME|R-HSA-8982491_GLYCOGEN_METABOLISM,OS,GSVA,1057,140,1.13275652976251,0.971598839870469,1.32064521185583,1.59202315942953,0.111379500902375,1.16500975687337,0.0564260562001538,0.023786706632869,0.321224937385109,0.344064968800668,REACTOME_METABOLISM,28
REACTOME|R-HSA-74182_KETONE_BODY_METABOLISM,OS,GSVA,1057,140,0.866948401192184,0.726608578983149,1.03439396680605,-1.58467734639375,0.113039661435248,0.980961518052807,0.825004603447716,0.185026596172404,0.323667519793012,0.957293971347496,REACTOME_METABOLISM,10
REACTOME|R-HSA-2408522_SELENOAMINO_ACID_METABOLISM,OS,GSVA,1057,140,0.869034583644472,0.730192661218974,1.03427649671165,-1.58052911989651,0.11398574358203,0.861487051540069,0.0825225796506655,0.541625620733378,0.324045185326058,0.377517088516838,REACTOME_METABOLISM,109
FFLCLASS|higherorder_union,OS,GSVA,1057,140,1.14495992513326,0.966881607903549,1.35583635001972,1.56951361706019,0.116528309073427,0.992176004520136,0.927648624297682,0.370516320405806,0.324458082278621,0.974153436597566,FFL_MODULE,354
REACTOME|R-HSA-70268_PYRUVATE_METABOLISM,OS,GSVA,1057,140,1.13898419720342,0.968038642283083,1.34011695898784,1.56849106988539,0.116766572419415,1.13613688655287,0.13273052901293,0.728714860055823,0.324458082278621,0.447697708308673,REACTOME_METABOLISM,43
HUMANGEM|TYROSINE_METABOLISM,OS,GSVA,1057,140,0.870474649434302,0.731868845285881,1.03533046964417,-1.56762472302548,0.116968738849422,0.939449574634045,0.470292857759381,0.80948239864295,0.324458082278621,0.756065660139925,HUMANGEM_SUBSYSTEM,47
HUMANGEM|METABOLISM_OF_OTHER_AMINO_ACIDS,OS,GSVA,1057,140,1.14604445798204,0.966265295490856,1.3592725577546,1.5658152758198,0.117391868965129,1.15152135203953,0.0979680063099389,0.900896153506885,0.324458082278621,0.413978341221523,HUMANGEM_SUBSYSTEM,26
FFLCLASS|5_node,OS,GSVA,1057,140,1.1432671570377,0.965804273725013,1.35333817412078,1.55571548840173,0.119775761898058,0.988433498037777,0.892843264946503,0.328105423039165,0.326714849559134,0.969409309182875,FFL_MODULE,339
FFLCLASS|4_node,OS,GSVA,1057,140,1.14361436181158,0.965400158996886,1.35472715262514,1.55259681663562,0.120519486659374,0.989780189995358,0.905529419892192,0.375836645149866,0.326714849559134,0.971970542216216,FFL_MODULE,351
HALLMARK|HALLMARK_MYC_TARGETS_V2,OS,GSVA,1057,140,1.14954633423036,0.964021189632015,1.37077565177471,1.55196306058651,0.12067106252561,1.13061981204117,0.154881596643391,0.279793475348771,0.326714849559134,0.481584964563045,HALLMARK_METABOLIC,57
FFLCLASS|6_node,OS,GSVA,1057,140,1.14165096002098,0.964921808467571,1.35074873744096,1.54385910118559,0.122622469948319,0.991554916130698,0.921657143314727,0.322492827318873,0.329412494553521,0.97295632058645,FFL_MODULE,314
REACTOME|R-HSA-71240_TRYPTOPHAN_CATABOLISM,OS,GSVA,1057,140,1.14646751213679,0.963514499037285,1.36415981046307,1.54097542128995,0.123322768061494,1.10100429738554,0.263838640812441,0.520392932860823,0.329412494553521,0.583376550240842,REACTOME_METABOLISM,12
KEGG|hsa00591_LINOLEIC_ACID_METABOLISM,OS,GSVA,1057,140,0.871198485431761,0.730368792991338,1.03918295565456,-1.53275363141465,0.125336569359286,0.876557217931514,0.135479422762732,0.474772241398698,0.33255969736664,0.451231463291326,KEGG_METABOLISM,27
REACTOME|R-HSA-71064_LYSINE_CATABOLISM,OS,GSVA,1057,140,1.1397006471432,0.963200353870028,1.34854348825738,1.52324646377774,0.127697055533239,1.14756573520594,0.109892817786443,0.687168979521599,0.335230809122703,0.42624505888537,REACTOME_METABOLISM,10
FFLCLASS|ALL_NETWORK_NODES,OS,GSVA,1057,140,1.1407254104817,0.962810545921782,1.35151662767968,1.52192510976601,0.128027846700128,0.991779917819781,0.924064043170046,0.390190535010997,0.335230809122703,0.97295632058645,FFL_MODULE,363
KEGG|hsa01250_BIOSYNTHESIS_OF_NUCLEOTIDE_SUGARS,OS,GSVA,1057,140,1.13657321610304,0.961628488014942,1.34334484851776,1.50118188457935,0.133308524125661,1.19691478606676,0.03654900726554,0.00232408163646282,0.346776422235378,0.325679283477033,KEGG_METABOLISM,35
REACTOME|R-HSA-1660514_SYNTHESIS_OF_PIPS_AT_THE_GOLGI_MEMBRANE,OS,GSVA,1057,140,1.13785073341001,0.960582218298582,1.3478328734993,1.49457584894575,0.135025173031807,1.22744752619574,0.0154221826551977,0.960958782523649,0.348961161471813,0.306901434838434,REACTOME_METABOLISM,18
REACTOME|R-HSA-9840310_GLYCOSPHINGOLIPID_CATABOLISM,OS,GSVA,1057,140,0.879031560626347,0.741543411910247,1.04201112459039,-1.48577746386565,0.137337992991565,1.01024895526721,0.906032842116121,0.633418434256015,0.352648523939631,0.971970542216216,REACTOME_METABOLISM,37
HUMANGEM|LINOLEATE_METABOLISM,OS,GSVA,1057,140,0.879362291592838,0.741416147020818,1.04297437138727,-1.47668656244667,0.139759675838849,0.952513328678791,0.566299424656208,0.602279579099193,0.356566352460654,0.805022091638854,HUMANGEM_SUBSYSTEM,58
CONTROL|CONTROL_IMMUNE_SMALL,OS,GSVA,1057,140,0.881447813611233,0.743691647574047,1.04472095478612,-1.45541013716265,0.145555751672337,0.830228668651364,0.0287589868934932,0.202426123408951,0.368988466022867,0.307217125880432,CONTEXT_CONTROL,9
REACTOME|R-HSA-211999_CYP2E1_REACTIONS,OS,GSVA,1057,140,0.882954568046871,0.745820426861958,1.04530358938417,-1.44549680061115,0.148318391029128,0.947603367485041,0.528988726195135,0.484560203670984,0.373612149554386,0.779768566761718,REACTOME_METABOLISM,11
CURATED|CURATED_LIPID_SYNTHESIS,OS,GSVA,1057,140,1.13303079287465,0.955320333438186,1.3437992814221,1.43487509250552,0.151322694520222,1.1115545777013,0.2154715593771,0.312184236398134,0.374889298550526,0.546227265172521,CURATED_SIGNATURE,34
REACTOME|R-HSA-1855183_SYNTHESIS_OF_IP2_IP_AND_INS_IN_THE_CYTOSOL,OS,GSVA,1057,140,1.13763899945649,0.953778496558904,1.35694241142334,1.43381850848676,0.151624061789283,1.17484461151901,0.0593326752725191,0.243266363319637,0.374889298550526,0.344064968800668,REACTOME_METABOLISM,14
HALLMARK|HALLMARK_HYPOXIA,OS,GSVA,1057,140,1.14148640647345,0.952586070208109,1.36784617885396,1.43372344601225,0.151651198659886,1.00122016000878,0.989071438470746,0.1561358496198,0.374889298550526,0.996583373446473,HALLMARK_METABOLIC,190
HUMANGEM|VALINE_LEUCINE_AND_ISOLEUCINE_METABOLISM,OS,GSVA,1057,140,0.882217647447133,0.742726899338429,1.0479060044283,-1.42710926011786,0.153548403759484,1.00984174041371,0.911230215704408,0.420892733005869,0.377236201828857,0.972672949249796,HUMANGEM_SUBSYSTEM,57
KEGG|hsa01521_EGFR_TYROSINE_KINASE_INHIBITOR_RESISTANCE,OS,GSVA,1057,140,1.1294542870991,0.953274419780194,1.33819492076656,1.40694580616274,0.159443459342421,0.995311751714993,0.955636009981797,0.0977919869716273,0.38476392212024,0.987904238890274,KEGG_METABOLISM,79
REACTOME|R-HSA-2162123_SYNTHESIS_OF_PROSTAGLANDINS_PG_AND_THROMBOXANES_TX_,OS,GSVA,1057,140,0.885820075269413,0.748157097856492,1.04881342167099,-1.40693878490319,0.159445541506886,0.85907767005281,0.081977103931501,0.979301591688216,0.38476392212024,0.377517088516838,REACTOME_METABOLISM,14
KEGG|hsa00120_PRIMARY_BILE_ACID_BIOSYNTHESIS,OS,GSVA,1057,140,0.8888759891168,0.754328611547499,1.04742218700612,-1.40671242027102,0.159512681281004,0.90525495598548,0.229926182916539,0.441027960477674,0.38476392212024,0.547967789226243,KEGG_METABOLISM,17
KEGG|hsa00541_BIOSYNTHESIS_OF_VARIOUS_NUCLEOTIDE_SUGARS,OS,GSVA,1057,140,1.12816954378468,0.951444798743766,1.33771977229138,1.38738603212954,0.165324081898084,1.18574950536348,0.043454541713065,0.000180117184982841,0.392259953680436,0.33911583532941,KEGG_METABOLISM,18
KEGG|hsa00052_GALACTOSE_METABOLISM,OS,GSVA,1057,140,1.13226550938814,0.949950894461962,1.34956995274593,1.3867884090863,0.165506292537089,1.09980597085297,0.271228573198405,0.0122708204259334,0.392259953680436,0.585536809541892,KEGG_METABOLISM,30
REACTOME|R-HSA-2160916_HYALURONAN_DEGRADATION,OS,GSVA,1057,140,0.884569186830145,0.743760788385851,1.0520353566736,-1.38655641685395,0.165577065875159,0.922246288129194,0.355952218326204,0.0753807096355841,0.392259953680436,0.681083959683465,REACTOME_METABOLISM,14
KEGG|hsa00830_RETINOL_METABOLISM,OS,GSVA,1057,140,0.888629645051592,0.74908269018716,1.05417286557138,-1.35470863719483,0.175510404939312,0.943330599709307,0.489560513436806,0.995423574238302,0.401436323086198,0.758683342794265,KEGG_METABOLISM,65
KEGG|hsa00630_GLYOXYLATE_AND_DICARBOXYLATE_METABOLISM,OS,GSVA,1057,140,0.893307435125567,0.758587691600931,1.0519524406816,-1.35274214139513,0.176138022513474,1.01277105613419,0.881775434733163,0.123155756393009,0.401436323086198,0.969409309182875,KEGG_METABOLISM,29
FFLCLASS|3_Comp,OS,GSVA,1057,140,1.12223744472853,0.949277538455581,1.32671092629014,1.35044746999982,0.176872492769117,0.968827807531962,0.713486888953455,0.302467502747115,0.401436323086198,0.892980445922878,FFL_MODULE,258
FFLCLASS|3_TF,OS,GSVA,1057,140,1.12223744472853,0.949277538455581,1.32671092629014,1.35044746999982,0.176872492769117,0.968827807531962,0.713486888953455,0.302467502747115,0.401436323086198,0.892980445922878,FFL_MODULE,258
REACTOME|R-HSA-389661_GLYOXYLATE_METABOLISM_AND_GLYCINE_DEGRADATION,OS,GSVA,1057,140,0.887770761044795,0.746771607093878,1.05539219311397,-1.34903818106569,0.177324702655272,1.02714773905385,0.760927462926101,0.403484663257085,0.401436323086198,0.926144129188343,REACTOME_METABOLISM,17
KEGG|hsa01200_CARBON_METABOLISM,OS,GSVA,1057,140,1.12252361114269,0.948935188603719,1.32786651049045,1.34847297985335,0.17750630504877,1.18704901532812,0.0457007739252929,0.02039724820225,0.401436323086198,0.339678896584934,KEGG_METABOLISM,110
KEGG|hsa01210_2_OXOCARBOXYLIC_ACID_METABOLISM,OS,GSVA,1057,140,1.12196615300754,0.948980256523653,1.32648497146384,1.34704135736967,0.177966913211121,1.1843089416201,0.0488514242608553,0.072603324619864,0.401436323086198,0.339678896584934,KEGG_METABOLISM,32
REACTOME|R-HSA-1660662_GLYCOSPHINGOLIPID_METABOLISM,OS,GSVA,1057,140,0.893020138280447,0.757243441206403,1.05314212573953,-1.34465563906091,0.178736466563992,0.979075242381713,0.802258932662722,0.653466850707389,0.401436323086198,0.950409921493408,REACTOME_METABOLISM,56
HALLMARK|HALLMARK_FATTY_ACID_METABOLISM,OS,GSVA,1057,140,0.890226334668033,0.751226251656518,1.05494573064898,-1.34245992492342,0.179446915924732,1.00376375558523,0.965092352577883,0.608406069471117,0.401436323086198,0.98963218503143,HALLMARK_METABOLIC,153
REACTOME|R-HSA-1482922_ACYL_CHAIN_REMODELLING_OF_PI,OS,GSVA,1057,140,0.885824183645174,0.742093630325393,1.05739283058739,-1.34218244204128,0.179536848013425,0.852100050120395,0.0682167684455899,0.655575078620681,0.401436323086198,0.357240445280852,REACTOME_METABOLISM,16
KEGG|hsa01040_BIOSYNTHESIS_OF_UNSATURATED_FATTY_ACIDS,OS,GSVA,1057,140,0.894519555349172,0.759839197535694,1.05307180453071,-1.33887960796599,0.180609869196884,0.896578103905101,0.196433916363963,0.487350208509057,0.401579485700335,0.536182725421545,KEGG_METABOLISM,23
HUMANGEM|PURINE_METABOLISM,OS,GSVA,1057,140,1.1243306880829,0.94457686119395,1.33829183002334,1.3184858055117,0.187341073658212,1.0846633322803,0.343493051136471,0.374598971751588,0.414231929533158,0.676783338377799,HUMANGEM_SUBSYSTEM,115
KEGG|hsa00280_VALINE_LEUCINE_AND_ISOLEUCINE_DEGRADATION,OS,GSVA,1057,140,0.891126782897007,0.749829569351531,1.05904991701398,-1.30865029430767,0.190652836039336,1.00497299552683,0.954036615773134,0.521087117649461,0.419225573169368,0.987904238890274,KEGG_METABOLISM,47
CONTROL|CONTROL_CAF_SMALL,OS,GSVA,1057,140,1.11981636015063,0.944775663377092,1.32728723766935,1.30493375332177,0.191915406575857,1.06636006474921,0.445798950137975,0.440348279077082,0.419683141852699,0.751533225915218,CONTEXT_CONTROL,10
KEGG|hsa00670_ONE_CARBON_POOL_BY_FOLATE,OS,GSVA,1057,140,1.12084660321952,0.943042908228061,1.33217385655258,1.29455264734532,0.195474596501824,1.04750211409099,0.596360722542063,0.41911170038607,0.425130543211617,0.827008946243001,KEGG_METABOLISM,35
HUMANGEM|BETA_OXIDATION_OF_DI_UNSATURATED_FATTY_ACIDS_N_6_MITOCHONDRIAL_,OS,GSVA,1057,140,0.893849778986413,0.753231500496476,1.06071961524105,-1.28499551188386,0.198793852392702,0.964351994062326,0.676554515144252,0.158941710223657,0.42771505493604,0.871419731480299,HUMANGEM_SUBSYSTEM,11
FFLCLASS|3_miR,OS,GSVA,1057,140,1.11555070522763,0.943310762738628,1.31924009042465,1.27795241212728,0.201266206054914,0.961355965089527,0.647988544442186,0.298150656988454,0.42771505493604,0.862465624530406,FFL_MODULE,264
FFLCLASS|3node_union,OS,GSVA,1057,140,1.11555070522763,0.943310762738628,1.31924009042465,1.27795241212728,0.201266206054914,0.961355965089527,0.647988544442186,0.298150656988454,0.42771505493604,0.862465624530406,FFL_MODULE,264
REACTOME|R-HSA-156590_GLUTATHIONE_CONJUGATION,OS,GSVA,1057,140,0.898278348042571,0.761926519159935,1.05903124549562,-1.27716545578394,0.201543839867208,0.933669314480893,0.418836779755123,0.661763091413968,0.42771505493604,0.740875725966839,REACTOME_METABOLISM,35
HUMANGEM|O_GLYCAN_METABOLISM,OS,GSVA,1057,140,1.11377500311007,0.943169005515433,1.31524122431793,1.27026233971517,0.203991198295159,1.05502581796085,0.520682625437298,0.609052778230279,0.42771505493604,0.778162443693174,HUMANGEM_SUBSYSTEM,27
REACTOME|R-HSA-9864848_COMPLEX_IV_ASSEMBLY,OS,GSVA,1057,140,0.895676521726742,0.755539777319468,1.06180568602056,-1.2691673116391,0.204381396992929,0.995639755576427,0.958841826780275,0.434857895869194,0.42771505493604,0.988650380980699,REACTOME_METABOLISM,35
HUMANGEM|FRUCTOSE_AND_MANNOSE_METABOLISM,OS,GSVA,1057,140,0.893737968445111,0.75136469147221,1.06308902362088,-1.26895860333691,0.204455828984766,0.968475929990338,0.717050770517438,0.042414793750998,0.42771505493604,0.894627607103261,HUMANGEM_SUBSYSTEM,24
REACTOME|R-HSA-71291_METABOLISM_OF_AMINO_ACIDS_AND_DERIVATIVES,OS,GSVA,1057,140,0.893457443643044,0.75053250903014,1.06359976949261,-1.26670654204173,0.205260239931617,0.930586256177435,0.404172374186819,0.834909620347185,0.42771505493604,0.727876040390742,REACTOME_METABOLISM,341
CONTROL|CONTROL_EPITHELIAL,OS,GSVA,1057,140,0.893884397699817,0.750478733402169,1.06469281658242,-1.25737173812352,0.208619058097184,0.931643466698173,0.410020890542287,0.17965302316282,0.432449922513955,0.731786163389373,CONTEXT_CONTROL,10
KEGG|hsa00510_N_GLYCAN_BIOSYNTHESIS,OS,GSVA,1057,140,1.11154402564259,0.941914137368155,1.31172266337778,1.25169753753101,0.210680097720746,1.15184454788888,0.0900220276328346,0.114760114222647,0.434459476128793,0.402570415706384,KEGG_METABOLISM,54
KEGG|hsa00562_INOSITOL_PHOSPHATE_METABOLISM,OS,GSVA,1057,140,1.11687385525267,0.938553203062954,1.32907458466507,1.24545370063872,0.212965024310957,1.09052984267088,0.306774910370494,0.242836326008819,0.436907627194643,0.639248242552129,KEGG_METABOLISM,78
REACTOME|R-HSA-1614635_SULFUR_AMINO_ACID_METABOLISM,OS,GSVA,1057,140,0.893833367904949,0.747415939585616,1.0689337051378,-1.22965583121036,0.218826013306666,0.95617295797007,0.611652873425131,0.442586015590378,0.443715017160099,0.839440840080007,REACTOME_METABOLISM,27
HUMANGEM|BETA_OXIDATION_OF_UNSATURATED_FATTY_ACIDS_N_7_MITOCHONDRIAL_,OS,GSVA,1057,140,0.898341746727686,0.757008838287474,1.0660613893748,-1.22751846803236,0.219627784875727,0.960503501088942,0.643725443497636,0.0963251439786029,0.443715017160099,0.862465624530406,HUMANGEM_SUBSYSTEM,10
HUMANGEM|BETA_OXIDATION_OF_UNSATURATED_FATTY_ACIDS_N_9_MITOCHONDRIAL_,OS,GSVA,1057,140,0.898341746727686,0.757008838287474,1.0660613893748,-1.22751846803236,0.219627784875727,0.960503501088942,0.643725443497636,0.0963251439786029,0.443715017160099,0.862465624530406,HUMANGEM_SUBSYSTEM,10
REACTOME|R-HSA-211976_ENDOGENOUS_STEROLS,OS,GSVA,1057,140,0.899622566282892,0.759148899958983,1.06608961932125,-1.22118014416032,0.222017820403539,0.872129243504429,0.110726372080419,0.505359010917478,0.446278245053579,0.42624505888537,REACTOME_METABOLISM,25
HUMANGEM|GLYCEROPHOSPHOLIPID_METABOLISM,OS,GSVA,1057,140,0.90444815332302,0.768430870975767,1.06454138289717,-1.20781797367557,0.227117286337383,0.94048311544009,0.451622240197818,0.365682872759753,0.454234572674765,0.751533225915218,HUMANGEM_SUBSYSTEM,91
REACTOME|R-HSA-71336_PENTOSE_PHOSPHATE_PATHWAY,OS,GSVA,1057,140,1.1055922283197,0.939021230417519,1.30171090463783,1.20483190110957,0.228268202041633,1.17491548306411,0.0594721321523002,0.0533807332519565,0.454253722062851,0.344064968800668,REACTOME_METABOLISM,14
HUMANGEM|OMEGA_6_FATTY_ACID_METABOLISM,OS,GSVA,1057,140,0.90651102519961,0.771388719110133,1.06530238056427,-1.19185410366645,0.233318457055705,0.939862590460567,0.453516117454999,0.533578520293035,0.461993760737168,0.751533225915218,HUMANGEM_SUBSYSTEM,32
REACTOME|R-HSA-156580_PHASE_II_CONJUGATION_OF_COMPOUNDS,OS,GSVA,1057,140,0.904779491137328,0.765218694559839,1.06979342428847,-1.17069158930531,0.241722767165681,0.996996914673398,0.972190980090479,0.999904442736994,0.476265650158125,0.98963218503143,REACTOME_METABOLISM,99
KEGG|hsa00062_FATTY_ACID_ELONGATION,OS,GSVA,1057,140,0.904144015477831,0.760459851103467,1.07497641004739,-1.14120239289933,0.253785708797319,0.938740832006646,0.455407028282247,0.594616448028647,0.497570010351394,0.751533225915218,KEGG_METABOLISM,24
KEGG|hsa00603_GLYCOSPHINGOLIPID_BIOSYNTHESIS_GLOBO_AND_ISOGLOBO_SERIES,OS,GSVA,1057,140,0.906655941666711,0.765801989675675,1.07341715958154,-1.1375590090693,0.255304671234786,0.930940192968001,0.396605495573928,0.297897845267866,0.498094407605122,0.720771631225676,KEGG_METABOLISM,15
HUMANGEM|BIOPTERIN_METABOLISM,OS,GSVA,1057,140,0.904711343360985,0.760739539386308,1.07593016062544,-1.13240000298571,0.257466303617183,0.986422056260942,0.870440219967395,0.865670279886646,0.499861408973848,0.969409309182875,HUMANGEM_SUBSYSTEM,11
KEGG|hsa00051_FRUCTOSE_AND_MANNOSE_METABOLISM,OS,GSVA,1057,140,0.90492817050599,0.759354078384681,1.07840995009508,-1.1164053537588,0.26424866288339,0.986623026428166,0.877544769381808,0.00586340651596076,0.510538678774706,0.969409309182875,KEGG_METABOLISM,31
HUMANGEM|GLYCOSYLPHOSPHATIDYLINOSITOL_GPI_ANCHOR_BIOSYNTHESIS,OS,GSVA,1057,140,0.912021752823266,0.774775278363332,1.07358056052062,-1.10674052599186,0.268406128476407,1.06212466642128,0.469668930040678,0.437780290709797,0.516065889534348,0.756065660139925,HUMANGEM_SUBSYSTEM,26
CONTROL|CONTROL_IMMUNE_FULL,OS,GSVA,1057,140,0.911034151858555,0.770197693187111,1.07762361948675,-1.08747309934906,0.276827780819531,0.857370726640816,0.0703903879896906,0.506871463326037,0.529699311375834,0.363836031427232,CONTEXT_CONTROL,141
HUMANGEM|PROTEIN_DEGRADATION,OS,GSVA,1057,140,0.907315290024908,0.759855114924179,1.08339210902743,-1.0748620441854,0.282436497461562,0.962492127250372,0.665268710378981,0.979572403433528,0.535087844472369,0.862465624530406,HUMANGEM_SUBSYSTEM,16
REACTOME|R-HSA-381676_GLUCAGON_LIKE_PEPTIDE_1_GLP1_REGULATES_INSULIN_SECRETION,OS,GSVA,1057,140,0.912761536992598,0.772677071374378,1.07824297404241,-1.07380288227297,0.282911037862904,0.886717256656141,0.149679707508835,0.913402645867517,0.535087844472369,0.46939787130115,REACTOME_METABOLISM,42
KEGG|hsa00600_SPHINGOLIPID_METABOLISM,OS,GSVA,1057,140,0.910014721828775,0.765915597846212,1.08122461048428,-1.07209531248857,0.283677224079572,1.01974517738624,0.820368436960666,0.77684713826107,0.535087844472369,0.957293971347496,KEGG_METABOLISM,45
HUMANGEM|AMINO_SUGAR_AND_NUCLEOTIDE_SUGAR_METABOLISM,OS,GSVA,1057,140,1.0948312786651,0.927006272331993,1.29303928626945,1.06719730544053,0.285882749079558,1.17554620029282,0.055533848878976,0.00993160462972704,0.536704406290868,0.344064968800668,HUMANGEM_SUBSYSTEM,30
REACTOME|R-HSA-189445_METABOLISM_OF_PORPHYRINS,OS,GSVA,1057,140,0.907330077743542,0.758194742448934,1.08580002456763,-1.061492410586,0.288466180160669,1.06427072992107,0.476815278128445,0.0666524140591934,0.537091714997995,0.756065660139925,REACTOME_METABOLISM,27
HUMANGEM|PHOSPHATIDYLINOSITOL_PHOSPHATE_METABOLISM,OS,GSVA,1057,140,1.1024798144735,0.920625154546813,1.3202569311935,1.06078414867607,0.288788007561736,1.17666665432774,0.0600759451716692,0.997959168980565,0.537091714997995,0.344064968800668,HUMANGEM_SUBSYSTEM,21
HUMANGEM|PROTEIN_ASSEMBLY,OS,GSVA,1057,140,0.914070345138129,0.773698641715163,1.07990960667673,-1.05623926589407,0.290858915586804,0.926168489374442,0.377002046736708,0.177219283970491,0.538427201876967,0.698308375912587,HUMANGEM_SUBSYSTEM,13
REACTOME|R-HSA-556833_METABOLISM_OF_LIPIDS,OS,GSVA,1057,140,0.913240168001229,0.770396960679414,1.08256865878002,-1.04579565206749,0.295655389026657,1.02096522789467,0.803265301036149,0.739066993463125,0.5447724297806,0.950409921493408,REACTOME_METABOLISM,708
KEGG|hsa00790_FOLATE_BIOSYNTHESIS,OS,GSVA,1057,140,0.91093589419253,0.762433149216181,1.08836322788617,-1.02740258480907,0.304230934867313,0.988650109242692,0.895053383321824,0.430083630735709,0.557990378235902,0.969409309182875,KEGG_METABOLISM,25
HUMANGEM|DRUG_METABOLISM,OS,GSVA,1057,140,0.911143360221118,0.762471488168289,1.0888042841699,-1.02387356134923,0.30589499942483,0.950235919174792,0.562950715691813,0.606635488290415,0.558468852160928,0.805022091638854,HUMANGEM_SUBSYSTEM,51
REACTOME|R-HSA-163685_INTEGRATION_OF_ENERGY_METABOLISM,OS,GSVA,1057,140,0.917610907660956,0.777407847917538,1.08309914816769,-1.01638059736457,0.309448181489653,0.902641937659549,0.211399545461492,0.962748995068637,0.558773738752002,0.544592852889741,REACTOME_METABOLISM,108
HUMANGEM|PORPHYRIN_METABOLISM,OS,GSVA,1057,140,0.916823705367074,0.77526049987233,1.0842364687243,-1.01484919952842,0.31017771700782,1.03843253032131,0.662312291266203,0.174231682112921,0.558773738752002,0.862465624530406,HUMANGEM_SUBSYSTEM,22
KEGG|hsa00500_STARCH_AND_SUCROSE_METABOLISM,OS,GSVA,1057,140,1.09427341326155,0.919239851584005,1.30263532516317,1.01307393454552,0.311024847374191,1.07003453945593,0.416113970302854,0.137493641197326,0.558773738752002,0.739345357948821,KEGG_METABOLISM,32
HUMANGEM|PENTOSE_PHOSPHATE_PATHWAY,OS,GSVA,1057,140,1.08856956549577,0.923533891001101,1.28309714507513,1.0116910189315,0.311685811009003,1.12462106976622,0.163290318394349,0.00331574652431222,0.558773738752002,0.482959848107742,HUMANGEM_SUBSYSTEM,23
REACTOME|R-HSA-159418_RECYCLING_OF_BILE_ACIDS_AND_SALTS,OS,GSVA,1057,140,0.914456688375244,0.768608465937936,1.08798051540294,-1.00877663668875,0.313081768195217,0.970697336893568,0.734205031407885,0.445834127165925,0.558773738752002,0.899118776924118,REACTOME_METABOLISM,16
KEGG|hsa00514_OTHER_TYPES_OF_O_GLYCAN_BIOSYNTHESIS,OS,GSVA,1057,140,1.08945026844481,0.921584682509255,1.28789237705516,1.00350012468541,0.315619616797362,1.11013980836108,0.20536069061419,0.39161266492105,0.559466510073779,0.544592852889741,KEGG_METABOLISM,35
REACTOME|R-HSA-203615_ENOS_ACTIVATION,OS,GSVA,1057,140,1.0889452873757,0.921782101752673,1.2864231542824,1.00212894776361,0.316281318509046,1.14292894558586,0.12579976797328,0.412649954253915,0.559466510073779,0.447697708308673,REACTOME_METABOLISM,15
KEGG|hsa00512_MUCIN_TYPE_O_GLYCAN_BIOSYNTHESIS,OS,GSVA,1057,140,1.08600663689628,0.923094318076238,1.27767053949665,0.994974357014533,0.31974873626164,1.03533017211514,0.674188543160048,0.617889907067569,0.561939946769483,0.871191688888634,KEGG_METABOLISM,30
KEGG|hsa00604_GLYCOSPHINGOLIPID_BIOSYNTHESIS_GANGLIO_SERIES,OS,GSVA,1057,140,1.09139536904082,0.918426437864381,1.29693985544832,0.993423863499846,0.320503436976564,1.12860007942709,0.163770387492722,0.214963487588434,0.561939946769483,0.482959848107742,KEGG_METABOLISM,15
KEGG|hsa00053_ASCORBATE_AND_ALDARATE_METABOLISM,OS,GSVA,1057,140,0.918415736644107,0.775507753926541,1.08765832584497,-0.986246577007931,0.324012128238225,1.01841528590629,0.830634966628863,0.917167454889075,0.565600118591288,0.958749712459506,KEGG_METABOLISM,29
REACTOME|R-HSA-211981_XENOBIOTICS,OS,GSVA,1057,140,0.919445144188922,0.777165709970254,1.08777235321531,-0.979143111181642,0.32750927283629,0.978995976020824,0.804744079254469,0.363523579997482,0.569208255846478,0.950409921493408,REACTOME_METABOLISM,24
KEGG|hsa01212_FATTY_ACID_METABOLISM,OS,GSVA,1057,140,0.918408759498802,0.774114900595126,1.08959877774692,-0.97600471789909,0.329062126366254,0.963455816047524,0.662503655559128,0.369989679631735,0.569420549103344,0.862465624530406,KEGG_METABOLISM,52
CONTROL|CONTROL_CAF_FULL,OS,GSVA,1057,140,1.08751948609912,0.918283504552211,1.28794498298433,0.972180177216838,0.330960920360913,1.01812407098178,0.833485930932133,0.246469571255382,0.569432263307726,0.958749712459506,CONTEXT_CONTROL,123
CURATED|CURATED_PENTOSE_PHOSPHATE,OS,GSVA,1057,140,1.08572061746644,0.919523413217962,1.28195676395712,0.970233001252728,0.331930364541187,1.09585538134315,0.27697481822883,0.0107923518829081,0.569432263307726,0.587494547394407,CURATED_SIGNATURE,16
HUMANGEM|LIPOIC_ACID_METABOLISM,OS,GSVA,1057,140,0.920187098245532,0.776550237784161,1.09039216599001,-0.960603019037717,0.336751810123968,1.01121980682452,0.896846263066311,0.855534252040464,0.575224122014332,0.969409309182875,HUMANGEM_SUBSYSTEM,10
HUMANGEM|KERATAN_SULFATE_DEGRADATION,OS,GSVA,1057,140,0.920213530482629,0.775965858992005,1.09127602957082,-0.955869515492673,0.339138162110911,1.06473459546495,0.472750963401028,0.0420026394743503,0.576824737265566,0.756065660139925,HUMANGEM_SUBSYSTEM,12
KEGG|hsa00770_PANTOTHENATE_AND_COA_BIOSYNTHESIS,OS,GSVA,1057,140,0.922823648986772,0.781704829943534,1.08941822348824,-0.948545884962441,0.342851625115812,0.922918547603144,0.350197917855186,0.0189983048720098,0.580659348068481,0.681083959683465,KEGG_METABOLISM,21
KEGG|hsa00910_NITROGEN_METABOLISM,OS,GSVA,1057,140,0.921913789835873,0.777200411658697,1.09357254980815,-0.933245955430734,0.350692992141759,0.942986278651512,0.494646994276972,0.0294933174612703,0.591422927425509,0.760849711562539,KEGG_METABOLISM,17
KEGG|hsa00030_PENTOSE_PHOSPHATE_PATHWAY,OS,GSVA,1057,140,1.08228128879768,0.916009286546481,1.27873462123699,0.929133629307807,0.352819838233041,1.13749462072919,0.12363306408437,0.0150226097387523,0.59249913762342,0.447697708308673,KEGG_METABOLISM,29
KEGG|hsa00513_VARIOUS_TYPES_OF_N_GLYCAN_BIOSYNTHESIS,OS,GSVA,1057,140,1.08171669683632,0.914760183152562,1.27914510684309,0.918362053307832,0.358429350152579,1.10580944110724,0.229674348268383,0.167842908983592,0.597737098671318,0.547967789226243,KEGG_METABOLISM,41
REACTOME|R-HSA-70635_UREA_CYCLE,OS,GSVA,1057,140,0.925844828245474,0.785319847516698,1.09151532168639,-0.917381755694912,0.358942629604133,0.986331630474803,0.87110790039481,0.348136130554793,0.597737098671318,0.969409309182875,REACTOME_METABOLISM,12
REACTOME|R-HSA-1655829_REGULATION_OF_CHOLESTEROL_BIOSYNTHESIS_BY_SREBP_SREBF_,OS,GSVA,1057,140,1.08149067237846,0.913880754169794,1.27984101766553,0.911823939141516,0.361861406267447,1.12221996301392,0.181922699056718,0.571227401500056,0.600086832060183,0.517180244461242,REACTOME_METABOLISM,53
REACTOME|R-HSA-196780_BIOTIN_TRANSPORT_AND_METABOLISM,OS,GSVA,1057,140,1.07953718686279,0.91508195755839,1.27354771689428,0.907604833635421,0.364087039618496,1.14226534602964,0.129106766552905,0.172600610232111,0.601272372481998,0.447697708308673,REACTOME_METABOLISM,11
REACTOME|R-HSA-6799198_COMPLEX_I_BIOGENESIS,OS,GSVA,1057,140,0.925414049253318,0.78038165132368,1.09740043362477,-0.891288978873491,0.372774159715152,1.00898844724977,0.916463205951441,0.516092289802869,0.613074857713349,0.972672949249796,REACTOME_METABOLISM,53
KEGG|hsa00531_GLYCOSAMINOGLYCAN_DEGRADATION,OS,GSVA,1057,140,0.927488727100123,0.78503772134293,1.09578854048725,-0.88479334714214,0.376268098291424,0.955562338690368,0.594623127177776,0.320655659285591,0.615326718462486,0.827008946243001,KEGG_METABOLISM,19
REACTOME|R-HSA-1855167_SYNTHESIS_OF_PYROPHOSPHATES_IN_THE_CYTOSOL,OS,GSVA,1057,140,0.927813561435396,0.785231970640557,1.09628496669742,-0.880135006567043,0.378786177068077,0.936739131546293,0.439118528771699,0.660648065616827,0.615326718462486,0.751533225915218,REACTOME_METABOLISM,10
REACTOME|R-HSA-174403_GLUTATHIONE_SYNTHESIS_AND_RECYCLING,OS,GSVA,1057,140,1.07430053447699,0.914956693511133,1.26139482509126,0.87495633449959,0.381597664994187,1.13361902608378,0.136827947775152,0.140720110493437,0.615326718462486,0.451231463291326,REACTOME_METABOLISM,12
REACTOME|R-HSA-2022857_KERATAN_SULFATE_DEGRADATION,OS,GSVA,1057,140,1.07914535645949,0.909823126167765,1.27997922549327,0.874717927613884,0.381727403049898,1.08239795444482,0.351172830786821,0.981839079573042,0.615326718462486,0.681083959683465,REACTOME_METABOLISM,15
REACTOME|R-HSA-1793185_CHONDROITIN_SULFATE_DERMATAN_SULFATE_METABOLISM,OS,GSVA,1057,140,1.08146986599473,0.907348514798716,1.28900532924122,0.87444930465747,0.381873616734256,0.986508506906619,0.875484843965848,0.351698664691188,0.615326718462486,0.969409309182875,REACTOME_METABOLISM,37
REACTOME|R-HSA-156581_METHYLATION,OS,GSVA,1057,140,0.92813672061315,0.784592848258077,1.09794242206396,-0.86998282266481,0.384309791499891,0.925919445188001,0.360909341942504,0.944040732443759,0.616755174420318,0.681083959683465,REACTOME_METABOLISM,13
REACTOME|R-HSA-164378_PKA_ACTIVATION_IN_GLUCAGON_SIGNALLING,OS,GSVA,1057,140,1.07714138608131,0.910599650789218,1.27414233533209,0.867150793672922,0.385859393041857,1.01079047106296,0.897394995551335,0.980781677531948,0.616755174420318,0.969409309182875,REACTOME_METABOLISM,17
HUMANGEM|SULFUR_METABOLISM,OS,GSVA,1057,140,0.92815240164006,0.782419775292852,1.10102902287685,-0.855576111978148,0.392232287835942,1.03828990292112,0.659600752065114,0.428344762312954,0.62239596317404,0.862465624530406,HUMANGEM_SUBSYSTEM,20
REACTOME|R-HSA-9854311_MATURATION_OF_TCA_ENZYMES_AND_REGULATION_OF_TCA_CYCLE,OS,GSVA,1057,140,0.927641358880697,0.780922388218044,1.10192575304392,-0.855063405448915,0.392516047127347,1.03912847308093,0.650306466421575,0.854911200141192,0.62239596317404,0.862465624530406,REACTOME_METABOLISM,17
REACTOME|R-HSA-1483257_PHOSPHOLIPID_METABOLISM,OS,GSVA,1057,140,1.07702618815994,0.906988546538283,1.27894162986916,0.846417860546715,0.39731967828344,1.12832547532097,0.149782737827251,0.720846992366915,0.627512825225432,0.46939787130115,REACTOME_METABOLISM,198
REACTOME|R-HSA-163359_GLUCAGON_SIGNALING_IN_METABOLIC_REGULATION,OS,GSVA,1057,140,0.932108566467906,0.791528984539673,1.09765579865421,-0.842900476377981,0.399284107098429,0.875553767829598,0.102974512012389,0.461308050197233,0.628122824605434,0.413978341221523,REACTOME_METABOLISM,33
REACTOME|R-HSA-1483206_GLYCEROPHOSPHOLIPID_BIOSYNTHESIS,OS,GSVA,1057,140,0.933356511883544,0.79442629254098,1.09658301399998,-0.83874072909302,0.401614817505212,1.03676758301617,0.659992938088499,0.489141702987574,0.629266847226054,0.862465624530406,REACTOME_METABOLISM,116
HUMANGEM|PENTOSE_AND_GLUCURONATE_INTERCONVERSIONS,OS,GSVA,1057,140,0.930958421022945,0.787199000205888,1.10097139534839,-0.835966974421094,0.403173482519205,1.03798379361231,0.663590169468314,0.338758459771463,0.629266847226054,0.862465624530406,HUMANGEM_SUBSYSTEM,10
HUMANGEM|GLYCOSPHINGOLIPID_BIOSYNTHESIS_GLOBO_SERIES,OS,GSVA,1057,140,0.931683327686939,0.788465950517949,1.10091478588212,-0.830982531365602,0.405983497803362,0.938143059473654,0.451319068427276,0.0917899440248648,0.631177469241165,0.751533225915218,HUMANGEM_SUBSYSTEM,13
HUMANGEM|BUTANOATE_METABOLISM,OS,GSVA,1057,140,0.927914688670049,0.776140420738075,1.10936841638893,-0.821014205549611,0.41163817670831,0.964441372386416,0.679329169322274,0.0864492218573798,0.637478577159172,0.872170998033113,HUMANGEM_SUBSYSTEM,13
HUMANGEM|INOSITOL_PHOSPHATE_METABOLISM,OS,GSVA,1057,140,1.07187827369336,0.904406341554228,1.270361540855,0.800808086651977,0.423242756766966,1.01954973227842,0.816026172376932,0.259469947903356,0.649933384385364,0.957293971347496,HUMANGEM_SUBSYSTEM,95
HUMANGEM|FATTY_ACID_BIOSYNTHESIS,OS,GSVA,1057,140,0.935292690724892,0.793791611642752,1.10201771408628,-0.799298055679842,0.424117606025684,0.969568432785452,0.707647145763163,0.446538517765769,0.649933384385364,0.892980445922878,HUMANGEM_SUBSYSTEM,26
REACTOME|R-HSA-422356_REGULATION_OF_INSULIN_SECRETION,OS,GSVA,1057,140,0.934815136984757,0.792262648795656,1.10301721488984,-0.798501371044738,0.424579597839685,0.898797381126839,0.198612726663876,0.556491154131684,0.649933384385364,0.537740579674984,REACTOME_METABOLISM,78
HUMANGEM|CHOLESTEROL_METABOLISM,OS,GSVA,1057,140,0.938956378888115,0.799347824935813,1.10294799579329,-0.76691854289483,0.443129948068839,1.02213979340846,0.793936284809679,0.0383012883113509,0.675404373320549,0.948908832895652,HUMANGEM_SUBSYSTEM,29
KEGG|hsa00561_GLYCEROLIPID_METABOLISM,OS,GSVA,1057,140,1.06836917685956,0.901736080616593,1.26579464058163,0.764426823210352,0.444612929170814,1.06111567827927,0.475930328894942,0.0579051643484257,0.675404373320549,0.756065660139925,KEGG_METABOLISM,55
KEGG|hsa00620_PYRUVATE_METABOLISM,OS,GSVA,1057,140,0.937060368986941,0.790421372752723,1.11090383609939,-0.748699610261624,0.454038278630856,0.994274206282924,0.946087806332841,0.219344699881232,0.687099752452778,0.985714520734217,KEGG_METABOLISM,48
REACTOME|R-HSA-196741_COBALAMIN_CBL_VITAMIN_B12_TRANSPORT_AND_METABOLISM,OS,GSVA,1057,140,0.938470438016912,0.793036997232768,1.11057462149291,-0.739200579550845,0.459785208978225,0.923850795165013,0.355193119392825,0.490029101637563,0.691366926181167,0.681083959683465,REACTOME_METABOLISM,20
REACTOME|R-HSA-1971475_GLYCOSAMINOGLYCAN_PROTEIN_LINKAGE_REGION_BIOSYNTHESIS,OS,GSVA,1057,140,1.0681752057003,0.896286636406932,1.27302831898394,0.736778856059392,0.461256843345302,0.993970622458586,0.943369844808384,0.24707678689488,0.691366926181167,0.985462462555739,REACTOME_METABOLISM,28
KEGG|hsa00564_GLYCEROPHOSPHOLIPID_METABOLISM,OS,GSVA,1057,140,0.938723234758807,0.793108380142127,1.11107300532889,-0.735282382120559,0.462167535555479,0.970682523997451,0.725813665593692,0.41060934375379,0.691366926181167,0.896888129320046,KEGG_METABOLISM,89
REACTOME|R-HSA-1430728_METABOLISM,OS,GSVA,1057,140,0.939103416028607,0.793220828321915,1.11181551783293,-0.729435335370275,0.465735409706988,1.03135087699867,0.720377555937068,0.258436832259093,0.691366926181167,0.895969585196729,REACTOME_METABOLISM,2009
HUMANGEM|OXIDATIVE_PHOSPHORYLATION,OS,GSVA,1057,140,0.938621129916364,0.791387119385653,1.11324736522044,-0.727638028916451,0.4668351948819,1.01295798748319,0.880710204754181,0.147988359777581,0.691366926181167,0.969409309182875,HUMANGEM_SUBSYSTEM,73
KEGG|hsa00983_DRUG_METABOLISM_OTHER_ENZYMES,OS,GSVA,1057,140,0.938794871966869,0.791793537709163,1.11308790695765,-0.726910701371294,0.467280661162648,1.01357776992127,0.876749353986911,0.770248874328361,0.691366926181167,0.969409309182875,KEGG_METABOLISM,78
HUMANGEM|GLYCEROLIPID_METABOLISM,OS,GSVA,1057,140,0.938903050793718,0.791108961461363,1.11430786621522,-0.721432132212978,0.470643682900329,0.904577572531632,0.235638414600856,0.538407029187906,0.691412113202103,0.551671111830239,HUMANGEM_SUBSYSTEM,49
HUMANGEM|CHONDROITIN_SULFATE_DEGRADATION,OS,GSVA,1057,140,0.941789640980796,0.800145138688544,1.10850855047685,-0.72120136048579,0.470785634868769,0.946553815846544,0.515500267120481,0.10122873262372,0.691412113202103,0.778162443693174,HUMANGEM_SUBSYSTEM,15
REACTOME|R-HSA-2142845_HYALURONAN_METABOLISM,OS,GSVA,1057,140,0.938785610271365,0.787759732585791,1.11876551389557,-0.705893928468086,0.480254103605075,0.936259213968754,0.452179609745641,0.32805181337664,0.702724754539779,0.751533225915218,REACTOME_METABOLISM,18
HUMANGEM|NICOTINATE_AND_NICOTINAMIDE_METABOLISM,OS,GSVA,1057,140,1.0611877772197,0.896825304439832,1.25567319849865,0.691704368090876,0.489123003288553,1.06698139910938,0.456962413747444,0.465131772287865,0.713080422376718,0.751533225915218,HUMANGEM_SUBSYSTEM,33
REACTOME|R-HSA-6806667_METABOLISM_OF_FAT_SOLUBLE_VITAMINS,OS,GSVA,1057,140,0.944070811064048,0.801185311045396,1.11243888775269,-0.687385267838375,0.491839978800062,0.928797204052085,0.36136215889952,0.100314631227493,0.714424494753374,0.681083959683465,REACTOME_METABOLISM,47
HUMANGEM|TRICARBOXYLIC_ACID_CYCLE_AND_GLYOXYLATE_DICARBOXYLATE_METABOLISM,OS,GSVA,1057,140,1.05868823737598,0.897248820772226,1.24917498692684,0.675601179089381,0.499293892715222,1.12337619523811,0.163818038931018,0.125217575729101,0.721503323133895,0.482959848107742,HUMANGEM_SUBSYSTEM,45
HUMANGEM|BILE_ACID_RECYCLING,OS,GSVA,1057,140,1.06070985800881,0.893627584504456,1.25903163956268,0.673956471494472,0.500338987901897,0.947718740303451,0.525943963199658,0.573239354549225,0.721503323133895,0.778162443693174,HUMANGEM_SUBSYSTEM,14
KEGG|hsa00785_LIPOIC_ACID_METABOLISM,OS,GSVA,1057,140,1.06095655412771,0.892313365342792,1.26147254256819,0.669954252814594,0.502886953291481,1.11524691220943,0.208314186150698,0.737924184010303,0.722559593537939,0.544592852889741,KEGG_METABOLISM,19
REACTOME|R-HSA-350562_REGULATION_OF_ORNITHINE_DECARBOXYLASE_ODC_,OS,GSVA,1057,140,1.05807745431798,0.89590553328635,1.24960484977627,0.665062097474743,0.506010776014885,1.10747501278263,0.238604761048909,0.135467819988138,0.724432693719152,0.552120319171312,REACTOME_METABOLISM,37
REACTOME|R-HSA-9634600_REGULATION_OF_GLYCOLYSIS_BY_FRUCTOSE_2_6_BISPHOSPHATE_METABOLISM,OS,GSVA,1057,140,1.05865385755512,0.892470788234411,1.25578114700374,0.654231743414593,0.512962513386341,1.10447177600228,0.252685582542005,0.314386670530052,0.729289665609532,0.571413987793852,REACTOME_METABOLISM,12
REACTOME|R-HSA-351202_METABOLISM_OF_POLYAMINES,OS,GSVA,1057,140,1.05754146473461,0.89430785762656,1.25056929791624,0.654067829710645,0.513068106458967,1.09839615898447,0.277728860050331,0.11466318538471,0.729289665609532,0.587494547394407,REACTOME_METABOLISM,44
REACTOME|R-HSA-9037629_LEWIS_BLOOD_GROUP_BIOSYNTHESIS,OS,GSVA,1057,140,1.0571251589752,0.891853126258758,1.25302425795849,0.640468580376009,0.521868009475245,0.997129914155433,0.972616400742537,0.109168863428419,0.739158248295899,0.98963218503143,REACTOME_METABOLISM,16
REACTOME|R-HSA-74217_PURINE_SALVAGE,OS,GSVA,1057,140,1.05880551383224,0.888172991187002,1.26221932804251,0.637324589980455,0.523913436946497,1.04492223265729,0.621881245470701,0.224988545753173,0.739423928740092,0.85054548349601,REACTOME_METABOLISM,12
REACTOME|R-HSA-2426168_ACTIVATION_OF_GENE_EXPRESSION_BY_SREBF_SREBP_,OS,GSVA,1057,140,1.05540510067628,0.890098936917853,1.25141136601123,0.62045211636623,0.534960169750582,1.08890046658706,0.327021834368099,0.319014785508203,0.752346811168663,0.664033530914993,REACTOME_METABOLISM,40
HUMANGEM|GLYCINE_SERINE_AND_THREONINE_METABOLISM,OS,GSVA,1057,140,0.947799925866096,0.797695346569186,1.12615010647284,-0.609449286794583,0.542226677426846,1.04325418500437,0.627872181780222,0.32172651464531,0.759881047943255,0.855798384755234,HUMANGEM_SUBSYSTEM,56
HUMANGEM|ARGININE_AND_PROLINE_METABOLISM,OS,GSVA,1057,140,1.05269891280361,0.887699658612206,1.24836704651929,0.59045503758614,0.554885621254815,1.11624971551986,0.196690145506396,0.14859129168453,0.774892902664619,0.536182725421545,HUMANGEM_SUBSYSTEM,53
HUMANGEM|FATTY_ACID_ACTIVATION_CYTOSOLIC_,OS,GSVA,1057,140,0.951300430477384,0.804980941297476,1.1242160684796,-0.585910569872349,0.557935613918722,0.856270000584715,0.0803795451359672,0.00558947479096734,0.776427882306473,0.377517088516838,HUMANGEM_SUBSYSTEM,14
HUMANGEM|MISCELLANEOUS,OS,GSVA,1057,140,0.952435568818126,0.806769132065196,1.12440285169042,-0.575451838426893,0.564985753889195,1.01185514981647,0.888474703030304,0.450833077105339,0.783499407832403,0.969409309182875,HUMANGEM_SUBSYSTEM,100
KEGG|hsa00260_GLYCINE_SERINE_AND_THREONINE_METABOLISM,OS,GSVA,1057,140,0.95009988716571,0.796794571306203,1.13290153836327,-0.570146351762841,0.568578439351048,1.03923604662689,0.663751855058297,0.312174503576301,0.785743815492073,0.862465624530406,KEGG_METABOLISM,39
REACTOME|R-HSA-400451_FREE_FATTY_ACIDS_REGULATE_INSULIN_SECRETION,OS,GSVA,1057,140,1.04973692765192,0.887520896258873,1.24160188444135,0.566758040317486,0.570878581839609,0.969559405490492,0.709338722187279,0.840779526502103,0.786192649038631,0.892980445922878,REACTOME_METABOLISM,11
HUMANGEM|TRYPTOPHAN_METABOLISM,OS,GSVA,1057,140,0.952425115317811,0.803080711638288,1.12954225788542,-0.560154371974881,0.575374146425833,0.939012992186691,0.463709299188469,0.846456465080604,0.789651414749936,0.756065660139925,HUMANGEM_SUBSYSTEM,20
KEGG|hsa00230_PURINE_METABOLISM,OS,GSVA,1057,140,1.04970247257254,0.884694945674573,1.24548612638986,0.555921704481257,0.578264379983717,1.07587173148501,0.403467101688802,0.958829207541857,0.790890801489757,0.727876040390742,KEGG_METABOLISM,112
REACTOME|R-HSA-2142789_UBIQUINOL_BIOSYNTHESIS,OS,GSVA,1057,140,1.04750969989713,0.887565170145106,1.23627718649571,0.549068804730904,0.582958232459282,1.12796322209937,0.156640011873332,0.52907308426538,0.794580056571213,0.482959848107742,REACTOME_METABOLISM,11
KEGG|hsa00970_AMINOACYL_TRNA_BIOSYNTHESIS,OS,GSVA,1057,140,1.04590702682453,0.889562081894762,1.22973037073578,0.543347086711646,0.586890849994075,1.11169898186923,0.194228239128496,0.631322925328153,0.797210096578982,0.536182725421545,KEGG_METABOLISM,24
REACTOME|R-HSA-196807_NICOTINATE_METABOLISM,OS,GSVA,1057,140,1.04711436815884,0.885521657014735,1.2381950134354,0.538340679027203,0.590341872220034,0.952030634520014,0.561894126920997,0.333330613282016,0.799170289603991,0.805022091638854,REACTOME_METABOLISM,22
REACTOME|R-HSA-1482788_ACYL_CHAIN_REMODELLING_OF_PC,OS,GSVA,1057,140,0.952657789139321,0.797446419565523,1.13807879870134,-0.534516893064938,0.592983964975683,0.883032085335429,0.157780828486224,0.380280010951183,0.800025823933295,0.482959848107742,REACTOME_METABOLISM,25
REACTOME|R-HSA-70263_GLUCONEOGENESIS,OS,GSVA,1057,140,0.955151470205085,0.805539385663459,1.13255086873689,-0.52791978534926,0.597555011657074,1.06876403684579,0.435628381201681,0.000619239837453422,0.803469238647011,0.751533225915218,REACTOME_METABOLISM,24
REACTOME|R-HSA-209776_METABOLISM_OF_AMINE_DERIVED_HORMONES,OS,GSVA,1057,140,0.956342868585924,0.808545377731869,1.13115689914741,-0.521158982998569,0.60225602484798,1.01412386860411,0.867250214219645,0.327241127336391,0.80435266853229,0.969409309182875,REACTOME_METABOLISM,22
REACTOME|R-HSA-75876_SYNTHESIS_OF_VERY_LONG_CHAIN_FATTY_ACYL_COAS,OS,GSVA,1057,140,1.04714806586797,0.879355266117464,1.24695798626691,0.517061436669359,0.60511327240731,0.943844936881476,0.507213278053781,0.276557606710816,0.80435266853229,0.776426479482326,REACTOME_METABOLISM,20
REACTOME|R-HSA-611105_RESPIRATORY_ELECTRON_TRANSPORT,OS,GSVA,1057,140,0.956161011536357,0.806322008353047,1.13384463094294,-0.51550772612782,0.606198272049244,1.04667138981384,0.59422955352168,0.332007217899477,0.80435266853229,0.827008946243001,REACTOME_METABOLISM,126
HUMANGEM|STEROID_METABOLISM,OS,GSVA,1057,140,0.954609449963233,0.799108087100102,1.14037039127718,-0.512062502854329,0.608607266511012,0.932617618306534,0.445247581682611,0.45302781904006,0.80435266853229,0.751533225915218,HUMANGEM_SUBSYSTEM,60
REACTOME|R-HSA-3322077_GLYCOGEN_SYNTHESIS,OS,GSVA,1057,140,1.0441126636133,0.884769452226168,1.23215290895801,0.510932149567647,0.609398568247123,1.03198055299988,0.702211845322053,0.0831747737586678,0.80435266853229,0.892908352837626,REACTOME_METABOLISM,14
REACTOME|R-HSA-196071_METABOLISM_OF_STEROID_HORMONES,OS,GSVA,1057,140,0.955516410450051,0.802102203543584,1.1382734103033,-0.509591108338362,0.610337954514451,0.938570714628922,0.47465863673377,0.074275066428825,0.80435266853229,0.756065660139925,REACTOME_METABOLISM,34
KEGG|hsa00190_OXIDATIVE_PHOSPHORYLATION,OS,GSVA,1057,140,0.957127477412407,0.806554750472779,1.13581007052634,-0.501765734808146,0.61583231876977,1.04851036248086,0.584091026662182,0.11847508612284,0.808915058978114,0.821442503927733,KEGG_METABOLISM,103
REACTOME|R-HSA-975634_RETINOID_METABOLISM_AND_TRANSPORT,OS,GSVA,1057,140,0.959373457530926,0.815096365251379,1.12918848648158,-0.498795386116137,0.617923538299379,0.93007285554294,0.372383020338139,0.107501877321655,0.808992000799844,0.695814282134175,REACTOME_METABOLISM,43
HUMANGEM|ALANINE_ASPARTATE_AND_GLUTAMATE_METABOLISM,OS,GSVA,1057,140,0.959062120915181,0.81257346405958,1.13195937654553,-0.49428125426535,0.621107562100544,1.01421596282096,0.865968538394912,0.398172970738959,0.8104944580853,0.969409309182875,HUMANGEM_SUBSYSTEM,32
KEGG|hsa01232_NUCLEOTIDE_METABOLISM,OS,GSVA,1057,140,0.958080931357358,0.806771091268947,1.13776891731063,-0.488289114885757,0.625345070491946,1.02483605453913,0.783476428218162,0.152195512393505,0.813357313907826,0.942509888588651,KEGG_METABOLISM,71
CURATED|CURATED_SERINE_GLYCINE,OS,GSVA,1057,140,1.04394086645728,0.875701712087444,1.24450200064328,0.479624027307542,0.631494758194699,1.11350289827179,0.214972777531247,0.0472641600037396,0.818422127312296,0.546227265172521,CURATED_SIGNATURE,16
REACTOME|R-HSA-9033658_BLOOD_GROUP_SYSTEMS_BIOSYNTHESIS,OS,GSVA,1057,140,1.0422085039971,0.878248791842822,1.23677775123916,0.473398390453512,0.635928977970498,0.98348320080147,0.844393760437918,0.049972490751166,0.818422127312296,0.967136473940111,REACTOME_METABOLISM,20
REACTOME|R-HSA-71288_CREATINE_METABOLISM,OS,GSVA,1057,140,1.04297218826558,0.875204023071091,1.24289989170576,0.470232892017851,0.638188636819099,1.06643404860185,0.456094693540106,0.0298894513961525,0.818422127312296,0.751533225915218,REACTOME_METABOLISM,11
HUMANGEM|ASCORBATE_AND_ALDARATE_METABOLISM,OS,GSVA,1057,140,0.961210632630147,0.814730536226938,1.13402633042331,-0.468989776601671,0.639076943579847,1.02876901596071,0.728042069195715,0.536794774947285,0.818422127312296,0.896888129320046,HUMANGEM_SUBSYSTEM,10
HUMANGEM|N_GLYCAN_METABOLISM,OS,GSVA,1057,140,1.04039066688709,0.881523431732558,1.22788878977202,0.468368894793926,0.639520808025437,1.12943452280451,0.145733782310116,0.0342832340652547,0.818422127312296,0.46939787130115,HUMANGEM_SUBSYSTEM,68
REACTOME|R-HSA-2564830_CYTOSOLIC_IRON_SULFUR_CLUSTER_ASSEMBLY,OS,GSVA,1057,140,1.04269018543306,0.874116016156183,1.24377405596488,0.46463143778901,0.642195414947071,1.11512508671513,0.209762517801838,0.465498246324828,0.819210817785045,0.544592852889741,REACTOME_METABOLISM,11
KEGG|hsa00520_AMINO_SUGAR_AND_NUCLEOTIDE_SUGAR_METABOLISM,OS,GSVA,1057,140,1.04076416471862,0.877589027898126,1.23427938605471,0.459222810867822,0.646074171441943,1.14423763598508,0.125628351891759,0.00445675220417534,0.821525623750458,0.447697708308673,KEGG_METABOLISM,37
REACTOME|R-HSA-199220_VITAMIN_B5_PANTOTHENATE_METABOLISM,OS,GSVA,1057,140,0.959842759255467,0.803604710657185,1.14645684660275,-0.452162961656747,0.651151588563493,1.01490358134754,0.867855323796778,0.816328154019097,0.825007437173009,0.969409309182875,REACTOME_METABOLISM,20
REACTOME|R-HSA-1483191_SYNTHESIS_OF_PC,OS,GSVA,1057,140,1.03844400907016,0.880990317129836,1.22403837931716,0.449656491994332,0.652958147511301,1.10684227209532,0.206745811488807,0.326782950362011,0.825007437173009,0.544592852889741,REACTOME_METABOLISM,28
HUMANGEM|GLUTATHIONE_METABOLISM,OS,GSVA,1057,140,1.0385558648072,0.877978321878314,1.22850218216997,0.441456692335794,0.658882407516975,1.10439137985052,0.24705114349102,0.247870156709,0.827921028405923,0.565093994881758,HUMANGEM_SUBSYSTEM,30
HUMANGEM|STARCH_AND_SUCROSE_METABOLISM,OS,GSVA,1057,140,1.0390647072298,0.875835481632343,1.23271492015639,0.439496877088568,0.660301544355523,1.00124575526062,0.988142845157373,0.349163465100121,0.827921028405923,0.996583373446473,HUMANGEM_SUBSYSTEM,25
KEGG|hsa01100_METABOLIC_PATHWAYS,OS,GSVA,1057,140,0.963795164693432,0.817130742776998,1.13678395739902,-0.4378365944972,0.661504741289155,1.07533091617184,0.39043951968877,0.160278815700588,0.827921028405923,0.716713276642169,KEGG_METABOLISM,1421
KEGG|hsa00360_PHENYLALANINE_METABOLISM,OS,GSVA,1057,140,0.962483432152055,0.808350184873795,1.1460062414804,-0.429444621342398,0.667599686956135,0.990934906202152,0.915326057644518,0.980304287479395,0.830598334889577,0.972672949249796,KEGG_METABOLISM,16
REACTOME|R-HSA-1482925_ACYL_CHAIN_REMODELLING_OF_PG,OS,GSVA,1057,140,0.962422495371879,0.806966448227891,1.14782598660936,-0.426127004703971,0.670015303535534,0.936781727293864,0.454577720684335,0.987104908310487,0.830598334889577,0.751533225915218,REACTOME_METABOLISM,17
KEGG|hsa00061_FATTY_ACID_BIOSYNTHESIS,OS,GSVA,1057,140,0.963664244560893,0.812392906013434,1.14310301009664,-0.424834131879666,0.670957594164378,0.951019390033021,0.570392537291851,0.277907583765699,0.830598334889577,0.805022091638854,KEGG_METABOLISM,17
HUMANGEM|GLYCOSPHINGOLIPID_METABOLISM,OS,GSVA,1057,140,1.03676575068792,0.877162506821732,1.22540944629993,0.423330742154585,0.672053967745032,1.06705974978082,0.444972014679128,0.305631109273113,0.830598334889577,0.751533225915218,HUMANGEM_SUBSYSTEM,54
KEGG|hsa00515_MANNOSE_TYPE_O_GLYCAN_BIOSYNTHESIS,OS,GSVA,1057,140,1.03809140794711,0.872107134124732,1.23566673071096,0.42055706918254,0.674078548164154,1.03236061978353,0.712107790831818,0.676371842869484,0.830598334889577,0.892980445922878,KEGG_METABOLISM,16
KEGG|hsa00140_STEROID_HORMONE_BIOSYNTHESIS,OS,GSVA,1057,140,0.963619138958074,0.808611298649352,1.14834141758507,-0.414168305302941,0.678750851829016,0.972641596968227,0.753424365181443,0.855073063259006,0.833774194530705,0.91982483847305,KEGG_METABOLISM,61
KEGG|hsa00860_PORPHYRIN_METABOLISM,OS,GSVA,1057,140,0.966145709618048,0.814607599415027,1.14587383285359,-0.395664665351983,0.692352425636592,1.0880627588908,0.328679913543351,0.161996330113518,0.84786543201035,0.664033530914993,KEGG_METABOLISM,43
KEGG|hsa00330_ARGININE_AND_PROLINE_METABOLISM,OS,GSVA,1057,140,1.03457007271525,0.872549618035231,1.22667549585109,0.391097914773845,0.695724861906544,1.1037372583734,0.242867930957037,0.0313061800577772,0.8493818866221,0.558736627288444,KEGG_METABOLISM,45
REACTOME|R-HSA-9969896_LANOSTEROL_BIOSYNTHESIS,OS,GSVA,1057,140,1.03412067585941,0.872061975567334,1.22629538060548,0.385816000746664,0.699632944207174,1.10088248478058,0.267358033890758,0.0023405870039487,0.849584307776642,0.584662074112757,REACTOME_METABOLISM,13
KEGG|hsa00040_PENTOSE_AND_GLUCURONATE_INTERCONVERSIONS,OS,GSVA,1057,140,1.03276576157548,0.874645039951644,1.21947197956048,0.380263161655804,0.70375007798219,1.13600433387092,0.137183434819725,0.577405673935249,0.849584307776642,0.451231463291326,KEGG_METABOLISM,33
REACTOME|R-HSA-2046104_ALPHA_LINOLENIC_OMEGA3_AND_LINOLEIC_OMEGA6_ACID_METABOLISM,OS,GSVA,1057,140,0.969102667610701,0.824035321669544,1.13970840287208,-0.379348349932264,0.704429199915306,0.99999176070818,0.999922045724455,0.746497239481613,0.849584307776642,0.999922045724455,REACTOME_METABOLISM,13
REACTOME|R-HSA-2046106_ALPHA_LINOLENIC_ACID_ALA_METABOLISM,OS,GSVA,1057,140,0.969102667610701,0.824035321669544,1.13970840287208,-0.379348349932264,0.704429199915306,0.99999176070818,0.999922045724455,0.746497239481613,0.849584307776642,0.999922045724455,REACTOME_METABOLISM,13
REACTOME|R-HSA-1855204_SYNTHESIS_OF_IP3_AND_IP4_IN_THE_CYTOSOL,OS,GSVA,1057,140,1.03249278944255,0.869230372939848,1.22641982314236,0.364117679846903,0.71577013511436,0.99264665125709,0.930210324546755,0.770393058268584,0.860654120167719,0.97427291886739,REACTOME_METABOLISM,28
REACTOME|R-HSA-73614_PYRIMIDINE_SALVAGE,OS,GSVA,1057,140,1.03347811020916,0.864313102586929,1.23575241551318,0.361077501866142,0.718041511230626,1.10649574340334,0.249549033656637,0.058115555015793,0.860784703222257,0.567545802259093,REACTOME_METABOLISM,10
HUMANGEM|CHOLESTEROL_BIOSYNTHESIS_1_BLOCH_PATHWAY_,OS,GSVA,1057,140,1.03064628445855,0.872919340402306,1.21687275616858,0.35620310255585,0.721688468627151,1.10393814433226,0.254547869377199,0.00815907185141027,0.862558590130949,0.572373175209748,HUMANGEM_SUBSYSTEM,16
REACTOME|R-HSA-196854_METABOLISM_OF_VITAMINS_AND_COFACTORS,OS,GSVA,1057,140,1.0307896865205,0.868085920851491,1.22398872313792,0.345989047171624,0.729350946089379,1.05175759732468,0.568898194189084,0.139203446800637,0.868915540102334,0.805022091638854,REACTOME_METABOLISM,182
REACTOME|R-HSA-196791_VITAMIN_D_CALCIFEROL_METABOLISM,OS,GSVA,1057,140,0.969593519736316,0.812879469669817,1.15652028202474,-0.343298867110393,0.731373633000708,0.897868776675503,0.216993740926386,0.443815000141525,0.868915540102334,0.546604486637352,REACTOME_METABOLISM,12
HUMANGEM|CYSTEINE_AND_METHIONINE_METABOLISM,OS,GSVA,1057,140,1.03109033920278,0.863962296136085,1.23054824539456,0.339334800101261,0.734357529507962,1.01656914077057,0.845636916912459,0.359148618183452,0.869243128390947,0.967136473940111,HUMANGEM_SUBSYSTEM,41
HUMANGEM|PANTOTHENATE_AND_COA_METABOLISM,OS,GSVA,1057,140,0.971877185443178,0.823354996384507,1.14719078372344,-0.337131963816527,0.73601742278329,0.99731606943189,0.975228457074274,0.872241903496798,0.869243128390947,0.98963218503143,HUMANGEM_SUBSYSTEM,13
HUMANGEM|PYRIMIDINE_METABOLISM,OS,GSVA,1057,140,0.971278593506079,0.816976511962771,1.15472365776672,-0.330157277754273,0.741281125919172,1.10025891455374,0.280538555115301,0.111558603990223,0.869250916060785,0.587654447030999,HUMANGEM_SUBSYSTEM,57
REACTOME|R-HSA-15869_METABOLISM_OF_NUCLEOTIDES,OS,GSVA,1057,140,1.02958530771715,0.865527226884518,1.22474010399728,0.329233907891215,0.741978895473137,1.09245208470588,0.324288108090587,0.0403653516200891,0.869250916060785,0.661880343692582,REACTOME_METABOLISM,86
REACTOME|R-HSA-428157_SPHINGOLIPID_METABOLISM,OS,GSVA,1057,140,0.973305224428362,0.827122561099484,1.14532368533181,-0.325864712056694,0.744526715344307,1.05964848911922,0.48477684744319,0.795957382573501,0.869250916060785,0.758683342794265,REACTOME_METABOLISM,93
HUMANGEM|GLYCOLYSIS_GLUCONEOGENESIS,OS,GSVA,1057,140,1.02850421702232,0.868399956041396,1.21812641407166,0.325556132023494,0.744760206976703,1.01932338669895,0.821706604593443,0.144923242825536,0.869250916060785,0.957293971347496,HUMANGEM_SUBSYSTEM,68
KEGG|hsa00532_GLYCOSAMINOGLYCAN_BIOSYNTHESIS_CHONDROITIN_SULFATE_DERMATAN_SULFATE,OS,GSVA,1057,140,1.02904596823584,0.86290416183397,1.22717637899883,0.318706093302023,0.749949393643334,1.00867466923689,0.921911688102409,0.849649664865464,0.869854566786483,0.97295632058645,KEGG_METABOLISM,21
KEGG|hsa00565_ETHER_LIPID_METABOLISM,OS,GSVA,1057,140,0.972641254954454,0.819982669604037,1.15372073814219,-0.318454046111506,0.750140547445032,0.881926009639832,0.146307748014076,0.950168271928739,0.869854566786483,0.46939787130115,KEGG_METABOLISM,42
KEGG|hsa01524_PLATINUM_DRUG_RESISTANCE,OS,GSVA,1057,140,1.02697412278171,0.870786407081715,1.21117628879604,0.316221884534663,0.751834097926006,0.981035814966087,0.82388500178776,0.655398903408871,0.869854566786483,0.957293971347496,KEGG_METABOLISM,72
HUMANGEM|ETHER_LIPID_METABOLISM,OS,GSVA,1057,140,0.97286343170214,0.815222671513497,1.16098740849063,-0.30502278488031,0.76034879889552,0.866178408843553,0.100015439990334,0.798535476096107,0.877156005682368,0.413978341221523,HUMANGEM_SUBSYSTEM,31
REACTOME|R-HSA-1428517_AEROBIC_RESPIRATION_AND_RESPIRATORY_ELECTRON_TRANSPORT,OS,GSVA,1057,140,0.974403461340213,0.822892945810283,1.15380999473373,-0.300725836089373,0.763623565864191,1.06877343442108,0.438838394081161,0.34460574746364,0.878387801196381,0.751533225915218,REACTOME_METABOLISM,198
KEGG|hsa00250_ALANINE_ASPARTATE_AND_GLUTAMATE_METABOLISM,OS,GSVA,1057,140,1.02581680368633,0.867291872102451,1.2133171641218,0.297605987590443,0.766003904113863,1.10854237291927,0.227732107125831,0.226095474767908,0.878586610482182,0.547967789226243,KEGG_METABOLISM,35
KEGG_EXTRA|hsa04933_AGE_RAGE_SIGNALING_PATHWAY_IN_DIABETIC_COMPLICATIONS,OS,GSVA,1057,140,1.02603598225506,0.864053925080678,1.21838441597707,0.293194422507886,0.769373547056917,0.909241488465145,0.272171632576005,0.447925309611198,0.879915723358199,0.585536809541892,KEGG_CLAIM_SPECIFIC,98
REACTOME|R-HSA-209968_THYROXINE_BIOSYNTHESIS,OS,GSVA,1057,140,0.975886224849362,0.820147776939508,1.16119795801261,-0.275174105492237,0.783182480120144,1.02406841909316,0.783846163625235,0.186724050213599,0.893015103598582,0.942509888588651,REACTOME_METABOLISM,14
REACTOME|R-HSA-1483166_SYNTHESIS_OF_PA,OS,GSVA,1057,140,1.02352669203639,0.865829689596911,1.20994567626651,0.272399587816077,0.785314789596743,1.01320428750595,0.87408614168394,0.916900388868074,0.893015103598582,0.969409309182875,REACTOME_METABOLISM,34
HUMANGEM|FATTY_ACID_BIOSYNTHESIS_UNSATURATED_,OS,GSVA,1057,140,1.02199417842317,0.865762068642641,1.20641933686053,0.257029021733792,0.797156369388262,0.947180774668623,0.522515014359087,0.385201189162145,0.898776869735207,0.778162443693174,HUMANGEM_SUBSYSTEM,11
HUMANGEM|FATTY_ACID_ELONGATION_EVEN_CHAIN_,OS,GSVA,1057,140,1.02199417842317,0.865762068642641,1.20641933686053,0.257029021733792,0.797156369388262,0.947180774668623,0.522515014359087,0.385201189162145,0.898776869735207,0.778162443693174,HUMANGEM_SUBSYSTEM,11
HUMANGEM|FATTY_ACID_ELONGATION_ODD_CHAIN_,OS,GSVA,1057,140,1.02199417842317,0.865762068642641,1.20641933686053,0.257029021733792,0.797156369388262,0.947180774668623,0.522515014359087,0.385201189162145,0.898776869735207,0.778162443693174,HUMANGEM_SUBSYSTEM,11
REACTOME|R-HSA-189483_HEME_DEGRADATION,OS,GSVA,1057,140,1.0232154552195,0.856962987148875,1.22172122192036,0.253691218945831,0.799734118447564,1.11013737680843,0.234807322048933,0.0830085326199975,0.899015284744902,0.551671111830239,REACTOME_METABOLISM,15
HUMANGEM|GLYCOSPHINGOLIPID_BIOSYNTHESIS_GANGLIO_SERIES,OS,GSVA,1057,140,0.978139933487275,0.823032514957028,1.16247865314585,-0.250907672058346,0.801885492674473,1.04180079273761,0.63328336171306,0.0323019697224827,0.899015284744902,0.860227911132416,HUMANGEM_SUBSYSTEM,24
REACTOME|R-HSA-8956321_NUCLEOTIDE_SALVAGE,OS,GSVA,1057,140,1.01984683526218,0.853264892478464,1.21895038289125,0.215988052815074,0.828997060251452,1.05653357546368,0.535069291649978,0.0550482518651087,0.92401778226915,0.781188439286737,REACTOME_METABOLISM,21
REACTOME|R-HSA-71403_CITRIC_ACID_CYCLE_TCA_CYCLE_,OS,GSVA,1057,140,1.01877448411261,0.85910187616965,1.20812383055947,0.213862903224055,0.830653969855532,1.13775505397381,0.132734496433225,0.538828292835549,0.92401778226915,0.447697708308673,REACTOME_METABOLISM,30
REACTOME|R-HSA-1475029_REVERSIBLE_HYDRATION_OF_CARBON_DIOXIDE,OS,GSVA,1057,140,0.982009070826713,0.829209401566175,1.16296536600349,-0.210392804564809,0.833361108105505,0.959660350434165,0.635988285623755,0.623969090925178,0.92401778226915,0.860963733599505,REACTOME_METABOLISM,12
REACTOME|R-HSA-70895_BRANCHED_CHAIN_AMINO_ACID_CATABOLISM,OS,GSVA,1057,140,0.981069845659856,0.82096441621243,1.17239922103274,-0.210249014665244,0.83347332621765,1.12827686990369,0.167088380478001,0.212478598380026,0.92401778226915,0.488979231104739,REACTOME_METABOLISM,23
REACTOME|R-HSA-196849_METABOLISM_OF_WATER_SOLUBLE_VITAMINS_AND_COFACTORS,OS,GSVA,1057,140,0.984044342856042,0.828386831723537,1.16895058156858,-0.183083409903028,0.854732572736313,0.999450146899814,0.994991441600595,0.666021130062535,0.943217515116214,0.999922045724455,REACTOME_METABOLISM,112
REACTOME|R-HSA-163560_TRIGLYCERIDE_CATABOLISM,OS,GSVA,1057,140,1.01618046463055,0.854923337390503,1.20785419175554,0.182065319664714,0.855531464715963,0.956597741329267,0.607747823291982,0.583205945706316,0.943217515116214,0.839440840080007,REACTOME_METABOLISM,24
KEGG|hsa00100_STEROID_BIOSYNTHESIS,OS,GSVA,1057,140,1.01437116404852,0.865765764242299,1.1884841153931,0.17654846156405,0.85986307972182,1.0500357701968,0.566602729644111,0.0469979381296573,0.945374325219017,0.805022091638854,KEGG_METABOLISM,18
HUMANGEM|ANDROGEN_METABOLISM,OS,GSVA,1057,140,0.985691925700439,0.832739219131872,1.16673809767711,-0.167511739383117,0.866967411344867,0.975734195423926,0.776745709955871,0.438892423484212,0.946810132041827,0.93964982541774,HUMANGEM_SUBSYSTEM,22
REACTOME|R-HSA-9840309_GLYCOSPHINGOLIPID_BIOSYNTHESIS,OS,GSVA,1057,140,1.01383305065556,0.861925353988762,1.19251330738202,0.165883188859807,0.868248877540013,0.968817821265739,0.701836214839348,0.687724404058195,0.946810132041827,0.892908352837626,REACTOME_METABOLISM,19
REACTOME|R-HSA-8957322_METABOLISM_OF_STEROIDS,OS,GSVA,1057,140,1.01458743458293,0.854955402748831,1.20402498083984,0.165810891802694,0.868305774359967,1.01881967083782,0.832842855324525,0.236323337227361,0.946810132041827,0.958749712459506,REACTOME_METABOLISM,147
REACTOME|R-HSA-156588_GLUCURONIDATION,OS,GSVA,1057,140,1.0136938832651,0.854809163377488,1.20211075523448,0.15637149124256,0.875740207413457,1.06648459147558,0.466174844079643,0.739301494255568,0.947477559590856,0.756065660139925,REACTOME_METABOLISM,25
HALLMARK|HALLMARK_HEME_METABOLISM,OS,GSVA,1057,140,1.01378892047826,0.852657162538092,1.20537071690706,0.155071164659974,0.876765214435063,1.14431981147584,0.120735456730211,0.93337624995536,0.947477559590856,0.447697708308673,HALLMARK_METABOLIC,190
KEGG|hsa00640_PROPANOATE_METABOLISM,OS,GSVA,1057,140,0.98678089663683,0.832498505564141,1.16965559872992,-0.153409825114111,0.878075097280503,1.08051097698828,0.362788440836419,0.39193438319515,0.947477559590856,0.681083959683465,KEGG_METABOLISM,31
KEGG|hsa01240_BIOSYNTHESIS_OF_COFACTORS,OS,GSVA,1057,140,0.987154830936758,0.835488016427305,1.16635384479697,-0.151906314796076,0.879260827612066,1.11839449593372,0.201896931464142,0.207998134474314,0.947477559590856,0.541311926131406,KEGG_METABOLISM,139
HUMANGEM|SPHINGOLIPID_METABOLISM,OS,GSVA,1057,140,1.01236417483254,0.860992600415259,1.1903484675595,0.148712819382965,0.881780245320499,1.08009417745425,0.35625073765883,0.151672037844571,0.947477559590856,0.681083959683465,HUMANGEM_SUBSYSTEM,103
KEGG|hsa00450_SELENOCOMPOUND_METABOLISM,OS,GSVA,1057,140,1.01209695900805,0.86208912864364,1.18820690390213,0.146912046026768,0.883201443739215,1.11557845628485,0.202651952245175,0.405544642997134,0.947477559590856,0.541311926131406,KEGG_METABOLISM,13
KEGG|hsa00430_TAURINE_AND_HYPOTAURINE_METABOLISM,OS,GSVA,1057,140,1.01134810998803,0.853679127379345,1.19813752822592,0.130496252190079,0.896173819108325,1.02988672794427,0.730130034923857,0.378387549266532,0.958809623669659,0.896888129320046,KEGG_METABOLISM,16
HALLMARK|HALLMARK_REACTIVE_OXYGEN_SPECIES_PATHWAY,OS,GSVA,1057,140,1.01058335555891,0.854266094328038,1.19550421737859,0.122794228633536,0.902270044556761,1.05379681218036,0.535840311370049,0.040076988725936,0.962743908132951,0.781188439286737,HALLMARK_METABOLIC,45
REACTOME|R-HSA-9865881_COMPLEX_III_ASSEMBLY,OS,GSVA,1057,140,1.01019040094181,0.850330882070911,1.20010300422074,0.115355375698999,0.908163447803457,1.07097278817979,0.423404025795506,0.534429570569249,0.965141640447652,0.74251818008102,REACTOME_METABOLISM,20
REACTOME|R-HSA-8979227_TRIGLYCERIDE_METABOLISM,OS,GSVA,1057,140,1.00986952399605,0.852761376630963,1.19592242735608,0.113836853584442,0.909367123537361,0.946834590618141,0.515981275325969,0.18015247234264,0.965141640447652,0.778162443693174,REACTOME_METABOLISM,36
REACTOME|R-HSA-200425_CARNITINE_SHUTTLE,OS,GSVA,1057,140,1.00953576413239,0.850537319554847,1.19825719063777,0.108541319233094,0.913566306094368,1.10977050131944,0.227539121167699,0.925972165078367,0.967019653791379,0.547967789226243,REACTOME_METABOLISM,14
REACTOME|R-HSA-202131_METABOLISM_OF_NITRIC_OXIDE_NOS3_ACTIVATION_AND_REGULATION,OS,GSVA,1057,140,1.00884199672901,0.850812467219354,1.19622386081207,0.101276524383598,0.919330951190421,1.10093646507337,0.266144986744078,0.649253101201195,0.970540367569728,0.584662074112757,REACTOME_METABOLISM,19
KEGG|hsa00380_TRYPTOPHAN_METABOLISM,OS,GSVA,1057,140,0.992717947932988,0.836404334180734,1.17824464063016,-0.0836086659228688,0.93336757665434,1.02500578033418,0.766108410399037,0.390707039277238,0.980697024026582,0.929607156520783,KEGG_METABOLISM,39
HALLMARK|HALLMARK_ADIPOGENESIS,OS,GSVA,1057,140,0.99311028488244,0.843459398058932,1.1693129985972,-0.0829644217111131,0.933879829412248,1.0695076053273,0.423496549945707,0.253127301173164,0.980697024026582,0.74251818008102,HALLMARK_METABOLIC,189
REACTOME|R-HSA-2024101_CS_DS_DEGRADATION,OS,GSVA,1057,140,1.00644038987318,0.845644181156276,1.19781142109093,0.0722825918443118,0.942377018150189,0.922619448596568,0.347573091108367,0.0291186411533178,0.98701592953625,0.681083959683465,REACTOME_METABOLISM,20
REACTOME|R-HSA-74259_PURINE_CATABOLISM,OS,GSVA,1057,140,1.00616167644402,0.841547455706016,1.20297591333732,0.0673912717513562,0.94627021752714,0.994732440453386,0.952694294970587,0.00830487227072833,0.987868905988952,0.987904238890274,REACTOME_METABOLISM,15
KEGG|hsa00220_ARGININE_BIOSYNTHESIS,OS,GSVA,1057,140,0.994392778362252,0.839358143261032,1.17806326846047,-0.0650231312688607,0.948155583135125,1.05885134943185,0.495125817323361,0.486983956876123,0.987868905988952,0.760849711562539,KEGG_METABOLISM,22
REACTOME|R-HSA-75109_TRIGLYCERIDE_BIOSYNTHESIS,OS,GSVA,1057,140,1.00530513992877,0.848735833670427,1.19075734082843,0.0612562746894821,0.951155113113542,0.971063318395684,0.725782242737951,0.166441171342874,0.988406618849059,0.896888129320046,REACTOME_METABOLISM,12
REACTOME|R-HSA-2024096_HS_GAG_DEGRADATION,OS,GSVA,1057,140,0.995267885631765,0.839392873812841,1.18008884167724,-0.0545810546796227,0.956472232431647,0.984166053579882,0.851161687556168,0.636199869595673,0.991343615905717,0.969409309182875,REACTOME_METABOLISM,19
REACTOME|R-HSA-191273_CHOLESTEROL_BIOSYNTHESIS,OS,GSVA,1057,140,1.00394884469924,0.851782857082485,1.18329838924586,0.0469960610572276,0.962516366882741,1.06141069616388,0.48512313198242,0.00329264188828515,0.993389255746452,0.758683342794265,REACTOME_METABOLISM,24
HUMANGEM|ACYLGLYCERIDES_METABOLISM,OS,GSVA,1057,140,1.00355097263062,0.850199857345519,1.1845621308527,0.0418961622458192,0.966581475797755,1.05419199610185,0.525126512028388,0.0249972419090106,0.993389255746452,0.778162443693174,HUMANGEM_SUBSYSTEM,38
KEGG|hsa00130_UBIQUINONE_AND_OTHER_TERPENOID_QUINONE_BIOSYNTHESIS,OS,GSVA,1057,140,1.00302232467678,0.847634773570038,1.18689536480759,0.0351396765905567,0.971968363591628,1.14946848940321,0.10089927694722,0.631037069137227,0.993389255746452,0.413978341221523,KEGG_METABOLISM,12
KEGG|hsa00480_GLUTATHIONE_METABOLISM,OS,GSVA,1057,140,1.00269129400227,0.852666077673612,1.17911320432849,0.0325025587367945,0.974071275532315,1.01086319563872,0.898773957508746,0.218554355320716,0.993389255746452,0.969409309182875,KEGG_METABOLISM,56
KEGG|hsa00010_GLYCOLYSIS_GLUCONEOGENESIS,OS,GSVA,1057,140,0.997270280835899,0.842364789755587,1.18066189984874,-0.0317375012673518,0.974681388253722,1.01571724268062,0.854113074609879,0.0738345373144346,0.993389255746452,0.969409309182875,KEGG_METABOLISM,64
REACTOME|R-HSA-196108_PREGNENOLONE_BIOSYNTHESIS,OS,GSVA,1057,140,1.00282121736893,0.836258775543433,1.2025588530916,0.030400629102664,0.975747543137516,0.997422532268709,0.977199619892844,0.0635630843744806,0.993389255746452,0.98963218503143,REACTOME_METABOLISM,10
KEGG|hsa00240_PYRIMIDINE_METABOLISM,OS,GSVA,1057,140,1.00271223603409,0.841009473263881,1.19550594880995,0.0301874148927613,0.975917585419253,1.0825195692635,0.377226886485443,0.600141195655599,0.993389255746452,0.698308375912587,KEGG_METABOLISM,53
REACTOME|R-HSA-75105_FATTY_ACYL_COA_BIOSYNTHESIS,OS,GSVA,1057,140,1.00196138152348,0.844716205131643,1.18847798108477,0.022496937396357,0.982051554986676,0.95139385479702,0.562077047599876,0.306427570312017,0.995241789551603,0.805022091638854,REACTOME_METABOLISM,32
REACTOME|R-HSA-8964539_GLUTAMATE_AND_GLUTAMINE_METABOLISM,OS,GSVA,1057,140,1.00184006176092,0.848145219116753,1.183386390357,0.0216354539348691,0.982738751994422,1.11012026240671,0.212090181401784,0.845898797961776,0.995241789551603,0.544592852889741,REACTOME_METABOLISM,12
REACTOME|R-HSA-499943_INTERCONVERSION_OF_NUCLEOTIDE_DI_AND_TRIPHOSPHATES,OS,GSVA,1057,140,1.00133177801813,0.847652191411193,1.18287351796931,0.0156560707446373,0.987508773164847,1.08748063586478,0.341340971897995,0.157608138112178,0.995241806276162,0.676783338377799,REACTOME_METABOLISM,25
HALLMARK|HALLMARK_OXIDATIVE_PHOSPHORYLATION,OS,GSVA,1057,140,1.00133586425797,0.844556401820796,1.18721912578908,0.0153662565547641,0.987739983615789,1.08686737938245,0.334914231245796,0.179488153002475,0.995241806276162,0.669828462491592,HALLMARK_METABOLIC,182
REACTOME|R-HSA-156584_CYTOSOLIC_SULFONATION_OF_SMALL_MOLECULES,OS,GSVA,1057,140,1.00088005241706,0.84512685317172,1.18533788811327,0.0101930976322238,0.991867225604248,1.10221971649146,0.257987110948593,0.700540988710218,0.996876656036593,0.573624972947152,REACTOME_METABOLISM,16
REACTOME|R-HSA-193048_ANDROGEN_BIOSYNTHESIS,OS,GSVA,1057,140,0.999716701505566,0.847667514948867,1.1790395003275,-0.00336605685903122,0.997314280273081,0.978601462489273,0.793932720417869,0.00608731561937271,0.998587960682011,0.948908832895652,REACTOME_METABOLISM,11
HALLMARK|HALLMARK_CHOLESTEROL_HOMEOSTASIS,OS,GSVA,1057,140,1.00015334618238,0.843946101906276,1.1852732225676,0.0017697297634626,0.998587960682011,1.00283450844634,0.973917678699086,0.0815808726984283,0.998587960682011,0.98963218503143,HALLMARK_METABOLIC,72
KEGG|hsa00340_HISTIDINE_METABOLISM,PFI,GSVA,1057,136,0.745622061336021,0.628148340248188,0.885065234959173,-3.35582710994375,0.00079128018509539,0.737798032379512,0.000611736972530207,0.668589227057095,0.142294016458815,0.0811571050223408,KEGG_METABOLISM,20
KEGG|hsa00410_BETA_ALANINE_METABOLISM,PFI,GSVA,1057,136,0.746113415676967,0.627708416914504,0.886853217278068,-3.32195608807546,0.000893887603589129,0.765592084458575,0.00243994436601677,0.256180378405085,0.142294016458815,0.162315183409117,KEGG_METABOLISM,31
HUMANGEM|HISTIDINE_METABOLISM,PFI,GSVA,1057,136,0.767708124910146,0.652223657568619,0.903640581284871,-3.17820447408035,0.00148190202130552,0.736817299604725,0.000364909832194767,0.666842657739791,0.142294016458815,0.0811571050223408,HUMANGEM_SUBSYSTEM,40
REACTOME|R-HSA-1483213_SYNTHESIS_OF_PE,PFI,GSVA,1057,136,0.748107382512695,0.62334455473069,0.89784157336835,-3.11766611424869,0.00182289187106091,0.805531123880019,0.015410634880897,0.890166299991588,0.142294016458815,0.277338906084452,REACTOME_METABOLISM,11
HUMANGEM|PYRUVATE_METABOLISM,PFI,GSVA,1057,136,0.764274595018108,0.643896091058829,0.907158258453731,-3.07429738947592,0.00210998987120967,0.799380905823165,0.0117729433789166,0.428145333055324,0.142294016458815,0.277338906084452,HUMANGEM_SUBSYSTEM,44
REACTOME|R-HSA-211958_MISCELLANEOUS_SUBSTRATES,PFI,GSVA,1057,136,0.766350637340713,0.645263902521566,0.910159854065117,-3.03282357078346,0.00242277202314847,0.769655629428077,0.00244696256395654,0.0206577676739509,0.142294016458815,0.162315183409117,REACTOME_METABOLISM,12
HALLMARK|HALLMARK_BILE_ACID_METABOLISM,PFI,GSVA,1057,136,0.770219238803306,0.647793728952062,0.915781751673369,-2.95614361135029,0.00311512007467741,0.814358665718066,0.0167239541357459,0.0220213680676606,0.142294016458815,0.277338906084452,HALLMARK_METABOLIC,111
HUMANGEM|NUCLEOTIDE_METABOLISM,PFI,GSVA,1057,136,1.30987702735824,1.09495821514124,1.56698018524802,2.95211403123504,0.0031560635632491,1.26681311369203,0.00728859565901381,0.237139997899384,0.142294016458815,0.241738422690625,HUMANGEM_SUBSYSTEM,138
REACTOME|R-HSA-2142753_ARACHIDONATE_METABOLISM,PFI,GSVA,1057,136,0.766843918256388,0.642695202179187,0.91497430348462,-2.94613648108629,0.0032177038897722,0.800834829493986,0.00976691858431847,0.703811189912155,0.142294016458815,0.277338906084452,REACTOME_METABOLISM,58
REACTOME|R-HSA-2022870_CS_GAG_BIOSYNTHESIS,PFI,GSVA,1057,136,1.3037322489664,1.09022024106908,1.55905909004975,2.90661989426132,0.00365356856765243,1.24042909609966,0.0133627604704572,0.618717654836517,0.142701919130438,0.277338906084452,REACTOME_METABOLISM,21
HUMANGEM|KERATAN_SULFATE_BIOSYNTHESIS,PFI,GSVA,1057,136,1.29239553959071,1.08331090545202,1.54183459461901,2.84875300187821,0.00438909405426474,1.23196080864686,0.0166734594362153,0.0697926139320804,0.142701919130438,0.277338906084452,HUMANGEM_SUBSYSTEM,20
HUMANGEM|VITAMIN_D_METABOLISM,PFI,GSVA,1057,136,0.77371531150132,0.64809545150388,0.923683975658947,-2.83824499108922,0.0045362350308549,0.733122181781446,0.000426511621487163,0.196838595603821,0.142701919130438,0.0811571050223408,HUMANGEM_SUBSYSTEM,10
REACTOME|R-HSA-71384_ETHANOL_OXIDATION,PFI,GSVA,1057,136,0.768804234393586,0.640688901111538,0.922538145730434,-2.8268934064247,0.00470019705726584,0.82938751296854,0.0348558364385833,0.222290371834733,0.142701919130438,0.312271193776476,REACTOME_METABOLISM,12
REACTOME|R-HSA-211979_EICOSANOIDS,PFI,GSVA,1057,136,0.781346220751999,0.656505151627306,0.929927076992703,-2.77793347231229,0.00547058176570278,0.775952238370945,0.00314033287346179,0.0410988512978453,0.142701919130438,0.175989690330753,REACTOME_METABOLISM,12
REACTOME|R-HSA-71387_METABOLISM_OF_CARBOHYDRATES_AND_CARBOHYDRATE_DERIVATIVES,PFI,GSVA,1057,136,1.27144501700445,1.07264310624095,1.50709254724125,2.76837475571928,0.00563366341593982,1.25111121602352,0.00790910627842181,0.0176881203229385,0.142701919130438,0.242140330677837,REACTOME_METABOLISM,286
REACTOME|R-HSA-2022854_KERATAN_SULFATE_BIOSYNTHESIS,PFI,GSVA,1057,136,1.28197982734197,1.07347260165513,1.53098670164265,2.74285267174465,0.00609080059062172,1.21483268180991,0.0267685304614515,0.457678365819841,0.142701919130438,0.312271193776476,REACTOME_METABOLISM,28
HUMANGEM|BLOOD_GROUP_BIOSYNTHESIS,PFI,GSVA,1057,136,1.28228650000282,1.07340910243291,1.53180987972128,2.74088701962795,0.00612735726966211,1.16345469790339,0.0762831215982037,0.230357725866678,0.142701919130438,0.385264315247595,HUMANGEM_SUBSYSTEM,16
REACTOME|R-HSA-8978868_FATTY_ACID_METABOLISM,PFI,GSVA,1057,136,0.788603370719836,0.664721066362854,0.935573291987726,-2.72378473753445,0.00645385563906504,0.826833772969733,0.0276452017459146,0.538463154809115,0.142701919130438,0.312271193776476,REACTOME_METABOLISM,165
REACTOME|R-HSA-211935_FATTY_ACIDS,PFI,GSVA,1057,136,0.787712990118295,0.662655710547976,0.936371248182553,-2.7053614313187,0.00682301077739875,0.782652809268542,0.00441169453829965,0.0255887665718224,0.142924120494984,0.195094936249251,REACTOME_METABOLISM,16
REACTOME|R-HSA-74259_PURINE_CATABOLISM,PFI,GSVA,1057,136,1.27756456052794,1.06766666933407,1.52872732023654,2.67502200714216,0.00747243448736166,1.24135537610393,0.0143714743423814,0.0575446012075462,0.148701446298497,0.277338906084452,REACTOME_METABOLISM,15
HUMANGEM|BETA_ALANINE_METABOLISM,PFI,GSVA,1057,136,0.796235919370544,0.671505408350753,0.944134822164674,-2.62133045845292,0.00875873155060109,0.785499129510708,0.00594677092050436,0.0764841152839983,0.16599881700663,0.22513212947542,HUMANGEM_SUBSYSTEM,17
CURATED|CURATED_ANTIFOLATE_DETERMINANTS,PFI,GSVA,1057,136,1.24816240579885,1.0525236282436,1.48016571737142,2.54853159594777,0.010817748711491,1.19684140001583,0.036786218786843,0.715792866941898,0.195702908507883,0.312271193776476,CURATED_SIGNATURE,10
REACTOME|R-HSA-211897_CYTOCHROME_P450_ARRANGED_BY_SUBSTRATE_TYPE,PFI,GSVA,1057,136,0.803816923198196,0.678042434895734,0.952922136973877,-2.51544403710838,0.0118882549340295,0.778584618773838,0.00353748121267846,0.183630164105146,0.197722582596563,0.175989690330753,REACTOME_METABOLISM,65
REACTOME|R-HSA-2142691_SYNTHESIS_OF_LEUKOTRIENES_LT_AND_EOXINS_EX_,PFI,GSVA,1057,136,0.805122351917501,0.679955899083435,0.953329476854243,-2.51441601106541,0.0119229698048179,0.848344751700949,0.0501553881146193,0.247274056878217,0.197722582596563,0.356799885807465,REACTOME_METABOLISM,20
HUMANGEM|ARACHIDONIC_ACID_METABOLISM,PFI,GSVA,1057,136,0.800974595134984,0.672916614732892,0.953402380035323,-2.49687461335932,0.0125293250644609,0.831630005367221,0.031926985858895,0.502370104141541,0.199466855026218,0.312271193776476,HUMANGEM_SUBSYSTEM,104
HUMANGEM|SEROTONIN_AND_MELATONIN_BIOSYNTHESIS,PFI,GSVA,1057,136,0.804286119411809,0.676471855121894,0.956249926705295,-2.46664716093405,0.0136384673755129,0.82611532816655,0.0299409889076241,0.441512618530693,0.208100782589026,0.312271193776476,HUMANGEM_SUBSYSTEM,41
HUMANGEM|FATTY_ACID_ACTIVATION_ENDOPLASMIC_RETICULAR_,PFI,GSVA,1057,136,0.805386331209213,0.677291172422501,0.957707953255301,-2.44894992944092,0.0143273363428676,0.758745776778687,0.00234572796765554,0.0722568374274197,0.208100782589026,0.162315183409117,HUMANGEM_SUBSYSTEM,10
KEGG|hsa00590_ARACHIDONIC_ACID_METABOLISM,PFI,GSVA,1057,136,0.797563549805224,0.664679599686721,0.957013900047063,-2.43250594432996,0.014994745381369,0.815393911282624,0.0211536226378828,0.508597171405655,0.208100782589026,0.312271193776476,KEGG_METABOLISM,56
CONTROL|CONTROL_PROLIFERATION,PFI,GSVA,1057,136,1.24299920200582,1.04285469320542,1.48155541347578,2.4284594088839,0.0151631223494517,1.22508096416206,0.0220970065781447,0.794174005321406,0.208100782589026,0.312271193776476,CONTEXT_CONTROL,10
REACTOME|R-HSA-211859_BIOLOGICAL_OXIDATIONS,PFI,GSVA,1057,136,0.809820685749735,0.681905479725681,0.961730859432295,-2.40485607216858,0.0161788363050097,0.837013098219455,0.0387009933189484,0.853202240427836,0.214639228313129,0.312271193776476,REACTOME_METABOLISM,206
REACTOME|R-HSA-196757_METABOLISM_OF_FOLATE_AND_PTERINES,PFI,GSVA,1057,136,1.23410425690156,1.038682298854,1.46629370557575,2.39150168942773,0.0167796067373921,1.20090423340504,0.0358766846342847,0.000337904702534949,0.215428499402647,0.312271193776476,REACTOME_METABOLISM,16
REACTOME|R-HSA-211945_PHASE_I_FUNCTIONALIZATION_OF_COMPOUNDS,PFI,GSVA,1057,136,0.810866786281527,0.681845182516036,0.964302398776672,-2.37111480225621,0.0177345216458302,0.813583293311481,0.0184866525087237,0.383728278487857,0.216865864821076,0.294307507938882,REACTOME_METABOLISM,101
KEGG|hsa00533_GLYCOSAMINOGLYCAN_BIOSYNTHESIS_KERATAN_SULFATE,PFI,GSVA,1057,136,1.23385127306076,1.03671779015622,1.46846999105153,2.36600213848338,0.0179813405504913,1.1423753406626,0.125233134509406,0.564164820784714,0.216865864821076,0.461672096940942,KEGG_METABOLISM,14
HALLMARK|HALLMARK_GLYCOLYSIS,PFI,GSVA,1057,136,1.23081714571104,1.03539385872265,1.46312519956917,2.35429688677964,0.0185577825697619,1.24863567692257,0.0107300181499316,0.010614647393451,0.217235219493095,0.277338906084452,HALLMARK_METABOLIC,195
REACTOME|R-HSA-2022923_DS_GAG_BIOSYNTHESIS,PFI,GSVA,1057,136,1.22132139997281,1.0293448009709,1.44910234221285,2.29148804058037,0.0219352027829089,1.15448487522348,0.093249561665552,0.0570211811562434,0.24943459164565,0.421742335714656,REACTOME_METABOLISM,12
KEGG|hsa01250_BIOSYNTHESIS_OF_NUCLEOTIDE_SUGARS,PFI,GSVA,1057,136,1.21700909025934,1.02493340017945,1.44508035889409,2.24101848128995,0.0250248779029467,1.27072228218874,0.00622224478449653,0.00138867187704746,0.275207247203606,0.22513212947542,KEGG_METABOLISM,35
KEGG|hsa01040_BIOSYNTHESIS_OF_UNSATURATED_FATTY_ACIDS,PFI,GSVA,1057,136,0.829011140753195,0.703169466546529,0.977373882384636,-2.23245973880787,0.0255845933329985,0.823819515502695,0.0247054195228745,0.0257637577735386,0.275207247203606,0.312271193776476,KEGG_METABOLISM,23
HUMANGEM|OMEGA_3_FATTY_ACID_METABOLISM,PFI,GSVA,1057,136,0.831891430768777,0.706741513119539,0.979202918945373,-2.21265509773357,0.0269214333067923,0.833270957417543,0.0283588052036544,0.568899013292286,0.279766186071371,0.312271193776476,HUMANGEM_SUBSYSTEM,45
HUMANGEM|LEUKOTRIENE_METABOLISM,PFI,GSVA,1057,136,0.830848412818388,0.704699606101006,0.979579212342983,-2.20556781724446,0.0274142745145314,0.849598201802624,0.0552376230230595,0.594879022754452,0.279766186071371,0.367837571832037,HUMANGEM_SUBSYSTEM,170
REACTOME|R-HSA-156581_METHYLATION,PFI,GSVA,1057,136,0.826005764632389,0.693954460526179,0.983184865889625,-2.15080813901576,0.0314913464274344,0.809417210654964,0.0144238462482643,0.0182228605367482,0.305993774436802,0.277338906084452,REACTOME_METABOLISM,13
KEGG|hsa00730_THIAMINE_METABOLISM,PFI,GSVA,1057,136,0.832317494610979,0.704103462974902,0.983878717068872,-2.15042045559421,0.0315219717384645,0.853150067362398,0.0637260250239892,0.803160548998275,0.305993774436802,0.372984675875702,KEGG_METABOLISM,11
REACTOME|R-HSA-1630316_GLYCOSAMINOGLYCAN_METABOLISM,PFI,GSVA,1057,136,1.20406584683278,1.01444551424339,1.42913004508718,2.12404266507346,0.0336665761058692,1.16380384350185,0.0757149582294587,0.846790328079951,0.311153249145097,0.385264315247595,REACTOME_METABOLISM,131
REACTOME|R-HSA-9018678_BIOSYNTHESIS_OF_SPECIALIZED_PRORESOLVING_MEDIATORS_SPMS_,PFI,GSVA,1057,136,0.823723337886714,0.688658579044051,0.985277985385887,-2.12231953436413,0.0338109141656243,0.83017360894644,0.0378156042811513,0.618775329198932,0.311153249145097,0.312271193776476,REACTOME_METABOLISM,19
KEGG|hsa00071_FATTY_ACID_DEGRADATION,PFI,GSVA,1057,136,0.826358939937451,0.692499824847501,0.986092809142481,-2.11532604216269,0.0344021683780363,0.860931789885733,0.0917696423531338,0.136037056413029,0.311153249145097,0.419819743178704,KEGG_METABOLISM,41
REACTOME|R-HSA-556833_METABOLISM_OF_LIPIDS,PFI,GSVA,1057,136,0.833075755467191,0.702873492713029,0.987397051592307,-2.10627301718691,0.0351806437475612,0.876138344484712,0.116878732961337,0.855573206638549,0.311153249145097,0.44900810585618,REACTOME_METABOLISM,708
KEGG|hsa00770_PANTOTHENATE_AND_COA_BIOSYNTHESIS,PFI,GSVA,1057,136,0.834969914012035,0.70533309667137,0.988433352405258,-2.09514707295731,0.0361579205022638,0.836113063860393,0.0395884761528097,0.54435818573443,0.312281697534136,0.312271193776476,KEGG_METABOLISM,21
REACTOME|R-HSA-193368_SYNTHESIS_OF_BILE_ACIDS_AND_BILE_SALTS_VIA_7ALPHA_HYDROXYCHOLESTEROL,PFI,GSVA,1057,136,0.824743299619269,0.687413264736545,0.989508851749565,-2.0734932924518,0.0381263947127818,0.84636508317038,0.0583936483680946,0.167158579960317,0.312281697534136,0.372984675875702,REACTOME_METABOLISM,23
HUMANGEM|CHONDROITIN_HEPARAN_SULFATE_BIOSYNTHESIS,PFI,GSVA,1057,136,1.20362306822569,1.00987333437769,1.43454475036493,2.06971843006331,0.0384787198332823,1.19895328975934,0.0376204099622414,0.856284282789306,0.312281697534136,0.312271193776476,HUMANGEM_SUBSYSTEM,43
HUMANGEM|GLYCOSPHINGOLIPID_BIOSYNTHESIS_LACTO_AND_NEOLACTO_SERIES,PFI,GSVA,1057,136,1.20724731315964,1.00952606736067,1.44369335498344,2.06389427834046,0.0390277413643245,1.10982326553641,0.229246046404731,0.0185355351903386,0.312281697534136,0.608266176460552,HUMANGEM_SUBSYSTEM,26
REACTOME|R-HSA-8963693_ASPARTATE_AND_ASPARAGINE_METABOLISM,PFI,GSVA,1057,136,1.19994667278159,1.00854327296264,1.42767500029019,2.05595257809588,0.0397870873922883,1.21221586693873,0.0267983439288505,0.721186299002627,0.312281697534136,0.312271193776476,REACTOME_METABOLISM,11
HALLMARK|HALLMARK_HYPOXIA,PFI,GSVA,1057,136,1.20674864591175,1.00860090956544,1.44382409394939,2.05358374829525,0.0400159964176908,1.14076355923157,0.135284403828657,0.132412301737365,0.312281697534136,0.485073808322573,HALLMARK_METABOLIC,190
REACTOME|R-HSA-1482801_ACYL_CHAIN_REMODELLING_OF_PS,PFI,GSVA,1057,136,0.828999066938865,0.691919096142865,0.993236719172166,-2.03358816679613,0.0419931359129137,0.821000153670402,0.0241094061396326,0.550157202465117,0.317050210575959,0.312271193776476,REACTOME_METABOLISM,20
KEGG|hsa00500_STARCH_AND_SUCROSE_METABOLISM,PFI,GSVA,1057,136,1.19368829987689,1.00623745546912,1.41605915136472,2.03134258639782,0.0422202541721755,1.15774834050019,0.0788983384874339,0.0966952514613928,0.317050210575959,0.385264315247595,KEGG_METABOLISM,32
CURATED|CURATED_GLYCOLYSIS_CORE,PFI,GSVA,1057,136,1.19445894067205,1.00498595627465,1.4196538290347,2.01643936283533,0.0437540529157833,1.1891462732551,0.0468782430283933,0.0170629370935172,0.318868395501203,0.356799885807465,CURATED_SIGNATURE,29
KEGG|hsa00601_GLYCOSPHINGOLIPID_BIOSYNTHESIS_LACTO_AND_NEOLACTO_SERIES,PFI,GSVA,1057,136,1.20271739354905,1.00491426893777,1.43945525848135,2.01347456624222,0.0440647280215231,1.10560106497163,0.248066303433713,0.0277930837987545,0.318868395501203,0.631733794248652,KEGG_METABOLISM,28
REACTOME|R-HSA-2022928_HS_GAG_BIOSYNTHESIS,PFI,GSVA,1057,136,1.18528107887457,1.00268294813016,1.40113207126734,1.99138982792491,0.0464380466806622,1.16427526761478,0.0712642957425264,0.976453145617277,0.327717769746149,0.385264315247595,REACTOME_METABOLISM,33
HUMANGEM|BILE_ACID_BIOSYNTHESIS,PFI,GSVA,1057,136,0.840175647405149,0.707560821358579,0.997645852037542,-1.9868912051283,0.0469344544611319,0.862415741416997,0.084845496663783,0.418916061490302,0.327717769746149,0.406849490026333,HUMANGEM_SUBSYSTEM,88
REACTOME|R-HSA-1638074_KERATAN_SULFATE_KERATIN_METABOLISM,PFI,GSVA,1057,136,1.18778544064014,1.00031998494869,1.41038295168027,1.96365062437769,0.0495706222705592,1.15621214215268,0.0899217916050812,0.135221926437139,0.329046622683972,0.416149686730492,REACTOME_METABOLISM,36
HUMANGEM|FATTY_ACID_OXIDATION,PFI,GSVA,1057,136,0.843609151400636,0.711679956752935,0.999995002773367,-1.96005759456623,0.0499890589147109,0.866961258736099,0.0983274107264514,0.754403390300727,0.329046622683972,0.429927974224894,HUMANGEM_SUBSYSTEM,67
REACTOME|R-HSA-70171_GLYCOLYSIS,PFI,GSVA,1057,136,1.18148720766258,0.999973079061255,1.39594960214404,1.959683660301,0.0500327761422078,1.19222016211573,0.0380902104824156,0.120072583454701,0.329046622683972,0.312271193776476,REACTOME_METABOLISM,67
REACTOME|R-HSA-192105_SYNTHESIS_OF_BILE_ACIDS_AND_BILE_SALTS,PFI,GSVA,1057,136,0.834299716893308,0.695639602101216,1.0005986081094,-1.95354690562832,0.0507548249440293,0.824173014875205,0.0299195630585748,0.027396534794444,0.329046622683972,0.312271193776476,REACTOME_METABOLISM,34
HUMANGEM|HEPARAN_SULFATE_DEGRADATION,PFI,GSVA,1057,136,0.837582532425883,0.700862902340822,1.00097251014693,-1.94930912837673,0.0512585191115735,0.869411620260331,0.110604285125713,0.65752676157941,0.329046622683972,0.44900810585618,HUMANGEM_SUBSYSTEM,12
REACTOME|R-HSA-5423646_AFLATOXIN_ACTIVATION_AND_DETOXIFICATION,PFI,GSVA,1057,136,0.843622876764963,0.710001678718418,1.00239137389906,-1.93285116290506,0.0532545355256678,0.894586700966647,0.195674490499574,0.984598966651272,0.334905568002637,0.556274622991646,REACTOME_METABOLISM,18
KEGG|hsa00541_BIOSYNTHESIS_OF_VARIOUS_NUCLEOTIDE_SUGARS,PFI,GSVA,1057,136,1.18312779569609,0.997089419010936,1.4038774800531,1.92660523659342,0.0540288455584577,1.22729606958981,0.0166729153350393,0.00394092521648818,0.334905568002637,0.277338906084452,KEGG_METABOLISM,18
REACTOME|R-HSA-189451_HEME_BIOSYNTHESIS,PFI,GSVA,1057,136,0.840325385913457,0.703675757935593,1.00351155521153,-1.92128622369924,0.0546956329652549,0.922081756626784,0.349459317926658,0.928063067896141,0.334905568002637,0.705227873410303,REACTOME_METABOLISM,14
KEGG|hsa00310_LYSINE_DEGRADATION,PFI,GSVA,1057,136,1.18168781538411,0.994977746900977,1.40343449627547,1.90261836425328,0.0570903611166658,1.15954780550802,0.0787276412493782,0.817143440314692,0.344272177642924,0.385264315247595,KEGG_METABOLISM,48
REACTOME|R-HSA-9018677_BIOSYNTHESIS_OF_DHA_DERIVED_SPMS,PFI,GSVA,1057,136,0.840509774463009,0.701943630351939,1.00642936330038,-1.89027569910468,0.0587210970866079,0.851046247171908,0.0734065481434183,0.633610552633631,0.345804583362303,0.385264315247595,REACTOME_METABOLISM,17
HUMANGEM|PURINE_METABOLISM,PFI,GSVA,1057,136,1.18102498997485,0.993636908518856,1.40375223080657,1.88758124312066,0.0590821901222025,1.18704963571022,0.0502029990080855,0.135108878857891,0.345804583362303,0.356799885807465,HUMANGEM_SUBSYSTEM,115
REACTOME|R-HSA-390918_PEROXISOMAL_LIPID_METABOLISM,PFI,GSVA,1057,136,0.84469620049725,0.708179504920519,1.00752939922283,-1.87659638800038,0.0605734328103267,0.902825056786986,0.241812439953184,0.366215141491602,0.349394583456667,0.624943838320566,REACTOME_METABOLISM,27
HUMANGEM|ESTROGEN_METABOLISM,PFI,GSVA,1057,136,0.848134958997133,0.713553356063809,1.00809967826532,-1.86848947972354,0.0616938751609241,0.842250377806008,0.047722519329267,0.591857416961885,0.35077374734354,0.356799885807465,HUMANGEM_SUBSYSTEM,64
REACTOME|R-HSA-193775_SYNTHESIS_OF_BILE_ACIDS_AND_BILE_SALTS_VIA_24_HYDROXYCHOLESTEROL,PFI,GSVA,1057,136,0.847968442799826,0.71262313782743,1.00901927234152,-1.8587954521414,0.0630561373517276,0.83089092264662,0.0347022095126963,0.482325229099761,0.35346961501391,0.312271193776476,REACTOME_METABOLISM,13
REACTOME|R-HSA-194068_BILE_ACID_AND_BILE_SALT_METABOLISM,PFI,GSVA,1057,136,0.845320584629934,0.707480349372196,1.01001659117909,-1.85025743540767,0.0642764543251434,0.827320311994203,0.0312799623397009,0.0973821210618917,0.355305955852876,0.312271193776476,REACTOME_METABOLISM,43
CONTROL|CONTROL_IMMUNE_SMALL,PFI,GSVA,1057,136,0.850407318728947,0.714324185610679,1.01241512231522,-1.82131420227535,0.06855910877814,0.825466943492726,0.0261558810680684,0.341103244193866,0.373788017721914,0.312271193776476,CONTEXT_CONTROL,9
KEGG|hsa01212_FATTY_ACID_METABOLISM,PFI,GSVA,1057,136,0.855793509338531,0.722351470524949,1.01388667499177,-1.80054352026947,0.0717748581751664,0.87306168083477,0.118660822541024,0.0150790507790445,0.386032345320489,0.44900810585618,KEGG_METABOLISM,52
KEGG|hsa00062_FATTY_ACID_ELONGATION,PFI,GSVA,1057,136,0.852960972805854,0.715834396641004,1.01635577242983,-1.7785719499414,0.0753099662248801,0.853283505140959,0.0683893157026867,0.181979377150785,0.39083711602853,0.385264315247595,KEGG_METABOLISM,24
KEGG|hsa00350_TYROSINE_METABOLISM,PFI,GSVA,1057,136,0.856977794778039,0.722272304787237,1.01680617666625,-1.76897952683683,0.076897291238172,0.893127290539402,0.183525633865069,0.438211166052202,0.39083711602853,0.554435757196058,KEGG_METABOLISM,36
HUMANGEM|PHENYLALANINE_TYROSINE_AND_TRYPTOPHAN_BIOSYNTHESIS,PFI,GSVA,1057,136,0.853661902604358,0.716255266115778,1.01742867163827,-1.76703021051382,0.077223169004975,0.889751032771125,0.181339483309756,0.879809588324954,0.39083711602853,0.554435757196058,HUMANGEM_SUBSYSTEM,115
REACTOME|R-HSA-1855167_SYNTHESIS_OF_PYROPHOSPHATES_IN_THE_CYTOSOL,PFI,GSVA,1057,136,0.857208607469607,0.722525523786785,1.01699742435234,-1.76673220528095,0.0772730871767418,0.894804119205162,0.194367507552308,0.0790721269671702,0.39083711602853,0.556274622991646,REACTOME_METABOLISM,10
REACTOME|R-HSA-389661_GLYOXYLATE_METABOLISM_AND_GLYCINE_DEGRADATION,PFI,GSVA,1057,136,0.852632321612864,0.713802793013233,1.01846319876401,-1.75823591737496,0.0787073762408235,0.93772530122571,0.473049187512786,0.779107540436637,0.39083711602853,0.786888522702461,REACTOME_METABOLISM,17
KEGG|hsa00600_SPHINGOLIPID_METABOLISM,PFI,GSVA,1057,136,0.853909328295458,0.715888032687863,1.01854076008549,-1.75576370359388,0.0791287643601695,0.918025237771823,0.324069926452584,0.864030311739042,0.39083711602853,0.682789504663167,KEGG_METABOLISM,45
REACTOME|R-HSA-196849_METABOLISM_OF_WATER_SOLUBLE_VITAMINS_AND_COFACTORS,PFI,GSVA,1057,136,0.857090087398251,0.721372145404234,1.01834181233141,-1.75334837222444,0.0795422271314345,0.844909911838701,0.0550695040672671,0.203277741689211,0.39083711602853,0.367837571832037,REACTOME_METABOLISM,112
KEGG|hsa00563_GLYCOSYLPHOSPHATIDYLINOSITOL_GPI_ANCHOR_BIOSYNTHESIS,PFI,GSVA,1057,136,0.860073370527626,0.725946056324425,1.01898232829599,-1.74261050758261,0.0814016733422667,0.89512041000011,0.193787252415968,0.499577882871663,0.395095926710026,0.556274622991646,KEGG_METABOLISM,29
REACTOME|R-HSA-75105_FATTY_ACYL_COA_BIOSYNTHESIS,PFI,GSVA,1057,136,0.859068513240313,0.72334213612351,1.02026229855205,-1.73136742597299,0.0833862525536447,0.830784097030297,0.035407113055642,0.0387766142900474,0.396897107712491,0.312271193776476,REACTOME_METABOLISM,32
HUMANGEM|PANTOTHENATE_AND_COA_METABOLISM,PFI,GSVA,1057,136,0.861775246450574,0.728058658390354,1.02005046823681,-1.72923397065473,0.0837672287634403,0.87299260989868,0.114542976727369,0.797730916627523,0.396897107712491,0.44900810585618,HUMANGEM_SUBSYSTEM,13
REACTOME|R-HSA-199220_VITAMIN_B5_PANTOTHENATE_METABOLISM,PFI,GSVA,1057,136,0.854417076335613,0.713979964264079,1.02247762804711,-1.71736687436525,0.0859121601946473,0.871044427647692,0.119073218928475,0.783985176091136,0.402271055970231,0.44900810585618,REACTOME_METABOLISM,20
KEGG|hsa01523_ANTIFOLATE_RESISTANCE,PFI,GSVA,1057,136,1.15547146317807,0.977627578866642,1.36566759273164,1.69465809895503,0.0901402986959564,1.09351927927413,0.295759015563533,0.0445228633543745,0.417126416271607,0.661303866260035,KEGG_METABOLISM,29
HUMANGEM|LYSINE_METABOLISM,PFI,GSVA,1057,136,1.16058572953766,0.975381761633106,1.38095593806391,1.67898020370609,0.0931559019546132,1.14781022896702,0.10654477147636,0.348429118428856,0.417126416271607,0.446366516290434,HUMANGEM_SUBSYSTEM,39
KEGG|hsa00982_DRUG_METABOLISM_CYTOCHROME_P450,PFI,GSVA,1057,136,0.863217393441552,0.726618683400171,1.02549560775559,-1.67355140344322,0.0942187960976797,0.881027126101009,0.15190360626108,0.713745019379682,0.417126416271607,0.512352841456864,KEGG_METABOLISM,66
REACTOME|R-HSA-8982491_GLYCOGEN_METABOLISM,PFI,GSVA,1057,136,1.14508860722236,0.976017642655898,1.34344694305155,1.66218296477587,0.0964760946067084,1.12482940611402,0.157346606018253,0.0697249425992535,0.417126416271607,0.51331105897758,REACTOME_METABOLISM,28
REACTOME|R-HSA-73614_PYRIMIDINE_SALVAGE,PFI,GSVA,1057,136,1.16045734087927,0.972673516431597,1.38449460918913,1.65235770241112,0.0984616527484958,1.1768659806662,0.0633441385168039,0.00123836033823994,0.417126416271607,0.372984675875702,REACTOME_METABOLISM,10
KEGG|hsa00230_PURINE_METABOLISM,PFI,GSVA,1057,136,1.15633055524159,0.973208066350189,1.37391006015787,1.6512664266897,0.0986841845150186,1.16271121480014,0.087036677119358,0.82376999567285,0.417126416271607,0.412388065398863,KEGG_METABOLISM,112
HUMANGEM|EICOSANOID_METABOLISM,PFI,GSVA,1057,136,0.865634135373669,0.728674868133971,1.02833580392724,-1.64202766791148,0.100584270290331,0.84889459210787,0.062993835673823,0.673989615320397,0.417126416271607,0.372984675875702,HUMANGEM_SUBSYSTEM,41
KEGG|hsa00534_GLYCOSAMINOGLYCAN_BIOSYNTHESIS_HEPARAN_SULFATE_HEPARIN,PFI,GSVA,1057,136,1.15615048524833,0.972286436667718,1.3747841110703,1.64195599234316,0.10059912459951,1.18036769800771,0.0554529002761864,0.955338077001464,0.417126416271607,0.367837571832037,KEGG_METABOLISM,24
REACTOME|R-HSA-8956320_NUCLEOTIDE_BIOSYNTHESIS,PFI,GSVA,1057,136,1.14952883031316,0.972934923627728,1.35817565967728,1.63756720397937,0.101512009150267,1.16311209425436,0.077927121583567,0.0998566917783239,0.417126416271607,0.385264315247595,REACTOME_METABOLISM,12
HUMANGEM|FOLATE_METABOLISM,PFI,GSVA,1057,136,1.1543366464833,0.971083793584651,1.37217107546976,1.62731139214748,0.103670979602553,1.08322400408122,0.359497040202201,0.0122808721492197,0.417126416271607,0.706140105079293,HUMANGEM_SUBSYSTEM,17
HUMANGEM|VALINE_LEUCINE_AND_ISOLEUCINE_METABOLISM,PFI,GSVA,1057,136,0.866895126279792,0.729656364634855,1.02994669325435,-1.62442867168733,0.104284352009909,0.917947306157038,0.330509496160479,0.784663082477065,0.417126416271607,0.688202687709534,HUMANGEM_SUBSYSTEM,57
REACTOME|R-HSA-390247_BETA_OXIDATION_OF_VERY_LONG_CHAIN_FATTY_ACIDS,PFI,GSVA,1057,136,0.871396129978681,0.738009414339494,1.02889096072224,-1.62399614880781,0.104376630485053,0.900279265524895,0.219017291929164,0.610549803866135,0.417126416271607,0.597047138272653,REACTOME_METABOLISM,10
REACTOME|R-HSA-1793185_CHONDROITIN_SULFATE_DERMATAN_SULFATE_METABOLISM,PFI,GSVA,1057,136,1.1564923991776,0.969895804750127,1.37898799314852,1.6195181360456,0.105335827548229,1.11404757992508,0.211500690925227,0.602793413511244,0.417126416271607,0.584564409640559,REACTOME_METABOLISM,37
HUMANGEM|BETA_OXIDATION_OF_PHYTANIC_ACID_PEROXISOMAL_,PFI,GSVA,1057,136,0.866526963803716,0.728576148490348,1.03059780443641,-1.61933030852469,0.105376212827482,0.898854531404755,0.213421970900376,0.0789119763136524,0.417126416271607,0.585806513229996,HUMANGEM_SUBSYSTEM,12
HUMANGEM|PROPANOATE_METABOLISM,PFI,GSVA,1057,136,0.866408388037398,0.727932079567319,1.03122738498866,-1.61391936710467,0.106544917216088,0.926980844350503,0.386497506214381,0.406333872896576,0.417126416271607,0.728748404171686,HUMANGEM_SUBSYSTEM,30
REACTOME|R-HSA-8978934_METABOLISM_OF_COFACTORS,PFI,GSVA,1057,136,1.14902803248971,0.970378803639374,1.36056704298936,1.61124287661487,0.107126795844869,1.16845813026248,0.0775435250667932,0.393784138928374,0.417126416271607,0.385264315247595,REACTOME_METABOLISM,25
KEGG|hsa00511_OTHER_GLYCAN_DEGRADATION,PFI,GSVA,1057,136,0.859190269691698,0.714070810674511,1.03380212227914,-1.60781553280946,0.107875585518753,0.946223831291873,0.538144029245004,0.0209617333420152,0.417126416271607,0.826682077560113,KEGG_METABOLISM,16
KEGG|hsa01230_BIOSYNTHESIS_OF_AMINO_ACIDS,PFI,GSVA,1057,136,1.15164289640558,0.969264914574641,1.3683373254292,1.60510725993281,0.108470201874448,1.16554895967413,0.0793760649505096,0.000893317224238961,0.417126416271607,0.385264315247595,KEGG_METABOLISM,69
HUMANGEM|BETA_OXIDATION_OF_EVEN_CHAIN_FATTY_ACIDS_MITOCHONDRIAL_,PFI,GSVA,1057,136,0.867915348725475,0.729740023992489,1.03225399154071,-1.60119021080903,0.10933479635813,0.911905353588072,0.289718662664976,0.739920888714377,0.417126416271607,0.658903015660916,HUMANGEM_SUBSYSTEM,15
KEGG|hsa00513_VARIOUS_TYPES_OF_N_GLYCAN_BIOSYNTHESIS,PFI,GSVA,1057,136,1.14691393018995,0.969423827755058,1.35690038309653,1.59798680437078,0.110045913840499,1.15653687111932,0.089020309990192,0.245730641130453,0.417126416271607,0.416149686730492,KEGG_METABOLISM,41
REACTOME|R-HSA-1971475_GLYCOSAMINOGLYCAN_PROTEIN_LINKAGE_REGION_BIOSYNTHESIS,PFI,GSVA,1057,136,1.15041907956463,0.966614649451355,1.36917442682822,1.57769370396611,0.114635993410216,1.12692343036489,0.161763737464264,0.989124851197707,0.430425711106282,0.519236356452895,REACTOME_METABOLISM,28
REACTOME|R-HSA-77289_MITOCHONDRIAL_FATTY_ACID_BETA_OXIDATION,PFI,GSVA,1057,136,0.871142529215683,0.732184326220682,1.03647302875965,-1.55594302628048,0.119721640857178,0.900835484394358,0.22814259396591,0.512335740942916,0.439512064068634,0.608266176460552,REACTOME_METABOLISM,34
REACTOME|R-HSA-1474151_TETRAHYDROBIOPTERIN_BH4_SYNTHESIS_RECYCLING_SALVAGE_AND_REGULATION,PFI,GSVA,1057,136,1.14481327373502,0.965485169598388,1.35744957352898,1.55590493016863,0.11973070087566,1.15715776674077,0.099380335750478,0.298684829195564,0.439512064068634,0.429927974224894,REACTOME_METABOLISM,12
REACTOME|R-HSA-196807_NICOTINATE_METABOLISM,PFI,GSVA,1057,136,0.873990298990471,0.737385270350426,1.03590222566616,-1.55322713073027,0.120368881868043,0.830105414308392,0.0327601887908804,0.631024755016316,0.439512064068634,0.312271193776476,REACTOME_METABOLISM,22
HUMANGEM|PROSTAGLANDIN_BIOSYNTHESIS,PFI,GSVA,1057,136,0.874385443741532,0.737326415686166,1.03692189505455,-1.54318550622909,0.122785772903753,0.871156032549497,0.117495601182912,0.265591737909349,0.44169681586281,0.44900810585618,HUMANGEM_SUBSYSTEM,39
HUMANGEM|GALACTOSE_METABOLISM,PFI,GSVA,1057,136,1.14785628407192,0.962914463115592,1.36831888953073,1.5383988172511,0.123951131272492,1.10222136810559,0.270836258603956,0.000116636277428242,0.44169681586281,0.635765284892481,HUMANGEM_SUBSYSTEM,22
HUMANGEM|STARCH_AND_SUCROSE_METABOLISM,PFI,GSVA,1057,136,1.14066594468751,0.964085030807768,1.34958925384382,1.5337596173241,0.125088801040701,1.09865622708827,0.260394206964871,0.725180970855738,0.44169681586281,0.631733794248652,HUMANGEM_SUBSYSTEM,25
KEGG|hsa00052_GALACTOSE_METABOLISM,PFI,GSVA,1057,136,1.14655822429741,0.962564046422553,1.36572290081874,1.53247045731201,0.12540638239321,1.12936212159972,0.163076745117115,3.80821547100265e-05,0.44169681586281,0.519236356452895,KEGG_METABOLISM,30
KEGG|hsa00280_VALINE_LEUCINE_AND_ISOLEUCINE_DEGRADATION,PFI,GSVA,1057,136,0.873074753299124,0.732996546481495,1.03992239596121,-1.52126340767648,0.128193749083946,0.922592728494403,0.357073489655345,0.193372791053387,0.447553615222898,0.706140105079293,KEGG_METABOLISM,47
HUMANGEM|ETHER_LIPID_METABOLISM,PFI,GSVA,1057,136,0.872466059553479,0.730763563026152,1.04164611317044,-1.50877432832885,0.131356463307422,0.807550008519846,0.0156927551650551,0.817019089831327,0.448688485537036,0.277338906084452,HUMANGEM_SUBSYSTEM,31
HUMANGEM|INOSITOL_PHOSPHATE_METABOLISM,PFI,GSVA,1057,136,0.879178243462319,0.743317518571704,1.03987107052546,-1.50350285145011,0.132709422186057,0.885438076407994,0.151078762187855,0.626127891979141,0.448688485537036,0.512352841456864,HUMANGEM_SUBSYSTEM,95
REACTOME|R-HSA-8963691_PHENYLALANINE_AND_TYROSINE_METABOLISM,PFI,GSVA,1057,136,0.875798314096287,0.735699125340828,1.0425765921885,-1.49117821551003,0.135914711489723,0.88318423322751,0.148852750280631,0.751792265107129,0.448688485537036,0.512352841456864,REACTOME_METABOLISM,10
REACTOME|R-HSA-73621_PYRIMIDINE_CATABOLISM,PFI,GSVA,1057,136,0.873981795559853,0.731920471518475,1.04361636092145,-1.48828616307185,0.136675442471866,0.865812391728239,0.104569978663096,0.216832153487914,0.448688485537036,0.442753739445876,REACTOME_METABOLISM,11
REACTOME|R-HSA-8964539_GLUTAMATE_AND_GLUTAMINE_METABOLISM,PFI,GSVA,1057,136,0.879147172017799,0.741851340397702,1.04185260304652,-1.48674141844865,0.137083118990041,0.917305254395348,0.313290734208697,0.666702289456434,0.448688485537036,0.678073107585745,REACTOME_METABOLISM,12
REACTOME|R-HSA-1482839_ACYL_CHAIN_REMODELLING_OF_PE,PFI,GSVA,1057,136,0.8727443505772,0.729100045441682,1.044688868457,-1.4835020061882,0.137941083826519,0.815321549622211,0.023297802778655,0.531559504825659,0.448688485537036,0.312271193776476,REACTOME_METABOLISM,23
HUMANGEM|ALANINE_ASPARTATE_AND_GLUTAMATE_METABOLISM,PFI,GSVA,1057,136,0.880282797670857,0.743749099025554,1.04188066229658,-1.48287899428895,0.138106563315798,0.875307281640431,0.11653261623546,0.325300932663831,0.448688485537036,0.44900810585618,HUMANGEM_SUBSYSTEM,32
KEGG|hsa00640_PROPANOATE_METABOLISM,PFI,GSVA,1057,136,0.877195114597724,0.737646369509989,1.04314384355374,-1.48218486912874,0.138291111482862,0.927699377991039,0.386170404502385,0.0718877092516344,0.448688485537036,0.728748404171686,KEGG_METABOLISM,31
REACTOME|R-HSA-2046104_ALPHA_LINOLENIC_OMEGA3_AND_LINOLEIC_OMEGA6_ACID_METABOLISM,PFI,GSVA,1057,136,0.88387590990542,0.750292851197997,1.04124226009048,-1.4765645788347,0.139792392478876,0.891984091431407,0.183883215954471,0.0910749578910603,0.448688485537036,0.554435757196058,REACTOME_METABOLISM,13
REACTOME|R-HSA-2046106_ALPHA_LINOLENIC_ACID_ALA_METABOLISM,PFI,GSVA,1057,136,0.88387590990542,0.750292851197997,1.04124226009048,-1.4765645788347,0.139792392478876,0.891984091431407,0.183883215954471,0.0910749578910603,0.448688485537036,0.554435757196058,REACTOME_METABOLISM,13
REACTOME|R-HSA-70326_GLUCOSE_METABOLISM,PFI,GSVA,1057,136,1.133050666354,0.959360647566581,1.33818685994846,1.471322379037,0.141203953951895,1.16388900678932,0.0749553135049075,0.0571505389791953,0.449593389382834,0.385264315247595,REACTOME_METABOLISM,77
KEGG|hsa00650_BUTANOATE_METABOLISM,PFI,GSVA,1057,136,0.879210059099429,0.740058772215204,1.04452559316037,-1.4644344071713,0.143075292777176,0.902461021881884,0.236065579222004,0.00649577934946166,0.451936242264413,0.618119082436564,KEGG_METABOLISM,26
REACTOME|R-HSA-70221_GLYCOGEN_BREAKDOWN_GLYCOGENOLYSIS_,PFI,GSVA,1057,136,1.1176682957531,0.962174093234196,1.29829147148695,1.45549346876916,0.145532697043204,1.14416140433401,0.0975259899481617,0.0630944014564741,0.452624629308267,0.429927974224894,REACTOME_METABOLISM,17
KEGG|hsa00592_ALPHA_LINOLENIC_ACID_METABOLISM,PFI,GSVA,1057,136,0.875430779592749,0.731560784565014,1.04759449389302,-1.45239479505445,0.146391862731618,0.852205936290292,0.0688960754295639,0.675215989895302,0.452624629308267,0.385264315247595,KEGG_METABOLISM,23
HALLMARK|HALLMARK_MTORC1_SIGNALING,PFI,GSVA,1057,136,1.1364934632615,0.956050530029858,1.35099280996766,1.45048435152681,0.146923499827358,1.12348179115165,0.192619461426251,0.050750241163964,0.452624629308267,0.556274622991646,HALLMARK_METABOLIC,191
HUMANGEM|GLYCEROPHOSPHOLIPID_METABOLISM,PFI,GSVA,1057,136,0.885844832153409,0.751729902278099,1.04388699222264,-1.4471953604917,0.147842215603203,0.888317969427595,0.155476854422796,0.110213091820143,0.452624629308267,0.51331105897758,HUMANGEM_SUBSYSTEM,91
KEGG|hsa00760_NICOTINATE_AND_NICOTINAMIDE_METABOLISM,PFI,GSVA,1057,136,0.883552446875583,0.745925124020103,1.04657277418476,-1.43308108770256,0.151834665491855,0.893696523624122,0.198111467980689,0.989233311294424,0.459570994293706,0.559208257136981,KEGG_METABOLISM,32
REACTOME|R-HSA-400042_ADRENALINE_NORADRENALINE_INHIBITS_INSULIN_SECRETION,PFI,GSVA,1057,136,0.882879639706108,0.744399506593499,1.04712113764638,-1.43103379147551,0.152420530770777,0.918338648671887,0.325179372094209,0.619068340434051,0.459570994293706,0.682789504663167,REACTOME_METABOLISM,28
HUMANGEM|AMINO_SUGAR_AND_NUCLEOTIDE_SUGAR_METABOLISM,PFI,GSVA,1057,136,1.12951611495346,0.954509493548206,1.33660970641266,1.41794659601961,0.156206356956231,1.18492008934527,0.0484953097996315,0.00025226428623832,0.467444586981804,0.356799885807465,HUMANGEM_SUBSYSTEM,30
KEGG|hsa00532_GLYCOSAMINOGLYCAN_BIOSYNTHESIS_CHONDROITIN_SULFATE_DERMATAN_SULFATE,PFI,GSVA,1057,136,1.13323921026563,0.94945067758197,1.3526043406005,1.38544505333058,0.165916422863342,1.15666583198371,0.0968804206921486,0.723441932273038,0.49279653954933,0.429927974224894,KEGG_METABOLISM,21
REACTOME|R-HSA-156580_PHASE_II_CONJUGATION_OF_COMPOUNDS,PFI,GSVA,1057,136,0.886097335376255,0.746207100039132,1.05221256635018,-1.37943665584024,0.167760163996814,0.915996086169901,0.313481034662756,0.215991350115168,0.493319414116355,0.678073107585745,REACTOME_METABOLISM,99
REACTOME|R-HSA-1614635_SULFUR_AMINO_ACID_METABOLISM,PFI,GSVA,1057,136,0.883485972101642,0.740645609825482,1.05387442056708,-1.37680851323593,0.168571458090011,0.922006765219032,0.363715380756922,0.128145608905745,0.493319414116355,0.706140105079293,REACTOME_METABOLISM,27
HALLMARK|HALLMARK_XENOBIOTIC_METABOLISM,PFI,GSVA,1057,136,0.889781790340978,0.753106419039584,1.05126130173216,-1.37247280790661,0.16991629826105,0.884945522856802,0.150524504497067,0.477933439323577,0.493625450422612,0.512352841456864,HALLMARK_METABOLIC,196
HUMANGEM|KERATAN_SULFATE_DEGRADATION,PFI,GSVA,1057,136,0.887878391547193,0.748816295267918,1.05276560240236,-1.36833778484861,0.171206368724187,0.964033992942516,0.676711146131524,0.0369337365923498,0.493769092407439,0.880166784837733,HUMANGEM_SUBSYSTEM,12
KEGG|hsa00510_N_GLYCAN_BIOSYNTHESIS,PFI,GSVA,1057,136,1.12338421097034,0.950430649475454,1.32781080466413,1.36397722982841,0.172574732242699,1.14351112713687,0.116457708839176,0.1433397679708,0.494134844838807,0.44900810585618,KEGG_METABOLISM,54
HUMANGEM|BIOPTERIN_METABOLISM,PFI,GSVA,1057,136,0.888206098064003,0.74792021516607,1.05480512044043,-1.3516622697527,0.176483380233222,0.892950670688754,0.187606718403386,0.265970875190225,0.501717038091588,0.556274622991646,HUMANGEM_SUBSYSTEM,11
FFLCLASS|higherorder_not_3node,PFI,GSVA,1057,136,1.12957463293008,0.94483090458146,1.35044148658995,1.33718592513809,0.181161955027631,1.13013011039741,0.168978736588365,0.564384786834249,0.510062878811546,0.533758231445789,FFL_MODULE,92
KEGG|hsa00562_INOSITOL_PHOSPHATE_METABOLISM,PFI,GSVA,1057,136,0.891476639218334,0.753087477718253,1.05529652501982,-1.33467654579334,0.181982233143818,0.907057253073478,0.252115209442237,0.667811159117418,0.510062878811546,0.631733794248652,KEGG_METABOLISM,78
REACTOME|R-HSA-193807_SYNTHESIS_OF_BILE_ACIDS_AND_BILE_SALTS_VIA_27_HYDROXYCHOLESTEROL,PFI,GSVA,1057,136,0.891233026721918,0.750965574532144,1.05770002628251,-1.31794364035898,0.187522515340679,0.873265322235316,0.119585073418983,0.848852130402873,0.521915811927205,0.44900810585618,REACTOME_METABOLISM,14
KEGG|hsa00520_AMINO_SUGAR_AND_NUCLEOTIDE_SUGAR_METABOLISM,PFI,GSVA,1057,136,1.12308841061078,0.944244031554248,1.33580677864818,1.31171818143928,0.189615239878779,1.20055733358491,0.0400146504587946,8.43403679576656e-05,0.52308128717602,0.312271193776476,KEGG_METABOLISM,37
REACTOME|R-HSA-399997_ACETYLCHOLINE_REGULATES_INSULIN_SECRETION,PFI,GSVA,1057,136,1.11859758236365,0.945639570458753,1.32318971240045,1.30778752932636,0.190945385174265,1.10509189642935,0.240861900135151,0.260319529626655,0.52308128717602,0.624943838320566,REACTOME_METABOLISM,10
REACTOME|R-HSA-1483257_PHOSPHOLIPID_METABOLISM,PFI,GSVA,1057,136,0.892901206239707,0.752528150174694,1.0594587909027,-1.29812144983049,0.194245604604206,0.926716111465615,0.371485043423061,0.745883482524476,0.52308128717602,0.717723530496982,REACTOME_METABOLISM,198
REACTOME|R-HSA-1638091_HEPARAN_SULFATE_HEPARIN_HS_GAG_METABOLISM,PFI,GSVA,1057,136,1.11714398626877,0.944585419492288,1.32122586301118,1.29403920315993,0.195651879800882,1.10314141714679,0.247022582225683,0.861449935644968,0.52308128717602,0.631733794248652,REACTOME_METABOLISM,40
KEGG|hsa00564_GLYCEROPHOSPHOLIPID_METABOLISM,PFI,GSVA,1057,136,0.892714118483629,0.751642097659204,1.06026325537362,-1.29319944852535,0.195942086357757,0.906467104863136,0.254046956096676,0.502834978865456,0.52308128717602,0.631733794248652,KEGG_METABOLISM,89
KEGG|hsa01210_2_OXOCARBOXYLIC_ACID_METABOLISM,PFI,GSVA,1057,136,1.11606601264907,0.943635304162474,1.32000502640788,1.28244865160945,0.199685306756361,1.14265207546289,0.125277855451311,0.153356199975571,0.52308128717602,0.461672096940942,KEGG_METABOLISM,32
HUMANGEM|GLYCOSYLPHOSPHATIDYLINOSITOL_GPI_ANCHOR_BIOSYNTHESIS,PFI,GSVA,1057,136,0.895140878474388,0.755488646960305,1.06060785365845,-1.28004969779646,0.200527658005213,0.933856936550395,0.423413782938042,0.263649553605321,0.52308128717602,0.741637812291768,HUMANGEM_SUBSYSTEM,26
REACTOME|R-HSA-1475029_REVERSIBLE_HYDRATION_OF_CARBON_DIOXIDE,PFI,GSVA,1057,136,1.11836925353645,0.942196898719891,1.32748238606496,1.27918444152141,0.200832113366467,1.07856574633292,0.39033342914092,0.174362065530091,0.52308128717602,0.729355421587258,REACTOME_METABOLISM,12
CONTROL|CONTROL_CAF_SMALL,PFI,GSVA,1057,136,1.11878249295559,0.941618511022753,1.32927958816824,1.27608704118693,0.201924751976631,1.14676931664386,0.110853919035233,0.0399386211814341,0.52308128717602,0.44900810585618,CONTEXT_CONTROL,10
HUMANGEM|DRUG_METABOLISM,PFI,GSVA,1057,136,0.88984618377651,0.743645927894738,1.0647893050706,-1.27446210931781,0.202499692882035,0.89047860325166,0.194697309426288,0.558019044800125,0.52308128717602,0.556274622991646,HUMANGEM_SUBSYSTEM,51
REACTOME|R-HSA-71240_TRYPTOPHAN_CATABOLISM,PFI,GSVA,1057,136,1.11892289742321,0.94080941508692,1.33075671894959,1.27025515811521,0.203993755595626,1.09596547253555,0.294612173604315,0.0135082361837837,0.52308128717602,0.661303866260035,REACTOME_METABOLISM,12
KEGG|hsa00910_NITROGEN_METABOLISM,PFI,GSVA,1057,136,0.895102325358896,0.754397529954571,1.06205036608637,-1.27004784571796,0.204067587655333,0.881778515212439,0.146669525885475,0.0950278293089746,0.52308128717602,0.512056765810694,KEGG_METABOLISM,17
HUMANGEM|XENOBIOTICS_METABOLISM,PFI,GSVA,1057,136,0.895228264568314,0.754394116028635,1.06235405162091,-1.26735932674165,0.205026836179545,0.910372285975134,0.273155436473905,0.757791423219269,0.52308128717602,0.635765284892481,HUMANGEM_SUBSYSTEM,98
KEGG|hsa00900_TERPENOID_BACKBONE_BIOSYNTHESIS,PFI,GSVA,1057,136,1.11326168986679,0.941999039177439,1.31566120407858,1.25892020448622,0.208059155217412,1.16532293591452,0.0792970040844927,0.518936634622721,0.527436584563885,0.385264315247595,KEGG_METABOLISM,23
KEGG|hsa00630_GLYOXYLATE_AND_DICARBOXYLATE_METABOLISM,PFI,GSVA,1057,136,0.899969157757829,0.762663187940179,1.06199499034804,-1.24784824934182,0.212086635342353,0.95065496069792,0.557362240370674,0.237182921749899,0.530093968338696,0.839420472600067,KEGG_METABOLISM,29
CONTROL|CONTROL_IMMUNE_FULL,PFI,GSVA,1057,136,0.896626321570944,0.754667156110873,1.06528918613192,-1.24080165398128,0.21467903009067,0.868957661575694,0.101788295723508,0.120940845391639,0.530093968338696,0.435610125784477,CONTEXT_CONTROL,141
KEGG|hsa00790_FOLATE_BIOSYNTHESIS,PFI,GSVA,1057,136,0.896877713692474,0.755126584109497,1.06523813390418,-1.23997534939421,0.21498451192054,0.906582890517814,0.257090700379746,0.114065187107112,0.530093968338696,0.631733794248652,KEGG_METABOLISM,25
HALLMARK|HALLMARK_MYC_TARGETS_V2,PFI,GSVA,1057,136,1.1171530677024,0.937509213730548,1.33121995858655,1.23856583357618,0.215506327602157,1.10433457924873,0.256113511911968,0.0156264232828441,0.530093968338696,0.631733794248652,HALLMARK_METABOLIC,57
REACTOME|R-HSA-75876_SYNTHESIS_OF_VERY_LONG_CHAIN_FATTY_ACYL_COAS,PFI,GSVA,1057,136,0.8946063496259,0.749588622772069,1.0676796531827,-1.23424779138432,0.21711058385984,0.84138505876731,0.0527858948158649,0.799531493034166,0.530093968338696,0.367837571832037,REACTOME_METABOLISM,20
HUMANGEM|FATTY_ACID_ACTIVATION_CYTOSOLIC_,PFI,GSVA,1057,136,0.898292607303594,0.757004473947758,1.06595091060449,-1.22849602170922,0.219260821894786,0.844656446834942,0.059277609976555,0.0438119373525561,0.530093968338696,0.372984675875702,HUMANGEM_SUBSYSTEM,14
HUMANGEM|FATTY_ACID_BIOSYNTHESIS,PFI,GSVA,1057,136,0.903549048346591,0.768547602980148,1.06226456188572,-1.22842094262103,0.219288990148624,0.924444871092288,0.349209915815431,0.215741984284286,0.530093968338696,0.705227873410303,HUMANGEM_SUBSYSTEM,26
REACTOME|R-HSA-9840310_GLYCOSPHINGOLIPID_CATABOLISM,PFI,GSVA,1057,136,0.896336404073789,0.752590144777477,1.06753849335282,-1.22715969516288,0.219762574813781,0.958402038823067,0.626616137522451,0.207569310039483,0.530093968338696,0.869552146613554,REACTOME_METABOLISM,37
REACTOME|R-HSA-428157_SPHINGOLIPID_METABOLISM,PFI,GSVA,1057,136,0.899292245955854,0.758439485317991,1.06630332319427,-1.22133605720504,0.221958806597347,0.95747564738063,0.608157047011176,0.47325279002663,0.532166295335809,0.858320938689531,REACTOME_METABOLISM,93
REACTOME|R-HSA-193048_ANDROGEN_BIOSYNTHESIS,PFI,GSVA,1057,136,1.10943522738154,0.937921189541893,1.31231337715733,1.21202568194357,0.225502549943157,1.09102282145905,0.30265380846005,0.0727910541846187,0.537425238786686,0.668808082427873,REACTOME_METABOLISM,11
HALLMARK|HALLMARK_MYC_TARGETS_V1,PFI,GSVA,1057,136,1.11406103280338,0.933565341458291,1.32945379363827,1.19771367568169,0.231028503460136,1.10262994582879,0.268083802752041,0.0301812836742195,0.547317526054369,0.635765284892481,HALLMARK_METABOLIC,187
HUMANGEM|PROTEIN_DEGRADATION,PFI,GSVA,1057,136,0.898568756719064,0.752941852177023,1.0723614422775,-1.18556545567225,0.235793951026168,0.952105801538541,0.577156604706685,0.0195444864499871,0.553808245917892,0.847632209126424,HUMANGEM_SUBSYSTEM,16
KEGG|hsa00561_GLYCEROLIPID_METABOLISM,PFI,GSVA,1057,136,1.10786051797088,0.935023484295194,1.31264609701634,1.18365095523595,0.2365512608192,1.07912730548025,0.36099816975597,0.135652981799623,0.553808245917892,0.706140105079293,KEGG_METABOLISM,55
REACTOME|R-HSA-1483191_SYNTHESIS_OF_PC,PFI,GSVA,1057,136,0.904988899411505,0.76665978182352,1.06827686475222,-1.17960233485782,0.238158413881649,0.955434607896644,0.584075804647402,0.764886766118411,0.554310226461382,0.848461013386761,REACTOME_METABOLISM,28
KEGG|hsa00531_GLYCOSAMINOGLYCAN_DEGRADATION,PFI,GSVA,1057,136,0.903427760094525,0.762705073032051,1.07011444733778,-1.17558663558184,0.239760098592382,0.910306129347102,0.274800976604414,0.0794053540569012,0.554793716510278,0.635876678421842,KEGG_METABOLISM,19
HUMANGEM|CYSTEINE_AND_METHIONINE_METABOLISM,PFI,GSVA,1057,136,0.901255451009003,0.755421896386471,1.07524204932219,-1.15444858962908,0.248316304202469,0.890368944774598,0.178807572658931,0.004309719219215,0.571271035101633,0.554435757196058,HUMANGEM_SUBSYSTEM,41
HALLMARK|HALLMARK_PEROXISOME,PFI,GSVA,1057,136,0.910833012581039,0.774430374798953,1.07126063724299,-1.1283579946536,0.259168760063142,0.944320647156359,0.501560420146134,0.910283883908352,0.592811301753623,0.809446996657387,HALLMARK_METABOLIC,101
REACTOME|R-HSA-2162123_SYNTHESIS_OF_PROSTAGLANDINS_PG_AND_THROMBOXANES_TX_,PFI,GSVA,1057,136,0.905662212875689,0.760625522954978,1.07835461613801,-1.11281430534006,0.265788190212286,0.884538136133611,0.162332293228807,0.123116203359134,0.604478284025656,0.519236356452895,REACTOME_METABOLISM,14
REACTOME|R-HSA-170822_REGULATION_OF_GLUCOKINASE_BY_GLUCOKINASE_REGULATORY_PROTEIN,PFI,GSVA,1057,136,1.09948115476001,0.929693277813377,1.30027702525248,1.10816986559712,0.267788462411503,1.08750635569859,0.317109734427723,0.743870102103744,0.605567091135102,0.679176766989835,REACTOME_METABOLISM,28
REACTOME|R-HSA-8956321_NUCLEOTIDE_SALVAGE,PFI,GSVA,1057,136,1.10225056538158,0.926506306184569,1.31133085740917,1.09859875881048,0.271943119344433,1.11670663332947,0.210199858412914,0.000198123107732191,0.611144626129077,0.584564409640559,REACTOME_METABOLISM,21
HUMANGEM|VITAMIN_E_METABOLISM,PFI,GSVA,1057,136,0.908310518167846,0.764725250348326,1.07885544126933,-1.0954352717365,0.273325988570291,0.95163766459227,0.565539611967829,0.592066231313175,0.611144626129077,0.839989696138308,HUMANGEM_SUBSYSTEM,91
HUMANGEM|OMEGA_6_FATTY_ACID_METABOLISM,PFI,GSVA,1057,136,0.914243932463083,0.778337575599331,1.07388104371288,-1.09191364455972,0.274871059761011,0.904114332235123,0.231812755613775,0.49014719042,0.611165820027276,0.611003157180678,HUMANGEM_SUBSYSTEM,32
KEGG|hsa01524_PLATINUM_DRUG_RESISTANCE,PFI,GSVA,1057,136,0.91008414294566,0.767593562668094,1.07902565566365,-1.08451554710961,0.278136277436802,0.870889569984171,0.111235413576555,0.552635623531912,0.614449822964936,0.44900810585618,KEGG_METABOLISM,72
REACTOME|R-HSA-15869_METABOLISM_OF_NUCLEOTIDES,PFI,GSVA,1057,136,1.0997931047261,0.925655215812247,1.30669049613871,1.08158780991681,0.279435723509179,1.13532290380986,0.15501070909879,0.00491465704699715,0.614449822964936,0.51331105897758,REACTOME_METABOLISM,86
REACTOME|R-HSA-2142789_UBIQUINOL_BIOSYNTHESIS,PFI,GSVA,1057,136,1.09625268882789,0.925660907542555,1.29828314879672,1.06488223438771,0.286929225427705,1.11786749057296,0.195240443347048,0.586392675031466,0.62448735971837,0.556274622991646,REACTOME_METABOLISM,11
KEGG|hsa00565_ETHER_LIPID_METABOLISM,PFI,GSVA,1057,136,0.910438777736539,0.765977344019869,1.08214528076812,-1.06441959619621,0.287138660373019,0.854860217530317,0.0718286447474107,0.656260282527851,0.62448735971837,0.385264315247595,KEGG_METABOLISM,42
HUMANGEM|BUTANOATE_METABOLISM,PFI,GSVA,1057,136,0.908411722704675,0.760680494074795,1.08483373029168,-1.06078583003959,0.288787243279901,0.936825978505842,0.456121836101428,0.488646213527167,0.624659363181525,0.769222418510035,HUMANGEM_SUBSYSTEM,13
REACTOME|R-HSA-189445_METABOLISM_OF_PORPHYRINS,PFI,GSVA,1057,136,0.909431327294402,0.762051457987033,1.08531429261898,-1.05242341198546,0.292605331953493,0.977451177746315,0.79355425458957,0.0400371292323096,0.629496876310757,0.918412400868798,REACTOME_METABOLISM,27
HUMANGEM|LINOLEATE_METABOLISM,PFI,GSVA,1057,136,0.91291718633727,0.769495765861375,1.08307001296756,-1.04485461677084,0.296090167646244,0.942146285811769,0.484911104803776,0.469242576392034,0.630847936151628,0.790961556196324,HUMANGEM_SUBSYSTEM,58
KEGG|hsa00250_ALANINE_ASPARTATE_AND_GLUTAMATE_METABOLISM,PFI,GSVA,1057,136,0.914132412812678,0.772360824464252,1.08192704974954,-1.04417717036236,0.296403427287323,0.932167480372201,0.41371192320608,0.313337155565031,0.630847936151628,0.735363136370736,KEGG_METABOLISM,35
KEGG|hsa00260_GLYCINE_SERINE_AND_THREONINE_METABOLISM,PFI,GSVA,1057,136,0.91244600979904,0.766625267877934,1.08600349568801,-1.03133775098263,0.302382461068246,0.944225571570457,0.518783154924343,0.14302708542028,0.638253690377218,0.82360579697809,KEGG_METABOLISM,39
REACTOME|R-HSA-156584_CYTOSOLIC_SULFONATION_OF_SMALL_MOLECULES,PFI,GSVA,1057,136,0.911063636850161,0.762878516487202,1.08803293375292,-1.02842261797718,0.303751073657792,0.958545854583506,0.633229634369633,0.311551613086343,0.638253690377218,0.869552146613554,REACTOME_METABOLISM,16
KEGG|hsa00514_OTHER_TYPES_OF_O_GLYCAN_BIOSYNTHESIS,PFI,GSVA,1057,136,1.09079198154524,0.923999604771846,1.28769226832861,1.02641932501804,0.304693972793144,1.10829758194256,0.210821284272145,0.363373989527617,0.638253690377218,0.584564409640559,KEGG_METABOLISM,35
CURATED|CURATED_TCA_CYCLE,PFI,GSVA,1057,136,1.0909347140513,0.923114624678071,1.28926410491789,1.02126241881287,0.307130126540063,1.10149565641153,0.258231420013314,0.118648401460663,0.639815416368327,0.631733794248652,CURATED_SIGNATURE,27
KEGG|hsa00120_PRIMARY_BILE_ACID_BIOSYNTHESIS,PFI,GSVA,1057,136,0.916040048183944,0.773514026119708,1.08482760692303,-1.0163573843779,0.309459231347651,0.911997511792404,0.278382765529669,0.717101461742782,0.639815416368327,0.640441275611609,KEGG_METABOLISM,17
FFLCLASS|4_node,PFI,GSVA,1057,136,1.0942081318448,0.918140606924718,1.30403930156795,1.00584238953615,0.314491392669485,1.05145903465536,0.56562120242479,0.121880578077156,0.639815416368327,0.839989696138308,FFL_MODULE,351
REACTOME|R-HSA-163359_GLUCAGON_SIGNALING_IN_METABOLIC_REGULATION,PFI,GSVA,1057,136,0.918552166208569,0.778014544348919,1.08447597564199,-1.00277873813267,0.31596762965136,0.8952343427481,0.19116604366058,0.202447567170023,0.639815416368327,0.556274622991646,REACTOME_METABOLISM,33
KEGG|hsa00830_RETINOL_METABOLISM,PFI,GSVA,1057,136,0.91721074801736,0.77421041383374,1.08662392192935,-0.999325750834621,0.317636914983792,0.927795344923421,0.378739248661614,0.885145297207903,0.639815416368327,0.724702985419819,KEGG_METABOLISM,65
FFLCLASS|higherorder_union,PFI,GSVA,1057,136,1.09333073361844,0.91776957142559,1.30247518581144,0.999146894066409,0.317723537288387,1.05093191665615,0.569376641921218,0.117235561890957,0.639815416368327,0.842423433028419,FFL_MODULE,354
KEGG|hsa00980_METABOLISM_OF_XENOBIOTICS_BY_CYTOCHROME_P450,PFI,GSVA,1057,136,0.916313632715514,0.771655652971182,1.08808983679105,-0.996956124109968,0.318785807470787,0.923274995441066,0.356314185708573,0.822853272267156,0.639815416368327,0.706140105079293,KEGG_METABOLISM,72
REACTOME|R-HSA-1660662_GLYCOSPHINGOLIPID_METABOLISM,PFI,GSVA,1057,136,0.917203964753606,0.773751737585296,1.08725198548197,-0.995972399236421,0.319263555946508,0.964053962670059,0.66891949065396,0.184676954757657,0.639815416368327,0.8768073850973,REACTOME_METABOLISM,56
HUMANGEM|CHONDROITIN_SULFATE_DEGRADATION,PFI,GSVA,1057,136,0.918655319720988,0.777218341078375,1.08583077862102,-0.994647558645476,0.319907708184164,0.925314870643454,0.362928823639961,0.0174129114615951,0.639815416368327,0.706140105079293,HUMANGEM_SUBSYSTEM,15
REACTOME|R-HSA-71288_CREATINE_METABOLISM,PFI,GSVA,1057,136,1.09034450973234,0.917515666867402,1.29572844675498,0.982317339747085,0.325943534684829,1.12248690686174,0.181360490069058,0.0137461033260457,0.646914628746058,0.554435757196058,REACTOME_METABOLISM,11
FFLCLASS|ALL_NETWORK_NODES,PFI,GSVA,1057,136,1.09161244543066,0.916007217020134,1.3008824700045,0.979580230299585,0.327293367566645,1.05272492911828,0.556317791978077,0.144317837199697,0.646914628746058,0.839420472600067,FFL_MODULE,363
KEGG|hsa00515_MANNOSE_TYPE_O_GLYCAN_BIOSYNTHESIS,PFI,GSVA,1057,136,1.0905705483386,0.915938477991009,1.29849782434322,0.973794059489879,0.330158803282408,1.09379737947832,0.304439486297568,0.513520479379953,0.646914628746058,0.668808082427873,KEGG_METABOLISM,16
HUMANGEM|FATTY_ACID_BIOSYNTHESIS_UNSATURATED_,PFI,GSVA,1057,136,0.92199068866196,0.780738807566184,1.08879797153838,-0.957286846458439,0.338422492579261,0.853400010402313,0.0633804137659756,0.175605380731068,0.646914628746058,0.372984675875702,HUMANGEM_SUBSYSTEM,11
HUMANGEM|FATTY_ACID_ELONGATION_EVEN_CHAIN_,PFI,GSVA,1057,136,0.92199068866196,0.780738807566184,1.08879797153838,-0.957286846458439,0.338422492579261,0.853400010402313,0.0633804137659756,0.175605380731068,0.646914628746058,0.372984675875702,HUMANGEM_SUBSYSTEM,11
HUMANGEM|FATTY_ACID_ELONGATION_ODD_CHAIN_,PFI,GSVA,1057,136,0.92199068866196,0.780738807566184,1.08879797153838,-0.957286846458439,0.338422492579261,0.853400010402313,0.0633804137659756,0.175605380731068,0.646914628746058,0.372984675875702,HUMANGEM_SUBSYSTEM,11
REACTOME|R-HSA-70895_BRANCHED_CHAIN_AMINO_ACID_CATABOLISM,PFI,GSVA,1057,136,0.917590506683396,0.768360014443505,1.0958044694261,-0.949716998484321,0.342256070143058,0.977082764334997,0.793803683162982,0.497255044487801,0.646914628746058,0.918412400868798,REACTOME_METABOLISM,23
REACTOME|R-HSA-1483206_GLYCEROPHOSPHOLIPID_BIOSYNTHESIS,PFI,GSVA,1057,136,0.925266367959182,0.78807848725303,1.08633577178398,-0.948632359909658,0.342807626739547,0.956785627774564,0.595090604464727,0.648427050036699,0.646914628746058,0.848904018032622,REACTOME_METABOLISM,116
HUMANGEM|BETA_OXIDATION_OF_ODD_CHAIN_FATTY_ACIDS_MITOCHONDRIAL_,PFI,GSVA,1057,136,0.919547190664843,0.772929436995294,1.09397701185594,-0.946453219997628,0.343917471578615,0.961113849979222,0.649450297950121,0.573070762968914,0.646914628746058,0.87372229823423,HUMANGEM_SUBSYSTEM,11
HUMANGEM|PENTOSE_PHOSPHATE_PATHWAY,PFI,GSVA,1057,136,1.08507795937491,0.916168951525149,1.28512778779636,0.945813351691339,0.344243794331796,1.08782151943242,0.325288931756216,0.000289740103208263,0.646914628746058,0.682789504663167,HUMANGEM_SUBSYSTEM,23
REACTOME|R-HSA-400451_FREE_FATTY_ACIDS_REGULATE_INSULIN_SECRETION,PFI,GSVA,1057,136,1.08543983103506,0.915806888165852,1.28649351956399,0.945603392940329,0.344350913032514,1.07126041449689,0.416118050483752,0.731449031273987,0.646914628746058,0.735363136370736,REACTOME_METABOLISM,11
FFLCLASS|5_node,PFI,GSVA,1057,136,1.08801152313613,0.913473587860817,1.29589852427937,0.945536130567641,0.344385234071314,1.04140657241865,0.642052678429006,0.084146663253059,0.646914628746058,0.87372229823423,FFL_MODULE,339
REACTOME|R-HSA-1362409_MITOCHONDRIAL_IRON_SULFUR_CLUSTER_BIOGENESIS,PFI,GSVA,1057,136,0.921750255857915,0.778446825357078,1.0914342592179,-0.945133807375446,0.344590567527086,0.927425732754964,0.378206567004779,0.662469954544048,0.646914628746058,0.724702985419819,REACTOME_METABOLISM,12
REACTOME|R-HSA-2564830_CYTOSOLIC_IRON_SULFUR_CLUSTER_ASSEMBLY,PFI,GSVA,1057,136,1.08841807352838,0.912498895719246,1.29825242347221,0.941960027515709,0.346213105333946,1.14369751550616,0.126711497286135,0.459509921324385,0.646914628746058,0.462671338714512,REACTOME_METABOLISM,11
HUMANGEM|RETINOL_METABOLISM,PFI,GSVA,1057,136,0.922043131425452,0.777539190409184,1.09340281068206,-0.933250795312278,0.35069049381146,0.937267734462599,0.447606301211341,0.77015383505192,0.652218768864305,0.761313281547494,HUMANGEM_SUBSYSTEM,117
KEGG|hsa00591_LINOLEIC_ACID_METABOLISM,PFI,GSVA,1057,136,0.919141577212496,0.769154439537676,1.09837660102239,-0.927640297217597,0.353594187221954,0.877918494594251,0.137286915935273,0.762089913567793,0.65296215395653,0.487858861984274,KEGG_METABOLISM,27
HUMANGEM|GLYCEROLIPID_METABOLISM,PFI,GSVA,1057,136,0.922720270413534,0.778024640662418,1.09432613433313,-0.924213292751537,0.355375276104072,0.881019037408366,0.13896074335811,0.699785999363435,0.65296215395653,0.489436954482546,HUMANGEM_SUBSYSTEM,49
KEGG|hsa00620_PYRUVATE_METABOLISM,PFI,GSVA,1057,136,0.923225193462368,0.779179181464273,1.09390083580244,-0.922990744315024,0.356012028664741,0.9487473453438,0.536869166031157,0.269784031198332,0.65296215395653,0.826682077560113,KEGG_METABOLISM,48
HALLMARK|HALLMARK_FATTY_ACID_METABOLISM,PFI,GSVA,1057,136,0.924814617862583,0.78256942696435,1.09291527108339,-0.917291562104504,0.358989877765447,0.970293868121418,0.724849284790428,0.877251884483021,0.655403538305724,0.887661585681816,HALLMARK_METABOLIC,153
KEGG|hsa01522_ENDOCRINE_RESISTANCE,PFI,GSVA,1057,136,1.08270669657772,0.912825444196187,1.28420367581504,0.912552576764767,0.361477905563788,1.06235255796705,0.483990265987673,0.0725468608193223,0.656932449380765,0.790961556196324,KEGG_METABOLISM,94
KEGG|hsa00380_TRYPTOPHAN_METABOLISM,PFI,GSVA,1057,136,0.922210933822712,0.774376044053478,1.09826874551846,-0.90846295136918,0.363633679317442,0.940375418105457,0.474442424796732,0.875819867080326,0.657846383492463,0.786888522702461,KEGG_METABOLISM,39
FFLCLASS|6_node,PFI,GSVA,1057,136,1.08299570949119,0.909785231825209,1.28918305743795,0.896688171226234,0.369885334280857,1.03873332462638,0.662653354185433,0.0836247576098334,0.663669289787683,0.8768073850973,FFL_MODULE,314
CONTROL|CONTROL_EPITHELIAL,PFI,GSVA,1057,136,0.924392700273266,0.778355178074001,1.09783025589028,-0.896122403660404,0.370187392796145,0.951212404586592,0.564899150168899,0.253371234565294,0.663669289787683,0.839989696138308,CONTEXT_CONTROL,10
REACTOME|R-HSA-9865881_COMPLEX_III_ASSEMBLY,PFI,GSVA,1057,136,1.08263788427698,0.909073795993072,1.28933953837194,0.89066258425788,0.373110213180777,1.08627276721589,0.342157178664001,0.530670339916824,0.665909707829369,0.701951325300373,REACTOME_METABOLISM,20
REACTOME|R-HSA-9864848_COMPLEX_IV_ASSEMBLY,PFI,GSVA,1057,136,0.926290859272053,0.780975214539685,1.09864530909176,-0.879436328924287,0.379164741655527,0.961863442861918,0.649803518284754,0.557920406710449,0.673694496334374,0.87372229823423,REACTOME_METABOLISM,35
CURATED|CURATED_ONE_CARBON_FOLATE,PFI,GSVA,1057,136,1.07787670919678,0.909928846006138,1.2768231332904,0.867781077245653,0.385514190990321,1.04725453080331,0.592098984026496,0.102111734943739,0.679776855811558,0.848461013386761,CURATED_SIGNATURE,34
REACTOME|R-HSA-977347_SERINE_METABOLISM,PFI,GSVA,1057,136,1.07801277533373,0.909530721292803,1.27770455310286,0.866357689584711,0.386294038932443,1.10285242051033,0.249780153934877,0.0627044652888154,0.679776855811558,0.631733794248652,REACTOME_METABOLISM,11
REACTOME|R-HSA-1614558_DEGRADATION_OF_CYSTEINE_AND_HOMOCYSTEINE,PFI,GSVA,1057,136,0.928974057143459,0.784667311491601,1.09981999531124,-0.855355438769819,0.392354404971572,0.981286091699482,0.827918789246871,0.309534463650674,0.679776855811558,0.924266448776038,REACTOME_METABOLISM,14
REACTOME|R-HSA-9634600_REGULATION_OF_GLYCOLYSIS_BY_FRUCTOSE_2_6_BISPHOSPHATE_METABOLISM,PFI,GSVA,1057,136,1.07497054205676,0.909966924623761,1.26989414122672,0.850303313231153,0.395156474996216,1.09869603781943,0.28138657631589,0.793832084687217,0.679776855811558,0.643631364216806,REACTOME_METABOLISM,12
HUMANGEM|POOL_REACTIONS,PFI,GSVA,1057,136,0.930381524296791,0.787466344498692,1.09923400130056,-0.848061186821507,0.396403895781248,0.975740902595493,0.765542817499494,0.636333090700164,0.679776855811558,0.912233656780834,HUMANGEM_SUBSYSTEM,11
KEGG|hsa00970_AMINOACYL_TRNA_BIOSYNTHESIS,PFI,GSVA,1057,136,1.07330466599913,0.909490298120363,1.26662473303597,0.837221531550242,0.40246805674204,1.08468507774923,0.331997276482991,0.970233317239003,0.679776855811558,0.688202687709534,KEGG_METABOLISM,24
KEGG|hsa01200_CARBON_METABOLISM,PFI,GSVA,1057,136,1.07478091990812,0.907577487680421,1.27278831998232,0.835923839676915,0.403197749948363,1.11059254787547,0.226512722892118,0.0251394202320285,0.679776855811558,0.608266176460552,KEGG_METABOLISM,110
HUMANGEM|PROTEIN_ASSEMBLY,PFI,GSVA,1057,136,0.93034501348759,0.785026495610643,1.10256386117,-0.833214843509969,0.404723572602212,0.934926259855233,0.444782807438857,0.0503960682604621,0.679776855811558,0.759757756912727,HUMANGEM_SUBSYSTEM,13
FFLCLASS|3_miR,PFI,GSVA,1057,136,1.07624624467649,0.904847670529194,1.28011157778946,0.83023635105975,0.406405166482904,1.02351586160478,0.789086440383617,0.0740851253479695,0.679776855811558,0.918412400868798,FFL_MODULE,264
FFLCLASS|3node_union,PFI,GSVA,1057,136,1.07624624467649,0.904847670529194,1.28011157778946,0.83023635105975,0.406405166482904,1.02351586160478,0.789086440383617,0.0740851253479695,0.679776855811558,0.918412400868798,FFL_MODULE,264
FFLCLASS|3_Comp,PFI,GSVA,1057,136,1.07595438044838,0.90491373008377,1.27932397345643,0.82881650660611,0.407208246356508,1.02335594032461,0.790255964407467,0.0776290683807323,0.679776855811558,0.918412400868798,FFL_MODULE,258
FFLCLASS|3_TF,PFI,GSVA,1057,136,1.07595438044838,0.90491373008377,1.27932397345643,0.82881650660611,0.407208246356508,1.02335594032461,0.790255964407467,0.0776290683807323,0.679776855811558,0.918412400868798,FFL_MODULE,258
HALLMARK|HALLMARK_REACTIVE_OXYGEN_SPECIES_PATHWAY,PFI,GSVA,1057,136,1.07305523138419,0.9067354663377,1.26988253172854,0.820591476470676,0.411879004348465,1.09210277524833,0.305836861813751,0.00117179222582105,0.679776855811558,0.668808082427873,HALLMARK_METABOLIC,45
REACTOME|R-HSA-1989781_PPARA_ACTIVATES_GENE_EXPRESSION,PFI,GSVA,1057,136,1.07791795977224,0.900876880432265,1.28975130035753,0.819658230378893,0.412410968008023,1.07748671080478,0.405356075288847,0.425923430723015,0.679776855811558,0.735363136370736,REACTOME_METABOLISM,115
REACTOME|R-HSA-1855170_IPS_TRANSPORT_BETWEEN_NUCLEUS_AND_CYTOSOL,PFI,GSVA,1057,136,1.07228418555536,0.907300388214968,1.26726869020108,0.818748412699992,0.412929969014062,1.06123668193215,0.478459855512552,0.770950863453932,0.679776855811558,0.786888522702461,REACTOME_METABOLISM,26
REACTOME|R-HSA-1855196_IP3_AND_IP4_TRANSPORT_BETWEEN_CYTOSOL_AND_NUCLEUS,PFI,GSVA,1057,136,1.07228418555536,0.907300388214968,1.26726869020108,0.818748412699992,0.412929969014062,1.06123668193215,0.478459855512552,0.770950863453932,0.679776855811558,0.786888522702461,REACTOME_METABOLISM,26
REACTOME|R-HSA-1855229_IP6_AND_IP7_TRANSPORT_BETWEEN_CYTOSOL_AND_NUCLEUS,PFI,GSVA,1057,136,1.07228418555536,0.907300388214968,1.26726869020108,0.818748412699992,0.412929969014062,1.06123668193215,0.478459855512552,0.770950863453932,0.679776855811558,0.786888522702461,REACTOME_METABOLISM,26
KEGG|hsa00030_PENTOSE_PHOSPHATE_PATHWAY,PFI,GSVA,1057,136,1.07318917620823,0.9061022841082,1.27108719195433,0.818044713434547,0.413331656046223,1.09789692175754,0.272401560896844,0.00213925907055584,0.679776855811558,0.635765284892481,KEGG_METABOLISM,29
HUMANGEM|ASCORBATE_AND_ALDARATE_METABOLISM,PFI,GSVA,1057,136,0.931427811940816,0.784732182088056,1.10554631077881,-0.812433192745497,0.416543106475976,0.971363287107409,0.730385013879328,0.374723923958137,0.682239326656125,0.891697041484579,HUMANGEM_SUBSYSTEM,10
HALLMARK|HALLMARK_CHOLESTEROL_HOMEOSTASIS,PFI,GSVA,1057,136,0.934541772617095,0.79161282525057,1.10327712855063,-0.799414510562876,0.424050099292663,0.946879030553814,0.530977587241664,0.612475103520212,0.689969502876395,0.826682077560113,HALLMARK_METABOLIC,72
REACTOME|R-HSA-211981_XENOBIOTICS,PFI,GSVA,1057,136,0.93312975682145,0.786669614696929,1.10685747459703,-0.794522874992949,0.426891097451816,0.914268636155958,0.302202630260928,0.230861137798095,0.689969502876395,0.668808082427873,REACTOME_METABOLISM,24
REACTOME|R-HSA-3322077_GLYCOGEN_SYNTHESIS,PFI,GSVA,1057,136,1.0716562344516,0.903087529649242,1.27168967252269,0.792576590817762,0.428024551899822,1.02460272124048,0.775224151805075,0.036837702342528,0.689969502876395,0.918412400868798,REACTOME_METABOLISM,14
REACTOME|R-HSA-1483255_PI_METABOLISM,PFI,GSVA,1057,136,0.933882805197359,0.788496093382132,1.10607661998982,-0.792280475014953,0.428197153795149,0.947905627265963,0.528492715581285,0.493400681638801,0.689969502876395,0.826682077560113,REACTOME_METABOLISM,83
CURATED|CURATED_GLUTAMINOLYSIS,PFI,GSVA,1057,136,1.07199460628635,0.900840897041019,1.27566636870251,0.783346131811519,0.433423880027899,1.07013508840487,0.441630872859898,0.35816753504796,0.695575420367353,0.757625376716549,CURATED_SIGNATURE,18
HUMANGEM|SPHINGOLIPID_METABOLISM,PFI,GSVA,1057,136,0.935415646913506,0.790550656261129,1.10682652093276,-0.777707586696087,0.436741418602119,0.997406515737464,0.975558021473903,0.159339676930112,0.698084677123066,0.998128772613402,HUMANGEM_SUBSYSTEM,103
HUMANGEM|ACYLGLYCERIDES_METABOLISM,PFI,GSVA,1057,136,1.06794041068649,0.902926511146107,1.26311134593842,0.767576034226735,0.442739105039615,1.07193140862217,0.407033977529291,0.580257827786333,0.703091246585807,0.735363136370736,HUMANGEM_SUBSYSTEM,38
KEGG|hsa00020_CITRATE_CYCLE_TCA_CYCLE_,PFI,GSVA,1057,136,1.0675182690234,0.90326042654656,1.26164638813607,0.766453027162063,0.443406791188537,1.08905122643836,0.317404217738968,0.165664106782216,0.703091246585807,0.679176766989835,KEGG_METABOLISM,30
HUMANGEM|GLYCOSPHINGOLIPID_BIOSYNTHESIS_GANGLIO_SERIES,PFI,GSVA,1057,136,0.933915393177151,0.782328852562398,1.1148738267245,-0.756612146679259,0.449282262023126,0.980318947165981,0.818691291070257,0.0219721430249267,0.706280424290475,0.920449530638312,HUMANGEM_SUBSYSTEM,24
HUMANGEM|TERPENOID_BACKBONE_BIOSYNTHESIS,PFI,GSVA,1057,136,1.06718579019233,0.900224494692742,1.26511277742686,0.74910081983583,0.453796440940994,1.12980163996702,0.156894315180969,0.758016438797881,0.706280424290475,0.51331105897758,HUMANGEM_SUBSYSTEM,15
HUMANGEM|PYRIMIDINE_METABOLISM,PFI,GSVA,1057,136,1.06755616117653,0.899659317385132,1.26678636595289,0.748807020005659,0.453973527977678,1.14162193272189,0.13262128447465,0.0955903530944875,0.706280424290475,0.479847920190097,HUMANGEM_SUBSYSTEM,57
REACTOME|R-HSA-2160916_HYALURONAN_DEGRADATION,PFI,GSVA,1057,136,0.93620416467171,0.786882161566819,1.1138621267045,-0.743613030940752,0.457110617467661,0.93130324344007,0.416065254429309,0.161220468382199,0.706280424290475,0.735363136370736,REACTOME_METABOLISM,14
HUMANGEM|TYROSINE_METABOLISM,PFI,GSVA,1057,136,0.93602839816672,0.786051205859851,1.11462097588941,-0.742020787075067,0.458074741216454,0.972573142019997,0.747754106590575,0.519371159547754,0.706280424290475,0.901836770978936,HUMANGEM_SUBSYSTEM,47
REACTOME|R-HSA-196071_METABOLISM_OF_STEROID_HORMONES,PFI,GSVA,1057,136,1.06764034827882,0.897972705904626,1.26936587913841,0.741239916869782,0.458547984591929,1.0580128755118,0.519409686033921,0.0318913510020699,0.706280424290475,0.82360579697809,REACTOME_METABOLISM,34
REACTOME|R-HSA-1660499_SYNTHESIS_OF_PIPS_AT_THE_PLASMA_MEMBRANE,PFI,GSVA,1057,136,0.9375742850008,0.790471351263553,1.11205237038588,-0.740275010970798,0.459133140547399,0.951131444858534,0.558910616178436,0.55036214524514,0.706280424290475,0.839420472600067,REACTOME_METABOLISM,53
REACTOME|R-HSA-71336_PENTOSE_PHOSPHATE_PATHWAY,PFI,GSVA,1057,136,1.06553302387128,0.900535114236252,1.26076219240287,0.739481535254347,0.459614647967922,1.07340524325139,0.410670589769107,0.0200301685884459,0.706280424290475,0.735363136370736,REACTOME_METABOLISM,14
REACTOME|R-HSA-211999_CYP2E1_REACTIONS,PFI,GSVA,1057,136,0.937452173781402,0.788154406196423,1.11503097770979,-0.729775951520735,0.465527146513651,0.922823412437044,0.352613936705152,0.527330269862672,0.712614631970896,0.705227873410303,REACTOME_METABOLISM,11
HUMANGEM|NICOTINATE_AND_NICOTINAMIDE_METABOLISM,PFI,GSVA,1057,136,1.06457381898724,0.896729573316049,1.26383410316461,0.714823054778011,0.474718387359426,1.07416554848452,0.410249587216836,0.551185029522062,0.722864549462401,0.735363136370736,HUMANGEM_SUBSYSTEM,33
REACTOME|R-HSA-9037629_LEWIS_BLOOD_GROUP_BIOSYNTHESIS,PFI,GSVA,1057,136,1.06524038133809,0.895352103917159,1.26736405160478,0.712984162053909,0.475855557686304,1.0464767742743,0.592643622415878,0.129464228367052,0.722864549462401,0.848461013386761,REACTOME_METABOLISM,16
REACTOME|R-HSA-400206_REGULATION_OF_LIPID_METABOLISM_BY_PPARALPHA,PFI,GSVA,1057,136,1.0654903056897,0.89085610146559,1.27435799075861,0.694567469628348,0.487326404600117,1.06170608309595,0.502192570936786,0.372995803386227,0.737474939280786,0.809446996657387,REACTOME_METABOLISM,117
REACTOME|R-HSA-70635_UREA_CYCLE,PFI,GSVA,1057,136,1.06130305541,0.894022120392716,1.25988401151396,0.679882810916708,0.496578666328857,1.06507323466899,0.47150968417945,0.114686280226109,0.748629959086686,0.786888522702461,REACTOME_METABOLISM,12
CURATED|CURATED_PENTOSE_PHOSPHATE,PFI,GSVA,1057,136,1.05890502132814,0.893373067127446,1.25510817983276,0.659943035919006,0.509290385453247,1.03171466199952,0.715408507947569,0.00864064496168834,0.764896503435443,0.882339239669399,CURATED_SIGNATURE,16
KEGG|hsa00240_PYRIMIDINE_METABOLISM,PFI,GSVA,1057,136,1.05829729335582,0.890126573359031,1.25824033867206,0.64174670525662,0.521037658520678,1.07573458813001,0.408857103914893,0.275148149712735,0.775721590677826,0.735363136370736,KEGG_METABOLISM,53
REACTOME|R-HSA-1483166_SYNTHESIS_OF_PA,PFI,GSVA,1057,136,1.05613061154406,0.893751504773003,1.24801117836855,0.641186407230856,0.521401579880299,1.02623640003713,0.757082969772704,0.626515710295011,0.775721590677826,0.906039998637091,REACTOME_METABOLISM,34
HUMANGEM|PENTOSE_AND_GLUCURONATE_INTERCONVERSIONS,PFI,GSVA,1057,136,0.946046059350326,0.798202405001154,1.12127342739714,-0.639734546750528,0.522345191712707,0.981584405379674,0.829639746196525,0.11629827716232,0.775721590677826,0.924266448776038,HUMANGEM_SUBSYSTEM,10
REACTOME|R-HSA-164378_PKA_ACTIVATION_IN_GLUCAGON_SIGNALLING,PFI,GSVA,1057,136,0.946589898365689,0.797633791894876,1.12336318344704,-0.628345866243314,0.52977739123902,0.92228989644941,0.352124783749675,0.0269236434386001,0.783834207112008,0.705227873410303,REACTOME_METABOLISM,17
KEGG|hsa00603_GLYCOSPHINGOLIPID_BIOSYNTHESIS_GLOBO_AND_ISOGLOBO_SERIES,PFI,GSVA,1057,136,0.946952041345551,0.798160979512576,1.12348033996365,-0.624982723560321,0.531982397064974,0.994648842617718,0.949772003530575,0.0571676418102024,0.784181459377259,0.989553029856463,KEGG_METABOLISM,15
REACTOME|R-HSA-194002_GLUCOCORTICOID_BIOSYNTHESIS,PFI,GSVA,1057,136,0.947197213561258,0.796890468633293,1.12585430080112,-0.615347787244247,0.538325064983063,0.928547892740259,0.396986139083387,0.435495799239962,0.790602862964055,0.734885969093899,REACTOME_METABOLISM,10
REACTOME|R-HSA-74182_KETONE_BODY_METABOLISM,PFI,GSVA,1057,136,0.946909620525579,0.795082176602439,1.12772975653338,-0.6118236872881,0.540654415937139,0.989684448986473,0.905066075993645,0.0726248553628787,0.791104623319784,0.969410916225864,REACTOME_METABOLISM,10
HUMANGEM|CHOLESTEROL_METABOLISM,PFI,GSVA,1057,136,0.951433629008475,0.809840571027391,1.11778291035708,-0.605584017358166,0.54479101811727,0.992945245862423,0.933595194622956,0.988756350106134,0.794237454984152,0.982991765767028,HUMANGEM_SUBSYSTEM,29
REACTOME|R-HSA-2024101_CS_DS_DEGRADATION,PFI,GSVA,1057,136,1.05458944811945,0.885782393507055,1.25556673087793,0.597223726607586,0.550358020209714,1.00107356995505,0.99007386092318,0.101094058612466,0.798125946864816,0.99889605938257,REACTOME_METABOLISM,20
REACTOME|R-HSA-381676_GLUCAGON_LIKE_PEPTIDE_1_GLP1_REGULATES_INSULIN_SECRETION,PFI,GSVA,1057,136,0.95075145492531,0.805165387752193,1.12266168267133,-0.595560407101075,0.551468933135237,0.949252562081076,0.54004356825535,0.212795018184106,0.798125946864816,0.826682077560113,REACTOME_METABOLISM,42
REACTOME|R-HSA-77286_MITOCHONDRIAL_FATTY_ACID_BETA_OXIDATION_OF_SATURATED_FATTY_ACIDS,PFI,GSVA,1057,136,0.950610355520464,0.801407299241606,1.1275914867233,-0.581462674509548,0.560928667406083,0.961897726532847,0.654664999314337,0.926340193092845,0.806203027913747,0.874351240694987,REACTOME_METABOLISM,10
KEGG|hsa01232_NUCLEOTIDE_METABOLISM,PFI,GSVA,1057,136,1.05201795469847,0.886654889350719,1.24822159140001,0.581206774605667,0.561101102341979,1.07773050801435,0.399522513781473,0.0309422652600029,0.806203027913747,0.735363136370736,KEGG_METABOLISM,71
HUMANGEM|PORPHYRIN_METABOLISM,PFI,GSVA,1057,136,0.951776022309158,0.804765259859958,1.12564202485614,-0.577390515192633,0.56367568002948,1.00145476232223,0.986639490473979,0.00278901243056344,0.806988923207673,0.99889605938257,HUMANGEM_SUBSYSTEM,22
REACTOME|R-HSA-1430728_METABOLISM,PFI,GSVA,1057,136,0.952090055277974,0.804552861836292,1.12668230561047,-0.571513874631148,0.567651357978143,0.985968254167033,0.87052455325076,0.0600019739209211,0.809767887008247,0.949229512859733,REACTOME_METABOLISM,2009
HUMANGEM|N_GLYCAN_METABOLISM,PFI,GSVA,1057,136,1.04967554232322,0.887394358252428,1.241633704232,0.565791747343741,0.571535357215836,1.10067728861605,0.261899688570421,0.0372732571318903,0.811656191385435,0.631733794248652,HUMANGEM_SUBSYSTEM,68
REACTOME|R-HSA-71291_METABOLISM_OF_AMINO_ACIDS_AND_DERIVATIVES,PFI,GSVA,1057,136,0.950965405690541,0.797814936886128,1.13351500581049,-0.56118171851495,0.57467366428455,0.967459672912349,0.708539019208283,0.03499743930666,0.811656191385435,0.882339239669399,REACTOME_METABOLISM,341
HUMANGEM|FRUCTOSE_AND_MANNOSE_METABOLISM,PFI,GSVA,1057,136,0.952483397851808,0.802979135121107,1.12982340823401,-0.558836211222588,0.576273506769541,0.993594342874758,0.941762618678607,0.0110963414329204,0.811656191385435,0.986372426931804,HUMANGEM_SUBSYSTEM,24
HUMANGEM|ARGININE_AND_PROLINE_METABOLISM,PFI,GSVA,1057,136,1.05027086686317,0.883940201259481,1.24789990568346,0.557578241917316,0.577132417492658,1.10310751492942,0.261652754251323,0.191436174591458,0.811656191385435,0.631733794248652,HUMANGEM_SUBSYSTEM,53
REACTOME|R-HSA-202131_METABOLISM_OF_NITRIC_OXIDE_NOS3_ACTIVATION_AND_REGULATION,PFI,GSVA,1057,136,0.953685460194288,0.804420426640705,1.13064751573275,-0.546059962520943,0.585024720077005,1.02178421712348,0.804264019707892,0.813400253593468,0.818823535171113,0.919417045441044,REACTOME_METABOLISM,19
CURATED|CURATED_SERINE_GLYCINE,PFI,GSVA,1057,136,0.95262915742191,0.799634853400297,1.13489589368372,-0.543312431997615,0.586914706066574,0.987893507812311,0.890158117986007,0.00170183167472411,0.818823535171113,0.962725355865301,CURATED_SIGNATURE,16
KEGG|hsa00430_TAURINE_AND_HYPOTAURINE_METABOLISM,PFI,GSVA,1057,136,0.953499401661482,0.802456336321889,1.13297268376745,-0.541154883292914,0.588400831806378,0.976133224571077,0.779002103947135,0.708394690291904,0.818823535171113,0.918412400868798,KEGG_METABOLISM,16
REACTOME|R-HSA-196780_BIOTIN_TRANSPORT_AND_METABOLISM,PFI,GSVA,1057,136,0.955233587709572,0.80722200008185,1.13038446300519,-0.533192419304633,0.593900388568747,0.966883436278398,0.702955187860372,0.301667885026643,0.823597054530876,0.882339239669399,REACTOME_METABOLISM,11
REACTOME|R-HSA-8957322_METABOLISM_OF_STEROIDS,PFI,GSVA,1057,136,0.955065171315406,0.805557925107495,1.13232016349167,-0.529311584453005,0.596589320735076,0.952720173050674,0.584770298359438,0.281461493597939,0.824453297404723,0.848461013386761,REACTOME_METABOLISM,147
REACTOME|R-HSA-2408522_SELENOAMINO_ACID_METABOLISM,PFI,GSVA,1057,136,0.954629576981044,0.801907940049351,1.13643672014386,-0.522037107912521,0.601644494111469,0.945898034739996,0.526026363294815,0.265970408611097,0.828562313689843,0.826682077560113,REACTOME_METABOLISM,109
HUMANGEM|MISCELLANEOUS,PFI,GSVA,1057,136,0.956259799612494,0.807053565410807,1.13305094425729,-0.516755938327682,0.60532654171006,0.9797084248333,0.810008267801972,0.176729787865065,0.830758495174496,0.919417045441044,HUMANGEM_SUBSYSTEM,100
REACTOME|R-HSA-1660517_SYNTHESIS_OF_PIPS_AT_THE_LATE_ENDOSOME_MEMBRANE,PFI,GSVA,1057,136,1.04517259331197,0.881582602005181,1.23911899727354,0.5087386466972,0.61093542949007,1.03586120612919,0.681941837773277,0.138042805097713,0.834670390338586,0.880630795388772,REACTOME_METABOLISM,11
REACTOME|R-HSA-156590_GLUTATHIONE_CONJUGATION,PFI,GSVA,1057,136,0.957704122700101,0.810270285568552,1.13196448515101,-0.506691577505141,0.612371241152932,0.965883342819773,0.686296578625432,0.135714617113818,0.834670390338586,0.880630795388772,REACTOME_METABOLISM,35
HUMANGEM|TRYPTOPHAN_METABOLISM,PFI,GSVA,1057,136,0.956651077943031,0.804917970947585,1.13698701974832,-0.502960476430598,0.614992060353106,0.949993810978552,0.555344205557482,0.538850530585063,0.835136498144425,0.839420472600067,HUMANGEM_SUBSYSTEM,20
REACTOME|R-HSA-2408557_SELENOCYSTEINE_SYNTHESIS,PFI,GSVA,1057,136,0.956693187236486,0.803916300178065,1.13850391427811,-0.498737739459226,0.617964154087492,0.944740450981796,0.515893170744372,0.290583377549527,0.835136498144425,0.82360579697809,REACTOME_METABOLISM,93
REACTOME|R-HSA-174403_GLUTATHIONE_SYNTHESIS_AND_RECYCLING,PFI,GSVA,1057,136,1.04223206846945,0.885432225776467,1.22679935620542,0.497256464001687,0.619008208423631,1.06682607240401,0.453094325319397,0.02490226593046,0.835136498144425,0.767368261604766,REACTOME_METABOLISM,12
REACTOME|R-HSA-211976_ENDOGENOUS_STEROLS,PFI,GSVA,1057,136,0.958320313397158,0.809312068995651,1.1347635334406,-0.49375569688954,0.621478724937217,0.928785256131741,0.388177541920597,0.895437220020915,0.835636934206123,0.728748404171686,REACTOME_METABOLISM,25
REACTOME|R-HSA-9033658_BLOOD_GROUP_SYSTEMS_BIOSYNTHESIS,PFI,GSVA,1057,136,1.04447210157214,0.877595396633694,1.24308078090098,0.489901933166501,0.62420329501965,1.03209379544397,0.710801115875744,0.0679668057109047,0.836474449218252,0.882339239669399,REACTOME_METABOLISM,20
HUMANGEM|GLYCINE_SERINE_AND_THREONINE_METABOLISM,PFI,GSVA,1057,136,0.959067556946952,0.806228521950295,1.1408807227052,-0.47188057072492,0.637012036975609,1.01259421035842,0.887849083075619,0.0153455752993023,0.850774465490914,0.962725355865301,HUMANGEM_SUBSYSTEM,56
HUMANGEM|GLYCOSPHINGOLIPID_BIOSYNTHESIS_GLOBO_SERIES,PFI,GSVA,1057,136,0.960039477876707,0.809435612643976,1.13866474946806,-0.468423775365064,0.639481569051958,1.00330734167399,0.969196627585897,0.0254974483058742,0.851216269172841,0.994463970473552,HUMANGEM_SUBSYSTEM,13
KEGG|hsa00604_GLYCOSPHINGOLIPID_BIOSYNTHESIS_GANGLIO_SERIES,PFI,GSVA,1057,136,0.959936345173774,0.807040522665005,1.14179865930732,-0.461926602221265,0.644133956289538,1.00147183149484,0.986602365347691,0.0333040795434941,0.854551048677453,0.99889605938257,KEGG_METABOLISM,15
REACTOME|R-HSA-74217_PURINE_SALVAGE,PFI,GSVA,1057,136,1.04069007148146,0.873274261306985,1.24020124360377,0.445708694578973,0.655807683251915,1.03552897593207,0.694638377656724,0.00218277297100816,0.863303123367797,0.881008230322747,REACTOME_METABOLISM,12
KEGG|hsa01100_METABOLIC_PATHWAYS,PFI,GSVA,1057,136,0.963078383687333,0.815598806828879,1.13722576021425,-0.443626393969173,0.657312719878984,1.0058913233123,0.945176013250575,0.106990908199267,0.863303123367797,0.987349221190889,KEGG_METABOLISM,1421
KEGG|hsa00670_ONE_CARBON_POOL_BY_FOLATE,PFI,GSVA,1057,136,0.960803509886533,0.804770147740289,1.14708949779309,-0.442242948742453,0.658313410067854,0.917955288398837,0.33962596988854,0.653697489319373,0.863303123367797,0.700368580391911,KEGG_METABOLISM,35
HUMANGEM|BILE_ACID_RECYCLING,PFI,GSVA,1057,136,1.03994819649934,0.873150328281673,1.2386094540336,0.439169718171454,0.660538565133589,0.947910356908603,0.536356108788512,0.130214493279213,0.863303123367797,0.826682077560113,HUMANGEM_SUBSYSTEM,14
HUMANGEM|ISOLATED,PFI,GSVA,1057,136,1.03877901379634,0.876071509331098,1.23170520672175,0.437737593850094,0.661576514138639,1.04344820014698,0.627151190842874,0.937290502913048,0.863303123367797,0.869552146613554,HUMANGEM_SUBSYSTEM,467
REACTOME|R-HSA-975634_RETINOID_METABOLISM_AND_TRANSPORT,PFI,GSVA,1057,136,1.03729359256442,0.876583659596104,1.22746755018337,0.426317014694419,0.669876861364963,1.03083915544737,0.713754546702156,0.56599642038744,0.870184639350469,0.882339239669399,REACTOME_METABOLISM,43
KEGG|hsa00220_ARGININE_BIOSYNTHESIS,PFI,GSVA,1057,136,0.963626015433526,0.811664720448143,1.14403777104862,-0.42316552375261,0.672174498795791,0.957997700762782,0.617306310351127,0.424392410189725,0.870184639350469,0.868155164380737,KEGG_METABOLISM,22
HUMANGEM|TRANSPORT_REACTIONS,PFI,GSVA,1057,136,1.03705122922497,0.875212222114683,1.2288165371348,0.420270622868406,0.674287768069384,1.06790612820807,0.435835281541657,0.209526920450831,0.870184639350469,0.754184530667736,HUMANGEM_SUBSYSTEM,497
REACTOME|R-HSA-2024096_HS_GAG_DEGRADATION,PFI,GSVA,1057,136,1.03728730589447,0.873844359070145,1.23130045276569,0.418480813074571,0.675595611958028,1.04047710645456,0.644131876241553,0.577830399338735,0.870184639350469,0.87372229823423,REACTOME_METABOLISM,19
REACTOME|R-HSA-351202_METABOLISM_OF_POLYAMINES,PFI,GSVA,1057,136,1.03637857442126,0.87499093757412,1.22753334165642,0.413740982833276,0.679063809624853,1.07187634667502,0.426721253806068,0.0217604715194869,0.871830310421585,0.741637812291768,REACTOME_METABOLISM,44
HALLMARK|HALLMARK_HEME_METABOLISM,PFI,GSVA,1057,136,0.964738085470186,0.81022286480292,1.14872044962971,-0.403107423027801,0.686869200059337,0.996047021985075,0.963941230141385,0.352737395420611,0.878273175424905,0.993908315016247,HALLMARK_METABOLIC,190
KEGG|hsa00130_UBIQUINONE_AND_OTHER_TERPENOID_QUINONE_BIOSYNTHESIS,PFI,GSVA,1057,136,1.03567860672157,0.870729965162518,1.23187465613467,0.396076594000206,0.692048524629412,1.08836434067404,0.325954788658296,0.490226019711935,0.878273175424905,0.682789504663167,KEGG_METABOLISM,12
REACTOME|R-HSA-8956319_NUCLEOTIDE_CATABOLISM,PFI,GSVA,1057,136,1.03632726405198,0.867777781847557,1.23761430712239,0.394014816955338,0.693570099956011,1.04005936277976,0.658196715070012,0.0320181399991959,0.878273175424905,0.876128068889179,REACTOME_METABOLISM,32
REACTOME|R-HSA-9969896_LANOSTEROL_BIOSYNTHESIS,PFI,GSVA,1057,136,1.03458447305305,0.873355969447051,1.22557704913854,0.39335924915883,0.694054163224043,1.08597827841428,0.345551936974115,0.663380922685778,0.878273175424905,0.705227873410303,REACTOME_METABOLISM,13
REACTOME|R-HSA-200425_CARNITINE_SHUTTLE,PFI,GSVA,1057,136,1.03569320997017,0.869081219554689,1.23424646746819,0.391922193460336,0.695115704167952,1.07026452017941,0.439504669118341,0.0420355791547033,0.878273175424905,0.757241810861903,REACTOME_METABOLISM,14
HUMANGEM|GLYCOLYSIS_GLUCONEOGENESIS,PFI,GSVA,1057,136,1.03327524886978,0.87424926773609,1.22122806312627,0.383895344976977,0.701056016678537,1.03954121508807,0.652013482738723,0.178038484824028,0.882975615943221,0.873741973501723,HUMANGEM_SUBSYSTEM,68
HUMANGEM|GLYCOSPHINGOLIPID_METABOLISM,PFI,GSVA,1057,136,0.967550799363004,0.814446570915004,1.14943641827388,-0.375336948867135,0.707409890185291,0.999440431071146,0.994751851957126,0.0569776291729545,0.888167622377747,0.99889605938257,HUMANGEM_SUBSYSTEM,54
REACTOME|R-HSA-350562_REGULATION_OF_ORNITHINE_DECARBOXYLASE_ODC_,PFI,GSVA,1057,136,1.03137068872711,0.872019191938574,1.2198418422428,0.360727562549991,0.718303118153042,1.07188414741827,0.426648889449374,0.0335245798391331,0.897616884305365,0.741637812291768,REACTOME_METABOLISM,37
KEGG|hsa00860_PORPHYRIN_METABOLISM,PFI,GSVA,1057,136,1.03135262515635,0.87061975578112,1.22175982149928,0.357142537943596,0.720985100850338,1.10014992777372,0.269295481272943,0.0126441059062775,0.897616884305365,0.635765284892481,KEGG_METABOLISM,43
REACTOME|R-HSA-6799198_COMPLEX_I_BIOGENESIS,PFI,GSVA,1057,136,0.969752539432923,0.817520184737247,1.15033243862824,-0.352531355641939,0.724439807446983,0.996706175688451,0.969477438552106,0.190771455701502,0.897616884305365,0.994463970473552,REACTOME_METABOLISM,53
REACTOME|R-HSA-159418_RECYCLING_OF_BILE_ACIDS_AND_SALTS,PFI,GSVA,1057,136,0.969453428811772,0.815590774793532,1.15234254687692,-0.351839324276615,0.724958765290363,0.990745866808063,0.915056039329808,0.68130692974736,0.897616884305365,0.972399383183057,REACTOME_METABOLISM,16
HUMANGEM|LIPOIC_ACID_METABOLISM,PFI,GSVA,1057,136,0.96932223258511,0.812639459519529,1.15621457902046,-0.346379607243704,0.729057448731016,0.997809134304646,0.980073089574011,0.641544469529709,0.897616884305365,0.99889605938257,HUMANGEM_SUBSYSTEM,10
KEGG|hsa01521_EGFR_TYROSINE_KINASE_INHIBITOR_RESISTANCE,PFI,GSVA,1057,136,0.97104934081548,0.821258452648178,1.14816087342254,-0.34368553648008,0.731082789541521,0.93344696325761,0.417568012110016,0.0549377376381369,0.897616884305365,0.735363136370736,KEGG_METABOLISM,79
HUMANGEM|SULFUR_METABOLISM,PFI,GSVA,1057,136,0.970029799119223,0.815241506098972,1.15420743931682,-0.343068413351472,0.731546993176316,0.999666413942885,0.996942423507603,0.928035388760386,0.897616884305365,0.99889605938257,HUMANGEM_SUBSYSTEM,20
REACTOME|R-HSA-163685_INTEGRATION_OF_ENERGY_METABOLISM,PFI,GSVA,1057,136,0.971862081010357,0.823242010098215,1.14731256777469,-0.337068302190865,0.736065411809086,0.972377992587144,0.737543598735505,0.0850319302980967,0.897616884305365,0.894946196026619,REACTOME_METABOLISM,108
REACTOME|R-HSA-196854_METABOLISM_OF_VITAMINS_AND_COFACTORS,PFI,GSVA,1057,136,0.971432405598535,0.819758172062075,1.15116988254372,-0.334631627951032,0.737902983416637,0.964088975549732,0.675585579413735,0.121524423097396,0.897616884305365,0.880166784837733,REACTOME_METABOLISM,182
REACTOME|R-HSA-2022857_KERATAN_SULFATE_DEGRADATION,PFI,GSVA,1057,136,1.02875280420697,0.870050687246893,1.21640307590882,0.331603556665509,0.740188633581594,1.0488888902971,0.57456311718965,0.978526049208476,0.897616884305365,0.846948594968447,REACTOME_METABOLISM,15
REACTOME|R-HSA-422356_REGULATION_OF_INSULIN_SECRETION,PFI,GSVA,1057,136,0.972675838365655,0.825011661308026,1.14676959237197,-0.3297876564743,0.741560414794484,0.972673372138222,0.741714566241317,0.271443642823352,0.897616884305365,0.897271724510773,REACTOME_METABOLISM,78
REACTOME|R-HSA-163560_TRIGLYCERIDE_CATABOLISM,PFI,GSVA,1057,136,1.02906897093159,0.867260929501951,1.22106613005425,0.328303186387229,0.742682435190994,0.968416128137289,0.710913676899471,0.157737686824847,0.897616884305365,0.882339239669399,REACTOME_METABOLISM,24
KEGG|hsa00061_FATTY_ACID_BIOSYNTHESIS,PFI,GSVA,1057,136,0.97243588053607,0.821328307506859,1.15134414960617,-0.324395037935014,0.745638975964835,0.981281080322951,0.831375348396537,0.139619148186973,0.897616884305365,0.924266448776038,KEGG_METABOLISM,17
KEGG|hsa00040_PENTOSE_AND_GLUCURONATE_INTERCONVERSIONS,PFI,GSVA,1057,136,1.02781985358045,0.870057891362539,1.21418777060887,0.322753836455582,0.746881676573585,1.07258681416113,0.413511215012504,0.180190124546925,0.897616884305365,0.735363136370736,KEGG_METABOLISM,33
REACTOME|R-HSA-70263_GLUCONEOGENESIS,PFI,GSVA,1057,136,1.02765663656769,0.868574146606328,1.21587565875395,0.317932379995601,0.750536230266837,1.09491428086828,0.292057760045472,0.075177174163068,0.897616884305365,0.660448798284646,REACTOME_METABOLISM,24
KEGG|hsa00140_STEROID_HORMONE_BIOSYNTHESIS,PFI,GSVA,1057,136,0.972066795505054,0.816003203987812,1.15797811859765,-0.317293166557524,0.751021161994188,0.965679474244795,0.689800781867345,0.832625099623943,0.897616884305365,0.880630795388772,KEGG_METABOLISM,61
KEGG|hsa00450_SELENOCOMPOUND_METABOLISM,PFI,GSVA,1057,136,0.97443432400235,0.828865472694076,1.14556859113418,-0.313724478543395,0.75373030753391,1.00093860025385,0.991382665653937,0.592436802783062,0.898157671851785,0.99889605938257,KEGG_METABOLISM,13
REACTOME|R-HSA-196108_PREGNENOLONE_BIOSYNTHESIS,PFI,GSVA,1057,136,0.972448542253328,0.814050884883818,1.16166714500358,-0.30798915023373,0.758090588187175,0.987502089381916,0.888124335431975,0.00773423424204156,0.900656877905957,0.962725355865301,REACTOME_METABOLISM,10
REACTOME|R-HSA-1483249_INOSITOL_PHOSPHATE_METABOLISM,PFI,GSVA,1057,136,1.02652721096666,0.865891969750028,1.21696256769674,0.301543664671326,0.76299995889666,1.034484145271,0.688638540487969,0.811811224200902,0.901672532772869,0.880630795388772,REACTOME_METABOLISM,76
REACTOME|R-HSA-8979227_TRIGLYCERIDE_METABOLISM,PFI,GSVA,1057,136,1.02621810948989,0.867024407782499,1.21464124745745,0.300918698676079,0.76347649131773,0.960665475496552,0.635511665315535,0.0926077956975331,0.901672532772869,0.869552146613554,REACTOME_METABOLISM,36
REACTOME|R-HSA-9854311_MATURATION_OF_TCA_ENZYMES_AND_REGULATION_OF_TCA_CYCLE,PFI,GSVA,1057,136,0.974586489764272,0.819706275106475,1.15873070010068,-0.291530362908916,0.770645725595958,1.01446837199556,0.867995210885296,0.320521951831496,0.907446741973939,0.94907168662733,REACTOME_METABOLISM,17
REACTOME|R-HSA-196791_VITAMIN_D_CALCIFEROL_METABOLISM,PFI,GSVA,1057,136,1.02594429738207,0.859794788202073,1.22420107189975,0.284150971517611,0.776294686454658,0.954781608589995,0.599351831827052,0.899978174721127,0.909692577391052,0.848904018032622,REACTOME_METABOLISM,12
REACTOME|R-HSA-209968_THYROXINE_BIOSYNTHESIS,PFI,GSVA,1057,136,0.975553185172117,0.82190810454876,1.15792022469709,-0.28306852018007,0.777124312344115,1.01147660808823,0.895471719069464,0.384987663033138,0.909692577391052,0.964325157617311,REACTOME_METABOLISM,14
REACTOME|R-HSA-209776_METABOLISM_OF_AMINE_DERIVED_HORMONES,PFI,GSVA,1057,136,0.977725107721703,0.826502569384649,1.15661635145447,-0.262771855038164,0.792726429819279,1.02398490158456,0.781633083578321,0.633851385976393,0.925234953278806,0.918412400868798,REACTOME_METABOLISM,22
REACTOME|R-HSA-70268_PYRUVATE_METABOLISM,PFI,GSVA,1057,136,0.979145607164265,0.829417305887026,1.1559032024341,-0.248900920525753,0.80343742322616,0.959914943422855,0.633073244168121,0.428654516000082,0.933691861914488,0.869552146613554,REACTOME_METABOLISM,43
REACTOME|R-HSA-1655829_REGULATION_OF_CHOLESTEROL_BIOSYNTHESIS_BY_SREBP_SREBF_,PFI,GSVA,1057,136,1.02137658405839,0.863283684145509,1.20842099256789,0.246525748499075,0.80527527494577,1.06065567493459,0.502345246669283,0.0477975911029543,0.933691861914488,0.809446996657387,REACTOME_METABOLISM,53
REACTOME|R-HSA-1428517_AEROBIC_RESPIRATION_AND_RESPIRATORY_ELECTRON_TRANSPORT,PFI,GSVA,1057,136,0.979096731356059,0.825162973758693,1.16174675771681,-0.24206249454083,0.808731739097281,1.00854245532657,0.921708537105841,0.244665270501391,0.933691861914488,0.973783043400585,REACTOME_METABOLISM,198
REACTOME|R-HSA-1855183_SYNTHESIS_OF_IP2_IP_AND_INS_IN_THE_CYTOSOL,PFI,GSVA,1057,136,1.02072600050012,0.858748263336212,1.21325609911488,0.23269214672604,0.816000467852025,1.0471637089388,0.591637677357863,0.61498511422434,0.933691861914488,0.848461013386761,REACTOME_METABOLISM,14
KEGG|hsa00983_DRUG_METABOLISM_OTHER_ENZYMES,PFI,GSVA,1057,136,0.980348688723871,0.828297659081022,1.16031180451351,-0.230811902739219,0.817460933842164,1.005102359263,0.953446765892452,0.14106159517228,0.933691861914488,0.990788023042287,KEGG_METABOLISM,78
REACTOME|R-HSA-9840309_GLYCOSPHINGOLIPID_BIOSYNTHESIS,PFI,GSVA,1057,136,1.01971273693246,0.862409840179582,1.20570756201689,0.228362130414898,0.819364727205419,1.00456199211176,0.956629263940407,0.353929283159965,0.933691861914488,0.991506372521568,REACTOME_METABOLISM,19
KEGG|hsa01240_BIOSYNTHESIS_OF_COFACTORS,PFI,GSVA,1057,136,0.980475693060625,0.827372238920305,1.1619106122502,-0.227620645546814,0.819941168407512,1.03878535388059,0.665328961646656,0.00992496919315725,0.933691861914488,0.8768073850973,KEGG_METABOLISM,139
KEGG|hsa00360_PHENYLALANINE_METABOLISM,PFI,GSVA,1057,136,0.979917021276116,0.822313344671362,1.16772684623088,-0.226769847287502,0.820602711295654,0.955714321435174,0.598454502819232,0.456744459800307,0.933691861914488,0.848904018032622,KEGG_METABOLISM,16
REACTOME|R-HSA-1482922_ACYL_CHAIN_REMODELLING_OF_PI,PFI,GSVA,1057,136,0.979448490205623,0.818126288551471,1.17258100416818,-0.226148648859483,0.821085808216258,0.89859182393486,0.222557371815521,0.405752730148527,0.933691861914488,0.602570299201207,REACTOME_METABOLISM,16
REACTOME|R-HSA-499943_INTERCONVERSION_OF_NUCLEOTIDE_DI_AND_TRIPHOSPHATES,PFI,GSVA,1057,136,1.01856267227772,0.861220810447655,1.20465031124628,0.214838838839409,0.829892970829583,1.05528123943749,0.539886302289827,0.369506587514244,0.941018240427847,0.826682077560113,REACTOME_METABOLISM,25
HUMANGEM|METABOLISM_OF_OTHER_AMINO_ACIDS,PFI,GSVA,1057,136,1.01737856645468,0.857037742950869,1.20771711163801,0.196903135154077,0.843903340212534,1.03493393226012,0.690343739098736,0.110068313060227,0.944663833916011,0.880630795388772,HUMANGEM_SUBSYSTEM,26
CURATED|CURATED_LIPID_SYNTHESIS,PFI,GSVA,1057,136,0.983668619433031,0.831310426826217,1.16395021839364,-0.191779514353872,0.847914918277254,0.978421967477408,0.801982781629841,0.0983855981540573,0.944663833916011,0.919417045441044,CURATED_SIGNATURE,34
KEGG|hsa00053_ASCORBATE_AND_ALDARATE_METABOLISM,PFI,GSVA,1057,136,0.983740874542421,0.831744310389972,1.16351395032898,-0.191434038841739,0.848185554029258,1.05414346683558,0.535616480955541,0.239800034846572,0.944663833916011,0.826682077560113,KEGG_METABOLISM,29
KEGG|hsa00270_CYSTEINE_AND_METHIONINE_METABOLISM,PFI,GSVA,1057,136,1.0171479460017,0.854201919691861,1.2111772640697,0.190875808975443,0.848622893343543,1.00012088759177,0.99889605938257,0.00943806336378332,0.944663833916011,0.99889605938257,KEGG_METABOLISM,49
REACTOME|R-HSA-75109_TRIGLYCERIDE_BIOSYNTHESIS,PFI,GSVA,1057,136,1.01655032497369,0.855067065117758,1.208530424525,0.185982332476729,0.852458616248503,0.974154641299676,0.758068642075758,0.357496867519126,0.944663833916011,0.906039998637091,REACTOME_METABOLISM,12
REACTOME|R-HSA-191273_CHOLESTEROL_BIOSYNTHESIS,PFI,GSVA,1057,136,0.984656181572303,0.836137430557878,1.15955554729999,-0.185364415266298,0.852943217221343,1.01572616083349,0.856608881842548,0.669222099750908,0.944663833916011,0.939202024719928,REACTOME_METABOLISM,24
KEGG|hsa00330_ARGININE_AND_PROLINE_METABOLISM,PFI,GSVA,1057,136,1.01638785218014,0.855298466642798,1.20781727823534,0.184630713006684,0.853518694577953,1.07702117016742,0.392821349567549,0.00425685682901727,0.944663833916011,0.730574285644321,KEGG_METABOLISM,45
KEGG|hsa00480_GLUTATHIONE_METABOLISM,PFI,GSVA,1057,136,1.01548553099096,0.861734109254631,1.19666942804894,0.183456469961224,0.854439870999653,1.0201867326585,0.816835361191416,0.0855494430209649,0.944663833916011,0.920449530638312,KEGG_METABOLISM,56
HUMANGEM|PHOSPHATIDYLINOSITOL_PHOSPHATE_METABOLISM,PFI,GSVA,1057,136,0.98340712098001,0.822398365731025,1.17593809264754,-0.183418323692674,0.85446979952202,1.03172464597011,0.719888411764701,0.387106013651891,0.944663833916011,0.884307370007255,HUMANGEM_SUBSYSTEM,21
REACTOME|R-HSA-6806667_METABOLISM_OF_FAT_SOLUBLE_VITAMINS,PFI,GSVA,1057,136,1.01403955049069,0.857555096248939,1.19907888654289,0.163032364431918,0.870492952435803,1.00975832819756,0.906082564914627,0.667933987469468,0.959157655306471,0.969410916225864,REACTOME_METABOLISM,47
REACTOME|R-HSA-189483_HEME_DEGRADATION,PFI,GSVA,1057,136,1.01465441758269,0.849601582832652,1.21177220937789,0.1606111449868,0.872399676434529,1.04851605925786,0.587666147646864,0.0117795222856892,0.959157655306471,0.848461013386761,REACTOME_METABOLISM,15
KEGG|hsa00190_OXIDATIVE_PHOSPHORYLATION,PFI,GSVA,1057,136,0.986732502430371,0.831433054755291,1.17103959938069,-0.152867841426075,0.878502496616538,1.02073438007514,0.813152763807154,0.145636847326097,0.960601120782401,0.919417045441044,KEGG_METABOLISM,103
REACTOME|R-HSA-2142845_HYALURONAN_METABOLISM,PFI,GSVA,1057,136,0.986417876799888,0.827731518566236,1.17552637038134,-0.152820642600593,0.878539718504508,0.966280633303052,0.697280383295641,0.861884103780023,0.960601120782401,0.881008230322747,REACTOME_METABOLISM,18
HALLMARK|HALLMARK_OXIDATIVE_PHOSPHORYLATION,PFI,GSVA,1057,136,1.01268179293331,0.853141911474579,1.20205607056169,0.144081063638823,0.885436457716182,1.03827168713786,0.666430444472487,0.137217933523385,0.96389635571089,0.8768073850973,HALLMARK_METABOLIC,182
HUMANGEM|ANDROGEN_METABOLISM,PFI,GSVA,1057,136,0.987773241545642,0.833507006492272,1.17059121172802,-0.14199403089856,0.887084720566472,0.979681458105486,0.811562968666618,0.662945471625559,0.96389635571089,0.919417045441044,HUMANGEM_SUBSYSTEM,22
REACTOME|R-HSA-204174_REGULATION_OF_PYRUVATE_DEHYDROGENASE_PDH_COMPLEX,PFI,GSVA,1057,136,1.011767522976,0.85768900962649,1.19352528604136,0.13878908201304,0.889616821774685,1.02053566756686,0.812937533460453,0.627055299056606,0.96389635571089,0.919417045441044,REACTOME_METABOLISM,15
KEGG|hsa00100_STEROID_BIOSYNTHESIS,PFI,GSVA,1057,136,0.989281605263235,0.844775471483445,1.15850676013784,-0.133757826458375,0.893594077046777,0.998573567684497,0.986730245447872,0.687395195081231,0.96389635571089,0.99889605938257,KEGG_METABOLISM,18
REACTOME|R-HSA-71403_CITRIC_ACID_CYCLE_TCA_CYCLE_,PFI,GSVA,1057,136,1.01169944056554,0.851804367749095,1.20160895716622,0.132522299626395,0.894571186024836,1.05993102048914,0.504786197461014,0.304723331921535,0.96389635571089,0.810100429796305,REACTOME_METABOLISM,30
CONTROL|CONTROL_CAF_FULL,PFI,GSVA,1057,136,1.01143805102986,0.850698623377051,1.20254917894425,0.128799179801604,0.897516554548307,1.01889200009177,0.828203011976039,0.426633263332182,0.96389635571089,0.924266448776038,CONTEXT_CONTROL,123
HUMANGEM|BETA_OXIDATION_OF_DI_UNSATURATED_FATTY_ACIDS_N_6_MITOCHONDRIAL_,PFI,GSVA,1057,136,0.98899937977343,0.832554987287772,1.17484104729066,-0.125908169518482,0.899804615803428,1.02156932843775,0.807604556650385,0.176545654023508,0.96389635571089,0.919417045441044,HUMANGEM_SUBSYSTEM,11
HUMANGEM|GLUTATHIONE_METABOLISM,PFI,GSVA,1057,136,1.01068650899209,0.854934820692073,1.19481297841129,0.124488819744683,0.900928252071486,1.04844430301202,0.58718826862301,0.160226187267704,0.96389635571089,0.848461013386761,HUMANGEM_SUBSYSTEM,30
REACTOME|R-HSA-1482925_ACYL_CHAIN_REMODELLING_OF_PG,PFI,GSVA,1057,136,0.989889768073714,0.829050986736824,1.18193183364256,-0.112326941984421,0.910564180366618,0.926242522075964,0.382957897873195,0.855881315159692,0.968833006890554,0.728748404171686,REACTOME_METABOLISM,17
REACTOME|R-HSA-1660516_SYNTHESIS_OF_PIPS_AT_THE_EARLY_ENDOSOME_MEMBRANE,PFI,GSVA,1057,136,1.00947349817285,0.854401495564001,1.19269073006556,0.110806613881861,0.911769700533776,0.995795802561025,0.960063060363469,0.269687516474531,0.968833006890554,0.992480774090027,REACTOME_METABOLISM,16
REACTOME|R-HSA-203615_ENOS_ACTIVATION,PFI,GSVA,1057,136,0.990598071425015,0.83643271069036,1.17317810096289,-0.109450514225089,0.912845169808939,1.03813170277896,0.669722223792912,0.987286747736745,0.968833006890554,0.8768073850973,REACTOME_METABOLISM,15
KEGG|hsa00051_FRUCTOSE_AND_MANNOSE_METABOLISM,PFI,GSVA,1057,136,0.991071936456412,0.835063411362664,1.17622634385173,-0.102625200801699,0.918260441090642,1.05357316437733,0.550394171418008,0.000225800143238189,0.970178662943433,0.839298391664242,KEGG_METABOLISM,31
REACTOME|R-HSA-196741_COBALAMIN_CBL_VITAMIN_B12_TRANSPORT_AND_METABOLISM,PFI,GSVA,1057,136,1.00839498794641,0.850545468729476,1.19553920290047,0.0962508748109642,0.923321326084233,0.96661184289368,0.697254662684023,0.36567297864734,0.970178662943433,0.881008230322747,REACTOME_METABOLISM,20
REACTOME|R-HSA-1855204_SYNTHESIS_OF_IP3_AND_IP4_IN_THE_CYTOSOL,PFI,GSVA,1057,136,0.991794240728407,0.837606874710997,1.17436454456207,-0.0955787716347326,0.923855125779902,1.00837291906839,0.922402531060353,0.50410151794513,0.970178662943433,0.973783043400585,REACTOME_METABOLISM,28
HUMANGEM|STEROID_METABOLISM,PFI,GSVA,1057,136,0.991355910607341,0.829664897337434,1.18455842190031,-0.095568100715836,0.923863601144626,0.982354170660737,0.84204730342611,0.911607091512211,0.970178662943433,0.928351320674769,HUMANGEM_SUBSYSTEM,60
HUMANGEM|CHOLESTEROL_BIOSYNTHESIS_1_BLOCH_PATHWAY_,PFI,GSVA,1057,136,1.00589922750329,0.853381875171947,1.18567464968463,0.0701119724535203,0.944104537514277,1.04211642361127,0.635778077046593,0.515368608583245,0.987933783687461,0.869552146613554,HUMANGEM_SUBSYSTEM,16
KEGG|hsa00785_LIPOIC_ACID_METABOLISM,PFI,GSVA,1057,136,0.994027638467557,0.833946850352504,1.18483683416962,-0.0668635291803761,0.946690347533237,1.00699142255087,0.936735790439777,0.851551039356853,0.987933783687461,0.983696159881348,KEGG_METABOLISM,19
REACTOME|R-HSA-611105_RESPIRATORY_ELECTRON_TRANSPORT,PFI,GSVA,1057,136,0.994327193683964,0.837462832867081,1.18057366762729,-0.0649449230021602,0.94821785268495,1.02289659711665,0.793516649367433,0.220521938983211,0.987933783687461,0.918412400868798,REACTOME_METABOLISM,126
REACTOME|R-HSA-9861718_REGULATION_OF_PYRUVATE_METABOLISM,PFI,GSVA,1057,136,1.0051955235043,0.850615709970041,1.18786665779858,0.0608279571647126,0.951496224943499,1.0091508013586,0.916205448979012,0.952171536966066,0.988257485381516,0.972399383183057,REACTOME_METABOLISM,30
REACTOME|R-HSA-71064_LYSINE_CATABOLISM,PFI,GSVA,1057,136,1.00517881600676,0.84498461091914,1.19574302193467,0.058318842061361,0.953494659262568,1.03277002763152,0.710623897220077,0.947448533449539,0.988257485381516,0.882339239669399,REACTOME_METABOLISM,10
HALLMARK|HALLMARK_ADIPOGENESIS,PFI,GSVA,1057,136,0.996211101980763,0.844642856607876,1.17497774585509,-0.0450806191253582,0.96404304941278,1.01576191744559,0.854242408512435,0.744270845906044,0.990526399808158,0.939194692231904,HALLMARK_METABOLIC,189
REACTOME|R-HSA-156588_GLUCURONIDATION,PFI,GSVA,1057,136,0.996671877631993,0.84032332315889,1.18211027147066,-0.0382922815322612,0.969454644719607,1.02162784393298,0.807444506510719,0.88465163685795,0.990526399808158,0.919417045441044,REACTOME_METABOLISM,25
REACTOME|R-HSA-1660514_SYNTHESIS_OF_PIPS_AT_THE_GOLGI_MEMBRANE,PFI,GSVA,1057,136,1.00305280477941,0.8462156815425,1.18895802940199,0.0351373997418708,0.971970179132856,1.04201838025666,0.628557789461015,0.862823396129492,0.990526399808158,0.869552146613554,REACTOME_METABOLISM,18
HUMANGEM|BETA_OXIDATION_OF_UNSATURATED_FATTY_ACIDS_N_7_MITOCHONDRIAL_,PFI,GSVA,1057,136,0.997049736412838,0.839459473350992,1.18422414474946,-0.0336606650191474,0.973147745951902,1.01824087261861,0.836647035954964,0.134150657692898,0.990526399808158,0.924959778639099,HUMANGEM_SUBSYSTEM,10
HUMANGEM|BETA_OXIDATION_OF_UNSATURATED_FATTY_ACIDS_N_9_MITOCHONDRIAL_,PFI,GSVA,1057,136,0.997049736412838,0.839459473350992,1.18422414474946,-0.0336606650191474,0.973147745951902,1.01824087261861,0.836647035954964,0.134150657692898,0.990526399808158,0.924959778639099,HUMANGEM_SUBSYSTEM,10
KEGG_EXTRA|hsa04933_AGE_RAGE_SIGNALING_PATHWAY_IN_DIABETIC_COMPLICATIONS,PFI,GSVA,1057,136,0.997030133849564,0.835175083538496,1.19025232840086,-0.0329096270489498,0.973746655680595,0.958402050911872,0.625026202365119,0.261434726891185,0.990526399808158,0.869552146613554,KEGG_CLAIM_SPECIFIC,98
KEGG|hsa00512_MUCIN_TYPE_O_GLYCAN_BIOSYNTHESIS,PFI,GSVA,1057,136,1.00277022268544,0.849765842794832,1.18332376857773,0.0327500736220636,0.973873892310156,0.990432327781759,0.90868799280353,0.825860607720377,0.990526399808158,0.969592013768914,KEGG_METABOLISM,30
HUMANGEM|TRICARBOXYLIC_ACID_CYCLE_AND_GLYOXYLATE_DICARBOXYLATE_METABOLISM,PFI,GSVA,1057,136,0.997397760981746,0.841634833891792,1.18198802325154,-0.0300761687528592,0.976006306711406,1.03991066221065,0.648475514140388,0.0635017800196057,0.990526399808158,0.87372229823423,HUMANGEM_SUBSYSTEM,45
KEGG|hsa00010_GLYCOLYSIS_GLUCONEOGENESIS,PFI,GSVA,1057,136,1.00232871809008,0.848384390535285,1.18420714751035,0.0273406327112313,0.978188048753638,1.029261324935,0.737449296727858,0.0737074018819816,0.990526399808158,0.894946196026619,KEGG_METABOLISM,64
REACTOME|R-HSA-2426168_ACTIVATION_OF_GENE_EXPRESSION_BY_SREBF_SREBP_,PFI,GSVA,1057,136,0.997884714527515,0.841520441411986,1.18330328591526,-0.0243525952436528,0.980571360614107,1.03278901039343,0.716069282445266,0.042299418573774,0.990526399808158,0.882339239669399,REACTOME_METABOLISM,40
REACTOME|R-HSA-1660661_SPHINGOLIPID_DE_NOVO_BIOSYNTHESIS,PFI,GSVA,1057,136,0.998862482621525,0.844436840415557,1.18152857790743,-0.0132827667829172,0.98940219709182,1.03507787471786,0.68086339826679,0.991900914243848,0.99454072978466,0.880630795388772,REACTOME_METABOLISM,28
REACTOME|R-HSA-1482788_ACYL_CHAIN_REMODELLING_OF_PC,PFI,GSVA,1057,136,0.998806877308276,0.835366774449122,1.19422415239842,-0.013094796925578,0.989552162295329,0.906413646300901,0.265506463367221,0.456971519507622,0.99454072978466,0.635765284892481,REACTOME_METABOLISM,25
HUMANGEM|O_GLYCAN_METABOLISM,PFI,GSVA,1057,136,1.00061998235456,0.845593972196761,1.18406750994939,0.00721646343835713,0.994242145214611,0.989048747615749,0.896483186729661,0.639267817009816,0.99454072978466,0.964325157617311,HUMANGEM_SUBSYSTEM,27
HUMANGEM|OXIDATIVE_PHOSPHORYLATION,PFI,GSVA,1057,136,1.00059363486398,0.844165725887083,1.1860083765877,0.00684223392779481,0.99454072978466,1.02716686990434,0.756117565535522,0.253238980830601,0.99454072978466,0.906039998637091,HUMANGEM_SUBSYSTEM,73
KEGG|hsa00410_BETA_ALANINE_METABOLISM,DSS,ssGSEA,1040,79,0.601514348858471,0.487620874992041,0.742009890139621,-4.74616372006725,2.07310932284693e-06,0.66428558053327,0.00017849225547272,0.0462380017318526,0.000462376986656917,0.0149265978752195,KEGG_METABOLISM,31
HUMANGEM|BETA_ALANINE_METABOLISM,DSS,ssGSEA,1040,79,0.581621080404362,0.463672573676152,0.729573195344974,-4.68669385887637,2.77653815515529e-06,0.640613958110724,6.60956514305936e-05,0.0261354919576013,0.000462376986656917,0.00876868975645875,HUMANGEM_SUBSYSTEM,17
REACTOME|R-HSA-8978868_FATTY_ACID_METABOLISM,DSS,ssGSEA,1040,79,0.5854036257066,0.466900034432303,0.733984535698554,-4.63993109545662,3.48525366826822e-06,0.674043404791924,0.000436007321495562,0.673079125135663,0.000462376986656917,0.0154898341561015,REACTOME_METABOLISM,165
KEGG|hsa00340_HISTIDINE_METABOLISM,DSS,ssGSEA,1040,79,0.597385937181755,0.478769648879164,0.745389685369537,-4.5620262439287,5.06623128322802e-06,0.638669773207405,5.55719386822979e-05,0.292781820549109,0.000471115715468202,0.00876868975645875,KEGG_METABOLISM,20
HUMANGEM|HISTIDINE_METABOLISM,DSS,ssGSEA,1040,79,0.592958156855412,0.472936112351071,0.743439476493957,-4.52927868729792,5.91853913904776e-06,0.611404898177331,2.13782672145953e-05,0.376687217690475,0.000471115715468202,0.00850855035140894,HUMANGEM_SUBSYSTEM,40
HUMANGEM|BETA_OXIDATION_OF_EVEN_CHAIN_FATTY_ACIDS_MITOCHONDRIAL_,DSS,ssGSEA,1040,79,0.589475887029856,0.465646505168667,0.746235218202209,-4.3930073644658,1.1179333877814e-05,0.710150096894311,0.00243771483620939,0.396252452141275,0.000741562480561665,0.0452032078103271,HUMANGEM_SUBSYSTEM,15
HALLMARK|HALLMARK_BILE_ACID_METABOLISM,DSS,ssGSEA,1040,79,0.616817737159804,0.495307950164412,0.768136511333303,-4.31660217080366,1.58449357081094e-05,0.685900847586054,0.000418560860212252,0.0698181037601341,0.000900897773118219,0.0154898341561015,HALLMARK_METABOLIC,111
HUMANGEM|GLYCOSPHINGOLIPID_BIOSYNTHESIS_LACTO_AND_NEOLACTO_SERIES,DSS,ssGSEA,1040,79,1.61355575450676,1.29550532018231,2.0096885225724,4.27140963899495,1.94241231825148e-05,1.2987840881655,0.0115610055976146,0.00271854340376342,0.000932987620686664,0.0762697385711884,HUMANGEM_SUBSYSTEM,26
KEGG|hsa00601_GLYCOSPHINGOLIPID_BIOSYNTHESIS_LACTO_AND_NEOLACTO_SERIES,DSS,ssGSEA,1040,79,1.60742530085482,1.29161761602005,2.0004497196236,4.25294532655859,2.10977100155276e-05,1.28889743686244,0.0133554698724585,0.00268534411443517,0.000932987620686664,0.0817765693728999,KEGG_METABOLISM,28
REACTOME|R-HSA-9018677_BIOSYNTHESIS_OF_DHA_DERIVED_SPMS,DSS,ssGSEA,1040,79,0.579781854893683,0.446937583297358,0.752111730644753,-4.10556195502904,4.03333161357916e-05,0.647462971709968,0.000434291217163069,0.775735335696251,0.00139149971933279,0.0154898341561015,REACTOME_METABOLISM,17
HUMANGEM|BETA_OXIDATION_OF_ODD_CHAIN_FATTY_ACIDS_MITOCHONDRIAL_,DSS,ssGSEA,1040,79,0.612992355657454,0.485112839571176,0.77458190640065,-4.09978052584574,4.13542127120089e-05,0.719236792659651,0.00384636769887067,0.306444454279562,0.00139149971933279,0.051163026010523,HUMANGEM_SUBSYSTEM,11
CURATED|CURATED_GLUTAMINOLYSIS,DSS,ssGSEA,1040,79,1.58854972575014,1.27300225570886,1.98231402958172,4.09644248916074,4.19547654070189e-05,1.47957504026772,0.000447189419915529,0.289572794753572,0.00139149971933279,0.0154898341561015,CURATED_SIGNATURE,18
REACTOME|R-HSA-193368_SYNTHESIS_OF_BILE_ACIDS_AND_BILE_SALTS_VIA_7ALPHA_HYDROXYCHOLESTEROL,DSS,ssGSEA,1040,79,0.612510568303038,0.481243770495405,0.779582447159163,-3.98342226701315,6.79298975656456e-05,0.670070632816033,0.000467030175560849,0.974751166201062,0.00199671486592937,0.0154898341561015,REACTOME_METABOLISM,23
HUMANGEM|ARACHIDONIC_ACID_METABOLISM,DSS,ssGSEA,1040,79,0.629385005163122,0.500930884816124,0.790778721638593,-3.9754842197068,7.02362013140985e-05,0.717558143463541,0.00276353979407727,0.283546413400595,0.00199671486592937,0.0452032078103271,HUMANGEM_SUBSYSTEM,104
HUMANGEM|BLOOD_GROUP_BIOSYNTHESIS,DSS,ssGSEA,1040,79,1.55851504515642,1.24598000995273,1.94944471546624,3.88594498018257,0.000101932592945063,1.2503469543788,0.0331512305712579,0.0202587066318255,0.00270461146614233,0.123310184741688,HUMANGEM_SUBSYSTEM,16
REACTOME|R-HSA-9018678_BIOSYNTHESIS_OF_SPECIALIZED_PRORESOLVING_MEDIATORS_SPMS_,DSS,ssGSEA,1040,79,0.609693082173813,0.474521520697835,0.783369432652792,-3.86918880009189,0.000109198061381928,0.658410003292889,0.000583297429242823,0.914732042024318,0.00271630177687547,0.0165823126313317,REACTOME_METABOLISM,19
HUMANGEM|SEROTONIN_AND_MELATONIN_BIOSYNTHESIS,DSS,ssGSEA,1040,79,0.61433650114559,0.478901645094285,0.788072750440231,-3.83435324826549,0.00012589510778235,0.666251873558112,0.000678269874854236,0.116293368026717,0.00294742664102208,0.0168719631369991,HUMANGEM_SUBSYSTEM,41
REACTOME|R-HSA-77286_MITOCHONDRIAL_FATTY_ACID_BETA_OXIDATION_OF_SATURATED_FATTY_ACIDS,DSS,ssGSEA,1040,79,0.614134830936638,0.476468662980286,0.79157690709489,-3.76490428989287,0.000166612888754383,0.686799425277859,0.00283939747552306,0.497823831212244,0.00367028505725834,0.0452032078103271,REACTOME_METABOLISM,10
KEGG|hsa00071_FATTY_ACID_DEGRADATION,DSS,ssGSEA,1040,79,0.652594415517464,0.522183541906768,0.815574289471992,-3.75230714171982,0.000175214613286202,0.731423978550459,0.00447891977470548,0.055502492603135,0.00367028505725834,0.0532736782679788,KEGG_METABOLISM,41
HUMANGEM|FATTY_ACID_OXIDATION,DSS,ssGSEA,1040,79,0.648944241409764,0.517059294097574,0.814468733598323,-3.73046107151608,0.000191129674581011,0.722672034793323,0.00378647668062169,0.819113832583225,0.00380348052416213,0.051163026010523,HUMANGEM_SUBSYSTEM,67
HUMANGEM|KERATAN_SULFATE_BIOSYNTHESIS,DSS,ssGSEA,1040,79,1.46995787229889,1.19959091300901,1.80126084892845,3.7148656113055,0.000203311716711322,1.3411871160695,0.0044107842902879,0.013357131994755,0.00385324110719552,0.0532736782679788,HUMANGEM_SUBSYSTEM,20
KEGG|hsa00280_VALINE_LEUCINE_AND_ISOLEUCINE_DEGRADATION,DSS,ssGSEA,1040,79,0.65826564319107,0.526183761773235,0.823502526086113,-3.6594690305786,0.000252738383583817,0.755974388487102,0.0165488512774914,0.0984659050021413,0.00457226712119815,0.0940920401205938,KEGG_METABOLISM,47
HUMANGEM|PYRUVATE_METABOLISM,DSS,ssGSEA,1040,79,0.628351556039434,0.488421678836506,0.808370502549582,-3.615124811937,0.000300202954766276,0.727395757311113,0.011689583047343,0.563401782481123,0.00519481634769468,0.0762697385711884,HUMANGEM_SUBSYSTEM,44
REACTOME|R-HSA-71384_ETHANOL_OXIDATION,DSS,ssGSEA,1040,79,0.634802058726907,0.49480835653795,0.814403492664161,-3.57508529463624,0.000350113735029451,0.728190986859023,0.00603939914502075,0.0335836575618368,0.00580605277257172,0.0586263624321527,REACTOME_METABOLISM,12
REACTOME|R-HSA-211945_PHASE_I_FUNCTIONALIZATION_OF_COMPOUNDS,DSS,ssGSEA,1040,79,0.657257016642575,0.521355371858312,0.828584127533067,-3.55103431337091,0.000383720386187446,0.705220080448053,0.001768476972182,0.0886151873310533,0.00610882854810414,0.0399795705045922,REACTOME_METABOLISM,101
REACTOME|R-HSA-211897_CYTOCHROME_P450_ARRANGED_BY_SUBSTRATE_TYPE,DSS,ssGSEA,1040,79,0.664527301996509,0.529302885941501,0.834298370229491,-3.52069529833413,0.000430416902013801,0.667785988587762,0.00021700090638066,0.08798829213813,0.00642896367000656,0.0149265978752195,REACTOME_METABOLISM,65
REACTOME|R-HSA-211859_BIOLOGICAL_OXIDATIONS,DSS,ssGSEA,1040,79,0.668968358449564,0.534700578057133,0.836951899758162,-3.51719349407139,0.000436135726357229,0.746743156497328,0.00800665851715091,0.164407281225971,0.00642896367000656,0.0708144464405792,REACTOME_METABOLISM,206
REACTOME|R-HSA-2142753_ARACHIDONATE_METABOLISM,DSS,ssGSEA,1040,79,0.65527149196089,0.515629949908026,0.832730387855167,-3.45698934558396,0.000546246445590243,0.715520784633181,0.00385650949828063,0.45405292410505,0.00773820852893516,0.051163026010523,REACTOME_METABOLISM,58
REACTOME|R-HSA-556833_METABOLISM_OF_LIPIDS,DSS,ssGSEA,1040,79,0.667644779310795,0.530666629861845,0.839980368573406,-3.44843780053788,0.000563839314922411,0.75843765986981,0.0127209304187534,0.696913266677914,0.00773820852893516,0.0803639731216483,REACTOME_METABOLISM,708
REACTOME|R-HSA-390918_PEROXISOMAL_LIPID_METABOLISM,DSS,ssGSEA,1040,79,0.679761328417999,0.545336459343166,0.847321787670592,-3.43374185349687,0.000595310854298028,0.787108393830931,0.03147757545789,0.58713702016136,0.00789779066702051,0.121338388810076,REACTOME_METABOLISM,27
KEGG|hsa00600_SPHINGOLIPID_METABOLISM,DSS,ssGSEA,1040,79,0.675896628317724,0.53752933584729,0.84988152590997,-3.35183946121532,0.000802765550238481,0.782272446007557,0.0268372797157997,0.91488945348256,0.0103064738385457,0.113439734993423,KEGG_METABOLISM,45
HUMANGEM|OMEGA_3_FATTY_ACID_METABOLISM,DSS,ssGSEA,1040,79,0.694919728734864,0.559678174177627,0.862841274978275,-3.29596165156629,0.000980854030835966,0.735228596449163,0.00380793414413205,0.515944813019799,0.011564437340839,0.051163026010523,HUMANGEM_SUBSYSTEM,45
REACTOME|R-HSA-192105_SYNTHESIS_OF_BILE_ACIDS_AND_BILE_SALTS,DSS,ssGSEA,1040,79,0.656424432175998,0.510998938452855,0.843236654193825,-3.29443087630801,0.000986211973080487,0.665123167221265,0.000539949218256059,0.623263429463321,0.011564437340839,0.0165307529896855,REACTOME_METABOLISM,34
KEGG|hsa01212_FATTY_ACID_METABOLISM,DSS,ssGSEA,1040,79,0.683408092300796,0.544891011458882,0.857137685886487,-3.29394543040029,0.000987916757760114,0.730850516138385,0.00591797611669216,0.222653689019221,0.011564437340839,0.0586263624321527,KEGG_METABOLISM,52
KEGG|hsa00640_PROPANOATE_METABOLISM,DSS,ssGSEA,1040,79,0.677225214128728,0.536104168644398,0.855494169745799,-3.26911926056877,0.00107882819648893,0.75693573799704,0.0173103175807188,0.0170211190134204,0.012267817777217,0.0943767999606314,KEGG_METABOLISM,31
REACTOME|R-HSA-193775_SYNTHESIS_OF_BILE_ACIDS_AND_BILE_SALTS_VIA_24_HYDROXYCHOLESTEROL,DSS,ssGSEA,1040,79,0.641012379439575,0.490486067024965,0.837734032053295,-3.25656111596592,0.00112770650411579,0.633389843349375,0.000463166217679066,0.415045151115515,0.0124674219066135,0.0154898341561015,REACTOME_METABOLISM,13
HUMANGEM|OMEGA_6_FATTY_ACID_METABOLISM,DSS,ssGSEA,1040,79,0.693740608301573,0.556233891135823,0.865240394870362,-3.24426434787635,0.00117754407808726,0.724210350053824,0.00432036273629327,0.776694675984815,0.0125161699951612,0.0532736782679788,HUMANGEM_SUBSYSTEM,32
KEGG|hsa00982_DRUG_METABOLISM_CYTOCHROME_P450,DSS,ssGSEA,1040,79,0.676840987889283,0.534495060508558,0.857096270358528,-3.24006818365391,0.00119501120556816,0.735710967252248,0.0096764264245155,0.313379155506901,0.0125161699951612,0.0726644852256069,KEGG_METABOLISM,66
HUMANGEM|LEUKOTRIENE_METABOLISM,DSS,ssGSEA,1040,79,0.693104104352397,0.552355663440753,0.869717342043088,-3.16530813510916,0.0015491879513743,0.743465658783569,0.0088221344716223,0.442813316937677,0.0158063516951884,0.0726644852256069,HUMANGEM_SUBSYSTEM,170
REACTOME|R-HSA-1483191_SYNTHESIS_OF_PC,DSS,ssGSEA,1040,79,0.689792896973726,0.547594525926058,0.868917087713282,-3.15292749857205,0.001616419477068,0.811063433313062,0.0680877063973902,0.240546442392268,0.0158063516951884,0.202230650344487,REACTOME_METABOLISM,28
REACTOME|R-HSA-196757_METABOLISM_OF_FOLATE_AND_PTERINES,DSS,ssGSEA,1040,79,1.45836798896986,1.15314872466742,1.84437370978786,3.14938117508421,0.00163616631172645,1.32069344163928,0.0131455863210672,0.0282686182531023,0.0158063516951884,0.0817491149341364,REACTOME_METABOLISM,16
REACTOME|R-HSA-2022870_CS_GAG_BIOSYNTHESIS,DSS,ssGSEA,1040,79,1.47738499555724,1.15815424701183,1.88460771156278,3.14211829681808,0.00167730253108884,1.28079360017191,0.0313931620086669,0.687525682556475,0.0158063516951884,0.121338388810076,REACTOME_METABOLISM,21
HUMANGEM|TRYPTOPHAN_METABOLISM,DSS,ssGSEA,1040,79,0.69283161953501,0.550664847291144,0.871702007834383,-3.13182898745955,0.00173721032056529,0.753083146747642,0.0108149490567083,0.696942306323934,0.0158063516951884,0.074212926285688,HUMANGEM_SUBSYSTEM,20
CURATED|CURATED_ANTIFOLATE_DETERMINANTS,DSS,ssGSEA,1040,79,1.44265724231984,1.14643700204823,1.81541586244993,3.12544359873987,0.00177537111623259,1.30170875637825,0.0186878974022907,0.0908561497361032,0.0158063516951884,0.094640311942954,CURATED_SIGNATURE,10
KEGG|hsa00533_GLYCOSAMINOGLYCAN_BIOSYNTHESIS_KERATAN_SULFATE,DSS,ssGSEA,1040,79,1.39545839709691,1.13184064742905,1.72047553023612,3.11932364283456,0.00181266736431567,1.31916513240474,0.00926456554422124,0.0863556096981069,0.0158063516951884,0.0726644852256069,KEGG_METABOLISM,14
HALLMARK|HALLMARK_PEROXISOME,DSS,ssGSEA,1040,79,0.716571540112774,0.581093561443355,0.883635280391325,-3.11702435861409,0.00182686476879062,0.797966731301252,0.0427977361734129,0.940370746431321,0.0158063516951884,0.148716347077358,HALLMARK_METABOLIC,101
REACTOME|R-HSA-71387_METABOLISM_OF_CARBOHYDRATES_AND_CARBOHYDRATE_DERIVATIVES,DSS,ssGSEA,1040,79,1.44536277487371,1.14448187411547,1.82534437481171,3.09323279194216,0.00197988760564049,1.35262100933512,0.00464301864544247,0.166673023322877,0.0166991785775529,0.0532736782679788,REACTOME_METABOLISM,286
HALLMARK|HALLMARK_XENOBIOTIC_METABOLISM,DSS,ssGSEA,1040,79,0.696386186960661,0.553490384945385,0.876173705235117,-3.08816424455844,0.00201397128573503,0.742695637273092,0.00693088985779035,0.260997087806584,0.0166991785775529,0.064151027055827,HALLMARK_METABOLIC,196
REACTOME|R-HSA-211935_FATTY_ACIDS,DSS,ssGSEA,1040,79,0.68695798254596,0.540437635558784,0.873202084262109,-3.06779400389205,0.00215645215346554,0.71992829620967,0.0046848712044705,0.100526018251837,0.0175156725934548,0.0532736782679788,REACTOME_METABOLISM,16
HUMANGEM|CHONDROITIN_HEPARAN_SULFATE_BIOSYNTHESIS,DSS,ssGSEA,1040,79,1.42644013981746,1.13381318643353,1.79459146959017,3.03210060869239,0.00242858244078679,1.3229767679471,0.010468308100492,0.608053626973705,0.0193315162286629,0.0730945021753654,HUMANGEM_SUBSYSTEM,43
HALLMARK|HALLMARK_MTORC1_SIGNALING,DSS,ssGSEA,1040,79,1.43763978761635,1.135824511821,1.81965447780659,3.01932426904329,0.00253339215964467,1.35582105083271,0.00999182544978407,0.0413119114901425,0.0197703937164427,0.0730744339350479,HALLMARK_METABOLIC,191
HALLMARK|HALLMARK_FATTY_ACID_METABOLISM,DSS,ssGSEA,1040,79,0.711848152401592,0.570197415868404,0.888688334909095,-3.00243267723898,0.00267831206178968,0.803198641401309,0.051987466883737,0.621712279772661,0.0204993884729287,0.163985480242238,HALLMARK_METABOLIC,153
REACTOME|R-HSA-1482839_ACYL_CHAIN_REMODELLING_OF_PE,DSS,ssGSEA,1040,79,0.697467848575428,0.550822589298501,0.883154411688105,-2.99175936250358,0.0027737480952759,0.655829096432662,0.000225024088571149,0.308620780243058,0.0206206225112008,0.0149265978752195,REACTOME_METABOLISM,23
KEGG|hsa00010_GLYCOLYSIS_GLUCONEOGENESIS,DSS,ssGSEA,1040,79,0.699856918327684,0.553834813272312,0.884378689084491,-2.98912538897695,0.00279777290352976,0.75373422999806,0.014817733333647,0.929956410630765,0.0206206225112008,0.0880217592058434,KEGG_METABOLISM,64
KEGG|hsa00650_BUTANOATE_METABOLISM,DSS,ssGSEA,1040,79,0.685488124349266,0.534588366694864,0.878982779833075,-2.97683684072869,0.00291238957248793,0.788817513587888,0.0527390489221269,0.179440793141561,0.0210751099972763,0.163985480242238,KEGG_METABOLISM,26
REACTOME|R-HSA-1630316_GLYCOSAMINOGLYCAN_METABOLISM,DSS,ssGSEA,1040,79,1.41260010144763,1.12352108628996,1.77605838551647,2.9569951212736,0.00310653033159809,1.28505680601507,0.0202983253315976,0.962533192403379,0.022078554856715,0.0961753985949505,REACTOME_METABOLISM,131
REACTOME|R-HSA-390247_BETA_OXIDATION_OF_VERY_LONG_CHAIN_FATTY_ACIDS,DSS,ssGSEA,1040,79,0.712521234189491,0.568275083352683,0.893381610496963,-2.9368754818911,0.00331537194137767,0.776512464621078,0.0237323312309469,0.888167974059002,0.0231494391696195,0.106285886962009,REACTOME_METABOLISM,10
REACTOME|R-HSA-194002_GLUCOCORTICOID_BIOSYNTHESIS,DSS,ssGSEA,1040,79,0.670564836343964,0.511953700138293,0.878316143861334,-2.90227642252395,0.00370461492496833,0.693550991776185,0.00539084299934912,0.98114790240208,0.0247457822996156,0.0579879868578635,REACTOME_METABOLISM,10
HUMANGEM|ASCORBATE_AND_ALDARATE_METABOLISM,DSS,ssGSEA,1040,79,0.705169658403273,0.556635466383002,0.893339136946834,-2.89463170795133,0.00379603622265824,0.815500306980045,0.0610002665938965,0.771852979901341,0.0247457822996156,0.185329054231838,HUMANGEM_SUBSYSTEM,10
HUMANGEM|HEPARAN_SULFATE_DEGRADATION,DSS,ssGSEA,1040,79,0.722025458866437,0.579125020394824,0.900186911102326,-2.89451398178044,0.00379745997234622,0.801858636839156,0.043718122130781,0.486598129848014,0.0247457822996156,0.148716347077358,HUMANGEM_SUBSYSTEM,12
HUMANGEM|ESTROGEN_METABOLISM,DSS,ssGSEA,1040,79,0.705818930840133,0.557289079019057,0.893935269661497,-2.89009961652966,0.00385119766404195,0.75374948868851,0.0141400341661973,0.326457123161643,0.0247457822996156,0.0852686908810079,HUMANGEM_SUBSYSTEM,64
REACTOME|R-HSA-211958_MISCELLANEOUS_SUBSTRATES,DSS,ssGSEA,1040,79,0.714905144760929,0.569344698015951,0.897680030720733,-2.88928911199435,0.00386113897626139,0.739643984097417,0.00745708582460402,0.152239210759409,0.0247457822996156,0.0674527308680091,REACTOME_METABOLISM,12
KEGG|hsa01040_BIOSYNTHESIS_OF_UNSATURATED_FATTY_ACIDS,DSS,ssGSEA,1040,79,0.717175902755426,0.572180800704679,0.898913900745384,-2.88476607816449,0.00391704594189895,0.741385998760768,0.00932610815488819,0.546440388120359,0.0247457822996156,0.0726644852256069,KEGG_METABOLISM,23
REACTOME|R-HSA-9033658_BLOOD_GROUP_SYSTEMS_BIOSYNTHESIS,DSS,ssGSEA,1040,79,1.39108473351151,1.11022326506562,1.74299782458117,2.86873260931487,0.00412120038952745,1.28077260071047,0.0198033761683933,0.00791436840927603,0.0256287149223738,0.0961188257929334,REACTOME_METABOLISM,20
HUMANGEM|VITAMIN_D_METABOLISM,DSS,ssGSEA,1040,79,0.693452660867791,0.539473706225482,0.891380965031925,-2.85756012137612,0.00426911751121127,0.665645207139475,0.000644069407441492,0.492299510627977,0.0261401349148013,0.0168719631369991,HUMANGEM_SUBSYSTEM,10
KEGG|hsa00062_FATTY_ACID_ELONGATION,DSS,ssGSEA,1040,79,0.706130511765826,0.554963438845482,0.898474142159658,-2.83104311580019,0.00463964662907597,0.751569024360013,0.0125457925994187,0.402565021807163,0.0275550565355262,0.0803639731216483,KEGG_METABOLISM,24
HUMANGEM|PROPANOATE_METABOLISM,DSS,ssGSEA,1040,79,0.700052617528467,0.546775451519487,0.896297860385914,-2.82835556961118,0.00467878077683394,0.83418638302961,0.131291585044107,0.00834618038496641,0.0275550565355262,0.303989922112629,HUMANGEM_SUBSYSTEM,30
HUMANGEM|PHENYLALANINE_TYROSINE_AND_TRYPTOPHAN_BIOSYNTHESIS,DSS,ssGSEA,1040,79,0.694533597099829,0.53940181425878,0.894281229222943,-2.82636903527264,0.00470789910657232,0.766146034338376,0.0313144611132204,0.241924080068072,0.0275550565355262,0.121338388810076,HUMANGEM_SUBSYSTEM,115
KEGG|hsa00120_PRIMARY_BILE_ACID_BIOSYNTHESIS,DSS,ssGSEA,1040,79,0.726594422174737,0.581978965187948,0.907145250799475,-2.82064851703182,0.00479266827792424,0.788405193035476,0.0296144989387413,0.510435079578478,0.0276446662987514,0.119056268460798,KEGG_METABOLISM,17
HUMANGEM|VALINE_LEUCINE_AND_ISOLEUCINE_METABOLISM,DSS,ssGSEA,1040,79,0.706504052428407,0.55372825866833,0.901431285624053,-2.79475473601882,0.00519391031156082,0.781812799663319,0.0435886164710638,0.0352453343017416,0.0291610494805922,0.148716347077358,HUMANGEM_SUBSYSTEM,57
HUMANGEM|XENOBIOTICS_METABOLISM,DSS,ssGSEA,1040,79,0.706695586598952,0.553813321275067,0.901781580422451,-2.79122868392349,0.00525083590073769,0.778553260937296,0.0324407839170762,0.671781310093178,0.0291610494805922,0.121805962254682,HUMANGEM_SUBSYSTEM,98
HUMANGEM|PROSTAGLANDIN_BIOSYNTHESIS,DSS,ssGSEA,1040,79,0.713105332531827,0.562318632029847,0.904325744017558,-2.78971990760564,0.00527536573518251,0.700679366569795,0.00352031080338942,0.559965736208648,0.0291610494805922,0.051163026010523,HUMANGEM_SUBSYSTEM,39
REACTOME|R-HSA-77289_MITOCHONDRIAL_FATTY_ACID_BETA_OXIDATION,DSS,ssGSEA,1040,79,0.70646383128214,0.552958067294926,0.902584073601452,-2.77998151293662,0.00543619931530265,0.788863998007872,0.0496723874147642,0.0809520481448786,0.0296384565409651,0.161003043867498,REACTOME_METABOLISM,34
REACTOME|R-HSA-194068_BILE_ACID_AND_BILE_SALT_METABOLISM,DSS,ssGSEA,1040,79,0.712499530182921,0.560502803103061,0.905714614985679,-2.76893865682064,0.00562392228093626,0.696688502217611,0.00197276726679132,0.386707300783918,0.0297990568871558,0.0413242827464708,REACTOME_METABOLISM,43
REACTOME|R-HSA-9840310_GLYCOSPHINGOLIPID_CATABOLISM,DSS,ssGSEA,1040,79,0.742163457273201,0.600857778370888,0.916700452484975,-2.76710692520996,0.00565562021561584,0.845784639294706,0.116637659066323,0.787694113706176,0.0297990568871558,0.283059684807295,REACTOME_METABOLISM,37
REACTOME|R-HSA-9037629_LEWIS_BLOOD_GROUP_BIOSYNTHESIS,DSS,ssGSEA,1040,79,1.38657258127606,1.09983933971156,1.74805851521075,2.76511505482521,0.00569027216940664,1.27618749359883,0.0244795152183181,0.0199915936170334,0.0297990568871558,0.108253856187674,REACTOME_METABOLISM,16
REACTOME|R-HSA-1483213_SYNTHESIS_OF_PE,DSS,ssGSEA,1040,79,0.699139572089999,0.540919592656533,0.903639187594665,-2.73401760881506,0.00625666983334795,0.785391607751563,0.0433333839539449,0.995661941851011,0.0319057677929715,0.148716347077358,REACTOME_METABOLISM,11
KEGG|hsa00590_ARACHIDONIC_ACID_METABOLISM,DSS,ssGSEA,1040,79,0.705049981205265,0.548485800615781,0.906305095664208,-2.72789238986783,0.00637403978428492,0.721307042601213,0.00867014662329268,0.28173555738831,0.0319057677929715,0.0726644852256069,KEGG_METABOLISM,56
REACTOME|R-HSA-2022854_KERATAN_SULFATE_BIOSYNTHESIS,DSS,ssGSEA,1040,79,1.37557700734424,1.09389896624258,1.72978690128366,2.72773293272227,0.00637712155057333,1.23422359658551,0.0556992677255195,0.597217444506079,0.0319057677929715,0.170525450421206,REACTOME_METABOLISM,28
KEGG|hsa00350_TYROSINE_METABOLISM,DSS,ssGSEA,1040,79,0.724717710212208,0.574943545931697,0.913508401323321,-2.72587028486001,0.00641321965687869,0.803094406373061,0.0525360055099552,0.0736782309792169,0.0319057677929715,0.163985480242238,KEGG_METABOLISM,36
HUMANGEM|BETA_OXIDATION_OF_PHYTANIC_ACID_PEROXISOMAL_,DSS,ssGSEA,1040,79,0.729563844714286,0.580725725087573,0.916548691611734,-2.70854639742753,0.00675786623686655,0.799510282657812,0.0419445062512883,0.837001912091552,0.0332053180527517,0.147733747681529,HUMANGEM_SUBSYSTEM,12
REACTOME|R-HSA-70895_BRANCHED_CHAIN_AMINO_ACID_CATABOLISM,DSS,ssGSEA,1040,79,0.730177786722001,0.579423458075064,0.920155359248795,-2.66527066598431,0.00769263803010893,0.857429770821815,0.187874726119602,0.13315193500915,0.0373374382436995,0.371025690279709,REACTOME_METABOLISM,23
HUMANGEM|GLYCOLYSIS_GLUCONEOGENESIS,DSS,ssGSEA,1040,79,0.71759623091314,0.561292284430702,0.917426383551723,-2.647596379824,0.00810662481354902,0.758548512314985,0.0214537258346546,0.696746232641038,0.0386342550310117,0.099285847467355,HUMANGEM_SUBSYSTEM,68
HALLMARK|HALLMARK_MYC_TARGETS_V1,DSS,ssGSEA,1040,79,1.37595226454521,1.08617950033128,1.7430310862336,2.64515998464723,0.00816523017763992,1.26865971875053,0.0320113839825579,0.0305479694645278,0.0386342550310117,0.121338388810076,HALLMARK_METABOLIC,187
KEGG|hsa00360_PHENYLALANINE_METABOLISM,DSS,ssGSEA,1040,79,0.716158276197453,0.559023732462126,0.91746136484618,-2.64162093816892,0.00825103436591959,0.752088281911742,0.0168450934274517,0.345726898313787,0.0386342550310117,0.0943767999606314,KEGG_METABOLISM,16
REACTOME|R-HSA-74217_PURINE_SALVAGE,DSS,ssGSEA,1040,79,1.37540927719044,1.08214956564854,1.74814160614461,2.60528596497013,0.00917976077667047,1.35606481988687,0.00962660116113121,0.0183057331169004,0.0423763679961023,0.0726644852256069,REACTOME_METABOLISM,12
CONTROL|CONTROL_PROLIFERATION,DSS,ssGSEA,1040,79,1.38262053614564,1.08276143057873,1.76552238838974,2.59750682196449,0.00939032549340917,1.30183169565518,0.0277369384251098,0.0786697122937483,0.0423763679961023,0.113807231888595,CONTEXT_CONTROL,10
REACTOME|R-HSA-977347_SERINE_METABOLISM,DSS,ssGSEA,1040,79,1.33841020313789,1.07364820446809,1.66846259734686,2.59189460330493,0.00954490084341172,1.26892105517097,0.0253137811731341,0.00182784764199188,0.0423763679961023,0.109666183825715,REACTOME_METABOLISM,11
REACTOME|R-HSA-193807_SYNTHESIS_OF_BILE_ACIDS_AND_BILE_SALTS_VIA_27_HYDROXYCHOLESTEROL,DSS,ssGSEA,1040,79,0.698102589641808,0.531813212026558,0.916387962246153,-2.58901442244774,0.00962510631190796,0.716149334521356,0.0102818299004088,0.454919331680463,0.0423763679961023,0.0730744339350479,REACTOME_METABOLISM,14
REACTOME|R-HSA-211979_EICOSANOIDS,DSS,ssGSEA,1040,79,0.73161468484622,0.577457694803092,0.926925126982943,-2.58856235164294,0.00963774970577486,0.738001471954278,0.0088086065509394,0.0692464852912346,0.0423763679961023,0.0726644852256069,REACTOME_METABOLISM,12
KEGG|hsa00980_METABOLISM_OF_XENOBIOTICS_BY_CYTOCHROME_P450,DSS,ssGSEA,1040,79,0.725625742522408,0.569051937953243,0.925280599350948,-2.58621770101787,0.00970356209193757,0.78983920727583,0.0455070287853973,0.345514730206719,0.0423763679961023,0.150931645471568,KEGG_METABOLISM,72
REACTOME|R-HSA-202131_METABOLISM_OF_NITRIC_OXIDE_NOS3_ACTIVATION_AND_REGULATION,DSS,ssGSEA,1040,79,0.748018242119955,0.59996707243124,0.932603331507586,-2.58007719378444,0.00987782320445427,0.835779981180479,0.0895828927576471,0.0319494548503943,0.0423763679961023,0.239288532332507,REACTOME_METABOLISM,19
REACTOME|R-HSA-1614558_DEGRADATION_OF_CYSTEINE_AND_HOMOCYSTEINE,DSS,ssGSEA,1040,79,0.745400733468981,0.596234074197549,0.931886112352581,-2.57923235953047,0.00990201563728019,0.825001056325616,0.0916382132180186,0.279487426160628,0.0423763679961023,0.241536482521665,REACTOME_METABOLISM,14
HUMANGEM|BILE_ACID_BIOSYNTHESIS,DSS,ssGSEA,1040,79,0.730487348060833,0.575093477885543,0.927869618064335,-2.57348761013358,0.0100679251577096,0.789161945557045,0.0448696790658483,0.5527709956645,0.0426280235400896,0.150931645471568,HUMANGEM_SUBSYSTEM,88
HUMANGEM|TYROSINE_METABOLISM,DSS,ssGSEA,1040,79,0.726302984070259,0.568825599935421,0.927377432958806,-2.56465425973258,0.0103278659219737,0.825780899371938,0.100868562594221,0.354434458305536,0.0432683224941637,0.254086632357594,HUMANGEM_SUBSYSTEM,47
REACTOME|R-HSA-1793185_CHONDROITIN_SULFATE_DERMATAN_SULFATE_METABOLISM,DSS,ssGSEA,1040,79,1.36860931561326,1.07630855516228,1.74029227009254,2.5599088897591,0.0104699608177039,1.22566564792338,0.0779090087671611,0.979356112942826,0.0434067125567309,0.218619350849415,REACTOME_METABOLISM,37
REACTOME|R-HSA-2142691_SYNTHESIS_OF_LEUKOTRIENES_LT_AND_EOXINS_EX_,DSS,ssGSEA,1040,79,0.746109111094748,0.595719762789128,0.934464223668281,-2.55018976425414,0.0107664298589304,0.795796663861025,0.0394285975924869,0.246602795452016,0.0441756606582918,0.141374611187476,REACTOME_METABOLISM,20
REACTOME|R-HSA-1638074_KERATAN_SULFATE_KERATIN_METABOLISM,DSS,ssGSEA,1040,79,1.34322255309101,1.06456767157537,1.69481647367929,2.48745504848554,0.0128660711915557,1.21480091028244,0.0755776088709422,0.269193695235304,0.0522520034106037,0.214856345218821,REACTOME_METABOLISM,36
KEGG|hsa00630_GLYOXYLATE_AND_DICARBOXYLATE_METABOLISM,DSS,ssGSEA,1040,79,0.749236662938672,0.596241220045788,0.941490722577631,-2.47735979606998,0.0132358399370282,0.853403237891937,0.179380512705268,0.198262635553309,0.0528464668465026,0.361206929159099,KEGG_METABOLISM,29
REACTOME|R-HSA-1483206_GLYCEROPHOSPHOLIPID_BIOSYNTHESIS,DSS,ssGSEA,1040,79,0.761217306452785,0.613365695564026,0.944708502340341,-2.47622447122897,0.0132780067453524,0.843635649879068,0.121875653316552,0.676164953581585,0.0528464668465026,0.290458143832262,REACTOME_METABOLISM,116
REACTOME|R-HSA-211976_ENDOGENOUS_STEROLS,DSS,ssGSEA,1040,79,0.740608604931218,0.583087405175739,0.940684193878017,-2.46117966194292,0.0138481000608804,0.711256697640132,0.00280309735653106,0.315698256336322,0.0545697408339643,0.0452032078103271,REACTOME_METABOLISM,25
KEGG|hsa00620_PYRUVATE_METABOLISM,DSS,ssGSEA,1040,79,0.742878161926688,0.585562905405393,0.942457178166894,-2.44814827135239,0.0143592551252527,0.81737494280448,0.0839167096263115,0.393297326328231,0.0555615212065175,0.225697802604242,KEGG_METABOLISM,48
HUMANGEM|GLYCEROPHOSPHOLIPID_METABOLISM,DSS,ssGSEA,1040,79,0.761982864533744,0.612929928510682,0.947282648203939,-2.44765348901186,0.0143789866438978,0.768654185669767,0.0201114285113924,0.515049093083839,0.0555615212065175,0.0961753985949505,HUMANGEM_SUBSYSTEM,91
KEGG|hsa00380_TRYPTOPHAN_METABOLISM,DSS,ssGSEA,1040,79,0.726776308427279,0.560961522300837,0.941604337361155,-2.41540046127536,0.0157179179364915,0.803088513046165,0.0642068453423037,0.83821177042055,0.0600043721870194,0.192137777791255,KEGG_METABOLISM,39
REACTOME|R-HSA-164378_PKA_ACTIVATION_IN_GLUCAGON_SIGNALLING,DSS,ssGSEA,1040,79,0.759322037070445,0.60714461198043,0.949641888610541,-2.41280470594614,0.0158302991950679,0.768619033391846,0.0150448460667279,0.0380728398818262,0.0600043721870194,0.0880565990376132,REACTOME_METABOLISM,17
REACTOME|R-HSA-8956320_NUCLEOTIDE_BIOSYNTHESIS,DSS,ssGSEA,1040,79,1.3072476824765,1.0507902595718,1.62629648283623,2.40465010660479,0.0161879565706792,1.2872354902901,0.0193205881031863,0.00837170385740829,0.0607811954257579,0.0949332600625698,REACTOME_METABOLISM,12
REACTOME|R-HSA-1482801_ACYL_CHAIN_REMODELLING_OF_PS,DSS,ssGSEA,1040,79,0.763522215152181,0.612571818505606,0.951669919215454,-2.4007768486649,0.0163603099465242,0.787067438216527,0.0227271107434507,0.0996545351947362,0.0608542369973517,0.103970000872338,REACTOME_METABOLISM,20
HUMANGEM|NUCLEOTIDE_METABOLISM,DSS,ssGSEA,1040,79,1.31010590411823,1.04770212547666,1.63823040754505,2.36864033857466,0.0178536056227824,1.2785092485119,0.0237674470844693,0.00814364575568003,0.0657938429432167,0.106285886962009,HUMANGEM_SUBSYSTEM,138
KEGG|hsa00511_OTHER_GLYCAN_DEGRADATION,DSS,ssGSEA,1040,79,0.756975855094109,0.600355641299479,0.954455002630047,-2.35413875774229,0.0185656793038432,0.892282783076489,0.325897457380699,0.825583902323699,0.0676668828595906,0.553272652512361,KEGG_METABOLISM,16
REACTOME|R-HSA-200425_CARNITINE_SHUTTLE,DSS,ssGSEA,1040,79,0.751723551300484,0.592259338375262,0.954123069008943,-2.34606310661573,0.0189728948007424,0.834615651924589,0.117703357608523,0.13528800272144,0.0676668828595906,0.283846604804564,REACTOME_METABOLISM,14
HUMANGEM|BETA_OXIDATION_OF_UNSATURATED_FATTY_ACIDS_N_7_MITOCHONDRIAL_,DSS,ssGSEA,1040,79,0.752079101258801,0.592534169999445,0.954582880090738,-2.34208804475335,0.0191761905972534,0.815062409243438,0.0839278260940396,0.086678994093002,0.0676668828595906,0.225697802604242,HUMANGEM_SUBSYSTEM,10
HUMANGEM|BETA_OXIDATION_OF_UNSATURATED_FATTY_ACIDS_N_9_MITOCHONDRIAL_,DSS,ssGSEA,1040,79,0.752079101258801,0.592534169999445,0.954582880090738,-2.34208804475335,0.0191761905972534,0.815062409243438,0.0839278260940396,0.086678994093002,0.0676668828595906,0.225697802604242,HUMANGEM_SUBSYSTEM,10
REACTOME|R-HSA-156580_PHASE_II_CONJUGATION_OF_COMPOUNDS,DSS,ssGSEA,1040,79,0.750126533606685,0.589669356499994,0.954246325026366,-2.34139256966397,0.019211954178728,0.835930517279386,0.123891355231586,0.667499765876475,0.0676668828595906,0.293504520131972,REACTOME_METABOLISM,99
CURATED|CURATED_GLYCOLYSIS_CORE,DSS,ssGSEA,1040,79,1.32695977328709,1.0457354692481,1.68381229450713,2.32802306425298,0.0199108789946408,1.19112031743568,0.127425092843976,0.0874128265676879,0.0695134196479566,0.300089863620724,CURATED_SIGNATURE,29
KEGG|hsa01250_BIOSYNTHESIS_OF_NUCLEOTIDE_SUGARS,DSS,ssGSEA,1040,79,1.31654421716887,1.0426053252705,1.66245906648434,2.31053941642521,0.0208583089395458,1.41180896502917,0.00271351016685456,0.00424917131962519,0.0721878865907758,0.0452032078103271,KEGG_METABOLISM,35
HALLMARK|HALLMARK_GLYCOLYSIS,DSS,ssGSEA,1040,79,1.31585425970452,1.04168959138765,1.66217695472604,2.30263624082522,0.0212993183075292,1.35844059207062,0.00588712070013957,0.0178378939463614,0.0730786955723848,0.0586263624321527,HALLMARK_METABOLIC,195
KEGG|hsa01524_PLATINUM_DRUG_RESISTANCE,DSS,ssGSEA,1040,79,0.761670010043379,0.603150452949006,0.961851560191948,-2.2867004468984,0.0222133136035511,0.711901471207439,0.00277301387675833,0.0976199672561601,0.075563237728319,0.0452032078103271,KEGG_METABOLISM,72
KEGG|hsa00770_PANTOTHENATE_AND_COA_BIOSYNTHESIS,DSS,ssGSEA,1040,79,0.790684529990583,0.64619982308961,0.967474771158725,-2.2811711826043,0.0225383192845228,0.793969497616184,0.0289841203479114,0.0274393693924302,0.0760190769088143,0.11771101937213,KEGG_METABOLISM,21
REACTOME|R-HSA-2022928_HS_GAG_BIOSYNTHESIS,DSS,ssGSEA,1040,79,1.30934033190722,1.03539530330374,1.65576577302282,2.25042856509727,0.0244217534092636,1.25196799425009,0.041899663643112,0.772754183893228,0.0816794777889656,0.147733747681529,REACTOME_METABOLISM,33
HUMANGEM|BETA_OXIDATION_OF_DI_UNSATURATED_FATTY_ACIDS_N_6_MITOCHONDRIAL_,DSS,ssGSEA,1040,79,0.763378323354157,0.602576869238944,0.967090663972904,-2.23728060153223,0.0252680062471989,0.837810418212242,0.133017768432258,0.202645368477816,0.0832103176960931,0.304259033540451,HUMANGEM_SUBSYSTEM,11
KEGG|hsa01523_ANTIFOLATE_RESISTANCE,DSS,ssGSEA,1040,79,1.29361908452616,1.03237398744637,1.62097297704067,2.23682761189897,0.0252976091488122,1.17992401000814,0.13861634981436,0.0220656787980188,0.0832103176960931,0.309939928236603,KEGG_METABOLISM,29
HALLMARK|HALLMARK_MYC_TARGETS_V2,DSS,ssGSEA,1040,79,1.29360320269367,1.03181250818132,1.62181523556918,2.23146095058785,0.0256506113762264,1.23434182478995,0.0504944711136054,0.0181898190341755,0.0836798633421155,0.162070963735605,HALLMARK_METABOLIC,57
REACTOME|R-HSA-8963693_ASPARTATE_AND_ASPARAGINE_METABOLISM,DSS,ssGSEA,1040,79,1.29564953820215,1.02735403245264,1.63401093762762,2.18796510858473,0.0286721439736866,1.26676972340807,0.0319732465950146,0.0477440924115346,0.0927765309067257,0.121338388810076,REACTOME_METABOLISM,11
REACTOME|R-HSA-70263_GLUCONEOGENESIS,DSS,ssGSEA,1040,79,0.777491092850828,0.619801074046412,0.975300664640521,-2.17625183402482,0.0295364349723947,0.92209247722551,0.473728873531826,0.438342361506639,0.0948024283791379,0.670975415180309,REACTOME_METABOLISM,24
KEGG|hsa00270_CYSTEINE_AND_METHIONINE_METABOLISM,DSS,ssGSEA,1040,79,1.29655913808054,1.02577770711411,1.63882056207832,2.1729406314618,0.0297847858754048,1.1321283310539,0.251869201764013,0.0128892389584466,0.0948347582272888,0.447517599562844,KEGG_METABOLISM,49
CURATED|CURATED_ONE_CARBON_FOLATE,DSS,ssGSEA,1040,79,1.2728293007019,1.02082390853145,1.58704592945509,2.14309074492798,0.0321058124801863,1.15296047268411,0.182275745237962,0.0252814812694406,0.10135607891035,0.364551490475925,CURATED_SIGNATURE,34
REACTOME|R-HSA-381676_GLUCAGON_LIKE_PEPTIDE_1_GLP1_REGULATES_INSULIN_SECRETION,DSS,ssGSEA,1040,79,0.787426729626823,0.632640753349773,0.980083643438611,-2.14015470409049,0.032342266385966,0.798169105414228,0.0379707740089536,0.0141993312383765,0.10135607891035,0.139929333847811,REACTOME_METABOLISM,42
FFLCLASS|higherorder_not_3node,DSS,ssGSEA,1040,79,1.32076640054596,1.02251584131298,1.70601159838382,2.13051075838801,0.0331294685653518,1.13041711958187,0.313749866603513,0.640143972054092,0.103011941320391,0.539661800719103,FFL_MODULE,92
HUMANGEM|EICOSANOID_METABOLISM,DSS,ssGSEA,1040,79,0.777523275149225,0.616296777838455,0.980927477049446,-2.12241684109281,0.033802749192561,0.757029724745657,0.0153884650440776,0.838605085308061,0.104290652547591,0.0887624505440997,HUMANGEM_SUBSYSTEM,41
HUMANGEM|VITAMIN_E_METABOLISM,DSS,ssGSEA,1040,79,0.7750970756253,0.612016710972463,0.981632471584461,-2.11381315067105,0.0345312293163996,0.885092892546914,0.284119543041196,0.644377291492331,0.105718686676362,0.495963061975422,HUMANGEM_SUBSYSTEM,91
HUMANGEM|GLYCEROLIPID_METABOLISM,DSS,ssGSEA,1040,79,0.768790254632356,0.601925483764238,0.981912996807393,-2.10620884635195,0.035186215067729,0.736253838175179,0.0102338998609999,0.69040772307709,0.106901630511116,0.0730744339350479,HUMANGEM_SUBSYSTEM,49
REACTOME|R-HSA-9969896_LANOSTEROL_BIOSYNTHESIS,DSS,ssGSEA,1040,79,1.27019968438692,1.01559883664254,1.5886265127581,2.09562046317504,0.0361158724887482,1.36348212681873,0.00597746040227445,0.0133340084741328,0.108894827655468,0.0586263624321527,REACTOME_METABOLISM,13
REACTOME|R-HSA-8956321_NUCLEOTIDE_SALVAGE,DSS,ssGSEA,1040,79,1.28051118038098,1.0153560993349,1.61491016221282,2.08873547035226,0.0367315420322089,1.31535372771199,0.0178656930258504,0.00246363196721661,0.109918449088866,0.094640311942954,REACTOME_METABOLISM,21
HALLMARK|HALLMARK_ADIPOGENESIS,DSS,ssGSEA,1040,79,0.778575704193517,0.614996900910857,0.98566371027664,-2.08000259610621,0.0375252947500692,0.842304818629589,0.134419809640366,0.786176396587637,0.111455726197967,0.30570905278209,HALLMARK_METABOLIC,189
REACTOME|R-HSA-74259_PURINE_CATABOLISM,DSS,ssGSEA,1040,79,1.27102993359402,1.01137127518813,1.59735314985243,2.05698008897692,0.039688141175767,1.20027870906153,0.091393731445004,0.0119159563546668,0.11700651991078,0.241536482521665,REACTOME_METABOLISM,15
REACTOME|R-HSA-71240_TRYPTOPHAN_CATABOLISM,DSS,ssGSEA,1040,79,1.26171679334714,1.01022864415384,1.57581085809301,2.04972831766708,0.0403909500541985,1.1722494231478,0.138127636620169,0.071748572034464,0.118202927364493,0.309939928236603,REACTOME_METABOLISM,12
HUMANGEM|FOLATE_METABOLISM,DSS,ssGSEA,1040,79,1.28887694131848,1.01073612237995,1.64355832653025,2.04610161005025,0.0407463746329268,1.10370354479372,0.410178253732854,0.1067756673078,0.118372679590546,0.616041301832739,HUMANGEM_SUBSYSTEM,17
REACTOME|R-HSA-163359_GLUCAGON_SIGNALING_IN_METABOLIC_REGULATION,DSS,ssGSEA,1040,79,0.803432212131073,0.649450153798231,0.993922806415057,-2.01615370632272,0.0437839055440261,0.779371949380387,0.0179863448838385,0.0162363878576112,0.126182611824297,0.094640311942954,REACTOME_METABOLISM,33
REACTOME|R-HSA-196849_METABOLISM_OF_WATER_SOLUBLE_VITAMINS_AND_COFACTORS,DSS,ssGSEA,1040,79,0.788562464681266,0.62576336204544,0.993715513595439,-2.01343580897518,0.0440688016170285,0.777268405914286,0.0275339365037887,0.429223273504066,0.126182611824297,0.113807231888595,REACTOME_METABOLISM,112
REACTOME|R-HSA-156590_GLUTATHIONE_CONJUGATION,DSS,ssGSEA,1040,79,0.789256244402373,0.625725834313086,0.995524533539481,-1.99786566620688,0.0457312258090054,0.808696501291031,0.0689388625399617,0.829770016556432,0.130007341942744,0.203241979932628,REACTOME_METABOLISM,35
REACTOME|R-HSA-1660662_GLYCOSPHINGOLIPID_METABOLISM,DSS,ssGSEA,1040,79,0.79695907373924,0.636638434434102,0.997652247904066,-1.98051190895573,0.0476460365198934,0.840290382726682,0.109388470792768,0.231457017604389,0.134490230744096,0.273815165883783,REACTOME_METABOLISM,56
REACTOME|R-HSA-2022923_DS_GAG_BIOSYNTHESIS,DSS,ssGSEA,1040,79,1.28663080996582,1.00171339083299,1.65258731320015,1.97340459403268,0.048449484633919,1.15942560322642,0.215047148225315,0.0677450293693176,0.135606933338582,0.413472294655436,REACTOME_METABOLISM,12
REACTOME|R-HSA-428157_SPHINGOLIPID_METABOLISM,DSS,ssGSEA,1040,79,0.800224038308799,0.641070321612667,0.998889653597386,-1.96981944860552,0.0488590667987946,0.868205092215061,0.188309521197239,0.566065230060639,0.135606933338582,0.371025690279709,REACTOME_METABOLISM,93
HUMANGEM|LINOLEATE_METABOLISM,DSS,ssGSEA,1040,79,0.794467066318877,0.63177123590955,0.99906086822175,-1.9680367007925,0.0490638150772758,0.900580881502521,0.350842683658848,0.146213985016994,0.135606933338582,0.5770057359348,HUMANGEM_SUBSYSTEM,58
REACTOME|R-HSA-1483257_PHOSPHOLIPID_METABOLISM,DSS,ssGSEA,1040,79,0.794341880575629,0.63115092824459,0.999727632487776,-1.9623216747039,0.049725045293062,0.859571665109384,0.171901433901169,0.0753406630473206,0.136486676045784,0.352663766457038,REACTOME_METABOLISM,198
KEGG|hsa00730_THIAMINE_METABOLISM,DSS,ssGSEA,1040,79,0.796503049223861,0.633991074443042,1.00067198576926,-1.95423018237661,0.050674001388358,0.870389547513541,0.230309371151421,0.377813128651217,0.138138716113469,0.426340138224491,KEGG_METABOLISM,11
HUMANGEM|NICOTINATE_AND_NICOTINAMIDE_METABOLISM,DSS,ssGSEA,1040,79,1.26064465694783,0.998358732207974,1.59183758284598,1.94619803196996,0.0516309562452468,1.29195325544465,0.0209841529326726,0.26147400273169,0.139789935956519,0.0982552102023964,HUMANGEM_SUBSYSTEM,33
REACTOME|R-HSA-211981_XENOBIOTICS,DSS,ssGSEA,1040,79,0.770614920271991,0.590643223888373,1.00542481709405,-1.92013219325889,0.0548412037832256,0.789836753521638,0.070449433895673,0.0904520100425987,0.147478372335972,0.206168196253514,REACTOME_METABOLISM,24
HUMANGEM|FATTY_ACID_ACTIVATION_ENDOPLASMIC_RETICULAR_,DSS,ssGSEA,1040,79,0.81195402054656,0.656031791037476,1.004935035906,-1.91474989855461,0.0555244066803712,0.715635663905522,0.00180812127910216,0.363509331216956,0.14831351583079,0.0399795705045922,HUMANGEM_SUBSYSTEM,10
REACTOME|R-HSA-2046104_ALPHA_LINOLENIC_OMEGA3_AND_LINOLEIC_OMEGA6_ACID_METABOLISM,DSS,ssGSEA,1040,79,0.805809435977732,0.644647074544199,1.00726253596956,-1.89643964601415,0.057901933597271,0.827637590313828,0.093072572702538,0.713481645411173,0.151626975668125,0.242110352520328,REACTOME_METABOLISM,13
REACTOME|R-HSA-2046106_ALPHA_LINOLENIC_ACID_ALA_METABOLISM,DSS,ssGSEA,1040,79,0.805809435977732,0.644647074544199,1.00726253596956,-1.89643964601415,0.057901933597271,0.827637590313828,0.093072572702538,0.713481645411173,0.151626975668125,0.242110352520328,REACTOME_METABOLISM,13
KEGG|hsa01230_BIOSYNTHESIS_OF_AMINO_ACIDS,DSS,ssGSEA,1040,79,1.25559880942035,0.992394989838694,1.58860976361243,1.8963953242556,0.0579077897023994,1.22044788005857,0.0710472780041621,0.000188662599792206,0.151626975668125,0.206400121501142,KEGG_METABOLISM,69
REACTOME|R-HSA-75105_FATTY_ACYL_COA_BIOSYNTHESIS,DSS,ssGSEA,1040,79,0.799721685405768,0.633584570020967,1.00942290006696,-1.88106158339304,0.059963542071953,0.73945859173439,0.00909166796253358,0.311282237770739,0.155175168989048,0.0726644852256069,REACTOME_METABOLISM,32
REACTOME|R-HSA-389661_GLYOXYLATE_METABOLISM_AND_GLYCINE_DEGRADATION,DSS,ssGSEA,1040,79,0.776417744716183,0.596407888681889,1.01075878731661,-1.88048026645543,0.0600426533274207,0.898853433793227,0.39447413516072,0.77616888104274,0.155175168989048,0.601535271241252,REACTOME_METABOLISM,17
KEGG|hsa00983_DRUG_METABOLISM_OTHER_ENZYMES,DSS,ssGSEA,1040,79,0.803876868256685,0.637531735901316,1.01362486434433,-1.84559260247282,0.0649513814347171,0.86917154936439,0.234352484460798,0.449203807971319,0.165728136134587,0.429826215739159,KEGG_METABOLISM,78
KEGG|hsa00541_BIOSYNTHESIS_OF_VARIOUS_NUCLEOTIDE_SUGARS,DSS,ssGSEA,1040,79,1.24763092169945,0.986372275724576,1.57808867411361,1.84554177850401,0.0649587669271247,1.35815094829905,0.00686150889127908,0.00129419489907669,0.165728136134587,0.064151027055827,KEGG_METABOLISM,18
KEGG|hsa00534_GLYCOSAMINOGLYCAN_BIOSYNTHESIS_HEPARAN_SULFATE_HEPARIN,DSS,ssGSEA,1040,79,1.23377212091919,0.986531588311209,1.54297506982336,1.84115755618008,0.065598473191903,1.22593836997789,0.0540563949190438,0.984859982704672,0.165924784548907,0.166778644788988,KEGG_METABOLISM,24
REACTOME|R-HSA-1855167_SYNTHESIS_OF_PYROPHOSPHATES_IN_THE_CYTOSOL,DSS,ssGSEA,1040,79,0.808411410799085,0.644471883314781,1.01405356235062,-1.83930976161752,0.0658696380872544,0.84929085419002,0.147744802171402,0.280151970480639,0.165924784548907,0.321324761006656,REACTOME_METABOLISM,10
KEGG|hsa00532_GLYCOSAMINOGLYCAN_BIOSYNTHESIS_CHONDROITIN_SULFATE_DERMATAN_SULFATE,DSS,ssGSEA,1040,79,1.2462252983007,0.985213554261017,1.57638664978538,1.83576238963716,0.0663928061729118,1.19749745668558,0.118388282405924,0.119427342077408,0.166190797841628,0.283846604804564,KEGG_METABOLISM,21
KEGG|hsa00563_GLYCOSYLPHOSPHATIDYLINOSITOL_GPI_ANCHOR_BIOSYNTHESIS,DSS,ssGSEA,1040,79,0.81557498982583,0.655730789724323,1.01438360750003,-1.83168491631432,0.0669983771993164,0.919269918286891,0.446100957801436,0.837920810628939,0.166346964803904,0.643290511612215,KEGG_METABOLISM,29
REACTOME|R-HSA-74182_KETONE_BODY_METABOLISM,DSS,ssGSEA,1040,79,0.794547618759985,0.621052711810541,1.01650939843211,-1.82972474435839,0.0672911088779613,0.940770876920273,0.611304302407644,0.16928650523783,0.166346964803904,0.792505251981245,REACTOME_METABOLISM,10
REACTOME|R-HSA-1430728_METABOLISM,DSS,ssGSEA,1040,79,0.80878244433896,0.642277301034009,1.01845268580692,-1.80452887123584,0.0711484373270691,0.918694756100833,0.46258268006518,0.34793045754175,0.174796778124528,0.659884970128823,REACTOME_METABOLISM,2009
HUMANGEM|FATTY_ACID_BIOSYNTHESIS_UNSATURATED_,DSS,ssGSEA,1040,79,0.807337890244807,0.634474451468362,1.02729821116751,-1.74091608987519,0.081698287932941,0.766193153499782,0.0190231782799908,0.10292814565632,0.195280732064302,0.094640311942954,HUMANGEM_SUBSYSTEM,11
HUMANGEM|FATTY_ACID_ELONGATION_EVEN_CHAIN_,DSS,ssGSEA,1040,79,0.807337890244807,0.634474451468362,1.02729821116751,-1.74091608987519,0.081698287932941,0.766193153499782,0.0190231782799908,0.10292814565632,0.195280732064302,0.094640311942954,HUMANGEM_SUBSYSTEM,11
HUMANGEM|FATTY_ACID_ELONGATION_ODD_CHAIN_,DSS,ssGSEA,1040,79,0.807337890244807,0.634474451468362,1.02729821116751,-1.74091608987519,0.081698287932941,0.766193153499782,0.0190231782799908,0.10292814565632,0.195280732064302,0.094640311942954,HUMANGEM_SUBSYSTEM,11
REACTOME|R-HSA-399997_ACETYLCHOLINE_REGULATES_INSULIN_SECRETION,DSS,ssGSEA,1040,79,1.21884114224934,0.975313818985018,1.52317510643464,1.74020227075699,0.0818235070519486,1.1331282119077,0.251554447910924,0.471154426925068,0.195280732064302,0.447517599562844,REACTOME_METABOLISM,10
REACTOME|R-HSA-196741_COBALAMIN_CBL_VITAMIN_B12_TRANSPORT_AND_METABOLISM,DSS,ssGSEA,1040,79,0.814533034111251,0.646347802239204,1.02648150324017,-1.73849787417906,0.08212312434458,0.74971267216162,0.0114560416408328,0.14054074316901,0.195280732064302,0.0762697385711884,REACTOME_METABOLISM,20
HUMANGEM|BUTANOATE_METABOLISM,DSS,ssGSEA,1040,79,0.804797310235951,0.629868614118132,1.02830764392008,-1.73675708029225,0.0824300577557859,0.888224145409424,0.335471888602132,0.982320330449448,0.195280732064302,0.563366293939446,HUMANGEM_SUBSYSTEM,13
REACTOME|R-HSA-8963691_PHENYLALANINE_AND_TYROSINE_METABOLISM,DSS,ssGSEA,1040,79,0.814376585245471,0.64522504874953,1.02787271492543,-1.72856727730091,0.0838865703911424,0.85329556897783,0.160988157121313,0.096917240668327,0.197555355122335,0.335462233163784,REACTOME_METABOLISM,10
REACTOME|R-HSA-2408557_SELENOCYSTEINE_SYNTHESIS,DSS,ssGSEA,1040,79,0.827900793761781,0.668055754603745,1.02599179722348,-1.72555698542335,0.0844271435140919,0.868647707033558,0.198773934668287,0.706407691461233,0.197658841874168,0.389714413783144,REACTOME_METABOLISM,93
HUMANGEM|GALACTOSE_METABOLISM,DSS,ssGSEA,1040,79,1.22228563357587,0.97240244751674,1.53638256861777,1.72016757007392,0.0854019860963763,1.15053892220702,0.226479230757762,0.00457519453398812,0.198771874072268,0.423186543857227,HUMANGEM_SUBSYSTEM,22
REACTOME|R-HSA-1362409_MITOCHONDRIAL_IRON_SULFUR_CLUSTER_BIOGENESIS,DSS,ssGSEA,1040,79,0.810806861926252,0.637646350673424,1.03099118602718,-1.71100325678702,0.0870805116186012,0.865123556793734,0.228680100935396,0.231563235002247,0.201319853737687,0.425302243795737,REACTOME_METABOLISM,12
REACTOME|R-HSA-196780_BIOTIN_TRANSPORT_AND_METABOLISM,DSS,ssGSEA,1040,79,0.815216708925076,0.644822310139808,1.03063785489454,-1.70774452514536,0.0876837565364731,0.844909260396653,0.160883492119937,0.427827188193592,0.201319853737687,0.335462233163784,REACTOME_METABOLISM,11
REACTOME|R-HSA-1614635_SULFUR_AMINO_ACID_METABOLISM,DSS,ssGSEA,1040,79,0.809088075050017,0.634295160601469,1.03204872723197,-1.70596708855459,0.0880142074129587,0.875860715274183,0.263470456970442,0.0680750577066982,0.201319853737687,0.466049963885492,REACTOME_METABOLISM,27
HUMANGEM|FATTY_ACID_BIOSYNTHESIS,DSS,ssGSEA,1040,79,0.834503349482392,0.675209918377434,1.03137679311763,-1.6741186591376,0.0941072813355731,0.880871590065007,0.245892700226951,0.649541903154182,0.213630942612316,0.442829387739034,HUMANGEM_SUBSYSTEM,26
REACTOME|R-HSA-15869_METABOLISM_OF_NUCLEOTIDES,DSS,ssGSEA,1040,79,1.21616625756913,0.966888719478144,1.52971105800881,1.67227572292734,0.0944699645722803,1.30232076556117,0.0255637692051713,0.00168777308078167,0.213630942612316,0.109666183825715,REACTOME_METABOLISM,86
KEGG|hsa00515_MANNOSE_TYPE_O_GLYCAN_BIOSYNTHESIS,DSS,ssGSEA,1040,79,1.213611199585,0.966762176278,1.52348962329968,1.66865222210326,0.0951863229727955,1.30683369654067,0.0170874128600582,0.0241628677502771,0.214034782729789,0.0943767999606314,KEGG_METABOLISM,16
KEGG|hsa00053_ASCORBATE_AND_ALDARATE_METABOLISM,DSS,ssGSEA,1040,79,0.805729770291165,0.624496676683085,1.03955791435365,-1.6615755835335,0.096597902356909,0.950975706483098,0.662747147833661,0.503776794345515,0.215988568191291,0.825650008884534,KEGG_METABOLISM,29
HALLMARK|HALLMARK_HEME_METABOLISM,DSS,ssGSEA,1040,79,0.823838055691362,0.654181395793439,1.03749379968554,-1.64713347049245,0.0995306148092814,0.876952705906461,0.24881024524585,0.430693018377533,0.221302707788235,0.446065214449768,HALLMARK_METABOLIC,190
HUMANGEM|RETINOL_METABOLISM,DSS,ssGSEA,1040,79,0.81988484334538,0.645689321501923,1.04107522606052,-1.62966947073656,0.103171373048535,0.89993046862566,0.358076826234127,0.629325685292687,0.227296513011367,0.581514980866488,HUMANGEM_SUBSYSTEM,117
REACTOME|R-HSA-193048_ANDROGEN_BIOSYNTHESIS,DSS,ssGSEA,1040,79,1.19544660635622,0.964010325975791,1.48244531219316,1.62612736958004,0.103922562776673,1.1701035730709,0.131100543169933,0.0456872992230752,0.227296513011367,0.303989922112629,REACTOME_METABOLISM,11
HUMANGEM|PENTOSE_PHOSPHATE_PATHWAY,DSS,ssGSEA,1040,79,1.20865139144106,0.961827636517584,1.51881494206338,1.62604721593943,0.10393961147756,1.17200359829132,0.152511669706175,0.00220652153189802,0.227296513011367,0.326342174962675,HUMANGEM_SUBSYSTEM,23
KEGG|hsa00592_ALPHA_LINOLENIC_ACID_METABOLISM,DSS,ssGSEA,1040,79,0.822799991689429,0.649775255907645,1.04189844129791,-1.61924721569508,0.105394082750338,0.8258033163564,0.0954647257639616,0.662482502952476,0.22921773188325,0.246720525026342,KEGG_METABOLISM,23
REACTOME|R-HSA-2142845_HYALURONAN_METABOLISM,DSS,ssGSEA,1040,79,1.20368965590314,0.960613412942816,1.50827457560647,1.61085137350077,0.10721212069238,1.15871832925158,0.183658132457251,0.567527623865679,0.229349422742121,0.365479683589929,REACTOME_METABOLISM,18
REACTOME|R-HSA-163685_INTEGRATION_OF_ENERGY_METABOLISM,DSS,ssGSEA,1040,79,0.827552287933925,0.657080178340833,1.04225148138534,-1.60836125954269,0.10775608115542,0.870388535640189,0.209287083706184,0.00754722820039597,0.229349422742121,0.404350773374083,REACTOME_METABOLISM,108
REACTOME|R-HSA-2162123_SYNTHESIS_OF_PROSTAGLANDINS_PG_AND_THROMBOXANES_TX_,DSS,ssGSEA,1040,79,0.822709287235407,0.648538977841922,1.04365442082707,-1.60794256297363,0.107847758826766,0.766053186312052,0.0304375500143925,0.757441543217606,0.229349422742121,0.121141449057282,REACTOME_METABOLISM,14
REACTOME|R-HSA-351202_METABOLISM_OF_POLYAMINES,DSS,ssGSEA,1040,79,1.21415524940415,0.95757900991119,1.53947920160903,1.60211551086579,0.109130068652607,1.262023921525,0.0479495348203755,0.0524021263088068,0.229349422742121,0.157718304615781,REACTOME_METABOLISM,44
REACTOME|R-HSA-1638091_HEPARAN_SULFATE_HEPARIN_HS_GAG_METABOLISM,DSS,ssGSEA,1040,79,1.21412146817934,0.957187585030737,1.54002304516583,1.5993188513791,0.109749772905624,1.19354022008269,0.113749897686149,0.618104862446646,0.229349422742121,0.277745148951456,REACTOME_METABOLISM,40
HUMANGEM|PROTEIN_DEGRADATION,DSS,ssGSEA,1040,79,0.838149278086867,0.674991369448558,1.04074547342946,-1.59843714921558,0.109945722525305,0.861167927764862,0.179651380399149,0.0729178431945906,0.229349422742121,0.361206929159099,HUMANGEM_SUBSYSTEM,16
HUMANGEM|KERATAN_SULFATE_DEGRADATION,DSS,ssGSEA,1040,79,0.828013278201594,0.656935963764394,1.04364203924759,-1.59824968107618,0.109987421090526,0.962101769343786,0.741026962977864,0.147285983505271,0.229349422742121,0.875159439956053,HUMANGEM_SUBSYSTEM,12
KEGG|hsa00052_GALACTOSE_METABOLISM,DSS,ssGSEA,1040,79,1.21168883862558,0.95742091130387,1.53348420147869,1.59790252203543,0.110064672722978,1.10725353013394,0.378465588515291,0.009468517339158,0.229349422742121,0.596167144188826,KEGG_METABOLISM,30
KEGG|hsa00900_TERPENOID_BACKBONE_BIOSYNTHESIS,DSS,ssGSEA,1040,79,1.17826074079852,0.95733321443634,1.45017257562141,1.54841229781374,0.121523062237798,1.34660750449167,0.0050825998841918,0.153669344582541,0.251907181097101,0.0561909653863427,KEGG_METABOLISM,23
KEGG|hsa00220_ARGININE_BIOSYNTHESIS,DSS,ssGSEA,1040,79,1.20187856843196,0.950897475474389,1.51910393129966,1.53869589653422,0.123878554588191,1.09243427935677,0.43325485772391,0.00333253206190321,0.255459402725906,0.631631624081011,KEGG_METABOLISM,22
CONTROL|CONTROL_EPITHELIAL,DSS,ssGSEA,1040,79,0.857029232822508,0.702881084448992,1.04498345760454,-1.5250585252404,0.127244500751273,0.869236158098067,0.131377479431848,0.815618391243697,0.261047996386631,0.303989922112629,CONTEXT_CONTROL,10
REACTOME|R-HSA-1474151_TETRAHYDROBIOPTERIN_BH4_SYNTHESIS_RECYCLING_SALVAGE_AND_REGULATION,DSS,ssGSEA,1040,79,1.18726835544745,0.951481389731592,1.48148577897518,1.51968762988329,0.128589502031908,1.18326770372421,0.144795391993864,0.289183447171757,0.261641101730084,0.320158700075321,REACTOME_METABOLISM,12
KEGG|hsa00564_GLYCEROPHOSPHOLIPID_METABOLISM,DSS,ssGSEA,1040,79,0.840649088179866,0.671711611648819,1.05207484462411,-1.51649625977353,0.129393915362273,0.876360363396528,0.238837124587491,0.818127135252358,0.261641101730084,0.436042089843218,KEGG_METABOLISM,89
KEGG|hsa00260_GLYCINE_SERINE_AND_THREONINE_METABOLISM,DSS,ssGSEA,1040,79,0.833855308357566,0.659286784217762,1.05464676665873,-1.51605371154219,0.129505771459363,0.90093152006641,0.365077814508448,0.0260899575661477,0.261641101730084,0.583538032828764,KEGG_METABOLISM,39
HUMANGEM|POOL_REACTIONS,DSS,ssGSEA,1040,79,0.835687452768377,0.658809856632016,1.06005323339384,-1.4793607683771,0.139043919507718,0.871310754943263,0.225684320000315,0.66610331212945,0.279492323050868,0.423186543857227,HUMANGEM_SUBSYSTEM,11
REACTOME|R-HSA-73614_PYRIMIDINE_SALVAGE,DSS,ssGSEA,1040,79,1.19112251884346,0.943853281880645,1.50317097173097,1.47324836860492,0.140684077135098,1.2368683155273,0.0641302399315759,0.00326042104806115,0.281368154270196,0.192137777791255,REACTOME_METABOLISM,10
HUMANGEM|PURINE_METABOLISM,DSS,ssGSEA,1040,79,1.18269880554258,0.94530961223115,1.47970193736886,1.46796738361503,0.142113082805788,1.22190383853091,0.0815639581432715,0.0511876623137124,0.282805034783518,0.22508251319561,HUMANGEM_SUBSYSTEM,115
REACTOME|R-HSA-400042_ADRENALINE_NORADRENALINE_INHIBITS_INSULIN_SECRETION,DSS,ssGSEA,1040,79,0.838641096770917,0.661976525494279,1.06245291503045,-1.45805106209728,0.144826468976744,0.892682851843997,0.322718168111332,0.00438010837877288,0.286770819167881,0.551252493168714,REACTOME_METABOLISM,28
REACTOME|R-HSA-71336_PENTOSE_PHOSPHATE_PATHWAY,DSS,ssGSEA,1040,79,1.17988091187448,0.942830335055415,1.47653179415777,1.44554551833961,0.148304717169769,1.2218561368087,0.073799211168381,0.00987070908669617,0.292204343730534,0.211309971546875,REACTOME_METABOLISM,14
REACTOME|R-HSA-174403_GLUTATHIONE_SYNTHESIS_AND_RECYCLING,DSS,ssGSEA,1040,79,1.17746188373688,0.941267680299017,1.47292477652349,1.43011965337392,0.152682680404102,1.22703290277258,0.0726428686003908,0.0712538381057359,0.298833062554618,0.209506244224315,REACTOME_METABOLISM,12
KEGG|hsa01100_METABOLIC_PATHWAYS,DSS,ssGSEA,1040,79,0.84497460767435,0.670598515542828,1.06469380868891,-1.42842100974159,0.153170715480257,0.939534600706698,0.588213066388124,0.150580895618239,0.298833062554618,0.778210746836728,KEGG_METABOLISM,1421
REACTOME|R-HSA-2024101_CS_DS_DEGRADATION,DSS,ssGSEA,1040,79,1.18768792401984,0.935573177302681,1.5077416059847,1.41295231195759,0.157669746254878,1.10221000618448,0.386674820111723,0.0286994605998969,0.306110043948495,0.598819371223603,REACTOME_METABOLISM,20
REACTOME|R-HSA-196854_METABOLISM_OF_VITAMINS_AND_COFACTORS,DSS,ssGSEA,1040,79,0.847775160896673,0.671425848790458,1.07044243936709,-1.38789691864546,0.165168436285546,0.840527907869359,0.135211447263236,0.702147476611036,0.319111833211879,0.305762250061181,REACTOME_METABOLISM,182
HUMANGEM|PENTOSE_AND_GLUCURONATE_INTERCONVERSIONS,DSS,ssGSEA,1040,79,0.850343982651871,0.675228332952554,1.07087462646958,-1.37796093530871,0.168215349570516,0.95384784136586,0.682387108008601,0.772106231975102,0.323428546517223,0.837549025444163,HUMANGEM_SUBSYSTEM,10
REACTOME|R-HSA-1971475_GLYCOSAMINOGLYCAN_PROTEIN_LINKAGE_REGION_BIOSYNTHESIS,DSS,ssGSEA,1040,79,1.19272170260658,0.927678235805606,1.53348974349211,1.37451225692373,0.169282707731461,1.14102609973202,0.240864357132709,0.850654849734067,0.323915950370776,0.437735224378165,REACTOME_METABOLISM,28
KEGG|hsa00130_UBIQUINONE_AND_OTHER_TERPENOID_QUINONE_BIOSYNTHESIS,DSS,ssGSEA,1040,79,0.853837511235137,0.680815578248479,1.07083110152649,-1.36767022170318,0.171415325031196,0.930895312841657,0.529871035687484,0.401343644058003,0.325911219070465,0.732252334040342,KEGG_METABOLISM,12
HUMANGEM|BIOPTERIN_METABOLISM,DSS,ssGSEA,1040,79,0.84438447799352,0.662416010616285,1.07634044958101,-1.36592276674168,0.171963206042205,0.855390390404556,0.177044493449128,0.692029188494605,0.325911219070465,0.361206929159099,HUMANGEM_SUBSYSTEM,11
REACTOME|R-HSA-156581_METHYLATION,DSS,ssGSEA,1040,79,0.851283743784695,0.674844728828227,1.07385296420763,-1.35871558399647,0.174236731892016,0.796249681077349,0.038847949038897,0.3332179731839,0.328655067739443,0.141374611187476,REACTOME_METABOLISM,13
REACTOME|R-HSA-70171_GLYCOLYSIS,DSS,ssGSEA,1040,79,1.168443672776,0.932227071652869,1.46451509290501,1.35096910612675,0.176705329250469,1.14507522839931,0.219821402071405,0.295229437928481,0.330061813212451,0.419037221443859,REACTOME_METABOLISM,67
HUMANGEM|GLYCOSYLPHOSPHATIDYLINOSITOL_GPI_ANCHOR_BIOSYNTHESIS,DSS,ssGSEA,1040,79,0.859797606504393,0.690340619803026,1.07085097261351,-1.34878426654942,0.177406269720247,0.967759471202513,0.766306636815855,0.835869003948429,0.330061813212451,0.894398948541672,HUMANGEM_SUBSYSTEM,26
REACTOME|R-HSA-189451_HEME_BIOSYNTHESIS,DSS,ssGSEA,1040,79,0.845396990307236,0.662296551810152,1.0791179106507,-1.34858462397397,0.177470422179559,1.01559993849195,0.890236273591237,0.501659517346095,0.330061813212451,0.952157537275629,REACTOME_METABOLISM,14
HALLMARK|HALLMARK_HYPOXIA,DSS,ssGSEA,1040,79,1.17794138217322,0.924193331558854,1.50135891750675,1.3230949927479,0.185803789687299,1.04248052485633,0.724873747651162,0.800939304213693,0.343953061839743,0.866991173103213,HALLMARK_METABOLIC,190
KEGG|hsa00430_TAURINE_AND_HYPOTAURINE_METABOLISM,DSS,ssGSEA,1040,79,0.857580198469378,0.681106655102953,1.07977772834361,-1.30703574059226,0.191200573401333,0.916978465383923,0.444389494697924,0.815035047265029,0.351077462153603,0.643152795962814,KEGG_METABOLISM,16
REACTOME|R-HSA-9854311_MATURATION_OF_TCA_ENZYMES_AND_REGULATION_OF_TCA_CYCLE,DSS,ssGSEA,1040,79,0.852367527860588,0.670727310635722,1.08319788240404,-1.3063998811535,0.191416606249578,0.993818739604078,0.957437024364376,0.403281829926379,0.351077462153603,0.971752552992186,REACTOME_METABOLISM,17
KEGG|hsa00604_GLYCOSPHINGOLIPID_BIOSYNTHESIS_GANGLIO_SERIES,DSS,ssGSEA,1040,79,1.16401604468512,0.925044564128986,1.46472224671704,1.29543440072296,0.195170417315834,1.12168174367111,0.308980261675901,0.236692356311817,0.356320303172945,0.534670191943515,KEGG_METABOLISM,15
REACTOME|R-HSA-350562_REGULATION_OF_ORNITHINE_DECARBOXYLASE_ODC_,DSS,ssGSEA,1040,79,1.16494517222905,0.924088064196131,1.46858000539193,1.29193763670265,0.196378742442916,1.23038113928768,0.0779998688960224,0.0922479323582405,0.356889221425938,0.218619350849415,REACTOME_METABOLISM,37
CURATED|CURATED_PENTOSE_PHOSPHATE,DSS,ssGSEA,1040,79,1.15705314254604,0.922774206710481,1.45081208917634,1.26374094397645,0.206323024088726,1.1464642276212,0.221499307123263,0.000645202542084904,0.373257107215058,0.419793924928852,CURATED_SIGNATURE,16
KEGG|hsa00051_FRUCTOSE_AND_MANNOSE_METABOLISM,DSS,ssGSEA,1040,79,0.857724722279283,0.675323213747008,1.0893919892478,-1.25811613859272,0.208349757583141,0.982522331379707,0.880949364769478,0.0515296672543766,0.375218115466471,0.947615803184465,KEGG_METABOLISM,31
HUMANGEM|PROTEIN_ASSEMBLY,DSS,ssGSEA,1040,79,0.866338494443148,0.691702647267605,1.08506507806331,-1.24920283447203,0.211590895545898,0.895760531892333,0.335040709831574,0.143709311653013,0.378227707571399,0.563366293939446,HUMANGEM_SUBSYSTEM,13
HUMANGEM|MISCELLANEOUS,DSS,ssGSEA,1040,79,0.863916062984255,0.686490353639161,1.08719803552333,-1.24718918607648,0.212328137090998,0.941120154272332,0.588546318587576,0.482384560712041,0.378227707571399,0.778210746836728,HUMANGEM_SUBSYSTEM,100
REACTOME|R-HSA-2408522_SELENOAMINO_ACID_METABOLISM,DSS,ssGSEA,1040,79,0.867370670636913,0.693387253251807,1.08500967785734,-1.24570729190984,0.212871875618074,0.938630169406741,0.581419996987628,0.515346155362246,0.378227707571399,0.774841443016146,REACTOME_METABOLISM,109
KEGG|hsa00230_PURINE_METABOLISM,DSS,ssGSEA,1040,79,1.15192990821985,0.920821190992359,1.44104254597069,1.23798600563746,0.215721249872708,1.21417019025281,0.0964763313944139,0.217024167205341,0.381586921997057,0.247726321903076,KEGG_METABOLISM,112
FFLCLASS|ALL_NETWORK_NODES,DSS,ssGSEA,1040,79,1.16021734066295,0.915166866604242,1.4708839739465,1.22766187292857,0.219573924670068,1.01993607267669,0.865860367552219,0.0919627280969694,0.386683283268526,0.941444863377964,FFL_MODULE,363
HUMANGEM|AMINO_SUGAR_AND_NUCLEOTIDE_SUGAR_METABOLISM,DSS,ssGSEA,1040,79,1.15551577121913,0.914262106860135,1.46043097216584,1.20977856899555,0.226363871844566,1.24940513216253,0.0452340244485901,0.29344609893486,0.395369271694716,0.150931645471568,HUMANGEM_SUBSYSTEM,30
HUMANGEM|TRICARBOXYLIC_ACID_CYCLE_AND_GLYOXYLATE_DICARBOXYLATE_METABOLISM,DSS,ssGSEA,1040,79,0.866589620420127,0.687124063438817,1.09292864298991,-1.2094423424536,0.226492949614058,0.947450068312733,0.637351051963214,0.110548309979428,0.395369271694716,0.805287995813839,HUMANGEM_SUBSYSTEM,45
REACTOME|R-HSA-163560_TRIGLYCERIDE_CATABOLISM,DSS,ssGSEA,1040,79,0.859614136060379,0.67204504920881,1.0995341216854,-1.20447919828281,0.228404417380128,0.825538125133754,0.11253151519766,0.415159571772668,0.396712814850506,0.276466315115239,REACTOME_METABOLISM,24
KEGG|hsa00061_FATTY_ACID_BIOSYNTHESIS,DSS,ssGSEA,1040,79,0.867562360549646,0.688170809089103,1.09371748917792,-1.20204045154967,0.229347855906286,0.847802955583427,0.151848168588819,0.564672921569051,0.396712814850506,0.326342174962675,KEGG_METABOLISM,17
FFLCLASS|higherorder_union,DSS,ssGSEA,1040,79,1.15607748137005,0.912185568522951,1.46517900419654,1.19970761343632,0.230252915151927,1.0148460325748,0.899778617465752,0.0788469256693557,0.396712814850506,0.952157537275629,FFL_MODULE,354
FFLCLASS|4_node,DSS,ssGSEA,1040,79,1.15526616004334,0.911089058567369,1.46488412739796,1.19138254055514,0.233503443858031,1.01453623706413,0.901918069228422,0.0834302055646264,0.400084806010802,0.952157537275629,FFL_MODULE,351
REACTOME|R-HSA-203615_ENOS_ACTIVATION,DSS,ssGSEA,1040,79,0.869686571569493,0.690959334467363,1.09464435175674,-1.18955713501372,0.234220502011349,0.917700116628157,0.435957394763468,0.0485143184215907,0.400084806010802,0.633251982174672,REACTOME_METABOLISM,15
KEGG|hsa00240_PYRIMIDINE_METABOLISM,DSS,ssGSEA,1040,79,1.14781616004818,0.913208980720352,1.44269489797231,1.18174443610927,0.237307120838722,1.2208929722151,0.0985730139771031,0.101496478123486,0.403624932024835,0.249885729699917,KEGG_METABOLISM,53
REACTOME|R-HSA-400451_FREE_FATTY_ACIDS_REGULATE_INSULIN_SECRETION,DSS,ssGSEA,1040,79,1.14664236843866,0.912824384438095,1.44035232133722,1.17606993206528,0.239566932021697,1.09196806832465,0.424900801466963,0.210449213379014,0.405734633806959,0.627832305039618,REACTOME_METABOLISM,11
REACTOME|R-HSA-1855170_IPS_TRANSPORT_BETWEEN_NUCLEUS_AND_CYTOSOL,DSS,ssGSEA,1040,79,1.14165117891891,0.914156108487344,1.4257602199734,1.16839645586371,0.242646883884746,1.09841126988852,0.383464293749596,0.411311459613444,0.405770839437517,0.596167144188826,REACTOME_METABOLISM,26
REACTOME|R-HSA-1855196_IP3_AND_IP4_TRANSPORT_BETWEEN_CYTOSOL_AND_NUCLEUS,DSS,ssGSEA,1040,79,1.14165117891891,0.914156108487344,1.4257602199734,1.16839645586371,0.242646883884746,1.09841126988852,0.383464293749596,0.411311459613444,0.405770839437517,0.596167144188826,REACTOME_METABOLISM,26
REACTOME|R-HSA-1855229_IP6_AND_IP7_TRANSPORT_BETWEEN_CYTOSOL_AND_NUCLEUS,DSS,ssGSEA,1040,79,1.14165117891891,0.914156108487344,1.4257602199734,1.16839645586371,0.242646883884746,1.09841126988852,0.383464293749596,0.411311459613444,0.405770839437517,0.596167144188826,REACTOME_METABOLISM,26
KEGG|hsa00830_RETINOL_METABOLISM,DSS,ssGSEA,1040,79,0.87408305464391,0.692678630058644,1.10299517447354,-1.13399002738871,0.256798731217084,0.936871787062107,0.560318646960161,0.441006561573618,0.427639728135563,0.761115431706977,KEGG_METABOLISM,65
HUMANGEM|SULFUR_METABOLISM,DSS,ssGSEA,1040,79,0.874610476479573,0.692915030058686,1.1039499107171,-1.12763714072726,0.259473194550257,0.946166732126244,0.63512955833579,0.900341277561078,0.43023525293863,0.805287995813839,HUMANGEM_SUBSYSTEM,20
REACTOME|R-HSA-170822_REGULATION_OF_GLUCOKINASE_BY_GLUCOKINASE_REGULATORY_PROTEIN,DSS,ssGSEA,1040,79,1.13571328600293,0.909454253286005,1.41826228569844,1.12269748708468,0.261565995616064,1.09167852363017,0.414961690587921,0.39169254730828,0.43023525293863,0.620882529526288,REACTOME_METABOLISM,28
KEGG|hsa00790_FOLATE_BIOSYNTHESIS,DSS,ssGSEA,1040,79,0.861023476901274,0.663065309491468,1.11808206094169,-1.12261667644112,0.261600329676252,0.833805003507102,0.143088499063051,0.00553220140072573,0.43023525293863,0.318152081715611,KEGG_METABOLISM,25
FFLCLASS|6_node,DSS,ssGSEA,1040,79,1.14132955174119,0.902190596789741,1.44385582194371,1.10197467495945,0.270472681725069,1.00702549274924,0.952152360792094,0.06911195974869,0.442996408751347,0.97168369126988,FFL_MODULE,314
KEGG|hsa01210_2_OXOCARBOXYLIC_ACID_METABOLISM,DSS,ssGSEA,1040,79,1.13237124684202,0.905872232318749,1.41550275516489,1.09178760063936,0.274926470320326,1.13013490114427,0.274485096075539,0.0275017141944244,0.448445636014302,0.481255807216143,KEGG_METABOLISM,32
FFLCLASS|5_node,DSS,ssGSEA,1040,79,1.13897826107351,0.89962952570613,1.44200633942043,1.08119450757986,0.279610600680733,0.998519757812569,0.989874759466782,0.0718442410339101,0.454224567636457,0.99236050283436,FFL_MODULE,339
CONTROL|CONTROL_CAF_SMALL,DSS,ssGSEA,1040,79,1.17732655727538,0.869576239576425,1.59399229116596,1.05599793339743,0.290969159029525,1.19338832737376,0.232668642963318,0.00616523698011701,0.470754980868906,0.428713518052781,CONTEXT_CONTROL,10
KEGG|hsa00591_LINOLEIC_ACID_METABOLISM,DSS,ssGSEA,1040,79,0.877098734674557,0.686170905872478,1.12115244727482,-1.0469795993676,0.295108987323292,0.839507313127415,0.151441924946688,0.191065237868436,0.472310566732278,0.326342174962675,KEGG_METABOLISM,27
REACTOME|R-HSA-1482922_ACYL_CHAIN_REMODELLING_OF_PI,DSS,ssGSEA,1040,79,0.881886089707786,0.696962693919793,1.11587475485394,-1.04685338802972,0.295167202690525,0.792248828356508,0.0497572220997544,0.341115511317127,0.472310566732278,0.161003043867498,REACTOME_METABOLISM,16
HUMANGEM|FRUCTOSE_AND_MANNOSE_METABOLISM,DSS,ssGSEA,1040,79,0.881406427950657,0.695764189656355,1.11658131128658,-1.04615217011639,0.29549078169934,1.00856489513203,0.943062719376383,0.0081222116777861,0.472310566732278,0.967368459566496,HUMANGEM_SUBSYSTEM,24
KEGG|hsa01232_NUCLEOTIDE_METABOLISM,DSS,ssGSEA,1040,79,1.12635149268521,0.899586879955299,1.41027811025573,1.03738669792338,0.299555675157212,1.2162682734552,0.0977062298429673,0.0107076786692189,0.476750676774195,0.249276150496801,KEGG_METABOLISM,71
REACTOME|R-HSA-196108_PREGNENOLONE_BIOSYNTHESIS,DSS,ssGSEA,1040,79,1.13436248372496,0.893445686994449,1.44024227013886,1.03500972074066,0.300664371533474,1.16575030831596,0.200349198573901,0.166839996748255,0.476750676774195,0.390877358002024,REACTOME_METABOLISM,10
HUMANGEM|SPHINGOLIPID_METABOLISM,DSS,ssGSEA,1040,79,0.886141968110142,0.702136584231461,1.11836871241459,-1.01792429302119,0.308713935799766,0.961780695517983,0.727575507076566,0.0529350508674715,0.487572009715504,0.866991173103213,HUMANGEM_SUBSYSTEM,103
KEGG|hsa00514_OTHER_TYPES_OF_O_GLYCAN_BIOSYNTHESIS,DSS,ssGSEA,1040,79,1.12216007515579,0.896269611055526,1.40498262882153,1.00503289730892,0.314881009352364,1.16852684150109,0.157591057976745,0.653933414485739,0.495346409969331,0.332952504604117,KEGG_METABOLISM,35
REACTOME|R-HSA-75876_SYNTHESIS_OF_VERY_LONG_CHAIN_FATTY_ACYL_COAS,DSS,ssGSEA,1040,79,0.887065159965775,0.700782515034467,1.12286562684345,-0.996433712617693,0.319039459621707,0.797480931690296,0.0519677268338475,0.312712598507109,0.499018432907852,0.163985480242238,REACTOME_METABOLISM,20
REACTOME|R-HSA-422356_REGULATION_OF_INSULIN_SECRETION,DSS,ssGSEA,1040,79,0.889722745304396,0.706520296564877,1.12043003910971,-0.993316198464781,0.320555885989649,0.919293306052695,0.454799629531052,0.00569167734529749,0.499018432907852,0.653466615716097,REACTOME_METABOLISM,78
REACTOME|R-HSA-209968_THYROXINE_BIOSYNTHESIS,DSS,ssGSEA,1040,79,0.888488178125045,0.703466709909073,1.12217284989932,-0.992452826416071,0.320976680463342,0.958398574684905,0.71837505375991,0.118005342967954,0.499018432907852,0.866753194244697,REACTOME_METABOLISM,14
HUMANGEM|METABOLISM_OF_OTHER_AMINO_ACIDS,DSS,ssGSEA,1040,79,1.11185650720436,0.890278179140389,1.38858271670358,0.935067519680574,0.349753504078407,1.11848012698925,0.299303381382474,0.108572022766259,0.540763597384823,0.520186662839409,HUMANGEM_SUBSYSTEM,26
HUMANGEM|CHOLESTEROL_BIOSYNTHESIS_1_BLOCH_PATHWAY_,DSS,ssGSEA,1040,79,1.1062318425005,0.894929543250663,1.36742484209092,0.933532212654867,0.350545246545941,1.22034083630175,0.0794587482600426,0.00618643867235344,0.540763597384823,0.221150921730748,HUMANGEM_SUBSYSTEM,16
REACTOME|R-HSA-211999_CYP2E1_REACTIONS,DSS,ssGSEA,1040,79,0.881611432999635,0.674834310614068,1.15174748315393,-0.923988692990905,0.355492202810894,0.925475403479178,0.535825310994271,0.917376120718852,0.545353685958417,0.735374047502482,REACTOME_METABOLISM,11
KEGG|hsa00480_GLUTATHIONE_METABOLISM,DSS,ssGSEA,1040,79,0.899646641920086,0.718607570479453,1.12629495369508,-0.92251271357577,0.356261201882383,0.899733524130844,0.355455212209622,0.372928151088861,0.545353685958417,0.579799895325531,KEGG_METABOLISM,56
CURATED|CURATED_LIPID_SYNTHESIS,DSS,ssGSEA,1040,79,1.11351817821927,0.882510757871963,1.40499446852597,0.906408938580711,0.364719443393614,1.0401016515434,0.724670373656737,0.593139544789306,0.550878781126511,0.866991173103213,CURATED_SIGNATURE,34
FFLCLASS|3_miR,DSS,ssGSEA,1040,79,1.11385363368676,0.881969222567918,1.4067043220226,0.905384979499546,0.365261470403709,0.987511103472059,0.913770906257897,0.0370801127509183,0.550878781126511,0.95454283645838,FFL_MODULE,264
FFLCLASS|3node_union,DSS,ssGSEA,1040,79,1.11385363368676,0.881969222567918,1.4067043220226,0.905384979499546,0.365261470403709,0.987511103472059,0.913770906257897,0.0370801127509183,0.550878781126511,0.95454283645838,FFL_MODULE,264
REACTOME|R-HSA-2564830_CYTOSOLIC_IRON_SULFUR_CLUSTER_ASSEMBLY,DSS,ssGSEA,1040,79,1.11682211264923,0.879040378195188,1.41892416121223,0.904529798500501,0.365714540950237,1.17732996568584,0.157859336224475,0.569117413443454,0.550878781126511,0.332952504604117,REACTOME_METABOLISM,11
REACTOME|R-HSA-8978934_METABOLISM_OF_COFACTORS,DSS,ssGSEA,1040,79,1.10543343905532,0.889182534900656,1.37427697938107,0.902500326189376,0.366791148237501,1.1531844282341,0.207189765991028,0.321617430101838,0.550878781126511,0.40225135055819,REACTOME_METABOLISM,25
CONTROL|CONTROL_IMMUNE_SMALL,DSS,ssGSEA,1040,79,0.903518674026372,0.72356261365504,1.12823130840142,-0.895317346360661,0.370617470134632,0.833788697668592,0.110565528833762,0.174597820853836,0.553616314550631,0.275031752973983,CONTEXT_CONTROL,9
KEGG|hsa00910_NITROGEN_METABOLISM,DSS,ssGSEA,1040,79,0.901344056243894,0.717464461502546,1.13235031324728,-0.892262007536138,0.37225251308031,0.908334744298435,0.402043377879083,0.296323089519462,0.553616314550631,0.608415453976711,KEGG_METABOLISM,17
REACTOME|R-HSA-71403_CITRIC_ACID_CYCLE_TCA_CYCLE_,DSS,ssGSEA,1040,79,0.899815983736309,0.71322664704555,1.13521950973269,-0.890341578375394,0.373282501804697,1.03358507729443,0.775541360243805,0.389640804474893,0.553616314550631,0.899899304306223,REACTOME_METABOLISM,30
KEGG|hsa00520_AMINO_SUGAR_AND_NUCLEOTIDE_SUGAR_METABOLISM,DSS,ssGSEA,1040,79,1.11126015854194,0.879568094903401,1.4039835541082,0.884314634375861,0.376526390498263,1.27072644710208,0.0392129019769643,0.0510924008652145,0.553616314550631,0.141374611187476,KEGG_METABOLISM,37
FFLCLASS|3_Comp,DSS,ssGSEA,1040,79,1.11072401905276,0.879879300047751,1.40213304987828,0.883429280443147,0.37700437643485,0.984794965312576,0.894912867750611,0.0339606083202078,0.553616314550631,0.952157537275629,FFL_MODULE,258
FFLCLASS|3_TF,DSS,ssGSEA,1040,79,1.11072401905276,0.879879300047751,1.40213304987828,0.883429280443147,0.37700437643485,0.984794965312576,0.894912867750611,0.0339606083202078,0.553616314550631,0.952157537275629,FFL_MODULE,258
REACTOME|R-HSA-2160916_HYALURONAN_DEGRADATION,DSS,ssGSEA,1040,79,1.1102288881411,0.879472177965086,1.40153175386971,0.879614369412488,0.379068251864202,1.10243373101175,0.398273125668788,0.00397962938009427,0.553616314550631,0.605010320672433,REACTOME_METABOLISM,14
REACTOME|R-HSA-189445_METABOLISM_OF_PORPHYRINS,DSS,ssGSEA,1040,79,0.895112282179998,0.699031865497485,1.14619381069169,-0.878372056042745,0.379741843900307,1.05260766214396,0.668902445920813,0.0858426859990996,0.553616314550631,0.829355680612099,REACTOME_METABOLISM,27
REACTOME|R-HSA-159418_RECYCLING_OF_BILE_ACIDS_AND_SALTS,DSS,ssGSEA,1040,79,0.902948780950376,0.716773453811938,1.13748144087056,-0.866566112594917,0.386179787650374,0.940591120999022,0.595665551926819,0.312282609207614,0.560947282791419,0.779851610746296,REACTOME_METABOLISM,16
KEGG|hsa00100_STEROID_BIOSYNTHESIS,DSS,ssGSEA,1040,79,1.0978465352499,0.887761515791912,1.35764728873731,0.861416111740049,0.389008905437073,1.16996242840468,0.169380821309043,0.00351651125544124,0.562612932657436,0.351112327505204,KEGG_METABOLISM,18
REACTOME|R-HSA-1660517_SYNTHESIS_OF_PIPS_AT_THE_LATE_ENDOSOME_MEMBRANE,DSS,ssGSEA,1040,79,1.10854278698106,0.876354838872912,1.40224833145007,0.859338676167034,0.390153691993599,1.05672932328174,0.635752336821912,0.180243123359098,0.562612932657436,0.805287995813839,REACTOME_METABOLISM,11
HUMANGEM|PORPHYRIN_METABOLISM,DSS,ssGSEA,1040,79,0.903697001985405,0.716367921118501,1.14001234187358,-0.854376451610463,0.392896439264674,1.02349023267669,0.842189947980438,0.0507735626617053,0.562786857117381,0.932569331388878,HUMANGEM_SUBSYSTEM,22
HUMANGEM|LIPOIC_ACID_METABOLISM,DSS,ssGSEA,1040,79,0.899452273015472,0.705268891521421,1.14710063233822,-0.854004713784969,0.393102377584502,0.987988479791864,0.918300133306113,0.0943812538040502,0.562786857117381,0.956762966114746,HUMANGEM_SUBSYSTEM,10
REACTOME|R-HSA-8979227_TRIGLYCERIDE_METABOLISM,DSS,ssGSEA,1040,79,0.902117254283408,0.711601382267134,1.14363962852777,-0.851089677539426,0.394719539071848,0.841688356606299,0.146641034555746,0.693171389660162,0.563076618460916,0.320676548094433,REACTOME_METABOLISM,36
KEGG|hsa00565_ETHER_LIPID_METABOLISM,DSS,ssGSEA,1040,79,0.912215850374612,0.733804715783164,1.13400437442892,-0.82745517255212,0.407979120065584,0.778225970626362,0.0270773236793347,0.80752854956849,0.579913177807509,0.113439734993423,KEGG_METABOLISM,42
REACTOME|R-HSA-9861718_REGULATION_OF_PYRUVATE_METABOLISM,DSS,ssGSEA,1040,79,1.09752716814053,0.878440214545036,1.37125539662416,0.819146152770951,0.412703032563885,1.0683393836574,0.562359200662651,0.640477217063364,0.584540238293331,0.761288985931072,REACTOME_METABOLISM,30
CURATED|CURATED_TCA_CYCLE,DSS,ssGSEA,1040,79,1.09590372408276,0.879007347753664,1.3663196053226,0.813885915108046,0.415710310276252,1.1113750490913,0.340353888920177,0.0311237117615339,0.586711714503362,0.566781789917283,CURATED_SIGNATURE,27
KEGG|hsa00670_ONE_CARBON_POOL_BY_FOLATE,DSS,ssGSEA,1040,79,1.09692650111584,0.875767829282772,1.37393463040961,0.805288182560791,0.420653399587784,0.988875531015979,0.921924274877239,0.375053049415697,0.591590293413209,0.958030969715774,KEGG_METABOLISM,35
HUMANGEM|TERPENOID_BACKBONE_BIOSYNTHESIS,DSS,ssGSEA,1040,79,0.915100788433289,0.736751380097434,1.13662420677174,-0.802151091876316,0.422465563588002,1.05092812008932,0.658385841985714,0.146393336289665,0.592046810943749,0.824017500346899,HUMANGEM_SUBSYSTEM,15
HUMANGEM|O_GLYCAN_METABOLISM,DSS,ssGSEA,1040,79,1.09446246121817,0.876504404319177,1.36661957785159,0.796643659336083,0.425658013629222,1.05298600086749,0.634827862113162,0.829580049799525,0.594295919371977,0.805287995813839,HUMANGEM_SUBSYSTEM,27
CONTROL|CONTROL_IMMUNE_FULL,DSS,ssGSEA,1040,79,0.912573445491451,0.728144886364056,1.1437150888673,-0.794238040534015,0.427056866684385,0.847732181237228,0.145697357835062,0.568039428454969,0.594295919371977,0.320373195681517,CONTEXT_CONTROL,141
HUMANGEM|STARCH_AND_SUCROSE_METABOLISM,DSS,ssGSEA,1040,79,0.917108254432431,0.737228226228569,1.14087811674119,-0.776805209292031,0.437273702888978,0.905521471117373,0.352305055711687,0.288891774264922,0.606393497386109,0.577026387544244,HUMANGEM_SUBSYSTEM,25
REACTOME|R-HSA-9840309_GLYCOSPHINGOLIPID_BIOSYNTHESIS,DSS,ssGSEA,1040,79,1.09480654698663,0.86997568867475,1.37774122993095,0.772323632522786,0.43992277182517,0.963298561825266,0.731890009890216,0.18961771565114,0.607517997955928,0.869529026675541,REACTOME_METABOLISM,19
REACTOME|R-HSA-191273_CHOLESTEROL_BIOSYNTHESIS,DSS,ssGSEA,1040,79,1.08769923695144,0.87816345541225,1.34723168309179,0.769984156976608,0.441309290657905,1.1959887409866,0.111791764814314,0.00577970481040112,0.607517997955928,0.276354797491285,REACTOME_METABOLISM,24
REACTOME|R-HSA-156584_CYTOSOLIC_SULFONATION_OF_SMALL_MOLECULES,DSS,ssGSEA,1040,79,0.907494313390039,0.708298613019058,1.16271006846246,-0.767702639224095,0.442663867857334,1.01109638510417,0.925229791839195,0.527544406661019,0.607517997955928,0.958962127999999,REACTOME_METABOLISM,16
CURATED|CURATED_SERINE_GLYCINE,DSS,ssGSEA,1040,79,1.09479709638502,0.864225268615963,1.38688456098093,0.750622363175584,0.452879958548199,1.1114503413394,0.344985959233541,0.00107176195046582,0.619402829904409,0.569727849688586,CURATED_SIGNATURE,16
REACTOME|R-HSA-1989781_PPARA_ACTIVATES_GENE_EXPRESSION,DSS,ssGSEA,1040,79,1.09355164401839,0.862587205580211,1.38635860861272,0.738817623647534,0.460017748748665,1.0968464556503,0.431547862829632,0.973201466051521,0.627010493157427,0.631456063993359,REACTOME_METABOLISM,115
REACTOME|R-HSA-5423646_AFLATOXIN_ACTIVATION_AND_DETOXIFICATION,DSS,ssGSEA,1040,79,0.919269267098782,0.734640431131633,1.15029877151005,-0.735891567180312,0.461796689646011,1.01812419352266,0.872273644290656,0.603863310205972,0.627286970918472,0.943382908770872,REACTOME_METABOLISM,18
HUMANGEM|PYRIMIDINE_METABOLISM,DSS,ssGSEA,1040,79,1.08523459563263,0.868064502274713,1.35673573158646,0.718007035607685,0.472752948751816,1.22702572789318,0.0820024231491545,0.0179151186704692,0.639985284364703,0.22508251319561,HUMANGEM_SUBSYSTEM,57
HUMANGEM|DRUG_METABOLISM,DSS,ssGSEA,1040,79,0.91570880197893,0.716886652500758,1.16967250972887,-0.705086143241073,0.480756629290243,0.97141189768358,0.806081622538023,0.738081734447122,0.648614028669549,0.909769923999285,HUMANGEM_SUBSYSTEM,51
HUMANGEM|GLYCOSPHINGOLIPID_METABOLISM,DSS,ssGSEA,1040,79,1.08625850196294,0.861002811484044,1.37044562148754,0.69781049585094,0.485295714299355,1.14391146846963,0.220047184125042,0.0497516599693119,0.652525994226835,0.419037221443859,HUMANGEM_SUBSYSTEM,54
REACTOME|R-HSA-9864848_COMPLEX_IV_ASSEMBLY,DSS,ssGSEA,1040,79,0.922727561694612,0.734308632554665,1.1594935907927,-0.690115939731457,0.490121280021302,0.990876496950314,0.934745159543874,0.553111237981803,0.654711768758616,0.963804594555601,REACTOME_METABOLISM,35
HUMANGEM|ETHER_LIPID_METABOLISM,DSS,ssGSEA,1040,79,0.925323337842246,0.742239015406889,1.15356813881057,-0.689972749504078,0.490211324346903,0.773551820975838,0.0256255153160591,0.650031095328083,0.654711768758616,0.109666183825715,HUMANGEM_SUBSYSTEM,31
HUMANGEM|FATTY_ACID_ACTIVATION_CYTOSOLIC_,DSS,ssGSEA,1040,79,0.929461989988304,0.750215295071809,1.15153556120224,-0.6691978634774,0.503369268965622,0.757236500854504,0.0181482416918609,0.46545747728987,0.670036685780327,0.094640311942954,HUMANGEM_SUBSYSTEM,14
REACTOME|R-HSA-499943_INTERCONVERSION_OF_NUCLEOTIDE_DI_AND_TRIPHOSPHATES,DSS,ssGSEA,1040,79,1.0781964133816,0.86036536512068,1.35117887464693,0.653857818138901,0.513203412284614,1.19324639771496,0.132136322928354,0.162488225851095,0.680849860297588,0.303989922112629,REACTOME_METABOLISM,25
HUMANGEM|LYSINE_METABOLISM,DSS,ssGSEA,1040,79,1.08305438976407,0.850739095113553,1.37880910601698,0.647706368314041,0.517174884535118,1.04608397802017,0.686032618831149,0.197745369174369,0.683839216096269,0.837549025444163,HUMANGEM_SUBSYSTEM,39
REACTOME|R-HSA-2142789_UBIQUINOL_BIOSYNTHESIS,DSS,ssGSEA,1040,79,1.07265138010029,0.862648037255201,1.33377801089307,0.630899601762985,0.528106172261753,1.13425343202752,0.244881190707979,0.643831086588455,0.695980981987344,0.442829387739034,REACTOME_METABOLISM,11
HUMANGEM|N_GLYCAN_METABOLISM,DSS,ssGSEA,1040,79,0.930399040542011,0.741665458651814,1.16716015899546,-0.623679805174747,0.532837888241741,1.06088222445958,0.591556433410428,0.328346513252388,0.699899272343938,0.779600862574008,HUMANGEM_SUBSYSTEM,68
KEGG|hsa00510_N_GLYCAN_BIOSYNTHESIS,DSS,ssGSEA,1040,79,1.0737585935475,0.856689392206435,1.34582910411394,0.617608316850316,0.536833560924901,1.16489968306966,0.171590765750479,0.460103133449182,0.702828148842469,0.352663766457038,KEGG_METABOLISM,54
REACTOME|R-HSA-8957322_METABOLISM_OF_STEROIDS,DSS,ssGSEA,1040,79,0.930269934221575,0.736426420947442,1.17513729260724,-0.606293038065036,0.544320180809187,0.937113203310725,0.580821491781377,0.333638429947929,0.707730682963231,0.774841443016146,REACTOME_METABOLISM,147
REACTOME|R-HSA-71291_METABOLISM_OF_AMINO_ACIDS_AND_DERIVATIVES,DSS,ssGSEA,1040,79,0.929256914102324,0.732931795792405,1.17817021633423,-0.605922900466813,0.544565951765947,1.03051605885925,0.795111553265802,0.137249046974092,0.707730682963231,0.909769923999285,REACTOME_METABOLISM,341
HUMANGEM|GLUTATHIONE_METABOLISM,DSS,ssGSEA,1040,79,1.07522987712081,0.849690694814523,1.36063545912505,0.603895887002641,0.545912863491739,1.11217885896838,0.361088344238978,0.669241192784762,0.707730682963231,0.581514980866488,HUMANGEM_SUBSYSTEM,30
KEGG|hsa00250_ALANINE_ASPARTATE_AND_GLUTAMATE_METABOLISM,DSS,ssGSEA,1040,79,1.07249380717138,0.847451356098154,1.35729674410687,0.582457824800375,0.560258341832025,1.02882829925452,0.806906490381276,0.247899995478288,0.72397019496476,0.909769923999285,KEGG_METABOLISM,35
REACTOME|R-HSA-156588_GLUCURONIDATION,DSS,ssGSEA,1040,79,0.934978272771602,0.742972230281691,1.17660436679246,-0.573270886024204,0.566461294872219,1.01413643584097,0.900156551941315,0.55831486245975,0.727454294764688,0.952157537275629,REACTOME_METABOLISM,25
HUMANGEM|PHOSPHATIDYLINOSITOL_PHOSPHATE_METABOLISM,DSS,ssGSEA,1040,79,0.934114920971868,0.739879208399336,1.17934208135137,-0.573051050171697,0.566610129088073,1.02414585233246,0.831954145591204,0.71521977554915,0.727454294764688,0.927500700126889,HUMANGEM_SUBSYSTEM,21
REACTOME|R-HSA-400206_REGULATION_OF_LIPID_METABOLISM_BY_PPARALPHA,DSS,ssGSEA,1040,79,1.07068408016315,0.845494229682348,1.35585123974826,0.566902402981022,0.570780491486253,1.07091224636648,0.558387629522646,0.995791190911523,0.730054705223829,0.761089988184976,REACTOME_METABOLISM,117
HUMANGEM|TRANSPORT_REACTIONS,DSS,ssGSEA,1040,79,0.934627032033108,0.738618572983041,1.18265058713474,-0.563000583563244,0.573434486566858,0.987060311982614,0.907798146973095,0.730766484882132,0.730054705223829,0.95454283645838,HUMANGEM_SUBSYSTEM,497
REACTOME|R-HSA-6806667_METABOLISM_OF_FAT_SOLUBLE_VITAMINS,DSS,ssGSEA,1040,79,0.938583099544051,0.752427247705197,1.17079523294307,-0.561967005525772,0.574138499334318,0.911520190332362,0.390424762876741,0.614533129463318,0.730054705223829,0.599957743725648,REACTOME_METABOLISM,47
REACTOME|R-HSA-1660499_SYNTHESIS_OF_PIPS_AT_THE_PLASMA_MEMBRANE,DSS,ssGSEA,1040,79,0.937813341893584,0.747602679843069,1.17641882238602,-0.555147877709577,0.578793516898977,0.926222734616293,0.493197435906872,0.0286096534960114,0.732636925336162,0.691171054545546,REACTOME_METABOLISM,53
REACTOME|R-HSA-1483255_PI_METABOLISM,DSS,ssGSEA,1040,79,0.938908849771056,0.751100727768682,1.17367723873368,-0.553602619579955,0.57985083286656,0.933604371659615,0.53286610918132,0.0268960022566888,0.732636925336162,0.733843292228946,REACTOME_METABOLISM,83
REACTOME|R-HSA-70326_GLUCOSE_METABOLISM,DSS,ssGSEA,1040,79,1.06334285770536,0.851942829474647,1.32719942455559,0.543093156285982,0.587065664406375,1.10666302814655,0.360951996723264,0.205753055522081,0.739405488714358,0.581514980866488,REACTOME_METABOLISM,77
REACTOME|R-HSA-1483166_SYNTHESIS_OF_PA,DSS,ssGSEA,1040,79,0.941745721619615,0.748996604968527,1.18409749564368,-0.513706173616183,0.607457435019798,0.904205732372269,0.371706819273973,0.991824868899201,0.762675265419178,0.589399657653551,REACTOME_METABOLISM,34
REACTOME|R-HSA-1855204_SYNTHESIS_OF_IP3_AND_IP4_IN_THE_CYTOSOL,DSS,ssGSEA,1040,79,0.941920569324719,0.748415522435459,1.18545691841061,-0.509975438956552,0.610068668970906,0.904640364467277,0.381179813920534,0.0407084339475844,0.763545063680567,0.596167144188826,REACTOME_METABOLISM,28
REACTOME|R-HSA-209776_METABOLISM_OF_AMINE_DERIVED_HORMONES,DSS,ssGSEA,1040,79,0.942594165327132,0.74454447913364,1.19332529541096,-0.4912767901233,0.623230693364311,1.02320856988875,0.843530048492453,0.103704392999517,0.777573090780551,0.932569331388878,REACTOME_METABOLISM,22
REACTOME|R-HSA-975634_RETINOID_METABOLISM_AND_TRANSPORT,DSS,ssGSEA,1040,79,0.946880093158105,0.758723411539088,1.18169796421645,-0.48291344052891,0.629157198077319,0.912210362178651,0.394350772397313,0.658907910102523,0.782514265108665,0.601535271241252,REACTOME_METABOLISM,43
REACTOME|R-HSA-1660516_SYNTHESIS_OF_PIPS_AT_THE_EARLY_ENDOSOME_MEMBRANE,DSS,ssGSEA,1040,79,1.0561050185122,0.843740206250625,1.32192089681614,0.476581633802446,0.633660064288721,1.00481787003681,0.965717332978182,0.0410348701478653,0.78565951896234,0.973051895000802,REACTOME_METABOLISM,16
HUMANGEM|GLYCOSPHINGOLIPID_BIOSYNTHESIS_GLOBO_SERIES,DSS,ssGSEA,1040,79,1.05689909342061,0.83496033089537,1.33783085535985,0.460161922635091,0.645399999906303,1.02315232930174,0.837907687112116,0.0344746883859915,0.795613391984161,0.931528657739169,HUMANGEM_SUBSYSTEM,13
REACTOME|R-HSA-1855183_SYNTHESIS_OF_IP2_IP_AND_INS_IN_THE_CYTOSOL,DSS,ssGSEA,1040,79,0.94787746328556,0.7544757960289,1.19085554517942,-0.459763137237053,0.645686245253478,1.03589276371605,0.754713834084344,0.0994453708802135,0.795613391984161,0.8885320241487,REACTOME_METABOLISM,14
REACTOME|R-HSA-1660514_SYNTHESIS_OF_PIPS_AT_THE_GOLGI_MEMBRANE,DSS,ssGSEA,1040,79,1.05511424332403,0.837540847135738,1.32920808611597,0.455333567569688,0.648869280406912,1.0778552306629,0.508376709223942,0.212051965921671,0.797067819759108,0.709943614986417,REACTOME_METABOLISM,18
KEGG|hsa00561_GLYCEROLIPID_METABOLISM,DSS,ssGSEA,1040,79,0.948472998937016,0.751853362768742,1.19651128033763,-0.446330065051937,0.655358841908552,0.949353519324904,0.643529083437481,0.00960171806309906,0.800562458863377,0.810520807620625,KEGG_METABOLISM,55
REACTOME|R-HSA-204174_REGULATION_OF_PYRUVATE_DEHYDROGENASE_PDH_COMPLEX,DSS,ssGSEA,1040,79,1.05063035564614,0.845314259042341,1.30581512425411,0.445209281588611,0.656168519833567,1.01786628612651,0.874700194402171,0.942644473850195,0.800562458863377,0.943443570113995,REACTOME_METABOLISM,15
REACTOME|R-HSA-1483249_INOSITOL_PHOSPHATE_METABOLISM,DSS,ssGSEA,1040,79,1.05310322720029,0.837637858934123,1.32399269602125,0.443023754524317,0.657748552885237,1.01878717146629,0.868116243366113,0.565950363532898,0.800562458863377,0.941444863377964,REACTOME_METABOLISM,76
KEGG|hsa00450_SELENOCOMPOUND_METABOLISM,DSS,ssGSEA,1040,79,1.04366016520476,0.854479484460449,1.2747252101939,0.418799347064517,0.675362782074406,1.16214472766568,0.17969590948116,0.521362916850387,0.817968045645753,0.361206929159099,KEGG_METABOLISM,13
REACTOME|R-HSA-70268_PYRUVATE_METABOLISM,DSS,ssGSEA,1040,79,1.04910631968114,0.837778215350875,1.31374157244463,0.417709514393581,0.676159515119228,0.979193114865215,0.855947562909154,0.794876493539008,0.817968045645753,0.935898708895173,REACTOME_METABOLISM,43
KEGG|hsa00040_PENTOSE_AND_GLUCURONATE_INTERCONVERSIONS,DSS,ssGSEA,1040,79,0.952297798051828,0.75376532636865,1.20312126924611,-0.409757082237926,0.681984151978213,1.05043843427478,0.655924130012066,0.937218950051878,0.821155403905925,0.823526194778556,KEGG_METABOLISM,33
KEGG|hsa00030_PENTOSE_PHOSPHATE_PATHWAY,DSS,ssGSEA,1040,79,1.04907923429412,0.833613158685365,1.32023736473014,0.408480831921637,0.68292070023332,1.09482219302875,0.422047454424753,0.0326565080815448,0.821155403905925,0.627832305039618,KEGG_METABOLISM,29
KEGG|hsa00310_LYSINE_DEGRADATION,DSS,ssGSEA,1040,79,1.04956498153139,0.826368683947981,1.33304500987882,0.396572447869165,0.691682773422379,1.00977969653661,0.929050920911639,0.327901462412477,0.824939713239779,0.960421471487876,KEGG_METABOLISM,48
KEGG|hsa00512_MUCIN_TYPE_O_GLYCAN_BIOSYNTHESIS,DSS,ssGSEA,1040,79,1.04542174655645,0.838242090535126,1.30380786232703,0.394188744460516,0.693441694983785,1.02939961402715,0.790455832712569,0.618190951489429,0.824939713239779,0.909769923999285,KEGG_METABOLISM,30
HUMANGEM|CHONDROITIN_SULFATE_DEGRADATION,DSS,ssGSEA,1040,79,1.04870493416248,0.827457929076671,1.3291093121362,0.39336815847828,0.694047583853992,1.02783474343311,0.816516812824797,0.0208805731221458,0.824939713239779,0.9154188493078,HUMANGEM_SUBSYSTEM,15
KEGG|hsa01200_CARBON_METABOLISM,DSS,ssGSEA,1040,79,1.04701014951338,0.832600716602109,1.31663380937,0.392946760450137,0.694358803857603,1.09385385405834,0.428215030975658,0.0222537784218616,0.824939713239779,0.628891447705948,KEGG_METABOLISM,110
KEGG|hsa00531_GLYCOSAMINOGLYCAN_DEGRADATION,DSS,ssGSEA,1040,79,0.955260580529317,0.753741121749368,1.21065807660238,-0.37863260059198,0.704960709781839,0.971469466927264,0.806320033901186,0.101746632718493,0.83487843720706,0.909769923999285,KEGG_METABOLISM,19
KEGG|hsa00970_AMINOACYL_TRNA_BIOSYNTHESIS,DSS,ssGSEA,1040,79,1.04311463220581,0.837086743408786,1.29985111398484,0.375996252866925,0.706919681755726,1.10122381074724,0.368897776630579,0.106160881536075,0.83487843720706,0.587285260395882,KEGG_METABOLISM,24
HALLMARK|HALLMARK_OXIDATIVE_PHOSPHORYLATION,DSS,ssGSEA,1040,79,0.957140746610527,0.758145928244813,1.20836685220096,-0.368369073883537,0.71259805415207,1.03524304239534,0.764734120039189,0.151927368411128,0.837029804190305,0.894398948541672,HALLMARK_METABOLIC,182
KEGG|hsa00513_VARIOUS_TYPES_OF_N_GLYCAN_BIOSYNTHESIS,DSS,ssGSEA,1040,79,0.957817905039284,0.761320170284641,1.20503196292677,-0.367900407282555,0.712947496533953,1.04328723967859,0.702059396653623,0.722749910397913,0.837029804190305,0.854064579387836,KEGG_METABOLISM,41
REACTOME|R-HSA-73621_PYRIMIDINE_CATABOLISM,DSS,ssGSEA,1040,79,0.956123596728946,0.750529514716785,1.21803648530313,-0.363232016727803,0.716431572664664,0.944457608367859,0.624455734661443,0.0841709721149882,0.837109870357385,0.8043151533827,REACTOME_METABOLISM,11
REACTOME|R-HSA-70635_UREA_CYCLE,DSS,ssGSEA,1040,79,1.04384702820609,0.827519977160657,1.31672545481417,0.362173640943391,0.717222275858965,1.02586226413502,0.82573931596277,0.00873035848955842,0.837109870357385,0.923157999306692,REACTOME_METABOLISM,12
KEGG|hsa00190_OXIDATIVE_PHOSPHORYLATION,DSS,ssGSEA,1040,79,0.960007107600626,0.763731288636528,1.20672500964188,-0.349750621122684,0.726525859847581,1.03094142284124,0.788413796589689,0.139342752305229,0.841423840409178,0.909769923999285,KEGG_METABOLISM,103
REACTOME|R-HSA-6799198_COMPLEX_I_BIOGENESIS,DSS,ssGSEA,1040,79,0.960032413939359,0.763485355782029,1.20717735950572,-0.348993096141245,0.727094492597031,1.02738611277087,0.810441120524319,0.145603247300406,0.841423840409178,0.91117391516576,REACTOME_METABOLISM,53
HUMANGEM|CYSTEINE_AND_METHIONINE_METABOLISM,DSS,ssGSEA,1040,79,0.957117783874369,0.748024485829597,1.22465837624635,-0.348509978618989,0.727457221148618,0.927738311632702,0.515667350952033,0.0107831760631673,0.841423840409178,0.715106639996199,HUMANGEM_SUBSYSTEM,41
HALLMARK|HALLMARK_CHOLESTEROL_HOMEOSTASIS,DSS,ssGSEA,1040,79,0.961367143297206,0.768373898929425,1.20283469480048,-0.344617425422926,0.730382003835969,0.946063385243088,0.629600135006899,0.0127250825111387,0.841423840409178,0.805287995813839,HALLMARK_METABOLIC,72
REACTOME|R-HSA-196807_NICOTINATE_METABOLISM,DSS,ssGSEA,1040,79,1.03873517206662,0.836048454513707,1.29056007682696,0.343145414234875,0.731489067290391,0.960439014917714,0.718664708795854,0.732612008066977,0.841423840409178,0.866753194244697,REACTOME_METABOLISM,22
HUMANGEM|CHOLESTEROL_METABOLISM,DSS,ssGSEA,1040,79,0.963453525437266,0.777153505338298,1.19441357376807,-0.339587929516344,0.734166869359468,1.09417079927542,0.424986516855894,0.0301771648072851,0.842070357363309,0.627832305039618,HUMANGEM_SUBSYSTEM,29
HALLMARK|HALLMARK_REACTIVE_OXYGEN_SPECIES_PATHWAY,DSS,ssGSEA,1040,79,1.04059385387736,0.822391410506989,1.31669124323633,0.331412631244825,0.740332825145729,1.06120842502683,0.604190197905971,0.0718507709470326,0.846702483931035,0.785842152831949,HALLMARK_METABOLIC,45
CONTROL|CONTROL_CAF_FULL,DSS,ssGSEA,1040,79,1.03731274089844,0.823497894470875,1.30664295519736,0.311061355932078,0.755753978276566,1.00109058097304,0.99236050283436,0.0382716922368374,0.861862703020267,0.99236050283436,CONTEXT_CONTROL,123
KEGG|hsa00330_ARGININE_AND_PROLINE_METABOLISM,DSS,ssGSEA,1040,79,0.964118951044279,0.761846921204881,1.2200946487946,-0.304157077237674,0.761008223974161,1.11555995083582,0.339198849491445,0.184326139661856,0.863311620004783,0.566781789917283,KEGG_METABOLISM,45
REACTOME|R-HSA-1655829_REGULATION_OF_CHOLESTEROL_BIOSYNTHESIS_BY_SREBP_SREBF_,DSS,ssGSEA,1040,79,1.03555436517814,0.82651036255944,1.29747053614513,0.303691728382082,0.761362760355977,1.09001020326939,0.458547572426874,0.854848287509482,0.863311620004783,0.656481776352143,REACTOME_METABOLISM,53
REACTOME|R-HSA-189483_HEME_DEGRADATION,DSS,ssGSEA,1040,79,0.964941716396955,0.760620969449307,1.22414783899165,-0.293981023738457,0.768772403858768,1.05054171403188,0.679258657899348,0.909506534066987,0.869236979363039,0.836981256482787,REACTOME_METABOLISM,15
HUMANGEM|INOSITOL_PHOSPHATE_METABOLISM,DSS,ssGSEA,1040,79,0.967759822860862,0.773180576327929,1.21130703928401,-0.286147143242871,0.774765425303157,0.923387504251946,0.475483416189714,0.0343865401937568,0.871748600070346,0.671072339161369,HUMANGEM_SUBSYSTEM,95
HUMANGEM|GLYCOSPHINGOLIPID_BIOSYNTHESIS_GANGLIO_SERIES,DSS,ssGSEA,1040,79,1.03416519104928,0.82028763519952,1.30380807473448,0.284189714024857,0.776264997661759,1.04419201148133,0.70385221617892,0.0983371040467207,0.871748600070346,0.854064579387836,HUMANGEM_SUBSYSTEM,24
REACTOME|R-HSA-9865881_COMPLEX_III_ASSEMBLY,DSS,ssGSEA,1040,79,1.0346258517467,0.816984218691273,1.31024642656787,0.282494052864544,0.777564706092896,1.06784966903737,0.572030067584135,0.163784729368609,0.871748600070346,0.769148536819208,REACTOME_METABOLISM,20
REACTOME|R-HSA-1482788_ACYL_CHAIN_REMODELLING_OF_PC,DSS,ssGSEA,1040,79,0.968261416315105,0.768192029893434,1.22043725245964,-0.273116592015276,0.784763592839317,0.847413558189948,0.158110611482859,0.901620050833969,0.877348061657439,0.332952504604117,REACTOME_METABOLISM,25
HUMANGEM|BILE_ACID_RECYCLING,DSS,ssGSEA,1040,79,1.03226861420332,0.812374911030866,1.31168316180158,0.259849279929937,0.794980036322883,0.95257232930231,0.671615247395081,0.656845487134235,0.886280264584055,0.830133131873423,HUMANGEM_SUBSYSTEM,14
KEGG|hsa00020_CITRATE_CYCLE_TCA_CYCLE_,DSS,ssGSEA,1040,79,1.02879884939897,0.823540855705604,1.28521501415712,0.250066126349137,0.802536211155099,1.07147809673081,0.538779320730905,0.0320408379878678,0.89220506156349,0.736887180930929,KEGG_METABOLISM,30
HUMANGEM|ISOLATED,DSS,ssGSEA,1040,79,0.973187001647763,0.782460467791038,1.21040356562664,-0.2442130427651,0.807065826172335,0.972265231322702,0.804739553117508,0.128469203208059,0.892889209058735,0.909769923999285,HUMANGEM_SUBSYSTEM,467
KEGG|hsa00140_STEROID_HORMONE_BIOSYNTHESIS,DSS,ssGSEA,1040,79,0.969791575493561,0.757595806169811,1.24142147070898,-0.243473669025971,0.807638480555639,0.994265965743226,0.960803497110632,0.499628116144463,0.892889209058735,0.971752552992186,KEGG_METABOLISM,61
REACTOME|R-HSA-75109_TRIGLYCERIDE_BIOSYNTHESIS,DSS,ssGSEA,1040,79,1.02659215650257,0.820218381754476,1.28489129143666,0.229202037318056,0.818711889178044,0.943614369981686,0.594359572422255,0.0161833628779168,0.901536473865895,0.779851610746296,REACTOME_METABOLISM,12
REACTOME|R-HSA-8964539_GLUTAMATE_AND_GLUTAMINE_METABOLISM,DSS,ssGSEA,1040,79,1.02659524105972,0.817554945072407,1.28908496648275,0.225950692965048,0.821239769885353,1.11076211307284,0.362351043353993,0.374141201643083,0.901536473865895,0.581514980866488,REACTOME_METABOLISM,12
REACTOME|R-HSA-199220_VITAMIN_B5_PANTOTHENATE_METABOLISM,DSS,ssGSEA,1040,79,0.971608207237434,0.753912074592551,1.25216525929941,-0.222539636984768,0.823893820893084,0.99199321726985,0.946028184896949,0.0357259065396235,0.901536473865895,0.967915726449835,REACTOME_METABOLISM,20
REACTOME|R-HSA-196791_VITAMIN_D_CALCIFEROL_METABOLISM,DSS,ssGSEA,1040,79,0.97518046041603,0.780913139588293,1.21777555296174,-0.221734212589708,0.824520795193934,0.912608047549256,0.406991412493084,0.560790079612999,0.901536473865895,0.613570387016088,REACTOME_METABOLISM,12
HUMANGEM|ANDROGEN_METABOLISM,DSS,ssGSEA,1040,79,1.02692659070983,0.803904250606192,1.31182068251498,0.212697672427718,0.831562782360364,0.987290786299609,0.913032665794009,0.106689590049728,0.905844448004802,0.95454283645838,HUMANGEM_SUBSYSTEM,22
REACTOME|R-HSA-71064_LYSINE_CATABOLISM,DSS,ssGSEA,1040,79,0.97516564339379,0.771878819256699,1.23199135451257,-0.210839219559679,0.833012733592355,0.994527441089901,0.961986195675682,0.750231964902945,0.905844448004802,0.971752552992186,REACTOME_METABOLISM,10
HUMANGEM|PANTOTHENATE_AND_COA_METABOLISM,DSS,ssGSEA,1040,79,0.97655682591324,0.771715975141527,1.23576971963402,-0.197504450501768,0.843432799038313,0.978724845414382,0.851535944653919,0.145409323288877,0.911761008163121,0.935760540864307,HUMANGEM_SUBSYSTEM,13
REACTOME|R-HSA-196071_METABOLISM_OF_STEROID_HORMONES,DSS,ssGSEA,1040,79,1.02485479383489,0.801913563425239,1.30977626062348,0.196162987901593,0.844482596582123,1.02959830974403,0.804558607408427,0.0833539350145591,0.911761008163121,0.909769923999285,REACTOME_METABOLISM,34
HUMANGEM|STEROID_METABOLISM,DSS,ssGSEA,1040,79,0.975806696093013,0.762962229213034,1.24802863324193,-0.195085312196531,0.845326160834653,0.983140517347645,0.887003617147463,0.986093160813259,0.911761008163121,0.951556441036901,HUMANGEM_SUBSYSTEM,60
REACTOME|R-HSA-1428517_AEROBIC_RESPIRATION_AND_RESPIRATORY_ELECTRON_TRANSPORT,DSS,ssGSEA,1040,79,0.978813844821348,0.777662614221773,1.23199511625324,-0.18244420783396,0.855234135101713,1.04750240083911,0.683965869894137,0.197529814704723,0.919954556136437,0.837549025444163,REACTOME_METABOLISM,198
KEGG|hsa00603_GLYCOSPHINGOLIPID_BIOSYNTHESIS_GLOBO_AND_ISOGLOBO_SERIES,DSS,ssGSEA,1040,79,1.02044759304231,0.802822358611349,1.29706563223651,0.165398645176361,0.868630219982384,1.02876088854928,0.802468031996255,0.0972711207135317,0.931845896369242,0.909769923999285,KEGG_METABOLISM,15
KEGG|hsa01521_EGFR_TYROSINE_KINASE_INHIBITOR_RESISTANCE,DSS,ssGSEA,1040,79,0.981743084845801,0.784329543101346,1.22884506024276,-0.160864908076689,0.872199801588074,0.897247991289668,0.326681088794987,0.00549956726429469,0.933160002774337,0.553272652512361,KEGG_METABOLISM,79
REACTOME|R-HSA-3322077_GLYCOGEN_SYNTHESIS,DSS,ssGSEA,1040,79,0.982410276787465,0.779372109076652,1.23834294388729,-0.150235872920175,0.880578524569832,0.971759106545041,0.793013648369202,0.230090099730606,0.937815517897609,0.909769923999285,REACTOME_METABOLISM,14
REACTOME|R-HSA-1482925_ACYL_CHAIN_REMODELLING_OF_PG,DSS,ssGSEA,1040,79,0.983060046346086,0.785624973750841,1.23011244170105,-0.1493672805879,0.881263828376145,0.896094260466888,0.344157409925178,0.882431884801869,0.937815517897609,0.569727849688586,REACTOME_METABOLISM,17
HUMANGEM|OXIDATIVE_PHOSPHORYLATION,DSS,ssGSEA,1040,79,0.984604210879517,0.784146214568597,1.2363069974329,-0.133587601709364,0.893728688710186,1.03878763440974,0.737274447116232,0.20430436159075,0.948544048284411,0.873319136762679,HUMANGEM_SUBSYSTEM,73
KEGG|hsa01240_BIOSYNTHESIS_OF_COFACTORS,DSS,ssGSEA,1040,79,1.01487844944453,0.81109932358969,1.26985467401026,0.129150410507753,0.897238634164516,1.09284075113954,0.425916387840947,0.0731356979511401,0.949736639354993,0.627832305039618,KEGG_METABOLISM,139
REACTOME|R-HSA-8982491_GLYCOGEN_METABOLISM,DSS,ssGSEA,1040,79,1.0131512015306,0.81600056035589,1.25793462288214,0.118334822187506,0.905802367110175,1.02037405501078,0.853470041039557,0.488820696217198,0.95625820188289,0.935760540864307,REACTOME_METABOLISM,28
KEGG|hsa00785_LIPOIC_ACID_METABOLISM,DSS,ssGSEA,1040,79,1.01324568809364,0.800851201546886,1.28196951251032,0.109637983644633,0.91269648563609,0.990925199413431,0.937254272744651,0.433031588449293,0.95995691897183,0.963894575070726,KEGG_METABOLISM,19
REACTOME|R-HSA-1660661_SPHINGOLIPID_DE_NOVO_BIOSYNTHESIS,DSS,ssGSEA,1040,79,1.0126762232959,0.801598297038396,1.2793354689222,0.105625039230044,0.915879857446737,1.10008608181507,0.390379530941728,0.839504506351141,0.95995691897183,0.599957743725648,REACTOME_METABOLISM,28
HUMANGEM|ALANINE_ASPARTATE_AND_GLUTAMATE_METABOLISM,DSS,ssGSEA,1040,79,0.987607438913843,0.782150782747729,1.24703378800114,-0.104790835864196,0.916541781932903,0.964815349659753,0.756814965292485,0.903856266272666,0.95995691897183,0.8885320241487,HUMANGEM_SUBSYSTEM,32
KEGG_EXTRA|hsa04933_AGE_RAGE_SIGNALING_PATHWAY_IN_DIABETIC_COMPLICATIONS,DSS,ssGSEA,1040,79,0.989175575094925,0.783994906580522,1.24805443269022,-0.0917606375133489,0.926888218782711,0.883586084220782,0.273022256990351,0.0388662986524202,0.964464372112398,0.480809107443184,KEGG_CLAIM_SPECIFIC,98
REACTOME|R-HSA-70221_GLYCOGEN_BREAKDOWN_GLYCOGENOLYSIS_,DSS,ssGSEA,1040,79,0.990995321921202,0.813865468998907,1.2066757535219,-0.0900344610233849,0.928259830086893,1.00228350350058,0.983024299215115,0.295739435057224,0.964464372112398,0.98798906840307,REACTOME_METABOLISM,17
REACTOME|R-HSA-1475029_REVERSIBLE_HYDRATION_OF_CARBON_DIOXIDE,DSS,ssGSEA,1040,79,1.0101079150382,0.808293790675712,1.26231082286288,0.0884397443879087,0.929527173583055,1.00634057887112,0.954922269464952,0.731440528932049,0.964464372112398,0.971752552992186,REACTOME_METABOLISM,12
KEGG|hsa00562_INOSITOL_PHOSPHATE_METABOLISM,DSS,ssGSEA,1040,79,0.990180448395895,0.79005086182966,1.2410053171955,-0.0856612356934619,0.931735718250594,0.967547412770091,0.770382792943332,0.0358383562546385,0.964464372112398,0.896527343834637,KEGG_METABOLISM,78
KEGG|hsa00500_STARCH_AND_SUCROSE_METABOLISM,DSS,ssGSEA,1040,79,0.990133149573838,0.785874471480388,1.24748123200675,-0.0841190646163568,0.932961766993149,0.942898908401702,0.597910306862772,0.619924692386141,0.964464372112398,0.780223941414372,KEGG_METABOLISM,32
KEGG|hsa00760_NICOTINATE_AND_NICOTINAMIDE_METABOLISM,DSS,ssGSEA,1040,79,0.990836854068233,0.78807345069484,1.24576924969903,-0.0788027025066413,0.93718955444516,1.08069766917726,0.491866801663423,0.98123334709335,0.964891878866842,0.691171054545546,KEGG_METABOLISM,32
REACTOME|R-HSA-9634600_REGULATION_OF_GLYCOLYSIS_BY_FRUCTOSE_2_6_BISPHOSPHATE_METABOLISM,DSS,ssGSEA,1040,79,1.00958217482398,0.793232358754874,1.2849402277565,0.0775022356067989,0.93822401286801,1.06704623256841,0.582104501160371,0.798768583668045,0.964891878866842,0.774841443016146,REACTOME_METABOLISM,12
KEGG|hsa00860_PORPHYRIN_METABOLISM,DSS,ssGSEA,1040,79,0.991900190808,0.792123170145781,1.2420618732108,-0.0708753840028565,0.943496934815223,1.11039521516227,0.314576728057367,0.148462996010199,0.965827483552825,0.539661800719103,KEGG_METABOLISM,43
REACTOME|R-HSA-611105_RESPIRATORY_ELECTRON_TRANSPORT,DSS,ssGSEA,1040,79,0.991802461054622,0.788315161946826,1.2478158092567,-0.0702594416457728,0.943987163572987,1.05490229099978,0.636486353552412,0.170944541620464,0.965827483552825,0.805287995813839,REACTOME_METABOLISM,126
HUMANGEM|ARGININE_AND_PROLINE_METABOLISM,DSS,ssGSEA,1040,79,1.00637642233939,0.797338714031745,1.27021739395977,0.0535068934842781,0.957328038313111,1.14664526980029,0.225551870011954,0.578238653306437,0.974885199909986,0.423186543857227,HUMANGEM_SUBSYSTEM,53
REACTOME|R-HSA-2024096_HS_GAG_DEGRADATION,DSS,ssGSEA,1040,79,1.00654618451284,0.790719536819712,1.28128264748864,0.0529911265093452,0.957738977801016,1.04078277939897,0.726010700044752,0.428428394146642,0.974885199909986,0.866991173103213,REACTOME_METABOLISM,19
KEGG|hsa01522_ENDOCRINE_RESISTANCE,DSS,ssGSEA,1040,79,0.994708690370661,0.787066331692746,1.25713086541373,-0.0444119667134093,0.964576023003677,0.938895645776182,0.568766229909167,0.00312159870284749,0.977968756563045,0.767352405097791,KEGG_METABOLISM,94
HUMANGEM|GLYCINE_SERINE_AND_THREONINE_METABOLISM,DSS,ssGSEA,1040,79,1.00505634857596,0.798735876256358,1.26467120589015,0.0430236053711162,0.96568271690773,1.07835244673556,0.513890000616256,0.0985292373343494,0.977968756563045,0.715106639996199,HUMANGEM_SUBSYSTEM,56
REACTOME|R-HSA-8956319_NUCLEOTIDE_CATABOLISM,DSS,ssGSEA,1040,79,1.00300208108637,0.792535139517606,1.26936097152225,0.0249463470721945,0.980097759105269,1.02216459527736,0.849046602856764,0.00418224990448505,0.990047990162176,0.935760540864307,REACTOME_METABOLISM,32
REACTOME|R-HSA-2022857_KERATAN_SULFATE_DEGRADATION,DSS,ssGSEA,1040,79,1.00259536599051,0.793022859504267,1.26755169268894,0.0216649499718854,0.982715223076898,1.01971012426772,0.861587820404782,0.25861348048267,0.990178882999001,0.93948480142768,REACTOME_METABOLISM,15
REACTOME|R-HSA-2426168_ACTIVATION_OF_GENE_EXPRESSION_BY_SREBF_SREBP_,DSS,ssGSEA,1040,79,0.998055530359552,0.798914859563908,1.2468347906622,-0.017141284707882,0.986323903309289,1.05794326141394,0.623424176995448,0.655543001888051,0.991305337164387,0.8043151533827,REACTOME_METABOLISM,40
HUMANGEM|ACYLGLYCERIDES_METABOLISM,DSS,ssGSEA,1040,79,1.00107513922275,0.802803425831396,1.24831484535832,0.00954214071293048,0.992386588784943,1.04812208358043,0.663839203123244,0.0794379088188966,0.992550806333765,0.825650008884534,HUMANGEM_SUBSYSTEM,38
REACTOME|R-HSA-71288_CREATINE_METABOLISM,DSS,ssGSEA,1040,79,0.998880256391357,0.789525512764057,1.2637486065718,-0.0093363153678184,0.992550806333765,1.0858938180273,0.464863855540516,0.0790657048860405,0.992550806333765,0.660770766089734,REACTOME_METABOLISM,11
HUMANGEM|BETA_OXIDATION_OF_EVEN_CHAIN_FATTY_ACIDS_MITOCHONDRIAL_,OS,ssGSEA,1057,140,0.680592939645756,0.571740294862429,0.810169850993461,-4.32747406339067,1.5082909971571e-05,0.782611671059475,0.00422154142532638,0.763951182180749,0.00422914348079346,0.162855868127721,HUMANGEM_SUBSYSTEM,15
HUMANGEM|BETA_OXIDATION_OF_ODD_CHAIN_FATTY_ACIDS_MITOCHONDRIAL_,OS,ssGSEA,1057,140,0.683429306945322,0.573431758668003,0.814526943322271,-4.25131420260718,2.12519772904194e-05,0.768349244327229,0.00236305609378985,0.614992519269459,0.00422914348079346,0.15916939476569,HUMANGEM_SUBSYSTEM,11
CURATED|CURATED_GLUTAMINOLYSIS,OS,ssGSEA,1057,140,1.39794732479958,1.18349725072442,1.65125581974787,3.94286462501557,8.05141073077604e-05,1.31520699409643,0.000980912313335483,0.344479505421944,0.00958363857457345,0.102955944252812,CURATED_SIGNATURE,18
HUMANGEM|ARACHIDONIC_ACID_METABOLISM,OS,ssGSEA,1057,140,0.715649960545048,0.604884580724388,0.846698498108169,-3.89968485485888,9.63179756238538e-05,0.80355464624786,0.00851019067188023,0.338534197103226,0.00958363857457345,0.207341141905995,HUMANGEM_SUBSYSTEM,104
HUMANGEM|HISTIDINE_METABOLISM,OS,ssGSEA,1057,140,0.718962271998421,0.604803676760539,0.85466866095424,-3.74017531348145,0.00018389194974871,0.775015458909599,0.00359595210296796,0.196529023973501,0.0121762509127452,0.15916939476569,HUMANGEM_SUBSYSTEM,40
KEGG|hsa00601_GLYCOSPHINGOLIPID_BIOSYNTHESIS_LACTO_AND_NEOLACTO_SERIES,OS,ssGSEA,1057,140,1.37281402480774,1.16141225020239,1.62269542652095,3.71384253852526,0.000204135837654496,1.1318091698399,0.125856239302495,0.0119871930442443,0.0121762509127452,0.381892963590121,KEGG_METABOLISM,28
HUMANGEM|GLYCOSPHINGOLIPID_BIOSYNTHESIS_LACTO_AND_NEOLACTO_SERIES,OS,ssGSEA,1057,140,1.37474434237262,1.16154329755685,1.62707839721578,3.70170542579674,0.000214155166807077,1.13545951605578,0.119316582551998,0.0156916128210335,0.0121762509127452,0.37801809965502,HUMANGEM_SUBSYSTEM,26
HUMANGEM|FATTY_ACID_OXIDATION,OS,ssGSEA,1057,140,0.732239424474266,0.616239666013256,0.870074752284561,-3.54162429223576,0.000397671454334229,0.833746629983136,0.0299184568895466,0.463720669323656,0.0197841548531279,0.280729426211032,HUMANGEM_SUBSYSTEM,67
REACTOME|R-HSA-193775_SYNTHESIS_OF_BILE_ACIDS_AND_BILE_SALTS_VIA_24_HYDROXYCHOLESTEROL,OS,ssGSEA,1057,140,0.708265605099703,0.583273698970967,0.86004249506237,-3.48200255233943,0.000497678948541926,0.728252237090173,0.000903811521776475,0.704712615221446,0.0220084690577429,0.102955944252812,REACTOME_METABOLISM,13
HUMANGEM|BLOOD_GROUP_BIOSYNTHESIS,OS,ssGSEA,1057,140,1.34670569893009,1.13731077622401,1.59465317435236,3.45227216148718,0.000555886717113799,1.11531952387343,0.181350148458998,0.0243050421669751,0.0221242913411292,0.44916078228423,HUMANGEM_SUBSYSTEM,16
REACTOME|R-HSA-8978868_FATTY_ACID_METABOLISM,OS,ssGSEA,1057,140,0.743356225306457,0.626021361509166,0.882683102649642,-3.38374555884497,0.0007150423432006,0.848682530242895,0.0549068583181714,0.47886521210673,0.0258715320539853,0.306088321304522,REACTOME_METABOLISM,165
REACTOME|R-HSA-9018677_BIOSYNTHESIS_OF_DHA_DERIVED_SPMS,OS,ssGSEA,1057,140,0.72333279683169,0.598716098376302,0.873887200279538,-3.35736168139863,0.000786901041737952,0.780817443579856,0.00719988005485106,0.940650820182769,0.0260988845509754,0.20468230441648,REACTOME_METABOLISM,17
REACTOME|R-HSA-71384_ETHANOL_OXIDATION,OS,ssGSEA,1057,140,0.744989823213101,0.621726486279547,0.892691318351745,-3.19009848132502,0.00142224319189896,0.793304822561929,0.00772583671901259,0.338901171519271,0.0359991923846094,0.204992200944467,REACTOME_METABOLISM,12
HUMANGEM|KERATAN_SULFATE_BIOSYNTHESIS,OS,ssGSEA,1057,140,1.30020837974569,1.10599012153711,1.52853248672003,3.18047189934738,0.0014703539877346,1.15474155146768,0.0777482588110726,0.0267282415124462,0.0359991923846094,0.327751972065174,HUMANGEM_SUBSYSTEM,20
KEGG|hsa00410_BETA_ALANINE_METABOLISM,OS,ssGSEA,1057,140,0.766758868129823,0.650763774730881,0.903429454257587,-3.17354315989479,0.00150590510535151,0.846034158366329,0.0492456123067406,0.201586732453328,0.0359991923846094,0.306088321304522,KEGG_METABOLISM,31
REACTOME|R-HSA-71387_METABOLISM_OF_CARBOHYDRATES_AND_CARBOHYDRATE_DERIVATIVES,OS,ssGSEA,1057,140,1.32854457159526,1.11469137349064,1.58342544016293,3.17255955357328,0.00151101565669761,1.22662075935801,0.0126975017087018,0.073060448826382,0.0359991923846094,0.23607284391933,REACTOME_METABOLISM,286
HUMANGEM|PROSTAGLANDIN_BIOSYNTHESIS,OS,ssGSEA,1057,140,0.749549766680196,0.626718335268628,0.8964551076833,-3.15704563050247,0.00159376404186866,0.734731532782778,0.000882226548631651,0.467203282641084,0.0359991923846094,0.102955944252812,HUMANGEM_SUBSYSTEM,39
CURATED|CURATED_ANTIFOLATE_DETERMINANTS,OS,ssGSEA,1057,140,1.31985504354533,1.11040330096437,1.56881498322197,3.14784294706155,0.00164480039005222,1.18701256370511,0.0447550628835288,0.155139363737411,0.0359991923846094,0.306088321304522,CURATED_SIGNATURE,10
HUMANGEM|OMEGA_3_FATTY_ACID_METABOLISM,OS,ssGSEA,1057,140,0.776056123857527,0.662161958640258,0.90954048253317,-3.13089943116262,0.00174271828669155,0.793781942841822,0.00359930792183721,0.426507154592252,0.0359991923846094,0.15916939476569,HUMANGEM_SUBSYSTEM,45
REACTOME|R-HSA-193368_SYNTHESIS_OF_BILE_ACIDS_AND_BILE_SALTS_VIA_7ALPHA_HYDROXYCHOLESTEROL,OS,ssGSEA,1057,140,0.74842959495955,0.623367935242293,0.89858144274552,-3.10634714959105,0.00189414204462444,0.828328133648865,0.0312999761108363,0.894049343597955,0.0359991923846094,0.280729426211032,REACTOME_METABOLISM,23
HUMANGEM|PYRUVATE_METABOLISM,OS,ssGSEA,1057,140,0.750297904584901,0.625877649505435,0.899452067140168,-3.10551889075693,0.00189945487456482,0.839572861580441,0.060009559575116,0.90451357409811,0.0359991923846094,0.306088321304522,HUMANGEM_SUBSYSTEM,44
HUMANGEM|SEROTONIN_AND_MELATONIN_BIOSYNTHESIS,OS,ssGSEA,1057,140,0.748349921870471,0.621572353074426,0.900985384555037,-3.06097858163796,0.00220614875307199,0.768513675125864,0.00344671483942345,0.164150180038754,0.0388804550154763,0.15916939476569,HUMANGEM_SUBSYSTEM,41
REACTOME|R-HSA-77286_MITOCHONDRIAL_FATTY_ACID_BETA_OXIDATION_OF_SATURATED_FATTY_ACIDS,OS,ssGSEA,1057,140,0.748805864777293,0.621987035545505,0.901482170979828,-3.05549940779668,0.00224686046571848,0.804927118731022,0.0211667081380832,0.903797805578833,0.0388804550154763,0.259524927266996,REACTOME_METABOLISM,10
REACTOME|R-HSA-2142753_ARACHIDONATE_METABOLISM,OS,ssGSEA,1057,140,0.761467411649359,0.638572873740794,0.908013232079971,-3.03454752640127,0.00240896796846712,0.81392376890939,0.0187589640548098,0.298764947285843,0.039948718810413,0.257450610131527,REACTOME_METABOLISM,58
REACTOME|R-HSA-1482839_ACYL_CHAIN_REMODELLING_OF_PE,OS,ssGSEA,1057,140,0.765306503531405,0.642195087753779,0.912018879490438,-2.98919938489989,0.00279709539100679,0.748053570459762,0.00103473310806847,0.765103921006007,0.0445297586248281,0.102955944252812,REACTOME_METABOLISM,23
REACTOME|R-HSA-211859_BIOLOGICAL_OXIDATIONS,OS,ssGSEA,1057,140,0.777175233261304,0.657756498039456,0.918274992333912,-2.96165058121934,0.00305994825822471,0.844303488350265,0.0438902233464258,0.311618950162708,0.0450753616816784,0.306088321304522,REACTOME_METABOLISM,206
REACTOME|R-HSA-211945_PHASE_I_FUNCTIONALIZATION_OF_COMPOUNDS,OS,ssGSEA,1057,140,0.774239683199787,0.65324208676941,0.917649213335066,-2.95122515105845,0.00316516101780759,0.804090161018239,0.0105670947834502,0.160108669764585,0.0450753616816784,0.210285186190659,REACTOME_METABOLISM,101
KEGG|hsa00340_HISTIDINE_METABOLISM,OS,ssGSEA,1057,140,0.772139063924333,0.650081270116644,0.91711415394412,-2.94557797184146,0.00322351889985052,0.831910673702572,0.0321855642586008,0.0885062583036896,0.0450753616816784,0.280729426211032,KEGG_METABOLISM,20
REACTOME|R-HSA-196757_METABOLISM_OF_FOLATE_AND_PTERINES,OS,ssGSEA,1057,140,1.29566087562897,1.08973979840013,1.54049352616121,2.93318264656508,0.00335506455013667,1.21675539275116,0.0212696965263357,0.0285683120454552,0.0450753616816784,0.259524927266996,REACTOME_METABOLISM,16
KEGG|hsa00590_ARACHIDONIC_ACID_METABOLISM,OS,ssGSEA,1057,140,0.75866062622448,0.630339384514256,0.913104844665316,-2.92155771367534,0.00348285740616333,0.782946475201117,0.00914269738914491,0.425587926786069,0.0450753616816784,0.207341141905995,KEGG_METABOLISM,56
REACTOME|R-HSA-390247_BETA_OXIDATION_OF_VERY_LONG_CHAIN_FATTY_ACIDS,OS,ssGSEA,1057,140,0.786832316845565,0.669484412776774,0.924749080064075,-2.90940844620265,0.00362113429768744,0.860721490752068,0.0667597472195083,0.833164706075513,0.0450753616816784,0.308960656002721,REACTOME_METABOLISM,10
KEGG|hsa00511_OTHER_GLYCAN_DEGRADATION,OS,ssGSEA,1057,140,0.775469732079521,0.653372176115047,0.920384012902314,-2.9091482413603,0.00362414968294902,0.916345999302103,0.321049147139096,0.421126779754099,0.0450753616816784,0.611375887853398,KEGG_METABOLISM,16
HUMANGEM|HEPARAN_SULFATE_DEGRADATION,OS,ssGSEA,1057,140,0.784488065863219,0.664307123282904,0.92641114916922,-2.86095428667897,0.00422367948386137,0.900746435208622,0.221191077396001,0.875486546757852,0.0467069672212435,0.497367507365019,HUMANGEM_SUBSYSTEM,12
HUMANGEM|BETA_ALANINE_METABOLISM,OS,ssGSEA,1057,140,0.775204912346009,0.651101684783672,0.922962833869868,-2.86063371429837,0.0042279521824212,0.821456815864442,0.0234746165367132,0.079385718662268,0.0467069672212435,0.259524927266996,HUMANGEM_SUBSYSTEM,17
HALLMARK|HALLMARK_XENOBIOTIC_METABOLISM,OS,ssGSEA,1057,140,0.781950720352589,0.659915774458733,0.926552982555154,-2.84117143645722,0.00449481421392442,0.82615834974623,0.0216168056074115,0.468353194677049,0.0467069672212435,0.259524927266996,HALLMARK_METABOLIC,196
HUMANGEM|BETA_OXIDATION_OF_DI_UNSATURATED_FATTY_ACIDS_N_6_MITOCHONDRIAL_,OS,ssGSEA,1057,140,0.775520212470658,0.650689382509465,0.924299083582766,-2.83913910440939,0.00452354324330134,0.815391025645973,0.0211586652095733,0.0954880462605131,0.0467069672212435,0.259524927266996,HUMANGEM_SUBSYSTEM,11
HUMANGEM|LEUKOTRIENE_METABOLISM,OS,ssGSEA,1057,140,0.786903929076074,0.666611600412941,0.928903417239935,-2.83132138975832,0.00463561158072282,0.836037106103379,0.0324461145872047,0.34411391448593,0.0467069672212435,0.280729426211032,HUMANGEM_SUBSYSTEM,170
CURATED|CURATED_ONE_CARBON_FOLATE,OS,ssGSEA,1057,140,1.26447342379746,1.07438702333834,1.48819094493714,2.82326477940106,0.00475372940822762,1.16123567528864,0.0618486594279853,0.115526677312155,0.0467069672212435,0.306088321304522,CURATED_SIGNATURE,34
REACTOME|R-HSA-390918_PEROXISOMAL_LIPID_METABOLISM,OS,ssGSEA,1057,140,0.786188422911027,0.665235295176204,0.929133256760845,-2.82238368291337,0.0047668110217099,0.938185476287176,0.442994192890668,0.575853026018552,0.0467069672212435,0.68871753425971,REACTOME_METABOLISM,27
REACTOME|R-HSA-1614558_DEGRADATION_OF_CYSTEINE_AND_HOMOCYSTEINE,OS,ssGSEA,1057,140,0.790205574236053,0.670845326560788,0.930803010516537,-2.81827805093588,0.00482819785651448,0.854125885029793,0.0616167925431087,0.204803560712014,0.0467069672212435,0.306088321304522,REACTOME_METABOLISM,14
HALLMARK|HALLMARK_MTORC1_SIGNALING,OS,ssGSEA,1057,140,1.2854709394538,1.07919372223181,1.53117600866222,2.81403380696804,0.00489240829075966,1.18104189348321,0.0622139188754257,0.0729319608717755,0.0467069672212435,0.306088321304522,HALLMARK_METABOLIC,191
HUMANGEM|BETA_OXIDATION_OF_UNSATURATED_FATTY_ACIDS_N_7_MITOCHONDRIAL_,OS,ssGSEA,1057,140,0.777220153923205,0.651439049346117,0.927287316090045,-2.79813370908929,0.00513988304454067,0.808812611043629,0.0170215517146497,0.0531881590113625,0.0467069672212435,0.257450610131527,HUMANGEM_SUBSYSTEM,10
HUMANGEM|BETA_OXIDATION_OF_UNSATURATED_FATTY_ACIDS_N_9_MITOCHONDRIAL_,OS,ssGSEA,1057,140,0.777220153923205,0.651439049346117,0.927287316090045,-2.79813370908929,0.00513988304454067,0.808812611043629,0.0170215517146497,0.0531881590113625,0.0467069672212435,0.257450610131527,HUMANGEM_SUBSYSTEM,10
HUMANGEM|VITAMIN_E_METABOLISM,OS,ssGSEA,1057,140,0.778205466415034,0.652321715809835,0.928382013476899,-2.7854419734178,0.00534548065207307,0.880508398784337,0.139144352190336,0.468877373875925,0.0467069672212435,0.401300378056187,HUMANGEM_SUBSYSTEM,91
REACTOME|R-HSA-1638074_KERATAN_SULFATE_KERATIN_METABOLISM,OS,ssGSEA,1057,140,1.27964575922372,1.0756494075467,1.52232991308385,2.78306367159022,0.00538482374156757,1.13099096722724,0.142952335374245,0.309696764853409,0.0467069672212435,0.406393067706781,REACTOME_METABOLISM,36
KEGG|hsa00350_TYROSINE_METABOLISM,OS,ssGSEA,1057,140,0.785235523177466,0.662263876074504,0.931041008177264,-2.78225307363807,0.00539829269391256,0.847288915187977,0.0537502164676311,0.602495917462648,0.0467069672212435,0.306088321304522,KEGG_METABOLISM,36
KEGG|hsa00071_FATTY_ACID_DEGRADATION,OS,ssGSEA,1057,140,0.78757628293267,0.664431657401071,0.933544322472919,-2.75270964607338,0.00591042901114256,0.852759495614832,0.0581565709019664,0.0256034128154222,0.0500500158815902,0.306088321304522,KEGG_METABOLISM,41
REACTOME|R-HSA-2022854_KERATAN_SULFATE_BIOSYNTHESIS,OS,ssGSEA,1057,140,1.27315938621974,1.07127489566398,1.5130895247151,2.74160007519306,0.0061140732731484,1.10816345919668,0.225701657756482,0.558379572294811,0.0506958575565221,0.499051443261554,REACTOME_METABOLISM,28
REACTOME|R-HSA-9018678_BIOSYNTHESIS_OF_SPECIALIZED_PRORESOLVING_MEDIATORS_SPMS_,OS,ssGSEA,1057,140,0.775079610553166,0.645631740699198,0.930481518837126,-2.73282881204693,0.00627929594812156,0.814603163804857,0.0233976234880852,0.849954410222878,0.0510032609663751,0.259524927266996,REACTOME_METABOLISM,19
HUMANGEM|OMEGA_6_FATTY_ACID_METABOLISM,OS,ssGSEA,1057,140,0.791900084537465,0.669188209869995,0.93711415509289,-2.71608738709747,0.00660584792972587,0.815180572694899,0.0142516402414717,0.827714626954689,0.0525825495206179,0.236339700671072,HUMANGEM_SUBSYSTEM,32
KEGG|hsa01523_ANTIFOLATE_RESISTANCE,OS,ssGSEA,1057,140,1.26967728037083,1.06815262452737,1.50922289499889,2.70768537299343,0.00677542206359125,1.18178412373434,0.0481429648502368,0.107650674651957,0.0528748623786141,0.306088321304522,KEGG_METABOLISM,29
HALLMARK|HALLMARK_BILE_ACID_METABOLISM,OS,ssGSEA,1057,140,0.794328170893652,0.671130474894184,0.940140951243105,-2.67785244913508,0.00740958512771901,0.855079798870787,0.0596125052619127,0.105843971569458,0.0564344764782148,0.306088321304522,HALLMARK_METABOLIC,111
KEGG|hsa00120_PRIMARY_BILE_ACID_BIOSYNTHESIS,OS,ssGSEA,1057,140,0.799857270028279,0.679044960103216,0.942163906672461,-2.6731107354274,0.0075151438526266,0.87170793192502,0.0926939812135102,0.47141359935269,0.0564344764782148,0.336107859438333,KEGG_METABOLISM,17
KEGG|hsa00533_GLYCOSAMINOGLYCAN_BIOSYNTHESIS_KERATAN_SULFATE,OS,ssGSEA,1057,140,1.24718911085516,1.05872797379998,1.46919767563405,2.64276626168672,0.00822317810112272,1.16062705960369,0.0732688443059758,0.188296393121794,0.0606078682267934,0.322328549430807,KEGG_METABOLISM,14
HUMANGEM|CHONDROITIN_HEPARAN_SULFATE_BIOSYNTHESIS,OS,ssGSEA,1057,140,1.25362435562675,1.05455471646118,1.49027262453901,2.56208380793952,0.0104046207842509,1.13797228529625,0.126478410453509,0.655985804584375,0.0741705321382459,0.381892963590121,HUMANGEM_SUBSYSTEM,43
KEGG|hsa00980_METABOLISM_OF_XENOBIOTICS_BY_CYTOCHROME_P450,OS,ssGSEA,1057,140,0.791176087172267,0.661237469245136,0.946648715517904,-2.55897884028771,0.0104980131051655,0.840190220742527,0.0497928737177631,0.565995098033725,0.0741705321382459,0.306088321304522,KEGG_METABOLISM,72
HALLMARK|HALLMARK_FATTY_ACID_METABOLISM,OS,ssGSEA,1057,140,0.799583167720461,0.673510869043668,0.94925452800738,-2.55488092696741,0.0106224128941709,0.907043286494206,0.252315981229982,0.69518747386768,0.0741705321382459,0.533409749186542,HALLMARK_METABOLIC,153
HALLMARK|HALLMARK_PEROXISOME,OS,ssGSEA,1057,140,0.812525952201929,0.692110142864415,0.953892136689846,-2.53680539522065,0.0111869121301136,0.910401363422799,0.260663968578646,0.914180153944229,0.076765362548021,0.546022418391059,HALLMARK_METABOLIC,101
REACTOME|R-HSA-2408557_SELENOCYSTEINE_SYNTHESIS,OS,ssGSEA,1057,140,0.814056438524695,0.694017227296829,0.95485797619845,-2.5275168948151,0.0114872296961474,0.826975900617563,0.0186234880135131,0.913139208381441,0.0774901257468923,0.257450610131527,REACTOME_METABOLISM,93
HUMANGEM|XENOBIOTICS_METABOLISM,OS,ssGSEA,1057,140,0.798272334547735,0.66929881687451,0.95209897886876,-2.50596273066974,0.0122118491035374,0.861640324677351,0.0871889444118271,0.504685261494941,0.0806314489637608,0.331819001446883,HUMANGEM_SUBSYSTEM,98
REACTOME|R-HSA-1483213_SYNTHESIS_OF_PE,OS,ssGSEA,1057,140,0.785718448483497,0.650418407360184,0.949163604998405,-2.5011143625503,0.0123803192626213,0.843096504736078,0.0567259920788438,0.704344319512811,0.0806314489637608,0.306088321304522,REACTOME_METABOLISM,11
HUMANGEM|VITAMIN_D_METABOLISM,OS,ssGSEA,1057,140,0.793604263773028,0.661808646184404,0.951646266802086,-2.49489404391411,0.0125994746495595,0.802960432967759,0.0133082428398547,0.0410673539219799,0.0806314489637608,0.23607284391933,HUMANGEM_SUBSYSTEM,10
REACTOME|R-HSA-1362409_MITOCHONDRIAL_IRON_SULFUR_CLUSTER_BIOGENESIS,OS,ssGSEA,1057,140,0.795547901204086,0.664381795023959,0.952609580591237,-2.48814621856657,0.0128410926108573,0.870805872483139,0.126657967823859,0.574742528102609,0.0806314489637608,0.381892963590121,REACTOME_METABOLISM,12
REACTOME|R-HSA-1630316_GLYCOSAMINOGLYCAN_METABOLISM,OS,ssGSEA,1057,140,1.24471739278601,1.04731298195843,1.47932987998186,2.48470560205342,0.0129658611399012,1.12354491545422,0.165614213454178,0.422653903569787,0.0806314489637608,0.427692125558241,REACTOME_METABOLISM,131
HUMANGEM|FOLATE_METABOLISM,OS,ssGSEA,1057,140,1.25526563702122,1.04817870539868,1.50326639090322,2.47153376894511,0.0134534844475531,1.10453593144674,0.271279776321862,0.158281062099689,0.0823767201557866,0.556543046268562,HUMANGEM_SUBSYSTEM,17
HUMANGEM|EICOSANOID_METABOLISM,OS,ssGSEA,1057,140,0.807123830438785,0.68026878193062,0.957634533534449,-2.45621031985031,0.0140410954009617,0.786000013267908,0.00531941277804114,0.38185416353779,0.0835276443389838,0.162855868127721,HUMANGEM_SUBSYSTEM,41
REACTOME|R-HSA-977347_SERINE_METABOLISM,OS,ssGSEA,1057,140,1.23670642410369,1.04381743830736,1.46523972803086,2.45569647843341,0.0140611863585726,1.18354440467982,0.0403359629434142,0.0182244068467448,0.0835276443389838,0.306088321304522,REACTOME_METABOLISM,11
KEGG|hsa00010_GLYCOLYSIS_GLUCONEOGENESIS,OS,ssGSEA,1057,140,0.801345328336332,0.670774458488642,0.957332717607249,-2.44051759646801,0.0146662314242429,0.850834553737405,0.0667603427543568,0.658684502607569,0.0858405898065981,0.308960656002721,KEGG_METABOLISM,64
HUMANGEM|TRYPTOPHAN_METABOLISM,OS,ssGSEA,1057,140,0.808890570069569,0.681789404269507,0.959686305258023,-2.43180497187935,0.0150237944739955,0.829648687805917,0.0288498643217046,0.535386359467901,0.0859887618843425,0.280729426211032,HUMANGEM_SUBSYSTEM,20
HUMANGEM|BILE_ACID_BIOSYNTHESIS,OS,ssGSEA,1057,140,0.805679410839748,0.676792692793102,0.959110995085052,-2.42940442926362,0.0151236515876984,0.869932322103944,0.109826967880486,0.930799666701286,0.0859887618843425,0.36425944347028,HUMANGEM_SUBSYSTEM,88
REACTOME|R-HSA-211897_CYTOCHROME_P450_ARRANGED_BY_SUBSTRATE_TYPE,OS,ssGSEA,1057,140,0.814947810096188,0.690063773450204,0.962432689170138,-2.41118808483151,0.0159006461420203,0.822118900766123,0.0177464604483166,0.0320824078030046,0.0880421332477122,0.257450610131527,REACTOME_METABOLISM,65
REACTOME|R-HSA-202131_METABOLISM_OF_NITRIC_OXIDE_NOS3_ACTIVATION_AND_REGULATION,OS,ssGSEA,1057,140,0.814214900221747,0.688910036859213,0.962311286340848,-2.4105790337174,0.0159272200850133,0.905539371815187,0.220439772915763,0.221325745576848,0.0880421332477122,0.497367507365019,REACTOME_METABOLISM,19
HUMANGEM|ESTROGEN_METABOLISM,OS,ssGSEA,1057,140,0.811656155118216,0.684125269062592,0.962960650531112,-2.39276931861514,0.0167217507768943,0.867122815437767,0.0963445992286502,0.188785771914272,0.0911679014959443,0.341553966017088,HUMANGEM_SUBSYSTEM,64
REACTOME|R-HSA-194002_GLUCOCORTICOID_BIOSYNTHESIS,OS,ssGSEA,1057,140,0.801173884999078,0.666994949397867,0.96234550888875,-2.37042026807026,0.0177678757481251,0.842200565733597,0.0608372317790397,0.608809629197287,0.0953128419237091,0.306088321304522,REACTOME_METABOLISM,10
KEGG|hsa01040_BIOSYNTHESIS_OF_UNSATURATED_FATTY_ACIDS,OS,ssGSEA,1057,140,0.818442009665736,0.693115352755677,0.966429787657307,-2.36267710174332,0.0181434701228458,0.828649768093029,0.0264838876582684,0.545404753749659,0.0953128419237091,0.277383875999759,KEGG_METABOLISM,23
KEGG|hsa00982_DRUG_METABOLISM_CYTOCHROME_P450,OS,ssGSEA,1057,140,0.808616538924944,0.677761692173707,0.964735414487506,-2.35861274923667,0.0183433865243872,0.858436745337378,0.0875743938767294,0.360207456919148,0.0953128419237091,0.331819001446883,KEGG_METABOLISM,66
KEGG|hsa00730_THIAMINE_METABOLISM,OS,ssGSEA,1057,140,0.814320723647876,0.686444631002787,0.966018541063815,-2.3566640307371,0.0184399216787075,0.893115771042777,0.189830731700734,0.859246208258617,0.0953128419237091,0.45810018424533,KEGG_METABOLISM,11
KEGG|hsa00062_FATTY_ACID_ELONGATION,OS,ssGSEA,1057,140,0.811644234133764,0.681709335604193,0.966344933825391,-2.34461525334807,0.019046722821101,0.859975972188571,0.0736048547238347,0.2170352677933,0.0971871241384383,0.322328549430807,KEGG_METABOLISM,24
CURATED|CURATED_GLYCOLYSIS_CORE,OS,ssGSEA,1057,140,1.24204991450905,1.03487971519851,1.49069304139953,2.32825814028934,0.0198984006046642,1.09724151555173,0.296321231683733,0.139347619141203,0.100247638489321,0.577789420074107,CURATED_SIGNATURE,29
REACTOME|R-HSA-192105_SYNTHESIS_OF_BILE_ACIDS_AND_BILE_SALTS,OS,ssGSEA,1057,140,0.805643336727248,0.67103013439188,0.967260861691739,-2.31685428374589,0.0205116708216786,0.822096937747768,0.0274657643473771,0.723685113764268,0.102045562337851,0.280291646416822,REACTOME_METABOLISM,34
KEGG|hsa00600_SPHINGOLIPID_METABOLISM,OS,ssGSEA,1057,140,0.819096567443981,0.690380106149576,0.97181129760589,-2.28781720271936,0.0221481686022884,0.92802217227933,0.382899868195734,0.551236141038865,0.107780565798008,0.636514849570502,KEGG_METABOLISM,45
KEGG|hsa00630_GLYOXYLATE_AND_DICARBOXYLATE_METABOLISM,OS,ssGSEA,1057,140,0.821854372184202,0.694651462260081,0.972350373928096,-2.28682488762001,0.0222060462196901,0.934521299411989,0.437647035557009,0.279553849884771,0.107780565798008,0.683184507516014,KEGG_METABOLISM,29
CONTROL|CONTROL_PROLIFERATION,OS,ssGSEA,1057,140,1.21678314482483,1.02777508465013,1.44054982811129,2.27808245829439,0.0227216651850029,1.12028920236811,0.182212417119575,0.0513092103646629,0.108954490887122,0.44916078228423,CONTEXT_CONTROL,10
REACTOME|R-HSA-8963691_PHENYLALANINE_AND_TYROSINE_METABOLISM,OS,ssGSEA,1057,140,0.817712847802632,0.687462418376418,0.972641243488848,-2.27336644833934,0.023004106275266,0.865221394899214,0.0894961583773409,0.464604409572748,0.108995646399475,0.331819001446883,REACTOME_METABOLISM,10
REACTOME|R-HSA-9033658_BLOOD_GROUP_SYSTEMS_BIOSYNTHESIS,OS,ssGSEA,1057,140,1.21187229387958,1.0262369334421,1.43108711917726,2.26529863887857,0.0234943595218692,1.14550301469925,0.100784343745778,0.00443413892134991,0.110008883408281,0.348801467920171,REACTOME_METABOLISM,20
REACTOME|R-HSA-1660517_SYNTHESIS_OF_PIPS_AT_THE_LATE_ENDOSOME_MEMBRANE,OS,ssGSEA,1057,140,1.22881926238044,1.02699147265657,1.47031092253493,2.25094789987735,0.0243888374160144,1.18227364303093,0.0636004320481722,0.248281247511582,0.112869270832252,0.306088321304522,REACTOME_METABOLISM,11
KEGG|hsa00534_GLYCOSAMINOGLYCAN_BIOSYNTHESIS_HEPARAN_SULFATE_HEPARIN,OS,ssGSEA,1057,140,1.2064123973299,1.02356904412249,1.42191763300053,2.23780857076707,0.0252335412642692,1.16209286680148,0.0602136918436149,0.552892287004408,0.115312487828149,0.306088321304522,KEGG_METABOLISM,24
HUMANGEM|GLYCEROPHOSPHOLIPID_METABOLISM,OS,ssGSEA,1057,140,0.828935183489689,0.703117970181454,0.97726635865921,-2.23380010771191,0.0254962284645153,0.855030260896545,0.0638324891162697,0.479011397220374,0.115312487828149,0.306088321304522,HUMANGEM_SUBSYSTEM,91
KEGG|hsa00280_VALINE_LEUCINE_AND_ISOLEUCINE_DEGRADATION,OS,ssGSEA,1057,140,0.822771646324563,0.692554542977986,0.977472733172368,-2.21920208981487,0.0264729789697862,0.940016020477729,0.480964058781524,0.270775394945286,0.118384782359269,0.728830921174746,KEGG_METABOLISM,47
REACTOME|R-HSA-70263_GLUCONEOGENESIS,OS,ssGSEA,1057,140,0.827759596474599,0.699836500701926,0.979065751598495,-2.20700782913685,0.0273135123782148,0.989556856949106,0.901931951804946,0.102179338447934,0.120786421405883,0.962383155009031,REACTOME_METABOLISM,24
REACTOME|R-HSA-9037629_LEWIS_BLOOD_GROUP_BIOSYNTHESIS,OS,ssGSEA,1057,140,1.21172264110075,1.02116181872575,1.43784435731092,2.19988260404111,0.0278152252503468,1.13538243629097,0.131103740716221,0.00716871874727093,0.121653402743275,0.386513250407822,REACTOME_METABOLISM,16
REACTOME|R-HSA-8956320_NUCLEOTIDE_BIOSYNTHESIS,OS,ssGSEA,1057,140,1.19823402558876,1.0180941540178,1.41024754381758,2.17573951258819,0.0295747438759143,1.16621257400917,0.0610003994585384,0.0969694229197352,0.126891116170155,0.306088321304522,REACTOME_METABOLISM,12
KEGG|hsa00360_PHENYLALANINE_METABOLISM,OS,ssGSEA,1057,140,0.821153794650587,0.68754097003586,0.980732180125775,-2.174728915707,0.0296504366930262,0.855604634616115,0.0788469707591727,0.630000246416906,0.126891116170155,0.327751972065174,KEGG_METABOLISM,16
REACTOME|R-HSA-1989781_PPARA_ACTIVATES_GENE_EXPRESSION,OS,ssGSEA,1057,140,1.21954835552737,1.01637915273176,1.46333008451822,2.13473710629035,0.0327824902144479,1.21084333863771,0.0359621963496483,0.240677716644409,0.138802458567556,0.304530939301277,REACTOME_METABOLISM,115
REACTOME|R-HSA-194068_BILE_ACID_AND_BILE_SALT_METABOLISM,OS,ssGSEA,1057,140,0.82515818002556,0.691194874319331,0.985085461945319,-2.12625533542807,0.0334820048502244,0.837449671455325,0.04420169628153,0.848658003709574,0.140271978214625,0.306088321304522,REACTOME_METABOLISM,43
REACTOME|R-HSA-400042_ADRENALINE_NORADRENALINE_INHIBITS_INSULIN_SECRETION,OS,ssGSEA,1057,140,0.830338732808269,0.697755508867479,0.988114608110658,-2.09471052990102,0.0361967326134921,0.891749574570035,0.185638880073523,0.321051161102346,0.148310381811324,0.453277756253142,REACTOME_METABOLISM,28
HUMANGEM|PHENYLALANINE_TYROSINE_AND_TRYPTOPHAN_BIOSYNTHESIS,OS,ssGSEA,1057,140,0.821261866642141,0.682866960946229,0.987704914974856,-2.09139416833537,0.0364927445192275,0.866451220543947,0.115130697012433,0.420767129274983,0.148310381811324,0.37253672691828,HUMANGEM_SUBSYSTEM,115
CONTROL|CONTROL_EPITHELIAL,OS,ssGSEA,1057,140,0.85615714280032,0.740177084692805,0.990310384267334,-2.09110517719862,0.0365186367274114,0.834818003775968,0.00518457428995103,0.220865396229207,0.148310381811324,0.162855868127721,CONTEXT_CONTROL,10
REACTOME|R-HSA-1660516_SYNTHESIS_OF_PIPS_AT_THE_EARLY_ENDOSOME_MEMBRANE,OS,ssGSEA,1057,140,1.20146873715846,1.01044350188499,1.42860746165048,2.07760023321937,0.0377461946933017,1.16063352700062,0.0867678959717925,0.0557933921521085,0.150901776118136,0.331819001446883,REACTOME_METABOLISM,16
REACTOME|R-HSA-9840310_GLYCOSPHINGOLIPID_CATABOLISM,OS,ssGSEA,1057,140,0.843940528912217,0.719007639009035,0.990581431543988,-2.07577226003033,0.0379150191251599,0.965378242656298,0.668971480528583,0.894602384548291,0.150901776118136,0.823244105409938,REACTOME_METABOLISM,37
REACTOME|R-HSA-8963693_ASPARTATE_AND_ASPARAGINE_METABOLISM,OS,ssGSEA,1057,140,1.20444611627248,1.00890029411659,1.43789277836825,2.05803292076935,0.0395869733230001,1.18355941960085,0.0470867082145927,0.267109840632141,0.152401864896937,0.306088321304522,REACTOME_METABOLISM,11
REACTOME|R-HSA-1855170_IPS_TRANSPORT_BETWEEN_NUCLEUS_AND_CYTOSOL,OS,ssGSEA,1057,140,1.18519999069213,1.00793132577517,1.39364556097738,2.05557392922573,0.0398236028876419,1.13317936564225,0.121288008387416,0.837014319270362,0.152401864896937,0.37801809965502,REACTOME_METABOLISM,26
REACTOME|R-HSA-1855196_IP3_AND_IP4_TRANSPORT_BETWEEN_CYTOSOL_AND_NUCLEUS,OS,ssGSEA,1057,140,1.18519999069213,1.00793132577517,1.39364556097738,2.05557392922573,0.0398236028876419,1.13317936564225,0.121288008387416,0.837014319270362,0.152401864896937,0.37801809965502,REACTOME_METABOLISM,26
REACTOME|R-HSA-1855229_IP6_AND_IP7_TRANSPORT_BETWEEN_CYTOSOL_AND_NUCLEUS,OS,ssGSEA,1057,140,1.18519999069213,1.00793132577517,1.39364556097738,2.05557392922573,0.0398236028876419,1.13317936564225,0.121288008387416,0.837014319270362,0.152401864896937,0.37801809965502,REACTOME_METABOLISM,26
KEGG|hsa00650_BUTANOATE_METABOLISM,OS,ssGSEA,1057,140,0.832470513330663,0.697794691636482,0.993139047733027,-2.03646392874884,0.0417037916595284,0.956114113898017,0.614190902637026,0.308611283292799,0.158077229338022,0.791093783979083,KEGG_METABOLISM,26
KEGG|hsa01212_FATTY_ACID_METABOLISM,OS,ssGSEA,1057,140,0.835399749637821,0.701795583598519,0.994438776768056,-2.02272182848087,0.0431018350732802,0.879223174527698,0.136000823536383,0.095229494079877,0.160344845868608,0.395097282974309,KEGG_METABOLISM,52
REACTOME|R-HSA-77289_MITOCHONDRIAL_FATTY_ACID_BETA_OXIDATION,OS,ssGSEA,1057,140,0.832751144699745,0.697417745880717,0.994345889669036,-2.02266415216408,0.0431077851958319,0.91129038899306,0.297605103304502,0.212571560819167,0.160344845868608,0.577789420074107,REACTOME_METABOLISM,34
REACTOME|R-HSA-70171_GLYCOLYSIS,OS,ssGSEA,1057,140,1.18540994907925,1.00440693997606,1.39903130041053,2.01201612819128,0.0442182368861396,1.14180564644485,0.110841901538009,0.529994437834934,0.16195642509726,0.364587411670475,REACTOME_METABOLISM,67
REACTOME|R-HSA-400206_REGULATION_OF_LIPID_METABOLISM_BY_PPARALPHA,OS,ssGSEA,1057,140,1.20506338289514,1.00471644296962,1.44536079503438,2.01072132422683,0.044354900340707,1.19310237535176,0.052493033718824,0.231509690081258,0.16195642509726,0.306088321304522,REACTOME_METABOLISM,117
REACTOME|R-HSA-170822_REGULATION_OF_GLUCOKINASE_BY_GLUCOKINASE_REGULATORY_PROTEIN,OS,ssGSEA,1057,140,1.1801510032338,1.00376942323195,1.38752621687692,2.00555335560562,0.0449039227218815,1.12825637062376,0.134200693066382,0.833395431549749,0.162470556757353,0.392734381179559,REACTOME_METABOLISM,28
HUMANGEM|FATTY_ACID_ACTIVATION_ENDOPLASMIC_RETICULAR_,OS,ssGSEA,1057,140,0.846865776548842,0.719289353824293,0.997069732335932,-1.99522665842084,0.0460181647694158,0.783412870899368,0.00281118271008803,0.0832852335626687,0.16500206827232,0.15916939476569,HUMANGEM_SUBSYSTEM,10
REACTOME|R-HSA-9854311_MATURATION_OF_TCA_ENZYMES_AND_REGULATION_OF_TCA_CYCLE,OS,ssGSEA,1057,140,0.834215216956849,0.697456283720777,0.997790176166752,-1.98421674951289,0.0472316821149101,0.96552646302254,0.690032954769336,0.966402712652452,0.167002608402242,0.834751112456522,REACTOME_METABOLISM,17
REACTOME|R-HSA-2022928_HS_GAG_BIOSYNTHESIS,OS,ssGSEA,1057,140,1.18650500019157,1.00194886172662,1.40505585589828,1.98257150016147,0.0474153134408376,1.11418547568134,0.189915905528843,0.608125234283585,0.167002608402242,0.45810018424533,REACTOME_METABOLISM,33
REACTOME|R-HSA-211935_FATTY_ACIDS,OS,ssGSEA,1057,140,0.842684341195835,0.710466635040221,0.999507737413253,-1.96565459456926,0.0493385230916609,0.88858170054876,0.159531731363727,0.0399419374229991,0.171193050342817,0.424038703492483,REACTOME_METABOLISM,16
REACTOME|R-HSA-71240_TRYPTOPHAN_CATABOLISM,OS,ssGSEA,1057,140,1.18435987149093,1.0002174026048,1.40240341904172,1.96252130455512,0.0497018227263617,1.12544125586508,0.152180493018546,0.301084292561001,0.171193050342817,0.417567010848618,REACTOME_METABOLISM,12
REACTOME|R-HSA-193807_SYNTHESIS_OF_BILE_ACIDS_AND_BILE_SALTS_VIA_27_HYDROXYCHOLESTEROL,OS,ssGSEA,1057,140,0.826963832366133,0.683926108259339,0.999916762619573,-1.96085909709935,0.0498954619089618,0.844964414773547,0.0736807061425137,0.932262682984377,0.171193050342817,0.322328549430807,REACTOME_METABOLISM,14
HUMANGEM|PROPANOATE_METABOLISM,OS,ssGSEA,1057,140,0.834876959989106,0.696048178321679,1.00139553558105,-1.94497052366326,0.0517785260561397,0.995864006537689,0.962782929866497,0.116971908527187,0.176135498891825,0.990053367119254,HUMANGEM_SUBSYSTEM,30
REACTOME|R-HSA-1482801_ACYL_CHAIN_REMODELLING_OF_PS,OS,ssGSEA,1057,140,0.848451620795369,0.718458227083453,1.00196521619993,-1.9368615959906,0.0527622640238134,0.875391863626579,0.103640037487589,0.380194902145501,0.177960856622693,0.355592542414312,REACTOME_METABOLISM,20
REACTOME|R-HSA-9861718_REGULATION_OF_PYRUVATE_METABOLISM,OS,ssGSEA,1057,140,1.18292837458333,0.997557611688669,1.40274558882426,1.93187877728729,0.0533744698167069,1.17696641440924,0.0620170712701475,0.60695160730206,0.17851293266428,0.306088321304522,REACTOME_METABOLISM,30
HUMANGEM|BETA_OXIDATION_OF_PHYTANIC_ACID_PEROXISOMAL_,OS,ssGSEA,1057,140,0.84751361430091,0.716198035119953,1.00290602766746,-1.92621593263394,0.0540774172177923,0.936361330399381,0.422654270702812,0.86482751626638,0.179213317119264,0.675251219146066,HUMANGEM_SUBSYSTEM,12
HUMANGEM|METABOLISM_OF_OTHER_AMINO_ACIDS,OS,ssGSEA,1057,140,1.17605440439486,0.99688167868203,1.38743041593978,1.92296495917023,0.0544844506819872,1.14551065219513,0.0900413370760387,0.341976115182918,0.179213317119264,0.331819001446883,HUMANGEM_SUBSYSTEM,26
REACTOME|R-HSA-211976_ENDOGENOUS_STEROLS,OS,ssGSEA,1057,140,0.844990302073061,0.70835018912605,1.00798816963465,-1.87158845240405,0.0612635622166287,0.797377981241005,0.00962956611717132,0.200164446172516,0.1998598177231,0.207341141905995,REACTOME_METABOLISM,25
REACTOME|R-HSA-2408522_SELENOAMINO_ACID_METABOLISM,OS,ssGSEA,1057,140,0.852255668466109,0.720531591019548,1.00806090043165,-1.86627588246285,0.0620027772328388,0.885374880575388,0.153739996802839,0.9019531569206,0.200626872672113,0.417567010848618,REACTOME_METABOLISM,109
HALLMARK|HALLMARK_MYC_TARGETS_V1,OS,ssGSEA,1057,140,1.17849779611334,0.990602232605894,1.40203303579324,1.85344526813834,0.0638185640728487,1.09607423632994,0.282174720864927,0.139587821232743,0.203368126949362,0.56719969143556,HALLMARK_METABOLIC,187
KEGG|hsa00220_ARGININE_BIOSYNTHESIS,OS,ssGSEA,1057,140,1.17821902161896,0.990581190154279,1.40139957905777,1.85307297908442,0.0638718991675132,1.1510520184977,0.0969738647234446,0.0198875204790147,0.203368126949362,0.341553966017088,KEGG_METABOLISM,22
REACTOME|R-HSA-1793185_CHONDROITIN_SULFATE_DERMATAN_SULFATE_METABOLISM,OS,ssGSEA,1057,140,1.1845430753569,0.988586678508339,1.41934170051043,1.83558483581513,0.0664190815857763,1.05159414197849,0.571115292783122,0.486227481095359,0.20979995612015,0.764250884650408,REACTOME_METABOLISM,37
KEGG|hsa00592_ALPHA_LINOLENIC_ACID_METABOLISM,OS,ssGSEA,1057,140,0.8551720663051,0.722743043893261,1.01186620773142,-1.82257947021107,0.0683671073422392,0.85219578871292,0.0627445061698595,0.295068234354657,0.211725416147971,0.306088321304522,KEGG_METABOLISM,23
KEGG|hsa00620_PYRUVATE_METABOLISM,OS,ssGSEA,1057,140,0.852064989012562,0.717269879943668,1.01219187617079,-1.82207830811463,0.0684431045786071,0.904457090071902,0.253302619588584,0.387051004388326,0.211725416147971,0.533409749186542,KEGG_METABOLISM,48
REACTOME|R-HSA-156580_PHASE_II_CONJUGATION_OF_COMPOUNDS,OS,ssGSEA,1057,140,0.849989776244267,0.713550404295594,1.01251798803618,-1.82064589980618,0.0686607008385514,0.923802338944076,0.358320320686095,0.811399963258043,0.211725416147971,0.628048646190799,REACTOME_METABOLISM,99
REACTOME|R-HSA-2162123_SYNTHESIS_OF_PROSTAGLANDINS_PG_AND_THROMBOXANES_TX_,OS,ssGSEA,1057,140,0.848582941411946,0.710686104739489,1.01323636926785,-1.81466603642839,0.0695752474820846,0.792533619373701,0.0136424005280015,0.782510920048214,0.211725416147971,0.23607284391933,REACTOME_METABOLISM,14
KEGG|hsa00670_ONE_CARBON_POOL_BY_FOLATE,OS,ssGSEA,1057,140,1.15997199060965,0.988121263050007,1.3617104188667,1.81392991550184,0.0696885163703119,1.07784104640119,0.369792432604278,0.909459245866852,0.211725416147971,0.631559933490023,KEGG_METABOLISM,35
KEGG|hsa00604_GLYCOSPHINGOLIPID_BIOSYNTHESIS_GANGLIO_SERIES,OS,ssGSEA,1057,140,1.16825836079355,0.98688553006865,1.38296444317012,1.80663867796815,0.0708186347219437,1.15586405232878,0.0862080372744131,0.107824668905444,0.21352891378283,0.331819001446883,KEGG_METABOLISM,15
HALLMARK|HALLMARK_ADIPOGENESIS,OS,ssGSEA,1057,140,0.854990921889099,0.720779816918703,1.0141924889598,-1.79823969411031,0.072139031758571,0.910199260830224,0.269508440936782,0.901476603134718,0.214647526117542,0.555773883382587,HALLMARK_METABOLIC,189
REACTOME|R-HSA-156590_GLUTATHIONE_CONJUGATION,OS,ssGSEA,1057,140,0.855213829252806,0.721116851041823,1.0142471260914,-1.79742444693589,0.0722682625621876,0.874332661046885,0.122746169246396,0.876597094447299,0.214647526117542,0.378705235349346,REACTOME_METABOLISM,35
KEGG|hsa01230_BIOSYNTHESIS_OF_AMINO_ACIDS,OS,ssGSEA,1057,140,1.17377143398079,0.985083168510357,1.39860209094095,1.79191418227394,0.0731467138146823,1.14262133947742,0.10945225693641,0.000411394218259044,0.215647348875878,0.36425944347028,KEGG_METABOLISM,69
REACTOME|R-HSA-1482922_ACYL_CHAIN_REMODELLING_OF_PI,OS,ssGSEA,1057,140,0.854023358504569,0.717324962490232,1.01677194439104,-1.77310290053728,0.0762116574578368,0.816164932098971,0.0230968095867503,0.826174770874829,0.223031174031022,0.259524927266996,REACTOME_METABOLISM,16
HUMANGEM|KERATAN_SULFATE_DEGRADATION,OS,ssGSEA,1057,140,0.856371532522634,0.720811299505291,1.01742606174251,-1.76350779246993,0.0778148841792637,0.990763186445521,0.916633756756593,0.0515905834903982,0.226060758418591,0.969841867891428,HUMANGEM_SUBSYSTEM,12
REACTOME|R-HSA-211958_MISCELLANEOUS_SUBSTRATES,OS,ssGSEA,1057,140,0.862216813109756,0.729985237492104,1.0184011876229,-1.74533165957734,0.0809271540363372,0.896577935522194,0.182824238015189,0.0878482350267862,0.233398603670016,0.44916078228423,REACTOME_METABOLISM,12
REACTOME|R-HSA-556833_METABOLISM_OF_LIPIDS,OS,ssGSEA,1057,140,0.856443274905704,0.718999126052896,1.02016129999753,-1.73634748899847,0.0825024110917613,0.961886264285459,0.649332299341614,0.661685750354267,0.236229925284324,0.823039029101791,REACTOME_METABOLISM,708
KEGG|hsa00983_DRUG_METABOLISM_OTHER_ENZYMES,OS,ssGSEA,1057,140,0.859825278293527,0.723512641311613,1.0218197540437,-1.71490107368534,0.0863633657826652,0.922539696788016,0.357504692822129,0.700778606770114,0.244115823686201,0.628048646190799,KEGG_METABOLISM,78
HUMANGEM|NICOTINATE_AND_NICOTINAMIDE_METABOLISM,OS,ssGSEA,1057,140,1.16337543373423,0.978532726918043,1.38313452640371,1.71417634563899,0.0864963437788543,1.18894183929556,0.0417990949040865,0.123806222535357,0.244115823686201,0.306088321304522,HUMANGEM_SUBSYSTEM,33
HUMANGEM|TYROSINE_METABOLISM,OS,ssGSEA,1057,140,0.856721525982199,0.71763203328206,1.02276896660323,-1.7109161089673,0.0870966004106546,0.928652973078546,0.398033142258136,0.744539816923985,0.244115823686201,0.651922595138839,HUMANGEM_SUBSYSTEM,47
REACTOME|R-HSA-2022870_CS_GAG_BIOSYNTHESIS,OS,ssGSEA,1057,140,1.17163205355536,0.975336481491513,1.40743394199626,1.69307255586044,0.0904416573941208,1.00529013276937,0.952015900672773,0.536390441527489,0.251718738761259,0.990053367119254,REACTOME_METABOLISM,21
REACTOME|R-HSA-1483206_GLYCEROPHOSPHOLIPID_BIOSYNTHESIS,OS,ssGSEA,1057,140,0.871769112474966,0.742662514968691,1.0233199739419,-1.67810872562873,0.0933258756436163,0.970682696800966,0.718052744642979,0.618185510020865,0.257942350737217,0.858213190294011,REACTOME_METABOLISM,116
HUMANGEM|LINOLEATE_METABOLISM,OS,ssGSEA,1057,140,0.868493634606307,0.734574695423269,1.02682708518437,-1.6501618388399,0.0989098396130691,0.962870264954933,0.651912138720352,0.496281793674891,0.271490456317252,0.823244105409938,HUMANGEM_SUBSYSTEM,58
REACTOME|R-HSA-389661_GLYOXYLATE_METABOLISM_AND_GLYCINE_DEGRADATION,OS,ssGSEA,1057,140,0.852000574469149,0.703447729641512,1.03192454578778,-1.63851708632242,0.101313872726275,0.994816698702284,0.955421120614065,0.785936927394112,0.276184392774367,0.990053367119254,REACTOME_METABOLISM,17
HUMANGEM|PENTOSE_AND_GLUCURONATE_INTERCONVERSIONS,OS,ssGSEA,1057,140,0.871413073340852,0.736680842912893,1.03078660412395,-1.60615958324175,0.108238851102541,0.979057924266403,0.806644794220797,0.86955535832804,0.291474546987061,0.909136202024422,HUMANGEM_SUBSYSTEM,10
HUMANGEM|PROTEIN_ASSEMBLY,OS,ssGSEA,1057,140,0.872225477003385,0.737716231196195,1.03126005713633,-1.59978730169941,0.109645776774738,0.88362478164442,0.152405720730306,0.198778722433055,0.291474546987061,0.417567010848618,HUMANGEM_SUBSYSTEM,13
KEGG|hsa00270_CYSTEINE_AND_METHIONINE_METABOLISM,OS,ssGSEA,1057,140,1.15580342106305,0.967834172029566,1.38027937713719,1.59895897195501,0.109829719198376,1.02493097723949,0.769731313700946,0.105163820210761,0.291474546987061,0.89056122922377,KEGG_METABOLISM,49
HUMANGEM|BUTANOATE_METABOLISM,OS,ssGSEA,1057,140,0.865727033383594,0.725467357884909,1.03310409239675,-1.59885773869017,0.109852216201154,0.913350650903193,0.325994911920644,0.607794550770206,0.291474546987061,0.612009315775549,HUMANGEM_SUBSYSTEM,13
HALLMARK|HALLMARK_GLYCOLYSIS,OS,ssGSEA,1057,140,1.15555343336397,0.967120708342708,1.38070018131188,1.5918962437691,0.111408019704043,1.15643135743641,0.0937386241147111,0.00516714183640999,0.293644979087479,0.336107859438333,HALLMARK_METABOLIC,195
HUMANGEM|GLYCOLYSIS_GLUCONEOGENESIS,OS,ssGSEA,1057,140,0.861725455004183,0.716873456673745,1.03584635878089,-1.58491910568866,0.112984715015477,0.896610595352571,0.225607776435735,0.717133225888712,0.295841556422105,0.499051443261554,HUMANGEM_SUBSYSTEM,68
HUMANGEM|BIOPTERIN_METABOLISM,OS,ssGSEA,1057,140,0.864348926145563,0.721195949697432,1.03591689116172,-1.5780260684682,0.114559621114533,0.910564641822341,0.281858219302018,0.888769721602784,0.298004766036496,0.56719969143556,HUMANGEM_SUBSYSTEM,11
REACTOME|R-HSA-70268_PYRUVATE_METABOLISM,OS,ssGSEA,1057,140,1.14295898303889,0.967615498126048,1.35007680162139,1.57256294732096,0.11582005291569,1.11342724001576,0.215659211040067,0.955729134356485,0.299327149743146,0.496140843895646,REACTOME_METABOLISM,43
REACTOME|R-HSA-1474151_TETRAHYDROBIOPTERIN_BH4_SYNTHESIS_RECYCLING_SALVAGE_AND_REGULATION,OS,ssGSEA,1057,140,1.14427228210322,0.965444579254918,1.35622394462062,1.5543960183146,0.120089982419828,1.18252541016899,0.055024945011734,0.156215166400912,0.308360083890913,0.306088321304522,REACTOME_METABOLISM,12
HUMANGEM|RETINOL_METABOLISM,OS,ssGSEA,1057,140,0.873157617239685,0.733817371319357,1.03895635936354,-1.52915613209809,0.126225742695887,0.9418330421274,0.485469671231756,0.93107400605815,0.322037471749764,0.728830921174746,HUMANGEM_SUBSYSTEM,117
CURATED|CURATED_LIPID_SYNTHESIS,OS,ssGSEA,1057,140,1.14460561403318,0.961582919436438,1.36246389697117,1.51931846590796,0.128682353845623,1.08265802223602,0.343861579098366,0.718160562835053,0.324817707884029,0.61926202932647,CURATED_SIGNATURE,34
REACTOME|R-HSA-211979_EICOSANOIDS,OS,ssGSEA,1057,140,0.875727493448073,0.737768805917058,1.03948369276413,-1.51724336729923,0.129205250772698,0.897759240532301,0.19948343462396,0.0374847288409069,0.324817707884029,0.474040716693563,REACTOME_METABOLISM,12
REACTOME|R-HSA-1660514_SYNTHESIS_OF_PIPS_AT_THE_GOLGI_MEMBRANE,OS,ssGSEA,1057,140,1.1463908086527,0.960447379366651,1.36833304395086,1.51305510279401,0.130265662697598,1.190088248075,0.0495920633288201,0.214176271421156,0.324817707884029,0.306088321304522,REACTOME_METABOLISM,18
HUMANGEM|NUCLEOTIDE_METABOLISM,OS,ssGSEA,1057,140,1.13874964766194,0.962058936192454,1.34789118552585,1.51037211508931,0.130948499769146,1.12891692305936,0.149247659740792,0.105915238519134,0.324817707884029,0.415388591446401,HUMANGEM_SUBSYSTEM,138
REACTOME|R-HSA-70221_GLYCOGEN_BREAKDOWN_GLYCOGENOLYSIS_,OS,ssGSEA,1057,140,1.12552189639226,0.964884217777978,1.31290316072919,1.50501834431579,0.132319360543704,1.17189467016377,0.0491160281777807,0.656156820937245,0.324817707884029,0.306088321304522,REACTOME_METABOLISM,17
REACTOME|R-HSA-8982491_GLYCOGEN_METABOLISM,OS,ssGSEA,1057,140,1.13606829246985,0.961935649831511,1.34172297843564,1.50283803900929,0.13288081411805,1.16530390264902,0.0608123190638234,0.627994136573257,0.324817707884029,0.306088321304522,REACTOME_METABOLISM,28
FFLCLASS|higherorder_not_3node,OS,ssGSEA,1057,140,1.15007303578813,0.958290623496242,1.38023680417668,1.50226626331534,0.133028357751499,0.992204766240122,0.930728215656302,0.668089122013222,0.324817707884029,0.979973094791556,FFL_MODULE,92
KEGG|hsa00130_UBIQUINONE_AND_OTHER_TERPENOID_QUINONE_BIOSYNTHESIS,OS,ssGSEA,1057,140,0.878766921357911,0.741015839479103,1.04212522989482,-1.48566074023801,0.137368880041699,0.988594297835321,0.89348343880494,0.830917187843053,0.332189863280083,0.962383155009031,KEGG_METABOLISM,12
HUMANGEM|FATTY_ACID_BIOSYNTHESIS,OS,ssGSEA,1057,140,0.890271887113224,0.763278195821636,1.03839469976076,-1.48018968684086,0.138822631929471,0.907299116163043,0.228016424069983,0.59782359352511,0.332189863280083,0.501384181104162,HUMANGEM_SUBSYSTEM,26
KEGG|hsa00380_TRYPTOPHAN_METABOLISM,OS,ssGSEA,1057,140,0.866707694655177,0.717053780449308,1.047595380508,-1.47920599018993,0.139085269078112,0.905266539104759,0.264366190327478,0.620130026635083,0.332189863280083,0.550878239530557,KEGG_METABOLISM,39
KEGG|hsa00310_LYSINE_DEGRADATION,OS,ssGSEA,1057,140,1.1409545271909,0.95791726451035,1.35896625037115,1.47808062661403,0.139386198914005,1.05160790181664,0.54167953161823,0.881855167570593,0.332189863280083,0.745980808249327,KEGG_METABOLISM,48
REACTOME|R-HSA-2142691_SYNTHESIS_OF_LEUKOTRIENES_LT_AND_EOXINS_EX_,OS,ssGSEA,1057,140,0.882904990565577,0.747880717022423,1.04230688747953,-1.47067438509419,0.141379196656489,0.927583015154788,0.362108533850018,0.057163086066695,0.333471685336326,0.628048646190799,REACTOME_METABOLISM,20
REACTOME|R-HSA-1614635_SULFUR_AMINO_ACID_METABOLISM,OS,ssGSEA,1057,140,0.873461263729988,0.729039665203221,1.04649255129914,-1.46717786643889,0.142327676310253,0.926040549241345,0.386684996596538,0.0786382331533189,0.333471685336326,0.636514849570502,REACTOME_METABOLISM,27
HUMANGEM|VALINE_LEUCINE_AND_ISOLEUCINE_METABOLISM,OS,ssGSEA,1057,140,0.873936905364019,0.729931131909274,1.04635311629943,-1.4667735965552,0.142437654540642,0.964647418658196,0.6895847514251,0.233223364050212,0.333471685336326,0.834751112456522,HUMANGEM_SUBSYSTEM,57
REACTOME|R-HSA-204174_REGULATION_OF_PYRUVATE_DEHYDROGENASE_PDH_COMPLEX,OS,ssGSEA,1057,140,1.13218582127583,0.958459740707974,1.33740070600272,1.46078395077433,0.144074741603864,1.14081456443837,0.121573660190559,0.935460317081233,0.334062239461823,0.37801809965502,REACTOME_METABOLISM,15
KEGG|hsa00563_GLYCOSYLPHOSPHATIDYLINOSITOL_GPI_ANCHOR_BIOSYNTHESIS,OS,ssGSEA,1057,140,0.888520301560371,0.758126278841552,1.04134146027925,-1.45971431498879,0.144368605998577,1.04908899500382,0.554060586331522,0.587643501405651,0.334062239461823,0.757787331133834,KEGG_METABOLISM,29
REACTOME|R-HSA-1483249_INOSITOL_PHOSPHATE_METABOLISM,OS,ssGSEA,1057,140,1.13500757335923,0.957107857413198,1.34597389584136,1.4559786371153,0.145398525270275,1.09021575599915,0.31126309880013,0.442803608447603,0.334500653511961,0.595589967896403,REACTOME_METABOLISM,76
KEGG|hsa00564_GLYCEROPHOSPHOLIPID_METABOLISM,OS,ssGSEA,1057,140,0.884002052689264,0.748395411601998,1.04418014467253,-1.45116777429269,0.146733147979924,0.925611576009471,0.360027806302344,0.479532516592538,0.335630993655228,0.628048646190799,KEGG_METABOLISM,89
REACTOME|R-HSA-1483191_SYNTHESIS_OF_PC,OS,ssGSEA,1057,140,0.883281088312519,0.745591056387815,1.04639865820056,-1.43544316142458,0.151160854138824,1.00566028577611,0.945643415510948,0.961901393788106,0.343782971127153,0.98783747867023,REACTOME_METABOLISM,28
REACTOME|R-HSA-2022923_DS_GAG_BIOSYNTHESIS,OS,ssGSEA,1057,140,1.14248911524703,0.951913073610848,1.37121908989722,1.4307031060841,0.152515322658925,1.00008396444549,0.99923947345866,0.623116423370448,0.34489260464916,0.99923947345866,REACTOME_METABOLISM,12
REACTOME|R-HSA-9864848_COMPLEX_IV_ASSEMBLY,OS,ssGSEA,1057,140,0.881863216415496,0.742065655742858,1.0479972040859,-1.42763032540206,0.153398290250282,0.963050327172019,0.657165896726278,0.383271688201945,0.34492948881137,0.823244105409938,REACTOME_METABOLISM,35
REACTOME|R-HSA-1430728_METABOLISM,OS,ssGSEA,1057,140,0.883773516447352,0.744218589412636,1.04949760659722,-1.40904356491085,0.15882228666844,1.00727849729266,0.933343967358895,0.332166162884515,0.355119494910333,0.980134298176359,REACTOME_METABOLISM,2009
REACTOME|R-HSA-163560_TRIGLYCERIDE_CATABOLISM,OS,ssGSEA,1057,140,0.877070374603641,0.730237029936428,1.05342842182947,-1.40318796655675,0.1605607949869,0.85246672116386,0.0785699938641748,0.399573132408616,0.355958530710191,0.327751972065174,REACTOME_METABOLISM,24
HALLMARK|HALLMARK_MYC_TARGETS_V2,OS,ssGSEA,1057,140,1.13023085018863,0.952416060659934,1.34124342026844,1.40176219830364,0.160986270170438,1.08436408776355,0.334049014423384,0.174678818242461,0.355958530710191,0.615034890576978,HALLMARK_METABOLIC,57
HUMANGEM|PROTEIN_DEGRADATION,OS,ssGSEA,1057,140,0.89153472106752,0.758889256272692,1.04736514886611,-1.39692977418149,0.162434690037628,0.912299859796873,0.278427824150401,0.159924960233947,0.357176832237437,0.565378949040099,HUMANGEM_SUBSYSTEM,16
HUMANGEM|POOL_REACTIONS,OS,ssGSEA,1057,140,0.886192042315261,0.746437691250461,1.05211237999955,-1.37984045930031,0.167635772272494,0.914341501799902,0.287689355871532,0.835653908775601,0.366588117387102,0.571442598789509,HUMANGEM_SUBSYSTEM,11
REACTOME|R-HSA-71336_PENTOSE_PHOSPHATE_PATHWAY,OS,ssGSEA,1057,140,1.11986618353446,0.952130853656006,1.31715117119514,1.3674799296613,0.171474923972437,1.1560957963082,0.0888231841076594,0.0467679588837511,0.372934534103989,0.331819001446883,REACTOME_METABOLISM,14
REACTOME|R-HSA-189451_HEME_BIOSYNTHESIS,OS,ssGSEA,1057,140,0.888327222210983,0.748381207426188,1.05444290408496,-1.35388643069318,0.175772613271206,1.08113353506012,0.347590727347365,0.861989601407628,0.380203804793153,0.623158150829961,REACTOME_METABOLISM,14
KEGG|hsa00051_FRUCTOSE_AND_MANNOSE_METABOLISM,OS,ssGSEA,1057,140,0.88388035387525,0.738638307268291,1.05768205125445,-1.34769816454801,0.177755482674396,0.962562836278764,0.670437041319254,0.0675574577875283,0.382414497861673,0.823244105409938,KEGG_METABOLISM,31
KEGG|hsa01250_BIOSYNTHESIS_OF_NUCLEOTIDE_SUGARS,OS,ssGSEA,1057,140,1.12174523721681,0.947986538403186,1.32735257964541,1.33793867439226,0.180916428649096,1.1500207620293,0.10565307360567,0.00458200004648187,0.383277911785536,0.358766902526898,KEGG_METABOLISM,35
KEGG|hsa00450_SELENOCOMPOUND_METABOLISM,OS,ssGSEA,1057,140,1.11239139619266,0.951591351991554,1.30036345510466,1.33710026199432,0.181189911688733,1.24336212617652,0.00989819521661786,0.51984327287366,0.383277911785536,0.207341141905995,KEGG_METABOLISM,13
REACTOME|R-HSA-1655829_REGULATION_OF_CHOLESTEROL_BIOSYNTHESIS_BY_SREBP_SREBF_,OS,ssGSEA,1057,140,1.12716601681931,0.945286758332478,1.34404001565993,1.33329636475497,0.182434566189199,1.15818237635772,0.0999618971501777,0.956989313057657,0.383277911785536,0.348801467920171,REACTOME_METABOLISM,53
HUMANGEM|PENTOSE_PHOSPHATE_PATHWAY,OS,ssGSEA,1057,140,1.12013062853789,0.947797717243296,1.32379789712726,1.33097982679205,0.183195648840081,1.07988839368989,0.362942684984633,0.00190439802578745,0.383277911785536,0.628048646190799,HUMANGEM_SUBSYSTEM,23
HUMANGEM|GLYCEROLIPID_METABOLISM,OS,ssGSEA,1057,140,0.88683599375643,0.74298974552554,1.05853154038573,-1.33003455499614,0.183506886401724,0.837535482214868,0.0446257585407762,0.925478968315838,0.383277911785536,0.306088321304522,HUMANGEM_SUBSYSTEM,49
REACTOME|R-HSA-156581_METHYLATION,OS,ssGSEA,1057,140,0.891240287752605,0.751962965515104,1.05631432256672,-1.32808065614037,0.184151463073447,0.842628827729292,0.0391582361631585,0.804587840901089,0.383277911785536,0.306088321304522,REACTOME_METABOLISM,13
REACTOME|R-HSA-399997_ACETYLCHOLINE_REGULATES_INSULIN_SECRETION,OS,ssGSEA,1057,140,1.11826551606708,0.947695194963342,1.31953582868291,1.32377611221096,0.185577411828468,1.01460376666022,0.859512241448044,0.633031520018075,0.383277911785536,0.944988596951164,REACTOME_METABOLISM,10
REACTOME|R-HSA-174403_GLUTATHIONE_SYNTHESIS_AND_RECYCLING,OS,ssGSEA,1057,140,1.1213667971875,0.946331142431778,1.32877746219284,1.32292326699812,0.185860896921127,1.17247788847724,0.0666625846002593,0.0531720313692878,0.383277911785536,0.308960656002721,REACTOME_METABOLISM,12
REACTOME|R-HSA-1638091_HEPARAN_SULFATE_HEPARIN_HS_GAG_METABOLISM,OS,ssGSEA,1057,140,1.12171978626421,0.945238219357296,1.33115150565132,1.31516410359366,0.188454756369746,1.09087794819599,0.296126878165968,0.667140500768304,0.386623675438963,0.577789420074107,REACTOME_METABOLISM,40
CONTROL|CONTROL_IMMUNE_SMALL,OS,ssGSEA,1057,140,0.894203684185337,0.756576907001885,1.05686576131333,-1.31138225815717,0.189728649867126,0.824268928333248,0.0244968498903402,0.224196693965346,0.38724103921598,0.263506655577173,CONTEXT_CONTROL,9
REACTOME|R-HSA-189445_METABOLISM_OF_PORPHYRINS,OS,ssGSEA,1057,140,0.883253985694099,0.732679319020905,1.06477360967009,-1.30183608248173,0.192972426220306,1.06152766356666,0.517373702929742,0.0818419996973548,0.390020223452938,0.738045640738484,REACTOME_METABOLISM,27
REACTOME|R-HSA-6799198_COMPLEX_I_BIOGENESIS,OS,ssGSEA,1057,140,0.890798120184144,0.747812626922688,1.06112315084731,-1.29539576949879,0.195183736686168,0.974595431925493,0.765226388293095,0.209761309973058,0.390020223452938,0.889174499645321,REACTOME_METABOLISM,53
REACTOME|R-HSA-1660662_GLYCOSPHINGOLIPID_METABOLISM,OS,ssGSEA,1057,140,0.898135872532577,0.763382374867409,1.05667627664309,-1.29532162712553,0.195209301546791,0.952698138667189,0.559891939951485,0.447215227793344,0.390020223452938,0.761391142625915,REACTOME_METABOLISM,56
KEGG|hsa00053_ASCORBATE_AND_ALDARATE_METABOLISM,OS,ssGSEA,1057,140,0.884895270352259,0.7352486216445,1.06499980610695,-1.29374796506703,0.195752491592886,0.97034164953063,0.725905409220451,0.725355823116954,0.390020223452938,0.86338937727743,KEGG_METABOLISM,29
REACTOME|R-HSA-70326_GLUCOSE_METABOLISM,OS,ssGSEA,1057,140,1.11437395983621,0.945105627973809,1.31395823451328,1.28832832433271,0.197631697402572,1.14155135254795,0.11335976284339,0.282712973419646,0.390020223452938,0.369812996816959,REACTOME_METABOLISM,77
HUMANGEM|FATTY_ACID_BIOSYNTHESIS_UNSATURATED_,OS,ssGSEA,1057,140,0.892264132202405,0.749822263610876,1.06176532793386,-1.28460625161609,0.198929912967202,0.863582726182093,0.0823497417249182,0.11492232425295,0.390020223452938,0.327751972065174,HUMANGEM_SUBSYSTEM,11
HUMANGEM|FATTY_ACID_ELONGATION_EVEN_CHAIN_,OS,ssGSEA,1057,140,0.892264132202405,0.749822263610876,1.06176532793386,-1.28460625161609,0.198929912967202,0.863582726182093,0.0823497417249182,0.11492232425295,0.390020223452938,0.327751972065174,HUMANGEM_SUBSYSTEM,11
HUMANGEM|FATTY_ACID_ELONGATION_ODD_CHAIN_,OS,ssGSEA,1057,140,0.892264132202405,0.749822263610876,1.06176532793386,-1.28460625161609,0.198929912967202,0.863582726182093,0.0823497417249182,0.11492232425295,0.390020223452938,0.327751972065174,HUMANGEM_SUBSYSTEM,11
HUMANGEM|O_GLYCAN_METABOLISM,OS,ssGSEA,1057,140,1.11074843656494,0.943838119340269,1.30717552517781,1.26426855341192,0.206133652539087,1.05854358137031,0.485634378417993,0.401166903034845,0.402162714267434,0.728830921174746,HUMANGEM_SUBSYSTEM,27
KEGG|hsa00640_PROPANOATE_METABOLISM,OS,ssGSEA,1057,140,0.894872655146446,0.752601867504238,1.06403811032842,-1.2573546835012,0.208625230874052,0.99557319530268,0.959097949602103,0.248629826186246,0.405038253111573,0.990053367119254,KEGG_METABOLISM,31
HUMANGEM|ISOLATED,OS,ssGSEA,1057,140,1.11714782303795,0.939561006895331,1.3283003970571,1.25418680554604,0.209774114552071,1.12317127342454,0.200097588956077,0.0781916516449868,0.405291735882157,0.474040716693563,HUMANGEM_SUBSYSTEM,467
REACTOME|R-HSA-70895_BRANCHED_CHAIN_AMINO_ACID_CATABOLISM,OS,ssGSEA,1057,140,0.891280199800104,0.742841189762502,1.0693811887433,-1.23829854638468,0.215605382597884,1.04968363778443,0.587911598969977,0.133472697673394,0.414092879222912,0.778915333021523,REACTOME_METABOLISM,23
KEGG|hsa00591_LINOLEIC_ACID_METABOLISM,OS,ssGSEA,1057,140,0.892739828448116,0.74575233100099,1.06869850507583,-1.2361297207431,0.216410348940617,0.897782415948364,0.239004175046459,0.509893256121061,0.414092879222912,0.519801429882463,KEGG_METABOLISM,27
HUMANGEM|LIPOIC_ACID_METABOLISM,OS,ssGSEA,1057,140,0.89819425881157,0.755772661054674,1.06745449807122,-1.21892987934597,0.222870807839476,1.0089525331235,0.918669307022785,0.36316717548621,0.422067130391778,0.969841867891428,HUMANGEM_SUBSYSTEM,10
KEGG|hsa00515_MANNOSE_TYPE_O_GLYCAN_BIOSYNTHESIS,OS,ssGSEA,1057,140,1.11382843407953,0.936288079710553,1.32503425756269,1.21688531478703,0.223647853714802,1.1656296331715,0.075505714762456,0.420606643105336,0.422067130391778,0.326644287776712,KEGG_METABOLISM,16
HUMANGEM|LYSINE_METABOLISM,OS,ssGSEA,1057,140,1.11220672762807,0.937082927006301,1.32005798988677,1.21659273744924,0.223759207318254,1.05481974434606,0.521520744983909,0.58555829298314,0.422067130391778,0.739855305318709,HUMANGEM_SUBSYSTEM,39
REACTOME|R-HSA-381676_GLUCAGON_LIKE_PEPTIDE_1_GLP1_REGULATES_INSULIN_SECRETION,OS,ssGSEA,1057,140,0.902582751875612,0.764035730224363,1.0662533069548,-1.20549080258688,0.228013886513317,0.923331615509396,0.338622051854275,0.290034725578998,0.428063805812736,0.615034890576978,REACTOME_METABOLISM,42
REACTOME|R-HSA-400451_FREE_FATTY_ACIDS_REGULATE_INSULIN_SECRETION,OS,ssGSEA,1057,140,1.10559392679669,0.93703172255579,1.30447870818691,1.18939110120665,0.2342858009468,1.03609278282528,0.665237676317217,0.539964013501129,0.43651871877696,0.823244105409938,REACTOME_METABOLISM,11
REACTOME|R-HSA-8978934_METABOLISM_OF_COFACTORS,OS,ssGSEA,1057,140,1.10383472394905,0.937680381535596,1.2994311513698,1.186914110918,0.235261500743579,1.19916210342014,0.0323153483976091,0.226042322599123,0.43651871877696,0.280729426211032,REACTOME_METABOLISM,25
REACTOME|R-HSA-196741_COBALAMIN_CBL_VITAMIN_B12_TRANSPORT_AND_METABOLISM,OS,ssGSEA,1057,140,0.90275072138626,0.762271276800867,1.06911920961218,-1.18553027801697,0.235807850595594,0.882672847274456,0.14550617622038,0.00931488735853023,0.43651871877696,0.408062618592265,REACTOME_METABOLISM,20
REACTOME|R-HSA-9969896_LANOSTEROL_BIOSYNTHESIS,OS,ssGSEA,1057,140,1.10818873242889,0.934647881867259,1.31395179993226,1.18220886559611,0.237122835743019,1.15910125003648,0.086032597884761,0.00487173954025346,0.436920780674637,0.331819001446883,REACTOME_METABOLISM,13
REACTOME|R-HSA-74217_PURINE_SALVAGE,OS,ssGSEA,1057,140,1.11286828543086,0.931401215006323,1.32969100830453,1.17751072458692,0.238991719517147,1.10861663383974,0.251854854477321,0.0590174340115601,0.438335043169698,0.533409749186542,REACTOME_METABOLISM,12
HUMANGEM|SULFUR_METABOLISM,OS,ssGSEA,1057,140,0.902575578788098,0.760342176537899,1.07141587112005,-1.17157134008013,0.241369200214528,0.988905303881003,0.898219957235846,0.740349970162903,0.440062852889398,0.962383155009031,HUMANGEM_SUBSYSTEM,20
KEGG|hsa00900_TERPENOID_BACKBONE_BIOSYNTHESIS,OS,ssGSEA,1057,140,1.10036873900634,0.937414141784676,1.29165041128697,1.16964182679136,0.242145137645171,1.25771536665657,0.00527860219453911,0.13290337825718,0.440062852889398,0.162855868127721,KEGG_METABOLISM,23
FFLCLASS|ALL_NETWORK_NODES,OS,ssGSEA,1057,140,1.10629656660592,0.931412734761748,1.314016920326,1.15066191575307,0.249871350108554,0.953896013964177,0.591508749004393,0.266615961350394,0.447572520921683,0.778915333021523,FFL_MODULE,363
REACTOME|R-HSA-8956319_NUCLEOTIDE_CATABOLISM,OS,ssGSEA,1057,140,0.902170952414328,0.756697018809927,1.07561204438235,-1.14753865038884,0.251159068666564,0.916814485918991,0.324200328438421,0.0333153975520516,0.447572520921683,0.611524790135031,REACTOME_METABOLISM,32
HUMANGEM|GALACTOSE_METABOLISM,OS,ssGSEA,1057,140,1.1067693056208,0.930615080552734,1.31626740363674,1.14696966214074,0.251394159598195,1.04897004863383,0.597207160539226,0.107015131935938,0.447572520921683,0.779306393097089,HUMANGEM_SUBSYSTEM,22
KEGG|hsa00562_INOSITOL_PHOSPHATE_METABOLISM,OS,ssGSEA,1057,140,1.10952981467099,0.928346741055307,1.32607392820103,1.1426296247805,0.253192400186038,1.09045788950881,0.328088127260868,0.0346884283195448,0.447572520921683,0.613047298825472,KEGG_METABOLISM,78
HUMANGEM|TRANSPORT_REACTIONS,OS,ssGSEA,1057,140,1.10820033106208,0.928932254514624,1.32206408787884,1.14115868224467,0.253803894832903,1.12283878141945,0.169172736348716,0.717011355948895,0.447572520921683,0.427743190525901,HUMANGEM_SUBSYSTEM,497
KEGG|hsa00190_OXIDATIVE_PHOSPHORYLATION,OS,ssGSEA,1057,140,0.903863009073848,0.759537708591806,1.07561261268608,-1.13878426263495,0.254793147276568,0.982357562901145,0.836968068073579,0.103640409235856,0.447572520921683,0.928206939535137,KEGG_METABOLISM,103
KEGG|hsa00052_GALACTOSE_METABOLISM,OS,ssGSEA,1057,140,1.10821366269759,0.928447240194073,1.32278655051297,1.13784706405973,0.255184348697285,1.01856226128994,0.837251988173654,0.0510123551982305,0.447572520921683,0.928206939535137,KEGG_METABOLISM,30
HUMANGEM|MISCELLANEOUS,OS,ssGSEA,1057,140,0.906416312968313,0.765235128248974,1.07364455980353,-1.13741983995006,0.255362817254665,0.966139984853474,0.682323092817454,0.295472879480005,0.447572520921683,0.830472755172315,HUMANGEM_SUBSYSTEM,100
FFLCLASS|higherorder_union,OS,ssGSEA,1057,140,1.10468596133223,0.930180600939125,1.31192918013174,1.13494508371777,0.2563983285682,0.951438992593356,0.572228049311109,0.241924703052032,0.447572520921683,0.764250884650408,FFL_MODULE,354
REACTOME|R-HSA-75105_FATTY_ACYL_COA_BIOSYNTHESIS,OS,ssGSEA,1057,140,0.903959606845627,0.758390220368288,1.07747034292146,-1.1270925963828,0.25970333327014,0.868387341509973,0.106368076628578,0.119425664086475,0.449359677037767,0.358766902526898,REACTOME_METABOLISM,32
FFLCLASS|4_node,OS,ssGSEA,1057,140,1.10397481970901,0.929387926445463,1.31135811846924,1.12623805592263,0.260064769321508,0.950694521212448,0.566260749289626,0.24829132430212,0.449359677037767,0.761391142625915,FFL_MODULE,351
REACTOME|R-HSA-163685_INTEGRATION_OF_ENERGY_METABOLISM,OS,ssGSEA,1057,140,0.906312496782791,0.763505738408893,1.07582995189587,-1.12448044965092,0.260809259788252,0.943519348372798,0.485989573697577,0.169210941778659,0.449359677037767,0.728830921174746,REACTOME_METABOLISM,108
KEGG|hsa01100_METABOLIC_PATHWAYS,OS,ssGSEA,1057,140,0.907839769760202,0.765949995751508,1.07601416819596,-1.11506996400419,0.264820441500287,1.01135537078813,0.895531311487005,0.151192694068008,0.454304033263424,0.962383155009031,KEGG_METABOLISM,1421
KEGG|hsa00230_PURINE_METABOLISM,OS,ssGSEA,1057,140,1.10071127364271,0.929064579565612,1.30407006635709,1.10936646954225,0.267272121094311,1.159516564613,0.0933614101281248,0.261042685101538,0.456542078092427,0.336107859438333,KEGG_METABOLISM,112
CURATED|CURATED_TCA_CYCLE,OS,ssGSEA,1057,140,1.09595534085632,0.931123810345285,1.28996605586327,1.10183700282098,0.270532540345701,1.11340017329119,0.202890681773172,0.046835746769149,0.46013654298115,0.477813558258712,CURATED_SIGNATURE,27
HUMANGEM|PORPHYRIN_METABOLISM,OS,ssGSEA,1057,140,0.906868926702518,0.761711547826849,1.07968856789017,-1.09846025821236,0.272003562282722,1.03131719910174,0.72672221454256,0.179320513631366,0.460669862929887,0.86338937727743,HUMANGEM_SUBSYSTEM,22
KEGG|hsa00260_GLYCINE_SERINE_AND_THREONINE_METABOLISM,OS,ssGSEA,1057,140,0.90719613699162,0.760658027571789,1.08196430083011,-1.08356788047053,0.278556438545207,0.997156947629037,0.974011568183606,0.175045643977473,0.469768909072002,0.991911009983543,KEGG_METABOLISM,39
REACTOME|R-HSA-1483255_PI_METABOLISM,OS,ssGSEA,1057,140,1.10015785703413,0.924414832484084,1.30931186720737,1.07492859069136,0.282406700401984,1.0919576968972,0.310792045803893,0.0340233896431794,0.47237322481414,0.595589967896403,REACTOME_METABOLISM,83
REACTOME|R-HSA-163359_GLUCAGON_SIGNALING_IN_METABOLIC_REGULATION,OS,ssGSEA,1057,140,0.914823666725892,0.777733775356232,1.07607817446076,-1.07477731090577,0.28247444096926,0.886364944252282,0.128854810727603,0.305742650731477,0.47237322481414,0.385595599019445,REACTOME_METABOLISM,33
REACTOME|R-HSA-2024101_CS_DS_DEGRADATION,OS,ssGSEA,1057,140,1.10108587821913,0.922108805139407,1.314801577055,1.06400021508863,0.287328602106235,1.02838141513995,0.742188135564643,0.0218545123719366,0.475725009529827,0.871359521990347,REACTOME_METABOLISM,20
KEGG|hsa00510_N_GLYCAN_BIOSYNTHESIS,OS,ssGSEA,1057,140,1.09411704793623,0.926966965797478,1.29140752449018,1.06341001541733,0.28759605281117,1.16140028523756,0.0736982361763905,0.536119521348286,0.475725009529827,0.322328549430807,KEGG_METABOLISM,54
FFLCLASS|5_node,OS,ssGSEA,1057,140,1.09635394494057,0.92372065419999,1.30125051022895,1.05232361238207,0.292651101907603,0.942614503607933,0.50203601549381,0.218518120823513,0.475725009529827,0.738045640738484,FFL_MODULE,339
KEGG|hsa01524_PLATINUM_DRUG_RESISTANCE,OS,ssGSEA,1057,140,0.91167310430826,0.767426670120944,1.08303227067685,-1.05231160134772,0.292656610715413,0.831011233740577,0.0299634127053239,0.0828469676615545,0.475725009529827,0.280729426211032,KEGG_METABOLISM,72
REACTOME|R-HSA-1660499_SYNTHESIS_OF_PIPS_AT_THE_PLASMA_MEMBRANE,OS,ssGSEA,1057,140,1.09960609143926,0.921327636246214,1.3123817291064,1.05209049420855,0.29275803296609,1.07690809945056,0.400237670149105,0.0390226418730802,0.475725009529827,0.652846691472721,REACTOME_METABOLISM,53
REACTOME|R-HSA-74182_KETONE_BODY_METABOLISM,OS,ssGSEA,1057,140,0.908148885186824,0.758566992597291,1.08722684445078,-1.04924395870719,0.294065851507134,1.06535133929725,0.474170352841149,0.4531305990165,0.475725009529827,0.72584538627222,REACTOME_METABOLISM,10
REACTOME|R-HSA-211981_XENOBIOTICS,OS,ssGSEA,1057,140,0.907275340887091,0.756166849988086,1.08858057476965,-1.04688836885288,0.295151066907869,0.957358937842633,0.633130786009651,0.0929734332270202,0.475725009529827,0.807130643321974,REACTOME_METABOLISM,24
REACTOME|R-HSA-193048_ANDROGEN_BIOSYNTHESIS,OS,ssGSEA,1057,140,1.09461185939581,0.923985509391922,1.29674665949953,1.04558603201547,0.295752200991931,1.06508911696541,0.452853281956224,0.00522674349883591,0.475725009529827,0.701305860772674,REACTOME_METABOLISM,11
HUMANGEM|PHOSPHATIDYLINOSITOL_PHOSPHATE_METABOLISM,OS,ssGSEA,1057,140,1.09895533284397,0.920311060076578,1.31227676812414,1.04251364166716,0.297173604153377,1.1708260317375,0.0696104689494375,0.519087753680333,0.475725009529827,0.318447892435358,HUMANGEM_SUBSYSTEM,21
HUMANGEM|OXIDATIVE_PHOSPHORYLATION,OS,ssGSEA,1057,140,0.912109033144114,0.767231434702446,1.08434411145542,-1.04243839785405,0.297208471968603,0.97710138091872,0.788999277247764,0.129375823288566,0.475725009529827,0.899775680070516,HUMANGEM_SUBSYSTEM,73
HUMANGEM|PURINE_METABOLISM,OS,ssGSEA,1057,140,1.09432314018128,0.923591651360672,1.2966153747405,1.04153578661652,0.297626953198309,1.09738637531232,0.284810876172641,0.141822283967853,0.475725009529827,0.569621752345283,HUMANGEM_SUBSYSTEM,115
FFLCLASS|6_node,OS,ssGSEA,1057,140,1.09422853321238,0.922171183582396,1.29838809129209,1.03170083818085,0.302212284652091,0.945918383060367,0.52705608839204,0.210252693142465,0.481121957166128,0.739855305318709,FFL_MODULE,314
REACTOME|R-HSA-5423646_AFLATOXIN_ACTIVATION_AND_DETOXIFICATION,OS,ssGSEA,1057,140,0.916719099972533,0.776344116353248,1.08247604451744,-1.02542014260081,0.305164987991256,1.00407622488207,0.961245855582686,0.897554368669037,0.48388711243235,0.990053367119254,REACTOME_METABOLISM,18
REACTOME|R-HSA-428157_SPHINGOLIPID_METABOLISM,OS,ssGSEA,1057,140,0.920920573448454,0.786401583685613,1.0784498914993,-1.02255454039195,0.306518512786607,0.998250744175273,0.982809504766884,0.619791180204519,0.484104635274086,0.992787266236599,REACTOME_METABOLISM,93
REACTOME|R-HSA-2024096_HS_GAG_DEGRADATION,OS,ssGSEA,1057,140,0.915919408566132,0.772720864096216,1.08565512071339,-1.01252994010732,0.311284738757821,0.936455411042557,0.430700265357619,0.826055934059896,0.487851511957965,0.677544290957836,REACTOME_METABOLISM,19
KEGG|hsa00532_GLYCOSAMINOGLYCAN_BIOSYNTHESIS_CHONDROITIN_SULFATE_DERMATAN_SULFATE,OS,ssGSEA,1057,140,1.0962999465427,0.917544309585785,1.30988068939374,1.01240924001036,0.31134242220433,1.01775869501762,0.844936491641515,0.743863285492304,0.487851511957965,0.934124232425897,KEGG_METABOLISM,21
HUMANGEM|FRUCTOSE_AND_MANNOSE_METABOLISM,OS,ssGSEA,1057,140,0.913462556006386,0.766250529227374,1.08895695258713,-1.00951478672178,0.312727813751507,0.999526999933299,0.995841022026455,0.0688742950066797,0.488100666169019,0.99923947345866,HUMANGEM_SUBSYSTEM,24
KEGG|hsa00770_PANTOTHENATE_AND_COA_BIOSYNTHESIS,OS,ssGSEA,1057,140,0.918525257754753,0.777625225084975,1.08495535113491,-1.00028587732614,0.317172179750715,0.93508730089933,0.42646747876022,0.0367690953035804,0.491636396386639,0.675251219146066,KEGG_METABOLISM,21
HALLMARK|HALLMARK_OXIDATIVE_PHOSPHORYLATION,OS,ssGSEA,1057,140,0.914585696505743,0.767619340957418,1.08968983924976,-0.998970403017873,0.317809029024217,1.00306249348303,0.972191300329687,0.160000238100855,0.491636396386639,0.991911009983543,HALLMARK_METABOLIC,182
FFLCLASS|3_miR,OS,ssGSEA,1057,140,1.09015930830559,0.919244427776151,1.29285234870603,0.992186963462639,0.321106330685269,0.943958547075529,0.511183244196697,0.173018568528829,0.491636396386639,0.738045640738484,FFL_MODULE,264
FFLCLASS|3node_union,OS,ssGSEA,1057,140,1.09015930830559,0.919244427776151,1.29285234870603,0.992186963462639,0.321106330685269,0.943958547075529,0.511183244196697,0.173018568528829,0.491636396386639,0.738045640738484,FFL_MODULE,264
KEGG|hsa00250_ALANINE_ASPARTATE_AND_GLUTAMATE_METABOLISM,OS,ssGSEA,1057,140,1.09116680338094,0.918304080390861,1.29656942425193,0.991482679055535,0.321449945997291,1.08126319448286,0.371319156876044,0.0861230023036754,0.491636396386639,0.631559933490023,KEGG_METABOLISM,35
FFLCLASS|3_Comp,OS,ssGSEA,1057,140,1.08947209334428,0.918992939309371,1.29157623677496,0.987005301103734,0.323640039832411,0.944736318741476,0.517180839708187,0.175456254667818,0.491636396386639,0.738045640738484,FFL_MODULE,258
FFLCLASS|3_TF,OS,ssGSEA,1057,140,1.08947209334428,0.918992939309371,1.29157623677496,0.987005301103734,0.323640039832411,0.944736318741476,0.517180839708187,0.175456254667818,0.491636396386639,0.738045640738484,FFL_MODULE,258
CONTROL|CONTROL_IMMUNE_FULL,OS,ssGSEA,1057,140,0.919362459027975,0.777581421878098,1.08699527443503,-0.983847443439511,0.325190528128527,0.850844448807349,0.058099592349653,0.714496813744913,0.492113422795262,0.306088321304522,CONTEXT_CONTROL,141
KEGG|hsa00830_RETINOL_METABOLISM,OS,ssGSEA,1057,140,0.918631410289209,0.772721682936572,1.09209264681552,-0.961725353233448,0.336187583353553,0.965870898384443,0.678940381359426,0.789767816261314,0.506828250661795,0.828890404236354,KEGG_METABOLISM,65
REACTOME|R-HSA-73621_PYRIMIDINE_CATABOLISM,OS,ssGSEA,1057,140,0.917312418331796,0.767175040501249,1.09683192023028,-0.946450495726108,0.343918860495395,0.895724650939108,0.212483072645105,0.427866906795168,0.515005925500626,0.494551245103811,REACTOME_METABOLISM,11
REACTOME|R-HSA-2426168_ACTIVATION_OF_GENE_EXPRESSION_BY_SREBF_SREBP_,OS,ssGSEA,1057,140,1.08746231329359,0.91402956227741,1.29380310182455,0.945899320396666,0.34419994015871,1.11202823899829,0.223943999891454,0.590432712039067,0.515005925500626,0.499051443261554,REACTOME_METABOLISM,40
REACTOME|R-HSA-8964539_GLUTAMATE_AND_GLUTAMINE_METABOLISM,OS,ssGSEA,1057,140,1.08089083748353,0.916212965016889,1.27516750708096,0.922365762769825,0.356337821982849,1.18272271083884,0.0513782084226158,0.925617717347302,0.53117023651376,0.306088321304522,REACTOME_METABOLISM,12
REACTOME|R-HSA-203615_ENOS_ACTIVATION,OS,ssGSEA,1057,140,0.922043512013005,0.775222471282846,1.09667130344973,-0.9171877353967,0.359044272513111,0.964322417987255,0.665269612132173,0.500683642882078,0.533207539030665,0.823244105409938,REACTOME_METABOLISM,15
CURATED|CURATED_SERINE_GLYCINE,OS,ssGSEA,1057,140,1.08590441393873,0.90951862789749,1.29649724595253,0.91129556775885,0.362139661130156,1.11409190169924,0.204510119867759,0.00767166939805118,0.533852835223251,0.478794280631578,CURATED_SIGNATURE,16
REACTOME|R-HSA-71403_CITRIC_ACID_CYCLE_TCA_CYCLE_,OS,ssGSEA,1057,140,0.923351555922635,0.777632806033748,1.0963761935061,-0.910017794151633,0.362813125649562,1.06052156231756,0.503255704110611,0.515324523334968,0.533852835223251,0.738045640738484,REACTOME_METABOLISM,30
REACTOME|R-HSA-3322077_GLYCOGEN_SYNTHESIS,OS,ssGSEA,1057,140,1.08174789786493,0.91310242698539,1.28154134733663,0.908710784661641,0.363502809913319,1.07312717511505,0.382260093573188,0.376130317909816,0.533852835223251,0.636514849570502,REACTOME_METABOLISM,14
REACTOME|R-HSA-611105_RESPIRATORY_ELECTRON_TRANSPORT,OS,ssGSEA,1057,140,0.923236693210423,0.775769103054173,1.09873670958844,-0.89952221096702,0.368374570588469,1.00276749152546,0.974465338953681,0.191754365627939,0.537170999960755,0.991911009983543,REACTOME_METABOLISM,126
CURATED|CURATED_PENTOSE_PHOSPHATE,OS,ssGSEA,1057,140,1.07949465172555,0.91373880421361,1.27531926818734,0.899358916104291,0.368461515048458,1.05515492854632,0.525420081552118,0.00517390525527475,0.537170999960755,0.739855305318709,CURATED_SIGNATURE,16
KEGG|hsa00512_MUCIN_TYPE_O_GLYCAN_BIOSYNTHESIS,OS,ssGSEA,1057,140,1.07658138676907,0.915586760517368,1.26588493009957,0.892881505004564,0.371920632539066,1.04958532625158,0.551669320082126,0.369366541021575,0.538329369993169,0.757118584112711,KEGG_METABOLISM,30
REACTOME|R-HSA-196807_NICOTINATE_METABOLISM,OS,ssGSEA,1057,140,1.07787143659116,0.914264472789949,1.27075574781305,0.892805672446646,0.371961248110858,1.01081143501088,0.899260900670754,0.435199774708525,0.538329369993169,0.962383155009031,REACTOME_METABOLISM,22
KEGG|hsa00100_STEROID_BIOSYNTHESIS,OS,ssGSEA,1057,140,1.07627748836291,0.914214281468661,1.26706971815829,0.882828003705856,0.37732920769071,1.12866745027109,0.162056914462162,0.0117989550041759,0.542241004181186,0.427143390436691,KEGG_METABOLISM,18
REACTOME|R-HSA-2046104_ALPHA_LINOLENIC_OMEGA3_AND_LINOLEIC_OMEGA6_ACID_METABOLISM,OS,ssGSEA,1057,140,0.927549220553058,0.784519900769063,1.09665485312124,-0.880199481793625,0.378751254176808,0.929395230326697,0.387026617075531,0.33267833731331,0.542241004181186,0.636514849570502,REACTOME_METABOLISM,13
REACTOME|R-HSA-2046106_ALPHA_LINOLENIC_ACID_ALA_METABOLISM,OS,ssGSEA,1057,140,0.927549220553058,0.784519900769063,1.09665485312124,-0.880199481793625,0.378751254176808,0.929395230326697,0.387026617075531,0.33267833731331,0.542241004181186,0.636514849570502,REACTOME_METABOLISM,13
KEGG|hsa01210_2_OXOCARBOXYLIC_ACID_METABOLISM,OS,ssGSEA,1057,140,1.07636041624973,0.911876622805051,1.27051370404194,0.869698757591764,0.384465051400188,1.09436325955336,0.288592870242943,0.0169624487582335,0.546349585109548,0.571442598789509,KEGG_METABOLISM,32
REACTOME|R-HSA-8979227_TRIGLYCERIDE_METABOLISM,OS,ssGSEA,1057,140,0.926097354671462,0.778678709171521,1.10142514522066,-0.867920533784621,0.385437837088028,0.88271734312648,0.155030484366365,0.980258085159977,0.546349585109548,0.417567010848618,REACTOME_METABOLISM,36
REACTOME|R-HSA-6806667_METABOLISM_OF_FAT_SOLUBLE_VITAMINS,OS,ssGSEA,1057,140,0.931974589831735,0.794726530340037,1.09292517983563,-0.86676072566084,0.386073125196022,0.892923269698874,0.159813581718273,0.692882928117229,0.546349585109548,0.424038703492483,REACTOME_METABOLISM,47
REACTOME|R-HSA-2142845_HYALURONAN_METABOLISM,OS,ssGSEA,1057,140,1.07924016428185,0.907955066266894,1.28283807808694,0.864866588947153,0.387112017590183,1.07222460927046,0.410045389842753,0.54633623126616,0.546349585109548,0.663406768932584,REACTOME_METABOLISM,18
HALLMARK|HALLMARK_HYPOXIA,OS,ssGSEA,1057,140,1.08025087478991,0.904414542159872,1.29027331835856,0.851616726092707,0.394426853124298,0.944568533955663,0.525638471436417,0.637997336482858,0.554706316408023,0.739855305318709,HALLMARK_METABOLIC,190
HUMANGEM|ASCORBATE_AND_ALDARATE_METABOLISM,OS,ssGSEA,1057,140,0.927816175224905,0.778435649824431,1.10586257862564,-0.836506410173946,0.402870072092636,1.00588697477753,0.944693218908763,0.960050519455413,0.56458552356644,0.98783747867023,HUMANGEM_SUBSYSTEM,10
REACTOME|R-HSA-189483_HEME_DEGRADATION,OS,ssGSEA,1057,140,0.92691130931539,0.77535549009404,1.10809117406593,-0.833213858378574,0.404724128097763,1.02732247992399,0.766298626578756,0.345821129063651,0.565193694676875,0.889174499645321,REACTOME_METABOLISM,15
REACTOME|R-HSA-9840309_GLYCOSPHINGOLIPID_BIOSYNTHESIS,OS,ssGSEA,1057,140,1.07233521378889,0.908412628425768,1.26583754424945,0.825122195723504,0.409302219633663,0.973991042174695,0.74639860556982,0.348855199867841,0.567586999354448,0.872261956091109,REACTOME_METABOLISM,19
HUMANGEM|INOSITOL_PHOSPHATE_METABOLISM,OS,ssGSEA,1057,140,1.07598085205578,0.90332607407115,1.2816355325303,0.820654378416274,0.411843163984346,1.0326436577335,0.709926352452677,0.0838907141285668,0.567586999354448,0.851316006044392,HUMANGEM_SUBSYSTEM,95
KEGG|hsa00970_AMINOACYL_TRNA_BIOSYNTHESIS,OS,ssGSEA,1057,140,1.06979106055003,0.91025511028984,1.25728809461815,0.818782115963061,0.412910736254968,1.12815252272334,0.130718514171746,0.381363890328903,0.567586999354448,0.386513250407822,KEGG_METABOLISM,24
HUMANGEM|GLYCOSPHINGOLIPID_METABOLISM,OS,ssGSEA,1057,140,1.07098491474449,0.908770199322608,1.26215482028927,0.818392895231391,0.413132877298065,1.12816856988299,0.141901978417202,0.295768113762384,0.567586999354448,0.40630926194278,HUMANGEM_SUBSYSTEM,54
KEGG|hsa00514_OTHER_TYPES_OF_O_GLYCAN_BIOSYNTHESIS,OS,ssGSEA,1057,140,1.07155529679226,0.907955285307756,1.26463359227471,0.817630131862145,0.41356841661505,1.09081256714802,0.296184125200473,0.385697253511257,0.567586999354448,0.577789420074107,KEGG_METABOLISM,35
REACTOME|R-HSA-71291_METABOLISM_OF_AMINO_ACIDS_AND_DERIVATIVES,OS,ssGSEA,1057,140,0.929147999396872,0.776956964828765,1.1111503517746,-0.805190742085365,0.420709618040014,1.01195600644716,0.892712567815164,0.261014203879991,0.575403532577063,0.962383155009031,REACTOME_METABOLISM,341
REACTOME|R-HSA-1855167_SYNTHESIS_OF_PYROPHOSPHATES_IN_THE_CYTOSOL,OS,ssGSEA,1057,140,0.932812454934241,0.78571536607002,1.10744821045399,-0.794362328746358,0.426984528262057,0.976315695611385,0.779510980877801,0.327402524783083,0.580923649435921,0.89407887720278,REACTOME_METABOLISM,10
KEGG|hsa00785_LIPOIC_ACID_METABOLISM,OS,ssGSEA,1057,140,1.07173656616164,0.902549823499681,1.27263807198379,0.790338440528418,0.429330142924693,1.08882964656287,0.323271359648512,0.676213853869741,0.580923649435921,0.611524790135031,KEGG_METABOLISM,19
REACTOME|R-HSA-422356_REGULATION_OF_INSULIN_SECRETION,OS,ssGSEA,1057,140,0.933337330739778,0.786523920695565,1.10755509149941,-0.790083121442697,0.429479226370269,0.966992871544149,0.693037474975802,0.169210107050021,0.580923649435921,0.835845197092028,REACTOME_METABOLISM,78
KEGG|hsa00531_GLYCOSAMINOGLYCAN_DEGRADATION,OS,ssGSEA,1057,140,0.932128746926826,0.782657157614858,1.11014636791316,-0.788192505828811,0.430584112019087,0.977020606447765,0.795497926756308,0.11408706159299,0.580923649435921,0.902619846963251,KEGG_METABOLISM,19
REACTOME|R-HSA-975634_RETINOID_METABOLISM_AND_TRANSPORT,OS,ssGSEA,1057,140,0.939859705087244,0.802180896366591,1.10116841381748,-0.767493991074468,0.442787864488669,0.892158585719116,0.155276174888431,0.678732757297584,0.595370169143549,0.417567010848618,REACTOME_METABOLISM,43
KEGG|hsa00541_BIOSYNTHESIS_OF_VARIOUS_NUCLEOTIDE_SUGARS,OS,ssGSEA,1057,140,1.06976099916772,0.898792388577096,1.27325132019868,0.759011548025277,0.447845648801087,1.1251011246023,0.167382852786885,0.00190492891454498,0.600143327349604,0.427692125558241,KEGG_METABOLISM,18
HUMANGEM|CYSTEINE_AND_METHIONINE_METABOLISM,OS,ssGSEA,1057,140,0.93172265691046,0.774235811372151,1.1212438079579,-0.748608471143262,0.454093224819786,0.927142183109565,0.38594904677562,0.0543725806746693,0.603862853084483,0.636514849570502,HUMANGEM_SUBSYSTEM,41
HUMANGEM|CHOLESTEROL_METABOLISM,OS,ssGSEA,1057,140,0.939474545869273,0.797517931115884,1.10669915734851,-0.747005308513359,0.455060356469734,1.03699792567914,0.670301056408429,0.0344950106928265,0.603862853084483,0.823244105409938,HUMANGEM_SUBSYSTEM,29
REACTOME|R-HSA-1428517_AEROBIC_RESPIRATION_AND_RESPIRATORY_ELECTRON_TRANSPORT,OS,ssGSEA,1057,140,0.936478190622463,0.788304991833285,1.1125026615295,-0.746818702166142,0.45517300483755,1.02536777064917,0.772671547645434,0.22221998096904,0.603862853084483,0.891371814385167,REACTOME_METABOLISM,198
HUMANGEM|GLYCOSYLPHOSPHATIDYLINOSITOL_GPI_ANCHOR_BIOSYNTHESIS,OS,ssGSEA,1057,140,0.941749929719044,0.802488193895567,1.10517878876264,-0.735085998440611,0.462287120989655,1.1057449145591,0.214878836512965,0.531475859938659,0.611263369282002,0.496140843895646,HUMANGEM_SUBSYSTEM,26
REACTOME|R-HSA-2142789_UBIQUINOL_BIOSYNTHESIS,OS,ssGSEA,1057,140,1.06095718276394,0.904473869881089,1.2445137235489,0.726788866433161,0.467355304443064,1.15269456114107,0.0806865209009692,0.560417908370009,0.615918580027614,0.327751972065174,REACTOME_METABOLISM,11
CONTROL|CONTROL_CAF_FULL,OS,ssGSEA,1057,140,1.06296798195391,0.896344775612435,1.26056508767752,0.701998712744734,0.482679966222749,0.990898990576008,0.915257696573841,0.230078825691776,0.634015269163876,0.969841867891428,CONTEXT_CONTROL,123
REACTOME|R-HSA-2022857_KERATAN_SULFATE_DEGRADATION,OS,ssGSEA,1057,140,1.06328473986708,0.891666841426567,1.26793370069186,0.683260339392529,0.494442350631292,1.04218413078259,0.627806283124795,0.651285538075301,0.64732913010281,0.803430548822084,REACTOME_METABOLISM,15
REACTOME|R-HSA-1855204_SYNTHESIS_OF_IP3_AND_IP4_IN_THE_CYTOSOL,OS,ssGSEA,1057,140,0.942540295452641,0.792045424612563,1.1216303774326,-0.666740615504157,0.504937830641162,0.905141796621141,0.244466239529145,0.210574306644578,0.658902480639943,0.52593277477081,REACTOME_METABOLISM,28
KEGG|hsa00790_FOLATE_BIOSYNTHESIS,OS,ssGSEA,1057,140,0.936611333565991,0.771266083964388,1.13740356072078,-0.660819671929249,0.508727965550074,0.939055415519649,0.497073062405108,0.254105571299314,0.659537111041722,0.735446389729491,KEGG_METABOLISM,25
KEGG|hsa00430_TAURINE_AND_HYPOTAURINE_METABOLISM,OS,ssGSEA,1057,140,0.94419637059252,0.796333577709341,1.11951424779112,-0.660803364534123,0.508738424848766,0.981456331050228,0.829512245686295,0.78474344714907,0.659537111041722,0.924778357935981,KEGG_METABOLISM,16
KEGG|hsa00020_CITRATE_CYCLE_TCA_CYCLE_,OS,ssGSEA,1057,140,1.05589839209021,0.896909775502734,1.24306975447309,0.653268939120344,0.513582913141686,1.09821339697891,0.272985263462414,0.0144992834115114,0.663655842306465,0.557169922348927,KEGG_METABOLISM,30
REACTOME|R-HSA-164378_PKA_ACTIVATION_IN_GLUCAGON_SIGNALLING,OS,ssGSEA,1057,140,0.945461829461729,0.797205415985458,1.12128951088991,-0.644462495704495,0.519275570016574,0.947061002889156,0.51290962833784,0.287389196523065,0.66884037820905,0.738045640738484,REACTOME_METABOLISM,17
KEGG|hsa01521_EGFR_TYROSINE_KINASE_INHIBITOR_RESISTANCE,OS,ssGSEA,1057,140,1.05683874339509,0.892504249159111,1.25143172213827,0.641118627251478,0.521445612787001,0.935303643268155,0.426085552995024,0.0243743013379786,0.669468883513634,0.675251219146066,KEGG_METABOLISM,79
REACTOME|R-HSA-9634600_REGULATION_OF_GLYCOLYSIS_BY_FRUCTOSE_2_6_BISPHOSPHATE_METABOLISM,OS,ssGSEA,1057,140,1.06037308807723,0.884782546380578,1.27081065344026,0.634669059856617,0.525644276871521,1.07407668768268,0.427545998052283,0.988323054338388,0.672689460433651,0.675251219146066,REACTOME_METABOLISM,12
KEGG|hsa00030_PENTOSE_PHOSPHATE_PATHWAY,OS,ssGSEA,1057,140,1.05606583629998,0.891397715295075,1.25115314013429,0.630734544000442,0.528214108325082,1.07971616695299,0.367383724091287,0.0478378928770692,0.673811586901868,0.630253112880742,KEGG_METABOLISM,29
KEGG|hsa00500_STARCH_AND_SUCROSE_METABOLISM,OS,ssGSEA,1057,140,1.05692005145076,0.887864566224425,1.25816485717972,0.622528988439938,0.533594088507125,1.01330101647115,0.875269002617031,0.916364055984226,0.676916995046524,0.957024898465875,KEGG_METABOLISM,32
KEGG|hsa00480_GLUTATHIONE_METABOLISM,OS,ssGSEA,1057,140,0.947528842153981,0.799489482973027,1.12298025907109,-0.621835422555328,0.534050091569369,0.93068566343951,0.404246516739959,0.500564698645388,0.676916995046524,0.656694341479608,KEGG_METABOLISM,56
HUMANGEM|ANDROGEN_METABOLISM,OS,ssGSEA,1057,140,1.05572377762613,0.882960754997778,1.26229018485424,0.594759012996592,0.552004568656163,1.02163421916404,0.807682810460143,0.0421385849502057,0.697453391508422,0.909136202024422,HUMANGEM_SUBSYSTEM,22
REACTOME|R-HSA-15869_METABOLISM_OF_NUCLEOTIDES,OS,ssGSEA,1057,140,1.05240063466437,0.887497720217214,1.24794359536034,0.587389462052716,0.556942169588257,1.10426673478411,0.266689236278991,0.00655290674965751,0.700340114131157,0.552824562703325,REACTOME_METABOLISM,86
REACTOME|R-HSA-8956321_NUCLEOTIDE_SALVAGE,OS,ssGSEA,1057,140,1.05395575972425,0.883476267444786,1.25733172965548,0.583757416261563,0.559383531949369,1.07435155985982,0.422116170070807,0.0156561911373409,0.700340114131157,0.675251219146066,REACTOME_METABOLISM,21
HALLMARK|HALLMARK_CHOLESTEROL_HOMEOSTASIS,OS,ssGSEA,1057,140,0.950818379294591,0.801893716513388,1.1274007661953,-0.580269357043655,0.561732988401715,0.905442335073,0.250619050740689,0.0410723748443542,0.700340114131157,0.533409749186542,HALLMARK_METABOLIC,72
REACTOME|R-HSA-211999_CYP2E1_REACTIONS,OS,ssGSEA,1057,140,0.948169654542767,0.791940176063682,1.13521920085471,-0.579373428146107,0.562337229480831,1.03761111067094,0.668734875686282,0.831144639870325,0.700340114131157,0.823244105409938,REACTOME_METABOLISM,11
HUMANGEM|AMINO_SUGAR_AND_NUCLEOTIDE_SUGAR_METABOLISM,OS,ssGSEA,1057,140,1.05222447687961,0.8854675533525,1.25038613278674,0.578261580276979,0.563087528949674,1.12200689791562,0.169807598248976,0.0698372643365203,0.700340114131157,0.427743190525901,HUMANGEM_SUBSYSTEM,30
REACTOME|R-HSA-1482788_ACYL_CHAIN_REMODELLING_OF_PC,OS,ssGSEA,1057,140,0.951345317379388,0.799661426067256,1.13180138918389,-0.56285311771521,0.573534906621764,0.884617728974654,0.163422571414014,0.364452080777432,0.711111815686797,0.427692125558241,REACTOME_METABOLISM,25
REACTOME|R-HSA-75109_TRIGLYCERIDE_BIOSYNTHESIS,OS,ssGSEA,1057,140,1.04753572951432,0.888769374673456,1.23466349750438,0.553811527669551,0.579707838207985,0.989907152431965,0.89973329732123,0.121215363931841,0.716533290704279,0.962383155009031,REACTOME_METABOLISM,12
REACTOME|R-HSA-156584_CYTOSOLIC_SULFONATION_OF_SMALL_MOLECULES,OS,ssGSEA,1057,140,0.950640848043421,0.793565845133435,1.13880659999519,-0.549353447612631,0.582762914739976,1.06319451398864,0.487108103096689,0.529007167424658,0.718079381010869,0.728830921174746,REACTOME_METABOLISM,16
REACTOME|R-HSA-71064_LYSINE_CATABOLISM,OS,ssGSEA,1057,140,1.04553748771226,0.889542605269883,1.22888845541018,0.540175165689268,0.589076237579277,1.07893523186268,0.366951641332477,0.697397140756581,0.723618341223926,0.630253112880742,REACTOME_METABOLISM,10
REACTOME|R-HSA-196854_METABOLISM_OF_VITAMINS_AND_COFACTORS,OS,ssGSEA,1057,140,0.955829771597807,0.8008609382379,1.14078550800954,-0.500551838132777,0.616686564928091,0.97680280515802,0.787764046247277,0.824186164475504,0.755203854896554,0.899775680070516,REACTOME_METABOLISM,182
KEGG|hsa01200_CARBON_METABOLISM,OS,ssGSEA,1057,140,1.04349224679152,0.880762647148315,1.23628774748739,0.492173264850675,0.622596862607973,1.09257686335756,0.301963522273074,0.0288764477952432,0.758654429719656,0.583405251770309,KEGG_METABOLISM,110
KEGG|hsa00240_PYRIMIDINE_METABOLISM,OS,ssGSEA,1057,140,1.0441474917789,0.878801896419582,1.24060267624596,0.491155345693235,0.623316579191778,1.11991903968146,0.219417087057448,0.175669161486752,0.758654429719656,0.497367507365019,KEGG_METABOLISM,53
REACTOME|R-HSA-75876_SYNTHESIS_OF_VERY_LONG_CHAIN_FATTY_ACYL_COAS,OS,ssGSEA,1057,140,0.957430021734983,0.802024451304751,1.14294800492452,-0.481415394406016,0.630221297668338,0.886681536415127,0.165822787388608,0.124062702607508,0.764719745341459,0.427692125558241,REACTOME_METABOLISM,20
REACTOME|R-HSA-351202_METABOLISM_OF_POLYAMINES,OS,ssGSEA,1057,140,1.04194527810633,0.876975880200513,1.23794734505111,0.467236236069608,0.640330870996701,1.05170033958094,0.563637179773595,0.10459853843743,0.773630922599734,0.761391142625915,REACTOME_METABOLISM,44
KEGG|hsa00760_NICOTINATE_AND_NICOTINAMIDE_METABOLISM,OS,ssGSEA,1057,140,0.960073319756166,0.808767296666936,1.13968601735786,-0.465668539152908,0.64145277501988,1.04680013692598,0.590451328851421,0.702540565187311,0.773630922599734,0.778915333021523,KEGG_METABOLISM,32
REACTOME|R-HSA-209968_THYROXINE_BIOSYNTHESIS,OS,ssGSEA,1057,140,1.04175559123499,0.875254503751109,1.23993045133529,0.460404104078066,0.645226189405687,1.08877097521724,0.33606418573106,0.0165193979435606,0.775830886354875,0.615034890576978,REACTOME_METABOLISM,14
HUMANGEM|GLUTATHIONE_METABOLISM,OS,ssGSEA,1057,140,1.04054025399592,0.873424939669042,1.23963030022494,0.444902660568214,0.656390099847125,1.06175478661537,0.494034055759995,0.245820304073584,0.786877288370952,0.73367744101671,HUMANGEM_SUBSYSTEM,30
REACTOME|R-HSA-196071_METABOLISM_OF_STEROID_HORMONES,OS,ssGSEA,1057,140,0.959513152441742,0.798700106062601,1.15270485470116,-0.441589227993261,0.658786480361455,0.969586684944089,0.738559531343182,0.0330392401322581,0.787378435987564,0.869664773593451,REACTOME_METABOLISM,34
REACTOME|R-HSA-209776_METABOLISM_OF_AMINE_DERIVED_HORMONES,OS,ssGSEA,1057,140,1.03995576498879,0.872970894841273,1.2388820744477,0.438717279017092,0.66086640531295,1.08638150526713,0.339969034992299,0.121464524974868,0.787499488965731,0.615034890576978,REACTOME_METABOLISM,22
REACTOME|R-HSA-200425_CARNITINE_SHUTTLE,OS,ssGSEA,1057,140,0.962652878875059,0.805975127107614,1.14978804436816,-0.419963308867078,0.674512257705566,1.04572606257549,0.61014686196644,0.341336257699641,0.801360831542733,0.788436529424165,REACTOME_METABOLISM,14
CONTROL|CONTROL_CAF_SMALL,OS,ssGSEA,1057,140,1.04190091700079,0.858519350756646,1.26445317731085,0.415572170786736,0.677723094154657,1.00437428059945,0.963226086427638,0.145048796574302,0.802779141290338,0.990053367119254,CONTEXT_CONTROL,10
REACTOME|R-HSA-199220_VITAMIN_B5_PANTOTHENATE_METABOLISM,OS,ssGSEA,1057,140,1.03966860701213,0.86333702067548,1.25201489860917,0.410261312465155,0.681614268574301,1.08968506278932,0.338582475992771,0.23644072868848,0.804992518969056,0.615034890576978,REACTOME_METABOLISM,20
HUMANGEM|FATTY_ACID_ACTIVATION_CYTOSOLIC_,OS,ssGSEA,1057,140,0.966942174037179,0.819517511752689,1.14088735691825,-0.398303348322451,0.690406592623052,0.843622819331039,0.0567909206750358,0.048316928349042,0.809663930070424,0.306088321304522,HUMANGEM_SUBSYSTEM,14
KEGG|hsa01522_ENDOCRINE_RESISTANCE,OS,ssGSEA,1057,140,1.03540319121368,0.872340919631836,1.22894586766368,0.397921572193294,0.690687998003343,0.948889699903985,0.52979588446189,0.227682019253951,0.809663930070424,0.739855305318709,KEGG_METABOLISM,94
REACTOME|R-HSA-1660661_SPHINGOLIPID_DE_NOVO_BIOSYNTHESIS,OS,ssGSEA,1057,140,1.03306277981875,0.879650075415101,1.21323096180401,0.396586100391439,0.691672704080262,1.12014720287198,0.167638119565542,0.677843611422292,0.809663930070424,0.427692125558241,REACTOME_METABOLISM,28
HUMANGEM|CHOLESTEROL_BIOSYNTHESIS_1_BLOCH_PATHWAY_,OS,ssGSEA,1057,140,1.03289262301941,0.876632653598877,1.21700596744606,0.386708291676004,0.698972176977086,1.1081477584152,0.234466173442374,0.00776016661834632,0.814116681694712,0.512733719945411,HUMANGEM_SUBSYSTEM,16
REACTOME|R-HSA-74259_PURINE_CATABOLISM,OS,ssGSEA,1057,140,1.03735690175275,0.861051606444411,1.24976172573176,0.385904225811255,0.699567600853245,0.99761771851585,0.978776758381428,0.0045571322080685,0.814116681694712,0.992589434812168,REACTOME_METABOLISM,15
REACTOME|R-HSA-2160916_HYALURONAN_DEGRADATION,OS,ssGSEA,1057,140,1.03287343282219,0.867420950167358,1.22988443848868,0.36314094247504,0.716499601493976,1.05937904656295,0.508723783984216,0.0582472336162371,0.831390208147529,0.738045640738484,REACTOME_METABOLISM,14
REACTOME|R-HSA-196849_METABOLISM_OF_WATER_SOLUBLE_VITAMINS_AND_COFACTORS,OS,ssGSEA,1057,140,0.968805251028772,0.811089456039946,1.15718877545697,-0.34958254975533,0.726652008876939,0.99983509326222,0.998494219922818,0.194681533844722,0.840719475386691,0.99923947345866,REACTOME_METABOLISM,112
HUMANGEM|BILE_ACID_RECYCLING,OS,ssGSEA,1057,140,1.03132731938851,0.864317723965377,1.23060769231627,0.342233073395524,0.732175497326041,0.978205636879597,0.79602906101533,0.715922215857853,0.844188926237025,0.902619846963251,HUMANGEM_SUBSYSTEM,14
HUMANGEM|STARCH_AND_SUCROSE_METABOLISM,OS,ssGSEA,1057,140,0.971339952664368,0.821409832406561,1.14863648621998,-0.339951721369765,0.733892885623142,0.959396983726185,0.610050886850321,0.455067684601775,0.844188926237025,0.788436529424165,HUMANGEM_SUBSYSTEM,25
HUMANGEM|SPHINGOLIPID_METABOLISM,OS,ssGSEA,1057,140,0.972850793441947,0.825164978986219,1.14696901880567,-0.327658586967817,0.743169819023418,1.03622037331,0.672247071000577,0.133397649836353,0.848986661964554,0.823244105409938,HUMANGEM_SUBSYSTEM,103
KEGG|hsa00330_ARGININE_AND_PROLINE_METABOLISM,OS,ssGSEA,1057,140,0.97127791172585,0.813758159488442,1.15928887570181,-0.322801704387447,0.746845422139187,1.06108248222283,0.492305163651246,0.0907740561379652,0.848986661964554,0.73367744101671,KEGG_METABOLISM,45
REACTOME|R-HSA-9865881_COMPLEX_III_ASSEMBLY,OS,ssGSEA,1057,140,0.971239481376567,0.813078844988196,1.16016562969157,-0.321793191051975,0.74760937292251,1.03054113159076,0.733534863846298,0.29551933495076,0.848986661964554,0.868889511341746,REACTOME_METABOLISM,20
HUMANGEM|PANTOTHENATE_AND_COA_METABOLISM,OS,ssGSEA,1057,140,1.02883198518654,0.864892290674827,1.22384632763578,0.320965193251913,0.74823676823639,1.05654913891327,0.52916810775821,0.398436786546371,0.848986661964554,0.739855305318709,HUMANGEM_SUBSYSTEM,13
HUMANGEM|ALANINE_ASPARTATE_AND_GLUTAMATE_METABOLISM,OS,ssGSEA,1057,140,1.0284994580265,0.866019556157569,1.22146333490919,0.320315145479293,0.748729443089343,1.05822937500918,0.513657359726801,0.447468185189933,0.848986661964554,0.738045640738484,HUMANGEM_SUBSYSTEM,32
HUMANGEM|GLYCOSPHINGOLIPID_BIOSYNTHESIS_GANGLIO_SERIES,OS,ssGSEA,1057,140,1.02613200024797,0.865954549659212,1.2159378137655,0.297909235719122,0.765772438755337,1.06139318595005,0.485366145396738,0.012462878716875,0.863731232262612,0.728830921174746,HUMANGEM_SUBSYSTEM,24
REACTOME|R-HSA-196108_PREGNENOLONE_BIOSYNTHESIS,OS,ssGSEA,1057,140,0.972503654925189,0.808019759794464,1.17047058240683,-0.294934550974792,0.768043877426797,0.986444303781905,0.884392847922377,0.0464678271809777,0.863731232262612,0.962383155009031,REACTOME_METABOLISM,10
HUMANGEM|TRICARBOXYLIC_ACID_CYCLE_AND_GLYOXYLATE_DICARBOXYLATE_METABOLISM,OS,ssGSEA,1057,140,0.975032755022793,0.824102458757426,1.15360518982164,-0.294673436321983,0.768243357339107,1.02818426432192,0.74734001765595,0.118207617092974,0.863731232262612,0.872261956091109,HUMANGEM_SUBSYSTEM,45
REACTOME|R-HSA-350562_REGULATION_OF_ORNITHINE_DECARBOXYLASE_ODC_,OS,ssGSEA,1057,140,1.02492832693887,0.86506098315755,1.2143399087627,0.284591601979219,0.775957045963368,1.0467253720789,0.599892667224778,0.12546946339756,0.869946209277241,0.780252554102816,REACTOME_METABOLISM,37
REACTOME|R-HSA-2564830_CYTOSOLIC_IRON_SULFUR_CLUSTER_ASSEMBLY,OS,ssGSEA,1057,140,1.02576820416829,0.855418849409876,1.23004117738171,0.274583266833572,0.783636423497511,1.07364288457131,0.423368148867829,0.196281896462874,0.876087911662948,0.675251219146066,REACTOME_METABOLISM,11
KEGG|hsa01240_BIOSYNTHESIS_OF_COFACTORS,OS,ssGSEA,1057,140,1.02320435533828,0.866356081540264,1.2084490143151,0.270200066369018,0.787006341638101,1.10315130880383,0.242773916611916,0.176934746533126,0.876281577029101,0.525130537019253,KEGG_METABOLISM,139
REACTOME|R-HSA-1482925_ACYL_CHAIN_REMODELLING_OF_PG,OS,ssGSEA,1057,140,0.977574508823595,0.827383208654221,1.15502938699482,-0.266502129925635,0.789852519259838,0.947960043581168,0.539197278061725,0.707544587403509,0.876281577029101,0.745140682876967,REACTOME_METABOLISM,17
KEGG|hsa00603_GLYCOSPHINGOLIPID_BIOSYNTHESIS_GLOBO_AND_ISOGLOBO_SERIES,OS,ssGSEA,1057,140,0.976620934183974,0.820272497330111,1.1627702406101,-0.265772025091577,0.79041478933027,0.971939927617582,0.738491651507349,0.473345762526635,0.876281577029101,0.869664773593451,KEGG_METABOLISM,15
REACTOME|R-HSA-70635_UREA_CYCLE,OS,ssGSEA,1057,140,1.02399338677413,0.857862521341913,1.22229661521631,0.262520292955299,0.792920342309166,1.04789814924485,0.592993331420908,0.0267359601417055,0.876617489552911,0.778915333021523,REACTOME_METABOLISM,12
KEGG|hsa01232_NUCLEOTIDE_METABOLISM,OS,ssGSEA,1057,140,0.977830771387706,0.823311437596388,1.16135033938568,-0.255465364230254,0.798363691614245,1.04071552755464,0.65918413923789,0.0307315351888635,0.878608577886281,0.823244105409938,KEGG_METABOLISM,71
REACTOME|R-HSA-156588_GLUCURONIDATION,OS,ssGSEA,1057,140,0.977733578649213,0.822043438981028,1.162910505074,-0.254464864149597,0.79913644521315,1.01866361749231,0.827433062744957,0.928331665142084,0.878608577886281,0.924778357935981,REACTOME_METABOLISM,25
REACTOME|R-HSA-196791_VITAMIN_D_CALCIFEROL_METABOLISM,OS,ssGSEA,1057,140,1.02057372795691,0.866787700057549,1.20164457124473,0.244390123261655,0.806928690406532,0.98027334661524,0.808628682202627,0.101002980664494,0.882727195391127,0.909136202024422,REACTOME_METABOLISM,12
REACTOME|R-HSA-191273_CHOLESTEROL_BIOSYNTHESIS,OS,ssGSEA,1057,140,1.02065389649643,0.866016908735034,1.20290304487816,0.243886997700499,0.807318339503443,1.0852044488292,0.338915181440965,0.00469856683872136,0.882727195391127,0.615034890576978,REACTOME_METABOLISM,24
HUMANGEM|N_GLYCAN_METABOLISM,OS,ssGSEA,1057,140,0.980396877463969,0.832710572959918,1.15427624981935,-0.237663958480157,0.812141739727018,1.0804040145837,0.350020768615855,0.258130724985815,0.884373303851337,0.624700743987042,HUMANGEM_SUBSYSTEM,68
KEGG|hsa00040_PENTOSE_AND_GLUCURONATE_INTERCONVERSIONS,OS,ssGSEA,1057,140,0.978955834779009,0.820576003221831,1.1679046458647,-0.236212329569924,0.813267912586908,1.05382176983084,0.532921420215033,0.812731832672192,0.884373303851337,0.741617920439103,KEGG_METABOLISM,33
REACTOME|R-HSA-159418_RECYCLING_OF_BILE_ACIDS_AND_SALTS,OS,ssGSEA,1057,140,0.980830688755371,0.828260214445333,1.16150555492827,-0.224380883507691,0.822460944239397,1.04744885171134,0.586154623199007,0.868646214827689,0.890552899724843,0.778915333021523,REACTOME_METABOLISM,16
KEGG|hsa00513_VARIOUS_TYPES_OF_N_GLYCAN_BIOSYNTHESIS,OS,ssGSEA,1057,140,0.981651021386368,0.832702065355696,1.15724310996788,-0.220576395213631,0.825422282263576,1.03618370518575,0.667275912531317,0.784149120627802,0.890552899724843,0.823244105409938,KEGG_METABOLISM,41
KEGG|hsa00910_NITROGEN_METABOLISM,OS,ssGSEA,1057,140,0.980666790103468,0.823285232943686,1.16813385535074,-0.218739925096632,0.826852646287957,0.996203747162629,0.965177654377564,0.159975215306953,0.890552899724843,0.990053367119254,KEGG_METABOLISM,17
HUMANGEM|ETHER_LIPID_METABOLISM,OS,ssGSEA,1057,140,1.01825649315325,0.865003396665818,1.19866151953311,0.217394474525514,0.82790093693013,0.88510467246808,0.145590180502768,0.688951373857219,0.890552899724843,0.408062618592265,HUMANGEM_SUBSYSTEM,31
HUMANGEM|PYRIMIDINE_METABOLISM,OS,ssGSEA,1057,140,0.982461361301842,0.831185318096111,1.16126970175796,-0.207410563982186,0.835689233116884,1.08541428568466,0.355578782764695,0.0382936005382287,0.89529753759149,0.628048646190799,HUMANGEM_SUBSYSTEM,57
KEGG_EXTRA|hsa04933_AGE_RAGE_SIGNALING_PATHWAY_IN_DIABETIC_COMPLICATIONS,OS,ssGSEA,1057,140,0.982551920178771,0.831022034939418,1.16171200673081,-0.205974585106578,0.836810763778981,0.860573033554601,0.0793156334287712,0.16443434982926,0.89529753759149,0.327751972065174,KEGG_CLAIM_SPECIFIC,98
REACTOME|R-HSA-8957322_METABOLISM_OF_STEROIDS,OS,ssGSEA,1057,140,1.01786086156291,0.853778443644578,1.21347726826994,0.197388741550685,0.843523339248499,1.03338750864665,0.71014300001693,0.282583386354278,0.89929484553296,0.851316006044392,REACTOME_METABOLISM,147
REACTOME|R-HSA-499943_INTERCONVERSION_OF_NUCLEOTIDE_DI_AND_TRIPHOSPHATES,OS,ssGSEA,1057,140,1.01670826900297,0.860899070851562,1.20071648263778,0.195238836055369,0.845205977241573,1.11477268817717,0.219655754023601,0.0330686491702165,0.89929484553296,0.497367507365019,REACTOME_METABOLISM,25
HUMANGEM|CHONDROITIN_SULFATE_DEGRADATION,OS,ssGSEA,1057,140,1.01719074094166,0.85515537725667,1.20992866439861,0.192531947624212,0.847325545414221,1.01527778224316,0.864814742856109,0.0441901650665987,0.89929484553296,0.948199084453806,HUMANGEM_SUBSYSTEM,15
HUMANGEM|ARGININE_AND_PROLINE_METABOLISM,OS,ssGSEA,1057,140,0.984561251316314,0.827350943748288,1.17164410691536,-0.175297277764671,0.860846050682074,1.06864115457411,0.437718717127095,0.323737717799936,0.911214702583685,0.683184507516014,HUMANGEM_SUBSYSTEM,53
KEGG|hsa00565_ETHER_LIPID_METABOLISM,OS,ssGSEA,1057,140,1.01425230961856,0.862059913995636,1.1933135166888,0.170604971773735,0.864534388334084,0.896065182245171,0.192951428744868,0.956856452702161,0.912522908713732,0.46261848578589,KEGG_METABOLISM,42
REACTOME|R-HSA-1483257_PHOSPHOLIPID_METABOLISM,OS,ssGSEA,1057,140,0.984979028246544,0.82545405522929,1.1753333573678,-0.167892963120476,0.866667486165303,1.05149487082922,0.562338561129187,0.238626075458889,0.912522908713732,0.761391142625915,REACTOME_METABOLISM,198
REACTOME|R-HSA-73614_PYRIMIDINE_SALVAGE,OS,ssGSEA,1057,140,1.01259945072084,0.849777515407657,1.20661894320452,0.139991123354998,0.888667003860667,1.04761411684959,0.597047211338986,0.019220272296367,0.931616898776356,0.779306393097089,REACTOME_METABOLISM,10
HUMANGEM|ACYLGLYCERIDES_METABOLISM,OS,ssGSEA,1057,140,0.988520829993948,0.839964432397723,1.16335096301939,-0.138957831599852,0.889483471193506,1.04063559298118,0.626791999081721,0.0398249599913123,0.931616898776356,0.803430548822084,HUMANGEM_SUBSYSTEM,38
KEGG|hsa00860_PORPHYRIN_METABOLISM,OS,ssGSEA,1057,140,0.988357475570852,0.834058790672798,1.17120101177617,-0.135225344901877,0.892433708802677,1.07737418973183,0.354340783480304,0.187365627276692,0.9322535855734,0.628048646190799,KEGG_METABOLISM,43
HUMANGEM|TERPENOID_BACKBONE_BIOSYNTHESIS,OS,ssGSEA,1057,140,0.989566604760855,0.8398930747466,1.16591277473429,-0.125352582265748,0.900244425799438,1.1731890536048,0.0567884011789947,0.417191365580853,0.937950998607791,0.306088321304522,HUMANGEM_SUBSYSTEM,15
KEGG|hsa00561_GLYCEROLIPID_METABOLISM,OS,ssGSEA,1057,140,1.01024593023711,0.854563225415262,1.1942906144419,0.119383425653962,0.904971591792509,0.997910475477994,0.980119718294427,0.0240362995457202,0.939111672443499,0.992589434812168,KEGG_METABOLISM,55
REACTOME|R-HSA-1475029_REVERSIBLE_HYDRATION_OF_CARBON_DIOXIDE,OS,ssGSEA,1057,140,0.989749995114279,0.834056638988015,1.17450663064957,-0.117987460547174,0.906077593513325,0.98178572239881,0.828507479584804,0.723014813529863,0.939111672443499,0.924778357935981,REACTOME_METABOLISM,12
KEGG|hsa00061_FATTY_ACID_BIOSYNTHESIS,OS,ssGSEA,1057,140,1.0100219808728,0.850165133935906,1.19993676654721,0.113439760356564,0.909681918933749,0.988325375626105,0.892103238255878,0.230635527645684,0.940398451261382,0.962383155009031,KEGG_METABOLISM,17
HUMANGEM|STEROID_METABOLISM,OS,ssGSEA,1057,140,0.990422401369632,0.824327007866287,1.18998470725092,-0.102757322662307,0.918155577477628,0.974034876729782,0.775681084349544,0.372308843765761,0.946699274186777,0.89225743228647,HUMANGEM_SUBSYSTEM,60
HUMANGEM|GLYCOSPHINGOLIPID_BIOSYNTHESIS_GLOBO_SERIES,OS,ssGSEA,1057,140,1.00860683633194,0.848636152778291,1.1987325156548,0.0972653582263432,0.922515665655148,0.960583831147701,0.634753495878839,0.107035052845596,0.948737041164726,0.807130643321974,HUMANGEM_SUBSYSTEM,13
REACTOME|R-HSA-1855183_SYNTHESIS_OF_IP2_IP_AND_INS_IN_THE_CYTOSOL,OS,ssGSEA,1057,140,1.00805745960325,0.848225618440312,1.19800654421435,0.09111389068759,0.927402095381527,1.12042270933878,0.181238294524658,0.0421389197056994,0.951304211241876,0.44916078228423,REACTOME_METABOLISM,14
KEGG|hsa00140_STEROID_HORMONE_BIOSYNTHESIS,OS,ssGSEA,1057,140,0.992376724167639,0.827277558015212,1.19042460795435,-0.0824283059357497,0.934306127751367,0.999799393713465,0.998205998565173,0.255543288532961,0.955922464897285,0.99923947345866,KEGG_METABOLISM,61
REACTOME|R-HSA-196780_BIOTIN_TRANSPORT_AND_METABOLISM,OS,ssGSEA,1057,140,1.0051185725963,0.841944700808495,1.19991650758998,0.0564889288347746,0.954952314953132,1.05752785148891,0.538590920775179,0.199907092022583,0.974541080388068,0.745140682876967,REACTOME_METABOLISM,11
KEGG|hsa00520_AMINO_SUGAR_AND_NUCLEOTIDE_SUGAR_METABOLISM,OS,ssGSEA,1057,140,1.00465033153781,0.845728067975491,1.19343595994768,0.0528088442232258,0.957884214664349,1.08926218025546,0.331270647455059,0.0317862360453701,0.975033036921767,0.615034890576978,KEGG_METABOLISM,37
HUMANGEM|GLYCINE_SERINE_AND_THREONINE_METABOLISM,OS,ssGSEA,1057,140,0.995779443026359,0.83422532258126,1.18861975573428,-0.0468291280815595,0.96264941364189,1.08087230708014,0.377091566086067,0.105060476596612,0.977383843442531,0.636316367474854,HUMANGEM_SUBSYSTEM,56
REACTOME|R-HSA-1971475_GLYCOSAMINOGLYCAN_PROTEIN_LINKAGE_REGION_BIOSYNTHESIS,OS,ssGSEA,1057,140,0.996572496656461,0.83295061270385,1.19233568706816,-0.0375218187456728,0.970068943551279,0.939948195317211,0.464915427096648,0.35839205041691,0.982410787616817,0.71719511621886,REACTOME_METABOLISM,28
REACTOME|R-HSA-71288_CREATINE_METABOLISM,OS,ssGSEA,1057,140,0.9971260777471,0.83405220437092,1.19208415218233,-0.0315878527808611,0.974800730633666,1.06422398406443,0.46890204813709,0.0387772706872189,0.983229455380885,0.720552182079389,REACTOME_METABOLISM,11
REACTOME|R-HSA-1483166_SYNTHESIS_OF_PA,OS,ssGSEA,1057,140,0.997428888915354,0.844476444886373,1.17808423724214,-0.0303120605329529,0.975818178079018,0.984323529837304,0.851042394843891,0.922614625277032,0.983229455380885,0.938268346669996,REACTOME_METABOLISM,34
HALLMARK|HALLMARK_HEME_METABOLISM,OS,ssGSEA,1057,140,0.998790357140379,0.835137560431648,1.19451240703507,-0.0132570868243742,0.989422684930322,1.08311003006245,0.377313222924788,0.534377779071646,0.992234090244478,0.636316367474854,HALLMARK_METABOLIC,190
HUMANGEM|DRUG_METABOLISM,OS,ssGSEA,1057,140,0.998860965882983,0.833379910473558,1.19720096036121,-0.0123327379972996,0.990160148194543,1.05182630742398,0.56523824762558,0.75613716383088,0.992234090244478,0.761391142625915,HUMANGEM_SUBSYSTEM,51
HALLMARK|HALLMARK_REACTIVE_OXYGEN_SPECIES_PATHWAY,OS,ssGSEA,1057,140,1.00084459396179,0.844373189566321,1.18631182709273,0.00973327816664369,0.992234090244478,1.00905075463543,0.915666918793611,0.0615373642639154,0.992234090244478,0.969841867891428,HALLMARK_METABOLIC,45
HUMANGEM|BLOOD_GROUP_BIOSYNTHESIS,PFI,ssGSEA,1057,136,1.36817766824677,1.15686452188429,1.61808932375262,3.66235676194174,0.000249905492379822,1.21378878234154,0.0161345499902615,0.0355022116671114,0.0355871336307857,0.160538772403102,HUMANGEM_SUBSYSTEM,16
HUMANGEM|GLYCOSPHINGOLIPID_BIOSYNTHESIS_LACTO_AND_NEOLACTO_SERIES,PFI,ssGSEA,1057,136,1.36735381884047,1.15642786760807,1.61675147950625,3.66022463560292,0.000251994232870932,1.21270194864012,0.0166991613897859,0.00407483385293423,0.0355871336307857,0.161725528699666,HUMANGEM_SUBSYSTEM,26
HUMANGEM|HISTIDINE_METABOLISM,PFI,ssGSEA,1057,136,0.726512251059176,0.611805423315616,0.862725354866265,-3.6441808835867,0.000268244725860194,0.719791557599357,0.000156582126511453,0.25235333737198,0.0355871336307857,0.0623196863515582,HUMANGEM_SUBSYSTEM,40
HUMANGEM|KERATAN_SULFATE_BIOSYNTHESIS,PFI,ssGSEA,1057,136,1.32937260509348,1.13152669763627,1.56181160096772,3.46300276251914,0.000534182910918464,1.25774415600041,0.00433582251603891,0.0100085874516763,0.0366484082775002,0.119299845018547,HUMANGEM_SUBSYSTEM,20
HUMANGEM|SEROTONIN_AND_MELATONIN_BIOSYNTHESIS,PFI,ssGSEA,1057,136,0.723909112882439,0.602922764811555,0.869173357350393,-3.46274359317748,0.000534697670680844,0.75004542317315,0.00136061170401357,0.0839057091086589,0.0366484082775002,0.107758375885929,HUMANGEM_SUBSYSTEM,41
REACTOME|R-HSA-1483213_SYNTHESIS_OF_PE,PFI,ssGSEA,1057,136,0.719039506229517,0.596299185309966,0.867044303020528,-3.45392618859361,0.000552488566997491,0.774511302707667,0.00456355430394887,0.948993448035248,0.0366484082775002,0.119299845018547,REACTOME_METABOLISM,11
HALLMARK|HALLMARK_BILE_ACID_METABOLISM,PFI,ssGSEA,1057,136,0.752570925096249,0.636665767767959,0.889576644407623,-3.33123021532229,0.000864630643160959,0.793790471158391,0.00508916233718947,0.00497742821701443,0.0403444298675039,0.119299845018547,HALLMARK_METABOLIC,111
KEGG|hsa00601_GLYCOSPHINGOLIPID_BIOSYNTHESIS_LACTO_AND_NEOLACTO_SERIES,PFI,ssGSEA,1057,136,1.33068632032453,1.12443404784886,1.57477095832024,3.32489320306072,0.000884524098912749,1.18589329276883,0.0349236570489593,0.00275690061257364,0.0403444298675039,0.189508752781364,KEGG_METABOLISM,28
KEGG|hsa00340_HISTIDINE_METABOLISM,PFI,ssGSEA,1057,136,0.749449497024057,0.631972996960583,0.888763525167902,-3.31566968293483,0.000914238202041243,0.763608833446174,0.0016244981289336,0.0840874315678918,0.0403444298675039,0.107758375885929,KEGG_METABOLISM,20
HUMANGEM|BETA_OXIDATION_OF_EVEN_CHAIN_FATTY_ACIDS_MITOCHONDRIAL_,PFI,ssGSEA,1057,136,0.743284646220296,0.622758294589545,0.887137224998282,-3.28670235623838,0.00101367914239959,0.801913153219348,0.010959211587039,0.130947725789987,0.0403444298675039,0.132445296487719,HUMANGEM_SUBSYSTEM,15
REACTOME|R-HSA-8978868_FATTY_ACID_METABOLISM,PFI,ssGSEA,1057,136,0.75433366087618,0.635122286965236,0.895920807077591,-3.21226046180616,0.00131694919710378,0.790927076384977,0.00637750128038992,0.308948330023602,0.0476496164043005,0.119299845018547,REACTOME_METABOLISM,165
REACTOME|R-HSA-2142753_ARACHIDONATE_METABOLISM,PFI,ssGSEA,1057,136,0.752949621318693,0.630389678244005,0.899337587225723,-3.13049164937013,0.00174513960860056,0.785635825465451,0.00595143966799004,0.9183758854742,0.0553221189791815,0.119299845018547,REACTOME_METABOLISM,58
REACTOME|R-HSA-71387_METABOLISM_OF_CARBOHYDRATES_AND_CARBOHYDRATE_DERIVATIVES,PFI,ssGSEA,1057,136,1.31630313994131,1.10659939254213,1.56574634677778,3.10404136540708,0.00190896639287382,1.29036335256559,0.00224962142453049,0.220617191602332,0.0553221189791815,0.119299845018547,REACTOME_METABOLISM,286
KEGG|hsa00410_BETA_ALANINE_METABOLISM,PFI,ssGSEA,1057,136,0.773092679373214,0.655702344219215,0.911499396288023,-3.06279871728671,0.00219277498659966,0.805396105303753,0.0102015887478825,0.042515738518925,0.0553221189791815,0.132033796989381,KEGG_METABOLISM,31
HALLMARK|HALLMARK_GLYCOLYSIS,PFI,ssGSEA,1057,136,1.30584958045167,1.09864792510407,1.55212883745651,3.02727727134106,0.00246767493180914,1.30704417964741,0.00154698969166765,0.131077353588145,0.0553221189791815,0.107758375885929,HALLMARK_METABOLIC,195
KEGG|hsa00533_GLYCOSAMINOGLYCAN_BIOSYNTHESIS_KERATAN_SULFATE,PFI,ssGSEA,1057,136,1.28454969052108,1.09109476594628,1.5123048509785,3.0068625033092,0.00263959124949497,1.23255283749094,0.0113144223130212,0.0589665176361463,0.0553221189791815,0.132445296487719,KEGG_METABOLISM,14
REACTOME|R-HSA-156581_METHYLATION,PFI,ssGSEA,1057,136,0.765545806992105,0.642966463667873,0.911494480225216,-3.0008959856104,0.00269186498348823,0.750205852309405,0.000654031909832569,0.181264742692736,0.0553221189791815,0.107337413611763,REACTOME_METABOLISM,13
REACTOME|R-HSA-196757_METABOLISM_OF_FOLATE_AND_PTERINES,PFI,ssGSEA,1057,136,1.30074269909156,1.09392985600935,1.54665453177422,2.97618908625506,0.00291854851935433,1.26440643558078,0.00602365050019287,0.00018850060654088,0.0553221189791815,0.119299845018547,REACTOME_METABOLISM,16
REACTOME|R-HSA-211935_FATTY_ACIDS,PFI,ssGSEA,1057,136,0.765221085592856,0.641576467546092,0.912694494664959,-2.97598741788361,0.00292046843767037,0.77388157248505,0.00328906151537822,0.00235384194852919,0.0553221189791815,0.119299845018547,REACTOME_METABOLISM,16
HUMANGEM|BETA_OXIDATION_OF_ODD_CHAIN_FATTY_ACIDS_MITOCHONDRIAL_,PFI,ssGSEA,1057,136,0.767299410243404,0.643541443294637,0.91485698566009,-2.95161347068718,0.00316118373248274,0.819120740698072,0.0224790997610966,0.0938317140541944,0.0553221189791815,0.172051571248393,HUMANGEM_SUBSYSTEM,11
REACTOME|R-HSA-211897_CYTOCHROME_P450_ARRANGED_BY_SUBSTRATE_TYPE,PFI,ssGSEA,1057,136,0.77353771921255,0.65218306334944,0.917473385419626,-2.94927042613575,0.0031852512477591,0.755473590010769,0.00080907598199821,0.0130260526743747,0.0553221189791815,0.107337413611763,REACTOME_METABOLISM,65
HUMANGEM|BETA_ALANINE_METABOLISM,PFI,ssGSEA,1057,136,0.773710329955165,0.652322771305233,0.917686306552715,-2.9465536368974,0.00321336684191472,0.792495909960457,0.00659446379499506,0.00981949589193329,0.0553221189791815,0.119299845018547,HUMANGEM_SUBSYSTEM,17
REACTOME|R-HSA-1483191_SYNTHESIS_OF_PC,PFI,ssGSEA,1057,136,0.77035071791541,0.647233522620184,0.916887348773861,-2.93663798859368,0.00331791172275641,0.833981411046722,0.0376565301563806,0.0403123783638214,0.0553221189791815,0.189508752781364,REACTOME_METABOLISM,28
REACTOME|R-HSA-211859_BIOLOGICAL_OXIDATIONS,PFI,ssGSEA,1057,136,0.773800076396405,0.652008930191154,0.918341038757763,-2.93495067112343,0.00333600717462401,0.815504137574198,0.0155373979518383,0.224363308860863,0.0553221189791815,0.159876660091206,REACTOME_METABOLISM,206
HUMANGEM|ARACHIDONIC_ACID_METABOLISM,PFI,ssGSEA,1057,136,0.775444251360011,0.653759905912593,0.919777706661139,-2.92019628021687,0.00349810987606337,0.819315637635186,0.0178751116624128,0.233144893345567,0.0556899092269288,0.161725528699666,HUMANGEM_SUBSYSTEM,104
KEGG|hsa01040_BIOSYNTHESIS_OF_UNSATURATED_FATTY_ACIDS,PFI,ssGSEA,1057,136,0.77866972751015,0.657728563511643,0.921849191562437,-2.90488965423457,0.00367382595619807,0.782297148556622,0.00486249197096014,0.0237623389597667,0.0562377973294935,0.119299845018547,KEGG_METABOLISM,23
REACTOME|R-HSA-211958_MISCELLANEOUS_SUBSTRATES,PFI,ssGSEA,1057,136,0.773813834792638,0.650243603902212,0.920866960202407,-2.8887152030749,0.00386819239708154,0.780766630590675,0.0042344592963779,0.000590385171645505,0.0570200212606834,0.119299845018547,REACTOME_METABOLISM,12
REACTOME|R-HSA-211979_EICOSANOIDS,PFI,ssGSEA,1057,136,0.773567275852976,0.649108540827923,0.921889472456085,-2.8687522573672,0.00412094440920718,0.773908573314572,0.00357069330736432,0.00193434482054202,0.0579214478327818,0.119299845018547,REACTOME_METABOLISM,12
HUMANGEM|NUCLEOTIDE_METABOLISM,PFI,ssGSEA,1057,136,1.2729170550184,1.07896952037553,1.50172715573353,2.86120001363087,0.00422040700289114,1.24637210558611,0.00779159564114836,0.0132356734717779,0.0579214478327818,0.123671212927425,HUMANGEM_SUBSYSTEM,138
CURATED|CURATED_GLUTAMINOLYSIS,PFI,ssGSEA,1057,136,1.27995140765007,1.07882504444954,1.51857394706786,2.82990647635206,0.00465616125775266,1.22122394739881,0.0191252356327332,0.0352682567970444,0.0617717393528519,0.161725528699666,CURATED_SIGNATURE,18
REACTOME|R-HSA-71384_ETHANOL_OXIDATION,PFI,ssGSEA,1057,136,0.771532062950302,0.644041747925675,0.924259531431872,-2.81471591953104,0.00488203690610169,0.824932435022005,0.0283724786030625,0.101079056322476,0.0626790544718862,0.18613238910324,REACTOME_METABOLISM,12
KEGG|hsa00360_PHENYLALANINE_METABOLISM,PFI,ssGSEA,1057,136,0.771038491354664,0.642597176033339,0.92515245526014,-2.7967983933589,0.0051611727585482,0.784095653202311,0.00657213139388146,0.188623433555661,0.0641920861844432,0.119299845018547,KEGG_METABOLISM,16
REACTOME|R-HSA-9033658_BLOOD_GROUP_SYSTEMS_BIOSYNTHESIS,PFI,ssGSEA,1057,136,1.27117625109785,1.073223681333,1.50564051973598,2.77823377509492,0.00546552804066016,1.21237516450042,0.0185539606102113,0.0012949883778628,0.0659175806115982,0.161725528699666,REACTOME_METABOLISM,20
HUMANGEM|PYRUVATE_METABOLISM,PFI,ssGSEA,1057,136,0.772108200029312,0.642920967077503,0.92725405311076,-2.76847590074093,0.00563191506225067,0.816522570172886,0.0297468051466957,0.647477702429777,0.0659265351404637,0.18613238910324,HUMANGEM_SUBSYSTEM,44
CURATED|CURATED_ANTIFOLATE_DETERMINANTS,PFI,ssGSEA,1057,136,1.27004060965983,1.06991684507918,1.50759674231109,2.73249787733767,0.00628560764968809,1.22996972712679,0.0155527042284336,0.590699625103951,0.0688962617821503,0.159876660091206,CURATED_SIGNATURE,10
REACTOME|R-HSA-9037629_LEWIS_BLOOD_GROUP_BIOSYNTHESIS,PFI,ssGSEA,1057,136,1.26988286593079,1.069419031471,1.50792387803912,2.72565466497768,0.00641741022023882,1.21406550710353,0.0194248901729707,0.00357956934625371,0.0688962617821503,0.161725528699666,REACTOME_METABOLISM,16
REACTOME|R-HSA-211945_PHASE_I_FUNCTIONALIZATION_OF_COMPOUNDS,PFI,ssGSEA,1057,136,0.78358120868059,0.65753579680105,0.933788720833872,-2.72561406021767,0.00641819964765173,0.802032244252213,0.010284039463997,0.027337618205633,0.0688962617821503,0.132033796989381,REACTOME_METABOLISM,101
HUMANGEM|PHENYLALANINE_TYROSINE_AND_TRYPTOPHAN_BIOSYNTHESIS,PFI,ssGSEA,1057,136,0.772443521182382,0.640934310384699,0.930936265619025,-2.71156673966505,0.00669660586423631,0.813495354723775,0.0259409916047251,0.445589990404599,0.0688962617821503,0.177827312392538,HUMANGEM_SUBSYSTEM,115
KEGG|hsa00600_SPHINGOLIPID_METABOLISM,PFI,ssGSEA,1057,136,0.791008280239202,0.66725215681994,0.937717612467492,-2.70080340652711,0.00691722126171654,0.850856523052953,0.0574026074126331,0.126851313818223,0.0688962617821503,0.237981643231541,KEGG_METABOLISM,45
KEGG|hsa00350_TYROSINE_METABOLISM,PFI,ssGSEA,1057,136,0.786107049589051,0.660013174610444,0.936290845676438,-2.69798960851954,0.0069759618195717,0.828415458877802,0.0286775017903308,0.123089904086275,0.0688962617821503,0.18613238910324,KEGG_METABOLISM,36
REACTOME|R-HSA-2022870_CS_GAG_BIOSYNTHESIS,PFI,ssGSEA,1057,136,1.28345106265307,1.07023027654967,1.53915158851221,2.69224147887446,0.00709735360067378,1.21594721686879,0.0262109129709341,0.689970962956018,0.0688962617821503,0.177827312392538,REACTOME_METABOLISM,21
HUMANGEM|OMEGA_3_FATTY_ACID_METABOLISM,PFI,ssGSEA,1057,136,0.801976027086314,0.681456601967881,0.943809989020347,-2.65604112370416,0.00790639721228153,0.812440286834731,0.0110865724199308,0.186239084489781,0.0749225259640011,0.132445296487719,HUMANGEM_SUBSYSTEM,45
KEGG|hsa00230_PURINE_METABOLISM,PFI,ssGSEA,1057,136,1.25794855174088,1.06042910301062,1.49225870389105,2.63327009015646,0.008456706826222,1.2842612085094,0.00484319609140913,0.217669811888,0.0782737050427059,0.119299845018547,KEGG_METABOLISM,112
KEGG|hsa00515_MANNOSE_TYPE_O_GLYCAN_BIOSYNTHESIS,PFI,ssGSEA,1057,136,1.25896163170959,1.05973557624921,1.49564138983304,2.62012351503497,0.00878979246868727,1.2945677158484,0.00280029622350266,0.361296502428664,0.0795076682394894,0.119299845018547,KEGG_METABOLISM,16
REACTOME|R-HSA-556833_METABOLISM_OF_LIPIDS,PFI,ssGSEA,1057,136,0.799144205209173,0.672336054787266,0.949869423441034,-2.54341508567525,0.0109774735218436,0.839010990283092,0.0389454331221695,0.157396293151247,0.0970896547043055,0.189508752781364,REACTOME_METABOLISM,708
CONTROL|CONTROL_PROLIFERATION,PFI,ssGSEA,1057,136,1.25618185584582,1.05209395697913,1.49985925162723,2.52140259127905,0.0116888033146067,1.21746356951893,0.0263613352541703,0.725190284551069,0.101133559113336,0.177827312392538,CONTEXT_CONTROL,10
REACTOME|R-HSA-1630316_GLYCOSAMINOGLYCAN_METABOLISM,PFI,ssGSEA,1057,136,1.24354656467798,1.04738726059281,1.47644344809689,2.48860850831669,0.0128244096214591,1.21006951372747,0.0229538085808901,0.953482203670634,0.108598192113632,0.172370109720646,REACTOME_METABOLISM,131
REACTOME|R-HSA-8963691_PHENYLALANINE_AND_TYROSINE_METABOLISM,PFI,ssGSEA,1057,136,0.801791624790014,0.672795835234292,0.955519900564694,-2.46841455598863,0.0135713047407965,0.815179218380893,0.0193106736013075,0.790801002563105,0.110184636594479,0.161725528699666,REACTOME_METABOLISM,10
REACTOME|R-HSA-9018677_BIOSYNTHESIS_OF_DHA_DERIVED_SPMS,PFI,ssGSEA,1057,136,0.790984561534008,0.65642280026765,0.953130476775093,-2.46455898504807,0.0137181982181781,0.816072924854933,0.0244465638014322,0.33025646128868,0.110184636594479,0.176126159315362,REACTOME_METABOLISM,17
HUMANGEM|OMEGA_6_FATTY_ACID_METABOLISM,PFI,ssGSEA,1057,136,0.811818298090113,0.687637152801849,0.958425452185887,-2.46133018151024,0.0138422910294571,0.806635005752484,0.0120150910710383,0.0455182050059205,0.110184636594479,0.136628749893521,HUMANGEM_SUBSYSTEM,32
HUMANGEM|PURINE_METABOLISM,PFI,ssGSEA,1057,136,1.2351617154511,1.04325260584146,1.46237301951004,2.45149382580457,0.0142264627116088,1.25436565503989,0.00935157613489779,0.0756234541822843,0.111022199200398,0.128342320747908,HUMANGEM_SUBSYSTEM,115
REACTOME|R-HSA-2142691_SYNTHESIS_OF_LEUKOTRIENES_LT_AND_EOXINS_EX_,PFI,ssGSEA,1057,136,0.809595570052577,0.68305256531422,0.959582059028264,-2.43577759585128,0.0148598178331925,0.840602007139723,0.0405372759587912,0.0451522351795034,0.113734759569435,0.194383564236131,REACTOME_METABOLISM,20
HUMANGEM|ESTROGEN_METABOLISM,PFI,ssGSEA,1057,136,0.806537030779755,0.677517287556721,0.960126027728207,-2.41752767810758,0.0156263455276792,0.829068534268706,0.0303137098177952,0.304227741119342,0.117345009811629,0.18613238910324,HUMANGEM_SUBSYSTEM,64
KEGG|hsa00062_FATTY_ACID_ELONGATION,PFI,ssGSEA,1057,136,0.804674593539775,0.674336239667749,0.960205255774821,-2.41041306666823,0.0159344682788985,0.811134831880804,0.0156663058883343,0.084600184371488,0.1174429328704,0.159876660091206,KEGG_METABOLISM,24
REACTOME|R-HSA-9018678_BIOSYNTHESIS_OF_SPECIALIZED_PRORESOLVING_MEDIATORS_SPMS_,PFI,ssGSEA,1057,136,0.80045318331552,0.666383144715874,0.961496856216456,-2.37981367059442,0.017321394115015,0.81778705501275,0.0247815701549253,0.54748591899966,0.125341620529555,0.176126159315362,REACTOME_METABOLISM,19
KEGG|hsa01250_BIOSYNTHESIS_OF_NUCLEOTIDE_SUGARS,PFI,ssGSEA,1057,136,1.2331611427988,1.03716221453338,1.46619919507288,2.3731728845351,0.0176360069086811,1.25732920045857,0.0083576598218504,0.000861731817091071,0.125341620529555,0.123671212927425,KEGG_METABOLISM,35
KEGG|hsa00280_VALINE_LEUCINE_AND_ISOLEUCINE_DEGRADATION,PFI,ssGSEA,1057,136,0.813610890569284,0.685679658695851,0.965410994562654,-2.36330859639009,0.0181125801821863,0.863226329756137,0.0924557023582052,0.035485585529402,0.126470296710704,0.309221592761056,KEGG_METABOLISM,47
KEGG|hsa01212_FATTY_ACID_METABOLISM,PFI,ssGSEA,1057,136,0.815605212551776,0.687446248037234,0.967656547171378,-2.33696525882687,0.0194409905797307,0.827692923334264,0.0308661750774217,0.00109533953544924,0.133405418116083,0.18613238910324,KEGG_METABOLISM,52
HUMANGEM|FATTY_ACID_OXIDATION,PFI,ssGSEA,1057,136,0.816480166272378,0.688145842464496,0.968747932166085,-2.32392379049499,0.0201295789333823,0.842993253026723,0.0449036291652237,0.28881655595287,0.135789362974342,0.20667740959546,HUMANGEM_SUBSYSTEM,67
HUMANGEM|LEUKOTRIENE_METABOLISM,PFI,ssGSEA,1057,136,0.820171424320789,0.692731419892992,0.971056236161919,-2.30089307263362,0.0213976757741073,0.83372226374375,0.0328521628984134,0.347076392310819,0.139181456692063,0.189508752781364,HUMANGEM_SUBSYSTEM,170
REACTOME|R-HSA-2022854_KERATAN_SULFATE_BIOSYNTHESIS,PFI,ssGSEA,1057,136,1.22466390194731,1.0301206517911,1.45594758257206,2.29623133192111,0.0216626579672081,1.17070595104106,0.0623371536523941,0.473641181566818,0.139181456692063,0.250843565343462,REACTOME_METABOLISM,28
REACTOME|R-HSA-74259_PURINE_CATABOLISM,PFI,ssGSEA,1057,136,1.22118538219192,1.02966643678244,1.44832703524775,2.29590115932072,0.0216815334545424,1.17673897330043,0.0508950224757566,0.00429108206487796,0.139181456692063,0.220176292884252,REACTOME_METABOLISM,15
KEGG|hsa00982_DRUG_METABOLISM_CYTOCHROME_P450,PFI,ssGSEA,1057,136,0.81494538130356,0.683399596282256,0.971812067377496,-2.27834547393706,0.0227060023183435,0.8465897797326,0.0602886084809929,0.278279351979366,0.143444268614297,0.247369754385929,KEGG_METABOLISM,66
HUMANGEM|TRYPTOPHAN_METABOLISM,PFI,ssGSEA,1057,136,0.818264827968754,0.687612013699441,0.973742918027899,-2.25978848387181,0.0238343814834492,0.837191456391581,0.0375446748130164,0.354616556867916,0.143445768961425,0.189508752781364,HUMANGEM_SUBSYSTEM,20
KEGG|hsa00071_FATTY_ACID_DEGRADATION,PFI,ssGSEA,1057,136,0.822176232104901,0.693610328582355,0.974572795102129,-2.25687463077058,0.02401590967383,0.855625251332468,0.0686348568003105,0.00926266741615063,0.143445768961425,0.261413554002567,KEGG_METABOLISM,41
HUMANGEM|PROSTAGLANDIN_BIOSYNTHESIS,PFI,ssGSEA,1057,136,0.81588960541811,0.683607619418175,0.973768912634243,-2.25452093099794,0.0241634154141037,0.808366858122321,0.0194763854581365,0.764364567303017,0.143445768961425,0.161725528699666,HUMANGEM_SUBSYSTEM,39
HUMANGEM|GLYCEROPHOSPHOLIPID_METABOLISM,PFI,ssGSEA,1057,136,0.822082534867922,0.69329104715923,0.974799396161324,-2.25359671703703,0.0242215500602758,0.816073914467724,0.0202514906604662,0.358448291442888,0.143445768961425,0.164491699650317,HUMANGEM_SUBSYSTEM,91
HALLMARK|HALLMARK_XENOBIOTIC_METABOLISM,PFI,ssGSEA,1057,136,0.82034966521679,0.690321593356256,0.974869654517668,-2.24906560665571,0.0245083223351179,0.842555383385992,0.0417112912851332,0.80351797469146,0.143445768961425,0.197632070612893,HALLMARK_METABOLIC,196
CURATED|CURATED_GLYCOLYSIS_CORE,PFI,ssGSEA,1057,136,1.22798462882709,1.02549597675378,1.47045554816219,2.23384162339064,0.0254934957321511,1.17661208657709,0.0641934183942258,0.016159507513897,0.146250825485293,0.254021872320867,CURATED_SIGNATURE,29
KEGG|hsa01524_PLATINUM_DRUG_RESISTANCE,PFI,ssGSEA,1057,136,0.821240773342681,0.690539268992466,0.976680745158091,-2.22679446058963,0.0259610137843357,0.789252366520514,0.00564709987069565,0.00568976610484246,0.146250825485293,0.119299845018547,KEGG_METABOLISM,72
REACTOME|R-HSA-193368_SYNTHESIS_OF_BILE_ACIDS_AND_BILE_SALTS_VIA_7ALPHA_HYDROXYCHOLESTEROL,PFI,ssGSEA,1057,136,0.814345053221769,0.679308500865839,0.976224888782507,-2.22012034410969,0.0264105995638302,0.834402515198966,0.0372880779217244,0.0975863002226322,0.146250825485293,0.189508752781364,REACTOME_METABOLISM,23
REACTOME|R-HSA-196849_METABOLISM_OF_WATER_SOLUBLE_VITAMINS_AND_COFACTORS,PFI,ssGSEA,1057,136,0.823003825259617,0.692736619447335,0.97776741892516,-2.2157443659411,0.026709014572403,0.820724687830584,0.0221487047953466,0.921583974297513,0.146250825485293,0.172051571248393,REACTOME_METABOLISM,112
HUMANGEM|CHONDROITIN_HEPARAN_SULFATE_BIOSYNTHESIS,PFI,ssGSEA,1057,136,1.21610301446433,1.02270433493063,1.44607438462609,2.21405638894027,0.0268249001518252,1.20157420823175,0.0292189092757377,0.709079046551635,0.146250825485293,0.18613238910324,HUMANGEM_SUBSYSTEM,43
REACTOME|R-HSA-164378_PKA_ACTIVATION_IN_GLUCAGON_SIGNALLING,PFI,ssGSEA,1057,136,0.82876734656707,0.700269902535756,0.980843689338413,-2.18502424933896,0.0288870686442635,0.836985640569663,0.0355290641965354,0.0127825540937662,0.153557213436698,0.189508752781364,REACTOME_METABOLISM,17
KEGG|hsa00010_GLYCOLYSIS_GLUCONEOGENESIS,PFI,ssGSEA,1057,136,0.824197836927994,0.692860644750298,0.98043102829372,-2.18315392746821,0.0290244763474651,0.855085537678084,0.0743126341713594,0.423678564547841,0.153557213436698,0.268876621820009,KEGG_METABOLISM,64
REACTOME|R-HSA-194002_GLUCOCORTICOID_BIOSYNTHESIS,PFI,ssGSEA,1057,136,0.812894526724472,0.674706645286077,0.979384916682455,-2.17912366116921,0.0293224829678116,0.80258593833641,0.0195045863758391,0.241109586880696,0.153557213436698,0.161725528699666,REACTOME_METABOLISM,10
REACTOME|R-HSA-8956320_NUCLEOTIDE_BIOSYNTHESIS,PFI,ssGSEA,1057,136,1.20111724439031,1.01691781196457,1.41868164545635,2.15751540568697,0.0309655280853116,1.19061697361219,0.0373821398808049,0.0676885052850111,0.159084123763693,0.189508752781364,REACTOME_METABOLISM,12
KEGG|hsa00511_OTHER_GLYCAN_DEGRADATION,PFI,ssGSEA,1057,136,0.82648436745024,0.694746007027897,0.983203073828094,-2.15121528414638,0.0314592112053784,0.898665257129627,0.223599940806727,0.150373461043093,0.159084123763693,0.505068755963792,KEGG_METABOLISM,16
REACTOME|R-HSA-1793185_CHONDROITIN_SULFATE_DERMATAN_SULFATE_METABOLISM,PFI,ssGSEA,1057,136,1.216253539472,1.01742834364637,1.45393302783035,2.1497246752381,0.0315769994405321,1.1696310202806,0.0741380647236426,0.439698007748631,0.159084123763693,0.268876621820009,REACTOME_METABOLISM,37
HUMANGEM|XENOBIOTICS_METABOLISM,PFI,ssGSEA,1057,136,0.823733577429797,0.689253283970197,0.984452337574399,-2.13231308873077,0.0329811167662053,0.85649704192242,0.0769925767010093,0.848541466458441,0.164081055911871,0.273598620776801,HUMANGEM_SUBSYSTEM,98
KEGG|hsa00500_STARCH_AND_SUCROSE_METABOLISM,PFI,ssGSEA,1057,136,1.20637779083893,1.01379595930203,1.43554268576035,2.11441097229437,0.0344801813241133,1.14551843411051,0.112820704245513,0.971021955508044,0.16554892423833,0.343551312416962,KEGG_METABOLISM,32
REACTOME|R-HSA-1475029_REVERSIBLE_HYDRATION_OF_CARBON_DIOXIDE,PFI,ssGSEA,1057,136,1.19618442200106,1.01306479181023,1.41240440197435,2.11311549890071,0.0345908834279145,1.1731064863875,0.0571846614034693,0.0581660804161882,0.16554892423833,0.237981643231541,REACTOME_METABOLISM,12
HUMANGEM|HEPARAN_SULFATE_DEGRADATION,PFI,ssGSEA,1057,136,0.830642689847227,0.699103951215388,0.986930880589549,-2.10956085099865,0.0348961994315064,0.873571980316035,0.11658389649484,0.738172145885511,0.16554892423833,0.348875118834182,HUMANGEM_SUBSYSTEM,12
REACTOME|R-HSA-977347_SERINE_METABOLISM,PFI,ssGSEA,1057,136,1.20131715575392,1.01304714456903,1.42457625634258,2.10905338400223,0.0349399739598485,1.16400579601561,0.070279523312248,0.00312928678043258,0.16554892423833,0.261413554002567,REACTOME_METABOLISM,11
REACTOME|R-HSA-156580_PHASE_II_CONJUGATION_OF_COMPOUNDS,PFI,ssGSEA,1057,136,0.826958733577648,0.691789282803232,0.988539088476831,-2.08659088323827,0.0369251320952473,0.870034115458482,0.11346430464779,0.934208325852348,0.168062306341435,0.343551312416962,REACTOME_METABOLISM,99
REACTOME|R-HSA-390918_PEROXISOMAL_LIPID_METABOLISM,PFI,ssGSEA,1057,136,0.83446767118071,0.703827201128847,0.989356894886878,-2.08317720627813,0.0372350739792953,0.883078401551519,0.1398632970985,0.291787804811636,0.168062306341435,0.394183018801259,REACTOME_METABOLISM,27
KEGG|hsa00380_TRYPTOPHAN_METABOLISM,PFI,ssGSEA,1057,136,0.820318659530963,0.680173340917779,0.989340014806637,-2.07212313898855,0.0382539589405741,0.839548120533414,0.0523845408484601,0.975634016554096,0.168062306341435,0.224183303846098,KEGG_METABOLISM,39
HUMANGEM|FATTY_ACID_BIOSYNTHESIS_UNSATURATED_,PFI,ssGSEA,1057,136,0.831635616574581,0.698261752529266,0.990485009740522,-2.06720042792662,0.0387152719078049,0.799188945491979,0.00870048734162788,0.0294247620173218,0.168062306341435,0.123671212927425,HUMANGEM_SUBSYSTEM,11
HUMANGEM|FATTY_ACID_ELONGATION_EVEN_CHAIN_,PFI,ssGSEA,1057,136,0.831635616574581,0.698261752529266,0.990485009740522,-2.06720042792662,0.0387152719078049,0.799188945491979,0.00870048734162788,0.0294247620173218,0.168062306341435,0.123671212927425,HUMANGEM_SUBSYSTEM,11
HUMANGEM|FATTY_ACID_ELONGATION_ODD_CHAIN_,PFI,ssGSEA,1057,136,0.831635616574581,0.698261752529266,0.990485009740522,-2.06720042792662,0.0387152719078049,0.799188945491979,0.00870048734162788,0.0294247620173218,0.168062306341435,0.123671212927425,HUMANGEM_SUBSYSTEM,11
KEGG|hsa00590_ARACHIDONIC_ACID_METABOLISM,PFI,ssGSEA,1057,136,0.823293032929631,0.684598243320412,0.990086411532368,-2.06585204355739,0.0388424522307128,0.826443784033171,0.0382198227974985,0.436806439134147,0.168062306341435,0.189508752781364,KEGG_METABOLISM,56
HUMANGEM|VITAMIN_D_METABOLISM,PFI,ssGSEA,1057,136,0.825721726117541,0.688535441236758,0.990241501233172,-2.06578724148002,0.0388485733251559,0.79009349881348,0.00772033552447132,0.121424903718621,0.168062306341435,0.123671212927425,HUMANGEM_SUBSYSTEM,10
REACTOME|R-HSA-1638074_KERATAN_SULFATE_KERATIN_METABOLISM,PFI,ssGSEA,1057,136,1.19772373694366,1.00676071248426,1.42490875165207,2.03603656753139,0.04174668346242,1.15382407407782,0.0900902365480038,0.25116866315596,0.178622325212978,0.309102708156082,REACTOME_METABOLISM,36
REACTOME|R-HSA-1483257_PHOSPHOLIPID_METABOLISM,PFI,ssGSEA,1057,136,0.838082179353835,0.706772016191813,0.993788270134129,-2.03166893991384,0.0421871823367336,0.874182471135389,0.113278484654346,0.0899618497791205,0.178622325212978,0.343551312416962,REACTOME_METABOLISM,198
KEGG|hsa01230_BIOSYNTHESIS_OF_AMINO_ACIDS,PFI,ssGSEA,1057,136,1.19394810853239,1.00312238968727,1.42107493614262,1.99508710000341,0.0460333810575219,1.16929224738863,0.0651010828561015,2.12686689383536e-05,0.187117489496453,0.254021872320867,KEGG_METABOLISM,69
HUMANGEM|KERATAN_SULFATE_DEGRADATION,PFI,ssGSEA,1057,136,0.838434570805122,0.70515072247679,0.99691102499623,-1.99502534048271,0.0460401161539812,0.915654661512344,0.317672270447697,0.0586057892176488,0.187117489496453,0.566966653086024,HUMANGEM_SUBSYSTEM,12
CONTROL|CONTROL_IMMUNE_SMALL,PFI,ssGSEA,1057,136,0.836457905665155,0.701733355284125,0.997047985080387,-1.99299406144552,0.0462620973679303,0.805865720374009,0.0142864564921668,0.439622486045151,0.187117489496453,0.157944713441177,CONTEXT_CONTROL,9
KEGG|hsa00120_PRIMARY_BILE_ACID_BIOSYNTHESIS,PFI,ssGSEA,1057,136,0.841837643341064,0.710465544978766,0.997501740590696,-1.98889615065465,0.046712666748513,0.87904775716024,0.124732393185266,0.454625355544737,0.187117489496453,0.363429508000022,KEGG_METABOLISM,17
REACTOME|R-HSA-8963693_ASPARTATE_AND_ASPARAGINE_METABOLISM,PFI,ssGSEA,1057,136,1.19274259540132,1.00212507922758,1.41961809795363,1.98389407558156,0.0472676495170768,1.17073611665344,0.0650522528638644,0.226085545472284,0.187117489496453,0.254021872320867,REACTOME_METABOLISM,11
REACTOME|R-HSA-2046104_ALPHA_LINOLENIC_OMEGA3_AND_LINOLEIC_OMEGA6_ACID_METABOLISM,PFI,ssGSEA,1057,136,0.843471279315427,0.71278647093537,0.998116305569599,-1.98195221544659,0.0474845890430698,0.854880658588932,0.0698451940580006,0.0392913588142183,0.187117489496453,0.261413554002567,REACTOME_METABOLISM,13
REACTOME|R-HSA-2046106_ALPHA_LINOLENIC_ACID_ALA_METABOLISM,PFI,ssGSEA,1057,136,0.843471279315427,0.71278647093537,0.998116305569599,-1.98195221544659,0.0474845890430698,0.854880658588932,0.0698451940580006,0.0392913588142183,0.187117489496453,0.261413554002567,REACTOME_METABOLISM,13
KEGG|hsa01523_ANTIFOLATE_RESISTANCE,PFI,ssGSEA,1057,136,1.18551603012313,1.00071121755449,1.40444938861933,1.96822277740828,0.0490424106064303,1.14682469892265,0.10785459960013,0.0597649328863252,0.191361562954503,0.342804000427954,KEGG_METABOLISM,29
REACTOME|R-HSA-428157_SPHINGOLIPID_METABOLISM,PFI,ssGSEA,1057,136,0.849813148372351,0.721635951896861,1.0007572173313,-1.95092585155118,0.0510658669120502,0.893441433963565,0.170862149284202,0.995578300558719,0.196158647996905,0.434021824770804,REACTOME_METABOLISM,93
KEGG|hsa00563_GLYCOSYLPHOSPHATIDYLINOSITOL_GPI_ANCHOR_BIOSYNTHESIS,PFI,ssGSEA,1057,136,0.847907242166835,0.717742382727704,1.0016779120479,-1.94028356545378,0.0523452375532236,0.901933893829384,0.216123389495708,0.351168481790548,0.196158647996905,0.500099471042395,KEGG_METABOLISM,29
HUMANGEM|ASCORBATE_AND_ALDARATE_METABOLISM,PFI,ssGSEA,1057,136,0.837479156483776,0.700079556887721,1.00184519122769,-1.93983708709577,0.0523994918701735,0.890357804184085,0.179351068051828,0.376767780050314,0.196158647996905,0.443589676197896,HUMANGEM_SUBSYSTEM,10
REACTOME|R-HSA-2022928_HS_GAG_BIOSYNTHESIS,PFI,ssGSEA,1057,136,1.18689919526188,0.998190550764286,1.41128334528379,1.93949971218048,0.0524405195407192,1.191853101567,0.0384081649138153,0.188155439176976,0.196158647996905,0.189508752781364,REACTOME_METABOLISM,33
REACTOME|R-HSA-202131_METABOLISM_OF_NITRIC_OXIDE_NOS3_ACTIVATION_AND_REGULATION,PFI,ssGSEA,1057,136,0.848131720512481,0.717926532314673,1.00195129022502,-1.9370754676907,0.0527361189338412,0.906536893872404,0.233287003116717,0.103231127258378,0.196158647996905,0.505068755963792,REACTOME_METABOLISM,19
HALLMARK|HALLMARK_MTORC1_SIGNALING,PFI,ssGSEA,1057,136,1.18813675101213,0.996475704935132,1.41666167284788,1.92066426009624,0.0547740481291504,1.15333745316393,0.108525889582719,0.0943271556932368,0.201852510698165,0.342804000427954,HALLMARK_METABOLIC,191
REACTOME|R-HSA-9840310_GLYCOSPHINGOLIPID_CATABOLISM,PFI,ssGSEA,1057,136,0.852918209076453,0.724743470244994,1.00376133244535,-1.91481383531756,0.0555162494200738,0.908082567690696,0.24243734663516,0.856121534190612,0.202500790682088,0.505068755963792,REACTOME_METABOLISM,37
REACTOME|R-HSA-163359_GLUCAGON_SIGNALING_IN_METABOLIC_REGULATION,PFI,ssGSEA,1057,136,0.855764234460393,0.729306326184931,1.00414928362473,-1.90924505279707,0.056230486900467,0.847489442191368,0.0451782277256408,0.0323024856740285,0.202500790682088,0.20667740959546,REACTOME_METABOLISM,33
REACTOME|R-HSA-192105_SYNTHESIS_OF_BILE_ACIDS_AND_BILE_SALTS,PFI,ssGSEA,1057,136,0.836792402711073,0.696785447055327,1.00493132885333,-1.90734171870753,0.0564763511701301,0.830498191911841,0.0350554493661916,0.0485613295289394,0.202500790682088,0.189508752781364,REACTOME_METABOLISM,34
KEGG|hsa00640_PROPANOATE_METABOLISM,PFI,ssGSEA,1057,136,0.846169441417096,0.712069544933544,1.00552358780482,-1.89742790681774,0.0577714853583844,0.892600097971674,0.190396278040579,0.0262518150479426,0.203540118091519,0.456120426097441,KEGG_METABOLISM,31
REACTOME|R-HSA-389661_GLYOXYLATE_METABOLISM_AND_GLYCINE_DEGRADATION,PFI,ssGSEA,1057,136,0.828873802923676,0.682584933720028,1.00651471667986,-1.894455817216,0.0581645336108921,0.906663768144126,0.299505560864936,0.725517941684401,0.203540118091519,0.554433549880208,REACTOME_METABOLISM,17
HUMANGEM|VALINE_LEUCINE_AND_ISOLEUCINE_METABOLISM,PFI,ssGSEA,1057,136,0.841781603011488,0.704211084904273,1.00622708497256,-1.89181419420984,0.058515741423169,0.8713407961711,0.125100107025133,0.21544370218858,0.203540118091519,0.363429508000022,HUMANGEM_SUBSYSTEM,57
HUMANGEM|LINOLEATE_METABOLISM,PFI,ssGSEA,1057,136,0.847303618589589,0.713504960988281,1.00619261438717,-1.88959726555356,0.0588118431671476,0.913022085561204,0.28560353812002,0.320100579961073,0.203540118091519,0.538721365742976,HUMANGEM_SUBSYSTEM,58
REACTOME|R-HSA-15869_METABOLISM_OF_NUCLEOTIDES,PFI,ssGSEA,1057,136,1.1782591652083,0.993205723405324,1.39779164344465,1.88179224649458,0.059864228964007,1.21192230252224,0.0306513051853277,0.0021931646093638,0.205396233859265,0.18613238910324,REACTOME_METABOLISM,86
HUMANGEM|PROPANOATE_METABOLISM,PFI,ssGSEA,1057,136,0.842975310847167,0.70384884326773,1.00960224840148,-1.85615677968557,0.0634312145285339,0.90692882449255,0.271849356677456,0.0520341992911549,0.21577455882356,0.520173288257824,HUMANGEM_SUBSYSTEM,30
HUMANGEM|FOLATE_METABOLISM,PFI,ssGSEA,1057,136,1.17964115273268,0.987686019508595,1.4089024464605,1.82325936155676,0.0682641181458457,1.10899654467992,0.248646275921511,0.0291692130253794,0.226013206208969,0.505068755963792,HUMANGEM_SUBSYSTEM,17
HUMANGEM|TYROSINE_METABOLISM,PFI,ssGSEA,1057,136,0.845649630010933,0.706173709393959,1.01267335108149,-1.82305396197762,0.0682952183938409,0.899914716723609,0.229165840016421,0.410062177072804,0.226013206208969,0.505068755963792,HUMANGEM_SUBSYSTEM,47
HALLMARK|HALLMARK_MYC_TARGETS_V1,PFI,ssGSEA,1057,136,1.17677820690688,0.987643978157227,1.40213171838983,1.82092005664144,0.068619009905939,1.13478557149582,0.14162857208186,0.0733451704016561,0.226013206208969,0.394183018801259,HALLMARK_METABOLIC,187
HUMANGEM|PROTEIN_DEGRADATION,PFI,ssGSEA,1057,136,0.856535809694213,0.724986244717067,1.01195519037032,-1.82030508356058,0.0687125576665458,0.892581069256095,0.182227280742651,0.288061916085908,0.226013206208969,0.443589676197896,HUMANGEM_SUBSYSTEM,16
REACTOME|R-HSA-70895_BRANCHED_CHAIN_AMINO_ACID_CATABOLISM,PFI,ssGSEA,1057,136,0.850589396981975,0.713509821447278,1.01400471375519,-1.80488538529709,0.0710926192135664,0.922377267874281,0.359601975830377,0.145567491921343,0.231925102024585,0.60554708661359,REACTOME_METABOLISM,23
HALLMARK|HALLMARK_PEROXISOME,PFI,ssGSEA,1057,136,0.859956619146883,0.729331478203667,1.01397705832741,-1.79487252179985,0.0726740128318902,0.908604201161906,0.258148885940899,0.329889327140619,0.235156561846279,0.506124416770827,HALLMARK_METABOLIC,101
KEGG|hsa00220_ARGININE_BIOSYNTHESIS,PFI,ssGSEA,1057,136,1.17434573787361,0.98450149581336,1.40079818865339,1.78637810422529,0.0740380584000387,1.10989413754956,0.232529062973582,0.000234661619510251,0.236480674089446,0.505068755963792,KEGG_METABOLISM,22
REACTOME|R-HSA-211976_ENDOGENOUS_STEROLS,PFI,ssGSEA,1057,136,0.851358822225298,0.713462025739629,1.01590809045436,-1.78493680137046,0.0742715684954291,0.822057661658578,0.0246046403809539,0.130988311719896,0.236480674089446,0.176126159315362,REACTOME_METABOLISM,25
HUMANGEM|VITAMIN_E_METABOLISM,PFI,ssGSEA,1057,136,0.854757781575945,0.718760892222645,1.01648666903028,-1.77504701468291,0.0758901246102973,0.90427738799546,0.243293503579886,0.566287838172019,0.239303485870952,0.505068755963792,HUMANGEM_SUBSYSTEM,91
CURATED|CURATED_ONE_CARBON_FOLATE,PFI,ssGSEA,1057,136,1.16393791819834,0.984041904946641,1.37672132722167,1.77220423994882,0.076360660064349,1.11991325847427,0.173031298651298,0.0074853388403727,0.239303485870952,0.435863651033017,CURATED_SIGNATURE,34
KEGG|hsa00052_GALACTOSE_METABOLISM,PFI,ssGSEA,1057,136,1.17294010610572,0.981389312830708,1.40187841310701,1.75348995677854,0.0795179419496811,1.10795662613465,0.240697545436995,0.000772209416136982,0.246266126468115,0.505068755963792,KEGG_METABOLISM,30
REACTOME|R-HSA-73614_PYRIMIDINE_SALVAGE,PFI,ssGSEA,1057,136,1.16573193916882,0.981933102451239,1.38393435418965,1.7517318622546,0.0798199254130323,1.17035258656413,0.0685087569501928,0.00311013175551126,0.246266126468115,0.261413554002567,REACTOME_METABOLISM,10
KEGG|hsa00980_METABOLISM_OF_XENOBIOTICS_BY_CYTOCHROME_P450,PFI,ssGSEA,1057,136,0.853188857786654,0.713215636334839,1.02063273709488,-1.73662240939819,0.0824538413730709,0.882413033461957,0.155212304885165,0.711369983252348,0.252435606665248,0.414593941908025,KEGG_METABOLISM,72
REACTOME|R-HSA-8982491_GLYCOGEN_METABOLISM,PFI,ssGSEA,1057,136,1.15523460322581,0.980301660161112,1.36138399303634,1.72251849398133,0.0849756355595011,1.14537890324164,0.104550156372577,0.538309519645219,0.258170251547187,0.335572276099078,REACTOME_METABOLISM,28
REACTOME|R-HSA-1855167_SYNTHESIS_OF_PYROPHOSPHATES_IN_THE_CYTOSOL,PFI,ssGSEA,1057,136,0.858768807306422,0.720956298377902,1.02292450466385,-1.70602998547909,0.0880024968598426,0.906496335319446,0.254857328350989,0.0596219588062345,0.265340861744071,0.505068755963792,REACTOME_METABOLISM,10
REACTOME|R-HSA-2142845_HYALURONAN_METABOLISM,PFI,ssGSEA,1057,136,1.16044996076702,0.976950656200057,1.37841568854877,1.69446633965912,0.0901767027087834,1.15475315645284,0.0934381721863879,0.948486455415166,0.269852087805232,0.309903271084853,REACTOME_METABOLISM,18
HALLMARK|HALLMARK_MYC_TARGETS_V2,PFI,ssGSEA,1057,136,1.15592434337,0.975269011930829,1.37004362001623,1.67118310428394,0.0946855164558576,1.12252727372197,0.169774015598483,0.01163650961004,0.279174684743797,0.434021824770804,HALLMARK_METABOLIC,57
HALLMARK|HALLMARK_FATTY_ACID_METABOLISM,PFI,ssGSEA,1057,136,0.863880544353942,0.72765090252741,1.02561488252281,-1.67113542925788,0.0946949307548055,0.907363450342548,0.257085370470203,0.172061563265886,0.279174684743797,0.506124416770827,HALLMARK_METABOLIC,153
KEGG|hsa01210_2_OXOCARBOXYLIC_ACID_METABOLISM,PFI,ssGSEA,1057,136,1.15441875774369,0.974700542509963,1.36727395759796,1.66320057758412,0.0962722920757103,1.1465496613599,0.112310502947788,0.0105576279357856,0.280635583506569,0.343551312416962,KEGG_METABOLISM,32
HUMANGEM|EICOSANOID_METABOLISM,PFI,ssGSEA,1057,136,0.863640443803764,0.726491452374793,1.02668078713853,-1.66156168641207,0.096600690805025,0.841294952783894,0.0466522149027608,0.905749972494642,0.280635583506569,0.21099524467385,HUMANGEM_SUBSYSTEM,41
REACTOME|R-HSA-189451_HEME_BIOSYNTHESIS,PFI,ssGSEA,1057,136,0.8581465677555,0.715582367167295,1.02911358012596,-1.65039903042242,0.0988613492986849,0.9617580470414,0.652275293888843,0.648872690855538,0.283420656279149,0.830089642311379,REACTOME_METABOLISM,14
REACTOME|R-HSA-194068_BILE_ACID_AND_BILE_SALT_METABOLISM,PFI,ssGSEA,1057,136,0.860582926362805,0.719858121775732,1.0288179722419,-1.64813865310349,0.0993242220545393,0.849303923782985,0.0623957612286502,0.0632829594283823,0.283420656279149,0.250843565343462,REACTOME_METABOLISM,43
KEGG|hsa00541_BIOSYNTHESIS_OF_VARIOUS_NUCLEOTIDE_SUGARS,PFI,ssGSEA,1057,136,1.15561823296918,0.972454985030041,1.37328053321621,1.64275662245689,0.10043329833644,1.19728655076806,0.0354183673695408,0.00126035465039569,0.283420656279149,0.189508752781364,KEGG_METABOLISM,18
REACTOME|R-HSA-1483206_GLYCEROPHOSPHOLIPID_BIOSYNTHESIS,PFI,ssGSEA,1057,136,0.869818553937492,0.736242296666503,1.02762951843369,-1.6395974248538,0.101088898890092,0.904369271633693,0.235968751932696,0.563729966115903,0.283420656279149,0.505068755963792,REACTOME_METABOLISM,116
KEGG|hsa00650_BUTANOATE_METABOLISM,PFI,ssGSEA,1057,136,0.861601397327562,0.721047088775748,1.02955407411358,-1.6394482850211,0.10111993264231,0.899310745509485,0.235312949262116,0.0143088013526969,0.283420656279149,0.505068755963792,KEGG_METABOLISM,26
KEGG|hsa00053_ASCORBATE_AND_ALDARATE_METABOLISM,PFI,ssGSEA,1057,136,0.858378151001779,0.714368515688409,1.03141870608224,-1.62983685390495,0.103135982437146,0.93545658131597,0.449933292329176,0.807183931089588,0.285035874029585,0.675748869234008,KEGG_METABOLISM,29
KEGG|hsa00630_GLYOXYLATE_AND_DICARBOXYLATE_METABOLISM,PFI,ssGSEA,1057,136,0.86716120127994,0.730478740710524,1.02941880043469,-1.62868358890798,0.103380018650815,0.922104130622073,0.359481917595623,0.172328790685691,0.285035874029585,0.60554708661359,KEGG_METABOLISM,29
KEGG|hsa00770_PANTOTHENATE_AND_COA_BIOSYNTHESIS,PFI,ssGSEA,1057,136,0.874539430439709,0.743968213433132,1.02802673768071,-1.62495351932169,0.104172463146409,0.871041291752751,0.0969475095606925,0.384548630539828,0.285035874029585,0.318885196736823,KEGG_METABOLISM,21
HUMANGEM|INOSITOL_PHOSPHATE_METABOLISM,PFI,ssGSEA,1057,136,0.870717893207565,0.736354850642437,1.02959822820528,-1.61889884056004,0.105469030394639,0.874502767744416,0.11374166586889,0.23484325817963,0.285035874029585,0.343551312416962,HUMANGEM_SUBSYSTEM,95
REACTOME|R-HSA-77289_MITOCHONDRIAL_FATTY_ACID_BETA_OXIDATION,PFI,ssGSEA,1057,136,0.863090663917957,0.72209633104635,1.03161512129955,-1.61796213848197,0.105670757407224,0.884017892872845,0.171209614294011,0.312961615975897,0.285035874029585,0.434021824770804,REACTOME_METABOLISM,34
REACTOME|R-HSA-70263_GLUCONEOGENESIS,PFI,ssGSEA,1057,136,0.869124213100204,0.733191377997299,1.03025883891372,-1.61646766221204,0.105993239588891,0.952878298086065,0.574852949446631,0.411453479244013,0.285035874029585,0.784886580740752,REACTOME_METABOLISM,24
REACTOME|R-HSA-390247_BETA_OXIDATION_OF_VERY_LONG_CHAIN_FATTY_ACIDS,PFI,ssGSEA,1057,136,0.872824305846065,0.738602125686097,1.03143795879006,-1.59665405172692,0.11034284318901,0.880213262958753,0.127842515297934,0.398437334869266,0.292046523160569,0.36870522527955,REACTOME_METABOLISM,10
REACTOME|R-HSA-2022923_DS_GAG_BIOSYNTHESIS,PFI,ssGSEA,1057,136,1.16506538280205,0.96562546806496,1.40569754122556,1.59484981835235,0.110745823536544,1.12287166317291,0.20807414207431,0.0601009843929805,0.292046523160569,0.487138285562207,REACTOME_METABOLISM,12
REACTOME|R-HSA-8956321_NUCLEOTIDE_SALVAGE,PFI,ssGSEA,1057,136,1.14975898269069,0.968249253638224,1.36529484872896,1.59193142017036,0.111400114753121,1.15409980338408,0.102202794785535,0.000637829376813539,0.292046523160569,0.333415674792154,REACTOME_METABOLISM,21
REACTOME|R-HSA-400042_ADRENALINE_NORADRENALINE_INHIBITS_INSULIN_SECRETION,PFI,ssGSEA,1057,136,0.867350285720609,0.727897648459692,1.03351964349873,-1.59132988050518,0.111535355578911,0.910764347805304,0.287713142910665,0.198416111089004,0.292046523160569,0.540140711690776,REACTOME_METABOLISM,28
HUMANGEM|BETA_OXIDATION_OF_PHYTANIC_ACID_PEROXISOMAL_,PFI,ssGSEA,1057,136,0.869682493317431,0.731787167680387,1.03356231509264,-1.58521488732155,0.112917519170393,0.897594890069099,0.197591362990553,0.142805146558967,0.293733154443245,0.468103348037144,HUMANGEM_SUBSYSTEM,12
KEGG|hsa00520_AMINO_SUGAR_AND_NUCLEOTIDE_SUGAR_METABOLISM,PFI,ssGSEA,1057,136,1.14924857966052,0.965148186697019,1.36846581287349,1.56174398392015,0.118348312666683,1.20834198560838,0.0316049228244667,0.00031079266152271,0.305861223645064,0.187742675882653,KEGG_METABOLISM,37
HUMANGEM|AMINO_SUGAR_AND_NUCLEOTIDE_SUGAR_METABOLISM,PFI,ssGSEA,1057,136,1.14632807042346,0.964987776833709,1.36174579262802,1.55435194292812,0.12010048972671,1.18201367238977,0.048909921437295,0.000497351996926181,0.308387063943423,0.216290541467149,HUMANGEM_SUBSYSTEM,30
REACTOME|R-HSA-1638091_HEPARAN_SULFATE_HEPARIN_HS_GAG_METABOLISM,PFI,ssGSEA,1057,136,1.14853502602191,0.964090422327708,1.36826658106844,1.550548244943,0.12100998325006,1.16441251805862,0.07544511033256,0.18827485820697,0.30873059829182,0.270514900111341,REACTOME_METABOLISM,40
REACTOME|R-HSA-70221_GLYCOGEN_BREAKDOWN_GLYCOGENOLYSIS_,PFI,ssGSEA,1057,136,1.13090647502018,0.96732935090705,1.32214478351486,1.54329734939024,0.12275864645722,1.12976971304282,0.14104572300823,0.618986295930737,0.311197078280085,0.394183018801259,REACTOME_METABOLISM,17
CONTROL|CONTROL_IMMUNE_FULL,PFI,ssGSEA,1057,136,0.872146937871961,0.732638688920145,1.03822019331325,-1.53823719994672,0.123990628430612,0.843913052695772,0.050349012269758,0.138207989928627,0.312330823515086,0.220176292884252,CONTEXT_CONTROL,141
HUMANGEM|GALACTOSE_METABOLISM,PFI,ssGSEA,1057,136,1.14688830962886,0.961099461709183,1.36859175056051,1.51996303866615,0.128520265364007,1.10698451379893,0.254669355232321,0.00026147602158008,0.321704815187891,0.505068755963792,HUMANGEM_SUBSYSTEM,22
REACTOME|R-HSA-77286_MITOCHONDRIAL_FATTY_ACID_BETA_OXIDATION_OF_SATURATED_FATTY_ACIDS,PFI,ssGSEA,1057,136,0.868213765170077,0.722981051543763,1.04262088255459,-1.51310827290085,0.130252158549733,0.892489629745206,0.219674757746509,0.775895017490256,0.32400224439246,0.505068755963792,REACTOME_METABOLISM,10
REACTOME|R-HSA-1971475_GLYCOSAMINOGLYCAN_PROTEIN_LINKAGE_REGION_BIOSYNTHESIS,PFI,ssGSEA,1057,136,1.15153460650805,0.957926217446967,1.38427357539055,1.5023204311927,0.133014374587129,1.1330446018656,0.154992721269168,0.424712404410337,0.3288181433893,0.414593941908025,REACTOME_METABOLISM,28
REACTOME|R-HSA-1482801_ACYL_CHAIN_REMODELLING_OF_PS,PFI,ssGSEA,1057,136,0.877149796387155,0.737500879472854,1.04324182752428,-1.48152440539467,0.138466886400897,0.867597980914763,0.0916561714800302,0.666942910019645,0.340184078935538,0.309221592761056,REACTOME_METABOLISM,20
KEGG|hsa00130_UBIQUINONE_AND_OTHER_TERPENOID_QUINONE_BIOSYNTHESIS,PFI,ssGSEA,1057,136,0.87745611806239,0.737333418395115,1.04420770836747,-1.4726841107408,0.140836232972874,0.918899649790172,0.33112426845902,0.63712425942754,0.343882335725177,0.579097498596106,KEGG_METABOLISM,12
REACTOME|R-HSA-2024101_CS_DS_DEGRADATION,PFI,ssGSEA,1057,136,1.13966758973386,0.956791675759527,1.35749740303575,1.46503530350178,0.142911286124683,1.10567748133259,0.242879207501571,0.0572932590861253,0.346821291936729,0.505068755963792,REACTOME_METABOLISM,20
REACTOME|R-HSA-193775_SYNTHESIS_OF_BILE_ACIDS_AND_BILE_SALTS_VIA_24_HYDROXYCHOLESTEROL,PFI,ssGSEA,1057,136,0.872851007235775,0.726131461557318,1.04921618352487,-1.44832740542676,0.147525506673846,0.833129501601093,0.0483228615161446,0.308149559567946,0.354290672316857,0.216095493072197,REACTOME_METABOLISM,13
REACTOME|R-HSA-1482839_ACYL_CHAIN_REMODELLING_OF_PE,PFI,ssGSEA,1057,136,0.875830240751925,0.73171135663262,1.0483349802656,-1.44539857716102,0.148345962846014,0.815014586858439,0.0218816161267086,0.605153309405763,0.354290672316857,0.172051571248393,REACTOME_METABOLISM,23
KEGG|hsa01232_NUCLEOTIDE_METABOLISM,PFI,ssGSEA,1057,136,1.13276225821698,0.956397504662246,1.34164960425528,1.44369394426958,0.148825085622471,1.16718941899209,0.0828057829132665,0.00896569275522813,0.354290672316857,0.291652226544072,KEGG_METABOLISM,71
HUMANGEM|FATTY_ACID_BIOSYNTHESIS,PFI,ssGSEA,1057,136,0.891127011983369,0.76182455568609,1.04237563039858,-1.44112337271933,0.149549831530734,0.909257646948981,0.248448081251366,0.415387493729671,0.354290672316857,0.505068755963792,HUMANGEM_SUBSYSTEM,26
KEGG|hsa00532_GLYCOSAMINOGLYCAN_BIOSYNTHESIS_CHONDROITIN_SULFATE_DERMATAN_SULFATE,PFI,ssGSEA,1057,136,1.1374219996514,0.954242932194382,1.35576461888581,1.43722190773413,0.150654949957082,1.12979296034221,0.16370541938132,0.753453789135686,0.354796864395969,0.428649716537931,KEGG_METABOLISM,21
HUMANGEM|BILE_ACID_BIOSYNTHESIS,PFI,ssGSEA,1057,136,0.880051989681047,0.73870461140004,1.04844547142288,-1.43039484001214,0.152603728385638,0.889884448218924,0.181218393125548,0.391006845902574,0.357272258220495,0.443589676197896,HUMANGEM_SUBSYSTEM,88
HUMANGEM|PYRIMIDINE_METABOLISM,PFI,ssGSEA,1057,136,1.12898084022124,0.955372464734125,1.33413698283776,1.42408213373308,0.154422697631025,1.19887970210777,0.0390445169047031,0.0287147076669757,0.359416571094431,0.189508752781364,HUMANGEM_SUBSYSTEM,57
HUMANGEM|GLYCOLYSIS_GLUCONEOGENESIS,PFI,ssGSEA,1057,136,0.880267372661922,0.736962433163922,1.05143846212955,-1.40671793062597,0.159511046655227,0.89855572451988,0.229662963826816,0.711575419534582,0.369101142841746,0.505068755963792,HUMANGEM_SUBSYSTEM,68
HUMANGEM|BIOPTERIN_METABOLISM,PFI,ssGSEA,1057,136,0.879662291910378,0.733514916875487,1.0549284411354,-1.38315551742916,0.166617185778469,0.871133443299007,0.121975612099117,0.447610975227614,0.383315837802489,0.362285773249615,HUMANGEM_SUBSYSTEM,11
HALLMARK|HALLMARK_HYPOXIA,PFI,ssGSEA,1057,136,1.1360729754017,0.946320372533481,1.36387405671372,1.36826120334375,0.171230330083195,1.07410020801251,0.426183699348598,0.815177374149016,0.387080808361418,0.654907769655375,HALLMARK_METABOLIC,190
REACTOME|R-HSA-2408557_SELENOCYSTEINE_SYNTHESIS,PFI,ssGSEA,1057,136,0.888908752708728,0.750794096853432,1.05243071829378,-1.36685211570127,0.171671663581977,0.906658822236474,0.254152998330516,0.552161618111182,0.387080808361418,0.505068755963792,REACTOME_METABOLISM,93
KEGG|hsa00620_PYRUVATE_METABOLISM,PFI,ssGSEA,1057,136,0.886800802844156,0.746279643812356,1.05378147514201,-1.36485278344946,0.172299324991468,0.917155523383188,0.320550617909858,0.519772449570803,0.387080808361418,0.567018426347215,KEGG_METABOLISM,48
REACTOME|R-HSA-1660499_SYNTHESIS_OF_PIPS_AT_THE_PLASMA_MEMBRANE,PFI,ssGSEA,1057,136,0.890820398153297,0.754184908373403,1.05221010518166,-1.36092033061434,0.173538867886292,0.903187915164874,0.227902945976825,0.0717448745121759,0.387080808361418,0.505068755963792,REACTOME_METABOLISM,53
KEGG|hsa00534_GLYCOSAMINOGLYCAN_BIOSYNTHESIS_HEPARAN_SULFATE_HEPARIN,PFI,ssGSEA,1057,136,1.12629269570968,0.948914830610934,1.33682728469137,1.36026603231666,0.173745753307637,1.14922036239131,0.0924357132710292,0.903969827798753,0.387080808361418,0.309221592761056,KEGG_METABOLISM,24
REACTOME|R-HSA-2162123_SYNTHESIS_OF_PROSTAGLANDINS_PG_AND_THROMBOXANES_TX_,PFI,ssGSEA,1057,136,0.883002943009724,0.737847161627999,1.05671504603135,-1.35794831582515,0.174480084682196,0.848398874950025,0.0732081011879302,0.195581907697604,0.387080808361418,0.268876621820009,REACTOME_METABOLISM,14
REACTOME|R-HSA-156590_GLUTATHIONE_CONJUGATION,PFI,ssGSEA,1057,136,0.887076071306355,0.745885077700717,1.05499356376728,-1.35473680485575,0.175501427215601,0.893883295580842,0.200439300714729,0.794503904827842,0.387080808361418,0.472040483340013,REACTOME_METABOLISM,35
REACTOME|R-HSA-156584_CYTOSOLIC_SULFONATION_OF_SMALL_MOLECULES,PFI,ssGSEA,1057,136,0.878892656568358,0.728840437918112,1.05983732732537,-1.35155227230509,0.176518587225325,0.930275176132893,0.428123711423275,0.0499973556267401,0.387080808361418,0.655358604409475,REACTOME_METABOLISM,16
KEGG|hsa00564_GLYCEROPHOSPHOLIPID_METABOLISM,PFI,ssGSEA,1057,136,0.888148106633024,0.747644950225639,1.05505569064268,-1.35002862279648,0.177006801813513,0.903837598346368,0.243003840920414,0.782366983086219,0.387080808361418,0.505068755963792,KEGG_METABOLISM,89
REACTOME|R-HSA-203615_ENOS_ACTIVATION,PFI,ssGSEA,1057,136,0.890205796156369,0.75131804545099,1.05476816949699,-1.34387611967906,0.178988449367018,0.93487342777273,0.423284129936553,0.251873998335821,0.389275425399307,0.652973192692822,REACTOME_METABOLISM,15
REACTOME|R-HSA-1483255_PI_METABOLISM,PFI,ssGSEA,1057,136,0.894842183371662,0.758635376258058,1.05550381408655,-1.31881929329534,0.187229532616345,0.908609578894367,0.252004990770187,0.0706127892648037,0.402387363367988,0.505068755963792,REACTOME_METABOLISM,83
REACTOME|R-HSA-193048_ANDROGEN_BIOSYNTHESIS,PFI,ssGSEA,1057,136,1.1172604216672,0.947467271970959,1.31748176084992,1.31837396649749,0.187378491230066,1.09521836615796,0.271461453250044,0.0226902325561097,0.402387363367988,0.520173288257824,REACTOME_METABOLISM,11
REACTOME|R-HSA-70171_GLYCOLYSIS,PFI,ssGSEA,1057,136,1.12124704217982,0.945581150567957,1.32954736760761,1.31636854134769,0.188050375845341,1.11794886472757,0.191387213965509,0.77429922582679,0.402387363367988,0.456120426097441,REACTOME_METABOLISM,67
KEGG|hsa00240_PYRIMIDINE_METABOLISM,PFI,ssGSEA,1057,136,1.11859953655372,0.944293220158685,1.32508091392198,1.2967946851003,0.194701839912406,1.1395410141871,0.145277400528895,0.0942726794323182,0.41439215125742,0.39876141662414,KEGG_METABOLISM,53
HUMANGEM|GLYCOSYLPHOSPHATIDYLINOSITOL_GPI_ANCHOR_BIOSYNTHESIS,PFI,ssGSEA,1057,136,0.895504048635351,0.757545074871067,1.0585871755008,-1.29299189750109,0.196013861459841,0.949743527838781,0.538000238038894,0.185523371917434,0.414965515218174,0.758179049511126,HUMANGEM_SUBSYSTEM,26
REACTOME|R-HSA-399997_ACETYLCHOLINE_REGULATES_INSULIN_SECRETION,PFI,ssGSEA,1057,136,1.11765351977907,0.943027351133564,1.32461628898993,1.28325250462313,0.199403626581532,1.08383365535625,0.33505175382278,0.691693382089688,0.419908166028836,0.579785208788984,REACTOME_METABOLISM,10
REACTOME|R-HSA-75105_FATTY_ACYL_COA_BIOSYNTHESIS,PFI,ssGSEA,1057,136,0.89211362139658,0.748224166170197,1.0636741627245,-1.27213576182604,0.203324886802878,0.843447796171719,0.0539436653233435,0.0255286320273839,0.425766830670942,0.228399774454156,REACTOME_METABOLISM,32
REACTOME|R-HSA-196780_BIOTIN_TRANSPORT_AND_METABOLISM,PFI,ssGSEA,1057,136,0.892559977710341,0.748480731984219,1.06437384393094,-1.26542959806777,0.205717370698169,0.916672187869093,0.333199314518865,0.351499970391539,0.425766830670942,0.579097498596106,REACTOME_METABOLISM,11
REACTOME|R-HSA-70635_UREA_CYCLE,PFI,ssGSEA,1057,136,1.120260500287,0.939379894254202,1.33597024609478,1.26396592034958,0.206242259283803,1.08774791746248,0.341744778721358,0.000182626074601431,0.425766830670942,0.588807021346755,REACTOME_METABOLISM,12
REACTOME|R-HSA-196807_NICOTINATE_METABOLISM,PFI,ssGSEA,1057,136,0.899911894715837,0.763995562057867,1.06000801375036,-1.26239741623665,0.206805818488906,0.871132734012869,0.104534396746463,0.462276312673781,0.425766830670942,0.335572276099078,REACTOME_METABOLISM,22
HUMANGEM|FATTY_ACID_ACTIVATION_ENDOPLASMIC_RETICULAR_,PFI,ssGSEA,1057,136,0.898510298088712,0.760539650742579,1.06151040906705,-1.2581947070676,0.20832134870663,0.835374753067877,0.0330882773033294,0.0977186909516371,0.425766830670942,0.189508752781364,HUMANGEM_SUBSYSTEM,10
REACTOME|R-HSA-1989781_PPARA_ACTIVATES_GENE_EXPRESSION,PFI,ssGSEA,1057,136,1.12161338181587,0.937885423983378,1.34133290282453,1.25741237153214,0.208604351710637,1.11867871687046,0.212481743123378,0.106917306892871,0.425766830670942,0.49454815066143,REACTOME_METABOLISM,115
HUMANGEM|PENTOSE_AND_GLUCURONATE_INTERCONVERSIONS,PFI,ssGSEA,1057,136,0.897185405748905,0.756320663258706,1.06428621005888,-1.24501988600735,0.213124440550786,0.938894092040142,0.468186922723325,0.214986502132212,0.431044627747868,0.692707789010719,HUMANGEM_SUBSYSTEM,10
CONTROL|CONTROL_CAF_SMALL,PFI,ssGSEA,1057,136,1.15279331385959,0.921485740963305,1.44216276541634,1.24438945920339,0.213356260468166,1.19508032635761,0.113941641304118,0.00748556295014179,0.431044627747868,0.343551312416962,CONTEXT_CONTROL,10
REACTOME|R-HSA-381676_GLUCAGON_LIKE_PEPTIDE_1_GLP1_REGULATES_INSULIN_SECRETION,PFI,ssGSEA,1057,136,0.900130185166548,0.761987086485517,1.06331769214748,-1.23776106683042,0.215804668497155,0.918003989187109,0.316242887038842,0.0361228473252359,0.433789182130646,0.566957968655222,REACTOME_METABOLISM,42
REACTOME|R-HSA-8978934_METABOLISM_OF_COFACTORS,PFI,ssGSEA,1057,136,1.1106500629924,0.940228584103636,1.31196134991047,1.23481773090897,0.216898346908953,1.12163694520314,0.182529509915119,0.371921564588657,0.433796693817905,0.443589676197896,REACTOME_METABOLISM,25
FFLCLASS|higherorder_not_3node,PFI,ssGSEA,1057,136,1.1257495253571,0.93116957776958,1.36098947398744,1.22342205372653,0.221170327870046,1.06862609714441,0.467419696922836,0.775931127569903,0.433904686790055,0.692707789010719,FFL_MODULE,92
REACTOME|R-HSA-1855183_SYNTHESIS_OF_IP2_IP_AND_INS_IN_THE_CYTOSOL,PFI,ssGSEA,1057,136,0.896489802498169,0.752478193598173,1.06806279945487,-1.22300264816898,0.221328696084482,0.955715316967783,0.599882834141001,0.0361883460144851,0.433904686790055,0.790574066185823,REACTOME_METABOLISM,14
REACTOME|R-HSA-2142789_UBIQUINOL_BIOSYNTHESIS,PFI,ssGSEA,1057,136,1.1090686608214,0.939234770870105,1.30961217851492,1.22074418433265,0.222182892850286,1.12689082868403,0.152783935053297,0.599548129947272,0.433904686790055,0.41365990579056,REACTOME_METABOLISM,11
HUMANGEM|NICOTINATE_AND_NICOTINAMIDE_METABOLISM,PFI,ssGSEA,1057,136,1.11530109438558,0.935847862870429,1.32916532749501,1.2192201221241,0.222760656585321,1.13804630298642,0.13319308516818,0.0205678465965051,0.433904686790055,0.378648913549539,HUMANGEM_SUBSYSTEM,33
REACTOME|R-HSA-199220_VITAMIN_B5_PANTOTHENATE_METABOLISM,PFI,ssGSEA,1057,136,0.890253965740839,0.73814637366037,1.07370590955711,-1.21606228442969,0.223961196419427,0.903046974988355,0.254961692827765,0.574339648578634,0.433904686790055,0.505068755963792,REACTOME_METABOLISM,20
HUMANGEM|CYSTEINE_AND_METHIONINE_METABOLISM,PFI,ssGSEA,1057,136,0.892106270085342,0.742062688275157,1.07248836210247,-1.21515810290056,0.224305796562387,0.873842850861015,0.131643325645872,0.000106715684668011,0.433904686790055,0.376935565518396,HUMANGEM_SUBSYSTEM,41
REACTOME|R-HSA-2564830_CYTOSOLIC_IRON_SULFUR_CLUSTER_ASSEMBLY,PFI,ssGSEA,1057,136,1.1154289225305,0.934978891259247,1.3307056371528,1.21328302469143,0.225021630763278,1.14505691441629,0.12493275076997,0.190004977983733,0.433904686790055,0.363429508000022,REACTOME_METABOLISM,11
KEGG|hsa00310_LYSINE_DEGRADATION,PFI,ssGSEA,1057,136,1.11729480209845,0.93378210224801,1.33687256565629,1.21157777690096,0.225674045642064,1.08779639082678,0.320068736709148,0.70243879828836,0.433904686790055,0.567018426347215,KEGG_METABOLISM,48
KEGG|hsa00562_INOSITOL_PHOSPHATE_METABOLISM,PFI,ssGSEA,1057,136,0.902662100988518,0.763867893178298,1.06667510944961,-1.20223769093995,0.229271450179992,0.912192039036783,0.280015472567306,0.180513672253512,0.438702101786715,0.533235206132956,KEGG_METABOLISM,78
HUMANGEM|LYSINE_METABOLISM,PFI,ssGSEA,1057,136,1.1141323058603,0.933558825611789,1.32963318529835,1.1979421862628,0.230939524913797,1.08869680426404,0.315030127314331,0.662237010409227,0.439779573759289,0.566957968655222,HUMANGEM_SUBSYSTEM,39
REACTOME|R-HSA-1614558_DEGRADATION_OF_CYSTEINE_AND_HOMOCYSTEINE,PFI,ssGSEA,1057,136,0.902437116184666,0.762348633856801,1.06826812891052,-1.19272204324332,0.232978249688286,0.946348657942601,0.523358709851004,0.156267382628305,0.441549254171133,0.74658339254731,REACTOME_METABOLISM,14
REACTOME|R-HSA-499943_INTERCONVERSION_OF_NUCLEOTIDE_DI_AND_TRIPHOSPHATES,PFI,ssGSEA,1057,136,1.10713526509808,0.935171503490825,1.3107205369799,1.18174910656369,0.237305267104124,1.16234561331049,0.0890025820604856,0.296430972377104,0.447618465912045,0.308026327478898,REACTOME_METABOLISM,25
REACTOME|R-HSA-71336_PENTOSE_PHOSPHATE_PATHWAY,PFI,ssGSEA,1057,136,1.10633408448087,0.935032365775737,1.309018972267,1.1773548762459,0.239053892342291,1.10927910780475,0.22872720296051,0.0240083646260037,0.44878985449166,0.505068755963792,REACTOME_METABOLISM,14
REACTOME|R-HSA-400206_REGULATION_OF_LIPID_METABOLISM_BY_PPARALPHA,PFI,ssGSEA,1057,136,1.11089805578976,0.928993080726419,1.32842161686766,1.15270994027761,0.249029460055866,1.10591228872318,0.262752595632095,0.0928017284589649,0.465322653062134,0.512625162066538,REACTOME_METABOLISM,117
KEGG|hsa00760_NICOTINATE_AND_NICOTINAMIDE_METABOLISM,PFI,ssGSEA,1057,136,0.903891349569081,0.760429340938298,1.0744187892825,-1.14595269298557,0.251814726728812,0.951318318216767,0.566278270685555,0.47936975733004,0.468328323542371,0.779857272432009,KEGG_METABOLISM,32
REACTOME|R-HSA-400451_FREE_FATTY_ACIDS_REGULATE_INSULIN_SECRETION,PFI,ssGSEA,1057,136,1.10463092550434,0.930983039105004,1.31066778912924,1.14042704167577,0.254108432214781,1.08974148385694,0.30629518711454,0.174648135892694,0.470396074518525,0.564377242924013,REACTOME_METABOLISM,11
KEGG|hsa00260_GLYCINE_SERINE_AND_THREONINE_METABOLISM,PFI,ssGSEA,1057,136,0.902788065091063,0.756267737106047,1.07769543837698,-1.13186253617511,0.257692231321418,0.92759266819712,0.39902778387332,0.0426690546627387,0.474821796601502,0.637673226340856,KEGG_METABOLISM,39
REACTOME|R-HSA-1430728_METABOLISM,PFI,ssGSEA,1057,136,0.906015337445113,0.763043157821109,1.07577636110359,-1.12640198998141,0.259995404869527,0.954655033931993,0.594189570053975,0.341956986414151,0.476857931511852,0.790574066185823,REACTOME_METABOLISM,2009
HUMANGEM|RETINOL_METABOLISM,PFI,ssGSEA,1057,136,0.904969861504575,0.759297435787514,1.07858977474645,-1.11512330859875,0.264797584417332,0.930104623522289,0.400548509008075,0.770932975552054,0.481565459099995,0.637673226340856,HUMANGEM_SUBSYSTEM,117
KEGG|hsa00270_CYSTEINE_AND_METHIONINE_METABOLISM,PFI,ssGSEA,1057,136,1.10565397396473,0.92651490975253,1.3194290747793,1.11368029331515,0.265416366480385,1.03389156495779,0.695763299912705,0.00182908448880237,0.481565459099995,0.859980724736821,KEGG_METABOLISM,49
HUMANGEM|BETA_OXIDATION_OF_DI_UNSATURATED_FATTY_ACIDS_N_6_MITOCHONDRIAL_,PFI,ssGSEA,1057,136,0.903704382717648,0.755979849994821,1.08029547526787,-1.11187485289923,0.26619196231658,0.931805484688428,0.431272030306595,0.476934483609383,0.481565459099995,0.657648536636111,HUMANGEM_SUBSYSTEM,11
REACTOME|R-HSA-193807_SYNTHESIS_OF_BILE_ACIDS_AND_BILE_SALTS_VIA_27_HYDROXYCHOLESTEROL,PFI,ssGSEA,1057,136,0.901569584325425,0.750144185267343,1.08356197561011,-1.10452712705738,0.26936454283206,0.884650625891061,0.180819858831897,0.31928654209091,0.485099945914751,0.443589676197896,REACTOME_METABOLISM,14
REACTOME|R-HSA-2160916_HYALURONAN_DEGRADATION,PFI,ssGSEA,1057,136,1.10329008438094,0.925874282722025,1.31470225818851,1.09895424042164,0.271788025982351,1.10980461542378,0.236363736825851,0.0522445709708956,0.487259614148539,0.505068755963792,REACTOME_METABOLISM,14
REACTOME|R-HSA-1660662_GLYCOSPHINGOLIPID_METABOLISM,PFI,ssGSEA,1057,136,0.910756742525348,0.769361281791713,1.07813827350873,-1.08597050998827,0.277492039507147,0.927205617778408,0.3702733998515,0.34192611355778,0.493710044903847,0.614036721420404,REACTOME_METABOLISM,56
CONTROL|CONTROL_EPITHELIAL,PFI,ssGSEA,1057,136,0.912459894517509,0.772815216366063,1.07733781824054,-1.08099547218264,0.279699127729709,0.918895292423048,0.284721266489592,0.789135901078891,0.493710044903847,0.538721365742976,CONTEXT_CONTROL,10
HUMANGEM|BETA_OXIDATION_OF_UNSATURATED_FATTY_ACIDS_N_7_MITOCHONDRIAL_,PFI,ssGSEA,1057,136,0.906156956935954,0.757633459717206,1.08379641906248,-1.07893823386719,0.280615263169378,0.926420694202752,0.395123681125172,0.379722565938134,0.493710044903847,0.636677024647038,HUMANGEM_SUBSYSTEM,10
HUMANGEM|BETA_OXIDATION_OF_UNSATURATED_FATTY_ACIDS_N_9_MITOCHONDRIAL_,PFI,ssGSEA,1057,136,0.906156956935954,0.757633459717206,1.08379641906248,-1.07893823386719,0.280615263169378,0.926420694202752,0.395123681125172,0.379722565938134,0.493710044903847,0.636677024647038,HUMANGEM_SUBSYSTEM,10
REACTOME|R-HSA-75876_SYNTHESIS_OF_VERY_LONG_CHAIN_FATTY_ACYL_COAS,PFI,ssGSEA,1057,136,0.907041329232808,0.759127367828587,1.08377593511053,-1.07422485280188,0.282721916067141,0.858503526983439,0.0835728873218699,0.345650111737686,0.493710044903847,0.291772010123721,REACTOME_METABOLISM,20
REACTOME|R-HSA-74217_PURINE_SALVAGE,PFI,ssGSEA,1057,136,1.10064847204172,0.923794736017989,1.31135956049027,1.0730635276988,0.283242613794037,1.09340956408578,0.315711398680193,0.0024175877221573,0.493710044903847,0.566957968655222,REACTOME_METABOLISM,12
REACTOME|R-HSA-1660661_SPHINGOLIPID_DE_NOVO_BIOSYNTHESIS,PFI,ssGSEA,1057,136,0.910961611416873,0.76806499085529,1.08044380014136,-1.07122261034545,0.284069347444676,0.985153823357863,0.858027021883498,0.877778418632546,0.493710044903847,0.959966855274997,REACTOME_METABOLISM,28
REACTOME|R-HSA-2408522_SELENOAMINO_ACID_METABOLISM,PFI,ssGSEA,1057,136,0.910358725526344,0.764985284170449,1.08335810673881,-1.05801926934881,0.290046657522549,0.944234233938642,0.517066739147923,0.300754188331705,0.501906824756411,0.742933437476077,REACTOME_METABOLISM,109
KEGG|hsa00970_AMINOACYL_TRNA_BIOSYNTHESIS,PFI,ssGSEA,1057,136,1.09342680767605,0.925069673248308,1.29242393121207,1.04699524068536,0.295101773253148,1.09985062106039,0.251246213038117,0.395537793634283,0.508443747856073,0.505068755963792,KEGG_METABOLISM,24
KEGG|hsa00983_DRUG_METABOLISM_OTHER_ENZYMES,PFI,ssGSEA,1057,136,0.913451810601342,0.770466021965325,1.08297340376215,-1.04225487209511,0.297293528867139,0.939424284728612,0.475670408686775,0.395368314180061,0.510012174522075,0.698586061466187,KEGG_METABOLISM,78
REACTOME|R-HSA-3322077_GLYCOGEN_SYNTHESIS,PFI,ssGSEA,1057,136,1.09363877688494,0.923526111417364,1.29508603982055,1.03770015675186,0.299409671964596,1.07010158957308,0.413646857022875,0.669065907991932,0.511086037156434,0.65259076131212,REACTOME_METABOLISM,14
HUMANGEM|PENTOSE_PHOSPHATE_PATHWAY,PFI,ssGSEA,1057,136,1.09526726658998,0.921758406404407,1.30143688077978,1.0341296223115,0.301075569677074,1.06775178378881,0.445405794478823,0.000472414044513095,0.511086037156434,0.674036145256926,HUMANGEM_SUBSYSTEM,23
KEGG|hsa00790_FOLATE_BIOSYNTHESIS,PFI,ssGSEA,1057,136,0.905599141145562,0.750237144376087,1.0931340984531,-1.03264105818318,0.301771906361211,0.880697144828513,0.170421098321724,0.0618704138210527,0.511086037156434,0.434021824770804,KEGG_METABOLISM,25
KEGG|hsa00592_ALPHA_LINOLENIC_ACID_METABOLISM,PFI,ssGSEA,1057,136,0.912154042566006,0.765392984566691,1.08705594922658,-1.02733711826135,0.304261749927322,0.885819859565041,0.161544662182101,0.576148209783055,0.512616575733771,0.425793215552823,KEGG_METABOLISM,23
KEGG|hsa00565_ETHER_LIPID_METABOLISM,PFI,ssGSEA,1057,136,0.914958085914936,0.77198665396118,1.084407735141,-1.02523656514983,0.305251579017346,0.841082745681323,0.0447368126890131,0.398200061538234,0.512616575733771,0.20667740959546,KEGG_METABOLISM,42
HUMANGEM|ETHER_LIPID_METABOLISM,PFI,ssGSEA,1057,136,0.916053404690075,0.773081553602667,1.08546612751747,-1.01275197426897,0.311178645442012,0.833004863651964,0.0348266674615473,0.900601641591551,0.518766470962243,0.189508752781364,HUMANGEM_SUBSYSTEM,31
REACTOME|R-HSA-211981_XENOBIOTICS,PFI,ssGSEA,1057,136,0.905999913659944,0.748339607728097,1.09687611757424,-1.01203656817168,0.311520569246171,0.881194615085645,0.182785695719736,0.160573926919526,0.518766470962243,0.443589676197896,REACTOME_METABOLISM,24
HUMANGEM|ISOLATED,PFI,ssGSEA,1057,136,0.919743685325076,0.779965398985678,1.08457176151078,-0.994713967004416,0.31987539947997,0.928686205830447,0.388003951537081,0.0781430737934123,0.530460037470951,0.635496183999005,HUMANGEM_SUBSYSTEM,467
REACTOME|R-HSA-71240_TRYPTOPHAN_CATABOLISM,PFI,ssGSEA,1057,136,1.09103975579816,0.917328255884967,1.2976464434574,0.984753849079961,0.324744994959429,1.04642096372416,0.595904565926555,0.00622451104396059,0.536300863045031,0.790574066185823,REACTOME_METABOLISM,12
REACTOME|R-HSA-9840309_GLYCOSPHINGOLIPID_BIOSYNTHESIS,PFI,ssGSEA,1057,136,1.08832755853114,0.916458582733467,1.29242815439137,0.965197217265975,0.334446040492439,1.01702227100043,0.838485761510177,0.28215821348635,0.550039355851201,0.957828910542664,REACTOME_METABOLISM,19
KEGG|hsa00830_RETINOL_METABOLISM,PFI,ssGSEA,1057,136,0.919401116496297,0.773478558683801,1.0928530642828,-0.9530142166971,0.34058286758092,0.937464812968326,0.449743408516941,0.981840354456066,0.557827083527598,0.675748869234008,KEGG_METABOLISM,65
HUMANGEM|SPHINGOLIPID_METABOLISM,PFI,ssGSEA,1057,136,0.920998007474823,0.776697581935642,1.09210759696028,-0.946575524007801,0.343855120950202,0.96502148742627,0.675532498831148,0.261843076197537,0.560878434992542,0.848144903895258,HUMANGEM_SUBSYSTEM,103
REACTOME|R-HSA-9969896_LANOSTEROL_BIOSYNTHESIS,PFI,ssGSEA,1057,136,1.08482067052577,0.915341233376408,1.28567996752314,0.939365037705076,0.347543357077232,1.12805315880472,0.165549878911922,0.477096605990346,0.564580637211176,0.430646090241471,REACTOME_METABOLISM,13
REACTOME|R-HSA-1614635_SULFUR_AMINO_ACID_METABOLISM,PFI,ssGSEA,1057,136,0.919721590393365,0.769979435089529,1.09858493004731,-0.922985553606,0.356014733728241,0.946707892240804,0.539107213597107,0.012262039063856,0.575991317170081,0.758179049511126,REACTOME_METABOLISM,27
REACTOME|R-HSA-8956319_NUCLEOTIDE_CATABOLISM,PFI,ssGSEA,1057,136,1.08458797815769,0.910683556979441,1.29170124281792,0.910691015553709,0.36245819929136,1.08120696053573,0.365535803960622,0.000721645258243297,0.58404195675288,0.608716527097605,REACTOME_METABOLISM,32
REACTOME|R-HSA-351202_METABOLISM_OF_POLYAMINES,PFI,ssGSEA,1057,136,1.08395374923024,0.910737937996849,1.29011396302936,0.907478210155052,0.364153967175904,1.10590893775289,0.255072411931463,0.0177736153056287,0.584408382806491,0.505068755963792,REACTOME_METABOLISM,44
HUMANGEM|METABOLISM_OF_OTHER_AMINO_ACIDS,PFI,ssGSEA,1057,136,1.080028504619,0.912362290881021,1.27850699491663,0.894430372278152,0.37109166805658,1.08811365656271,0.313523308945802,0.0506262661723117,0.593150537696862,0.566957968655222,HUMANGEM_SUBSYSTEM,26
HALLMARK|HALLMARK_ADIPOGENESIS,PFI,ssGSEA,1057,136,0.924620830359578,0.777309149527549,1.09985027251315,-0.885117350548453,0.376093342470472,0.953374959134844,0.576381018347325,0.331378132549873,0.598740601212991,0.784886580740752,HALLMARK_METABOLIC,189
REACTOME|R-HSA-71288_CREATINE_METABOLISM,PFI,ssGSEA,1057,136,1.08016161554281,0.908999590653395,1.28355296051716,0.876047844522621,0.381004024421253,1.13059487909764,0.150826614295865,0.150878292581004,0.604141839520552,0.411157482806537,REACTOME_METABOLISM,11
KEGG|hsa00730_THIAMINE_METABOLISM,PFI,ssGSEA,1057,136,0.92494860926563,0.775807795789659,1.10276016099016,-0.869650129392497,0.384491633695993,0.962994418444836,0.672731757549078,0.537149052157682,0.607252659567482,0.84730139083713,KEGG_METABOLISM,11
HUMANGEM|STARCH_AND_SUCROSE_METABOLISM,PFI,ssGSEA,1057,136,1.07695638187139,0.909552181997745,1.27517153101215,0.860131917252015,0.389716329024996,1.06015697676776,0.48741674093821,0.160644804833459,0.61293190514758,0.710592904371456,HUMANGEM_SUBSYSTEM,25
REACTOME|R-HSA-1474151_TETRAHYDROBIOPTERIN_BH4_SYNTHESIS_RECYCLING_SALVAGE_AND_REGULATION,PFI,ssGSEA,1057,136,1.0763951375652,0.909481835759835,1.27394132199024,0.8563344778707,0.39181279565593,1.07379852641304,0.420078654818755,0.252336353394861,0.61293190514758,0.65259076131212,REACTOME_METABOLISM,12
REACTOME|R-HSA-9854311_MATURATION_OF_TCA_ENZYMES_AND_REGULATION_OF_TCA_CYCLE,PFI,ssGSEA,1057,136,0.924869052328754,0.773209132077893,1.10627607521495,-0.854717377879257,0.392707627669932,0.983385286577461,0.850641166087157,0.267124418373816,0.61293190514758,0.959079841650675,REACTOME_METABOLISM,17
REACTOME|R-HSA-9864848_COMPLEX_IV_ASSEMBLY,PFI,ssGSEA,1057,136,0.928530122457685,0.782110873459099,1.10236057005334,-0.846931648973286,0.397033220511238,0.954993357582601,0.592071209014426,0.236145717392809,0.613857094252848,0.790574066185823,REACTOME_METABOLISM,35
REACTOME|R-HSA-156588_GLUCURONIDATION,PFI,ssGSEA,1057,136,0.92781162574943,0.779542803216159,1.10428113674356,-0.843413173982866,0.398997406593096,0.974201067055796,0.764527553648014,0.962111059328636,0.613857094252848,0.913759658714443,REACTOME_METABOLISM,25
HUMANGEM|ALANINE_ASPARTATE_AND_GLUTAMATE_METABOLISM,PFI,ssGSEA,1057,136,0.926161036550261,0.774091002737967,1.10810520027994,-0.838242221875943,0.401894678416384,0.910929749840255,0.297199187142514,0.192631082720262,0.613857094252848,0.552734936835142,HUMANGEM_SUBSYSTEM,32
HUMANGEM|BUTANOATE_METABOLISM,PFI,ssGSEA,1057,136,0.925342362592203,0.771274975325632,1.1101857513868,-0.835055410251651,0.40368651089245,0.950684447509352,0.582708130702677,0.784039883456897,0.613857094252848,0.788836176937638,HUMANGEM_SUBSYSTEM,13
REACTOME|R-HSA-975634_RETINOID_METABOLISM_AND_TRANSPORT,PFI,ssGSEA,1057,136,1.07346049039123,0.908709431126682,1.26808128644847,0.833883752081986,0.404346493942222,1.04319832497691,0.607363492799725,0.233997081613489,0.613857094252848,0.792559574210789,REACTOME_METABOLISM,43
CURATED|CURATED_PENTOSE_PHOSPHATE,PFI,ssGSEA,1057,136,1.0748976488491,0.906896652241032,1.27402053215899,0.83295099028186,0.404872370362086,1.04922183482193,0.57624215054929,0.00624593369232411,0.613857094252848,0.784886580740752,CURATED_SIGNATURE,16
REACTOME|R-HSA-1483166_SYNTHESIS_OF_PA,PFI,ssGSEA,1057,136,1.07321132423672,0.907015515757834,1.26985980554875,0.823082617522126,0.410461012957807,1.03646069945827,0.670623823355388,0.808025943744919,0.613857094252848,0.84730139083713,REACTOME_METABOLISM,34
HALLMARK|HALLMARK_HEME_METABOLISM,PFI,ssGSEA,1057,136,0.929233659111039,0.77924446623336,1.1080928137978,-0.817189623480266,0.413820071504831,0.945054029883531,0.520733141782185,0.973519590002819,0.613857094252848,0.745510037515502,HALLMARK_METABOLIC,190
KEGG|hsa01100_METABOLIC_PATHWAYS,PFI,ssGSEA,1057,136,0.931306886418104,0.7848685247461,1.10506726839423,-0.815362395579552,0.414864902712997,0.972356319425795,0.747141640261562,0.101430831474346,0.613857094252848,0.904180182230487,KEGG_METABOLISM,1421
HALLMARK|HALLMARK_CHOLESTEROL_HOMEOSTASIS,PFI,ssGSEA,1057,136,0.93205690490769,0.786728695870753,1.10423082130567,-0.813568678421866,0.415892087288518,0.923257109656306,0.360589596802565,0.54826330897436,0.613857094252848,0.60554708661359,HALLMARK_METABOLIC,72
REACTOME|R-HSA-75109_TRIGLYCERIDE_BIOSYNTHESIS,PFI,ssGSEA,1057,136,1.0717907212456,0.905785261560581,1.26822040377318,0.807495294073572,0.419381184669686,1.00796202639634,0.92394593631073,0.218326113540821,0.613857094252848,0.996252407857384,REACTOME_METABOLISM,12
REACTOME|R-HSA-163685_INTEGRATION_OF_ENERGY_METABOLISM,PFI,ssGSEA,1057,136,0.931359660133254,0.783675650141836,1.10687478469764,-0.80726841501761,0.419511857013726,0.955922828477376,0.598879646742914,0.00418196338534769,0.613857094252848,0.790574066185823,REACTOME_METABOLISM,108
HUMANGEM|GLYCEROLIPID_METABOLISM,PFI,ssGSEA,1057,136,0.929512763282063,0.777085881004273,1.11183847014138,-0.799876943406486,0.423782097587456,0.890785400537001,0.191209273560696,0.979132187759452,0.613857094252848,0.456120426097441,HUMANGEM_SUBSYSTEM,49
REACTOME|R-HSA-74182_KETONE_BODY_METABOLISM,PFI,ssGSEA,1057,136,0.929168478192628,0.776089644912779,1.11244115486663,-0.799856480324407,0.423793954815669,0.983154398635019,0.84893419840062,0.148388311990377,0.613857094252848,0.959079841650675,REACTOME_METABOLISM,10
REACTOME|R-HSA-174403_GLUTATHIONE_SYNTHESIS_AND_RECYCLING,PFI,ssGSEA,1057,136,1.07240627186601,0.903491192113961,1.27290140952751,0.79940860103593,0.424053524784333,1.09663089926842,0.294910544911882,0.0243411637813083,0.613857094252848,0.551053506455065,REACTOME_METABOLISM,12
REACTOME|R-HSA-189445_METABOLISM_OF_PORPHYRINS,PFI,ssGSEA,1057,136,0.927431584454956,0.770887202062659,1.11576549921076,-0.798688198566729,0.424471231482733,1.01479384969945,0.871107448033934,0.00827612420165763,0.613857094252848,0.96574029057801,REACTOME_METABOLISM,27
REACTOME|R-HSA-196741_COBALAMIN_CBL_VITAMIN_B12_TRANSPORT_AND_METABOLISM,PFI,ssGSEA,1057,136,0.931516554603807,0.782570891090282,1.10881084561174,-0.798056718921841,0.424837576316355,0.884875263678564,0.161503948266707,0.132152690485647,0.613857094252848,0.425793215552823,REACTOME_METABOLISM,20
HUMANGEM|PORPHYRIN_METABOLISM,PFI,ssGSEA,1057,136,0.931851389340583,0.782891784128576,1.10915330754495,-0.794244357966285,0.427053189630175,0.985557065262558,0.869549930115596,0.00344527155517128,0.613857094252848,0.96574029057801,HUMANGEM_SUBSYSTEM,22
KEGG|hsa00900_TERPENOID_BACKBONE_BIOSYNTHESIS,PFI,ssGSEA,1057,136,1.06847870592758,0.907297164812282,1.2582941833141,0.793917648844905,0.427243374493439,1.13103926964504,0.144462886183487,0.825323687513608,0.613857094252848,0.39876141662414,KEGG_METABOLISM,23
CURATED|CURATED_TCA_CYCLE,PFI,ssGSEA,1057,136,1.06960834760748,0.905840039851113,1.26298459655156,0.793653602974629,0.427397117693034,1.07449648292167,0.398327982393249,0.118160847445269,0.613857094252848,0.637673226340856,CURATED_SIGNATURE,27
REACTOME|R-HSA-2024096_HS_GAG_DEGRADATION,PFI,ssGSEA,1057,136,1.07547799922773,0.897690686378451,1.28847602450813,0.789285108929867,0.429945387997734,1.09335947987576,0.314317765703918,0.136224103506812,0.613857094252848,0.566957968655222,REACTOME_METABOLISM,19
KEGG|hsa00040_PENTOSE_AND_GLUCURONATE_INTERCONVERSIONS,PFI,ssGSEA,1057,136,0.930938266378188,0.779291614187119,1.11209467679339,-0.788841966521355,0.43020437793101,0.982060875008424,0.83647645306547,0.493109539110363,0.613857094252848,0.957828910542664,KEGG_METABOLISM,33
REACTOME|R-HSA-1855170_IPS_TRANSPORT_BETWEEN_NUCLEUS_AND_CYTOSOL,PFI,ssGSEA,1057,136,1.06997611973788,0.90391384594825,1.26654647668145,0.786014039220406,0.431859262288436,1.05078652411441,0.555489342968165,0.755268184014154,0.613857094252848,0.768303288143311,REACTOME_METABOLISM,26
REACTOME|R-HSA-1855196_IP3_AND_IP4_TRANSPORT_BETWEEN_CYTOSOL_AND_NUCLEUS,PFI,ssGSEA,1057,136,1.06997611973788,0.90391384594825,1.26654647668145,0.786014039220406,0.431859262288436,1.05078652411441,0.555489342968165,0.755268184014154,0.613857094252848,0.768303288143311,REACTOME_METABOLISM,26
REACTOME|R-HSA-1855229_IP6_AND_IP7_TRANSPORT_BETWEEN_CYTOSOL_AND_NUCLEUS,PFI,ssGSEA,1057,136,1.06997611973788,0.90391384594825,1.26654647668145,0.786014039220406,0.431859262288436,1.05078652411441,0.555489342968165,0.755268184014154,0.613857094252848,0.768303288143311,REACTOME_METABOLISM,26
HUMANGEM|ACYLGLYCERIDES_METABOLISM,PFI,ssGSEA,1057,136,1.0673835084848,0.904429273676018,1.25969778659932,0.771526585806786,0.440394870368226,1.07813248026063,0.360292331330695,0.380984483590578,0.62376212956069,0.60554708661359,HUMANGEM_SUBSYSTEM,38
REACTOME|R-HSA-8964539_GLUTAMATE_AND_GLUTAMINE_METABOLISM,PFI,ssGSEA,1057,136,0.935514155248381,0.789157914774395,1.10901344114415,-0.767952591576517,0.442515350871832,0.976686995432754,0.784841592568948,0.774983284753025,0.6245429420106,0.929663553102503,REACTOME_METABOLISM,12
REACTOME|R-HSA-6806667_METABOLISM_OF_FAT_SOLUBLE_VITAMINS,PFI,ssGSEA,1057,136,1.06663277565023,0.90344482699489,1.25929713037998,0.761430423404115,0.446400021589913,1.03787312095605,0.651025256742092,0.21262883542848,0.627799323649419,0.830089642311379,REACTOME_METABOLISM,47
REACTOME|R-HSA-170822_REGULATION_OF_GLUCOKINASE_BY_GLUCOKINASE_REGULATORY_PROTEIN,PFI,ssGSEA,1057,136,1.06645561275075,0.900905067237927,1.26242776883751,0.747543685967572,0.454735442981506,1.04657991621975,0.587900321696504,0.78897971440495,0.637270092629012,0.790574066185823,REACTOME_METABOLISM,28
REACTOME|R-HSA-422356_REGULATION_OF_INSULIN_SECRETION,PFI,ssGSEA,1057,136,0.93757073847819,0.790009363717042,1.11269426670414,-0.737807453915012,0.460631463087243,0.966759738936193,0.695675425145336,0.0244967778836862,0.643267797574466,0.859980724736821,REACTOME_METABOLISM,78
HALLMARK|HALLMARK_REACTIVE_OXYGEN_SPECIES_PATHWAY,PFI,ssGSEA,1057,136,1.06809172621545,0.895354845948285,1.27415397456373,0.731892688114387,0.464234069423805,1.07767748263391,0.392615342009269,0.00504402530807117,0.645944880821773,0.636677024647038,HALLMARK_METABOLIC,45
HUMANGEM|GLYCOSPHINGOLIPID_METABOLISM,PFI,ssGSEA,1057,136,1.06466172864078,0.899622537704079,1.2599779895746,0.729102672898634,0.465938859728924,1.10661345037034,0.221511359046072,0.046957422277757,0.645944880821773,0.505068755963792,HUMANGEM_SUBSYSTEM,54
REACTOME|R-HSA-196854_METABOLISM_OF_VITAMINS_AND_COFACTORS,PFI,ssGSEA,1057,136,0.937585423032023,0.78788634457764,1.11572745426039,-0.726151168657037,0.467746103599705,0.92867003300387,0.394929420362432,0.96210497343847,0.645944880821773,0.636677024647038,REACTOME_METABOLISM,182
HUMANGEM|PANTOTHENATE_AND_COA_METABOLISM,PFI,ssGSEA,1057,136,0.938450276716755,0.790183207880022,1.11453763264921,-0.724041303231504,0.469040378285157,0.940218813563697,0.472876331517842,0.642624217750592,0.645944880821773,0.697054740533707,HUMANGEM_SUBSYSTEM,13
HUMANGEM|CHOLESTEROL_METABOLISM,PFI,ssGSEA,1057,136,0.941320726204013,0.798111086280303,1.11022729143002,-0.718169253061967,0.472652933659193,0.998834746015425,0.989253868931109,0.84167722420371,0.648675405504685,0.997264667767726,HUMANGEM_SUBSYSTEM,29
FFLCLASS|4_node,PFI,ssGSEA,1057,136,1.06725334552446,0.89091191927286,1.27849866961348,0.706392990057384,0.479943778999869,1.01921783111711,0.831000085390246,0.0611073239415988,0.654158336151676,0.957828910542664,FFL_MODULE,351
FFLCLASS|ALL_NETWORK_NODES,PFI,ssGSEA,1057,136,1.06713385367294,0.891024905473058,1.27805031560848,0.706111415630717,0.4801188531089,1.02000661273348,0.823881045717391,0.0699481006336534,0.654158336151676,0.95739942221225,FFL_MODULE,363
HUMANGEM|N_GLYCAN_METABOLISM,PFI,ssGSEA,1057,136,0.940473299718605,0.792712827056588,1.11577610112326,-0.703765414108429,0.481578875609149,1.00809366463919,0.924467837430381,0.368694920664614,0.654158336151676,0.996252407857384,HUMANGEM_SUBSYSTEM,68
FFLCLASS|higherorder_union,PFI,ssGSEA,1057,136,1.06641016090199,0.890468034954874,1.2771156140744,0.698945415564759,0.484586143750657,1.01808820994557,0.840605345937599,0.0580686636891454,0.65466946554633,0.957828910542664,FFL_MODULE,354
REACTOME|R-HSA-1855204_SYNTHESIS_OF_IP3_AND_IP4_IN_THE_CYTOSOL,PFI,ssGSEA,1057,136,0.94141511882872,0.79459652093035,1.11536157359664,-0.697891651756751,0.485244955618511,0.93916174404161,0.468129928237648,0.692895023808895,0.65466946554633,0.692707789010719,REACTOME_METABOLISM,28
KEGG|hsa00561_GLYCEROLIPID_METABOLISM,PFI,ssGSEA,1057,136,1.06234416907852,0.894644782395761,1.26147847255414,0.689943576645019,0.490229670617319,1.04438226864185,0.606483073315437,0.0825972646438263,0.659160165221935,0.792559574210789,KEGG_METABOLISM,55
REACTOME|R-HSA-5423646_AFLATOXIN_ACTIVATION_AND_DETOXIFICATION,PFI,ssGSEA,1057,136,0.943072621209272,0.797352798737474,1.11542339888037,-0.684433721106264,0.493701328531749,0.994252305040511,0.946097001594788,0.706373051656492,0.661593026113253,0.996252407857384,REACTOME_METABOLISM,18
HUMANGEM|TRICARBOXYLIC_ACID_CYCLE_AND_GLYOXYLATE_DICARBOXYLATE_METABOLISM,PFI,ssGSEA,1057,136,0.941027866710227,0.789997381198866,1.12093212838422,-0.680985619928503,0.495880589539414,0.980758302302299,0.825095481956788,0.0726576767967488,0.662020870416989,0.95739942221225,HUMANGEM_SUBSYSTEM,45
REACTOME|R-HSA-159418_RECYCLING_OF_BILE_ACIDS_AND_SALTS,PFI,ssGSEA,1057,136,0.942324037954823,0.793762444615303,1.11869060892373,-0.678669434167768,0.497347337323316,0.975349758855183,0.774455410902078,0.294355864682849,0.662020870416989,0.922854052512057,REACTOME_METABOLISM,16
REACTOME|R-HSA-9634600_REGULATION_OF_GLYCOLYSIS_BY_FRUCTOSE_2_6_BISPHOSPHATE_METABOLISM,PFI,ssGSEA,1057,136,1.06361986018123,0.886533025358071,1.27608016240007,0.663805916584151,0.506814538407248,1.09145470464215,0.331938131249277,0.433475807914922,0.672357421392501,0.579097498596106,REACTOME_METABOLISM,12
REACTOME|R-HSA-350562_REGULATION_OF_ORNITHINE_DECARBOXYLASE_ODC_,PFI,ssGSEA,1057,136,1.05944230582811,0.892769128651132,1.25723209210227,0.66118852905881,0.508491416681264,1.09359030428894,0.31110431540948,0.0282814810554137,0.672357421392501,0.566957968655222,REACTOME_METABOLISM,37
HUMANGEM|BILE_ACID_RECYCLING,PFI,ssGSEA,1057,136,1.05937319093322,0.891053172845872,1.25948887436616,0.653347048228436,0.513532567621041,1.00556112737944,0.948577272277923,0.128767976699347,0.675512997338324,0.996252407857384,HUMANGEM_SUBSYSTEM,14
KEGG|hsa00670_ONE_CARBON_POOL_BY_FOLATE,PFI,ssGSEA,1057,136,1.05871226988153,0.891897371623025,1.25672718191557,0.652199538291281,0.514272457772644,1.00695317244424,0.936725737646704,0.247263779936865,0.675512997338324,0.996252407857384,KEGG_METABOLISM,35
FFLCLASS|5_node,PFI,ssGSEA,1057,136,1.05860318652143,0.884382162714196,1.26714530636173,0.620758941122006,0.534758242034879,1.0082700864996,0.92629109694288,0.0448225508054795,0.700111119506191,0.996252407857384,FFL_MODULE,339
KEGG|hsa00250_ALANINE_ASPARTATE_AND_GLUTAMATE_METABOLISM,PFI,ssGSEA,1057,136,1.05658265679727,0.884915517724763,1.26155196545216,0.60843898898724,0.542896359153174,1.02362945163406,0.792833029716783,0.0347262186988815,0.708435248993322,0.933760635265981,KEGG_METABOLISM,35
REACTOME|R-HSA-1362409_MITOCHONDRIAL_IRON_SULFUR_CLUSTER_BIOGENESIS,PFI,ssGSEA,1057,136,0.947389002521657,0.795055803283367,1.1289093399386,-0.604282360335107,0.545655931949479,0.953217750567085,0.589541817377322,0.264431048393497,0.709709349398342,0.790574066185823,REACTOME_METABOLISM,12
KEGG|hsa00450_SELENOCOMPOUND_METABOLISM,PFI,ssGSEA,1057,136,1.0495999430985,0.895940670026797,1.22961271589494,0.599416923872515,0.548894894081498,1.10669730157725,0.236390694744585,0.839189897077382,0.71159663792976,0.505068755963792,KEGG_METABOLISM,13
FFLCLASS|6_node,PFI,ssGSEA,1057,136,1.05588770458935,0.882485664737551,1.26336198904097,0.594156238403853,0.552407619219056,1.00864450481463,0.922972106776376,0.0394644032990023,0.713825430029819,0.996252407857384,FFL_MODULE,314
HUMANGEM|SULFUR_METABOLISM,PFI,ssGSEA,1057,136,0.948645078169733,0.796025870125507,1.1305254239963,-0.589113310487459,0.555785265007966,0.967475709658197,0.70843302693155,0.785495626873465,0.714015028678652,0.867557983750021,HUMANGEM_SUBSYSTEM,20
KEGG|hsa01200_CARBON_METABOLISM,PFI,ssGSEA,1057,136,1.05258651222597,0.88743871921381,1.24846746229594,0.588581035129316,0.556142359021061,1.07502050610559,0.404503141105777,0.00514523323712333,0.714015028678652,0.641403387092029,KEGG_METABOLISM,110
REACTOME|R-HSA-70326_GLUCOSE_METABOLISM,PFI,ssGSEA,1057,136,1.05059674553683,0.888845740410443,1.24178299062659,0.578637370870364,0.56283388315077,1.08392071558645,0.346356410437766,0.581281350308576,0.720282590012883,0.592837974066222,REACTOME_METABOLISM,77
REACTOME|R-HSA-71064_LYSINE_CATABOLISM,PFI,ssGSEA,1057,136,0.950397117358367,0.797007450747129,1.13330769974153,-0.566515405827735,0.571043463203947,0.977270577459004,0.79299270030126,0.822635920838214,0.728446469087086,0.933760635265981,REACTOME_METABOLISM,10
REACTOME|R-HSA-9865881_COMPLEX_III_ASSEMBLY,PFI,ssGSEA,1057,136,1.05161063787587,0.88124827617706,1.25490734403604,0.558071777580478,0.576795371502062,1.05443302456594,0.54976816631472,0.19697317160473,0.73343309219751,0.768303288143311,REACTOME_METABOLISM,20
KEGG|hsa01522_ENDOCRINE_RESISTANCE,PFI,ssGSEA,1057,136,0.953687761292971,0.802190262049065,1.13379629380788,-0.537261568802222,0.591086947830079,0.938187490899957,0.453089181894318,0.00598810870466511,0.743482050504334,0.6779304300524,KEGG_METABOLISM,94
REACTOME|R-HSA-163560_TRIGLYCERIDE_CATABOLISM,PFI,ssGSEA,1057,136,0.952021927828721,0.795611281873234,1.13918162262953,-0.536935376928558,0.591312253280092,0.91957965025758,0.347063437078969,0.34207050898953,0.743482050504334,0.592837974066222,REACTOME_METABOLISM,24
KEGG|hsa00514_OTHER_TYPES_OF_O_GLYCAN_BIOSYNTHESIS,PFI,ssGSEA,1057,136,1.04629733829087,0.8867180050015,1.2345955692111,0.53602691082832,0.591939951925404,1.07454083407336,0.38724575387804,0.791175495261589,0.743482050504334,0.635496183999005,KEGG_METABOLISM,35
FFLCLASS|3_miR,PFI,ssGSEA,1057,136,1.04960997948953,0.878417313069879,1.25416597857558,0.532993005300781,0.594038422262257,1.00551787791739,0.950486495570337,0.0229566409210104,0.743482050504334,0.996252407857384,FFL_MODULE,264
FFLCLASS|3node_union,PFI,ssGSEA,1057,136,1.04960997948953,0.878417313069879,1.25416597857558,0.532993005300781,0.594038422262257,1.00551787791739,0.950486495570337,0.0229566409210104,0.743482050504334,0.996252407857384,FFL_MODULE,264
KEGG|hsa00030_PENTOSE_PHOSPHATE_PATHWAY,PFI,ssGSEA,1057,136,1.04707948346172,0.881530814052366,1.24371766387435,0.523936131507454,0.600322963138304,1.07246741725073,0.41982555094209,0.000693267294455416,0.748992286297947,0.65259076131212,KEGG_METABOLISM,29
KEGG|hsa00061_FATTY_ACID_BIOSYNTHESIS,PFI,ssGSEA,1057,136,1.04628335668679,0.879316819139623,1.24495385355065,0.510074877968024,0.60999900450854,1.0277296338074,0.751704124277402,0.442057619242842,0.757690181091032,0.90660073170426,KEGG_METABOLISM,17
FFLCLASS|3_Comp,PFI,ssGSEA,1057,136,1.04692668506881,0.876471661386415,1.25053157129508,0.505787800042929,0.61300562389777,1.00289908028964,0.973914158683089,0.0221896222437341,0.757690181091032,0.996252407857384,FFL_MODULE,258
FFLCLASS|3_TF,PFI,ssGSEA,1057,136,1.04692668506881,0.876471661386415,1.25053157129508,0.505787800042929,0.61300562389777,1.00289908028964,0.973914158683089,0.0221896222437341,0.757690181091032,0.996252407857384,FFL_MODULE,258
REACTOME|R-HSA-71403_CITRIC_ACID_CYCLE_TCA_CYCLE_,PFI,ssGSEA,1057,136,0.95742811605768,0.804719391565564,1.13911582972345,-0.490737529688296,0.62361209891963,1.01630017717993,0.855200167429976,0.316591690265671,0.767046526384139,0.959966855274997,REACTOME_METABOLISM,30
REACTOME|R-HSA-200425_CARNITINE_SHUTTLE,PFI,ssGSEA,1057,136,0.955692511797289,0.797119938189992,1.14581022672615,-0.489581831460188,0.624429835548897,0.982747657473846,0.844718461307727,0.00868170846758863,0.767046526384139,0.957828910542664,REACTOME_METABOLISM,14
REACTOME|R-HSA-1660516_SYNTHESIS_OF_PIPS_AT_THE_EARLY_ENDOSOME_MEMBRANE,PFI,ssGSEA,1057,136,0.960483520879309,0.813695296772029,1.13375190632222,-0.476477302918201,0.633734373573538,0.948186149731352,0.529939914730855,0.0152916663565194,0.77372612219132,0.750591053604557,REACTOME_METABOLISM,16
KEGG|hsa01521_EGFR_TYROSINE_KINASE_INHIBITOR_RESISTANCE,PFI,ssGSEA,1057,136,0.96013647908086,0.812184528186094,1.13504016201915,-0.476447547519163,0.633755567423041,0.928657472928953,0.38121076630437,0.00800207270097583,0.77372612219132,0.629551389996429,KEGG_METABOLISM,79
KEGG|hsa00430_TAURINE_AND_HYPOTAURINE_METABOLISM,PFI,ssGSEA,1057,136,0.959289336795443,0.806935482167319,1.14040843664206,-0.471020792713416,0.637625886596186,1.00175932086786,0.983736674090331,0.58154706959038,0.773980123560555,0.996252407857384,KEGG_METABOLISM,16
KEGG|hsa00591_LINOLEIC_ACID_METABOLISM,PFI,ssGSEA,1057,136,0.956896352070325,0.796102511715815,1.15016673748714,-0.469420781357334,0.638768897011194,0.903370477768953,0.264289760283507,0.677553158899301,0.773980123560555,0.513108900452857,KEGG_METABOLISM,27
REACTOME|R-HSA-71291_METABOLISM_OF_AMINO_ACIDS_AND_DERIVATIVES,PFI,ssGSEA,1057,136,0.958474893129096,0.802485599002582,1.14478580288626,-0.467981751251951,0.639797639827695,1.00258276466448,0.976929086169097,0.00999078872115342,0.773980123560555,0.996252407857384,REACTOME_METABOLISM,341
HUMANGEM|LIPOIC_ACID_METABOLISM,PFI,ssGSEA,1057,136,0.958512771895506,0.801458640273281,1.14634328924763,-0.464096735196674,0.642578440737845,0.984345493502848,0.858798788083809,0.40764194382113,0.774988543677765,0.959966855274997,HUMANGEM_SUBSYSTEM,10
HUMANGEM|GLUTATHIONE_METABOLISM,PFI,ssGSEA,1057,136,1.04035691148587,0.872851771544326,1.24000722523761,0.441718231587942,0.658693115047251,1.07376199796945,0.421396546877424,0.488762895514513,0.792023745585516,0.65259076131212,HUMANGEM_SUBSYSTEM,30
REACTOME|R-HSA-209776_METABOLISM_OF_AMINE_DERIVED_HORMONES,PFI,ssGSEA,1057,136,0.960918712768126,0.803977824042998,1.14849532528719,-0.438184832115016,0.661252302952564,1.0109675826178,0.902224676359748,0.597323430833095,0.792706074021447,0.991948677323701,REACTOME_METABOLISM,22
REACTOME|R-HSA-209968_THYROXINE_BIOSYNTHESIS,PFI,ssGSEA,1057,136,0.961830385055866,0.806510762968741,1.14706180263656,-0.433098178348773,0.664943446130503,1.00239772985158,0.978544360434611,0.29899628988684,0.794737211891712,0.996252407857384,REACTOME_METABOLISM,14
REACTOME|R-HSA-1483249_INOSITOL_PHOSPHATE_METABOLISM,PFI,ssGSEA,1057,136,0.96333818997214,0.811324751932369,1.14383354636783,-0.426278745335915,0.66990474369742,0.968151070655763,0.705763610526162,0.256436119029505,0.797093252536494,0.866956533917939,REACTOME_METABOLISM,76
HUMANGEM|MISCELLANEOUS,PFI,ssGSEA,1057,136,0.963808233520006,0.813091244262562,1.14246256807678,-0.424885425118478,0.67092019999931,1.00179603873821,0.983021957499857,0.523941019069374,0.797093252536494,0.996252407857384,HUMANGEM_SUBSYSTEM,100
HUMANGEM|GLYCOSPHINGOLIPID_BIOSYNTHESIS_GLOBO_SERIES,PFI,ssGSEA,1057,136,1.03717843704588,0.87071032815865,1.23547301034992,0.408961672734146,0.682567788360928,1.01802400864641,0.834233700236946,0.0150662615204216,0.808517796927528,0.957828910542664,HUMANGEM_SUBSYSTEM,13
KEGG|hsa00480_GLUTATHIONE_METABOLISM,PFI,ssGSEA,1057,136,0.96622601588647,0.813353362838768,1.14783162697873,-0.390988055266589,0.695806065027477,0.968691922936566,0.715814039790056,0.613249249668237,0.819999656652491,0.873196587195372,KEGG_METABOLISM,56
HUMANGEM|STEROID_METABOLISM,PFI,ssGSEA,1057,136,0.964235998699879,0.803039993845222,1.15778923629544,-0.39020952623347,0.696381617961161,0.971317526129384,0.747425326517161,0.764855369281759,0.819999656652491,0.904180182230487,HUMANGEM_SUBSYSTEM,60
HALLMARK|HALLMARK_OXIDATIVE_PHOSPHORYLATION,PFI,ssGSEA,1057,136,0.966106244249508,0.811434983454095,1.15026008763485,-0.387366601724752,0.698484825462547,0.99504558144393,0.955105652100759,0.0846127108585334,0.820050031074023,0.996252407857384,HALLMARK_METABOLIC,182
HUMANGEM|PHOSPHATIDYLINOSITOL_PHOSPHATE_METABOLISM,PFI,ssGSEA,1057,136,0.966851150179531,0.814036323077262,1.14835311410884,-0.384057122568914,0.70093611017822,1.03151799016404,0.717425336715795,0.145301482382953,0.820507564267446,0.873196587195372,HUMANGEM_SUBSYSTEM,21
KEGG_EXTRA|hsa04933_AGE_RAGE_SIGNALING_PATHWAY_IN_DIABETIC_COMPLICATIONS,PFI,ssGSEA,1057,136,0.966274224372313,0.810029452291421,1.1526567016114,-0.381245228716892,0.703021291111542,0.919005976866573,0.328891871801861,0.0843200365065233,0.820535113965964,0.579097498596106,KEGG_CLAIM_SPECIFIC,98
KEGG|hsa00510_N_GLYCAN_BIOSYNTHESIS,PFI,ssGSEA,1057,136,1.03346805828968,0.871085792631511,1.22612059172551,0.377474352289326,0.705821121006161,1.07243437297216,0.415172535228633,0.565453539595629,0.820616473151132,0.65259076131212,KEGG_METABOLISM,54
KEGG|hsa00100_STEROID_BIOSYNTHESIS,PFI,ssGSEA,1057,136,1.03207764605274,0.875299660051807,1.21693668591019,0.375599450659931,0.707214699223212,1.05334480935279,0.555958158254456,0.276378047008003,0.820616473151132,0.768303288143311,KEGG_METABOLISM,18
KEGG|hsa01240_BIOSYNTHESIS_OF_COFACTORS,PFI,ssGSEA,1057,136,0.968577785279179,0.817052199516901,1.1482043946409,-0.36782137185678,0.713006432056585,0.99914958033459,0.992253287527688,0.00875510784141151,0.823663194179155,0.997264667767726,KEGG_METABOLISM,139
KEGG|hsa00051_FRUCTOSE_AND_MANNOSE_METABOLISM,PFI,ssGSEA,1057,136,0.967421423351888,0.810389234343689,1.15488233394186,-0.366516903063419,0.713979401989469,1.0384535657533,0.67021144447065,0.00130280541917654,0.823663194179155,0.84730139083713,KEGG_METABOLISM,31
CURATED|CURATED_LIPID_SYNTHESIS,PFI,ssGSEA,1057,136,1.03203979271598,0.867816368332522,1.22734045198502,0.356656374979112,0.721349068108436,0.999822513807333,0.998348323769743,0.200466010866724,0.829759910714328,0.999272674132538,CURATED_SIGNATURE,34
HUMANGEM|ANDROGEN_METABOLISM,PFI,ssGSEA,1057,136,1.03167311450915,0.864676155733956,1.23092259239826,0.346107909332198,0.729261619573027,1.00801011019929,0.92686364122001,0.59333920675694,0.83644416308376,0.996252407857384,HUMANGEM_SUBSYSTEM,22
REACTOME|R-HSA-1660514_SYNTHESIS_OF_PIPS_AT_THE_GOLGI_MEMBRANE,PFI,ssGSEA,1057,136,0.971602283948868,0.820756300396384,1.15017210068171,-0.334666948783005,0.737876336152003,1.00221658775697,0.979193514702337,0.216176783304153,0.842855516440375,0.996252407857384,REACTOME_METABOLISM,18
HUMANGEM|TERPENOID_BACKBONE_BIOSYNTHESIS,PFI,ssGSEA,1057,136,0.971599918311428,0.820075867461363,1.15112081542535,-0.33306280873906,0.73908687245651,1.0354861114188,0.684038047995384,0.120759456930514,0.842855516440375,0.856123091516235,HUMANGEM_SUBSYSTEM,15
KEGG|hsa00860_PORPHYRIN_METABOLISM,PFI,ssGSEA,1057,136,0.972055203613253,0.82083993580984,1.15112737288954,-0.328543820240575,0.742500517535213,1.04111859725021,0.62522278256116,0.0287722017607305,0.844329159940042,0.807917751491369,KEGG_METABOLISM,43
REACTOME|R-HSA-1482925_ACYL_CHAIN_REMODELLING_OF_PG,PFI,ssGSEA,1057,136,1.02919223507072,0.864080843090014,1.22585365154254,0.322523791879459,0.747055916605535,0.960531606823153,0.648213640040678,0.444388900369549,0.847089045039895,0.830089642311379,REACTOME_METABOLISM,17
HUMANGEM|GLYCOSPHINGOLIPID_BIOSYNTHESIS_GANGLIO_SERIES,PFI,ssGSEA,1057,136,0.972759848831746,0.817043858658071,1.15815291121987,-0.310307148795735,0.756327395345261,0.99388563360741,0.943749227144257,0.022374128957035,0.849932794572135,0.996252407857384,HUMANGEM_SUBSYSTEM,24
HUMANGEM|PROTEIN_ASSEMBLY,PFI,ssGSEA,1057,136,0.972643505048253,0.81575780943554,1.15970129488206,-0.309071972080832,0.757266779124015,0.989874474351194,0.90889581062241,0.0486101011891084,0.849932794572135,0.993792672054173,HUMANGEM_SUBSYSTEM,13
HUMANGEM|TRANSPORT_REACTIONS,PFI,ssGSEA,1057,136,0.973045543157057,0.817861154296535,1.15767526564114,-0.308255606652028,0.757887843063603,0.999149484017892,0.992072162741495,0.652886571808538,0.849932794572135,0.997264667767726,HUMANGEM_SUBSYSTEM,497
KEGG|hsa00910_NITROGEN_METABOLISM,PFI,ssGSEA,1057,136,1.02745226568493,0.863250946583085,1.22288676593937,0.304832619725472,0.760493636207294,1.01775150190503,0.84061546542661,0.0205895524436113,0.849932794572135,0.957828910542664,KEGG_METABOLISM,17
KEGG|hsa00020_CITRATE_CYCLE_TCA_CYCLE_,PFI,ssGSEA,1057,136,1.02597883266597,0.868917443981942,1.21142989172227,0.302540193957911,0.762240297749474,1.04442153005151,0.611670005281641,0.125017824164991,0.849932794572135,0.795570791183311,KEGG_METABOLISM,30
REACTOME|R-HSA-73621_PYRIMIDINE_CATABOLISM,PFI,ssGSEA,1057,136,0.972724606470314,0.812757711142629,1.16417617090659,-0.301680799764954,0.762895406306265,0.95676550975934,0.61934273002656,0.0152142088104019,0.849932794572135,0.802926405702186,REACTOME_METABOLISM,11
HUMANGEM|GLYCINE_SERINE_AND_THREONINE_METABOLISM,PFI,ssGSEA,1057,136,1.02720202648975,0.861772190736442,1.22438855020716,0.299560505760635,0.764512413208101,1.07120113582291,0.439439657369425,0.0235934105759557,0.849932794572135,0.667545739057371,HUMANGEM_SUBSYSTEM,56
CURATED|CURATED_SERINE_GLYCINE,PFI,ssGSEA,1057,136,1.02682884670362,0.859570114921609,1.22663347889758,0.291856343231269,0.770396463943993,1.03546913547135,0.689251146602022,0.000333674053651082,0.851659181552746,0.858975565301953,CURATED_SIGNATURE,16
KEGG|hsa00190_OXIDATIVE_PHOSPHORYLATION,PFI,ssGSEA,1057,136,0.975018843701691,0.821113422354683,1.15777153276486,-0.288628107125482,0.772865984107192,1.0043632673969,0.959985146339011,0.0516616980838842,0.851659181552746,0.996252407857384,KEGG_METABOLISM,103
REACTOME|R-HSA-196108_PREGNENOLONE_BIOSYNTHESIS,PFI,ssGSEA,1057,136,1.02712385546157,0.856258716399764,1.23208487604545,0.288298540291159,0.773118224423088,1.04975220802927,0.595951244678959,0.00288505371933536,0.851659181552746,0.790574066185823,REACTOME_METABOLISM,10
REACTOME|R-HSA-8957322_METABOLISM_OF_STEROIDS,PFI,ssGSEA,1057,136,0.974892386115351,0.819148500583647,1.16024770090955,-0.28633091422564,0.77462468271883,0.973431420284536,0.76106381420202,0.161362074253947,0.851659181552746,0.913759658714443,REACTOME_METABOLISM,147
HUMANGEM|FRUCTOSE_AND_MANNOSE_METABOLISM,PFI,ssGSEA,1057,136,0.974958984024146,0.817608211490733,1.16259231153792,-0.282397328469296,0.777638863244461,1.03643469885449,0.690633620343279,0.00299788308617561,0.852617817000814,0.858975565301953,HUMANGEM_SUBSYSTEM,24
HUMANGEM|O_GLYCAN_METABOLISM,PFI,ssGSEA,1057,136,1.0221762520914,0.865862786843248,1.20670885296837,0.259037098262777,0.795606616837297,1.01478366203562,0.861075797319533,0.651439926254178,0.867790002600418,0.959966855274997,HUMANGEM_SUBSYSTEM,27
REACTOME|R-HSA-1428517_AEROBIC_RESPIRATION_AND_RESPIRATORY_ELECTRON_TRANSPORT,PFI,ssGSEA,1057,136,0.97773908224431,0.822305526245131,1.16255294709398,-0.254861394132469,0.798830154821699,1.00252931499408,0.976928864866678,0.0772508409227405,0.867790002600418,0.996252407857384,REACTOME_METABOLISM,198
REACTOME|R-HSA-6799198_COMPLEX_I_BIOGENESIS,PFI,ssGSEA,1057,136,0.977952260376586,0.823415671815664,1.16149188837613,-0.254053158470135,0.799454490423047,1.00322433132755,0.970322978968811,0.0610896112292127,0.867790002600418,0.996252407857384,REACTOME_METABOLISM,53
KEGG|hsa00513_VARIOUS_TYPES_OF_N_GLYCAN_BIOSYNTHESIS,PFI,ssGSEA,1057,136,1.02225928342737,0.862020586380467,1.21228432251409,0.253090449365838,0.800198318980787,1.05730975265437,0.508502514535641,0.773298654430441,0.867790002600418,0.738627740091916,KEGG_METABOLISM,41
REACTOME|R-HSA-204174_REGULATION_OF_PYRUVATE_DEHYDROGENASE_PDH_COMPLEX,PFI,ssGSEA,1057,136,0.978726949985574,0.826130429741743,1.1595099371022,-0.248643386508348,0.803636644606495,0.967307821083933,0.704317555725266,0.603962933852727,0.869150501503764,0.866956533917939,REACTOME_METABOLISM,15
KEGG|hsa00531_GLYCOSAMINOGLYCAN_DEGRADATION,PFI,ssGSEA,1057,136,0.978363985810496,0.820193330587706,1.1670371521372,-0.243119299888684,0.807912980534322,1.00008140470351,0.999272674132538,0.0239706283888128,0.871407496619676,0.999272674132538,KEGG_METABOLISM,19
KEGG|hsa00604_GLYCOSPHINGOLIPID_BIOSYNTHESIS_GANGLIO_SERIES,PFI,ssGSEA,1057,136,1.02086296950036,0.857849791293394,1.21485277851012,0.232624232879463,0.816053208352499,1.02153651286935,0.805571054001529,0.0131482996131189,0.876227928702719,0.942991998507672,KEGG_METABOLISM,15
HUMANGEM|CHOLESTEROL_BIOSYNTHESIS_1_BLOCH_PATHWAY_,PFI,ssGSEA,1057,136,1.01966050665768,0.864812967204496,1.20223399540162,0.231681591157185,0.816785330524394,1.05835945211128,0.516801214668585,0.329113740008966,0.876227928702719,0.742933437476077,HUMANGEM_SUBSYSTEM,16
HUMANGEM|ARGININE_AND_PROLINE_METABOLISM,PFI,ssGSEA,1057,136,1.01991284650999,0.855693728997264,1.21564781793491,0.220128072057662,0.825771412627699,1.10181758154004,0.267728091613616,0.621887103015128,0.883486618886624,0.517261070204948,HUMANGEM_SUBSYSTEM,53
REACTOME|R-HSA-191273_CHOLESTEROL_BIOSYNTHESIS,PFI,ssGSEA,1057,136,1.01837875432735,0.863966289898521,1.20038860241542,0.217080769098851,0.828145400662788,1.05859750391789,0.511016477231755,0.55594595636487,0.8836511245678,0.739580210684504,REACTOME_METABOLISM,24
REACTOME|R-HSA-1482922_ACYL_CHAIN_REMODELLING_OF_PI,PFI,ssGSEA,1057,136,0.981181986243873,0.82027837369505,1.17364802121112,-0.207882793646244,0.835320484369585,0.903696937876142,0.254735643692236,0.28192349194238,0.888923937912018,0.505068755963792,REACTOME_METABOLISM,16
REACTOME|R-HSA-196071_METABOLISM_OF_STEROID_HORMONES,PFI,ssGSEA,1057,136,1.01843733813047,0.850632450500638,1.21934521906357,0.198884550705765,0.842353054851301,1.01786432511857,0.842667107855488,0.00384047724015289,0.894017375548848,0.957828910542664,REACTOME_METABOLISM,34
HUMANGEM|DRUG_METABOLISM,PFI,ssGSEA,1057,136,0.983067492140474,0.823389554195032,1.17371138506628,-0.188841830362841,0.850216785748582,1.01022268459305,0.907630300956992,0.966633038213268,0.899963512574297,0.993792672054173,HUMANGEM_SUBSYSTEM,51
KEGG|hsa00140_STEROID_HORMONE_BIOSYNTHESIS,PFI,ssGSEA,1057,136,0.983378000801406,0.821769801921811,1.17676786150896,-0.182990712320391,0.854805306067782,0.993910402520362,0.944630282293592,0.290111530609487,0.902420455742645,0.996252407857384,KEGG_METABOLISM,61
REACTOME|R-HSA-1482788_ACYL_CHAIN_REMODELLING_OF_PC,PFI,ssGSEA,1057,136,1.01570316800107,0.851722257306005,1.21125509711409,0.173442501217544,0.862303620161272,0.930972613876919,0.41875822321442,0.354823659524199,0.907928150328535,0.65259076131212,REACTOME_METABOLISM,25
REACTOME|R-HSA-1655829_REGULATION_OF_CHOLESTEROL_BIOSYNTHESIS_BY_SREBP_SREBF_,PFI,ssGSEA,1057,136,1.01464219688164,0.85499284438317,1.20410222665141,0.166418958597682,0.867827255184459,1.04707578383363,0.605712920313581,0.00664005500586815,0.91133310702748,0.792559574210789,REACTOME_METABOLISM,53
REACTOME|R-HSA-2426168_ACTIVATION_OF_GENE_EXPRESSION_BY_SREBF_SREBP_,PFI,ssGSEA,1057,136,1.01348630544546,0.853064233354901,1.20407637685843,0.152373604373978,0.878892274621698,1.04356156552848,0.632869257004646,0.00783444573859681,0.920524013945884,0.815151987986567,REACTOME_METABOLISM,40
REACTOME|R-HSA-70268_PYRUVATE_METABOLISM,PFI,ssGSEA,1057,136,0.988588746728329,0.832690396111551,1.17367477122549,-0.131075075027669,0.895715918275021,0.951932700164432,0.577818512957388,0.65105485495437,0.935682245337161,0.784886580740752,REACTOME_METABOLISM,43
HUMANGEM|POOL_REACTIONS,PFI,ssGSEA,1057,136,0.988953670722223,0.833913604717065,1.17281857173537,-0.127677518679375,0.898404181956037,0.99534317429547,0.955474131111668,0.457995904283171,0.936033676488227,0.996252407857384,HUMANGEM_SUBSYSTEM,11
CONTROL|CONTROL_CAF_FULL,PFI,ssGSEA,1057,136,0.989154465980659,0.830500850174325,1.17811626245067,-0.122258154066467,0.902694571540998,0.99678070871611,0.970371635831857,0.224145957663002,0.938048144838948,0.996252407857384,CONTEXT_CONTROL,123
REACTOME|R-HSA-211999_CYP2E1_REACTIONS,PFI,ssGSEA,1057,136,0.989608103833157,0.82237943999314,1.19084227006019,-0.110609940878617,0.911925664181396,0.974967614765806,0.779084520769596,0.963359732250451,0.944247621606292,0.925598923182983,REACTOME_METABOLISM,11
REACTOME|R-HSA-196791_VITAMIN_D_CALCIFEROL_METABOLISM,PFI,ssGSEA,1057,136,1.00948060384295,0.851601135514495,1.19662955700436,0.108744225931684,0.913405362609101,0.962530118172639,0.652809191063974,0.473504388790795,0.944247621606292,0.830089642311379,REACTOME_METABOLISM,12
REACTOME|R-HSA-8979227_TRIGLYCERIDE_METABOLISM,PFI,ssGSEA,1057,136,0.990768074282514,0.833164935995703,1.17818373602624,-0.104927772599611,0.916433121258938,0.940967552439446,0.483484184814562,0.833824264855192,0.944923270106366,0.707451123368366,REACTOME_METABOLISM,36
REACTOME|R-HSA-611105_RESPIRATORY_ELECTRON_TRANSPORT,PFI,ssGSEA,1057,136,0.991196044114648,0.83393028813103,1.1781195764821,-0.100323617600152,0.920087407946023,1.0130227744416,0.881610650110996,0.0721686953684862,0.946085850221095,0.974669552067157,REACTOME_METABOLISM,126
REACTOME|R-HSA-1660517_SYNTHESIS_OF_PIPS_AT_THE_LATE_ENDOSOME_MEMBRANE,PFI,ssGSEA,1057,136,1.0086407447722,0.848471326286606,1.19904600249387,0.0975182411091711,0.922314848959258,0.996629306520431,0.9693251375491,0.0253355396017748,0.946085850221095,0.996252407857384,REACTOME_METABOLISM,11
REACTOME|R-HSA-189483_HEME_DEGRADATION,PFI,ssGSEA,1057,136,1.00740042970582,0.840440115142731,1.20752877865558,0.0797528394760416,0.936433833430376,1.05831096861065,0.527843178927416,0.0252740751441625,0.958099397699973,0.750291375761112,REACTOME_METABOLISM,15
HUMANGEM|CHONDROITIN_SULFATE_DEGRADATION,PFI,ssGSEA,1057,136,1.00661179833203,0.844834349551337,1.19936803360251,0.0737221541373319,0.941231470302197,1.02092960079332,0.815722855289912,0.00369136584116365,0.960538782513524,0.952075356027522,HUMANGEM_SUBSYSTEM,15
KEGG|hsa00512_MUCIN_TYPE_O_GLYCAN_BIOSYNTHESIS,PFI,ssGSEA,1057,136,0.995203972458391,0.842904285056382,1.17502184335285,-0.0567317962999123,0.954758845011128,0.996964037285914,0.971075609271434,0.689044057988872,0.969614533454539,0.996252407857384,KEGG_METABOLISM,30
HUMANGEM|FATTY_ACID_ACTIVATION_CYTOSOLIC_,PFI,ssGSEA,1057,136,1.00490921599866,0.84773160317785,1.19122907369914,0.0564325477177683,0.954997228930099,0.902175138181799,0.254143481166997,0.268760786654164,0.969614533454539,0.505068755963792,HUMANGEM_SUBSYSTEM,14
REACTOME|R-HSA-9861718_REGULATION_OF_PYRUVATE_METABOLISM,PFI,ssGSEA,1057,136,0.99604335030838,0.841065285295266,1.17957829557221,-0.0459457617620321,0.963353480055952,0.991219877088534,0.919362562009827,0.358357450036809,0.975609885654628,0.996252407857384,REACTOME_METABOLISM,30
KEGG|hsa00785_LIPOIC_ACID_METABOLISM,PFI,ssGSEA,1057,136,1.00375993090486,0.841052778421444,1.19794384459576,0.0415916829757878,0.966824203530083,0.988793576716367,0.899022851269659,0.599678175008859,0.976639677677596,0.991166467604777,KEGG_METABOLISM,19
REACTOME|R-HSA-2022857_KERATAN_SULFATE_DEGRADATION,PFI,ssGSEA,1057,136,1.00288919312221,0.84382644669919,1.19193554268852,0.0327438780590618,0.973878833004399,1.0261211579872,0.763488743852522,0.264394061693074,0.981275381103166,0.913759658714443,REACTOME_METABOLISM,15
KEGG|hsa00603_GLYCOSPHINGOLIPID_BIOSYNTHESIS_GLOBO_AND_ISOGLOBO_SERIES,PFI,ssGSEA,1057,136,0.997661883885728,0.836201050631389,1.19029895239533,-0.0259880727795361,0.979266851782473,1.00191034487051,0.982328119334266,0.0259132691054306,0.984212643963193,0.996252407857384,KEGG_METABOLISM,15
KEGG|hsa00330_ARGININE_AND_PROLINE_METABOLISM,PFI,ssGSEA,1057,136,0.998350461048237,0.83676721990605,1.19113610017746,-0.0183268808833382,0.985378083221744,1.08340930643007,0.365062150123498,0.270462946038833,0.987860143884771,0.608716527097605,KEGG_METABOLISM,45
HUMANGEM|OXIDATIVE_PHOSPHORYLATION,PFI,ssGSEA,1057,136,1.00052711049584,0.843121594267467,1.18731924984901,0.00603410623515226,0.995185509013033,1.0217552248348,0.804178949467755,0.111576961274828,0.995185509013033,0.942991998507672,HUMANGEM_SUBSYSTEM,73
