"AverageShortestPathLength","BetweennessCentrality","ClosenessCentrality","ClusteringCoefficient","Degree","Eccentricity","IsSingleNode","name","NeighborhoodConnectivity","NumberOfDirectedEdges","NumberOfUndirectedEdges","PartnerOfMultiEdgedNodePairs","Radiality","selected","SelfLoops","shared name","Stress","TopologicalCoefficient","Type"
"3.2509603072983353","6.80615409135521E-5","0.30760141788105555","0.0","3","5","false","hsa-mir-99b","49.0","0","3","0","0.9749893299189074","false","0","hsa-mir-99b","4136","0.4067796610169492","miRNA"
"3.3316261203585147","3.88610443092848E-5","0.30015372790161415","0.0","3","5","false","hsa-mir-99a","29.666666666666668","0","3","0","0.9740930431071275","false","0","hsa-mir-99a","814","0.39814814814814814","miRNA"
"2.825864276568502","0.0048670138597813935","0.3538740371545084","0.0","19","5","false","hsa-mir-96","32.5","0","19","3","0.9797126191492389","false","0","hsa-mir-96","201742","0.1254980079681275","miRNA"
"3.1421254801536493","4.97203129837752E-4","0.3182559087204564","0.0","10","5","false","hsa-mir-93","30.75","0","10","2","0.9761986057760705","false","0","hsa-mir-93","27770","0.19701986754966888","miRNA"
"3.36235595390525","2.290985728097232E-4","0.2974105102817974","0.0","4","6","false","hsa-mir-92b","30.5","0","4","0","0.9737516005121639","false","0","hsa-mir-92b","7454","0.29797979797979796","miRNA"
"2.7016645326504483","0.004307806562841548","0.3701421800947867","0.003952569169960474","37","5","false","hsa-mir-92a","34.43478260869565","0","37","10","0.9810926163038839","false","0","hsa-mir-92a","288830","0.11211283990111967","miRNA"
"3.23303457106274","5.5225970893542456E-5","0.3093069306930693","0.0","3","5","false","PROX1","31.666666666666668","0","3","0","0.9751885047659695","false","0","PROX1","1876","0.37398373983739835","TF"
"2.8693982074263764","0.0018448575017966484","0.3485051316376618","0.0","26","5","false","hsa-mir-9","40.1","0","26","6","0.9792289088063737","false","0","hsa-mir-9","62408","0.1656779661016949","miRNA"
"3.3649167733674776","0.0","0.2971841704718417","0.0","1","5","false","hsa-mir-802","84.0","0","1","0","0.9737231469625836","false","0","hsa-mir-802","0","0.0","miRNA"
"3.9807938540332906","0.0","0.25120617561917014","0.0","1","6","false","hsa-mir-760","40.0","0","1","0","0.9668800682885189","false","0","hsa-mir-760","0","0.0","miRNA"
"4.108834827144686","0.0","0.2433779993767529","0.0","1","6","false","hsa-mir-758","41.0","0","1","0","0.9654573908095034","false","0","hsa-mir-758","0","0.0","miRNA"
"3.2842509603072982","0.002560819462227913","0.3044834307992203","0.3333333333333333","3","5","false","DDIT3","24.333333333333332","0","3","0","0.9746194337743633","false","0","DDIT3","25834","0.34782608695652173","TF"
"4.282970550576184","0.0","0.23348281016442451","0.0","1","6","false","hsa-mir-708","3.0","0","1","0","0.9635225494380424","false","0","hsa-mir-708","0","0.0","miRNA"
"2.824583866837388","0.005140605880444008","0.35403445149592017","0.0","18","5","false","hsa-mir-7","40.666666666666664","0","18","5","0.979726845924029","false","0","hsa-mir-7","167996","0.15803452855245684","miRNA"
"4.108834827144686","0.0","0.2433779993767529","0.0","1","6","false","hsa-mir-668","41.0","0","1","0","0.9654573908095034","false","0","hsa-mir-668","0","0.0","miRNA"
"3.441741357234315","2.9987147820684695E-4","0.29055059523809523","0.0","3","5","false","hsa-mir-655","61.5","0","3","1","0.9728695404751743","false","0","hsa-mir-655","14788","0.55","miRNA"
"3.8898847631241997","8.714330423879843E-6","0.25707702435813035","0.0","2","6","false","hsa-mir-613","10.0","0","2","0","0.96789016929862","false","0","hsa-mir-613","272","0.6","miRNA"
"3.47247119078105","7.253735586275226E-5","0.28797935103244837","0.0","3","5","false","ILF3","12.333333333333334","0","3","0","0.9725280978802106","false","0","ILF3","1310","0.3541666666666667","TF"
"3.2560819462227912","1.3908712098446323E-4","0.3071175776641762","0.3333333333333333","4","5","false","hsa-mir-590","33.0","0","4","1","0.9749324228197468","false","0","hsa-mir-590","2124","0.35125448028673834","miRNA"
"4.108834827144686","0.0","0.2433779993767529","0.0","1","6","false","hsa-mir-543","41.0","0","1","0","0.9654573908095034","false","0","hsa-mir-543","0","0.0","miRNA"
"3.5390524967989756","1.862256822551774E-5","0.282561505065123","0.0","2","5","false","hsa-mir-542","20.0","0","2","0","0.9717883055911225","false","0","hsa-mir-542","168","0.5","miRNA"
"3.559539052496799","2.481843727659451E-4","0.28093525179856116","0.0","2","6","false","hsa-mir-539","34.5","0","2","0","0.97156067719448","false","0","hsa-mir-539","8268","0.5153846153846153","miRNA"
"3.4250960307298337","0.0","0.2919626168224299","0.0","1","6","false","hsa-mir-520d","63.0","0","1","0","0.9730544885474463","false","0","hsa-mir-520d","0","0.0","miRNA"
"3.352112676056338","3.225749749779927E-5","0.29831932773109243","0.0","3","5","false","hsa-mir-519d","65.0","0","3","1","0.9738654147104852","false","0","hsa-mir-519d","2018","0.5981308411214953","miRNA"
"3.5339308578745197","4.4141932596012666E-5","0.28297101449275364","0.0","3","5","false","STAT4","16.666666666666668","0","3","0","0.9718452126902831","false","0","STAT4","2516","0.3643410852713178","TF"
"3.3994878361075545","8.064270636042438E-5","0.2941619585687382","0.0","2","5","false","MAFB","47.0","0","2","0","0.9733390240432495","false","0","MAFB","3206","0.5054945054945055","TF"
"3.24583866837388","5.27959878292916E-4","0.3080867850098619","0.0","5","5","false","hsa-mir-506","41.5","0","5","1","0.975046237018068","false","0","hsa-mir-506","13842","0.3068181818181818","miRNA"
"3.5236875800256082","0.0","0.28379360465116277","0.0","2","5","false","hsa-mir-504","82.0","0","2","1","0.9719590268886044","false","0","hsa-mir-504","0","0.0","miRNA"
"3.058898847631242","8.339061347556735E-4","0.32691502720803683","0.0","10","5","false","hsa-mir-503","31.0","0","10","0","0.9771233461374307","false","0","hsa-mir-503","32536","0.18404907975460122","miRNA"
"3.2509603072983353","2.9705034324330414E-5","0.30760141788105555","0.0","3","5","false","hsa-mir-502","80.5","0","3","1","0.9749893299189074","false","0","hsa-mir-502","3092","0.6022727272727273","miRNA"
"3.2522407170294496","4.166250571353976E-5","0.3074803149606299","0.0","3","5","false","hsa-mir-497","56.333333333333336","0","3","0","0.9749751031441172","false","0","hsa-mir-497","2962","0.453551912568306","miRNA"
"4.039692701664532","1.2117236472955725E-4","0.2475435816164818","0.0","2","6","false","hsa-mir-496","23.0","0","2","0","0.9662256366481718","false","0","hsa-mir-496","990","0.5","miRNA"
"4.108834827144686","0.0","0.2433779993767529","0.0","1","6","false","hsa-mir-495","41.0","0","1","0","0.9654573908095034","false","0","hsa-mir-495","0","0.0","miRNA"
"3.2227912932138283","8.073408357712201E-4","0.310290027810886","0.0","4","5","false","hsa-mir-494","44.25","0","4","0","0.9753023189642908","false","0","hsa-mir-494","43416","0.3067375886524823","miRNA"
"3.976952624839949","0.0","0.251448808757244","0.0","1","6","false","hsa-mir-493","16.0","0","1","0","0.9669227486128894","false","0","hsa-mir-493","0","0.0","miRNA"
"4.3751600512163895","0.0","0.2285630670178519","0.0","1","6","false","hsa-mir-491","4.0","0","1","0","0.9624982216531512","false","0","hsa-mir-491","0","0.0","miRNA"
"4.108834827144686","0.0","0.2433779993767529","0.0","1","6","false","hsa-mir-487a","41.0","0","1","0","0.9654573908095034","false","0","hsa-mir-487a","0","0.0","miRNA"
"3.961587708066581","0.0","0.2524240465416936","0.0","1","6","false","hsa-mir-486","15.0","0","1","0","0.9670934699103713","false","0","hsa-mir-486","0","0.0","miRNA"
"4.108834827144686","0.0","0.2433779993767529","0.0","1","6","false","hsa-mir-485","41.0","0","1","0","0.9654573908095034","false","0","hsa-mir-485","0","0.0","miRNA"
"3.939820742637644","0.0","0.25381865453363667","0.0","2","6","false","hsa-mir-483","16.0","0","2","1","0.9673353250818039","false","0","hsa-mir-483","0","0.0","miRNA"
"3.407170294494238","2.084014584047011E-5","0.2934986847049981","0.0","2","6","false","hsa-mir-455","43.0","0","2","0","0.9732536633945085","false","0","hsa-mir-455","1324","0.525","miRNA"
"3.4058898847631243","7.527919569077846E-5","0.293609022556391","0.0","3","6","false","hsa-mir-454","30.666666666666668","0","3","0","0.9732678901692986","false","0","hsa-mir-454","2280","0.3662551440329218","miRNA"
"3.3354673495518568","3.663361660531399E-5","0.2998080614203455","0.0","2","6","false","hsa-mir-452","56.5","0","2","0","0.974050362782757","false","0","hsa-mir-452","1942","0.5388349514563107","miRNA"
"3.5672215108834826","3.0826801925566756E-5","0.2803302225412778","0.0","3","6","false","hsa-mir-449b","26.5","0","3","1","0.971475316545739","false","0","hsa-mir-449b","608","0.5204081632653061","miRNA"
"3.117797695262484","0.001107403166445149","0.32073921971252567","0.0","5","5","false","RB1","26.6","0","5","0","0.9764689144970835","false","0","RB1","17334","0.22260869565217392","TF"
"3.5672215108834826","3.0826801925566756E-5","0.2803302225412778","0.0","3","6","false","hsa-mir-449a","26.5","0","3","1","0.971475316545739","false","0","hsa-mir-449a","608","0.5204081632653061","miRNA"
"3.408450704225352","0.0","0.29338842975206614","0.0","1","5","false","hsa-mir-448","79.0","0","1","0","0.9732394366197183","false","0","hsa-mir-448","0","0.0","miRNA"
"3.6274007682458387","2.3611039394037482E-5","0.27567949170490647","0.0","2","6","false","hsa-mir-433","23.0","0","2","0","0.9708066581306019","false","0","hsa-mir-433","1206","0.5365853658536586","miRNA"
"4.0051216389244555","0.0","0.24968030690537085","0.0","1","6","false","hsa-mir-431","13.0","0","1","0","0.966609759567506","false","0","hsa-mir-431","0","0.0","miRNA"
"3.9807938540332906","0.0","0.25120617561917014","0.0","1","6","false","hsa-mir-4295","40.0","0","1","0","0.9668800682885189","false","0","hsa-mir-4295","0","0.0","miRNA"
"2.641485275288092","0.00401936228866967","0.37857489093553076","0.02857142857142857","31","4","false","hsa-mir-429","32.95238095238095","0","31","7","0.9817612747190212","false","0","hsa-mir-429","141890","0.10011830819284236","miRNA"
"3.236875800256082","5.813339258546968E-5","0.30893987341772156","0.0","4","5","false","hsa-mir-425","54.0","0","4","1","0.975145824441599","false","0","hsa-mir-425","4058","0.4015151515151515","miRNA"
"3.2983354673495517","2.2680523332012614E-4","0.30318322981366463","0.0","5","5","false","MEF2C","21.8","0","5","0","0.9744629392516717","false","0","MEF2C","9138","0.23908045977011494","TF"
"2.943661971830986","0.0015530333412937128","0.3397129186602871","0.0","13","5","false","hsa-mir-424","29.166666666666668","0","13","1","0.9784037558685446","false","0","hsa-mir-424","50098","0.14083333333333334","miRNA"
"3.9807938540332906","0.0","0.25120617561917014","0.0","1","6","false","hsa-mir-421","40.0","0","1","0","0.9668800682885189","false","0","hsa-mir-421","0","0.0","miRNA"
"4.108834827144686","0.0","0.2433779993767529","0.0","1","6","false","hsa-mir-411","41.0","0","1","0","0.9654573908095034","false","0","hsa-mir-411","0","0.0","miRNA"
"3.9923175416133163","1.8053184323004725E-4","0.250481077613855","0.0","2","6","false","hsa-mir-410","25.5","0","2","0","0.9667520273154075","false","0","hsa-mir-410","1434","0.5","miRNA"
"4.108834827144686","0.0","0.2433779993767529","0.0","1","6","false","hsa-mir-409","41.0","0","1","0","0.9654573908095034","false","0","hsa-mir-409","0","0.0","miRNA"
"3.4250960307298337","0.0","0.2919626168224299","0.0","1","6","false","hsa-mir-383","63.0","0","1","0","0.9730544885474463","false","0","hsa-mir-383","0","0.0","miRNA"
"3.3943661971830985","2.8740773184294746E-4","0.2946058091286307","0.0","2","6","false","hsa-mir-382","53.0","0","2","0","0.97339593114241","false","0","hsa-mir-382","12918","0.5252525252525253","miRNA"
"3.441741357234315","2.9987147820684695E-4","0.29055059523809523","0.0","3","5","false","hsa-mir-381","61.5","0","3","1","0.9728695404751743","false","0","hsa-mir-381","14788","0.55","miRNA"
"4.108834827144686","0.0","0.2433779993767529","0.0","1","6","false","hsa-mir-379","41.0","0","1","0","0.9654573908095034","false","0","hsa-mir-379","0","0.0","miRNA"
"3.3649167733674776","0.0","0.2971841704718417","0.0","1","5","false","hsa-mir-378a","84.0","0","1","0","0.9737231469625836","false","0","hsa-mir-378a","0","0.0","miRNA"
"4.108834827144686","0.0","0.2433779993767529","0.0","1","6","false","hsa-mir-377","41.0","0","1","0","0.9654573908095034","false","0","hsa-mir-377","0","0.0","miRNA"
"3.348271446862996","4.7599402952702995E-4","0.2986615678776291","0.0","3","6","false","hsa-mir-376c","42.333333333333336","0","3","0","0.9739080950348556","false","0","hsa-mir-376c","19350","0.36904761904761907","miRNA"
"4.108834827144686","0.0","0.2433779993767529","0.0","1","6","false","hsa-mir-376b","41.0","0","1","0","0.9654573908095034","false","0","hsa-mir-376b","0","0.0","miRNA"
"4.01280409731114","3.7332497047868143E-4","0.24920229738353541","0.0","2","7","false","HDAC9","12.0","0","2","0","0.9665243989187651","false","0","HDAC9","12244","0.5","TF"
"4.048655569782331","2.580842835143749E-4","0.24699557242251738","0.0","3","6","false","hsa-mir-376a","21.5","0","3","1","0.9661260492246408","false","0","hsa-mir-376a","4888","0.5","miRNA"
"3.884763124199744","2.2371214830214964E-5","0.2574159525379038","0.0","3","6","false","hsa-mir-375","10.5","0","3","1","0.9679470763977805","false","0","hsa-mir-375","672","0.5","miRNA"
"4.065300896286812","0.0","0.24598425196850396","0.0","2","6","false","hsa-mir-374a","15.0","0","2","1","0.9659411011523688","false","0","hsa-mir-374a","0","0.0","miRNA"
"3.619718309859155","8.380204746572013E-6","0.27626459143968873","0.0","2","5","false","MBD2","14.0","0","2","0","0.9708920187793427","false","0","MBD2","120","0.5","TF"
"2.8758002560819462","0.001638766422902812","0.3477292965271594","0.03571428571428571","11","5","false","hsa-mir-373","42.875","0","11","1","0.9791577749324228","false","0","hsa-mir-373","32196","0.18475877192982457","miRNA"
"2.9692701664532652","2.613804179992593E-4","0.3367830961621388","0.06666666666666667","10","5","false","hsa-mir-372","41.833333333333336","0","10","2","0.9781192203727415","false","0","hsa-mir-372","8490","0.22252252252252253","miRNA"
"3.111395646606914","1.5791160671556248E-5","0.3213991769547325","0.0","3","5","false","hsa-mir-371a","69.0","0","3","1","0.9765400483710344","false","0","hsa-mir-371a","394","0.5271317829457365","miRNA"
"3.4250960307298337","0.0","0.2919626168224299","0.0","1","6","false","hsa-mir-370","63.0","0","1","0","0.9730544885474463","false","0","hsa-mir-370","0","0.0","miRNA"
"4.108834827144686","0.0","0.2433779993767529","0.0","1","6","false","hsa-mir-369","41.0","0","1","0","0.9654573908095034","false","0","hsa-mir-369","0","0.0","miRNA"
"3.475032010243278","4.200965659476059E-5","0.2877671333824613","0.16666666666666666","6","6","false","hsa-mir-367","22.75","0","6","2","0.9724996443306302","false","0","hsa-mir-367","1604","0.3423076923076923","miRNA"
"3.3047375160051216","1.869481222639069E-4","0.30259589306470364","0.0","6","5","false","hsa-mir-363","30.333333333333332","0","6","0","0.9743918053777209","false","0","hsa-mir-363","13296","0.29042904290429045","miRNA"
"3.386683738796415","1.175695577946796E-4","0.2952741020793951","0.0","3","6","false","hsa-mir-361","27.333333333333332","0","3","0","0.9734812917911508","false","0","hsa-mir-361","2852","0.3511111111111111","miRNA"
"3.088348271446863","3.504607306522347E-4","0.3237976782752902","0.0","20","5","false","hsa-mir-34c","49.0","0","20","1","0.9767961303172571","false","0","hsa-mir-34c","18086","0.2696629213483146","miRNA"
"3.023047375160051","8.331509182583907E-4","0.33079203727234224","0.0","9","5","false","SIRT1","26.444444444444443","0","9","0","0.977521695831555","false","0","SIRT1","31656","0.16522366522366522","TF"
"2.6043533930857876","0.010523249870384286","0.38397246804326446","0.023715415019762844","58","4","false","hsa-mir-34a","33.17391304347826","0","58","9","0.9821738511879357","false","0","hsa-mir-34a","286386","0.09795704557359874","miRNA"
"3.195902688860435","0.0027795634850237647","0.312900641025641","0.0","7","5","false","XBP1","24.333333333333332","0","7","1","0.9756010812348841","false","0","XBP1","85558","0.2028985507246377","TF"
"4.194622279129321","0.0","0.23840048840048841","0.0","2","6","false","hsa-mir-346","6.0","0","2","1","0.9645041968985631","false","0","hsa-mir-346","0","0.0","miRNA"
"3.825864276568502","1.2271410183261473E-5","0.2613788487282463","0.0","2","6","false","hsa-mir-342","14.0","0","2","0","0.9686015080381278","false","0","hsa-mir-342","310","0.5416666666666666","miRNA"
"3.408450704225352","0.0","0.29338842975206614","0.0","1","5","false","hsa-mir-340","79.0","0","1","0","0.9732394366197183","false","0","hsa-mir-340","0","0.0","miRNA"
"3.175416133162612","0.0010552532516078213","0.3149193548387097","0.0","6","5","false","NFYA","26.333333333333332","0","6","0","0.9758287096315266","false","0","NFYA","38296","0.20765027322404372","TF"
"3.759282970550576","5.275076382776222E-5","0.266008174386921","0.0","2","6","false","hsa-mir-33a","23.0","0","2","0","0.9693413003272159","false","0","hsa-mir-33a","1076","0.5","miRNA"
"3.8476312419974392","8.68681688670259E-5","0.2599001663893511","0.0","3","6","false","hsa-mir-338","14.5","0","3","1","0.9683596528666952","false","0","hsa-mir-338","456","0.5","miRNA"
"3.274007682458387","9.353118980598017E-4","0.3054360578803285","0.0","6","6","false","hsa-mir-335","26.2","0","6","1","0.9747332479726846","false","0","hsa-mir-335","11638","0.23551401869158878","miRNA"
"4.143405889884763","0.0","0.24134734239802227","0.0","1","6","false","hsa-mir-331","7.0","0","1","0","0.9650732678901693","false","0","hsa-mir-331","0","0.0","miRNA"
"3.7682458386683737","4.166874554990625E-5","0.2653754672103296","0.0","2","6","false","hsa-mir-330","27.0","0","2","0","0.9692417129036847","false","0","hsa-mir-330","1496","0.52","miRNA"
"3.681177976952625","0.0","0.27165217391304347","0.0","1","6","false","hsa-mir-324","38.0","0","1","0","0.9702091335894153","false","0","hsa-mir-324","0","0.0","miRNA"
"3.615877080665813","0.0","0.27655807365439095","0.0","1","6","false","hsa-mir-320b","44.0","0","1","0","0.9709346991037132","false","0","hsa-mir-320b","0","0.0","miRNA"
"3.204865556978233","1.966160820716774E-4","0.3120255693168198","0.0","4","6","false","hsa-mir-320a","43.75","0","4","0","0.975501493811353","false","0","hsa-mir-320a","14542","0.31433823529411764","miRNA"
"3.2791293213828423","8.943920459625149E-5","0.30495900039047247","0.0","3","6","false","hsa-mir-32","49.666666666666664","0","3","0","0.974676340873524","false","0","hsa-mir-32","4158","0.4022038567493113","miRNA"
"2.9359795134443023","0.0012795036462208565","0.3406018316615787","0.01282051282051282","18","4","false","hsa-mir-31","23.384615384615383","0","18","3","0.9784891165172854","false","0","hsa-mir-31","25636","0.1252136752136752","miRNA"
"3.4545454545454546","1.176234596862571E-4","0.2894736842105263","0.0","4","6","false","hsa-mir-30e","21.0","0","4","0","0.9727272727272728","false","0","hsa-mir-30e","3444","0.29850746268656714","miRNA"
"3.3367477592829706","2.423998914939219E-4","0.2996930161166539","0.0","6","5","false","GATA6","13.166666666666666","0","6","0","0.974036136007967","false","0","GATA6","8146","0.18159203980099503","TF"
"2.9539052496798974","9.927606350406295E-4","0.3385348938014738","0.0","11","5","false","hsa-mir-30d","31.77777777777778","0","11","2","0.9782899416702234","false","0","hsa-mir-30d","20346","0.16727053140096618","miRNA"
"2.9692701664532652","2.2396375707728716E-4","0.3367830961621388","0.0","8","5","false","hsa-mir-30c","50.8","0","8","3","0.9781192203727415","false","0","hsa-mir-30c","10166","0.28295454545454546","miRNA"
"2.910371318822023","1.9527781654558152E-4","0.34359876814782225","0.06666666666666667","6","5","false","hsa-mir-30b","64.33333333333333","0","6","0","0.9787736520130885","false","0","hsa-mir-30b","12772","0.29475308641975306","miRNA"
"3.230473751600512","1.560914515786603E-4","0.3095521204914784","0.0","5","6","false","hsa-mir-30a","36.0","0","5","0","0.9752169583155499","false","0","hsa-mir-30a","7070","0.26717557251908397","miRNA"
"3.475032010243278","4.200965659476059E-5","0.2877671333824613","0.16666666666666666","7","6","false","hsa-mir-302d","22.75","0","7","2","0.9724996443306302","false","0","hsa-mir-302d","1604","0.3423076923076923","miRNA"
"3.475032010243278","4.200965659476059E-5","0.2877671333824613","0.16666666666666666","7","6","false","hsa-mir-302c","22.75","0","7","2","0.9724996443306302","false","0","hsa-mir-302c","1604","0.3423076923076923","miRNA"
"3.441741357234315","1.7324609118537704E-4","0.29055059523809523","0.1","8","6","false","hsa-mir-302b","19.6","0","8","2","0.9728695404751743","false","0","hsa-mir-302b","4016","0.2753623188405797","miRNA"
"3.3367477592829706","1.539204163490641E-4","0.2996930161166539","0.1","8","6","false","hsa-mir-302a","22.2","0","8","2","0.974036136007967","false","0","hsa-mir-302a","4170","0.26024096385542167","miRNA"
"3.4852752880921893","4.043843605283926E-5","0.28692138133725203","0.0","2","6","false","hsa-mir-301b","33.5","0","2","0","0.9723858301323091","false","0","hsa-mir-301b","1074","0.5158730158730159","miRNA"
"3.111395646606914","3.119354535225738E-4","0.3213991769547325","0.1","5","5","false","hsa-mir-301a","41.8","0","5","0","0.9765400483710344","false","0","hsa-mir-301a","10426","0.2675324675324675","miRNA"
"3.5236875800256082","0.0","0.28379360465116277","0.0","2","5","false","hsa-mir-300","82.0","0","2","1","0.9719590268886044","false","0","hsa-mir-300","0","0.0","miRNA"
"2.8104993597951347","0.0012383468962368078","0.35580865603644646","0.05454545454545454","13","4","false","hsa-mir-29c","49.90909090909091","0","13","2","0.9798833404467208","false","0","hsa-mir-29c","60128","0.1887843956809474","miRNA"
"3.183098591549296","1.2581415327966305E-4","0.3141592920353982","0.0","6","5","false","YBX1","26.0","0","6","1","0.9757433489827856","false","0","YBX1","6864","0.25","TF"
"3.3072983354673497","6.349428484428923E-5","0.30236159504452187","0.0","4","5","false","JUND","27.0","0","4","0","0.9743633518281405","false","0","JUND","3598","0.3058823529411765","TF"
"2.6350832266325224","0.0076754652961769166","0.37949465500485907","0.025974025974025976","31","4","false","hsa-mir-29b","31.863636363636363","0","31","6","0.981832408592972","false","0","hsa-mir-29b","183414","0.09349482852476865","miRNA"
"3.325224071702945","6.010903046411523E-5","0.30073161340007704","0.0","4","5","false","GLI1","19.75","0","4","0","0.9741641769810784","false","0","GLI1","2588","0.3232758620689655","TF"
"2.7900128040973113","0.003926582516279193","0.3584212941716383","0.009523809523809525","21","5","false","hsa-mir-29a","32.666666666666664","0","21","4","0.9801109688433631","false","0","hsa-mir-29a","101764","0.12669322709163347","miRNA"
"4.108834827144686","0.0","0.2433779993767529","0.0","1","6","false","hsa-mir-299","41.0","0","1","0","0.9654573908095034","false","0","hsa-mir-299","0","0.0","miRNA"
"3.775928297055058","3.088473258894847E-5","0.2648355374703289","0.0","2","6","false","hsa-mir-296","28.0","0","2","0","0.9691563522549438","false","0","hsa-mir-296","1472","0.5094339622641509","miRNA"
"3.496798975672215","0.0","0.2859758330281948","0.0","1","6","false","hsa-mir-28","71.0","0","1","0","0.9722577891591976","false","0","hsa-mir-28","0","0.0","miRNA"
"2.996158770806658","0.0010156022154541844","0.3337606837606838","0.0","13","5","false","hsa-mir-27b","44.7","0","13","3","0.9778204581021482","false","0","hsa-mir-27b","66834","0.2142156862745098","miRNA"
"2.6030729833546733","0.0047285271066643585","0.3841613379242499","0.03676470588235294","24","4","false","hsa-mir-27a","44.88235294117647","0","24","5","0.9821880779627258","false","0","hsa-mir-27a","176508","0.12821824381926683","miRNA"
"3.496798975672215","0.0","0.2859758330281948","0.0","3","6","false","hsa-mir-26b","71.0","0","3","1","0.9722577891591976","false","0","hsa-mir-26b","0","0.0","miRNA"
"2.882202304737516","7.271216374504141E-4","0.3469569080408707","0.027777777777777776","23","5","false","hsa-mir-26a","47.111111111111114","0","23","4","0.979086641058472","false","0","hsa-mir-26a","31648","0.2087087087087087","miRNA"
"3.139564660691421","5.434614410347285E-4","0.31851549755301795","0.0","11","5","false","hsa-mir-25","29.555555555555557","0","11","2","0.9762270593256509","false","0","hsa-mir-25","30316","0.18910963944076528","miRNA"
"2.6939820742637646","0.0036469302044481082","0.3711977186311787","0.016666666666666666","24","4","false","hsa-mir-24","44.6875","0","24","7","0.9811779769526249","false","0","hsa-mir-24","163952","0.1457641196013289","miRNA"
"2.9590268886043534","5.561687559776338E-4","0.33794893985287755","0.0","9","5","false","ESR2","28.555555555555557","0","9","0","0.9782330345710627","false","0","ESR2","31240","0.17222222222222222","TF"
"2.8732394366197185","0.0019448555440435085","0.3480392156862745","0.0","19","5","false","hsa-mir-23b","51.0","0","19","4","0.9791862284820032","false","0","hsa-mir-23b","116056","0.1968503937007874","miRNA"
"3.346991037131882","5.4119875655399524E-5","0.29877582249426166","0.0","7","5","false","MEN1","18.333333333333332","0","7","1","0.9739223218096457","false","0","MEN1","4388","0.3333333333333333","TF"
"2.6786171574903967","0.003356795132248244","0.37332695984703634","0.025","19","4","false","hsa-mir-23a","40.1875","0","19","2","0.9813486982501067","false","0","hsa-mir-23a","113554","0.1253968253968254","miRNA"
"3.028169014084507","3.5272916530946813E-4","0.3302325581395349","0.0","10","5","false","hsa-mir-224","67.0","0","10","3","0.9774647887323943","false","0","hsa-mir-224","27928","0.3251231527093596","miRNA"
"3.7285531370038414","2.2618579658502763E-5","0.26820054945054944","0.0","2","6","false","HEY1","9.0","0","2","0","0.9696827429221795","false","0","HEY1","642","0.5","TF"
"2.82842509603073","0.002595754297416178","0.3535536441828882","0.027777777777777776","16","5","false","hsa-mir-223","36.55555555555556","0","16","4","0.9796841655996585","false","0","hsa-mir-223","42256","0.15761135584924132","miRNA"
"2.8386683738796417","0.0020289366175048735","0.3522778529544429","0.0","18","4","false","hsa-mir-222","35.75","0","18","5","0.9795703514013373","false","0","hsa-mir-222","51788","0.1478723404255319","miRNA"
"3.4878361075544175","2.1533284537965897E-5","0.2867107195301028","0.0","3","5","false","RBPJ","17.0","0","3","0","0.9723573765827287","false","0","RBPJ","706","0.4444444444444444","TF"
"3.3329065300896286","3.156529887320757E-5","0.3000384172109105","0.0","2","5","false","NFKB2","51.5","0","2","0","0.9740788163323374","false","0","NFKB2","1024","0.5153061224489796","TF"
"2.81562099871959","0.0026556636783406007","0.35516143701682584","0.0","19","4","false","hsa-mir-221","35.53846153846154","0","19","5","0.97982643334756","false","0","hsa-mir-221","79886","0.14213358657803102","miRNA"
"3.0960307298335468","2.1716782185340504E-4","0.3229942100909843","0.0","6","5","false","MTA1","27.166666666666668","0","6","0","0.9767107696685162","false","0","MTA1","9496","0.19240196078431374","TF"
"2.8348271446862996","0.0018969144477490967","0.35275519421860885","0.0","16","5","false","hsa-mir-22","49.5","0","16","4","0.9796130317257078","false","0","hsa-mir-22","75904","0.19322709163346613","miRNA"
"3.3149807938540334","2.5390446717555226E-5","0.3016608729239088","0.0","2","5","false","hsa-mir-219a","64.5","0","2","0","0.9742779911793996","false","0","hsa-mir-219a","2046","0.5772727272727273","miRNA"
"3.24583866837388","9.472667076557333E-5","0.3080867850098619","0.0","5","6","false","hsa-mir-218","44.5","0","5","1","0.975046237018068","false","0","hsa-mir-218","5050","0.34523809523809523","miRNA"
"3.212548015364917","2.743943112850679E-4","0.3112793941809486","0.0","4","5","false","SUZ12","30.75","0","4","0","0.975416133162612","false","0","SUZ12","4780","0.2860576923076923","TF"
"3.2829705505761844","2.9669444299200095E-4","0.3046021840873635","0.0","3","5","false","NF1","19.333333333333332","0","3","0","0.9746336605491536","false","0","NF1","2970","0.3333333333333333","TF"
"3.6299615877080664","7.047381744838706E-5","0.27548500881834215","0.0","3","6","false","hsa-mir-217","13.666666666666666","0","3","0","0.9707782045810215","false","0","hsa-mir-217","438","0.3619047619047619","miRNA"
"3.681177976952625","0.0","0.27165217391304347","0.0","1","6","false","hsa-mir-216a","28.0","0","1","0","0.9702091335894153","false","0","hsa-mir-216a","0","0.0","miRNA"
"4.115236875800256","2.3146432904956116E-5","0.24299937772246424","0.0","2","6","false","CDX1","4.0","0","2","0","0.9653862569355528","false","0","CDX1","970","0.5","TF"
"3.5185659411011523","9.518657167947631E-4","0.2842066957787482","0.0","5","5","false","hsa-mir-215","42.0","0","5","1","0.9720159339877649","false","0","hsa-mir-215","22950","0.5","miRNA"
"3.6619718309859155","2.431964593583268E-5","0.27307692307692305","0.0","2","5","false","CUX1","12.0","0","2","0","0.9704225352112675","false","0","CUX1","372","0.5","TF"
"2.8693982074263764","0.003546516582617885","0.3485051316376618","0.03636363636363636","19","5","false","hsa-mir-214","34.63636363636363","0","19","4","0.9792289088063737","false","0","hsa-mir-214","71688","0.1474308300395257","miRNA"
"3.1971830985915495","2.5081010573994926E-4","0.31277533039647576","0.0","8","5","false","hsa-mir-212","35.0","0","8","2","0.9755868544600939","false","0","hsa-mir-212","10094","0.25757575757575757","miRNA"
"3.1997439180537772","2.7346482768325555E-4","0.3125250100040016","0.0","7","5","false","VHL","28.833333333333332","0","7","1","0.9755584009105135","false","0","VHL","15060","0.21744791666666666","TF"
"2.9039692701664532","4.7399950887886034E-4","0.3443562610229277","0.0","19","4","false","hsa-mir-210","50.0","0","19","5","0.9788447858870394","false","0","hsa-mir-210","17644","0.23222748815165878","miRNA"
"3.290653008962868","0.0","0.3038910505836576","1.0","3","5","false","ZBTB7A","37.5","0","3","1","0.9745482999004126","false","0","ZBTB7A","0","0.5357142857142857","TF"
"2.937259923175416","6.957784972221193E-4","0.34045335658238884","0.03636363636363636","11","5","false","RUNX2","31.09090909090909","0","11","0","0.9784748897424953","false","0","RUNX2","23948","0.1581439393939394","TF"
"3.4161331626120357","9.130483565632827E-6","0.29272863568215896","0.0","2","5","false","ETV5","31.0","0","2","0","0.9731540759709774","false","0","ETV5","674","0.5769230769230769","TF"
"3.297055057618438","2.3397008066281967E-4","0.30330097087378644","0.0","5","5","false","CREBBP","25.75","0","5","1","0.9744771660264618","false","0","CREBBP","7016","0.275","TF"
"2.725992317541613","0.012285186789879169","0.3668388914983561","0.011396011396011397","51","4","false","hsa-mir-21","24.555555555555557","0","51","12","0.980822307582871","false","0","hsa-mir-21","320786","0.08728213507625272","miRNA"
"3.1139564660691423","5.09275985933072E-4","0.3211348684210526","0.0","8","5","false","hsa-mir-20b","37.875","0","8","0","0.976511594821454","false","0","hsa-mir-20b","33594","0.22762345679012347","miRNA"
"2.6837387964148527","0.004638731982888653","0.3726145038167939","0.003952569169960474","30","5","false","hsa-mir-20a","36.30434782608695","0","30","6","0.981291791150946","false","0","hsa-mir-20a","314264","0.11565785734583689","miRNA"
"3.6069142125480154","1.1566974623822461E-4","0.2772452964146255","0.0","6","6","false","hsa-mir-206","13.0","0","6","1","0.9710342865272442","false","0","hsa-mir-206","4798","0.3076923076923077","miRNA"
"2.884763124199744","0.0010138740387093193","0.34664891256102975","0.07142857142857142","15","4","false","hsa-mir-205","43.25","0","15","5","0.9790581875088916","false","0","hsa-mir-205","31772","0.1886061946902655","miRNA"
"3.268886043533931","6.162736560495153E-5","0.3059146102624363","0.0","5","6","false","hsa-mir-204","50.0","0","5","1","0.9747901550718453","false","0","hsa-mir-204","2690","0.4188034188034188","miRNA"
"3.3213828425096033","2.5390848031899276E-4","0.3010794140323824","0.0","7","5","false","hsa-mir-202","39.0","0","7","3","0.9742068573054488","false","0","hsa-mir-202","6600","0.33043478260869563","miRNA"
"3.322663252240717","6.852938453164725E-5","0.30096339113680154","0.0","4","5","false","ERG","17.5","0","4","0","0.9741926305306587","false","0","ERG","1772","0.2894736842105263","TF"
"2.5659411011523687","0.011622876102280228","0.38972055888223556","0.021739130434782608","34","4","false","hsa-mir-200c","30.375","0","34","5","0.9826006544316405","false","0","hsa-mir-200c","302252","0.08464285714285714","miRNA"
"2.530089628681178","0.013240204219332535","0.39524291497975705","0.014778325123152709","46","4","false","hsa-mir-200b","30.96551724137931","0","46","9","0.9829990041257647","false","0","hsa-mir-200b","454824","0.08334920937321394","miRNA"
"3.3418693982074266","1.3778905995894122E-4","0.2992337164750958","0.0","4","5","false","SIX1","22.5","0","4","0","0.9739792289088064","false","0","SIX1","3148","0.4479166666666667","TF"
"3.384122919334187","4.107246964727561E-4","0.2954975406734771","0.0","6","5","false","FOXF2","16.666666666666668","0","6","0","0.9735097453407312","false","0","FOXF2","9264","0.34057971014492755","TF"
"2.581306017925736","0.009507815098655179","0.38740079365079366","0.018115942028985508","37","4","false","hsa-mir-200a","29.875","0","37","8","0.9824299331341584","false","0","hsa-mir-200a","315650","0.08579154375614553","miRNA"
"2.651728553137004","0.005491896499786813","0.3771125060357315","0.0036231884057971015","36","4","false","hsa-mir-19b","34.583333333333336","0","36","9","0.9816474605207","false","0","hsa-mir-19b","311268","0.10687830687830688","miRNA"
"2.709346991037132","0.003957474070623977","0.3690926275992438","0.004329004329004329","32","5","false","hsa-mir-19a","35.0","0","32","8","0.9810072556551429","false","0","hsa-mir-19a","276456","0.1147842056932966","miRNA"
"2.8015364916773366","0.002088364155598006","0.3569469835466179","0.05128205128205128","24","4","false","hsa-mir-199a","34.61538461538461","0","24","5","0.9799829278702518","false","0","hsa-mir-199a","63888","0.1396595208070618","miRNA"
"3.6338028169014085","1.4987541742000817E-4","0.2751937984496124","0.0","3","5","false","PBX1","12.666666666666666","0","3","0","0.970735524256651","false","0","PBX1","4602","0.3645833333333333","TF"
"3.6338028169014085","1.4987541742000817E-4","0.2751937984496124","0.0","3","5","false","MEIS1","12.666666666666666","0","3","0","0.970735524256651","false","0","MEIS1","4602","0.3645833333333333","TF"
"3.491677336747759","2.910800470492086E-4","0.2863953061972864","0.0","4","5","false","HOXA9","13.5","0","4","0","0.9723146962583583","false","0","HOXA9","8558","0.2840909090909091","TF"
"3.865556978233035","1.6960168540206154E-4","0.25869493209672073","0.0","5","6","false","hsa-mir-196b","5.6","0","5","0","0.968160478019633","false","0","hsa-mir-196b","4156","0.23","miRNA"
"3.2804097311139566","1.6970921710635236E-4","0.304839968774395","0.0","4","5","false","hsa-mir-196a","53.333333333333336","0","4","1","0.9746621140987337","false","0","hsa-mir-196a","4284","0.4254742547425474","miRNA"
"3.134443021766965","4.409148749699184E-4","0.31903594771241833","0.0","7","6","false","hsa-mir-195","40.166666666666664","0","7","1","0.9762839664248114","false","0","hsa-mir-195","16838","0.2478902953586498","miRNA"
"3.4314980793854035","3.979996331915992E-4","0.29141791044776116","0.0","10","5","false","hsa-mir-194","42.666666666666664","0","10","3","0.9729833546734955","false","0","hsa-mir-194","17914","0.37537537537537535","miRNA"
"3.2189500640204867","0.0013928316115282779","0.31066030230708036","0.0","4","5","false","hsa-mir-193b","56.333333333333336","0","4","1","0.9753449992886613","false","0","hsa-mir-193b","57586","0.4129353233830846","miRNA"
"3.3687580025608193","2.2760659172504246E-4","0.29684530596731284","0.0","7","6","false","hsa-mir-193a","23.0","0","7","2","0.9736804666382131","false","0","hsa-mir-193a","9494","0.23655913978494625","miRNA"
"2.843790012804097","0.0022858192942810996","0.35164340387212967","0.047619047619047616","21","4","false","hsa-mir-192","48.57142857142857","0","21","5","0.9795134443021768","false","0","hsa-mir-192","87010","0.2053954629061925","miRNA"
"2.910371318822023","2.4947549630620325E-4","0.34359876814782225","0.0","7","4","false","hsa-mir-191","56.6","0","7","2","0.9787736520130885","false","0","hsa-mir-191","12810","0.2725490196078431","miRNA"
"3.681177976952625","0.0","0.27165217391304347","0.0","1","6","false","hsa-mir-190a","28.0","0","1","0","0.9702091335894153","false","0","hsa-mir-190a","0","0.0","miRNA"
"3.1241997439180538","4.0772893798108803E-4","0.32008196721311477","0.0","8","5","false","hsa-mir-18b","37.125","0","8","0","0.9763977806231328","false","0","hsa-mir-18b","31590","0.22720125786163523","miRNA"
"2.709346991037132","0.003957474070623977","0.3690926275992438","0.004329004329004329","29","5","false","hsa-mir-18a","35.0","0","29","6","0.9810072556551429","false","0","hsa-mir-18a","276456","0.1147842056932966","miRNA"
"3.3649167733674776","0.0","0.2971841704718417","0.0","1","5","false","hsa-mir-188","84.0","0","1","0","0.9737231469625836","false","0","hsa-mir-188","0","0.0","miRNA"
"3.30089628681178","1.9048048821358865E-4","0.3029480217222653","0.0","4","6","false","hsa-mir-185","33.5","0","4","0","0.9744344857020913","false","0","hsa-mir-185","6814","0.2981651376146789","miRNA"
"2.8412291933418694","0.004063984810843137","0.3519603424966201","0.0","17","5","false","hsa-mir-183","35.07142857142857","0","17","3","0.9795418978517569","false","0","hsa-mir-183","177374","0.137941006362059","miRNA"
"3.224071702944942","5.1180389277355055E-5","0.3101667990468626","0.0","4","5","false","HSF2","23.75","0","4","0","0.9752880921895006","false","0","HSF2","1634","0.35546875","TF"
"2.6683738796414853","0.007306475546731492","0.3747600767754319","0.007352941176470588","24","5","false","hsa-mir-182","36.0","0","24","5","0.981462512448428","false","0","hsa-mir-182","271134","0.11784445321752862","miRNA"
"3.436619718309859","8.343676606022741E-5","0.29098360655737704","0.0","3","6","false","hsa-mir-181d","37.666666666666664","0","3","0","0.9729264475743349","false","0","hsa-mir-181d","5444","0.4365079365079365","miRNA"
"2.9539052496798974","2.975384328770215E-4","0.3385348938014738","0.0","6","4","false","hsa-mir-181c","41.166666666666664","0","6","0","0.9782899416702234","false","0","hsa-mir-181c","11508","0.2206959706959707","miRNA"
"2.888604353393086","0.0013007207016132154","0.3461879432624113","0.03636363636363636","17","5","false","hsa-mir-181b","31.727272727272727","0","17","6","0.9790155071845212","false","0","hsa-mir-181b","41328","0.15048543689320387","miRNA"
"3.1638924455825865","2.0011678214667728E-4","0.3160663698907325","0.0","8","5","false","TCF7L2","24.2","0","8","3","0.9759567506046379","false","0","TCF7L2","5000","0.23434343434343435","TF"
"3.057618437900128","6.534390829193906E-4","0.3270519262981575","0.0","8","5","false","HDAC3","23.75","0","8","0","0.9771375729122208","false","0","HDAC3","25490","0.17635658914728683","TF"
"2.793854033290653","0.002654674308990053","0.3579285059578369","0.02197802197802198","21","5","false","hsa-mir-181a","28.714285714285715","0","21","5","0.9800682885189927","false","0","hsa-mir-181a","56656","0.11965811965811966","miRNA"
"3.564660691421255","2.4717792102803304E-4","0.2805316091954023","0.0","13","5","false","TLX1","20.285714285714285","0","13","6","0.9715037700953194","false","0","TLX1","6916","0.6650246305418719","TF"
"3.0921895006402047","0.0010841193247542894","0.3233954451345756","0.0","12","5","false","SREBF2","23.75","0","12","0","0.9767534499928866","false","0","SREBF2","70646","0.19444444444444445","TF"
"3.207426376440461","0.0023414054009862338","0.31177644710578845","0.0","15","5","false","NANOG","14.866666666666667","0","15","0","0.9754730402617726","false","0","NANOG","66534","0.17777777777777778","TF"
"3.390524967989757","5.142387887051441E-4","0.2949395770392749","0.0","9","5","false","HES1","18.555555555555557","0","9","0","0.9734386114667805","false","0","HES1","14000","0.3735224586288416","TF"
"2.6965428937259923","0.004573074447765977","0.3708452041785375","0.003952569169960474","33","5","false","hsa-mir-17","36.91304347826087","0","33","6","0.9811495234030445","false","0","hsa-mir-17","321412","0.11960132890365449","miRNA"
"2.9897567221510886","9.969142548515212E-4","0.334475374732334","0.0","20","5","false","hsa-mir-16","42.2","0","20","4","0.9778915919760991","false","0","hsa-mir-16","61768","0.19342723004694837","miRNA"
"3.207426376440461","3.7356223096412047E-4","0.31177644710578845","0.0","7","5","false","REL","20.0","0","7","0","0.9754730402617726","false","0","REL","15190","0.19387755102040816","TF"
"3.2253521126760565","3.526001969930311E-4","0.31004366812227074","0.0","9","5","false","hsa-mir-15b","31.666666666666668","0","9","3","0.9752738654147104","false","0","hsa-mir-15b","12762","0.23772609819121446","miRNA"
"3.3994878361075545","1.6547108398602968E-4","0.2941619585687382","0.0","5","5","false","PAX5","20.2","0","5","0","0.9733390240432495","false","0","PAX5","9970","0.2430379746835443","TF"
"3.083226632522407","6.860825698033536E-4","0.3243355481727575","0.0","12","5","false","hsa-mir-15a","40.875","0","12","3","0.9768530374164176","false","0","hsa-mir-15a","31858","0.22401685393258428","miRNA"
"3.402048655569782","7.278517694878268E-5","0.29394053443733537","0.0","4","5","false","IRF3","18.5","0","4","0","0.9733105704936691","false","0","IRF3","3984","0.30701754385964913","TF"
"3.0243277848911654","6.019127208355329E-4","0.33065198983911936","0.0","12","5","false","HDAC4","23.727272727272727","0","12","1","0.9775074690567648","false","0","HDAC4","29882","0.18037518037518038","TF"
"3.291933418693982","7.724912053336456E-4","0.3037728510307274","0.0","5","5","false","ETS2","21.0","0","5","0","0.9745340731256223","false","0","ETS2","24374","0.24390243902439024","TF"
"3.18437900128041","3.0750453009614857E-4","0.314032971451548","0.0","4","5","false","BCL6","35.5","0","4","0","0.9757291222079955","false","0","BCL6","7824","0.28512396694214875","TF"
"2.736235595390525","0.006025187280404854","0.3654656059897052","0.01904761904761905","42","5","false","hsa-mir-155","31.952380952380953","0","42","9","0.9807084933845497","false","0","hsa-mir-155","179336","0.11219595751969853","miRNA"
"4.108834827144686","0.0","0.2433779993767529","0.0","1","6","false","hsa-mir-154","41.0","0","1","0","0.9654573908095034","false","0","hsa-mir-154","0","0.0","miRNA"
"3.471190781049936","5.2356383299003693E-5","0.2880855772777573","0.0","4","6","false","hsa-mir-152","26.333333333333332","0","4","1","0.9725423246550007","false","0","hsa-mir-152","1922","0.3781094527363184","miRNA"
"3.5236875800256082","0.0","0.28379360465116277","0.0","2","5","false","hsa-mir-151a","82.0","0","2","1","0.9719590268886044","false","0","hsa-mir-151a","0","0.0","miRNA"
"2.942381562099872","0.0039814666319705205","0.3398607484769364","0.0","16","5","false","hsa-mir-150","39.07692307692308","0","16","3","0.9784179826433348","false","0","hsa-mir-150","191850","0.16483516483516483","miRNA"
"3.302176696542894","5.2344903655974673E-5","0.30283055447848","0.0","3","5","false","hsa-mir-149","66.0","0","3","1","0.9744202589273012","false","0","hsa-mir-149","3294","0.5462184873949579","miRNA"
"3.859154929577465","0.0","0.25912408759124084","0.0","1","6","false","hsa-mir-148b","22.0","0","1","0","0.9682316118935836","false","0","hsa-mir-148b","0","0.0","miRNA"
"2.9846350832266326","0.0012897753668085071","0.33504933504933504","0.0","15","5","false","hsa-mir-148a","40.22222222222222","0","15","4","0.9779484990752596","false","0","hsa-mir-148a","49646","0.18588730911005794","miRNA"
"2.916773367477593","0.0017523751286373129","0.3428446005267779","0.0","14","5","false","hsa-mir-146b","41.18181818181818","0","14","1","0.9787025181391379","false","0","hsa-mir-146b","64938","0.18264462809917356","miRNA"
"3.2227912932138283","5.092075247299056E-5","0.310290027810886","0.0","7","5","false","ZBTB16","22.25","0","7","3","0.9753023189642908","false","0","ZBTB16","946","0.3079710144927536","TF"
"3.409731113956466","7.200147333261559E-5","0.2932782576042058","0.0","5","5","false","EGR3","16.0","0","5","1","0.9732252098449281","false","0","EGR3","3270","0.2830188679245283","TF"
"2.9820742637644044","0.0021495732104225523","0.33533705452984114","0.0","17","5","false","BRCA1","19.307692307692307","0","17","2","0.97797695262484","false","0","BRCA1","73312","0.11587147030185005","TF"
"2.731113956466069","0.003682980241343091","0.3661509610876699","0.013071895424836602","34","4","false","hsa-mir-146a","39.22222222222222","0","34","9","0.9807654004837103","false","0","hsa-mir-146a","132206","0.1337591947348045","miRNA"
"3.3764404609475034","0.0025919149526408246","0.2961698900265453","0.0","4","5","false","FOXO1","19.0","0","4","0","0.9735951059894722","false","0","FOXO1","57912","0.2857142857142857","TF"
"2.6952624839948784","0.007775792431736636","0.371021377672209","0.019762845849802372","40","4","false","hsa-mir-145","25.434782608695652","0","40","8","0.9811637501778346","false","0","hsa-mir-145","191974","0.08650045606567346","miRNA"
"3.285531370038412","2.100554430034061E-4","0.3043647700701481","0.0","12","5","false","TAL1","14.142857142857142","0","12","3","0.9746052069995732","false","0","TAL1","8454","0.2021978021978022","TF"
"3.409731113956466","9.830112333862914E-5","0.2932782576042058","0.0","2","5","false","GATA4","48.5","0","2","0","0.9732252098449281","false","0","GATA4","5658","0.5053191489361702","TF"
"2.937259923175416","0.001686097197182254","0.34045335658238884","0.01904761904761905","15","5","false","ELK1","21.133333333333333","0","15","0","0.9784748897424953","false","0","ELK1","72102","0.1373873873873874","TF"
"3.41101152368758","3.99378516817325E-4","0.29316816816816815","0.0","7","6","false","hsa-mir-144","16.0","0","7","0","0.973210983070138","false","0","hsa-mir-144","12752","0.18292682926829268","miRNA"
"3.0768245838668373","6.452863733739846E-4","0.32501040366208905","0.01818181818181818","28","5","false","TP73","20.181818181818183","0","28","9","0.9769241712903685","false","0","TP73","29782","0.19758812615955473","TF"
"2.914212548015365","0.005513729193475319","0.3431458699472759","0.0","23","5","false","SMAD4","15.80952380952381","0","23","1","0.9787309716887181","false","0","SMAD4","138718","0.0903019744483159","TF"
"3.320102432778489","4.994983025749873E-4","0.3011955264172773","0.0","7","5","false","RARA","14.714285714285714","0","7","0","0.9742210840802391","false","0","RARA","14178","0.2046908315565032","TF"
"3.329065300896287","5.2045597133828895E-5","0.30038461538461536","0.0","3","5","false","NR1H2","36.333333333333336","0","3","0","0.9741214966567079","false","0","NR1H2","3246","0.3970037453183521","TF"
"3.318822023047375","3.216214588722569E-4","0.30131172839506176","0.0","9","5","false","NKX2-5","22.22222222222222","0","9","0","0.9742353108550291","false","0","NKX2-5","21024","0.3368606701940035","TF"
"3.322663252240717","2.889586210338431E-4","0.30096339113680154","0.0","8","5","false","MKL1","16.5","0","8","2","0.9741926305306587","false","0","MKL1","9558","0.24603174603174602","TF"
"2.9078104993597953","0.0033350411441226253","0.3439013650374284","0.006535947712418301","24","5","false","hsa-mir-143","26.11111111111111","0","24","5","0.9788021055626689","false","0","hsa-mir-143","124636","0.11516996448503297","miRNA"
"3.0742637644046096","0.0013824053403520549","0.3252811328613078","0.0","7","5","false","STAT6","21.428571428571427","0","7","0","0.9769526248399488","false","0","STAT6","35588","0.1535982814178303","TF"
"3.0256081946222793","0.0054225506487875635","0.3305120609394837","0.0","24","5","false","SPI1","16.714285714285715","0","24","2","0.9774932422819747","false","0","SPI1","196024","0.11904761904761904","TF"
"3.3687580025608193","4.671317618482125E-4","0.29684530596731284","0.0","4","5","false","EGR2","19.75","0","4","0","0.9736804666382131","false","0","EGR2","7814","0.2604166666666667","TF"
"3.0243277848911654","0.0027530743400638103","0.33065198983911936","0.0","17","5","false","DNMT1","17.0625","0","17","1","0.9775074690567648","false","0","DNMT1","131208","0.12548828125","TF"
"3.003841229193342","0.0017042598498748902","0.3329070758738278","0.0","10","5","false","hsa-mir-142","33.22222222222222","0","10","1","0.9777350974534074","false","0","hsa-mir-142","50994","0.1603095632946379","miRNA"
"2.9628681177976954","0.004588396793203713","0.33751080380293863","0.0","16","5","false","MYB","17.933333333333334","0","16","1","0.9781903542466922","false","0","MYB","103836","0.11924882629107982","TF"
"2.9923175416133163","3.7647929418944926E-4","0.33418913136499784","0.0","9","5","false","EP300","26.75","0","9","1","0.9778631384265187","false","0","EP300","21478","0.18525179856115107","TF"
"2.672215108834827","0.0031053448662070188","0.3742213703881169","0.029411764705882353","23","4","false","hsa-mir-141","33.88235294117647","0","23","6","0.9814198321240576","false","0","hsa-mir-141","88490","0.10822760476739715","miRNA"
"3.5057618437900127","3.4635947193469957E-4","0.2852447041636231","0.0","5","5","false","SOX9","14.25","0","5","1","0.9721582017356666","false","0","SOX9","5240","0.25","TF"
"3.4609475032010244","1.7201509729749032E-4","0.2889382167961524","0.0","4","5","false","hsa-mir-140","24.333333333333332","0","4","1","0.9726561388533219","false","0","hsa-mir-140","4732","0.4166666666666667","miRNA"
"3.2253521126760565","1.8063102243929554E-4","0.31004366812227074","0.0","5","5","false","hsa-mir-139","43.5","0","5","1","0.9752738654147104","false","0","hsa-mir-139","8560","0.32196969696969696","miRNA"
"3.00640204865557","0.0062032687219998025","0.33262350936967633","0.0","14","5","false","GATA1","15.846153846153847","0","14","1","0.977706643903827","false","0","GATA1","151206","0.11332941867293013","TF"
"3.761843790012804","7.114328767403301E-5","0.26582709326072157","0.0","5","6","false","hsa-mir-138","12.333333333333334","0","5","2","0.9693128467776355","false","0","hsa-mir-138","940","0.3541666666666667","miRNA"
"3.887323943661972","2.2714647425276384E-5","0.2572463768115942","0.0","2","7","false","MECP2","9.5","0","2","0","0.9679186228482004","false","0","MECP2","172","0.5","TF"
"3.4507042253521125","5.559630640215299E-4","0.28979591836734697","0.0","5","5","false","FOXD3","7.2","0","5","0","0.9727699530516432","false","0","FOXD3","15222","0.2","TF"
"3.156209987195903","0.001729173169762967","0.31683569979716025","0.047619047619047616","8","6","false","hsa-mir-137","21.857142857142858","0","8","1","0.9760421112533788","false","0","hsa-mir-137","30776","0.1718931475029036","miRNA"
"2.654289372599232","0.011884189704092166","0.376748673420164","0.0015873015873015873","39","5","false","SMAD3","22.25","0","39","3","0.9816190069711196","false","0","SMAD3","492462","0.08009607351712615","TF"
"3.345710627400768","1.1443643212012504E-5","0.29889016456180634","0.0","2","5","false","hsa-mir-136","57.5","0","2","0","0.973936548584436","false","0","hsa-mir-136","824","0.576530612244898","miRNA"
"3.3354673495518568","1.3383875073698625E-4","0.2998080614203455","0.0","5","5","false","PAX6","21.6","0","5","0","0.974050362782757","false","0","PAX6","4778","0.24819277108433735","TF"
"3.468629961587708","5.633147764278241E-4","0.2882982650424511","0.0","5","5","false","HSF1","13.4","0","5","0","0.972570778204581","false","0","HSF1","11710","0.22545454545454546","TF"
"3.1613316261203583","2.1022030532635565E-4","0.31632239773187526","0.0","7","5","false","FOXM1","28.142857142857142","0","7","0","0.9759852041542183","false","0","FOXM1","12142","0.2741702741702742","TF"
"3.151088348271447","7.174953314707817E-4","0.31735067045916293","0.0","6","6","false","hsa-mir-135b","27.0","0","6","0","0.9760990183525395","false","0","hsa-mir-135b","18598","0.208","miRNA"
"3.9078104993597953","0.002570665357436963","0.2558977719528178","0.0","3","6","false","CEBPD","6.0","0","3","0","0.9676909944515578","false","0","CEBPD","136632","0.35714285714285715","TF"
"4.906530089628681","0.0","0.2038100208768267","0.0","1","7","false","hsa-mir-135a","3.0","0","1","0","0.9565941101152368","false","0","hsa-mir-135a","0","0.0","miRNA"
"3.272727272727273","4.963737388924788E-4","0.3055555555555555","0.0","3","6","false","hsa-mir-134","36.666666666666664","0","3","0","0.9747474747474748","false","0","hsa-mir-134","12518","0.3835125448028674","miRNA"
"3.6107554417413574","1.2271035565054091E-4","0.27695035460992906","0.0","5","6","false","hsa-mir-133b","15.333333333333334","0","5","2","0.9709916062028737","false","0","hsa-mir-133b","2862","0.3412698412698413","miRNA"
"4.314980793854033","0.0","0.2317507418397626","0.0","1","6","false","hsa-mir-133a","7.0","0","1","0","0.9631668800682885","false","0","hsa-mir-133a","0","0.0","miRNA"
"2.941101152368758","0.004285880225617239","0.3400087070091424","0.0","19","5","false","USF1","22.375","0","19","3","0.9784322094181249","false","0","USF1","170616","0.10795454545454546","TF"
"3.266325224071703","7.159377086041056E-5","0.3061544492355939","0.0","5","5","false","KLF8","19.2","0","5","0","0.9748186086214254","false","0","KLF8","3504","0.2394736842105263","TF"
"2.8425096030729833","0.00447407821883296","0.3518018018018018","0.015789473684210527","31","5","false","CREB1","17.25","0","31","3","0.9795276710769668","false","0","CREB1","124082","0.07908653846153846","TF"
"3.0422535211267605","8.806459202890254E-4","0.3287037037037037","0.0","18","5","false","hsa-mir-132","35.75","0","18","4","0.9773082942097026","false","0","hsa-mir-132","35578","0.19093406593406592","miRNA"
"3.066581306017926","0.00489543903835356","0.32609603340292276","0.0","35","5","false","TP63","13.266666666666667","0","35","14","0.9770379854886897","false","0","TP63","95000","0.14959349593495935","TF"
"3.435339308578745","1.3388156105601605E-4","0.29109206112560565","0.0","4","6","false","hsa-mir-130b","27.333333333333332","0","4","1","0.972940674349125","false","0","hsa-mir-130b","2594","0.34649122807017546","miRNA"
"3.2778489116517284","4.246377632278674E-4","0.30507812500000003","0.0","5","5","false","NR1H3","25.8","0","5","0","0.9746905676483141","false","0","NR1H3","17918","0.2407766990291262","TF"
"2.7733674775928296","0.0021126010226505025","0.3605724838411819","0.06535947712418301","20","5","false","HDAC2","27.72222222222222","0","20","2","0.9802959169156352","false","0","HDAC2","110436","0.11343561134356113","TF"
"2.9871959026888604","8.534985936549675E-4","0.3347621088726961","0.0","10","5","false","hsa-mir-130a","53.625","0","10","2","0.9779200455256795","false","0","hsa-mir-130a","44732","0.2482311320754717","miRNA"
"3.1690140845070425","1.8134885065157198E-4","0.31555555555555553","0.16666666666666666","5","5","false","hsa-mir-129","32.75","0","5","1","0.9758998435054773","false","0","hsa-mir-129","3084","0.30424528301886794","miRNA"
"3.4238156209987194","6.95939448603351E-5","0.29207180254300674","0.0","6","6","false","hsa-mir-128","31.333333333333332","0","6","2","0.9730687153222364","false","0","hsa-mir-128","2456","0.37916666666666665","miRNA"
"3.4865556978233037","0.0","0.28681601175174437","0.0","1","6","false","hsa-mir-1271","65.0","0","1","0","0.9723716033575188","false","0","hsa-mir-1271","0","0.0","miRNA"
"2.939820742637644","0.0019888465973743634","0.3401567944250871","0.0","25","5","false","TFAP2A","27.11764705882353","0","25","8","0.978446436192915","false","0","TFAP2A","117566","0.1319073083778966","TF"
"3.3930857874519846","1.6134278429557483E-4","0.29471698113207545","0.0","9","5","false","KLF2","14.5","0","9","3","0.9734101579172002","false","0","KLF2","6996","0.28125","TF"
"2.8028169014084505","0.005711138480925337","0.35678391959799","0.0","28","5","false","ETS1","17.72","0","28","3","0.9799687010954616","false","0","ETS1","223024","0.07813084112149532","TF"
"3.36235595390525","1.2649580393449497E-4","0.2974105102817974","0.0","6","6","false","hsa-mir-126","28.25","0","6","2","0.9737516005121639","false","0","hsa-mir-126","5960","0.29945054945054944","miRNA"
"2.996158770806658","5.122911188077575E-4","0.3337606837606838","0.0","16","5","false","TCF4","24.0","0","16","6","0.9778204581021482","false","0","TCF4","23640","0.15862068965517243","TF"
"3.0653008962868116","0.002840651750232795","0.3262322472848789","0.058823529411764705","26","5","false","POU5F1","10.764705882352942","0","26","5","0.9770522122634798","false","0","POU5F1","54438","0.08301707779886149","TF"
"3.3380281690140845","7.313098849947235E-4","0.29957805907172996","0.0","6","5","false","CTCF","20.0","0","6","1","0.9740219092331769","false","0","CTCF","28098","0.24050632911392406","TF"
"3.407170294494238","6.462764322778168E-6","0.2934986847049981","0.0","2","5","false","CDX2","23.0","0","2","0","0.9732536633945085","false","0","CDX2","154","0.5365853658536586","TF"
"3.548015364916773","9.324191191648156E-5","0.2818477084085168","0.0","3","5","false","APEX1","12.333333333333334","0","3","0","0.9716887181675914","false","0","APEX1","2360","0.39080459770114945","TF"
"2.7298335467349553","0.005368167328025165","0.36632270168855535","0.014705882352941176","25","4","false","hsa-mir-125b","36.411764705882355","0","25","7","0.9807796272585005","false","0","hsa-mir-125b","132462","0.12710084033613445","miRNA"
"3.1600512163892445","0.0013101702458681315","0.31645056726094006","0.0","10","5","false","GATA3","16.11111111111111","0","10","1","0.9759994309290083","false","0","GATA3","36554","0.18655692729766804","TF"
"3.0985915492957745","2.9676665257699305E-4","0.32272727272727275","0.0","7","5","false","hsa-mir-125a","47.4","0","7","2","0.9766823161189359","false","0","hsa-mir-125a","14062","0.2812121212121212","miRNA"
"3.681177976952625","0.0","0.27165217391304347","0.0","1","6","false","hsa-mir-1251","38.0","0","1","0","0.9702091335894153","false","0","hsa-mir-1251","0","0.0","miRNA"
"3.0704225352112675","0.003510876684565992","0.3256880733944954","0.0","17","5","false","REST","12.5","0","17","3","0.9769953051643193","false","0","REST","90058","0.09504132231404959","TF"
"2.971830985915493","0.0014103359773386835","0.33649289099526064","0.02564102564102564","15","5","false","LEF1","18.53846153846154","0","15","1","0.9780907668231612","false","0","LEF1","45528","0.11846153846153847","TF"
"2.7720870678617158","0.0023692161054007115","0.3607390300230947","0.051470588235294115","18","5","false","HDAC1","27.470588235294116","0","18","1","0.9803101436904254","false","0","HDAC1","98076","0.11041465766634523","TF"
"3.0806658130601794","0.0012173801250762524","0.3246051537822111","0.0","22","5","false","CTNNB1","14.8","0","22","4","0.976881490965998","false","0","CTNNB1","49198","0.13529411764705881","TF"
"2.851472471190781","0.0037986329536863037","0.35069600359227665","0.0","20","5","false","hsa-mir-124","35.63636363636363","0","20","6","0.9794280836534358","false","0","hsa-mir-124","127020","0.14492202358311146","miRNA"
"3.1574903969270167","9.337186560723381E-4","0.3167072181670722","0.0","8","5","false","RXRA","19.75","0","8","0","0.9760278844785887","false","0","RXRA","28950","0.16163793103448276","TF"
"2.9206145966709345","0.003757414865288841","0.34239368697939504","0.045454545454545456","14","5","false","PPARG","19.25","0","14","2","0.9786598378147674","false","0","PPARG","71810","0.1147119341563786","TF"
"3.0537772087067863","6.53018829103322E-4","0.32746331236897275","0.0","9","5","false","NR1H4","22.5","0","9","1","0.9771802532365912","false","0","NR1H4","26084","0.16287878787878787","TF"
"3.2432778489116516","8.921527858022534E-5","0.3083300434267667","0.16666666666666666","4","5","false","NCOR1","20.5","0","4","0","0.9750746905676484","false","0","NCOR1","1300","0.2777777777777778","TF"
"3.2202304737516005","3.5458980590163675E-4","0.31053677932405566","0.0","13","5","false","HNF1A","21.2","0","13","3","0.9753307725138711","false","0","HNF1A","17268","0.22197802197802197","TF"
"3.2279129321382842","2.6693609085465074E-4","0.3097976993256644","0.0","7","5","false","FOXA2","21.333333333333332","0","7","1","0.9752454118651303","false","0","FOXA2","9398","0.21631205673758866","TF"
"3.0448143405889883","0.0022468786188846817","0.3284272497897393","0.05555555555555555","14","6","false","hsa-mir-122","22.333333333333332","0","14","4","0.9772798406601224","false","0","hsa-mir-122","47756","0.13626834381551362","miRNA"
"4.108834827144686","0.0","0.2433779993767529","0.0","1","6","false","hsa-mir-1197","41.0","0","1","0","0.9654573908095034","false","0","hsa-mir-1197","0","0.0","miRNA"
"4.108834827144686","0.0","0.2433779993767529","0.0","1","6","false","hsa-mir-1193","41.0","0","1","0","0.9654573908095034","false","0","hsa-mir-1193","0","0.0","miRNA"
"2.9564660691421256","8.679694113421417E-5","0.33824166305760067","0.0","11","4","false","hsa-mir-10b","76.0","0","11","2","0.9782614881206431","false","0","hsa-mir-10b","4388","0.40540540540540543","miRNA"
"3.085787451984635","8.631445411029192E-5","0.3240663900414938","0.0","5","5","false","hsa-mir-10a","45.666666666666664","0","5","2","0.9768245838668375","false","0","hsa-mir-10a","1962","0.35170603674540685","miRNA"
"3.12291933418694","0.001283043127122242","0.3202132021320213","0.0","32","5","false","ZEB2","16.0","0","32","11","0.9764120073979228","false","0","ZEB2","42140","0.16129032258064516","TF"
"3.2778489116517284","0.0011925956246858292","0.30507812500000003","0.0","8","5","false","SREBF1","12.625","0","8","0","0.9746905676483141","false","0","SREBF1","35892","0.1875","TF"
"3.111395646606914","0.0010078219270002974","0.3213991769547325","0.0","12","5","false","PPARA","14.2","0","12","2","0.9765400483710344","false","0","PPARA","27066","0.13333333333333333","TF"
"3.23943661971831","3.3986806012952474E-4","0.30869565217391304","0.0","9","5","false","hsa-mir-107","35.6","0","9","2","0.9751173708920189","false","0","hsa-mir-107","12526","0.2562962962962963","miRNA"
"2.617157490396927","0.015108510614338724","0.3820939334637965","0.0021141649048625794","48","5","false","JUN","21.386363636363637","0","48","2","0.9820315834400343","false","0","JUN","662012","0.07339524275008145","TF"
"2.950064020486556","0.0016704621522720124","0.3389756944444444","0.015151515151515152","12","5","false","ATF4","22.5","0","12","0","0.9783326219945939","false","0","ATF4","65464","0.11904761904761904","TF"
"3.1933418693982074","2.921465409001558E-4","0.31315156375300723","0.0","9","5","false","AHR","16.142857142857142","0","9","2","0.9756295347844643","false","0","AHR","9840","0.2019047619047619","TF"
"3.139564660691421","5.434614410347285E-4","0.31851549755301795","0.0","11","5","false","hsa-mir-106b","29.555555555555557","0","11","2","0.9762270593256509","false","0","hsa-mir-106b","30316","0.18910963944076528","miRNA"
"2.3661971830985915","0.05706203492390876","0.4226190476190476","0.0017478152309612985","97","5","false","SP1","20.92222222222222","0","97","6","0.9848200312989045","false","0","SP1","2640768","0.056751652502360715","TF"
"2.9820742637644044","0.004930521608537194","0.33533705452984114","0.0","28","5","false","RUNX1","19.08695652173913","0","28","4","0.97797695262484","false","0","RUNX1","205590","0.10895756940806706","TF"
"2.9820742637644044","0.020058345355049884","0.33533705452984114","0.0","59","5","false","MYCN","11.55","0","59","14","0.97797695262484","false","0","MYCN","868248","0.0871900826446281","TF"
"3.3892445582586426","7.778976471266974E-4","0.2950510011333585","0.0","18","5","false","MAX","15.5","0","18","2","0.9734528382415707","false","0","MAX","47038","0.2457627118644068","TF"
"2.915492957746479","0.0011440789507760362","0.3429951690821256","0.0","13","5","false","hsa-mir-106a","47.5","0","13","3","0.978716744913928","false","0","hsa-mir-106a","82836","0.1987179487179487","miRNA"
"2.978233034571063","0.005936051406856532","0.3357695614789338","0.0","18","5","false","SNAI1","18.4375","0","18","1","0.9780196329492105","false","0","SNAI1","161642","0.12916666666666668","TF"
"3.4225352112676055","4.4437164253210115E-5","0.29218106995884774","0.0","2","6","false","KDM2A","24.5","0","2","0","0.9730829420970266","false","0","KDM2A","128","0.5","TF"
"3.1101152368758003","0.049805668728884235","0.3215314944421573","0.0","48","5","false","HNF4A","6.341463414634147","0","48","5","0.9765542751458245","false","0","HNF4A","1598958","0.07218193803559657","TF"
"3.144686299615877","0.0028348846594951752","0.31799674267100975","0.047619047619047616","7","5","false","HMGA1","16.857142857142858","0","7","0","0.9761701522264903","false","0","HMGA1","41908","0.16642120765832105","TF"
"2.9807938540332906","7.628063095300146E-4","0.3354810996563574","0.0","8","5","false","ARNT","25.0","0","8","0","0.9779911793996301","false","0","ARNT","28284","0.1643835616438356","TF"
"2.859154929577465","0.0041154616559070665","0.34975369458128075","0.03636363636363636","16","6","false","hsa-mir-101","32.54545454545455","0","16","2","0.9793427230046947","false","0","hsa-mir-101","81660","0.13995215311004786","miRNA"
"2.524967989756722","0.05423226504710987","0.3960446247464503","9.033423667570009E-4","209","4","false","TP53","13.317073170731707","0","209","61","0.9830559112249253","false","0","TP53","1895958","0.04579945799457995","TF"
"2.8758002560819462","3.5274169784165176E-4","0.3477292965271594","0.06666666666666667","7","4","false","hsa-mir-100","65.0","0","7","1","0.9791577749324228","false","0","hsa-mir-100","15294","0.28466076696165193","miRNA"
"2.878361075544174","0.003933458884932018","0.3474199288256228","0.007352941176470588","20","5","false","SRF","19.352941176470587","0","20","2","0.9791293213828425","false","0","SRF","118540","0.09721362229102168","TF"
"3.764404609475032","3.249369833990125E-5","0.26564625850340134","0.0","2","6","false","PITX2","12.0","0","2","0","0.9692843932280552","false","0","PITX2","258","0.5","TF"
"3.3162612035851473","0.0029393754107454903","0.30154440154440154","0.0","13","5","false","MYOD1","12.857142857142858","0","13","2","0.9742637644046095","false","0","MYOD1","92608","0.19437939110070257","TF"
"3.2560819462227912","0.0016324067804153936","0.3071175776641762","0.0","11","5","false","MEF2A","9.6","0","11","1","0.9749324228197468","false","0","MEF2A","48936","0.19545454545454546","TF"
"2.8758002560819462","0.005058782252107219","0.3477292965271594","0.011857707509881422","23","5","false","KLF4","20.217391304347824","0","23","0","0.9791577749324228","false","0","KLF4","197518","0.11105590062111802","TF"
"2.9923175416133163","0.0026786014520269316","0.33418913136499784","0.0","18","6","false","hsa-mir-1","23.545454545454547","0","18","4","0.9778631384265187","false","0","hsa-mir-1","55834","0.1409090909090909","miRNA"
"3.0742637644046096","9.23522959577944E-5","0.3252811328613078","0.0","5","5","false","BMI1","23.6","0","5","0","0.9769526248399488","false","0","BMI1","3586","0.26588235294117646","TF"
"2.9449423815621","0.0013620367710017857","0.33956521739130435","0.0","9","5","false","POU2F1","21.666666666666668","0","9","0","0.9783895290937544","false","0","POU2F1","12352","0.1415525114155251","TF"
"2.3661971830985915","0.04559527098080683","0.4226190476190476","0.00717154331612163","105","4","false","RELA","20.11904761904762","0","105","12","0.9848200312989045","false","0","RELA","1990944","0.051056117985251843","TF"
"2.585147247119078","0.027520482379985577","0.3868251609707776","0.0024489795918367346","55","5","false","EGR1","15.2","0","55","5","0.982387252809788","false","0","EGR1","803604","0.050709219858156025","TF"
"2.4263764404609476","0.03201844197160935","0.4121372031662269","0.011776753712237584","84","5","false","STAT3","20.96825396825397","0","84","10","0.9841513728837673","false","0","STAT3","1165882","0.05459806800289374","TF"
"2.679897567221511","0.009056851794791413","0.37314859053989485","0.035650623885918005","59","5","false","EZH2","18.294117647058822","0","59","12","0.9813344714753165","false","0","EZH2","223654","0.06962316176470588","TF"
"2.6645326504481432","0.007925012889088165","0.375300336376742","0.017045454545454544","37","4","false","ESR1","18.818181818181817","0","37","4","0.9815051927727985","false","0","ESR1","265080","0.07348791559317876","TF"
"2.884763124199744","6.824219736179893E-4","0.34664891256102975","0.05555555555555555","9","5","false","FOXO3","32.22222222222222","0","9","0","0.9790581875088916","false","0","FOXO3","24424","0.17434008594229589","TF"
"2.7964148527528807","0.004128831778812577","0.3576007326007326","0.015789473684210527","45","5","false","YY1","18.35","0","45","11","0.9800398349694125","false","0","YY1","88744","0.08148148148148149","TF"
"2.8386683738796417","0.003751858941865729","0.3522778529544429","0.017543859649122806","19","5","false","STAT1","16.42105263157895","0","19","0","0.9795703514013373","false","0","STAT1","106738","0.09172052939365959","TF"
"2.409731113956466","0.041027429204562565","0.41498405951115835","0.00551768906199286","101","4","false","NFKB1","18.68354430379747","0","101","11","0.9843363209560393","false","0","NFKB1","1634300","0.051957609655578454","TF"
"2.498079385403329","0.031161469087438744","0.40030753459764223","0.007243460764587525","124","5","false","MYC","16.47887323943662","0","124","30","0.9833546734955185","false","0","MYC","978384","0.0514590812850962","TF"
"2.860435339308579","0.005196465944496376","0.3495971351835273","0.0","24","5","false","MITF","17.545454545454547","0","24","2","0.9793284962299047","false","0","MITF","117082","0.10674486803519062","TF"
"2.4878361075544175","0.036285181075384386","0.4019557385486361","0.0057692307692307696","90","5","false","HIF1A","15.507692307692308","0","90","14","0.9834684876938399","false","0","HIF1A","1033126","0.046105618519411626","TF"
"3.060179257362356","5.613929543940789E-5","0.32677824267782424","0.0","4","5","false","FLI1","40.25","0","4","0","0.9771091193626406","false","0","FLI1","4590","0.2864963503649635","TF"
"2.87708066581306","0.0013934576349824586","0.3475745438362261","0.0","21","5","false","E2F3","20.1","0","21","1","0.9791435481576327","false","0","E2F3","87976","0.13642857142857143","TF"
"2.619718309859155","0.021377428297138786","0.3817204301075269","0.007978723404255319","70","5","false","E2F1","16.229166666666668","0","70","15","0.9820031298904539","false","0","E2F1","712602","0.058317550505050504","TF"
"2.682458386683739","0.0138441809532409","0.3727923627684964","0.0","32","5","false","AR","20.821428571428573","0","32","3","0.9813060179257362","false","0","AR","330494","0.08123536299765809","TF"
"3.9270166453265043","1.3698855605425944E-5","0.2546462341049886","0.0","2","7","false","hsa-miR-99b","16.0","0","2","0","0.9674775928297055","false","0","hsa-miR-99b","726","0.5357142857142857","miRNA"
"3.9270166453265043","1.3698855605425944E-5","0.2546462341049886","0.0","2","7","false","hsa-miR-99a","16.0","0","2","0","0.9674775928297055","false","0","hsa-miR-99a","726","0.5357142857142857","miRNA"
"2.736235595390525","0.0031647086609195595","0.3654656059897052","0.004329004329004329","22","5","false","hsa-miR-96","32.40909090909091","0","22","0","0.9807084933845497","false","0","hsa-miR-96","219974","0.11931818181818182","miRNA"
"2.6350832266325224","0.0027415797680338905","0.37949465500485907","0.0049261083743842365","29","5","false","hsa-miR-93","42.310344827586206","0","29","0","0.981832408592972","false","0","hsa-miR-93","349920","0.13327419891340503","miRNA"
"2.7170294494238156","0.0032845634537875916","0.36804901036757776","0.0","28","5","false","hsa-miR-92b","25.535714285714285","0","28","0","0.980921895006402","false","0","hsa-miR-92b","258546","0.09400656814449918","miRNA"
"2.7170294494238156","0.0032845634537875916","0.36804901036757776","0.0","28","5","false","hsa-miR-92a","25.535714285714285","0","28","0","0.980921895006402","false","0","hsa-miR-92a","258546","0.09400656814449918","miRNA"
"3.257362355953905","8.734900653935153E-5","0.306996855345912","0.0","3","6","false","COL18A1","42.0","0","3","0","0.9749181960449567","false","0","COL18A1","5118","0.35964912280701755","Gene"
"2.76056338028169","0.005670667985104742","0.3622448979591837","0.0","30","5","false","hsa-miR-9","30.366666666666667","0","30","0","0.9804381846635367","false","0","hsa-miR-9","359480","0.11699867197875166","miRNA"
"2.966709346991037","4.169135535168798E-4","0.3370738023305999","0.0","7","5","false","hsa-miR-802","42.714285714285715","0","7","0","0.9781476739223218","false","0","hsa-miR-802","17628","0.23174603174603176","miRNA"
"3.1382842509603073","0.001381964439474012","0.3186454508363933","0.0","9","5","false","hsa-miR-760","24.0","0","9","0","0.976241286100441","false","0","hsa-miR-760","51456","0.1564625850340136","miRNA"
"3.2163892445582585","1.784184923489752E-4","0.3109076433121019","0.0","7","5","false","hsa-miR-758","39.42857142857143","0","7","0","0.9753734528382416","false","0","hsa-miR-758","20634","0.24633699633699635","miRNA"
"3.88348271446863","0.0","0.2575008242664029","0.0","1","6","false","hsa-miR-708","26.0","0","1","0","0.9679613031725708","false","0","hsa-miR-708","0","0.0","miRNA"
"3.140845070422535","4.7123515082346897E-4","0.3183856502242153","0.0","9","5","false","hsa-miR-7","28.333333333333332","0","9","0","0.9762128325508608","false","0","hsa-miR-7","37160","0.1786492374727669","miRNA"
"3.7170294494238156","2.494748794489368E-5","0.2690320358250086","0.0","3","5","false","hsa-miR-668","22.333333333333332","0","3","0","0.9698107838952909","false","0","hsa-miR-668","1784","0.3615819209039548","miRNA"
"3.1293213828425097","1.1112020209374047E-4","0.31955810147299507","0.0","4","5","false","OPTN","54.0","0","4","0","0.9763408735239721","false","0","OPTN","6996","0.35570469798657717","Gene"
"2.6594110115236878","0.005281094726386965","0.3760231102551757","0.003952569169960474","23","4","false","hsa-miR-655","31.391304347826086","0","23","0","0.9815620998719591","false","0","hsa-miR-655","217896","0.10025743707093822","miRNA"
"2.7221510883482716","0.0029801532510301603","0.36735653809971774","0.0","23","5","false","hsa-miR-613","35.78260869565217","0","23","0","0.9808649879072414","false","0","hsa-miR-613","262980","0.12740882306099696","miRNA"
"2.8962868117797695","0.001930735361602415","0.34526967285587973","0.0","13","5","false","hsa-miR-590","31.692307692307693","0","13","0","0.9789301465357803","false","0","hsa-miR-590","67504","0.13825363825363826","miRNA"
"2.909090909090909","0.002936522185815233","0.34375","0.0","15","5","false","hsa-miR-543","25.4","0","15","0","0.9787878787878788","false","0","hsa-miR-543","91892","0.12261306532663317","miRNA"
"3.1600512163892445","2.2451082129430858E-4","0.31645056726094006","0.0","4","5","false","F8","50.5","0","4","0","0.9759994309290083","false","0","F8","6700","0.38372093023255816","Gene"
"3.207426376440461","3.945965073798389E-4","0.31177644710578845","0.0","8","5","false","hsa-miR-542","30.125","0","8","0","0.9754730402617726","false","0","hsa-miR-542","24494","0.19416666666666665","miRNA"
"3.2509603072983353","2.9613293601118355E-5","0.30760141788105555","0.0","3","5","false","hsa-miR-539","44.0","0","3","0","0.9749893299189074","false","0","hsa-miR-539","1812","0.3739130434782609","miRNA"
"2.7810499359795133","0.0012588879382641617","0.35957642725598526","0.005847953216374269","19","5","false","hsa-miR-520d","40.473684210526315","0","19","0","0.9802105562668944","false","0","hsa-miR-520d","154280","0.15582262743472855","miRNA"
"2.6350832266325224","0.0027415797680338905","0.37949465500485907","0.0049261083743842365","29","5","false","hsa-miR-519d","42.310344827586206","0","29","0","0.981832408592972","false","0","hsa-miR-519d","349920","0.13327419891340503","miRNA"
"2.8015364916773366","0.003067386218471265","0.3569469835466179","0.0","24","5","false","hsa-miR-506","28.208333333333332","0","24","0","0.9799829278702518","false","0","hsa-miR-506","208320","0.11105442176870749","miRNA"
"3.9539052496798974","0.0","0.25291450777202074","0.0","1","6","false","hsa-miR-504","34.0","0","1","0","0.9671788305591124","false","0","hsa-miR-504","0","0.0","miRNA"
"3.1267605633802815","1.750548663234801E-4","0.31981981981981983","0.0","7","5","false","hsa-miR-503","38.142857142857146","0","7","0","0.9763693270735524","false","0","hsa-miR-503","28358","0.2292768959435626","miRNA"
"3.318822023047375","1.2258624930356466E-4","0.30131172839506176","0.0","5","5","false","hsa-miR-502","32.6","0","5","0","0.9742353108550291","false","0","hsa-miR-502","9516","0.2633333333333333","miRNA"
"2.7797695262483995","0.0029373515408294523","0.3597420543528328","0.0","27","5","false","hsa-miR-497","36.0","0","27","0","0.9802247830416845","false","0","hsa-miR-497","367238","0.13307984790874525","miRNA"
"3.2880921895006403","2.989683999153237E-4","0.3041277258566978","0.0","7","5","false","hsa-miR-496","32.857142857142854","0","7","0","0.9745767534499928","false","0","hsa-miR-496","25804","0.2243460764587525","miRNA"
"3.6107554417413574","2.5472320242072683E-5","0.27695035460992906","0.0","2","6","false","DBI","17.5","0","2","0","0.9709916062028737","false","0","DBI","724","0.515625","Gene"
"2.8796414852752883","0.003663824220420482","0.34726545131169406","0.003952569169960474","23","5","false","hsa-miR-495","24.956521739130434","0","23","0","0.9791150946080523","false","0","hsa-miR-495","208996","0.11079943899018233","miRNA"
"3.0025608194622277","0.0012653008849799917","0.3330490405117271","0.0","12","5","false","hsa-miR-494","31.166666666666668","0","12","0","0.9777493242281974","false","0","hsa-miR-494","73664","0.15159128978224456","miRNA"
"3.212548015364917","7.073399238535723E-4","0.3112793941809486","0.0","5","5","false","CYFIP2","27.6","0","5","0","0.975416133162612","false","0","CYFIP2","15852","0.21451612903225806","Gene"
"2.9795134443021767","0.001685334330518038","0.33562526858616243","0.0","17","5","false","hsa-miR-493","28.5625","0","17","1","0.9780054061744203","false","0","hsa-miR-493","93048","0.14281088082901555","miRNA"
"3.7900128040973113","0.0","0.26385135135135135","0.0","1","5","false","hsa-miR-491","38.0","0","1","0","0.9689998577322521","false","0","hsa-miR-491","0","0.0","miRNA"
"3.674775928297055","0.0","0.2721254355400697","0.0","1","5","false","hsa-miR-487a","48.0","0","1","0","0.970280267463366","false","0","hsa-miR-487a","0","0.0","miRNA"
"3.5224071702944943","1.2078067848797475E-4","0.28389676481279535","0.0","5","5","false","hsa-miR-486","31.2","0","5","0","0.9719732536633945","false","0","hsa-miR-486","9450","0.2672566371681416","miRNA"
"2.9539052496798974","9.711842292724823E-4","0.3385348938014738","0.0","9","5","false","hsa-miR-485","36.666666666666664","0","9","0","0.9782899416702234","false","0","hsa-miR-485","37070","0.18104906937394247","miRNA"
"3.464788732394366","2.361921383960406E-4","0.2886178861788618","0.0","5","5","false","hsa-miR-483","22.4","0","5","0","0.9726134585289514","false","0","hsa-miR-483","11710","0.24883720930232558","miRNA"
"2.9282970550576186","0.0014219092669233693","0.34149540883253166","0.0","17","5","false","hsa-miR-455","33.0","0","17","0","0.9785744771660265","false","0","hsa-miR-455","105840","0.14814814814814814","miRNA"
"3.0358514724711907","7.535657156546216E-4","0.32939687895402786","0.0","16","5","false","hsa-miR-454","35.0625","0","16","0","0.9773794280836534","false","0","hsa-miR-454","89298","0.17378826530612246","miRNA"
"3.049935979513444","5.410386930934158E-4","0.32787573467674225","0.0","8","5","false","hsa-miR-452","38.5","0","8","0","0.9772229335609617","false","0","hsa-miR-452","42028","0.20161290322580644","miRNA"
"3.0998719590268884","4.707471173711061E-4","0.32259396943411817","0.0","11","5","false","hsa-miR-449b","29.272727272727273","0","11","0","0.9766680893441457","false","0","hsa-miR-449b","46312","0.17894131185270426","miRNA"
"3.0998719590268884","4.707471173711061E-4","0.32259396943411817","0.0","11","5","false","hsa-miR-449a","29.272727272727273","0","11","0","0.9766680893441457","false","0","hsa-miR-449a","46312","0.17894131185270426","miRNA"
"2.9603072983354672","9.099606713446617E-4","0.33780276816608995","0.0","14","5","false","hsa-miR-448","31.714285714285715","0","14","0","0.9782188077962726","false","0","hsa-miR-448","72008","0.15280739161336176","miRNA"
"3.775928297055058","4.3363606873937006E-5","0.2648355374703289","0.0","4","5","false","hsa-miR-433","20.75","0","4","0","0.9691563522549438","false","0","hsa-miR-433","2902","0.35909090909090907","miRNA"
"3.7516005121638925","0.0","0.2665529010238908","0.0","1","6","false","hsa-miR-431","42.0","0","1","0","0.9694266609759568","false","0","hsa-miR-431","0","0.0","miRNA"
"2.893725992317542","0.0015456626898893184","0.345575221238938","0.0","23","5","false","hsa-miR-4295","36.26086956521739","0","23","0","0.9789586000853606","false","0","hsa-miR-4295","188772","0.15533422715954798","miRNA"
"2.7003841229193344","0.003013949172152731","0.37031768610715976","0.0","23","5","false","hsa-miR-429","33.130434782608695","0","23","0","0.9811068430786741","false","0","hsa-miR-429","187358","0.11353510523889998","miRNA"
"3.1895006402048653","2.165568422393197E-4","0.31352870333199523","0.0","7","5","false","hsa-miR-425","37.714285714285715","0","7","0","0.9756722151088348","false","0","hsa-miR-425","21864","0.22803904170363798","miRNA"
"2.7797695262483995","0.0029373515408294523","0.3597420543528328","0.0","27","5","false","hsa-miR-424","36.0","0","27","0","0.9802247830416845","false","0","hsa-miR-424","367238","0.13307984790874525","miRNA"
"3.4596670934699105","3.762065719990763E-5","0.2890451517394522","0.0","4","5","false","hsa-miR-421","32.5","0","4","0","0.9726703656281122","false","0","hsa-miR-421","4096","0.3247422680412371","miRNA"
"3.088348271446863","2.2862308970330903E-4","0.3237976782752902","0.0","11","5","false","hsa-miR-411","45.8","0","11","1","0.9767961303172571","false","0","hsa-miR-411","34126","0.24615384615384617","miRNA"
"2.9539052496798974","0.0022400099020197933","0.3385348938014738","0.0","18","5","false","hsa-miR-410","27.666666666666668","0","18","0","0.9782899416702234","false","0","hsa-miR-410","146724","0.12345679012345678","miRNA"
"2.9014084507042255","5.76553350829704E-4","0.34466019417475724","0.0","10","5","false","hsa-miR-409","45.4","0","10","0","0.9788732394366197","false","0","hsa-miR-409","44350","0.20651162790697675","miRNA"
"3.1536491677336747","4.166075085893411E-4","0.31709297604547304","0.0","6","5","false","TLR3","41.166666666666664","0","6","0","0.9760705648029592","false","0","TLR3","16692","0.2695749440715884","Gene"
"2.804097311139565","0.0020306231358757907","0.35662100456621004","0.01282051282051282","14","5","false","hsa-miR-383","35.92307692307692","0","14","1","0.9799544743206714","false","0","hsa-miR-383","92948","0.1437578814627995","miRNA"
"3.1869398207426376","3.040406279057948E-4","0.3137806347930896","0.0","10","5","false","hsa-miR-382","29.3","0","10","0","0.9757006686584151","false","0","hsa-miR-382","30082","0.1779874213836478","miRNA"
"2.6568501920614596","0.0051468550170825356","0.3763855421686747","0.0","25","5","false","hsa-miR-381","30.24","0","25","0","0.9815905534215393","false","0","hsa-miR-381","249320","0.09845117845117846","miRNA"
"3.1421254801536493","2.7004713544747375E-4","0.3182559087204564","0.0","9","5","false","hsa-miR-379","37.22222222222222","0","9","0","0.9761986057760705","false","0","hsa-miR-379","29146","0.22359396433470508","miRNA"
"3.7516005121638925","6.793520114504504E-6","0.2665529010238908","0.0","2","5","false","hsa-miR-378a","38.0","0","2","0","0.9694266609759568","false","0","hsa-miR-378a","988","0.5211267605633803","miRNA"
"3.0243277848911654","4.2383893389907526E-4","0.33065198983911936","0.0","7","5","false","hsa-miR-377","45.285714285714285","0","7","0","0.9775074690567648","false","0","hsa-miR-377","30144","0.23556231003039513","miRNA"
"3.1997439180537772","1.0117067772093064E-4","0.3125250100040016","0.0","5","5","false","hsa-miR-376c","34.0","0","5","0","0.9755584009105135","false","0","hsa-miR-376c","5806","0.28695652173913044","miRNA"
"3.139564660691421","1.5738736993014299E-4","0.31851549755301795","0.0","5","5","false","hsa-miR-376b","32.8","0","5","0","0.9762270593256509","false","0","hsa-miR-376b","5696","0.223943661971831","miRNA"
"3.139564660691421","1.5738736993014299E-4","0.31851549755301795","0.0","5","5","false","hsa-miR-376a","32.8","0","5","0","0.9762270593256509","false","0","hsa-miR-376a","5696","0.223943661971831","miRNA"
"3.149807938540333","5.489192010433888E-4","0.31747967479674793","0.0","7","5","false","hsa-miR-375","29.714285714285715","0","7","0","0.9761132451273297","false","0","hsa-miR-375","23630","0.1980295566502463","miRNA"
"3.2099871959026887","1.2772644850194613E-4","0.31152772237734344","0.0","4","5","false","SYP","34.5","0","4","0","0.9754445867121924","false","0","SYP","6772","0.2838983050847458","Gene"
"2.76696542893726","0.0037709029405501126","0.36140675613142065","0.003952569169960474","23","4","false","hsa-miR-374a","25.130434782608695","0","23","0","0.9803670507895861","false","0","hsa-miR-374a","131940","0.09459918478260869","miRNA"
"2.7810499359795133","0.0012588879382641617","0.35957642725598526","0.005847953216374269","19","5","false","hsa-miR-373","40.473684210526315","0","19","0","0.9802105562668944","false","0","hsa-miR-373","154280","0.15582262743472855","miRNA"
"2.7810499359795133","0.0012588879382641617","0.35957642725598526","0.005847953216374269","19","5","false","hsa-miR-372","40.473684210526315","0","19","0","0.9802105562668944","false","0","hsa-miR-372","154280","0.15582262743472855","miRNA"
"2.9590268886043534","6.924673190238665E-4","0.33794893985287755","0.0","20","5","false","hsa-miR-371a","37.9","0","20","10","0.9782330345710627","false","0","hsa-miR-371a","33076","0.1921875","miRNA"
"3.1626120358514727","2.4146790194539653E-4","0.31619433198380564","0.0","7","5","false","hsa-miR-370","40.142857142857146","0","7","0","0.9759709773794282","false","0","hsa-miR-370","24910","0.23438836612489308","miRNA"
"2.852752880921895","0.0015441125683705106","0.35053859964093353","0.0","16","4","false","hsa-miR-369","28.8125","0","16","0","0.9794138568786456","false","0","hsa-miR-369","74188","0.1230641592920354","miRNA"
"2.7170294494238156","0.0032845634537875916","0.36804901036757776","0.0","28","5","false","hsa-miR-367","25.535714285714285","0","28","0","0.980921895006402","false","0","hsa-miR-367","258546","0.09400656814449918","miRNA"
"2.7170294494238156","0.0032845634537875916","0.36804901036757776","0.0","28","5","false","hsa-miR-363","25.535714285714285","0","28","0","0.980921895006402","false","0","hsa-miR-363","258546","0.09400656814449918","miRNA"
"2.832266325224072","0.001197462455185697","0.35307414104882456","0.0","12","5","false","hsa-miR-361","40.0","0","12","0","0.9796414852752882","false","0","hsa-miR-361","74884","0.16182572614107885","miRNA"
"3.0998719590268884","4.707471173711061E-4","0.32259396943411817","0.0","11","5","false","hsa-miR-34c","29.272727272727273","0","11","0","0.9766680893441457","false","0","hsa-miR-34c","46312","0.17894131185270426","miRNA"
"3.1587708066581306","2.749179740222986E-4","0.3165788406972031","0.0","9","5","false","hsa-miR-34a","29.88888888888889","0","9","0","0.9760136577037986","false","0","hsa-miR-34a","27866","0.20933977455716588","miRNA"
"3.3124199743918052","1.1047554098798213E-4","0.3018940858136838","0.0","5","5","false","hsa-miR-346","34.0","0","5","0","0.97430644472898","false","0","hsa-miR-346","10432","0.25384615384615383","miRNA"
"2.99359795134443","6.866065385719831E-4","0.33404619332763047","0.0","10","5","false","hsa-miR-342","30.8","0","10","0","0.9778489116517286","false","0","hsa-miR-342","33782","0.17325581395348838","miRNA"
"3.2151088348271446","0.0015115310012863402","0.311031461569096","0.0","6","6","false","SOX3","23.166666666666668","0","6","0","0.9753876796130316","false","0","SOX3","45754","0.18319559228650137","Gene"
"2.708066581306018","0.006816431847325026","0.3692671394799054","0.0","32","5","false","hsa-miR-340","33.8125","0","32","0","0.9810214824299331","false","0","hsa-miR-340","472116","0.11888586956521739","miRNA"
"3.0115236875800258","0.0021145615285509565","0.3320578231292517","0.0","12","5","false","LDHA","28.666666666666668","0","12","0","0.9776497368046664","false","0","LDHA","74452","0.1404399323181049","Gene"
"2.915492957746479","4.452120162727962E-4","0.3429951690821256","0.027777777777777776","9","5","false","hsa-miR-33a","39.666666666666664","0","9","0","0.978716744913928","false","0","hsa-miR-33a","28918","0.18696581196581197","miRNA"
"3.0960307298335468","7.075372898868968E-4","0.3229942100909843","0.0","9","5","false","hsa-miR-338","29.333333333333332","0","9","0","0.9767107696685162","false","0","hsa-miR-338","38322","0.16472868217054262","miRNA"
"3.4225352112676055","2.4627034469277144E-5","0.29218106995884774","0.0","3","5","false","hsa-miR-335","31.333333333333332","0","3","0","0.9730829420970266","false","0","hsa-miR-335","2234","0.37448559670781895","miRNA"
"3.402048655569782","2.1739337999164782E-5","0.29394053443733537","0.0","3","5","false","hsa-miR-331","36.666666666666664","0","3","0","0.9733105704936691","false","0","hsa-miR-331","2454","0.37543859649122807","miRNA"
"3.6069142125480154","2.5172033215897998E-5","0.2772452964146255","0.0","2","6","false","SCG3","19.5","0","2","0","0.9710342865272442","false","0","SCG3","990","0.5","Gene"
"3.3431498079385404","5.684032851541723E-5","0.2991191114515511","0.0","2","5","false","S100B","53.5","0","2","0","0.9739650021340162","false","0","S100B","2844","0.5147058823529411","Gene"
"2.733674775928297","0.006649751178382711","0.365807962529274","0.0033333333333333335","26","5","false","hsa-miR-330","27.56","0","26","1","0.98073694693413","false","0","hsa-miR-330","305034","0.1009090909090909","miRNA"
"3.865556978233035","1.2160217999563295E-5","0.25869493209672073","0.0","2","6","false","hsa-miR-324","14.0","0","2","0","0.968160478019633","false","0","hsa-miR-324","576","0.5","miRNA"
"2.8297055057618437","0.0013211451776452736","0.35339366515837106","0.0","15","5","false","hsa-miR-320b","37.8","0","15","0","0.9796699388248685","false","0","hsa-miR-320b","94622","0.15397489539748954","miRNA"
"2.8297055057618437","0.0013211451776452736","0.35339366515837106","0.0","15","5","false","hsa-miR-320a","37.8","0","15","0","0.9796699388248685","false","0","hsa-miR-320a","94622","0.15397489539748954","miRNA"
"2.7170294494238156","0.0032845634537875916","0.36804901036757776","0.0","28","5","false","hsa-miR-32","25.535714285714285","0","28","0","0.980921895006402","false","0","hsa-miR-32","258546","0.09400656814449918","miRNA"
"3.0089628681177976","5.523182236763159E-4","0.3323404255319149","0.0","8","5","false","hsa-miR-31","34.75","0","8","0","0.9776781903542467","false","0","hsa-miR-31","26388","0.18854748603351956","miRNA"
"2.859154929577465","0.0028319159226159324","0.34975369458128075","0.0","29","5","false","hsa-miR-30e","28.103448275862068","0","29","0","0.9793427230046947","false","0","hsa-miR-30e","305736","0.1183556693269086","miRNA"
"2.859154929577465","0.0028319159226159324","0.34975369458128075","0.0","29","5","false","hsa-miR-30d","28.103448275862068","0","29","0","0.9793427230046947","false","0","hsa-miR-30d","305736","0.1183556693269086","miRNA"
"2.884763124199744","0.0023184501835193123","0.34664891256102975","0.0","26","5","false","hsa-miR-30c","28.26923076923077","0","26","0","0.9790581875088916","false","0","hsa-miR-30c","251616","0.12283437283437283","miRNA"
"2.859154929577465","0.0028319159226159324","0.34975369458128075","0.0","29","5","false","hsa-miR-30b","28.103448275862068","0","29","0","0.9793427230046947","false","0","hsa-miR-30b","305736","0.1183556693269086","miRNA"
"3.23943661971831","1.6292050638026266E-4","0.30869565217391304","0.0","7","6","false","ME1","35.142857142857146","0","7","0","0.9751173708920189","false","0","ME1","16584","0.28691476590636256","Gene"
"2.859154929577465","0.0028319159226159324","0.34975369458128075","0.0","29","5","false","hsa-miR-30a","28.103448275862068","0","29","0","0.9793427230046947","false","0","hsa-miR-30a","305736","0.1183556693269086","miRNA"
"2.7810499359795133","0.0012588879382641617","0.35957642725598526","0.005847953216374269","19","5","false","hsa-miR-302d","40.473684210526315","0","19","0","0.9802105562668944","false","0","hsa-miR-302d","154280","0.15582262743472855","miRNA"
"2.733674775928297","0.002738781083343389","0.365807962529274","0.0033333333333333335","32","5","false","hsa-miR-302c","37.04","0","32","7","0.98073694693413","false","0","hsa-miR-302c","252020","0.13230769230769232","miRNA"
"2.7810499359795133","0.0012588879382641617","0.35957642725598526","0.005847953216374269","19","5","false","hsa-miR-302b","40.473684210526315","0","19","0","0.9802105562668944","false","0","hsa-miR-302b","154280","0.15582262743472855","miRNA"
"2.7810499359795133","0.0012588879382641617","0.35957642725598526","0.005847953216374269","19","5","false","hsa-miR-302a","40.473684210526315","0","19","0","0.9802105562668944","false","0","hsa-miR-302a","154280","0.15582262743472855","miRNA"
"2.893725992317542","0.0015456626898893184","0.345575221238938","0.0","23","5","false","hsa-miR-301b","36.26086956521739","0","23","0","0.9789586000853606","false","0","hsa-miR-301b","188772","0.15533422715954798","miRNA"
"2.893725992317542","0.0015456626898893184","0.345575221238938","0.0","23","5","false","hsa-miR-301a","36.26086956521739","0","23","0","0.9789586000853606","false","0","hsa-miR-301a","188772","0.15533422715954798","miRNA"
"2.6568501920614596","0.0051468550170825356","0.3763855421686747","0.0","25","5","false","hsa-miR-300","30.24","0","25","0","0.9815905534215393","false","0","hsa-miR-300","249320","0.09845117845117846","miRNA"
"2.6632522407170294","0.00414901324068574","0.37548076923076923","0.006896551724137931","30","5","false","hsa-miR-29c","29.933333333333334","0","30","0","0.9815194195475886","false","0","hsa-miR-29c","316742","0.10139372822299651","miRNA"
"2.6632522407170294","0.00414901324068574","0.37548076923076923","0.006896551724137931","30","5","false","hsa-miR-29b","29.933333333333334","0","30","0","0.9815194195475886","false","0","hsa-miR-29b","316742","0.10139372822299651","miRNA"
"3.057618437900128","9.450552590796012E-4","0.3270519262981575","0.0","9","5","false","TBX21","42.333333333333336","0","9","0","0.9771375729122208","false","0","TBX21","45194","0.2309124767225326","Gene"
"2.860435339308579","9.065117171296453E-4","0.3495971351835273","0.022222222222222223","10","4","false","ID1","31.6","0","10","0","0.9793284962299047","false","0","ID1","27502","0.15876288659793814","Gene"
"2.714468629961588","0.0014758622251582671","0.36839622641509434","0.10606060606060606","12","5","false","ETV4","37.416666666666664","0","12","0","0.9809503485559824","false","0","ETV4","39118","0.13857677902621723","TF"
"2.6632522407170294","0.00414901324068574","0.37548076923076923","0.006896551724137931","30","5","false","hsa-miR-29a","29.933333333333334","0","30","0","0.9815194195475886","false","0","hsa-miR-29a","316742","0.10139372822299651","miRNA"
"2.973111395646607","0.0014142305282126581","0.3363479758828596","0.0","13","5","false","hsa-miR-299","32.46153846153846","0","13","0","0.978076540048371","false","0","hsa-miR-299","99950","0.15125739644970415","miRNA"
"4.010243277848912","1.6135722165025612E-5","0.24936143039591313","0.0","2","6","false","hsa-miR-296","10.0","0","2","0","0.9665528524683454","false","0","hsa-miR-296","766","0.5","miRNA"
"3.2791293213828423","1.1532741654126576E-4","0.30495900039047247","0.0","3","5","false","hsa-miR-28","28.333333333333332","0","3","0","0.974676340873524","false","0","hsa-miR-28","2344","0.3459915611814346","miRNA"
"2.6952624839948784","0.005113105578649036","0.371021377672209","0.0","35","5","false","hsa-miR-27b","30.82857142857143","0","35","0","0.9811637501778346","false","0","hsa-miR-27b","429758","0.10966386554621849","miRNA"
"3.0307298335467348","5.050881350810628E-4","0.32995352767215885","0.0","9","5","false","LPL","47.0","0","9","0","0.9774363351828141","false","0","LPL","37718","0.24598930481283424","Gene"
"2.738796414852753","0.0027414944824695154","0.3651238896680692","0.08791208791208792","14","5","false","ATF3","36.0","0","14","0","0.9806800398349693","false","0","ATF3","74080","0.12729591836734694","TF"
"2.6952624839948784","0.005113105578649036","0.371021377672209","0.0","35","5","false","hsa-miR-27a","30.82857142857143","0","35","0","0.9811637501778346","false","0","hsa-miR-27a","429758","0.10966386554621849","miRNA"
"2.827144686299616","0.0028355684104374784","0.353713768115942","0.0033333333333333335","25","5","false","hsa-miR-26b","29.56","0","25","0","0.9796983923744487","false","0","hsa-miR-26b","230236","0.11786008230452674","miRNA"
"2.827144686299616","0.0028355684104374784","0.353713768115942","0.0033333333333333335","25","5","false","hsa-miR-26a","29.56","0","25","0","0.9796983923744487","false","0","hsa-miR-26a","230236","0.11786008230452674","miRNA"
"3.4942381562099873","2.895581711237796E-4","0.28618541590326124","0.0","9","6","false","S100A2","21.666666666666668","0","9","0","0.972286242708778","false","0","S100A2","13630","0.4397163120567376","Gene"
"3.2791293213828423","6.322454398426268E-4","0.30495900039047247","0.0","10","6","false","FHL2","24.5","0","10","0","0.974676340873524","false","0","FHL2","29700","0.2554347826086957","Gene"
"2.7170294494238156","0.0032845634537875916","0.36804901036757776","0.0","28","5","false","hsa-miR-25","25.535714285714285","0","28","0","0.980921895006402","false","0","hsa-miR-25","258546","0.09400656814449918","miRNA"
"3.156209987195903","5.582084546715207E-4","0.31683569979716025","0.01282051282051282","13","5","false","ADM","25.53846153846154","0","13","0","0.9760421112533788","false","0","ADM","37012","0.20576923076923076","Gene"
"2.906530089628681","0.003993222290942669","0.34405286343612335","0.0","25","5","false","hsa-miR-24","22.92","0","25","0","0.9788163323374591","false","0","hsa-miR-24","246586","0.10488038277511962","miRNA"
"2.649167733674776","0.004547040002469356","0.37747704204929916","0.0","34","5","false","hsa-miR-23b","32.5","0","34","0","0.9816759140702803","false","0","hsa-miR-23b","347374","0.11170212765957446","miRNA"
"2.649167733674776","0.004547040002469356","0.37747704204929916","0.0","34","5","false","hsa-miR-23a","32.5","0","34","0","0.9816759140702803","false","0","hsa-miR-23a","347374","0.11170212765957446","miRNA"
"3.2151088348271446","5.438907004933633E-4","0.311031461569096","0.0","8","5","false","hsa-miR-224","23.125","0","8","0","0.9753876796130316","false","0","hsa-miR-224","26856","0.16635338345864661","miRNA"
"3.001280409731114","6.710825010495106E-4","0.33319112627986347","0.0","8","5","false","hsa-miR-223","37.0","0","8","0","0.9777635510029877","false","0","hsa-miR-223","28130","0.20224719101123595","miRNA"
"3.021766965428937","9.815293121182673E-4","0.33093220338983054","0.022222222222222223","10","5","false","hsa-miR-222","25.0","0","10","0","0.9775359226063451","false","0","hsa-miR-222","36036","0.14404761904761904","miRNA"
"3.021766965428937","9.815293121182673E-4","0.33093220338983054","0.022222222222222223","10","5","false","hsa-miR-221","25.0","0","10","0","0.9775359226063451","false","0","hsa-miR-221","36036","0.14404761904761904","miRNA"
"3.5787451984635084","1.3830736904343503E-4","0.2794275491949911","0.0","4","6","false","TAGLN","13.25","0","4","0","0.9713472755726277","false","0","TAGLN","3472","0.30625","Gene"
"3.346991037131882","6.979184152722934E-4","0.29877582249426166","0.0","7","5","false","hsa-miR-22","31.285714285714285","0","7","0","0.9739223218096457","false","0","hsa-miR-22","32868","0.23660714285714285","miRNA"
"3.0806658130601794","9.699780796069116E-4","0.3246051537822111","0.0","7","6","false","CDH3","32.0","0","7","0","0.976881490965998","false","0","CDH3","32228","0.18023255813953487","Gene"
"3.084507042253521","0.0013770325610547814","0.32420091324200917","0.0","12","5","false","hsa-miR-219a","36.416666666666664","0","12","0","0.9768388106416276","false","0","hsa-miR-219a","60994","0.19567219152854512","miRNA"
"3.093469910371319","5.646273458463155E-4","0.3232615894039735","0.0","12","5","false","hsa-miR-218","26.75","0","12","0","0.9767392232180964","false","0","hsa-miR-218","43010","0.15993788819875776","miRNA"
"3.180537772087068","1.953921946951288E-4","0.3144122383252818","0.0","7","5","false","hsa-miR-217","31.333333333333332","0","7","1","0.975771802532366","false","0","hsa-miR-217","12432","0.23333333333333334","miRNA"
"3.5749039692701663","1.0261219472552627E-4","0.2797277936962751","0.0","3","6","false","FDFT1","19.0","0","3","0","0.9713899558969982","false","0","FDFT1","3268","0.34615384615384615","Gene"
"2.910371318822023","0.0037539942311769522","0.34359876814782225","0.0","7","4","false","AFP","33.42857142857143","0","7","0","0.9787736520130885","false","0","AFP","76048","0.1680236861584012","Gene"
"2.669654289372599","0.009578302267124713","0.37458033573141486","0.0","38","5","false","hsa-miR-216a","30.18918918918919","0","38","1","0.9814482856736377","false","0","hsa-miR-216a","608936","0.10973379394432026","miRNA"
"3.8361075544174135","1.8421529125832483E-5","0.2606809078771696","0.0","2","6","false","hsa-miR-215","11.5","0","2","0","0.9684876938398066","false","0","hsa-miR-215","800","0.525","miRNA"
"3.0128040973111396","6.187512721003192E-4","0.33191670208244795","0.0","8","5","false","hsa-miR-214","31.875","0","8","0","0.9776355100298761","false","0","hsa-miR-214","26272","0.17542613636363635","miRNA"
"2.848911651728553","0.002601201730763765","0.3510112359550562","0.0","22","5","false","hsa-miR-212","33.77272727272727","0","22","0","0.9794565372030161","false","0","hsa-miR-212","211636","0.1406554818571986","miRNA"
"3.9539052496798974","0.0","0.25291450777202074","0.0","1","6","false","hsa-miR-210","34.0","0","1","0","0.9671788305591124","false","0","hsa-miR-210","0","0.0","miRNA"
"3.499359795134443","1.584105168345657E-4","0.2857665568971826","0.0","5","6","false","TGFBI","14.0","0","5","0","0.9722293356096173","false","0","TGFBI","4080","0.2708333333333333","Gene"
"3.5749039692701663","2.591955313838201E-5","0.2797277936962751","0.0","3","6","false","S100A10","15.0","0","3","0","0.9713899558969982","false","0","S100A10","474","0.4666666666666667","Gene"
"2.8962868117797695","0.001930735361602415","0.34526967285587973","0.0","13","5","false","hsa-miR-21","31.692307692307693","0","13","0","0.9789301465357803","false","0","hsa-miR-21","67504","0.13825363825363826","miRNA"
"2.6350832266325224","0.0027415797680338905","0.37949465500485907","0.0049261083743842365","29","5","false","hsa-miR-20b","42.310344827586206","0","29","0","0.981832408592972","false","0","hsa-miR-20b","349920","0.13327419891340503","miRNA"
"2.6350832266325224","0.0027415797680338905","0.37949465500485907","0.0049261083743842365","29","5","false","hsa-miR-20a","42.310344827586206","0","29","0","0.981832408592972","false","0","hsa-miR-20a","349920","0.13327419891340503","miRNA"
"2.7221510883482716","0.0029801532510301603","0.36735653809971774","0.0","23","5","false","hsa-miR-206","35.78260869565217","0","23","0","0.9808649879072414","false","0","hsa-miR-206","262980","0.12740882306099696","miRNA"
"3.056338028169014","3.121303848286392E-4","0.3271889400921659","0.0","8","5","false","hsa-miR-205","34.875","0","8","0","0.977151799687011","false","0","hsa-miR-205","27874","0.1958092485549133","miRNA"
"3.267605633802817","2.5729985998167697E-4","0.30603448275862066","0.0","4","6","false","HSD17B2","31.0","0","4","0","0.9748043818466354","false","0","HSD17B2","10630","0.2702702702702703","Gene"
"2.9475032010243276","0.0025833041838283026","0.3392701998262381","0.0","19","5","false","hsa-miR-204","31.526315789473685","0","19","0","0.9783610755441741","false","0","hsa-miR-204","184082","0.13688930847297617","miRNA"
"3.569782330345711","2.287871365727825E-5","0.28012912482065994","0.0","2","5","false","hsa-miR-202","40.5","0","2","0","0.9714468629961587","false","0","hsa-miR-202","1768","0.5064102564102564","miRNA"
"2.7003841229193344","0.003013949172152731","0.37031768610715976","0.0","23","5","false","hsa-miR-200c","33.130434782608695","0","23","0","0.9811068430786741","false","0","hsa-miR-200c","187358","0.11353510523889998","miRNA"
"3.195902688860435","3.184361129484046E-4","0.312900641025641","0.0","8","5","false","PCSK2","26.5","0","8","0","0.9756010812348841","false","0","PCSK2","15306","0.22767857142857142","Gene"
"3.06145966709347","4.55128080589502E-4","0.32664157256378085","0.044444444444444446","10","5","false","NTF3","20.0","0","10","0","0.9770948925878503","false","0","NTF3","10998","0.1692982456140351","Gene"
"2.7003841229193344","0.003013949172152731","0.37031768610715976","0.0","23","5","false","hsa-miR-200b","33.130434782608695","0","23","0","0.9811068430786741","false","0","hsa-miR-200b","187358","0.11353510523889998","miRNA"
"2.970550576184379","0.0012212760179966555","0.33663793103448275","0.0","16","5","false","hsa-miR-200a","29.8125","0","16","0","0.9781049935979513","false","0","hsa-miR-200a","93748","0.1385216346153846","miRNA"
"2.8181818181818183","0.0038163431211501154","0.3548387096774193","0.0","30","5","false","hsa-miR-19b","37.833333333333336","0","30","0","0.9797979797979799","false","0","hsa-miR-19b","393800","0.15283540802213003","miRNA"
"3.437900128040973","1.3359000023089267E-4","0.29087523277467414","0.0","5","6","false","IL1R1","22.2","0","5","0","0.9729122207995446","false","0","IL1R1","5884","0.31176470588235294","Gene"
"2.8181818181818183","0.0038163431211501154","0.3548387096774193","0.0","30","5","false","hsa-miR-19a","37.833333333333336","0","30","0","0.9797979797979799","false","0","hsa-miR-19a","393800","0.15283540802213003","miRNA"
"3.4903969270166453","9.818253211226559E-5","0.2865003668378577","0.0","4","6","false","FOXC2","13.75","0","4","0","0.9723289230331483","false","0","FOXC2","2942","0.27717391304347827","Gene"
"2.850192061459667","0.0011887140298368721","0.3508535489667565","0.08333333333333333","9","5","false","CD44","34.44444444444444","0","9","0","0.9794423104282259","false","0","CD44","32470","0.1511111111111111","Gene"
"2.6786171574903967","0.005453172456511981","0.37332695984703634","0.021739130434782608","26","5","false","hsa-miR-199a","32.166666666666664","0","26","2","0.9813486982501067","false","0","hsa-miR-199a","242946","0.10535117056856187","miRNA"
"3.057618437900128","2.1677613783770955E-4","0.3270519262981575","0.0","7","5","false","hsa-miR-196b","39.42857142857143","0","7","0","0.9771375729122208","false","0","hsa-miR-196b","17508","0.22213047068538397","miRNA"
"2.7195902688860434","0.0032843603792502294","0.3677024482109228","0.02197802197802198","14","5","false","HOXB7","24.857142857142858","0","14","0","0.9808934414568218","false","0","HOXB7","29268","0.09402901785714286","TF"
"3.057618437900128","2.1677613783770955E-4","0.3270519262981575","0.0","7","5","false","hsa-miR-196a","39.42857142857143","0","7","0","0.9771375729122208","false","0","hsa-miR-196a","17508","0.22213047068538397","miRNA"
"2.7797695262483995","0.0029373515408294523","0.3597420543528328","0.0","27","5","false","hsa-miR-195","36.0","0","27","0","0.9802247830416845","false","0","hsa-miR-195","367238","0.13307984790874525","miRNA"
"3.6299615877080664","1.9877116015553804E-4","0.27548500881834215","0.0","4","6","false","GJB1","9.75","0","4","0","0.9707782045810215","false","0","GJB1","1758","0.2734375","Gene"
"3.117797695262484","0.0013746850706026","0.32073921971252567","0.0","12","5","false","hsa-miR-194","26.25","0","12","0","0.9764689144970835","false","0","hsa-miR-194","56946","0.1549079754601227","miRNA"
"3.2932138284250962","9.72324282763442E-5","0.3036547433903577","0.0","5","5","false","hsa-miR-193b","28.6","0","5","0","0.9745198463508322","false","0","hsa-miR-193b","7394","0.24","miRNA"
"3.0742637644046096","0.0012552867690594053","0.3252811328613078","0.0","11","6","false","NT5E","29.636363636363637","0","11","0","0.9769526248399488","false","0","NT5E","60978","0.17568321249302846","Gene"
"3.235595390524968","1.3815327818153346E-4","0.30906212900672736","0.0","6","5","false","hsa-miR-193a","28.833333333333332","0","6","0","0.9751600512163893","false","0","hsa-miR-193a","10282","0.2141025641025641","miRNA"
"3.0550576184379","0.0034688195239899644","0.3273260687342833","0.0","8","5","false","TYMS","34.75","0","8","0","0.9771660264618011","false","0","TYMS","113120","0.18342391304347827","Gene"
"3.8361075544174135","1.8421529125832483E-5","0.2606809078771696","0.0","2","6","false","hsa-miR-192","11.5","0","2","0","0.9684876938398066","false","0","hsa-miR-192","800","0.525","miRNA"
"3.714468629961588","2.90886336392941E-5","0.26921751120303344","0.0","2","5","false","hsa-miR-191","35.5","0","2","0","0.9698392374448712","false","0","hsa-miR-191","1672","0.5","miRNA"
"3.0307298335467348","2.474697483458129E-4","0.32995352767215885","0.0","6","5","false","hsa-miR-190a","41.5","0","6","0","0.9774363351828141","false","0","hsa-miR-190a","15604","0.23684210526315788","miRNA"
"3.0653008962868116","3.012182150966835E-4","0.3262322472848789","0.0","9","5","false","hsa-miR-18b","40.77777777777778","0","9","0","0.9770522122634798","false","0","hsa-miR-18b","32452","0.21385902031063322","miRNA"
"3.0653008962868116","3.012182150966835E-4","0.3262322472848789","0.0","9","5","false","hsa-miR-18a","40.77777777777778","0","9","0","0.9770522122634798","false","0","hsa-miR-18a","32452","0.21385902031063322","miRNA"
"3.5723431498079385","1.2293025840380178E-5","0.2799283154121864","0.0","3","5","false","hsa-miR-188","37.333333333333336","0","3","0","0.9714184094465785","false","0","hsa-miR-188","1952","0.39492753623188404","miRNA"
"3.238156209987196","1.7108073132798493E-4","0.3088177145116647","0.0","6","5","false","hsa-miR-185","39.0","0","6","0","0.9751315976668089","false","0","hsa-miR-185","16616","0.2676056338028169","miRNA"
"2.9295774647887325","0.0026721716942972725","0.34134615384615385","0.0","25","5","false","hsa-miR-183","29.09090909090909","0","25","3","0.9785602503912363","false","0","hsa-miR-183","209128","0.13440626359286648","miRNA"
"3.2522407170294496","3.6121364881651724E-5","0.3074803149606299","0.0","3","6","false","MYD88","35.666666666666664","0","3","0","0.9749751031441172","false","0","MYD88","2172","0.3727598566308244","Gene"
"2.653008962868118","0.004796941407978731","0.3769305019305019","0.004329004329004329","22","5","false","hsa-miR-182","37.72727272727273","0","22","0","0.9816332337459098","false","0","hsa-miR-182","226192","0.12272727272727273","miRNA"
"2.6965428937259923","0.0032223072344554015","0.3708452041785375","0.0049261083743842365","29","5","false","hsa-miR-181d","33.275862068965516","0","29","0","0.9811495234030445","false","0","hsa-miR-181d","260790","0.1160548757879125","miRNA"
"2.6965428937259923","0.0032223072344554015","0.3708452041785375","0.0049261083743842365","29","5","false","hsa-miR-181c","33.275862068965516","0","29","0","0.9811495234030445","false","0","hsa-miR-181c","260790","0.1160548757879125","miRNA"
"2.6965428937259923","0.0032223072344554015","0.3708452041785375","0.0049261083743842365","29","5","false","hsa-miR-181b","33.275862068965516","0","29","0","0.9811495234030445","false","0","hsa-miR-181b","260790","0.1160548757879125","miRNA"
"2.851472471190781","0.0023664071048662707","0.35069600359227665","0.01904761904761905","15","4","false","VCAM1","31.0","0","15","0","0.9794280836534358","false","0","VCAM1","74324","0.13542600896860987","Gene"
"2.961587708066581","0.0019598431185083244","0.3376567228707307","0.0","11","6","false","SPP1","27.636363636363637","0","11","0","0.9782045810214823","false","0","SPP1","41092","0.15308254963427378","Gene"
"2.731113956466069","0.006945934244673429","0.3661509610876699","0.030303030303030304","22","5","false","PLAU","31.681818181818183","0","22","0","0.9807654004837103","false","0","PLAU","222370","0.10668541080912215","Gene"
"2.9359795134443023","2.649688264115447E-4","0.3406018316615787","0.03571428571428571","8","5","false","F2R","44.125","0","8","0","0.9784891165172854","false","0","F2R","16360","0.2201776649746193","Gene"
"2.6965428937259923","0.0032223072344554015","0.3708452041785375","0.0049261083743842365","29","5","false","hsa-miR-181a","33.275862068965516","0","29","0","0.9811495234030445","false","0","hsa-miR-181a","260790","0.1160548757879125","miRNA"
"2.6350832266325224","0.0027415797680338905","0.37949465500485907","0.0049261083743842365","29","5","false","hsa-miR-17","42.310344827586206","0","29","0","0.981832408592972","false","0","hsa-miR-17","349920","0.13327419891340503","miRNA"
"2.7797695262483995","0.0029373515408294523","0.3597420543528328","0.0","27","5","false","hsa-miR-16","36.0","0","27","0","0.9802247830416845","false","0","hsa-miR-16","367238","0.13307984790874525","miRNA"
"2.7797695262483995","0.0029373515408294523","0.3597420543528328","0.0","27","5","false","hsa-miR-15b","36.0","0","27","0","0.9802247830416845","false","0","hsa-miR-15b","367238","0.13307984790874525","miRNA"
"3.1856594110115237","3.605173294475184E-4","0.31390675241157556","0.0","9","5","false","UCP2","30.11111111111111","0","9","0","0.9757148954332052","false","0","UCP2","29008","0.24670433145009416","Gene"
"3.238156209987196","5.036943805512737E-4","0.3088177145116647","0.0","14","5","false","LMO7","23.071428571428573","0","14","0","0.9751315976668089","false","0","LMO7","35750","0.23480243161094225","Gene"
"3.4327784891165174","4.8098334164742887E-4","0.29130921298023127","0.0","16","6","false","IRAK2","21.0","0","16","0","0.9729691278987054","false","0","IRAK2","38058","0.36363636363636365","Gene"
"3.4878361075544175","1.825892948326023E-4","0.2867107195301028","0.0","10","6","false","CHAC1","23.1","0","10","0","0.9723573765827287","false","0","CHAC1","13262","0.3810344827586207","Gene"
"2.7797695262483995","0.0029373515408294523","0.3597420543528328","0.0","27","5","false","hsa-miR-15a","36.0","0","27","0","0.9802247830416845","false","0","hsa-miR-15a","367238","0.13307984790874525","miRNA"
"3.4443021766965427","0.0014199037266406608","0.2903345724907063","0.0","9","5","false","SOX10","7.625","0","9","1","0.972841086925594","false","0","SOX10","8642","0.17905405405405406","TF"
"2.674775928297055","0.009492576178041877","0.37386309238870274","0.021505376344086023","33","4","false","CEBPB","16.93548387096774","0","33","1","0.9813913785744772","false","0","CEBPB","139372","0.06648308418568057","TF"
"2.791293213828425","0.0026273524814529807","0.35825688073394496","0.0","14","5","false","hsa-miR-155","33.285714285714285","0","14","0","0.9800967420685731","false","0","hsa-miR-155","74106","0.1323185011709602","miRNA"
"3.2868117797695264","9.531499736973781E-6","0.30424620179197504","0.0","2","5","false","hsa-miR-154","69.0","0","2","0","0.9745909802247831","false","0","hsa-miR-154","1128","0.5862068965517241","miRNA"
"2.843790012804097","0.0011043271447151077","0.35164340387212967","0.005847953216374269","19","5","false","hsa-miR-152","36.421052631578945","0","19","0","0.9795134443021768","false","0","hsa-miR-152","108494","0.15513675017237416","miRNA"
"3.2483994878361075","1.702533422720471E-5","0.3078439101300749","0.0","2","5","false","hsa-miR-151a","54.0","0","2","0","0.9750177834684877","false","0","hsa-miR-151a","934","0.5247524752475248","miRNA"
"3.412291933418694","4.8600554667699915E-4","0.2930581613508443","0.0","9","6","false","SPARC","17.333333333333332","0","9","0","0.9731967562953477","false","0","SPARC","31354","0.23671497584541062","Gene"
"3.1895006402048653","2.5980691534783807E-4","0.31352870333199523","0.0","6","5","false","hsa-miR-150","34.833333333333336","0","6","0","0.9756722151088348","false","0","hsa-miR-150","18368","0.2240618101545254","miRNA"
"3.352112676056338","2.0300866378168628E-5","0.29831932773109243","0.0","2","5","false","MSC","32.0","0","2","0","0.9738654147104852","false","0","MSC","112","0.5","Gene"
"2.642765685019206","0.012747239608821405","0.37839147286821706","0.021538461538461538","26","5","false","IL6","28.346153846153847","0","26","0","0.9817470479442311","false","0","IL6","291178","0.0869303110682421","Gene"
"2.9462227912932137","0.0011655428578450815","0.33941764450239026","0.0","11","5","false","hsa-miR-149","26.636363636363637","0","11","0","0.9783753023189643","false","0","hsa-miR-149","33590","0.14402451481103168","miRNA"
"2.843790012804097","0.0011043271447151077","0.35164340387212967","0.005847953216374269","19","5","false","hsa-miR-148b","36.421052631578945","0","19","0","0.9795134443021768","false","0","hsa-miR-148b","108494","0.15513675017237416","miRNA"
"2.843790012804097","0.0011043271447151077","0.35164340387212967","0.005847953216374269","19","5","false","hsa-miR-148a","36.421052631578945","0","19","0","0.9795134443021768","false","0","hsa-miR-148a","108494","0.15513675017237416","miRNA"
"3.8143405889884763","2.4652793587037173E-6","0.26216851292379995","0.0","2","5","false","hsa-miR-146b","37.5","0","2","0","0.9687295490112392","false","0","hsa-miR-146b","454","0.6886792452830188","miRNA"
"3.8143405889884763","2.4652793587037173E-6","0.26216851292379995","0.0","2","5","false","hsa-miR-146a","37.5","0","2","0","0.9687295490112392","false","0","hsa-miR-146a","454","0.6886792452830188","miRNA"
"3.1818181818181817","0.001036166388325117","0.3142857142857143","0.0","12","6","false","CYR61","20.916666666666668","0","12","0","0.9757575757575757","false","0","CYR61","37458","0.17169540229885058","Gene"
"2.8143405889884763","0.0019116081520667936","0.35532302092811646","0.0","19","5","false","hsa-miR-145","39.526315789473685","0","19","0","0.9798406601223503","false","0","hsa-miR-145","159850","0.15597698700191776","miRNA"
"2.6914212548015364","0.0029195612300672185","0.3715509039010466","0.0033333333333333335","25","5","false","hsa-miR-144","37.24","0","25","0","0.9812064305022051","false","0","hsa-miR-144","228932","0.13159420289855073","miRNA"
"3.0640204865556977","0.0012466086267918738","0.32636857501044714","0.0","12","6","false","MYBL2","35.083333333333336","0","12","0","0.9770664390382701","false","0","MYBL2","90108","0.19815891472868216","Gene"
"2.973111395646607","8.921283154107208E-4","0.3363479758828596","0.0","11","5","false","hsa-miR-143","26.363636363636363","0","11","0","0.978076540048371","false","0","hsa-miR-143","42466","0.14329738058551617","miRNA"
"2.9449423815621","0.002944378535146487","0.33956521739130435","0.0","16","5","false","THBD","25.4375","0","16","0","0.9783895290937544","false","0","THBD","110326","0.11979166666666667","Gene"
"3.375160051216389","0.001675611457714609","0.2962822458270106","0.0","6","6","false","POSTN","24.333333333333332","0","6","0","0.9736093327642624","false","0","POSTN","83346","0.29535864978902954","Gene"
"2.9590268886043534","7.653835604031223E-4","0.33794893985287755","0.0","9","5","false","IER3","53.125","0","9","1","0.9782330345710627","false","0","IER3","50280","0.23910550458715596","Gene"
"3.345710627400768","2.319545810880733E-4","0.29889016456180634","0.0","6","5","false","ASCL1","16.833333333333332","0","6","0","0.973936548584436","false","0","ASCL1","10860","0.2111111111111111","Gene"
"3.1421254801536493","0.0013358170956097287","0.3182559087204564","0.0","18","5","false","ACTC1","24.055555555555557","0","18","0","0.9761986057760705","false","0","ACTC1","102396","0.19054178145087236","Gene"
"2.679897567221511","0.006802197237871056","0.37314859053989485","0.004032258064516129","36","5","false","hsa-miR-142","31.1875","0","36","4","0.9813344714753165","false","0","hsa-miR-142","406174","0.10635964912280702","miRNA"
"3.1971830985915495","2.808907475782164E-4","0.31277533039647576","0.0","7","6","false","PPP2R2B","29.142857142857142","0","7","0","0.9755868544600939","false","0","PPP2R2B","15778","0.21816168327796234","Gene"
"2.970550576184379","0.0012212760179966555","0.33663793103448275","0.0","16","5","false","hsa-miR-141","29.8125","0","16","0","0.9781049935979513","false","0","hsa-miR-141","93748","0.1385216346153846","miRNA"
"3.403329065300896","2.7882937168013052E-5","0.2938299473288187","0.0","2","5","false","MAP1LC3A","42.0","0","2","0","0.973296343718879","false","0","MAP1LC3A","2218","0.5256410256410257","Gene"
"2.770806658130602","0.005862869120371977","0.36090573012939","0.003952569169960474","23","5","false","KLF5","18.73913043478261","0","23","0","0.9803243704652156","false","0","KLF5","76080","0.0933302982016845","TF"
"3.2202304737516005","0.0032811242469860287","0.31053677932405566","0.0","15","5","false","CXCR5","12.2","0","15","0","0.9753307725138711","false","0","CXCR5","125236","0.10566037735849057","Gene"
"3.2202304737516005","5.848939063004493E-5","0.31053677932405566","0.0","5","5","false","ADA","43.2","0","5","0","0.9753307725138711","false","0","ADA","7014","0.33228346456692914","Gene"
"2.6786171574903967","0.008629984742577248","0.37332695984703634","0.0","42","5","false","hsa-miR-140","28.916666666666668","0","42","6","0.9813486982501067","false","0","hsa-miR-140","528424","0.10078219013237064","miRNA"
"3.121638924455826","0.0010087577589272146","0.32034454470877766","0.0","16","5","false","MAP2","18.75","0","16","0","0.9764262341727131","false","0","MAP2","53426","0.1431451612903226","Gene"
"2.9257362355953904","5.661559551487699E-4","0.34179431072210065","0.0","9","5","false","hsa-miR-139","39.55555555555556","0","9","0","0.9786029307156068","false","0","hsa-miR-139","38282","0.18536324786324787","miRNA"
"3.3367477592829706","3.6460439753670075E-4","0.2996930161166539","0.0","10","6","false","FOXD1","21.4","0","10","0","0.974036136007967","false","0","FOXD1","21016","0.24878048780487805","Gene"
"3.111395646606914","6.152849388051163E-4","0.3213991769547325","0.0","12","5","false","hsa-miR-138","34.833333333333336","0","12","0","0.9765400483710344","false","0","hsa-miR-138","57376","0.18288288288288287","miRNA"
"3.1933418693982074","1.2628791350224335E-4","0.31315156375300723","0.0","4","6","false","PTN","41.75","0","4","0","0.9756295347844643","false","0","PTN","7538","0.3041044776119403","Gene"
"3.0396927016645328","0.0025242616624875248","0.32898062342038753","0.0033333333333333335","25","5","false","NOTCH1","21.8","0","25","0","0.9773367477592829","false","0","NOTCH1","161046","0.15699248120300752","Gene"
"3.2752880921895007","6.647983776959584E-4","0.30531665363565286","0.0","9","6","false","CACNA1H","28.444444444444443","0","9","0","0.9747190211978944","false","0","CACNA1H","22276","0.2800453514739229","Gene"
"3.290653008962868","6.101972479906224E-4","0.3038910505836576","0.0","16","6","false","BMP7","24.375","0","16","0","0.9745482999004126","false","0","BMP7","48560","0.25686813186813184","Gene"
"2.824583866837388","0.0026670621514396377","0.35403445149592017","0.0","24","5","false","hsa-miR-137","30.791666666666668","0","24","0","0.979726845924029","false","0","hsa-miR-137","206022","0.12786123032904148","miRNA"
"3.6286811779769526","1.3254690043135859E-5","0.2755822159491884","0.0","2","5","false","hsa-miR-136","28.0","0","2","0","0.9707924313558116","false","0","hsa-miR-136","708","0.5094339622641509","miRNA"
"3.1024327784891166","2.488580137841666E-4","0.3223276929426331","0.0","9","5","false","hsa-miR-135b","37.55555555555556","0","9","0","0.9766396357945654","false","0","hsa-miR-135b","26008","0.22426721199727334","miRNA"
"3.1024327784891166","2.488580137841666E-4","0.3223276929426331","0.0","9","5","false","hsa-miR-135a","37.55555555555556","0","9","0","0.9766396357945654","false","0","hsa-miR-135a","26008","0.22426721199727334","miRNA"
"3.468629961587708","3.203322504573182E-4","0.2882982650424511","0.0","5","6","false","MYL9","12.4","0","5","0","0.972570778204581","false","0","MYL9","13866","0.2111111111111111","Gene"
"3.7170294494238156","1.661325097280043E-4","0.2690320358250086","0.0","4","6","false","hsa-miR-134","23.0","0","4","0","0.9698107838952909","false","0","hsa-miR-134","7228","0.3235294117647059","miRNA"
"3.021766965428937","0.0013165569777287716","0.33093220338983054","0.0","17","5","false","hsa-miR-133b","25.705882352941178","0","17","0","0.9775359226063451","false","0","hsa-miR-133b","94774","0.13574660633484162","miRNA"
"3.380281690140845","8.703664892240257E-4","0.29583333333333334","0.0","7","6","false","TMEM158","17.0","0","7","0","0.9735524256651017","false","0","TMEM158","45408","0.1951219512195122","Gene"
"2.6606914212548016","0.005452411698529737","0.37584215591915304","0.013333333333333334","25","4","false","MMP14","31.56","0","25","0","0.981547873097169","false","0","MMP14","244948","0.09672955974842767","Gene"
"3.1306017925736236","3.414021763614864E-4","0.3194274028629857","0.0","10","5","false","LTBP1","25.7","0","10","0","0.9763266467491819","false","0","LTBP1","22938","0.18854961832061068","Gene"
"3.2932138284250962","2.949675293553338E-4","0.3036547433903577","0.0","6","5","false","CTSV","23.666666666666668","0","6","0","0.9745198463508322","false","0","CTSV","10940","0.22895622895622897","Gene"
"3.0115236875800258","0.0014608712600674828","0.3320578231292517","0.0","23","5","false","hsa-miR-133a","26.5","0","23","5","0.9776497368046664","false","0","hsa-miR-133a","108428","0.13783783783783785","miRNA"
"2.887323943661972","0.0033907848408421372","0.3463414634146341","0.0","21","6","false","CTGF","26.428571428571427","0","21","0","0.9790297339593115","false","0","CTGF","162108","0.10866910866910867","Gene"
"2.9923175416133163","5.476009447143022E-4","0.33418913136499784","0.0","12","5","false","hsa-miR-132","34.75","0","12","0","0.9778631384265187","false","0","hsa-miR-132","52880","0.17857142857142858","miRNA"
"2.893725992317542","0.0015456626898893184","0.345575221238938","0.0","23","5","false","hsa-miR-130b","36.26086956521739","0","23","0","0.9789586000853606","false","0","hsa-miR-130b","188772","0.15533422715954798","miRNA"
"3.4494238156209986","2.726650957923884E-4","0.2899034892353378","0.0","8","6","false","UBB","22.25","0","8","0","0.9727841798264333","false","0","UBB","13372","0.3373015873015873","Gene"
"2.973111395646607","0.004097239387321688","0.3363479758828596","0.0","40","5","false","TGFB2","22.194444444444443","0","40","4","0.978076540048371","false","0","TGFB2","275418","0.13499646142958244","Gene"
"3.3892445582586426","2.131756902303792E-4","0.2950510011333585","0.0","7","6","false","STAT5A","24.0","0","7","0","0.9734528382415707","false","0","STAT5A","8890","0.32857142857142857","Gene"
"3.3597951344430217","1.341483476646843E-4","0.29763719512195125","0.0","8","6","false","SLC1A3","27.857142857142858","0","8","1","0.9737800540617443","false","0","SLC1A3","9706","0.3122923588039867","Gene"
"2.81562099871959","0.0014616627585970182","0.35516143701682584","0.03333333333333333","16","4","false","OXTR","40.4375","0","16","0","0.97982643334756","false","0","OXTR","99382","0.16158536585365854","Gene"
"3.2599231754161333","4.8168385992136383E-4","0.30675569520816964","0.0","11","5","false","IL15","23.454545454545453","0","11","0","0.9748897424953763","false","0","IL15","16028","0.24675324675324675","Gene"
"3.3265044814340587","4.759662111589885E-5","0.3006158583525789","0.0","5","6","false","GBP1","32.4","0","5","0","0.9741499502062883","false","0","GBP1","2558","0.3829268292682927","Gene"
"3.0717029449423814","0.002353258403094581","0.3255523134639433","0.0","25","5","false","FOSL1","22.84","0","25","0","0.9769810783895291","false","0","FOSL1","163680","0.1436842105263158","Gene"
"2.859154929577465","0.0016819672249390374","0.34975369458128075","0.0","12","5","false","CXCL12","38.916666666666664","0","12","0","0.9793427230046947","false","0","CXCL12","67574","0.159985935302391","Gene"
"2.8758002560819462","0.0031009540824688767","0.3477292965271594","0.002849002849002849","27","5","false","BHLHE40","22.185185185185187","0","27","0","0.9791577749324228","false","0","BHLHE40","144476","0.12288589167201884","Gene"
"2.5672215108834826","0.010690419668634796","0.3895261845386534","8.163265306122449E-4","57","5","false","hsa-miR-130a","32.16","0","57","7","0.9825864276568501","false","0","hsa-miR-130a","805576","0.10229508196721311","miRNA"
"3.0550576184379","0.0036980461132803863","0.3273260687342833","0.0","29","5","false","WWC1","20.96551724137931","0","29","0","0.9771660264618011","false","0","WWC1","260088","0.15358090185676393","Gene"
"3.121638924455826","0.002523082970293549","0.32034454470877766","0.0","13","5","false","WNT5A","18.153846153846153","0","13","0","0.9764262341727131","false","0","WNT5A","54654","0.15453915453915454","Gene"
"2.682458386683739","0.021806614641598398","0.3727923627684964","0.011379800853485065","47","5","false","SOX2","13.789473684210526","0","47","9","0.9813060179257362","false","0","SOX2","267852","0.06002910502061606","TF"
"2.9807938540332906","0.00169334637332797","0.3354810996563574","0.0","15","5","false","PTGER4","35.857142857142854","0","15","1","0.9779911793996301","false","0","PTGER4","95694","0.18345864661654135","Gene"
"3.1293213828425097","5.083144740024879E-4","0.31955810147299507","0.0","7","5","false","PERP","26.833333333333332","0","7","1","0.9763408735239721","false","0","PERP","16458","0.18719806763285024","Gene"
"3.021766965428937","0.001926288435428271","0.33093220338983054","0.0","24","5","false","HMGCS1","20.52173913043478","0","24","1","0.9775359226063451","false","0","HMGCS1","123390","0.13190364277320799","Gene"
"3.775928297055058","4.287808421931755E-5","0.2648355374703289","0.0","3","6","false","BAG3","13.5","0","3","1","0.9691563522549438","false","0","BAG3","1050","0.5","Gene"
"3.6286811779769526","3.9518469576299906E-5","0.2755822159491884","0.0","3","6","false","BAALC","22.5","0","3","1","0.9707924313558116","false","0","BAALC","816","0.5","Gene"
"3.1370038412291934","5.421406136860983E-4","0.3187755102040816","0.0","6","6","false","ASS1","32.666666666666664","0","6","0","0.9762555128752313","false","0","ASS1","14560","0.21396396396396397","Gene"
"2.8335467349551857","0.006701001997921216","0.35291459557162225","0.0","34","5","false","hsa-miR-129","25.318181818181817","0","34","12","0.9796272585004979","false","0","hsa-miR-129","226286","0.10619293370385073","miRNA"
"3.1536491677336747","8.946864763569477E-4","0.31709297604547304","0.0","13","5","false","VEGFC","23.076923076923077","0","13","0","0.9760705648029592","false","0","VEGFC","40458","0.1903183023872679","Gene"
"3.320102432778489","1.190627815848507E-4","0.3011955264172773","0.0","6","6","false","LAPTM4B","30.5","0","6","0","0.9742210840802391","false","0","LAPTM4B","7798","0.3782051282051282","Gene"
"2.9475032010243276","0.002240350856879107","0.3392701998262381","0.0","22","6","false","ITGA5","27.772727272727273","0","22","0","0.9783610755441741","false","0","ITGA5","158080","0.13944128787878787","Gene"
"2.787451984635083","0.004788418059291093","0.3587505741846578","0.0026455026455026454","29","4","false","HOXA10","21.785714285714285","0","29","1","0.9801394223929435","false","0","HOXA10","127822","0.11523283346487766","TF"
"3.1331626120358513","0.0024522468286114333","0.3191663261136085","0.0","12","6","false","GAD1","19.916666666666668","0","12","0","0.9762981931996018","false","0","GAD1","90914","0.15633608815426997","Gene"
"3.1049935979513443","0.0016578929543919227","0.3220618556701031","0.0","22","6","false","EPHB2","25.333333333333332","0","22","1","0.976611182244985","false","0","EPHB2","119496","0.18295739348370926","Gene"
"3.390524967989757","8.893453398131632E-4","0.2949395770392749","0.0","9","6","false","ACTA2","28.555555555555557","0","9","0","0.9734386114667805","false","0","ACTA2","27170","0.4239316239316239","Gene"
"2.7848911651728554","0.004641651288205979","0.35908045977011493","0.0","32","5","false","hsa-miR-128","31.0","0","32","0","0.9801678759425239","false","0","hsa-miR-128","411824","0.12","miRNA"
"3.0998719590268884","0.0013630563735458673","0.32259396943411817","0.0","15","5","false","PLAGL1","26.933333333333334","0","15","0","0.9766680893441457","false","0","PLAGL1","90446","0.1706140350877193","Gene"
"3.615877080665813","7.911751957330439E-5","0.27655807365439095","0.0","4","6","false","MT1E","18.0","0","4","0","0.9709346991037132","false","0","MT1E","3262","0.5151515151515151","Gene"
"3.4827144686299616","1.6788858937465397E-4","0.28713235294117645","0.0","5","6","false","FHL1","19.0","0","5","0","0.9724142836818893","false","0","FHL1","13710","0.391304347826087","Gene"
"3.0128040973111396","8.647705646772338E-4","0.33191670208244795","0.0","10","5","false","CTSB","38.8","0","10","0","0.9776355100298761","false","0","CTSB","49670","0.1918781725888325","Gene"
"2.736235595390525","0.0031647086609195595","0.3654656059897052","0.004329004329004329","22","5","false","hsa-miR-1271","32.40909090909091","0","22","0","0.9807084933845497","false","0","hsa-miR-1271","219974","0.11931818181818182","miRNA"
"3.0819462227912933","0.0021414189049285604","0.3244702949729954","0.0","13","5","false","PDGFRB","29.384615384615383","0","13","0","0.976867264191208","false","0","PDGFRB","104450","0.16895604395604397","Gene"
"3.765685019206146","5.594616324279986E-6","0.26555593335600136","0.0","2","5","false","hsa-miR-126","24.0","0","2","0","0.969270166453265","false","0","hsa-miR-126","820","0.5609756097560976","miRNA"
"3.140845070422535","6.363466968771812E-4","0.3183856502242153","0.0","8","5","false","hsa-miR-125b","25.125","0","8","0","0.9762128325508608","false","0","hsa-miR-125b","33202","0.1760948905109489","miRNA"
"3.2419974391805377","7.803813501686092E-4","0.30845181674565564","0.0","11","6","false","SCARB1","15.090909090909092","0","11","0","0.9750889173424385","false","0","SCARB1","25064","0.1437847866419295","Gene"
"3.4276568501920615","2.968050091464264E-4","0.2917444901008592","0.0","6","5","false","ANPEP","12.333333333333334","0","6","0","0.973026034997866","false","0","ANPEP","6832","0.20238095238095238","Gene"
"3.140845070422535","6.363466968771812E-4","0.3183856502242153","0.0","8","5","false","hsa-miR-125a","25.125","0","8","0","0.9762128325508608","false","0","hsa-miR-125a","33202","0.1760948905109489","miRNA"
"2.978233034571063","0.0011362441436181569","0.3357695614789338","0.0","10","5","false","COL7A1","43.8","0","10","0","0.9780196329492105","false","0","COL7A1","47898","0.20478468899521532","Gene"
"3.3098591549295775","2.10862628823085E-5","0.3021276595744681","0.0","2","5","false","hsa-miR-1251","38.5","0","2","0","0.9743348982785602","false","0","hsa-miR-1251","688","0.5067567567567568","miRNA"
"2.8373879641485273","0.0039251396849003","0.35243682310469315","0.0","19","6","false","VIM","26.842105263157894","0","19","0","0.9795845781761274","false","0","VIM","136082","0.10903841883188985","Gene"
"2.5672215108834826","0.010671784217421867","0.3895261845386534","0.027093596059113302","31","5","false","VDR","28.310344827586206","0","31","2","0.9825864276568501","false","0","VDR","240726","0.07885971786833856","TF"
"3.085787451984635","5.900957657891776E-4","0.3240663900414938","0.0","14","5","false","SHC1","23.0","0","14","0","0.9768245838668375","false","0","SHC1","41594","0.16923076923076924","Gene"
"3.290653008962868","2.1268946422865856E-4","0.3038910505836576","0.0","6","5","false","SDC4","19.666666666666668","0","6","0","0.9745482999004126","false","0","SDC4","6814","0.21455938697318008","Gene"
"3.094750320102433","0.0015587766054471028","0.3231278444352503","0.0","21","5","false","RNF144A","20.15","0","21","1","0.9767249964433062","false","0","RNF144A","92450","0.14618320610687022","Gene"
"3.028169014084507","3.0294901308767006E-4","0.3302325581395349","0.047619047619047616","8","5","false","PTPRZ1","27.857142857142858","0","8","1","0.9774647887323943","false","0","PTPRZ1","9894","0.18590998043052837","Gene"
"2.941101152368758","0.003462056927673087","0.3400087070091424","0.0","29","5","false","PMEPA1","24.928571428571427","0","29","1","0.9784322094181249","false","0","PMEPA1","226084","0.13831544178364988","Gene"
"3.17797695262484","5.510471591742034E-4","0.31466559226430296","0.0","12","5","false","PEG3","20.363636363636363","0","12","1","0.9758002560819462","false","0","PEG3","21230","0.1683794466403162","Gene"
"3.0819462227912933","4.2369971500002597E-4","0.3244702949729954","0.0","5","6","false","NR4A1","42.8","0","5","0","0.976867264191208","false","0","NR4A1","18112","0.24733727810650888","Gene"
"3.3405889884763122","9.611171587896774E-6","0.2993484093522423","0.0","2","5","false","MYH11","34.5","0","2","0","0.9739934556835965","false","0","MYH11","48","0.5","Gene"
"3.3687580025608193","4.708901062285642E-4","0.29684530596731284","0.0","6","6","false","MAPK7","20.166666666666668","0","6","0","0.9736804666382131","false","0","MAPK7","11638","0.24891774891774893","Gene"
"2.9039692701664532","0.00316891963816426","0.3443562610229277","0.0","27","6","false","LOX","28.85185185185185","0","27","0","0.9788447858870394","false","0","LOX","205374","0.1365286855482934","Gene"
"2.966709346991037","9.016302760118323E-4","0.3370738023305999","0.0","10","5","false","ITGB1","26.9","0","10","0","0.9781476739223218","false","0","ITGB1","29804","0.1608695652173913","Gene"
"3.0192061459667094","3.359039892842435E-4","0.33121289228159456","0.027777777777777776","10","5","false","IL11","35.77777777777778","0","10","1","0.9775643761559255","false","0","IL11","19456","0.19886363636363635","Gene"
"3.4199743918053778","1.348983951243706E-4","0.2923998502433545","0.0","5","6","false","HRH1","27.5","0","5","1","0.9731113956466069","false","0","HRH1","5046","0.363013698630137","Gene"
"3.088348271446863","3.1920070702158663E-4","0.3237976782752902","0.0","12","6","false","FGL2","28.916666666666668","0","12","0","0.9767961303172571","false","0","FGL2","29018","0.1812770562770563","Gene"
"3.1318822023047375","0.0021660941543052785","0.31929681112019626","0.0","23","6","false","DACT1","23.681818181818183","0","23","1","0.9763124199743918","false","0","DACT1","154386","0.17447552447552447","Gene"
"2.9231754161331627","0.004637613956936241","0.34209373631187034","0.0","43","4","false","CYLD","24.4390243902439","0","43","2","0.978631384265187","false","0","CYLD","393160","0.13951800232288036","Gene"
"3.1638924455825865","4.1920801826490755E-5","0.3160663698907325","0.0","3","6","false","CD151","53.333333333333336","0","3","0","0.9759567506046379","false","0","CD151","4284","0.38480392156862747","Gene"
"2.7580025608194623","0.004417335468553747","0.36258124419684307","0.014705882352941176","17","5","false","CCL2","34.64705882352941","0","17","0","0.9804666382131171","false","0","CCL2","158620","0.12299465240641712","Gene"
"3.0076824583866837","9.914404819488523E-4","0.3324819071945509","0.0","7","5","false","CAV1","38.285714285714285","0","7","0","0.9776924171290369","false","0","CAV1","36226","0.18642857142857142","Gene"
"2.7016645326504483","0.008067145537843295","0.3701421800947867","0.0","42","4","false","BACE1","28.725","0","42","2","0.9810926163038839","false","0","BACE1","595430","0.10155677655677656","Gene"
"2.560819462227913","0.016045731250443136","0.3905","0.001932367149758454","62","5","false","hsa-miR-124","26.065217391304348","0","62","16","0.982657561530801","false","0","hsa-miR-124","704416","0.07835568197209807","miRNA"
"3.204865556978233","0.0012612664429810616","0.3120255693168198","0.0","11","5","false","DDR2","18.0","0","11","0","0.975501493811353","false","0","DDR2","48668","0.1717171717171717","Gene"
"3.708066581306018","1.7721822276649804E-5","0.2696823204419889","0.0","2","5","false","hsa-miR-122","24.5","0","2","0","0.9699103713188221","false","0","hsa-miR-122","894","0.5108695652173914","miRNA"
"2.8924455825864275","0.006925624201174795","0.3457281983178398","0.0","39","5","false","HRK","20.10810810810811","0","39","2","0.9789728268601507","false","0","HRK","409598","0.10918918918918918","Gene"
"3.3969270166453267","4.956647142806491E-5","0.29438371654730494","0.0","4","5","false","hsa-miR-1197","43.25","0","4","0","0.9733674775928297","false","0","hsa-miR-1197","5612","0.3706140350877193","miRNA"
"2.9026888604353394","0.002048797784513831","0.34450816056462286","0.0","18","5","false","MME","28.88235294117647","0","18","1","0.9788590126618296","false","0","MME","99376","0.12968536251709986","Gene"
"3.1626120358514727","2.4146790194539653E-4","0.31619433198380564","0.0","7","5","false","hsa-miR-1193","40.142857142857146","0","7","0","0.9759709773794282","false","0","hsa-miR-1193","24910","0.23438836612489308","miRNA"
"3.3930857874519846","5.7253564698326256E-5","0.29471698113207545","0.0","3","5","false","hsa-miR-10b","30.0","0","3","0","0.9734101579172002","false","0","hsa-miR-10b","4644","0.3670886075949367","miRNA"
"2.597951344430218","0.01660197302654581","0.3849186791522918","0.006747638326585695","39","4","false","SERPINE1","26.153846153846153","0","39","0","0.9822449850618865","false","0","SERPINE1","619778","0.07692307692307693","Gene"
"3.078104993597951","0.0023189666202804646","0.32487520798668884","0.0","17","5","false","EPHA2","21.705882352941178","0","17","0","0.9769099445155783","false","0","EPHA2","95846","0.1286079649251005","Gene"
"3.3930857874519846","5.7253564698326256E-5","0.29471698113207545","0.0","3","5","false","hsa-miR-10a","30.0","0","3","0","0.9734101579172002","false","0","hsa-miR-10a","4644","0.3670886075949367","miRNA"
"2.6389244558258644","0.0152144990776045","0.3789422610383309","0.001422475106685633","38","4","false","TERT","28.94736842105263","0","38","0","0.9817897282686016","false","0","TERT","751110","0.08945686900958466","Gene"
"2.8758002560819462","0.004922870711628301","0.3477292965271594","0.0","30","5","false","SPRY1","21.79310344827586","0","30","1","0.9791577749324228","false","0","SPRY1","231242","0.10396551724137931","Gene"
"3.1331626120358513","0.004113227181875728","0.3191663261136085","0.0","31","5","false","POU3F2","21.35483870967742","0","31","0","0.9762981931996018","false","0","POU3F2","370946","0.15902217741935484","Gene"
"3.0102432778489114","0.004745038273469575","0.3321990642279881","0.0","33","5","false","MYH9","18.0","0","33","2","0.9776639635794565","false","0","MYH9","258814","0.11038961038961038","Gene"
"2.9974391805377723","0.004445817383144386","0.33361811191798374","0.0","14","5","false","GADD45G","31.214285714285715","0","14","0","0.9778062313273581","false","0","GADD45G","278378","0.16785714285714284","Gene"
"3.062740076824584","0.0023348862139188037","0.32650501672240806","0.0","32","5","false","DNAJB4","22.580645161290324","0","32","1","0.9770806658130602","false","0","DNAJB4","198204","0.1468071099407505","Gene"
"2.788732394366197","0.003619015069403113","0.3585858585858586","0.014705882352941176","17","4","false","DKK1","27.41176470588235","0","17","0","0.9801251956181534","false","0","DKK1","105178","0.10920925747348119","Gene"
"2.921895006402049","0.001617086894190505","0.3422436459246275","0.0","16","5","false","hsa-miR-107","33.6875","0","16","0","0.9786456110399772","false","0","hsa-miR-107","128578","0.14592633928571427","miRNA"
"2.6350832266325224","0.0027415797680338905","0.37949465500485907","0.0049261083743842365","29","5","false","hsa-miR-106b","42.310344827586206","0","29","0","0.981832408592972","false","0","hsa-miR-106b","349920","0.13327419891340503","miRNA"
"2.3713188220230474","0.04216792750652539","0.4217062634989201","0.024423337856173677","105","4","false","TWIST1","20.044776119402986","0","105","20","0.984763124199744","false","0","TWIST1","651016","0.04782656062751934","TF"
"3.00640204865557","0.0046820499642846606","0.33262350936967633","0.0","30","5","false","TLR4","20.966666666666665","0","30","0","0.977706643903827","false","0","TLR4","285124","0.13050108932461874","Gene"
"2.617157490396927","0.019151468726424734","0.3820939334637965","0.0","74","4","false","TGFBR2","22.0","0","74","4","0.9820315834400343","false","0","TGFBR2","1176762","0.07954545454545454","Gene"
"3.329065300896287","4.7308425577431343E-4","0.30038461538461536","0.0","17","6","false","TBX3","25.058823529411764","0","17","0","0.9741214966567079","false","0","TBX3","49310","0.3207843137254902","Gene"
"3.028169014084507","0.001035787029262202","0.3302325581395349","0.0","20","5","false","SQSTM1","28.15","0","20","0","0.9774647887323943","false","0","SQSTM1","87888","0.15426136363636364","Gene"
"2.676056338028169","0.012106771642514912","0.3736842105263158","0.004432624113475178","49","4","false","SMAD7","24.125","0","49","1","0.981377151799687","false","0","SMAD7","613258","0.08942307692307692","Gene"
"3.112676056338028","0.0023934461083251913","0.3212669683257919","0.0","24","5","false","SMAD6","22.041666666666668","0","24","0","0.9765258215962441","false","0","SMAD6","179044","0.16969086021505375","Gene"
"3.0102432778489114","0.002555936574419228","0.3321990642279881","0.0","18","5","false","RGS4","27.444444444444443","0","18","0","0.9776639635794565","false","0","RGS4","140800","0.15025252525252525","Gene"
"2.558258642765685","0.011080189677514257","0.3908908908908909","0.03529411764705882","35","4","false","MMP2","32.82857142857143","0","35","0","0.9826860150803813","false","0","MMP2","479576","0.08891491022638563","Gene"
"3.0204865556978233","0.004970055616441641","0.331072488342518","0.0","41","5","false","LIF","21.05","0","41","1","0.9775501493811353","false","0","LIF","340658","0.13456375838926174","Gene"
"2.99359795134443","0.004884041261726224","0.33404619332763047","0.0","35","5","false","KLF10","24.685714285714287","0","35","0","0.9778489116517286","false","0","KLF10","377736","0.15685903500473036","Gene"
"3.322663252240717","3.102892234163285E-4","0.30096339113680154","0.0","18","6","false","IRF9","24.647058823529413","0","18","1","0.9741926305306587","false","0","IRF9","27206","0.29193899782135074","Gene"
"2.614596670934699","0.010871309219335087","0.38246816846229187","0.012012012012012012","38","4","false","IRF1","26.72972972972973","0","38","1","0.9820600369896144","false","0","IRF1","420514","0.08786074209803023","TF"
"2.884763124199744","0.004174106836755743","0.34664891256102975","0.0","35","4","false","FURIN","25.34375","0","35","3","0.9790581875088916","false","0","FURIN","286634","0.13158783783783784","Gene"
"2.7413572343149806","0.0061848639791694795","0.3647828117702009","0.0","35","4","false","F3","30.942857142857143","0","35","0","0.9806515862853892","false","0","F3","443866","0.11341991341991342","Gene"
"2.916773367477593","0.004585127067639967","0.3428446005267779","0.0","43","6","false","EXT1","23.41860465116279","0","43","0","0.9787025181391379","false","0","EXT1","363794","0.13187414500683994","Gene"
"2.4622279129321383","0.017064813615314058","0.40613624544981797","0.02902757619738752","56","4","false","EPAS1","24.58490566037736","0","56","3","0.983753023189643","false","0","EPAS1","363050","0.06363591343534888","TF"
"3.1869398207426376","0.0011521748051558625","0.3137806347930896","0.0","21","5","false","DAB2","23.9","0","21","1","0.9757006686584151","false","0","DAB2","71656","0.19406779661016949","Gene"
"2.9910371318822024","0.0024642023565472145","0.3343321917808219","0.0","25","6","false","CDCA7","28.166666666666668","0","25","1","0.9778773652013087","false","0","CDCA7","174804","0.14845173041894352","Gene"
"2.6350832266325224","0.0027415797680338905","0.37949465500485907","0.0049261083743842365","29","5","false","hsa-miR-106a","42.310344827586206","0","29","0","0.981832408592972","false","0","hsa-miR-106a","349920","0.13327419891340503","miRNA"
"3.021766965428937","0.0017584946206795871","0.33093220338983054","0.0","28","6","false","THBS2","25.285714285714285","0","28","0","0.9775359226063451","false","0","THBS2","152914","0.17223910840932116","Gene"
"3.201024327784891","0.0019299710517480533","0.3124","0.0","16","5","false","SOX1","17.066666666666666","0","16","1","0.9755441741357234","false","0","SOX1","84396","0.15598705501618124","Gene"
"2.9475032010243276","0.0036292610954697557","0.3392701998262381","0.0033333333333333335","26","5","false","SEMA6A","22.92","0","26","1","0.9783610755441741","false","0","SEMA6A","160350","0.12087912087912088","Gene"
"2.843790012804097","0.0033372790709753743","0.35164340387212967","0.0","29","5","false","PTHLH","31.137931034482758","0","29","0","0.9795134443021768","false","0","PTHLH","255974","0.12990487514863258","Gene"
"2.880921895006402","0.0076152634497320335","0.3471111111111111","0.0","44","4","false","MYBL1","22.727272727272727","0","44","0","0.9791008678332622","false","0","MYBL1","651482","0.1155705996131528","Gene"
"2.9526248399487836","0.0024774306981082644","0.33868169991326974","0.0","22","5","false","ID4","25.857142857142858","0","22","1","0.9783041684450136","false","0","ID4","170436","0.13292589763177998","Gene"
"2.9871959026888604","0.002719158155490195","0.3347621088726961","0.0","27","5","false","FST","22.615384615384617","0","27","1","0.9779200455256795","false","0","FST","169380","0.13180112570356473","Gene"
"2.4058898847631243","0.027576197105579566","0.4156466205428419","0.030141843971631204","52","4","false","FOS","21.541666666666668","0","51","2","0.9843790012804097","false","1","FOS","366004","0.05075939248601119","TF"
"3.2586427656850194","3.3873205849462E-4","0.30687622789783886","0.0","9","6","false","FMN2","29.444444444444443","0","9","0","0.9749039692701664","false","0","FMN2","20378","0.2994152046783626","Gene"
"2.787451984635083","0.005351880065703942","0.3587505741846578","0.0","33","4","false","FGF7","23.90909090909091","0","33","0","0.9801394223929435","false","0","FGF7","315868","0.0946656649135988","Gene"
"2.8617157490396927","0.003850542324603837","0.34944071588366893","0.0","33","4","false","FBN1","25.21875","0","33","1","0.9793142694551146","false","0","FBN1","309068","0.11871936274509803","Gene"
"2.860435339308579","0.007543672988560627","0.3495971351835273","0.0","55","5","false","ETV1","22.627450980392158","0","55","4","0.9793284962299047","false","0","ETV1","534156","0.11883214824391294","Gene"
"2.8412291933418694","0.008996168694554453","0.3519603424966201","0.0","56","4","false","DCBLD2","22.72222222222222","0","56","2","0.9795418978517569","false","0","DCBLD2","750632","0.11805555555555555","Gene"
"2.471190781049936","0.026915949729594987","0.4046632124352332","0.020289855072463767","53","5","false","CEBPA","19.804347826086957","0","53","6","0.9836534357661118","false","0","CEBPA","373708","0.054532056005895356","TF"
"2.937259923175416","0.003627440791974825","0.34045335658238884","0.0","28","4","false","CDH11","23.25","0","28","0","0.9784748897424953","false","0","CDH11","216056","0.12861271676300579","Gene"
"3.0486555697823303","5.718793170597115E-4","0.3280134397312054","0.0","15","5","false","ASPN","30.071428571428573","0","15","1","0.9772371603357519","false","0","ASPN","56478","0.18169642857142856","Gene"
"2.714468629961588","0.002543893865381013","0.36839622641509434","0.0036231884057971015","40","5","false","hsa-miR-101","35.041666666666664","0","40","16","0.9809503485559824","false","0","hsa-miR-101","201516","0.12877358490566038","miRNA"
"3.2202304737516005","0.003122160636296033","0.31053677932405566","0.0","11","6","false","INSM1","17.454545454545453","0","11","0","0.9753307725138711","false","0","INSM1","163976","0.15378079864061173","Gene"
"3.1254801536491676","0.006962965595914082","0.31995083981974604","0.0","21","6","false","GRHL1","21.904761904761905","0","21","0","0.9763835538483426","false","0","GRHL1","372758","0.16205241786637137","Gene"
"3.9270166453265043","1.3698855605425944E-5","0.2546462341049886","0.0","2","7","false","hsa-miR-100","16.0","0","2","0","0.9674775928297055","false","0","hsa-miR-100","726","0.5357142857142857","miRNA"
"2.385403329065301","0.043151864463160335","0.4192163177670424","0.006666666666666667","78","4","false","VEGFA","25.973684210526315","0","78","2","0.9846066296770523","false","0","VEGFA","1986854","0.06344221105527638","Gene"
"2.823303457106274","0.00731071715251408","0.3541950113378685","0.0","49","5","false","SNAP25","22.659574468085108","0","49","2","0.9797410726988192","false","0","SNAP25","557704","0.10617438464747601","Gene"
"2.6222791293213827","0.01382121440829707","0.38134765625","0.028205128205128206","40","5","false","SNAI2","18.475","0","40","0","0.9819746763408735","false","0","SNAI2","205826","0.0679657794676806","TF"
"2.9026888604353394","0.005026551518307334","0.34450816056462286","0.0","41","5","false","NRP1","22.641025641025642","0","41","2","0.9788590126618296","false","0","NRP1","335612","0.12437371058060713","Gene"
"3.1382842509603073","0.0030104026651492292","0.3186454508363933","0.0","13","5","false","NGFR","24.53846153846154","0","13","0","0.976241286100441","false","0","NGFR","174976","0.17968291250733998","Gene"
"2.7157490396927018","0.00826992576356051","0.3682225365393682","0.0","37","4","false","MET","27.542857142857144","0","37","2","0.9809361217811923","false","0","MET","454786","0.09616977225672878","Gene"
"3.089628681177977","0.0016874387283106823","0.32366348943224205","0.0","24","5","false","IGFBP5","19.17391304347826","0","24","1","0.976781903542467","false","0","IGFBP5","108988","0.13169502205419029","Gene"
"3.1075544174135725","5.665406796839901E-4","0.32179645653069633","0.0","10","6","false","IGFBP4","23.9","0","10","0","0.9765827286954049","false","0","IGFBP4","31592","0.15902777777777777","Gene"
"3.1856594110115237","0.001417278088175685","0.31390675241157556","0.0","16","6","false","HOXB4","23.75","0","16","0","0.9757148954332052","false","0","HOXB4","83914","0.19956140350877194","Gene"
"3.3072983354673497","1.3814160383876156E-4","0.30236159504452187","0.0","7","6","false","GLS","23.285714285714285","0","7","0","0.9743633518281405","false","0","GLS","7462","0.29714285714285715","Gene"
"2.950064020486556","0.0021988370793940377","0.3389756944444444","0.0","33","6","false","GJA1","29.193548387096776","0","33","2","0.9783326219945939","false","0","GJA1","248506","0.15239755884917175","Gene"
"3.083226632522407","0.0020045555519580855","0.3243355481727575","0.0","26","5","false","FOSB","21.576923076923077","0","26","0","0.9768530374164176","false","0","FOSB","131872","0.1570757486788021","Gene"
"2.6235595390524966","0.005885381354848151","0.381161542215715","0.019943019943019943","29","4","false","FN1","31.0","0","29","2","0.9819604495660834","false","0","FN1","229650","0.09391124871001032","Gene"
"3.1049935979513443","0.0039778078116222745","0.3220618556701031","0.0","23","6","false","CITED2","18.318181818181817","0","23","1","0.976611182244985","false","0","CITED2","248986","0.1455309396485867","Gene"
"3.0691421254801536","0.0025967863827717833","0.32582394659991654","0.0","28","5","false","CELSR3","22.555555555555557","0","28","1","0.9770095319391093","false","0","CELSR3","195150","0.1476407914764079","Gene"
"2.765685019206146","0.008400497371782006","0.36157407407407405","0.0","46","5","false","CD2AP","26.58695652173913","0","46","0","0.9803812775643762","false","0","CD2AP","709226","0.1122234935163997","Gene"
"2.9551856594110117","0.011359058060708709","0.33838821490467935","0.0","34","5","false","BDNF","19.147058823529413","0","34","0","0.9782757148954332","false","0","BDNF","698210","0.11558636193330836","Gene"
"3.2279129321382842","7.387420690785232E-4","0.3097976993256644","0.0","15","6","false","AXL","22.533333333333335","0","15","0","0.9752454118651303","false","0","AXL","46956","0.2111111111111111","Gene"
"2.585147247119078","0.0201600350426346","0.3868251609707776","0.0","74","4","false","ABCA1","26.397058823529413","0","74","6","0.982387252809788","false","0","ABCA1","1399594","0.08638455382152861","Gene"
"2.7221510883482716","0.0029801532510301603","0.36735653809971774","0.0","23","5","false","hsa-miR-1","35.78260869565217","0","23","0","0.9808649879072414","false","0","hsa-miR-1","262980","0.12740882306099696","miRNA"
"2.587708066581306","0.004293523989619446","0.38644235526966847","0.015384615384615385","27","5","false","hsa-let-7i","35.46153846153846","0","27","1","0.9823587992602077","false","0","hsa-let-7i","151658","0.10096153846153846","miRNA"
"2.672215108834827","0.0022433009468489353","0.3742213703881169","0.004329004329004329","22","5","false","hsa-let-7g","34.95454545454545","0","22","0","0.9814198321240576","false","0","hsa-let-7g","122228","0.11540832049306625","miRNA"
"2.682458386683739","0.0018401085974785486","0.3727923627684964","0.004329004329004329","23","5","false","hsa-let-7f","35.54545454545455","0","23","1","0.9813060179257362","false","0","hsa-let-7f","123126","0.11821284517530252","miRNA"
"2.530089628681178","0.005495068640384329","0.39524291497975705","0.03985507246376811","24","4","false","hsa-let-7e","39.958333333333336","0","24","0","0.9829990041257647","false","0","hsa-let-7e","140656","0.10122107969151671","miRNA"
"2.6107554417413574","0.0028332532217707485","0.3830308974987739","0.015810276679841896","24","5","false","hsa-let-7d","36.73913043478261","0","24","1","0.9821027173139849","false","0","hsa-let-7d","127602","0.10929033963261531","miRNA"
"2.590268886043534","0.004275937151046168","0.38606030647553136","0.012307692307692308","26","5","false","hsa-let-7c","34.30769230769231","0","26","0","0.9823303457106274","false","0","hsa-let-7c","144410","0.10071610071610071","miRNA"
"2.5941101152368757","0.0025435270390025606","0.38548864758144125","0.03162055335968379","23","4","false","hsa-let-7b","36.869565217391305","0","23","0","0.982287665386257","false","0","hsa-let-7b","126024","0.10540950455005056","miRNA"
"2.7528809218950063","0.003157133098240559","0.3632558139534884","0.0","35","5","false","UGCG","26.885714285714286","0","35","0","0.9805235453122776","false","0","UGCG","234658","0.12268111035883547","Gene"
"2.7003841229193344","0.010379609865375079","0.37031768610715976","0.0024390243902439024","43","4","false","THBS1","19.975609756097562","0","43","2","0.9811068430786741","false","0","THBS1","399998","0.08003689280590284","Gene"
"2.856594110115237","0.002147047178274283","0.3500672344240251","0.0","30","5","false","SKIL","25.8","0","30","0","0.9793711765542751","false","0","SKIL","187810","0.1521472392638037","Gene"
"3.12291933418694","0.0020261229994322626","0.3202132021320213","0.02564102564102564","13","5","false","RBM38","20.76923076923077","0","13","0","0.9764120073979228","false","0","RBM38","58614","0.20833333333333334","Gene"
"2.791293213828425","0.011858188970596003","0.35825688073394496","0.002844950213371266","38","4","false","PEG10","19.026315789473685","0","38","0","0.9800967420685731","false","0","PEG10","513714","0.09479195370625516","Gene"
"2.967989756722151","2.490056214949967E-4","0.3369283865401208","0.0","11","5","false","NGF","27.90909090909091","0","11","0","0.9781334471475317","false","0","NGF","8070","0.21188260558339297","Gene"
"2.654289372599232","0.012111262463963912","0.376748673420164","0.0","66","5","false","MAP3K1","22.6875","0","66","2","0.9816190069711196","false","0","MAP3K1","807664","0.09994239631336406","Gene"
"2.787451984635083","0.0023120611881890874","0.3587505741846578","0.005291005291005291","30","4","false","HIC1","29.178571428571427","0","30","2","0.9801394223929435","false","0","HIC1","178590","0.13533834586466165","Gene"
"2.6658130601792576","0.009348023710356543","0.37512007684918347","0.008912655971479501","35","4","false","HBEGF","28.0","0","35","1","0.9814909659980082","false","0","HBEGF","405102","0.09705882352941177","Gene"
"2.7528809218950063","0.008461614575035529","0.3632558139534884","0.0011614401858304297","42","5","false","FBXO32","24.5","0","42","0","0.9805235453122776","false","0","FBXO32","473098","0.1143088303282478","Gene"
"2.6081946222791292","0.007638025960308259","0.38340697103583704","0.020689655172413793","30","5","false","FAS","34.333333333333336","0","30","0","0.9821311708635653","false","0","FAS","320050","0.10009891196834816","Gene"
"2.8335467349551857","0.0012557998028863942","0.35291459557162225","0.0","16","5","false","ELF4","32.25","0","16","0","0.9796272585004979","false","0","ELF4","61506","0.14467592592592593","Gene"
"2.827144686299616","0.0048650323333109405","0.353713768115942","0.018461538461538463","26","5","false","EDN1","28.53846153846154","0","26","0","0.9796983923744487","false","0","EDN1","209644","0.11883629191321499","Gene"
"2.884763124199744","0.005992403606293841","0.34664891256102975","0.0","26","5","false","DKK3","22.96153846153846","0","26","0","0.9790581875088916","false","0","DKK3","273108","0.1389970788704966","Gene"
"2.911651728553137","0.0023358196405938777","0.3434476693051891","0.0","20","5","false","DAPK1","25.1","0","20","0","0.9787594252382985","false","0","DAPK1","73502","0.1469512195121951","Gene"
"2.7285531370038414","0.006484640003743812","0.3664946034725481","0.006896551724137931","31","5","false","COL1A1","24.666666666666668","0","31","1","0.9807938540332907","false","0","COL1A1","235680","0.09457671957671958","Gene"
"2.437900128040973","0.044711541686180155","0.41018907563025214","0.0044943820224719105","92","4","false","CCND2","22.633333333333333","0","92","2","0.9840233319106558","false","0","CCND2","2238794","0.06365403304178814","Gene"
"2.617157490396927","0.007200362705958104","0.3820939334637965","0.015873015873015872","29","5","false","BCL2L1","29.857142857142858","0","29","1","0.9820315834400343","false","0","BCL2L1","244790","0.09061668145519078","Gene"
"2.6504481434058897","0.01327548690922869","0.37729468599033816","0.0","73","4","false","ADAMTS5","24.056338028169016","0","73","2","0.9816616872954901","false","0","ADAMTS5","1097062","0.11031740683334457","Gene"
"2.9884763124199742","9.233905832854568E-4","0.3346186803770351","0.008333333333333333","16","5","false","ADAMTS1","26.0","0","16","0","0.9779058187508891","false","0","ADAMTS1","32592","0.18890977443609022","Gene"
"2.440460947503201","0.009482356083185086","0.40975865687303253","0.034274193548387094","40","4","false","hsa-let-7a","35.59375","0","40","3","0.9839948783610756","false","0","hsa-let-7a","205708","0.0816860465116279","miRNA"
