source	target	edge_type	sign	sign_source	evidence_tier	layer	n_ffl
AR	CDH11	TF_target		unannotated (excluded from sign-dependent analyses)		analysed network	3
AR	ETV1	TF_target	1	TRRUST		analysed network	2
AR	FN1	TF_target		unannotated (excluded from sign-dependent analyses)		analysed network	5
AR	PMEPA1	TF_target		unannotated (excluded from sign-dependent analyses)		analysed network	1
AR	VEGFA	TF_target	1	TRRUST		analysed network	1
ARNT	VEGFA	TF_target		unannotated (excluded from sign-dependent analyses)		analysed network	2
ATF4	VEGFA	TF_target	1	TRRUST		analysed network	2
BRCA1	VEGFA	TF_target	1	TRRUST		analysed network	1
CEBPA	CCL2	TF_target	1	TRRUST		analysed network	2
CEBPA	FN1	TF_target		unannotated (excluded from sign-dependent analyses)		analysed network	4
CEBPA	ID1	TF_target		unannotated (excluded from sign-dependent analyses)		analysed network	2
CEBPA	SPP1	TF_target	1	TRRUST		analysed network	1
CEBPB	ADM	TF_target	1	TRRUST		analysed network	1
CEBPB	DAPK1	TF_target		unannotated (excluded from sign-dependent analyses)		analysed network	1
CEBPB	F8	TF_target		unannotated (excluded from sign-dependent analyses)		analysed network	1
CEBPB	FURIN	TF_target	1	TRRUST		analysed network	1
CEBPB	GADD45G	TF_target		unannotated (excluded from sign-dependent analyses)		analysed network	1
CREB1	BDNF	TF_target	1	TRRUST		analysed network	1
CTNNB1	CD44	TF_target		unannotated (excluded from sign-dependent analyses)		analysed network	1
CTNNB1	FST	TF_target		unannotated (excluded from sign-dependent analyses)		analysed network	3
CTNNB1	MMP14	TF_target	1	TRRUST		analysed network	1
CTNNB1	VIM	TF_target	1	TRRUST		analysed network	2
DNMT1	VEGFA	TF_target	1	TRRUST		analysed network	2
E2F1	CD2AP	TF_target	1	TRRUST		analysed network	7
E2F1	CDCA7	TF_target	1	TRRUST		analysed network	5
E2F1	CTSV	TF_target		unannotated (excluded from sign-dependent analyses)		analysed network	1
E2F1	FMN2	TF_target		unannotated (excluded from sign-dependent analyses)		analysed network	2
E2F1	HIC1	TF_target	1	TRRUST		analysed network	5
E2F1	MYBL2	TF_target	1	TRRUST		analysed network	1
E2F1	PEG10	TF_target		unannotated (excluded from sign-dependent analyses)		analysed network	7
E2F1	RBM38	TF_target	1	TRRUST		analysed network	2
E2F1	SERPINE1	TF_target	-1	TRRUST		analysed network	4
E2F1	TERT	TF_target		unannotated (excluded from sign-dependent analyses)		analysed network	4
E2F1	THBS1	TF_target	1	TRRUST		analysed network	3
E2F1	VEGFA	TF_target	-1	TRRUST		analysed network	11
E2F3	VEGFA	TF_target		unannotated (excluded from sign-dependent analyses)		analysed network	6
EGR1	CACNA1H	TF_target		unannotated (excluded from sign-dependent analyses)		analysed network	2
EGR1	CCND2	TF_target		unannotated (excluded from sign-dependent analyses)		analysed network	7
EGR1	F3	TF_target		unannotated (excluded from sign-dependent analyses)		analysed network	7
EGR1	FAS	TF_target	-1	TRRUST		analysed network	2
EGR1	FN1	TF_target	1	TRRUST		analysed network	6
EGR1	IL6	TF_target	-1	TRRUST		analysed network	1
EGR1	MMP14	TF_target	1	TRRUST		analysed network	3
EGR1	PCSK2	TF_target	1	TRRUST		analysed network	1
EGR1	PLAU	TF_target	1	TRRUST		analysed network	2
EGR1	SPRY1	TF_target		unannotated (excluded from sign-dependent analyses)		analysed network	5
EGR1	TGFBR2	TF_target		unannotated (excluded from sign-dependent analyses)		analysed network	13
EGR1	VEGFA	TF_target		unannotated (excluded from sign-dependent analyses)		analysed network	4
ELK1	CITED2	TF_target		unannotated (excluded from sign-dependent analyses)		analysed network	2
ELK1	FOSL1	TF_target	1	TRRUST		analysed network	1
EP300	THBD	TF_target	-1	TRRUST		analysed network	1
EP300	VEGFA	TF_target	1	TRRUST		analysed network	1
EPAS1	MMP14	TF_target	1	TRRUST		analysed network	4
EPAS1	PTPRZ1	TF_target		unannotated (excluded from sign-dependent analyses)		analysed network	1
EPAS1	SERPINE1	TF_target	1	TRRUST		analysed network	7
EPAS1	VEGFA	TF_target	1	TRRUST		analysed network	16
ESR1	SERPINE1	TF_target	1	TRRUST		analysed network	5
ESR1	TERT	TF_target	1	TRRUST		analysed network	2
ESR1	VEGFA	TF_target	1	TRRUST		analysed network	4
ESR2	SERPINE1	TF_target	-1	TRRUST		analysed network	1
ETS1	CTSB	TF_target		unannotated (excluded from sign-dependent analyses)		analysed network	2
ETS1	PLAU	TF_target		unannotated (excluded from sign-dependent analyses)		analysed network	2
ETS1	PTHLH	TF_target	1	TRRUST		analysed network	1
ETS1	TERT	TF_target	-1	TRRUST		analysed network	1
ETS1	TGFBR2	TF_target	1	TRRUST		analysed network	6
ETV4	CCND2	TF_target	1	TRRUST		analysed network	3
ETV4	MMP2	TF_target		unannotated (excluded from sign-dependent analyses)		analysed network	3
EZH2	ADAMTS1	TF_target	-1	TRRUST		analysed network	2
EZH2	ADRB2	TF_target	-1	TRRUST		analysed network	1
EZH2	AXL	TF_target	1	TRRUST		analysed network	1
EZH2	FBXO32	TF_target	-1	TRRUST		analysed network	8
FOS	BCL2L1	TF_target		unannotated (excluded from sign-dependent analyses)		analysed network	1
FOS	FAS	TF_target	1	TRRUST		analysed network	1
FOS	NTF3	TF_target		unannotated (excluded from sign-dependent analyses)		analysed network	3
FOS	OXTR	TF_target		unannotated (excluded from sign-dependent analyses)		analysed network	4
FOS	PLAU	TF_target		unannotated (excluded from sign-dependent analyses)		analysed network	4
FOS	SMAD7	TF_target	1	TRRUST		analysed network	5
FOXM1	VEGFA	TF_target		unannotated (excluded from sign-dependent analyses)		analysed network	3
FOXO3	CCND2	TF_target	-1	TRRUST		analysed network	3
FOXO3	VEGFA	TF_target		unannotated (excluded from sign-dependent analyses)		analysed network	1
GATA1	BACE1	TF_target		unannotated (excluded from sign-dependent analyses)		analysed network	2
GATA1	FURIN	TF_target		unannotated (excluded from sign-dependent analyses)		analysed network	1
GATA3	LOX	TF_target	-1	TRRUST		analysed network	3
HDAC1	CCND2	TF_target	-1	TRRUST		analysed network	4
HDAC1	HMGCS1	TF_target		unannotated (excluded from sign-dependent analyses)		analysed network	1
HDAC1	SMAD7	TF_target		unannotated (excluded from sign-dependent analyses)		analysed network	4
HDAC1	TERT	TF_target		unannotated (excluded from sign-dependent analyses)		analysed network	1
HDAC2	TGFBR2	TF_target	-1	TRRUST		analysed network	3
HDAC2	VEGFA	TF_target		unannotated (excluded from sign-dependent analyses)		analysed network	4
HDAC3	GRHL1	TF_target	-1	TRRUST		analysed network	1
HDAC3	VEGFA	TF_target		unannotated (excluded from sign-dependent analyses)		analysed network	1
HDAC4	VEGFA	TF_target	-1	TRRUST		analysed network	5
HIF1A	ASS1	TF_target	1	TRRUST		analysed network	1
HIF1A	CTGF	TF_target	1	TRRUST		analysed network	3
HIF1A	CXCL12	TF_target		unannotated (excluded from sign-dependent analyses)		analysed network	3
HIF1A	EDN1	TF_target	1	TRRUST		analysed network	6
HIF1A	HBEGF	TF_target	1	TRRUST		analysed network	11
HIF1A	LOX	TF_target		unannotated (excluded from sign-dependent analyses)		analysed network	11
HIF1A	MET	TF_target	1	TRRUST		analysed network	9
HIF1A	MMP2	TF_target		unannotated (excluded from sign-dependent analyses)		analysed network	2
HIF1A	NR4A1	TF_target	1	TRRUST		analysed network	1
HIF1A	NT5E	TF_target	1	TRRUST		analysed network	3
HIF1A	PLAU	TF_target		unannotated (excluded from sign-dependent analyses)		analysed network	2
HIF1A	SERPINE1	TF_target		unannotated (excluded from sign-dependent analyses)		analysed network	7
HIF1A	TERT	TF_target	1	TRRUST		analysed network	4
HIF1A	VEGFA	TF_target		unannotated (excluded from sign-dependent analyses)		analysed network	11
HIF1A	VIM	TF_target	1	TRRUST		analysed network	2
HOXA10	IL11	TF_target	-1	TRRUST		analysed network	1
JUN	CTGF	TF_target	-1	TRRUST		analysed network	1
JUN	F3	TF_target		unannotated (excluded from sign-dependent analyses)		analysed network	3
JUN	FAS	TF_target	1	TRRUST		analysed network	2
JUN	FGF7	TF_target		unannotated (excluded from sign-dependent analyses)		analysed network	3
JUN	GJA1	TF_target	1	TRRUST		analysed network	5
JUN	MAP3K1	TF_target		unannotated (excluded from sign-dependent analyses)		analysed network	10
JUN	MMP2	TF_target	1	TRRUST		analysed network	2
JUN	OXTR	TF_target		unannotated (excluded from sign-dependent analyses)		analysed network	2
JUN	SMAD7	TF_target	1	TRRUST		analysed network	7
JUN	VEGFA	TF_target	-1	TRRUST		analysed network	5
JUND	FOSL1	TF_target	1	TRRUST		analysed network	1
KLF4	THBD	TF_target	1	TRRUST		analysed network	1
KLF4	VEGFA	TF_target		unannotated (excluded from sign-dependent analyses)		analysed network	6
KLF5	NOTCH1	TF_target	1	TRRUST		analysed network	4
LEF1	CYLD	TF_target	-1	TRRUST		analysed network	5
LEF1	NT5E	TF_target		unannotated (excluded from sign-dependent analyses)		analysed network	1
MAFB	CCND2	TF_target		unannotated (excluded from sign-dependent analyses)		analysed network	1
MAX	TERT	TF_target		unannotated (excluded from sign-dependent analyses)		analysed network	1
MEF2A	MAPK7	TF_target	1	TRRUST		analysed network	1
MEF2C	VEGFA	TF_target		unannotated (excluded from sign-dependent analyses)		analysed network	1
MITF	MET	TF_target		unannotated (excluded from sign-dependent analyses)		analysed network	1
MKL1	COL1A1	TF_target	1	TRRUST		analysed network	1
MYB	COL1A1	TF_target	1	TRRUST		analysed network	1
MYB	IL15	TF_target	1	TRRUST		analysed network	1
MYC	CCND2	TF_target	1	TRRUST		analysed network	27
MYC	CDCA7	TF_target		unannotated (excluded from sign-dependent analyses)		analysed network	9
MYC	DKK1	TF_target	-1	TRRUST		analysed network	2
MYC	IER3	TF_target		unannotated (excluded from sign-dependent analyses)		analysed network	1
MYC	LDHA	TF_target	1	TRRUST		analysed network	1
MYC	MME	TF_target	1	TRRUST		analysed network	2
MYC	TERT	TF_target	1	TRRUST		analysed network	4
MYC	VEGFA	TF_target	1	TRRUST		analysed network	14
MYCN	DKK3	TF_target	-1	TRRUST		analysed network	4
MYCN	GRHL1	TF_target	-1	TRRUST		analysed network	4
MYCN	NGFR	TF_target	-1	TRRUST		analysed network	5
MYOD1	HBEGF	TF_target	1	TRRUST		analysed network	1
NANOG	DKK1	TF_target		unannotated (excluded from sign-dependent analyses)		analysed network	4
NFKB1	ABCA1	TF_target	-1	TRRUST		analysed network	11
NFKB1	BACE1	TF_target	-1	TRRUST		analysed network	11
NFKB1	BCL2L1	TF_target		unannotated (excluded from sign-dependent analyses)		analysed network	2
NFKB1	CCL2	TF_target	1	TRRUST		analysed network	1
NFKB1	CCND2	TF_target	1	TRRUST		analysed network	14
NFKB1	COL1A1	TF_target		unannotated (excluded from sign-dependent analyses)		analysed network	5
NFKB1	COL7A1	TF_target		unannotated (excluded from sign-dependent analyses)		analysed network	3
NFKB1	CXCL12	TF_target	1	TRRUST		analysed network	2
NFKB1	EDN1	TF_target		unannotated (excluded from sign-dependent analyses)		analysed network	4
NFKB1	F3	TF_target		unannotated (excluded from sign-dependent analyses)		analysed network	5
NFKB1	FAS	TF_target		unannotated (excluded from sign-dependent analyses)		analysed network	4
NFKB1	FGF7	TF_target		unannotated (excluded from sign-dependent analyses)		analysed network	9
NFKB1	FN1	TF_target	1	TRRUST		analysed network	4
NFKB1	GADD45G	TF_target		unannotated (excluded from sign-dependent analyses)		analysed network	2
NFKB1	HBEGF	TF_target	1	TRRUST		analysed network	6
NFKB1	IER3	TF_target		unannotated (excluded from sign-dependent analyses)		analysed network	1
NFKB1	LPL	TF_target	1	TRRUST		analysed network	4
NFKB1	MMP14	TF_target	1	TRRUST		analysed network	2
NFKB1	MMP2	TF_target	1	TRRUST		analysed network	4
NFKB1	OPTN	TF_target	1	TRRUST		analysed network	1
NFKB1	PTGER4	TF_target		unannotated (excluded from sign-dependent analyses)		analysed network	3
NFKB1	PTHLH	TF_target	1	TRRUST		analysed network	7
NFKB1	RGS4	TF_target	1	TRRUST		analysed network	2
NFKB1	SERPINE1	TF_target		unannotated (excluded from sign-dependent analyses)		analysed network	8
NFKB1	TBX21	TF_target	1	TRRUST		analysed network	3
NFKB1	TERT	TF_target		unannotated (excluded from sign-dependent analyses)		analysed network	2
NFKB1	THBD	TF_target	-1	TRRUST		analysed network	2
NFKB1	VEGFA	TF_target		unannotated (excluded from sign-dependent analyses)		analysed network	8
NR1H2	ABCA1	TF_target	1	TRRUST		analysed network	1
NR1H3	ABCA1	TF_target	1	TRRUST		analysed network	2
NR1H3	BHLHE40	TF_target	1	TRRUST		analysed network	1
NR1H4	VEGFA	TF_target	1	TRRUST		analysed network	2
PAX5	TERT	TF_target	1	TRRUST		analysed network	2
POU5F1	DKK1	TF_target	-1	TRRUST		analysed network	4
POU5F1	SEMA6A	TF_target		unannotated (excluded from sign-dependent analyses)		analysed network	1
PPARA	SERPINE1	TF_target	1	TRRUST		analysed network	1
PPARG	BCL2L1	TF_target	-1	TRRUST		analysed network	1
PPARG	SERPINE1	TF_target		unannotated (excluded from sign-dependent analyses)		analysed network	1
RELA	ABCA1	TF_target	-1	TRRUST		analysed network	10
RELA	BACE1	TF_target	-1	TRRUST		analysed network	6
RELA	BCL2L1	TF_target		unannotated (excluded from sign-dependent analyses)		analysed network	2
RELA	CCND2	TF_target	1	TRRUST		analysed network	9
RELA	COL1A1	TF_target		unannotated (excluded from sign-dependent analyses)		analysed network	2
RELA	COL7A1	TF_target		unannotated (excluded from sign-dependent analyses)		analysed network	1
RELA	CTSB	TF_target	1	TRRUST		analysed network	3
RELA	CXCL12	TF_target	1	TRRUST		analysed network	3
RELA	EDN1	TF_target		unannotated (excluded from sign-dependent analyses)		analysed network	2
RELA	F3	TF_target		unannotated (excluded from sign-dependent analyses)		analysed network	4
RELA	FAS	TF_target		unannotated (excluded from sign-dependent analyses)		analysed network	4
RELA	FGF7	TF_target		unannotated (excluded from sign-dependent analyses)		analysed network	6
RELA	FN1	TF_target	1	TRRUST		analysed network	8
RELA	HBEGF	TF_target	1	TRRUST		analysed network	9
RELA	IER3	TF_target		unannotated (excluded from sign-dependent analyses)		analysed network	2
RELA	LPL	TF_target	1	TRRUST		analysed network	3
RELA	MMP14	TF_target	1	TRRUST		analysed network	2
RELA	MMP2	TF_target	1	TRRUST		analysed network	1
RELA	OXTR	TF_target	1	TRRUST		analysed network	5
RELA	PLAU	TF_target	1	TRRUST		analysed network	1
RELA	PTGER4	TF_target		unannotated (excluded from sign-dependent analyses)		analysed network	4
RELA	PTHLH	TF_target	1	TRRUST		analysed network	2
RELA	SERPINE1	TF_target		unannotated (excluded from sign-dependent analyses)		analysed network	5
RELA	TBX21	TF_target	1	TRRUST		analysed network	1
RELA	TERT	TF_target		unannotated (excluded from sign-dependent analyses)		analysed network	1
RELA	THBD	TF_target	-1	TRRUST		analysed network	1
RELA	VEGFA	TF_target		unannotated (excluded from sign-dependent analyses)		analysed network	4
REST	CACNA1H	TF_target		unannotated (excluded from sign-dependent analyses)		analysed network	1
REST	NRP1	TF_target	-1	TRRUST		analysed network	5
REST	SCG3	TF_target		unannotated (excluded from sign-dependent analyses)		analysed network	1
RUNX1	CCND2	TF_target		unannotated (excluded from sign-dependent analyses)		analysed network	3
RUNX1	FHL2	TF_target		unannotated (excluded from sign-dependent analyses)		analysed network	1
RUNX1	VEGFA	TF_target	-1	TRRUST		analysed network	2
RUNX2	VEGFC	TF_target	1	TRRUST		analysed network	1
RXRA	ABCA1	TF_target	1	TRRUST		analysed network	1
SIRT1	ADAMTS5	TF_target	-1	TRRUST		analysed network	1
SIRT1	NOTCH1	TF_target	-1	TRRUST		analysed network	1
SIRT1	TERT	TF_target		unannotated (excluded from sign-dependent analyses)		analysed network	1
SMAD3	CCND2	TF_target	1	TRRUST		analysed network	7
SMAD3	COL7A1	TF_target		unannotated (excluded from sign-dependent analyses)		analysed network	2
SMAD3	FST	TF_target	1	TRRUST		analysed network	1
SMAD3	PTHLH	TF_target	1	TRRUST		analysed network	3
SMAD3	SERPINE1	TF_target	1	TRRUST		analysed network	5
SMAD3	SMAD7	TF_target	-1	TRRUST		analysed network	6
SMAD3	TERT	TF_target	-1	TRRUST		analysed network	3
SMAD3	VEGFA	TF_target		unannotated (excluded from sign-dependent analyses)		analysed network	4
SMAD4	FBXO32	TF_target		unannotated (excluded from sign-dependent analyses)		analysed network	2
SMAD4	SERPINE1	TF_target	1	TRRUST		analysed network	4
SMAD4	SKIL	TF_target		unannotated (excluded from sign-dependent analyses)		analysed network	1
SMAD4	SMAD7	TF_target		unannotated (excluded from sign-dependent analyses)		analysed network	6
SMAD4	UCP2	TF_target		unannotated (excluded from sign-dependent analyses)		analysed network	1
SNAI1	FN1	TF_target		unannotated (excluded from sign-dependent analyses)		analysed network	4
SNAI1	HBEGF	TF_target	1	TRRUST		analysed network	1
SNAI1	THBS1	TF_target	-1	TRRUST		analysed network	2
SNAI2	CXCL12	TF_target	1	TRRUST		analysed network	1
SOX2	DKK1	TF_target	1	TRRUST		analysed network	4
SOX2	SEMA6A	TF_target		unannotated (excluded from sign-dependent analyses)		analysed network	4
SOX2	VIM	TF_target	1	TRRUST		analysed network	1
SP1	ABCA1	TF_target	1	TRRUST		analysed network	10
SP1	ADA	TF_target		unannotated (excluded from sign-dependent analyses)		analysed network	2
SP1	BACE1	TF_target	1	TRRUST		analysed network	7
SP1	CCND2	TF_target	1	TRRUST		analysed network	9
SP1	CD2AP	TF_target	1	TRRUST		analysed network	4
SP1	COL1A1	TF_target		unannotated (excluded from sign-dependent analyses)		analysed network	2
SP1	COL7A1	TF_target		unannotated (excluded from sign-dependent analyses)		analysed network	2
SP1	CTGF	TF_target	1	TRRUST		analysed network	1
SP1	ELF4	TF_target	1	TRRUST		analysed network	3
SP1	F3	TF_target		unannotated (excluded from sign-dependent analyses)		analysed network	3
SP1	FAS	TF_target	1	TRRUST		analysed network	3
SP1	FBN1	TF_target		unannotated (excluded from sign-dependent analyses)		analysed network	6
SP1	FGL2	TF_target		unannotated (excluded from sign-dependent analyses)		analysed network	1
SP1	GJA1	TF_target	1	TRRUST		analysed network	4
SP1	HBEGF	TF_target	1	TRRUST		analysed network	5
SP1	ID4	TF_target	-1	TRRUST		analysed network	4
SP1	ITGA5	TF_target	1	TRRUST		analysed network	2
SP1	LDHA	TF_target	1	TRRUST		analysed network	1
SP1	LPL	TF_target		unannotated (excluded from sign-dependent analyses)		analysed network	3
SP1	MET	TF_target		unannotated (excluded from sign-dependent analyses)		analysed network	6
SP1	MMP14	TF_target	1	TRRUST		analysed network	1
SP1	MMP2	TF_target	1	TRRUST		analysed network	3
SP1	MYBL1	TF_target		unannotated (excluded from sign-dependent analyses)		analysed network	6
SP1	MYBL2	TF_target		unannotated (excluded from sign-dependent analyses)		analysed network	2
SP1	OXTR	TF_target		unannotated (excluded from sign-dependent analyses)		analysed network	5
SP1	PPP2R2B	TF_target	1	TRRUST		analysed network	2
SP1	PTHLH	TF_target	1	TRRUST		analysed network	7
SP1	SERPINE1	TF_target	1	TRRUST		analysed network	1
SP1	SNAP25	TF_target		unannotated (excluded from sign-dependent analyses)		analysed network	9
SP1	SQSTM1	TF_target		unannotated (excluded from sign-dependent analyses)		analysed network	2
SP1	TBX21	TF_target		unannotated (excluded from sign-dependent analyses)		analysed network	2
SP1	TERT	TF_target	1	TRRUST		analysed network	1
SP1	TGFBR2	TF_target		unannotated (excluded from sign-dependent analyses)		analysed network	9
SP1	THBD	TF_target	1	TRRUST		analysed network	1
SP1	UGCG	TF_target	1	TRRUST		analysed network	7
SP1	VEGFA	TF_target		unannotated (excluded from sign-dependent analyses)		analysed network	8
SP1	VIM	TF_target	1	TRRUST		analysed network	1
SPI1	SCARB1	TF_target		unannotated (excluded from sign-dependent analyses)		analysed network	1
SREBF2	ABCA1	TF_target	-1	TRRUST		analysed network	2
SRF	FOSL1	TF_target	1	TRRUST		analysed network	1
SRF	MMP2	TF_target	1	TRRUST		analysed network	1
SRF	SERPINE1	TF_target	-1	TRRUST		analysed network	3
STAT1	CCL2	TF_target		unannotated (excluded from sign-dependent analyses)		analysed network	1
STAT1	CTSB	TF_target		unannotated (excluded from sign-dependent analyses)		analysed network	1
STAT1	EDN1	TF_target	1	TRRUST		analysed network	1
STAT1	FAS	TF_target		unannotated (excluded from sign-dependent analyses)		analysed network	1
STAT1	TBX21	TF_target		unannotated (excluded from sign-dependent analyses)		analysed network	1
STAT3	ABCA1	TF_target		unannotated (excluded from sign-dependent analyses)		analysed network	9
STAT3	BCL2L1	TF_target		unannotated (excluded from sign-dependent analyses)		analysed network	1
STAT3	CCL2	TF_target	1	TRRUST		analysed network	1
STAT3	CCND2	TF_target		unannotated (excluded from sign-dependent analyses)		analysed network	18
STAT3	CTGF	TF_target	-1	TRRUST		analysed network	3
STAT3	CYR61	TF_target		unannotated (excluded from sign-dependent analyses)		analysed network	3
STAT3	F2R	TF_target	1	TRRUST		analysed network	2
STAT3	FAS	TF_target		unannotated (excluded from sign-dependent analyses)		analysed network	2
STAT3	IL11	TF_target		unannotated (excluded from sign-dependent analyses)		analysed network	2
STAT3	LTBP1	TF_target	-1	TRRUST		analysed network	1
STAT3	MMP14	TF_target		unannotated (excluded from sign-dependent analyses)		analysed network	5
STAT3	MMP2	TF_target		unannotated (excluded from sign-dependent analyses)		analysed network	4
STAT3	MYD88	TF_target		unannotated (excluded from sign-dependent analyses)		analysed network	1
STAT3	TERT	TF_target	1	TRRUST		analysed network	3
STAT3	UCP2	TF_target	-1	TRRUST		analysed network	3
STAT3	VEGFA	TF_target		unannotated (excluded from sign-dependent analyses)		analysed network	9
STAT6	FOSB	TF_target		unannotated (excluded from sign-dependent analyses)		analysed network	1
TFAP2A	IGFBP5	TF_target	1	TRRUST		analysed network	1
TP53	BCL2L1	TF_target		unannotated (excluded from sign-dependent analyses)		analysed network	2
TP53	CAV1	TF_target	1	TRRUST		analysed network	1
TP53	CYFIP2	TF_target		unannotated (excluded from sign-dependent analyses)		analysed network	1
TP53	DKK1	TF_target		unannotated (excluded from sign-dependent analyses)		analysed network	1
TP53	ELF4	TF_target		unannotated (excluded from sign-dependent analyses)		analysed network	3
TP53	EPHA2	TF_target	1	TRRUST		analysed network	6
TP53	FAS	TF_target	1	TRRUST		analysed network	2
TP53	ID1	TF_target		unannotated (excluded from sign-dependent analyses)		analysed network	3
TP53	IER3	TF_target		unannotated (excluded from sign-dependent analyses)		analysed network	3
TP53	MET	TF_target	-1	TRRUST		analysed network	6
TP53	MMP2	TF_target	1	TRRUST		analysed network	5
TP53	PDGFRB	TF_target	1	TRRUST		analysed network	3
TP53	PLAGL1	TF_target		unannotated (excluded from sign-dependent analyses)		analysed network	3
TP53	TERT	TF_target	-1	TRRUST		analysed network	5
TP53	THBS1	TF_target	1	TRRUST		analysed network	8
TP53	TYMS	TF_target	-1	TRRUST		analysed network	2
TP53	VEGFA	TF_target		unannotated (excluded from sign-dependent analyses)		analysed network	11
TP73	TERT	TF_target	-1	TRRUST		analysed network	1
TWIST1	CD44	TF_target	1	TRRUST		analysed network	1
TWIST1	DKK1	TF_target		unannotated (excluded from sign-dependent analyses)		analysed network	3
TWIST1	F2R	TF_target	-1	TRRUST		analysed network	2
TWIST1	FN1	TF_target	1	TRRUST		analysed network	7
TWIST1	MMP2	TF_target	1	TRRUST		analysed network	6
USF1	ABCA1	TF_target	1	TRRUST		analysed network	1
USF1	MYH9	TF_target		unannotated (excluded from sign-dependent analyses)		analysed network	1
USF1	SERPINE1	TF_target	1	TRRUST		analysed network	1
USF1	TGFB2	TF_target	1	TRRUST		analysed network	1
VDR	BHLHE40	TF_target		unannotated (excluded from sign-dependent analyses)		analysed network	1
YBX1	MMP2	TF_target		unannotated (excluded from sign-dependent analyses)		analysed network	1
YY1	DNAJB4	TF_target	1	TRRUST		analysed network	1
YY1	FAS	TF_target	-1	TRRUST		analysed network	1
YY1	PEG3	TF_target		unannotated (excluded from sign-dependent analyses)		analysed network	2
ZEB2	ITGA5	TF_target	1	TRRUST		analysed network	1
hsa-let-7a	BCL2L1	miRNA_target	-1	mechanistic (miRNA repression)	weak	analysed network	1
hsa-let-7a	CCND2	miRNA_target	-1	mechanistic (miRNA repression)	strong	analysed network	2
hsa-let-7a	COL1A1	miRNA_target	-1	mechanistic (miRNA repression)	weak	analysed network	1
hsa-let-7a	E2F1	miRNA_target	-1	mechanistic (miRNA repression)	strong	analysed network	4
hsa-let-7a	EDN1	miRNA_target	-1	mechanistic (miRNA repression)	strong	analysed network	3
hsa-let-7a	FAS	miRNA_target	-1	mechanistic (miRNA repression)	weak	analysed network	3
hsa-let-7a	HBEGF	miRNA_target	-1	mechanistic (miRNA repression)	weak	analysed network	2
hsa-let-7a	HIC1	miRNA_target	-1	mechanistic (miRNA repression)	weak	analysed network	1
hsa-let-7a	HIF1A	miRNA_target	-1	mechanistic (miRNA repression)	weak	analysed network	2
hsa-let-7a	MYC	miRNA_target	-1	mechanistic (miRNA repression)	strong	analysed network	1
hsa-let-7a	NFKB1	miRNA_target	-1	mechanistic (miRNA repression)	strong	analysed network	6
hsa-let-7a	PEG10	miRNA_target	-1	mechanistic (miRNA repression)	weak	analysed network	1
hsa-let-7a	RBM38	miRNA_target	-1	mechanistic (miRNA repression)	weak	analysed network	1
hsa-let-7a	STAT1	miRNA_target	-1	mechanistic (miRNA repression)	weak	analysed network	2
hsa-let-7a	THBS1	miRNA_target	-1	mechanistic (miRNA repression)	strong	analysed network	1
hsa-let-7a	YY1	miRNA_target	-1	mechanistic (miRNA repression)	weak	analysed network	1
hsa-let-7b	BCL2L1	miRNA_target	-1	mechanistic (miRNA repression)	weak	analysed network	1
hsa-let-7b	CCND2	miRNA_target	-1	mechanistic (miRNA repression)	strong	analysed network	3
hsa-let-7b	COL1A1	miRNA_target	-1	mechanistic (miRNA repression)	weak	analysed network	1
hsa-let-7b	EDN1	miRNA_target	-1	mechanistic (miRNA repression)	strong	analysed network	1
hsa-let-7b	FAS	miRNA_target	-1	mechanistic (miRNA repression)	weak	analysed network	1
hsa-let-7b	FOXO3	miRNA_target	-1	mechanistic (miRNA repression)	weak	analysed network	1
hsa-let-7b	HBEGF	miRNA_target	-1	mechanistic (miRNA repression)	weak	analysed network	1
hsa-let-7b	MYC	miRNA_target	-1	mechanistic (miRNA repression)	strong	analysed network	1
hsa-let-7b	NFKB1	miRNA_target	-1	mechanistic (miRNA repression)	weak	analysed network	6
hsa-let-7c	ADAMTS1	miRNA_target	-1	mechanistic (miRNA repression)	weak	analysed network	1
hsa-let-7c	ADRB2	miRNA_target	-1	mechanistic (miRNA repression)	weak	analysed network	1
hsa-let-7c	CCND2	miRNA_target	-1	mechanistic (miRNA repression)	weak	analysed network	2
hsa-let-7c	EZH2	miRNA_target	-1	mechanistic (miRNA repression)	weak	analysed network	3
hsa-let-7c	FBXO32	miRNA_target	-1	mechanistic (miRNA repression)	weak	analysed network	1
hsa-let-7c	FOXO3	miRNA_target	-1	mechanistic (miRNA repression)	weak	analysed network	1
hsa-let-7c	MYC	miRNA_target	-1	mechanistic (miRNA repression)	strong	analysed network	1
hsa-let-7d	BCL2L1	miRNA_target	-1	mechanistic (miRNA repression)	weak	analysed network	1
hsa-let-7d	CCND2	miRNA_target	-1	mechanistic (miRNA repression)	weak	analysed network	2
hsa-let-7d	FAS	miRNA_target	-1	mechanistic (miRNA repression)	weak	analysed network	1
hsa-let-7d	MYC	miRNA_target	-1	mechanistic (miRNA repression)	weak	analysed network	1
hsa-let-7d	STAT3	miRNA_target	-1	mechanistic (miRNA repression)	weak	analysed network	3
hsa-let-7e	BCL2L1	miRNA_target	-1	mechanistic (miRNA repression)	weak	analysed network	1
hsa-let-7e	CCND2	miRNA_target	-1	mechanistic (miRNA repression)	weak	analysed network	3
hsa-let-7e	COL1A1	miRNA_target	-1	mechanistic (miRNA repression)	weak	analysed network	1
hsa-let-7e	EDN1	miRNA_target	-1	mechanistic (miRNA repression)	weak	analysed network	2
hsa-let-7e	EGR1	miRNA_target	-1	mechanistic (miRNA repression)	weak	analysed network	2
hsa-let-7e	FAS	miRNA_target	-1	mechanistic (miRNA repression)	weak	analysed network	2
hsa-let-7e	HBEGF	miRNA_target	-1	mechanistic (miRNA repression)	weak	analysed network	2
hsa-let-7e	HIF1A	miRNA_target	-1	mechanistic (miRNA repression)	weak	analysed network	2
hsa-let-7e	MYC	miRNA_target	-1	mechanistic (miRNA repression)	weak	analysed network	1
hsa-let-7e	RELA	miRNA_target	-1	mechanistic (miRNA repression)	weak	analysed network	6
hsa-let-7f	CCND2	miRNA_target	-1	mechanistic (miRNA repression)	weak	analysed network	1
hsa-let-7f	MYC	miRNA_target	-1	mechanistic (miRNA repression)	strong	analysed network	1
hsa-let-7g	CCND2	miRNA_target	-1	mechanistic (miRNA repression)	weak	analysed network	1
hsa-let-7g	MYC	miRNA_target	-1	mechanistic (miRNA repression)	strong	analysed network	1
hsa-let-7i	CCND2	miRNA_target	-1	mechanistic (miRNA repression)	weak	analysed network	1
hsa-let-7i	E2F1	miRNA_target	-1	mechanistic (miRNA repression)	weak	analysed network	4
hsa-let-7i	HIC1	miRNA_target	-1	mechanistic (miRNA repression)	weak	analysed network	1
hsa-let-7i	MYC	miRNA_target	-1	mechanistic (miRNA repression)	weak	analysed network	1
hsa-let-7i	PEG10	miRNA_target	-1	mechanistic (miRNA repression)	weak	analysed network	1
hsa-let-7i	RBM38	miRNA_target	-1	mechanistic (miRNA repression)	weak	analysed network	1
hsa-let-7i	THBS1	miRNA_target	-1	mechanistic (miRNA repression)	weak	analysed network	1
hsa-miR-1	ABCA1	miRNA_target	-1	mechanistic (miRNA repression)	predicted_only	analysed network	1
hsa-miR-1	AR	miRNA_target	-1	mechanistic (miRNA repression)	predicted_only	analysed network	2
hsa-miR-1	AXL	miRNA_target	-1	mechanistic (miRNA repression)	weak	analysed network	1
hsa-miR-1	CCND2	miRNA_target	-1	mechanistic (miRNA repression)	weak	analysed network	2
hsa-miR-1	CEBPA	miRNA_target	-1	mechanistic (miRNA repression)	strong	analysed network	1
hsa-miR-1	EZH2	miRNA_target	-1	mechanistic (miRNA repression)	weak	analysed network	1
hsa-miR-1	FN1	miRNA_target	-1	mechanistic (miRNA repression)	strong	analysed network	2
hsa-miR-1	FOXO3	miRNA_target	-1	mechanistic (miRNA repression)	predicted_only	analysed network	2
hsa-miR-1	KLF4	miRNA_target	-1	mechanistic (miRNA repression)	weak	analysed network	1
hsa-miR-1	STAT3	miRNA_target	-1	mechanistic (miRNA repression)	predicted_only	analysed network	3
hsa-miR-1	VEGFA	miRNA_target	-1	mechanistic (miRNA repression)	strong	analysed network	4
hsa-miR-101	AR	miRNA_target	-1	mechanistic (miRNA repression)	weak	analysed network	3
hsa-miR-101	CDH11	miRNA_target	-1	mechanistic (miRNA repression)	weak	analysed network	1
hsa-miR-101	CEBPA	miRNA_target	-1	mechanistic (miRNA repression)	weak	analysed network	1
hsa-miR-101	ETV1	miRNA_target	-1	mechanistic (miRNA repression)	strong	analysed network	1
hsa-miR-101	EZH2	miRNA_target	-1	mechanistic (miRNA repression)	strong	analysed network	1
hsa-miR-101	FBXO32	miRNA_target	-1	mechanistic (miRNA repression)	weak	analysed network	1
hsa-miR-101	FN1	miRNA_target	-1	mechanistic (miRNA repression)	strong	analysed network	3
hsa-miR-101	HIF1A	miRNA_target	-1	mechanistic (miRNA repression)	strong	analysed network	1
hsa-miR-101	MET	miRNA_target	-1	mechanistic (miRNA repression)	strong	analysed network	1
hsa-miR-101	SNAI1	miRNA_target	-1	mechanistic (miRNA repression)	predicted_only	analysed network	2
hsa-miR-101	THBS1	miRNA_target	-1	mechanistic (miRNA repression)	weak	analysed network	1
hsa-miR-106a	ABCA1	miRNA_target	-1	mechanistic (miRNA repression)	weak	analysed network	1
hsa-miR-106a	CCND2	miRNA_target	-1	mechanistic (miRNA repression)	weak	analysed network	4
hsa-miR-106a	CDCA7	miRNA_target	-1	mechanistic (miRNA repression)	weak	analysed network	2
hsa-miR-106a	E2F1	miRNA_target	-1	mechanistic (miRNA repression)	strong	analysed network	2
hsa-miR-106a	EGR1	miRNA_target	-1	mechanistic (miRNA repression)	weak	analysed network	4
hsa-miR-106a	EPAS1	miRNA_target	-1	mechanistic (miRNA repression)	weak	analysed network	1
hsa-miR-106a	ESR1	miRNA_target	-1	mechanistic (miRNA repression)	weak	analysed network	1
hsa-miR-106a	F3	miRNA_target	-1	mechanistic (miRNA repression)	weak	analysed network	2
hsa-miR-106a	GJA1	miRNA_target	-1	mechanistic (miRNA repression)	weak	analysed network	1
hsa-miR-106a	MMP2	miRNA_target	-1	mechanistic (miRNA repression)	weak	analysed network	3
hsa-miR-106a	MYC	miRNA_target	-1	mechanistic (miRNA repression)	weak	analysed network	3
hsa-miR-106a	PTHLH	miRNA_target	-1	mechanistic (miRNA repression)	weak	analysed network	1
hsa-miR-106a	RUNX1	miRNA_target	-1	mechanistic (miRNA repression)	strong	analysed network	2
hsa-miR-106a	SP1	miRNA_target	-1	mechanistic (miRNA repression)	weak	analysed network	9
hsa-miR-106a	SQSTM1	miRNA_target	-1	mechanistic (miRNA repression)	weak	analysed network	1
hsa-miR-106a	TGFBR2	miRNA_target	-1	mechanistic (miRNA repression)	strong	analysed network	2
hsa-miR-106a	TP53	miRNA_target	-1	mechanistic (miRNA repression)	strong	analysed network	2
hsa-miR-106a	TWIST1	miRNA_target	-1	mechanistic (miRNA repression)	weak	analysed network	1
hsa-miR-106a	VEGFA	miRNA_target	-1	mechanistic (miRNA repression)	strong	analysed network	8
hsa-miR-106b	ARNT	miRNA_target	-1	mechanistic (miRNA repression)	weak	analysed network	1
hsa-miR-106b	ATF4	miRNA_target	-1	mechanistic (miRNA repression)	weak	analysed network	1
hsa-miR-106b	CCND2	miRNA_target	-1	mechanistic (miRNA repression)	strong	analysed network	1
hsa-miR-106b	CDCA7	miRNA_target	-1	mechanistic (miRNA repression)	weak	analysed network	2
hsa-miR-106b	E2F1	miRNA_target	-1	mechanistic (miRNA repression)	strong	analysed network	2
hsa-miR-106b	E2F3	miRNA_target	-1	mechanistic (miRNA repression)	strong	analysed network	1
hsa-miR-106b	EPAS1	miRNA_target	-1	mechanistic (miRNA repression)	weak	analysed network	1
hsa-miR-106b	F3	miRNA_target	-1	mechanistic (miRNA repression)	weak	analysed network	1
hsa-miR-106b	GJA1	miRNA_target	-1	mechanistic (miRNA repression)	weak	analysed network	1
hsa-miR-106b	JUN	miRNA_target	-1	mechanistic (miRNA repression)	predicted_only	analysed network	6
hsa-miR-106b	MAP3K1	miRNA_target	-1	mechanistic (miRNA repression)	weak	analysed network	1
hsa-miR-106b	MMP2	miRNA_target	-1	mechanistic (miRNA repression)	strong	analysed network	2
hsa-miR-106b	MYC	miRNA_target	-1	mechanistic (miRNA repression)	strong	analysed network	3
hsa-miR-106b	SMAD7	miRNA_target	-1	mechanistic (miRNA repression)	strong	analysed network	1
hsa-miR-106b	TWIST1	miRNA_target	-1	mechanistic (miRNA repression)	strong	analysed network	1
hsa-miR-106b	VEGFA	miRNA_target	-1	mechanistic (miRNA repression)	strong	analysed network	7
hsa-miR-107	DKK1	miRNA_target	-1	mechanistic (miRNA repression)	strong	analysed network	1
hsa-miR-107	HIF1A	miRNA_target	-1	mechanistic (miRNA repression)	strong	analysed network	1
hsa-miR-107	TERT	miRNA_target	-1	mechanistic (miRNA repression)	predicted_only	analysed network	2
hsa-miR-107	TP53	miRNA_target	-1	mechanistic (miRNA repression)	predicted_only	analysed network	2
hsa-miR-10b	EPHA2	miRNA_target	-1	mechanistic (miRNA repression)	weak	analysed network	1
hsa-miR-10b	NFKB1	miRNA_target	-1	mechanistic (miRNA repression)	weak	analysed network	1
hsa-miR-10b	SERPINE1	miRNA_target	-1	mechanistic (miRNA repression)	predicted_only	analysed network	1
hsa-miR-10b	TP53	miRNA_target	-1	mechanistic (miRNA repression)	strong	analysed network	1
hsa-miR-124	ABCA1	miRNA_target	-1	mechanistic (miRNA repression)	weak	analysed network	1
hsa-miR-124	CAV1	miRNA_target	-1	mechanistic (miRNA repression)	strong	analysed network	1
hsa-miR-124	CCL2	miRNA_target	-1	mechanistic (miRNA repression)	strong	analysed network	3
hsa-miR-124	CCND2	miRNA_target	-1	mechanistic (miRNA repression)	strong	analysed network	3
hsa-miR-124	CEBPA	miRNA_target	-1	mechanistic (miRNA repression)	strong	analysed network	1
hsa-miR-124	CTNNB1	miRNA_target	-1	mechanistic (miRNA repression)	weak	analysed network	1
hsa-miR-124	CYLD	miRNA_target	-1	mechanistic (miRNA repression)	weak	analysed network	1
hsa-miR-124	EGR1	miRNA_target	-1	mechanistic (miRNA repression)	strong	analysed network	2
hsa-miR-124	EPHA2	miRNA_target	-1	mechanistic (miRNA repression)	weak	analysed network	1
hsa-miR-124	HDAC1	miRNA_target	-1	mechanistic (miRNA repression)	predicted_only	analysed network	1
hsa-miR-124	IL11	miRNA_target	-1	mechanistic (miRNA repression)	weak	analysed network	1
hsa-miR-124	LEF1	miRNA_target	-1	mechanistic (miRNA repression)	predicted_only	analysed network	1
hsa-miR-124	MMP2	miRNA_target	-1	mechanistic (miRNA repression)	strong	analysed network	2
hsa-miR-124	NRP1	miRNA_target	-1	mechanistic (miRNA repression)	strong	analysed network	1
hsa-miR-124	REST	miRNA_target	-1	mechanistic (miRNA repression)	strong	analysed network	1
hsa-miR-124	SEMA6A	miRNA_target	-1	mechanistic (miRNA repression)	weak	analysed network	1
hsa-miR-124	SOX2	miRNA_target	-1	mechanistic (miRNA repression)	predicted_only	analysed network	2
hsa-miR-124	SPRY1	miRNA_target	-1	mechanistic (miRNA repression)	weak	analysed network	1
hsa-miR-124	STAT1	miRNA_target	-1	mechanistic (miRNA repression)	weak	analysed network	1
hsa-miR-124	STAT3	miRNA_target	-1	mechanistic (miRNA repression)	strong	analysed network	5
hsa-miR-124	TP53	miRNA_target	-1	mechanistic (miRNA repression)	predicted_only	analysed network	3
hsa-miR-124	VIM	miRNA_target	-1	mechanistic (miRNA repression)	strong	analysed network	2
hsa-miR-1271	FN1	miRNA_target	-1	mechanistic (miRNA repression)	weak	analysed network	1
hsa-miR-1271	HBEGF	miRNA_target	-1	mechanistic (miRNA repression)	weak	analysed network	1
hsa-miR-1271	HIF1A	miRNA_target	-1	mechanistic (miRNA repression)	weak	analysed network	1
hsa-miR-1271	TWIST1	miRNA_target	-1	mechanistic (miRNA repression)	predicted_only	analysed network	1
hsa-miR-128	HBEGF	miRNA_target	-1	mechanistic (miRNA repression)	weak	analysed network	2
hsa-miR-128	HIF1A	miRNA_target	-1	mechanistic (miRNA repression)	weak	analysed network	3
hsa-miR-128	ITGA5	miRNA_target	-1	mechanistic (miRNA repression)	weak	analysed network	1
hsa-miR-128	LOX	miRNA_target	-1	mechanistic (miRNA repression)	predicted_only	analysed network	1
hsa-miR-128	MET	miRNA_target	-1	mechanistic (miRNA repression)	weak	analysed network	1
hsa-miR-128	SNAI1	miRNA_target	-1	mechanistic (miRNA repression)	strong	analysed network	1
hsa-miR-128	ZEB2	miRNA_target	-1	mechanistic (miRNA repression)	weak	analysed network	1
hsa-miR-129	NRP1	miRNA_target	-1	mechanistic (miRNA repression)	predicted_only	analysed network	1
hsa-miR-129	REST	miRNA_target	-1	mechanistic (miRNA repression)	weak	analysed network	1
hsa-miR-130a	ABCA1	miRNA_target	-1	mechanistic (miRNA repression)	weak	analysed network	4
hsa-miR-130a	BHLHE40	miRNA_target	-1	mechanistic (miRNA repression)	weak	analysed network	2
hsa-miR-130a	CD2AP	miRNA_target	-1	mechanistic (miRNA repression)	weak	analysed network	1
hsa-miR-130a	CXCL12	miRNA_target	-1	mechanistic (miRNA repression)	predicted_only	analysed network	3
hsa-miR-130a	EDN1	miRNA_target	-1	mechanistic (miRNA repression)	strong	analysed network	3
hsa-miR-130a	ELF4	miRNA_target	-1	mechanistic (miRNA repression)	predicted_only	analysed network	1
hsa-miR-130a	F3	miRNA_target	-1	mechanistic (miRNA repression)	weak	analysed network	3
hsa-miR-130a	FAS	miRNA_target	-1	mechanistic (miRNA repression)	predicted_only	analysed network	3
hsa-miR-130a	FBN1	miRNA_target	-1	mechanistic (miRNA repression)	weak	analysed network	1
hsa-miR-130a	GJA1	miRNA_target	-1	mechanistic (miRNA repression)	strong	analysed network	1
hsa-miR-130a	HDAC2	miRNA_target	-1	mechanistic (miRNA repression)	predicted_only	analysed network	1
hsa-miR-130a	HIF1A	miRNA_target	-1	mechanistic (miRNA repression)	strong	analysed network	3
hsa-miR-130a	ID4	miRNA_target	-1	mechanistic (miRNA repression)	weak	analysed network	1
hsa-miR-130a	MET	miRNA_target	-1	mechanistic (miRNA repression)	strong	analysed network	2
hsa-miR-130a	MYBL1	miRNA_target	-1	mechanistic (miRNA repression)	weak	analysed network	1
hsa-miR-130a	NFKB1	miRNA_target	-1	mechanistic (miRNA repression)	weak	analysed network	6
hsa-miR-130a	NR1H3	miRNA_target	-1	mechanistic (miRNA repression)	predicted_only	analysed network	2
hsa-miR-130a	OXTR	miRNA_target	-1	mechanistic (miRNA repression)	predicted_only	analysed network	2
hsa-miR-130a	PTGER4	miRNA_target	-1	mechanistic (miRNA repression)	predicted_only	analysed network	2
hsa-miR-130a	RELA	miRNA_target	-1	mechanistic (miRNA repression)	predicted_only	analysed network	7
hsa-miR-130a	SNAP25	miRNA_target	-1	mechanistic (miRNA repression)	predicted_only	analysed network	1
hsa-miR-130a	SP1	miRNA_target	-1	mechanistic (miRNA repression)	strong	analysed network	14
hsa-miR-130a	TGFBR2	miRNA_target	-1	mechanistic (miRNA repression)	strong	analysed network	2
hsa-miR-130a	UGCG	miRNA_target	-1	mechanistic (miRNA repression)	weak	analysed network	1
hsa-miR-130a	VDR	miRNA_target	-1	mechanistic (miRNA repression)	predicted_only	analysed network	1
hsa-miR-130b	EGR1	miRNA_target	-1	mechanistic (miRNA repression)	weak	analysed network	2
hsa-miR-130b	F3	miRNA_target	-1	mechanistic (miRNA repression)	weak	analysed network	1
hsa-miR-130b	TGFBR2	miRNA_target	-1	mechanistic (miRNA repression)	strong	analysed network	1
hsa-miR-132	CTGF	miRNA_target	-1	mechanistic (miRNA repression)	predicted_only	analysed network	1
hsa-miR-132	EGR1	miRNA_target	-1	mechanistic (miRNA repression)	weak	analysed network	1
hsa-miR-132	FGF7	miRNA_target	-1	mechanistic (miRNA repression)	predicted_only	analysed network	1
hsa-miR-132	HBEGF	miRNA_target	-1	mechanistic (miRNA repression)	strong	analysed network	2
hsa-miR-132	RELA	miRNA_target	-1	mechanistic (miRNA repression)	predicted_only	analysed network	2
hsa-miR-132	SP1	miRNA_target	-1	mechanistic (miRNA repression)	weak	analysed network	2
hsa-miR-132	SPRY1	miRNA_target	-1	mechanistic (miRNA repression)	strong	analysed network	1
hsa-miR-135b	CCND2	miRNA_target	-1	mechanistic (miRNA repression)	weak	analysed network	1
hsa-miR-135b	STAT3	miRNA_target	-1	mechanistic (miRNA repression)	strong	analysed network	1
hsa-miR-136	NFKB1	miRNA_target	-1	mechanistic (miRNA repression)	predicted_only	analysed network	1
hsa-miR-136	RGS4	miRNA_target	-1	mechanistic (miRNA repression)	predicted_only	analysed network	1
hsa-miR-137	CACNA1H	miRNA_target	-1	mechanistic (miRNA repression)	predicted_only	analysed network	1
hsa-miR-137	CXCL12	miRNA_target	-1	mechanistic (miRNA repression)	strong	analysed network	1
hsa-miR-137	EZH2	miRNA_target	-1	mechanistic (miRNA repression)	strong	analysed network	1
hsa-miR-137	FBXO32	miRNA_target	-1	mechanistic (miRNA repression)	predicted_only	analysed network	1
hsa-miR-137	NRP1	miRNA_target	-1	mechanistic (miRNA repression)	predicted_only	analysed network	1
hsa-miR-137	REST	miRNA_target	-1	mechanistic (miRNA repression)	predicted_only	analysed network	2
hsa-miR-137	SNAI2	miRNA_target	-1	mechanistic (miRNA repression)	predicted_only	analysed network	1
hsa-miR-139	THBS1	miRNA_target	-1	mechanistic (miRNA repression)	weak	analysed network	1
hsa-miR-139	TP53	miRNA_target	-1	mechanistic (miRNA repression)	strong	analysed network	1
hsa-miR-140	COL7A1	miRNA_target	-1	mechanistic (miRNA repression)	predicted_only	analysed network	1
hsa-miR-140	ESR1	miRNA_target	-1	mechanistic (miRNA repression)	predicted_only	analysed network	1
hsa-miR-140	SMAD3	miRNA_target	-1	mechanistic (miRNA repression)	strong	analysed network	2
hsa-miR-140	VEGFA	miRNA_target	-1	mechanistic (miRNA repression)	strong	analysed network	2
hsa-miR-141	BACE1	miRNA_target	-1	mechanistic (miRNA repression)	predicted_only	analysed network	1
hsa-miR-141	CCND2	miRNA_target	-1	mechanistic (miRNA repression)	weak	analysed network	2
hsa-miR-141	EPHA2	miRNA_target	-1	mechanistic (miRNA repression)	weak	analysed network	1
hsa-miR-141	MYBL1	miRNA_target	-1	mechanistic (miRNA repression)	weak	analysed network	1
hsa-miR-141	MYC	miRNA_target	-1	mechanistic (miRNA repression)	weak	analysed network	1
hsa-miR-141	PPP2R2B	miRNA_target	-1	mechanistic (miRNA repression)	predicted_only	analysed network	1
hsa-miR-141	SEMA6A	miRNA_target	-1	mechanistic (miRNA repression)	weak	analysed network	1
hsa-miR-141	SNAP25	miRNA_target	-1	mechanistic (miRNA repression)	predicted_only	analysed network	1
hsa-miR-141	SOX2	miRNA_target	-1	mechanistic (miRNA repression)	predicted_only	analysed network	1
hsa-miR-141	SP1	miRNA_target	-1	mechanistic (miRNA repression)	weak	analysed network	5
hsa-miR-141	TP53	miRNA_target	-1	mechanistic (miRNA repression)	weak	analysed network	1
hsa-miR-142	ABCA1	miRNA_target	-1	mechanistic (miRNA repression)	weak	analysed network	1
hsa-miR-142	BCL2L1	miRNA_target	-1	mechanistic (miRNA repression)	weak	analysed network	3
hsa-miR-142	EGR1	miRNA_target	-1	mechanistic (miRNA repression)	weak	analysed network	2
hsa-miR-142	FN1	miRNA_target	-1	mechanistic (miRNA repression)	weak	analysed network	1
hsa-miR-142	FOS	miRNA_target	-1	mechanistic (miRNA repression)	weak	analysed network	1
hsa-miR-142	HOXA10	miRNA_target	-1	mechanistic (miRNA repression)	strong	analysed network	1
hsa-miR-142	IER3	miRNA_target	-1	mechanistic (miRNA repression)	weak	analysed network	1
hsa-miR-142	IL11	miRNA_target	-1	mechanistic (miRNA repression)	weak	analysed network	1
hsa-miR-142	ITGA5	miRNA_target	-1	mechanistic (miRNA repression)	predicted_only	analysed network	1
hsa-miR-142	PPARG	miRNA_target	-1	mechanistic (miRNA repression)	predicted_only	analysed network	1
hsa-miR-142	SP1	miRNA_target	-1	mechanistic (miRNA repression)	weak	analysed network	4
hsa-miR-142	TGFBR2	miRNA_target	-1	mechanistic (miRNA repression)	strong	analysed network	2
hsa-miR-142	THBD	miRNA_target	-1	mechanistic (miRNA repression)	predicted_only	analysed network	1
hsa-miR-142	TP53	miRNA_target	-1	mechanistic (miRNA repression)	weak	analysed network	2
hsa-miR-143	CEBPB	miRNA_target	-1	mechanistic (miRNA repression)	predicted_only	analysed network	1
hsa-miR-143	COL1A1	miRNA_target	-1	mechanistic (miRNA repression)	strong	analysed network	2
hsa-miR-143	CTGF	miRNA_target	-1	mechanistic (miRNA repression)	predicted_only	analysed network	2
hsa-miR-143	DAPK1	miRNA_target	-1	mechanistic (miRNA repression)	weak	analysed network	1
hsa-miR-143	ESR1	miRNA_target	-1	mechanistic (miRNA repression)	predicted_only	analysed network	2
hsa-miR-143	HIF1A	miRNA_target	-1	mechanistic (miRNA repression)	weak	analysed network	3
hsa-miR-143	MKL1	miRNA_target	-1	mechanistic (miRNA repression)	predicted_only	analysed network	1
hsa-miR-143	MYB	miRNA_target	-1	mechanistic (miRNA repression)	predicted_only	analysed network	1
hsa-miR-143	SERPINE1	miRNA_target	-1	mechanistic (miRNA repression)	strong	analysed network	5
hsa-miR-143	SMAD3	miRNA_target	-1	mechanistic (miRNA repression)	weak	analysed network	2
hsa-miR-143	SMAD4	miRNA_target	-1	mechanistic (miRNA repression)	weak	analysed network	1
hsa-miR-143	SRF	miRNA_target	-1	mechanistic (miRNA repression)	predicted_only	analysed network	1
hsa-miR-143	STAT3	miRNA_target	-1	mechanistic (miRNA repression)	strong	analysed network	2
hsa-miR-143	TERT	miRNA_target	-1	mechanistic (miRNA repression)	weak	analysed network	6
hsa-miR-143	THBS1	miRNA_target	-1	mechanistic (miRNA repression)	weak	analysed network	1
hsa-miR-143	TP53	miRNA_target	-1	mechanistic (miRNA repression)	strong	analysed network	2
hsa-miR-143	TP73	miRNA_target	-1	mechanistic (miRNA repression)	predicted_only	analysed network	1
hsa-miR-144	CEBPA	miRNA_target	-1	mechanistic (miRNA repression)	predicted_only	analysed network	1
hsa-miR-144	CITED2	miRNA_target	-1	mechanistic (miRNA repression)	predicted_only	analysed network	1
hsa-miR-144	ELK1	miRNA_target	-1	mechanistic (miRNA repression)	predicted_only	analysed network	1
hsa-miR-144	FGF7	miRNA_target	-1	mechanistic (miRNA repression)	predicted_only	analysed network	1
hsa-miR-144	FN1	miRNA_target	-1	mechanistic (miRNA repression)	predicted_only	analysed network	1
hsa-miR-144	GJA1	miRNA_target	-1	mechanistic (miRNA repression)	predicted_only	analysed network	1
hsa-miR-144	JUN	miRNA_target	-1	mechanistic (miRNA repression)	predicted_only	analysed network	2
hsa-miR-145	ABCA1	miRNA_target	-1	mechanistic (miRNA repression)	predicted_only	analysed network	3
hsa-miR-145	AR	miRNA_target	-1	mechanistic (miRNA repression)	predicted_only	analysed network	1
hsa-miR-145	CCND2	miRNA_target	-1	mechanistic (miRNA repression)	weak	analysed network	2
hsa-miR-145	ESR1	miRNA_target	-1	mechanistic (miRNA repression)	strong	analysed network	1
hsa-miR-145	FN1	miRNA_target	-1	mechanistic (miRNA repression)	weak	analysed network	2
hsa-miR-145	HIF1A	miRNA_target	-1	mechanistic (miRNA repression)	strong	analysed network	2
hsa-miR-145	LOX	miRNA_target	-1	mechanistic (miRNA repression)	predicted_only	analysed network	1
hsa-miR-145	NR1H2	miRNA_target	-1	mechanistic (miRNA repression)	weak	analysed network	1
hsa-miR-145	POU5F1	miRNA_target	-1	mechanistic (miRNA repression)	strong	analysed network	1
hsa-miR-145	PPARG	miRNA_target	-1	mechanistic (miRNA repression)	predicted_only	analysed network	1
hsa-miR-145	RELA	miRNA_target	-1	mechanistic (miRNA repression)	weak	analysed network	4
hsa-miR-145	RXRA	miRNA_target	-1	mechanistic (miRNA repression)	weak	analysed network	1
hsa-miR-145	SEMA6A	miRNA_target	-1	mechanistic (miRNA repression)	weak	analysed network	1
hsa-miR-145	SERPINE1	miRNA_target	-1	mechanistic (miRNA repression)	strong	analysed network	7
hsa-miR-145	SMAD3	miRNA_target	-1	mechanistic (miRNA repression)	strong	analysed network	2
hsa-miR-145	SMAD4	miRNA_target	-1	mechanistic (miRNA repression)	strong	analysed network	1
hsa-miR-145	SRF	miRNA_target	-1	mechanistic (miRNA repression)	weak	analysed network	1
hsa-miR-146b	MYBL1	miRNA_target	-1	mechanistic (miRNA repression)	predicted_only	analysed network	1
hsa-miR-146b	SP1	miRNA_target	-1	mechanistic (miRNA repression)	weak	analysed network	1
hsa-miR-148a	ABCA1	miRNA_target	-1	mechanistic (miRNA repression)	strong	analysed network	2
hsa-miR-148a	EGR1	miRNA_target	-1	mechanistic (miRNA repression)	weak	analysed network	1
hsa-miR-148a	EPAS1	miRNA_target	-1	mechanistic (miRNA repression)	weak	analysed network	1
hsa-miR-148a	F3	miRNA_target	-1	mechanistic (miRNA repression)	weak	analysed network	2
hsa-miR-148a	IL15	miRNA_target	-1	mechanistic (miRNA repression)	strong	analysed network	1
hsa-miR-148a	MET	miRNA_target	-1	mechanistic (miRNA repression)	strong	analysed network	1
hsa-miR-148a	MYB	miRNA_target	-1	mechanistic (miRNA repression)	weak	analysed network	1
hsa-miR-148a	NFKB1	miRNA_target	-1	mechanistic (miRNA repression)	weak	analysed network	3
hsa-miR-148a	SERPINE1	miRNA_target	-1	mechanistic (miRNA repression)	strong	analysed network	3
hsa-miR-148a	TGFB2	miRNA_target	-1	mechanistic (miRNA repression)	strong	analysed network	1
hsa-miR-148a	TP53	miRNA_target	-1	mechanistic (miRNA repression)	predicted_only	analysed network	1
hsa-miR-148a	USF1	miRNA_target	-1	mechanistic (miRNA repression)	weak	analysed network	3
hsa-miR-148b	EPAS1	miRNA_target	-1	mechanistic (miRNA repression)	weak	analysed network	1
hsa-miR-148b	MET	miRNA_target	-1	mechanistic (miRNA repression)	weak	analysed network	1
hsa-miR-148b	MITF	miRNA_target	-1	mechanistic (miRNA repression)	weak	analysed network	1
hsa-miR-148b	SERPINE1	miRNA_target	-1	mechanistic (miRNA repression)	weak	analysed network	1
hsa-miR-149	EGR1	miRNA_target	-1	mechanistic (miRNA repression)	predicted_only	analysed network	1
hsa-miR-149	IL6	miRNA_target	-1	mechanistic (miRNA repression)	strong	analysed network	1
hsa-miR-149	PDGFRB	miRNA_target	-1	mechanistic (miRNA repression)	predicted_only	analysed network	1
hsa-miR-149	TP53	miRNA_target	-1	mechanistic (miRNA repression)	weak	analysed network	1
hsa-miR-150	CCND2	miRNA_target	-1	mechanistic (miRNA repression)	weak	analysed network	4
hsa-miR-150	CTNNB1	miRNA_target	-1	mechanistic (miRNA repression)	strong	analysed network	1
hsa-miR-150	MMP14	miRNA_target	-1	mechanistic (miRNA repression)	strong	analysed network	4
hsa-miR-150	MYC	miRNA_target	-1	mechanistic (miRNA repression)	predicted_only	analysed network	1
hsa-miR-150	NFKB1	miRNA_target	-1	mechanistic (miRNA repression)	predicted_only	analysed network	2
hsa-miR-150	RELA	miRNA_target	-1	mechanistic (miRNA repression)	predicted_only	analysed network	2
hsa-miR-150	STAT3	miRNA_target	-1	mechanistic (miRNA repression)	predicted_only	analysed network	2
hsa-miR-152	EGR1	miRNA_target	-1	mechanistic (miRNA repression)	predicted_only	analysed network	1
hsa-miR-152	EPAS1	miRNA_target	-1	mechanistic (miRNA repression)	weak	analysed network	1
hsa-miR-152	F3	miRNA_target	-1	mechanistic (miRNA repression)	weak	analysed network	1
hsa-miR-152	SERPINE1	miRNA_target	-1	mechanistic (miRNA repression)	weak	analysed network	1
hsa-miR-155	ELF4	miRNA_target	-1	mechanistic (miRNA repression)	predicted_only	analysed network	1
hsa-miR-155	ETS1	miRNA_target	-1	mechanistic (miRNA repression)	strong	analysed network	1
hsa-miR-155	FGF7	miRNA_target	-1	mechanistic (miRNA repression)	strong	analysed network	2
hsa-miR-155	HDAC2	miRNA_target	-1	mechanistic (miRNA repression)	weak	analysed network	1
hsa-miR-155	NFKB1	miRNA_target	-1	mechanistic (miRNA repression)	strong	analysed network	1
hsa-miR-155	PEG3	miRNA_target	-1	mechanistic (miRNA repression)	predicted_only	analysed network	1
hsa-miR-155	RELA	miRNA_target	-1	mechanistic (miRNA repression)	strong	analysed network	1
hsa-miR-155	TGFBR2	miRNA_target	-1	mechanistic (miRNA repression)	strong	analysed network	2
hsa-miR-155	TP53	miRNA_target	-1	mechanistic (miRNA repression)	strong	analysed network	1
hsa-miR-155	YY1	miRNA_target	-1	mechanistic (miRNA repression)	predicted_only	analysed network	1
hsa-miR-15a	CCND2	miRNA_target	-1	mechanistic (miRNA repression)	strong	analysed network	2
hsa-miR-15a	CD2AP	miRNA_target	-1	mechanistic (miRNA repression)	weak	analysed network	1
hsa-miR-15a	E2F1	miRNA_target	-1	mechanistic (miRNA repression)	weak	analysed network	3
hsa-miR-15a	E2F3	miRNA_target	-1	mechanistic (miRNA repression)	weak	analysed network	1
hsa-miR-15a	KLF4	miRNA_target	-1	mechanistic (miRNA repression)	strong	analysed network	1
hsa-miR-15a	MYC	miRNA_target	-1	mechanistic (miRNA repression)	weak	analysed network	3
hsa-miR-15a	PAX5	miRNA_target	-1	mechanistic (miRNA repression)	weak	analysed network	1
hsa-miR-15a	PLAGL1	miRNA_target	-1	mechanistic (miRNA repression)	weak	analysed network	1
hsa-miR-15a	STAT3	miRNA_target	-1	mechanistic (miRNA repression)	weak	analysed network	4
hsa-miR-15a	TERT	miRNA_target	-1	mechanistic (miRNA repression)	predicted_only	analysed network	5
hsa-miR-15a	TP53	miRNA_target	-1	mechanistic (miRNA repression)	strong	analysed network	3
hsa-miR-15a	UCP2	miRNA_target	-1	mechanistic (miRNA repression)	strong	analysed network	1
hsa-miR-15a	VEGFA	miRNA_target	-1	mechanistic (miRNA repression)	strong	analysed network	6
hsa-miR-15b	BDNF	miRNA_target	-1	mechanistic (miRNA repression)	weak	analysed network	1
hsa-miR-15b	CD2AP	miRNA_target	-1	mechanistic (miRNA repression)	weak	analysed network	1
hsa-miR-15b	CREB1	miRNA_target	-1	mechanistic (miRNA repression)	weak	analysed network	1
hsa-miR-15b	E2F1	miRNA_target	-1	mechanistic (miRNA repression)	weak	analysed network	3
hsa-miR-15b	E2F3	miRNA_target	-1	mechanistic (miRNA repression)	weak	analysed network	1
hsa-miR-15b	PLAGL1	miRNA_target	-1	mechanistic (miRNA repression)	weak	analysed network	1
hsa-miR-15b	TERT	miRNA_target	-1	mechanistic (miRNA repression)	predicted_only	analysed network	2
hsa-miR-15b	TP53	miRNA_target	-1	mechanistic (miRNA repression)	weak	analysed network	3
hsa-miR-15b	VEGFA	miRNA_target	-1	mechanistic (miRNA repression)	strong	analysed network	3
hsa-miR-16	BACE1	miRNA_target	-1	mechanistic (miRNA repression)	strong	analysed network	1
hsa-miR-16	CCND2	miRNA_target	-1	mechanistic (miRNA repression)	strong	analysed network	3
hsa-miR-16	CD2AP	miRNA_target	-1	mechanistic (miRNA repression)	weak	analysed network	1
hsa-miR-16	E2F1	miRNA_target	-1	mechanistic (miRNA repression)	weak	analysed network	3
hsa-miR-16	E2F3	miRNA_target	-1	mechanistic (miRNA repression)	weak	analysed network	1
hsa-miR-16	ETS1	miRNA_target	-1	mechanistic (miRNA repression)	weak	analysed network	2
hsa-miR-16	FGF7	miRNA_target	-1	mechanistic (miRNA repression)	predicted_only	analysed network	1
hsa-miR-16	GADD45G	miRNA_target	-1	mechanistic (miRNA repression)	weak	analysed network	1
hsa-miR-16	MAX	miRNA_target	-1	mechanistic (miRNA repression)	weak	analysed network	1
hsa-miR-16	MYC	miRNA_target	-1	mechanistic (miRNA repression)	weak	analysed network	3
hsa-miR-16	NFKB1	miRNA_target	-1	mechanistic (miRNA repression)	weak	analysed network	7
hsa-miR-16	PAX5	miRNA_target	-1	mechanistic (miRNA repression)	predicted_only	analysed network	1
hsa-miR-16	PLAGL1	miRNA_target	-1	mechanistic (miRNA repression)	weak	analysed network	1
hsa-miR-16	PTHLH	miRNA_target	-1	mechanistic (miRNA repression)	weak	analysed network	2
hsa-miR-16	STAT3	miRNA_target	-1	mechanistic (miRNA repression)	weak	analysed network	4
hsa-miR-16	TERT	miRNA_target	-1	mechanistic (miRNA repression)	predicted_only	analysed network	8
hsa-miR-16	TP53	miRNA_target	-1	mechanistic (miRNA repression)	strong	analysed network	3
hsa-miR-16	UCP2	miRNA_target	-1	mechanistic (miRNA repression)	weak	analysed network	1
hsa-miR-16	VEGFA	miRNA_target	-1	mechanistic (miRNA repression)	strong	analysed network	6
hsa-miR-181a	CEBPA	miRNA_target	-1	mechanistic (miRNA repression)	strong	analysed network	1
hsa-miR-181a	CYLD	miRNA_target	-1	mechanistic (miRNA repression)	weak	analysed network	1
hsa-miR-181a	CYR61	miRNA_target	-1	mechanistic (miRNA repression)	predicted_only	analysed network	1
hsa-miR-181a	ESR1	miRNA_target	-1	mechanistic (miRNA repression)	strong	analysed network	1
hsa-miR-181a	F2R	miRNA_target	-1	mechanistic (miRNA repression)	weak	analysed network	2
hsa-miR-181a	FOS	miRNA_target	-1	mechanistic (miRNA repression)	strong	analysed network	2
hsa-miR-181a	LEF1	miRNA_target	-1	mechanistic (miRNA repression)	weak	analysed network	1
hsa-miR-181a	MMP14	miRNA_target	-1	mechanistic (miRNA repression)	weak	analysed network	1
hsa-miR-181a	PLAU	miRNA_target	-1	mechanistic (miRNA repression)	strong	analysed network	1
hsa-miR-181a	SERPINE1	miRNA_target	-1	mechanistic (miRNA repression)	weak	analysed network	3
hsa-miR-181a	SMAD3	miRNA_target	-1	mechanistic (miRNA repression)	weak	analysed network	2
hsa-miR-181a	SMAD4	miRNA_target	-1	mechanistic (miRNA repression)	weak	analysed network	2
hsa-miR-181a	SMAD7	miRNA_target	-1	mechanistic (miRNA repression)	weak	analysed network	3
hsa-miR-181a	SPP1	miRNA_target	-1	mechanistic (miRNA repression)	predicted_only	analysed network	1
hsa-miR-181a	STAT3	miRNA_target	-1	mechanistic (miRNA repression)	strong	analysed network	3
hsa-miR-181a	TWIST1	miRNA_target	-1	mechanistic (miRNA repression)	strong	analysed network	1
hsa-miR-181b	ADAMTS1	miRNA_target	-1	mechanistic (miRNA repression)	weak	analysed network	1
hsa-miR-181b	CYR61	miRNA_target	-1	mechanistic (miRNA repression)	predicted_only	analysed network	1
hsa-miR-181b	ESR1	miRNA_target	-1	mechanistic (miRNA repression)	strong	analysed network	1
hsa-miR-181b	ETS1	miRNA_target	-1	mechanistic (miRNA repression)	weak	analysed network	2
hsa-miR-181b	EZH2	miRNA_target	-1	mechanistic (miRNA repression)	weak	analysed network	1
hsa-miR-181b	F2R	miRNA_target	-1	mechanistic (miRNA repression)	weak	analysed network	2
hsa-miR-181b	FOS	miRNA_target	-1	mechanistic (miRNA repression)	strong	analysed network	2
hsa-miR-181b	MMP14	miRNA_target	-1	mechanistic (miRNA repression)	predicted_only	analysed network	1
hsa-miR-181b	PLAU	miRNA_target	-1	mechanistic (miRNA repression)	weak	analysed network	2
hsa-miR-181b	SERPINE1	miRNA_target	-1	mechanistic (miRNA repression)	weak	analysed network	3
hsa-miR-181b	SMAD3	miRNA_target	-1	mechanistic (miRNA repression)	weak	analysed network	2
hsa-miR-181b	SMAD4	miRNA_target	-1	mechanistic (miRNA repression)	weak	analysed network	2
hsa-miR-181b	SMAD7	miRNA_target	-1	mechanistic (miRNA repression)	weak	analysed network	3
hsa-miR-181b	STAT3	miRNA_target	-1	mechanistic (miRNA repression)	weak	analysed network	3
hsa-miR-181b	TGFBR2	miRNA_target	-1	mechanistic (miRNA repression)	weak	analysed network	1
hsa-miR-181b	TWIST1	miRNA_target	-1	mechanistic (miRNA repression)	predicted_only	analysed network	1
hsa-miR-181c	EGR1	miRNA_target	-1	mechanistic (miRNA repression)	weak	analysed network	3
hsa-miR-181c	EPAS1	miRNA_target	-1	mechanistic (miRNA repression)	predicted_only	analysed network	2
hsa-miR-181c	ETS1	miRNA_target	-1	mechanistic (miRNA repression)	weak	analysed network	2
hsa-miR-181c	FOS	miRNA_target	-1	mechanistic (miRNA repression)	weak	analysed network	2
hsa-miR-181c	HIF1A	miRNA_target	-1	mechanistic (miRNA repression)	weak	analysed network	3
hsa-miR-181c	LOX	miRNA_target	-1	mechanistic (miRNA repression)	weak	analysed network	1
hsa-miR-181c	MMP14	miRNA_target	-1	mechanistic (miRNA repression)	predicted_only	analysed network	2
hsa-miR-181c	PLAU	miRNA_target	-1	mechanistic (miRNA repression)	weak	analysed network	4
hsa-miR-181c	SERPINE1	miRNA_target	-1	mechanistic (miRNA repression)	strong	analysed network	2
hsa-miR-181c	SMAD7	miRNA_target	-1	mechanistic (miRNA repression)	predicted_only	analysed network	1
hsa-miR-181c	TGFBR2	miRNA_target	-1	mechanistic (miRNA repression)	strong	analysed network	2
hsa-miR-181d	EGR1	miRNA_target	-1	mechanistic (miRNA repression)	weak	analysed network	3
hsa-miR-181d	FOS	miRNA_target	-1	mechanistic (miRNA repression)	predicted_only	analysed network	2
hsa-miR-181d	MMP14	miRNA_target	-1	mechanistic (miRNA repression)	predicted_only	analysed network	1
hsa-miR-181d	PLAU	miRNA_target	-1	mechanistic (miRNA repression)	weak	analysed network	2
hsa-miR-181d	SMAD7	miRNA_target	-1	mechanistic (miRNA repression)	predicted_only	analysed network	1
hsa-miR-181d	TGFBR2	miRNA_target	-1	mechanistic (miRNA repression)	weak	analysed network	1
hsa-miR-182	AR	miRNA_target	-1	mechanistic (miRNA repression)	weak	analysed network	1
hsa-miR-182	CCND2	miRNA_target	-1	mechanistic (miRNA repression)	strong	analysed network	3
hsa-miR-182	CD2AP	miRNA_target	-1	mechanistic (miRNA repression)	weak	analysed network	1
hsa-miR-182	CEBPA	miRNA_target	-1	mechanistic (miRNA repression)	weak	analysed network	1
hsa-miR-182	CTNNB1	miRNA_target	-1	mechanistic (miRNA repression)	strong	analysed network	1
hsa-miR-182	CYLD	miRNA_target	-1	mechanistic (miRNA repression)	strong	analysed network	1
hsa-miR-182	ETS1	miRNA_target	-1	mechanistic (miRNA repression)	weak	analysed network	1
hsa-miR-182	FBN1	miRNA_target	-1	mechanistic (miRNA repression)	weak	analysed network	1
hsa-miR-182	FN1	miRNA_target	-1	mechanistic (miRNA repression)	weak	analysed network	3
hsa-miR-182	FST	miRNA_target	-1	mechanistic (miRNA repression)	weak	analysed network	1
hsa-miR-182	HBEGF	miRNA_target	-1	mechanistic (miRNA repression)	weak	analysed network	4
hsa-miR-182	HDAC2	miRNA_target	-1	mechanistic (miRNA repression)	weak	analysed network	1
hsa-miR-182	HIF1A	miRNA_target	-1	mechanistic (miRNA repression)	weak	analysed network	2
hsa-miR-182	LEF1	miRNA_target	-1	mechanistic (miRNA repression)	weak	analysed network	1
hsa-miR-182	MET	miRNA_target	-1	mechanistic (miRNA repression)	weak	analysed network	2
hsa-miR-182	MYD88	miRNA_target	-1	mechanistic (miRNA repression)	weak	analysed network	1
hsa-miR-182	MYOD1	miRNA_target	-1	mechanistic (miRNA repression)	predicted_only	analysed network	1
hsa-miR-182	RELA	miRNA_target	-1	mechanistic (miRNA repression)	weak	analysed network	3
hsa-miR-182	SP1	miRNA_target	-1	mechanistic (miRNA repression)	weak	analysed network	6
hsa-miR-182	STAT3	miRNA_target	-1	mechanistic (miRNA repression)	weak	analysed network	2
hsa-miR-182	TGFBR2	miRNA_target	-1	mechanistic (miRNA repression)	weak	analysed network	3
hsa-miR-183	ABCA1	miRNA_target	-1	mechanistic (miRNA repression)	weak	analysed network	3
hsa-miR-183	CCND2	miRNA_target	-1	mechanistic (miRNA repression)	weak	analysed network	3
hsa-miR-183	CTSB	miRNA_target	-1	mechanistic (miRNA repression)	weak	analysed network	2
hsa-miR-183	EGR1	miRNA_target	-1	mechanistic (miRNA repression)	strong	analysed network	2
hsa-miR-183	ETS1	miRNA_target	-1	mechanistic (miRNA repression)	weak	analysed network	1
hsa-miR-183	FN1	miRNA_target	-1	mechanistic (miRNA repression)	weak	analysed network	2
hsa-miR-183	HBEGF	miRNA_target	-1	mechanistic (miRNA repression)	weak	analysed network	2
hsa-miR-183	HIF1A	miRNA_target	-1	mechanistic (miRNA repression)	weak	analysed network	1
hsa-miR-183	RELA	miRNA_target	-1	mechanistic (miRNA repression)	weak	analysed network	5
hsa-miR-183	SEMA6A	miRNA_target	-1	mechanistic (miRNA repression)	weak	analysed network	1
hsa-miR-183	SOX2	miRNA_target	-1	mechanistic (miRNA repression)	predicted_only	analysed network	1
hsa-miR-183	SREBF2	miRNA_target	-1	mechanistic (miRNA repression)	weak	analysed network	1
hsa-miR-183	STAT3	miRNA_target	-1	mechanistic (miRNA repression)	weak	analysed network	2
hsa-miR-185	CCND2	miRNA_target	-1	mechanistic (miRNA repression)	weak	analysed network	1
hsa-miR-185	EGR1	miRNA_target	-1	mechanistic (miRNA repression)	weak	analysed network	1
hsa-miR-18b	CCND2	miRNA_target	-1	mechanistic (miRNA repression)	weak	analysed network	2
hsa-miR-18b	CTGF	miRNA_target	-1	mechanistic (miRNA repression)	predicted_only	analysed network	1
hsa-miR-18b	E2F1	miRNA_target	-1	mechanistic (miRNA repression)	weak	analysed network	1
hsa-miR-18b	F3	miRNA_target	-1	mechanistic (miRNA repression)	weak	analysed network	1
hsa-miR-18b	JUN	miRNA_target	-1	mechanistic (miRNA repression)	weak	analysed network	3
hsa-miR-18b	MAP3K1	miRNA_target	-1	mechanistic (miRNA repression)	weak	analysed network	1
hsa-miR-18b	MYC	miRNA_target	-1	mechanistic (miRNA repression)	weak	analysed network	1
hsa-miR-18b	RUNX1	miRNA_target	-1	mechanistic (miRNA repression)	weak	analysed network	1
hsa-miR-18b	THBS1	miRNA_target	-1	mechanistic (miRNA repression)	weak	analysed network	1
hsa-miR-192	TP53	miRNA_target	-1	mechanistic (miRNA repression)	predicted_only	analysed network	1
hsa-miR-192	TYMS	miRNA_target	-1	mechanistic (miRNA repression)	predicted_only	analysed network	1
hsa-miR-193a	HIF1A	miRNA_target	-1	mechanistic (miRNA repression)	predicted_only	analysed network	2
hsa-miR-193a	NT5E	miRNA_target	-1	mechanistic (miRNA repression)	weak	analysed network	1
hsa-miR-193a	PLAU	miRNA_target	-1	mechanistic (miRNA repression)	strong	analysed network	1
hsa-miR-193b	PLAU	miRNA_target	-1	mechanistic (miRNA repression)	strong	analysed network	1
hsa-miR-193b	RELA	miRNA_target	-1	mechanistic (miRNA repression)	predicted_only	analysed network	1
hsa-miR-194	THBS1	miRNA_target	-1	mechanistic (miRNA repression)	weak	analysed network	1
hsa-miR-194	TP53	miRNA_target	-1	mechanistic (miRNA repression)	weak	analysed network	1
hsa-miR-195	BACE1	miRNA_target	-1	mechanistic (miRNA repression)	weak	analysed network	1
hsa-miR-195	CCND2	miRNA_target	-1	mechanistic (miRNA repression)	weak	analysed network	2
hsa-miR-195	CD2AP	miRNA_target	-1	mechanistic (miRNA repression)	weak	analysed network	2
hsa-miR-195	E2F1	miRNA_target	-1	mechanistic (miRNA repression)	weak	analysed network	3
hsa-miR-195	E2F3	miRNA_target	-1	mechanistic (miRNA repression)	strong	analysed network	1
hsa-miR-195	HDAC3	miRNA_target	-1	mechanistic (miRNA repression)	weak	analysed network	1
hsa-miR-195	MYBL1	miRNA_target	-1	mechanistic (miRNA repression)	weak	analysed network	1
hsa-miR-195	MYC	miRNA_target	-1	mechanistic (miRNA repression)	strong	analysed network	3
hsa-miR-195	PTHLH	miRNA_target	-1	mechanistic (miRNA repression)	weak	analysed network	1
hsa-miR-195	SNAP25	miRNA_target	-1	mechanistic (miRNA repression)	predicted_only	analysed network	1
hsa-miR-195	SP1	miRNA_target	-1	mechanistic (miRNA repression)	weak	analysed network	8
hsa-miR-195	TERT	miRNA_target	-1	mechanistic (miRNA repression)	predicted_only	analysed network	3
hsa-miR-195	VEGFA	miRNA_target	-1	mechanistic (miRNA repression)	strong	analysed network	5
hsa-miR-196a	CCND2	miRNA_target	-1	mechanistic (miRNA repression)	weak	analysed network	1
hsa-miR-196a	ELF4	miRNA_target	-1	mechanistic (miRNA repression)	weak	analysed network	1
hsa-miR-196a	MYC	miRNA_target	-1	mechanistic (miRNA repression)	weak	analysed network	1
hsa-miR-196a	TP53	miRNA_target	-1	mechanistic (miRNA repression)	predicted_only	analysed network	1
hsa-miR-199a	ABCA1	miRNA_target	-1	mechanistic (miRNA repression)	weak	analysed network	2
hsa-miR-199a	CD44	miRNA_target	-1	mechanistic (miRNA repression)	strong	analysed network	2
hsa-miR-199a	CTNNB1	miRNA_target	-1	mechanistic (miRNA repression)	weak	analysed network	1
hsa-miR-199a	EGR1	miRNA_target	-1	mechanistic (miRNA repression)	weak	analysed network	2
hsa-miR-199a	EPAS1	miRNA_target	-1	mechanistic (miRNA repression)	predicted_only	analysed network	3
hsa-miR-199a	FGF7	miRNA_target	-1	mechanistic (miRNA repression)	predicted_only	analysed network	2
hsa-miR-199a	FN1	miRNA_target	-1	mechanistic (miRNA repression)	weak	analysed network	4
hsa-miR-199a	HIF1A	miRNA_target	-1	mechanistic (miRNA repression)	strong	analysed network	3
hsa-miR-199a	LOX	miRNA_target	-1	mechanistic (miRNA repression)	weak	analysed network	1
hsa-miR-199a	NFKB1	miRNA_target	-1	mechanistic (miRNA repression)	strong	analysed network	5
hsa-miR-199a	NR1H4	miRNA_target	-1	mechanistic (miRNA repression)	predicted_only	analysed network	1
hsa-miR-199a	PPARA	miRNA_target	-1	mechanistic (miRNA repression)	predicted_only	analysed network	1
hsa-miR-199a	PTPRZ1	miRNA_target	-1	mechanistic (miRNA repression)	weak	analysed network	1
hsa-miR-199a	RELA	miRNA_target	-1	mechanistic (miRNA repression)	strong	analysed network	5
hsa-miR-199a	SERPINE1	miRNA_target	-1	mechanistic (miRNA repression)	predicted_only	analysed network	6
hsa-miR-199a	SRF	miRNA_target	-1	mechanistic (miRNA repression)	predicted_only	analysed network	1
hsa-miR-199a	TWIST1	miRNA_target	-1	mechanistic (miRNA repression)	predicted_only	analysed network	2
hsa-miR-199a	VEGFA	miRNA_target	-1	mechanistic (miRNA repression)	strong	analysed network	6
hsa-miR-200a	BACE1	miRNA_target	-1	mechanistic (miRNA repression)	predicted_only	analysed network	2
hsa-miR-200a	CCND2	miRNA_target	-1	mechanistic (miRNA repression)	weak	analysed network	4
hsa-miR-200a	EPHA2	miRNA_target	-1	mechanistic (miRNA repression)	weak	analysed network	1
hsa-miR-200a	HDAC1	miRNA_target	-1	mechanistic (miRNA repression)	predicted_only	analysed network	2
hsa-miR-200a	HMGCS1	miRNA_target	-1	mechanistic (miRNA repression)	weak	analysed network	1
hsa-miR-200a	MYBL1	miRNA_target	-1	mechanistic (miRNA repression)	weak	analysed network	1
hsa-miR-200a	NFKB1	miRNA_target	-1	mechanistic (miRNA repression)	predicted_only	analysed network	2
hsa-miR-200a	PPP2R2B	miRNA_target	-1	mechanistic (miRNA repression)	predicted_only	analysed network	1
hsa-miR-200a	SMAD3	miRNA_target	-1	mechanistic (miRNA repression)	strong	analysed network	1
hsa-miR-200a	SNAP25	miRNA_target	-1	mechanistic (miRNA repression)	predicted_only	analysed network	1
hsa-miR-200a	SP1	miRNA_target	-1	mechanistic (miRNA repression)	weak	analysed network	5
hsa-miR-200a	TP53	miRNA_target	-1	mechanistic (miRNA repression)	strong	analysed network	1
hsa-miR-200b	ABCA1	miRNA_target	-1	mechanistic (miRNA repression)	predicted_only	analysed network	3
hsa-miR-200b	CITED2	miRNA_target	-1	mechanistic (miRNA repression)	weak	analysed network	1
hsa-miR-200b	DNMT1	miRNA_target	-1	mechanistic (miRNA repression)	strong	analysed network	1
hsa-miR-200b	E2F3	miRNA_target	-1	mechanistic (miRNA repression)	strong	analysed network	1
hsa-miR-200b	EGR1	miRNA_target	-1	mechanistic (miRNA repression)	weak	analysed network	3
hsa-miR-200b	ELK1	miRNA_target	-1	mechanistic (miRNA repression)	predicted_only	analysed network	1
hsa-miR-200b	FN1	miRNA_target	-1	mechanistic (miRNA repression)	strong	analysed network	5
hsa-miR-200b	FOXM1	miRNA_target	-1	mechanistic (miRNA repression)	predicted_only	analysed network	1
hsa-miR-200b	GATA3	miRNA_target	-1	mechanistic (miRNA repression)	predicted_only	analysed network	1
hsa-miR-200b	HDAC1	miRNA_target	-1	mechanistic (miRNA repression)	predicted_only	analysed network	1
hsa-miR-200b	HDAC2	miRNA_target	-1	mechanistic (miRNA repression)	predicted_only	analysed network	1
hsa-miR-200b	HDAC4	miRNA_target	-1	mechanistic (miRNA repression)	predicted_only	analysed network	1
hsa-miR-200b	JUN	miRNA_target	-1	mechanistic (miRNA repression)	strong	analysed network	3
hsa-miR-200b	KLF4	miRNA_target	-1	mechanistic (miRNA repression)	weak	analysed network	1
hsa-miR-200b	KLF5	miRNA_target	-1	mechanistic (miRNA repression)	predicted_only	analysed network	1
hsa-miR-200b	LOX	miRNA_target	-1	mechanistic (miRNA repression)	strong	analysed network	1
hsa-miR-200b	MAP3K1	miRNA_target	-1	mechanistic (miRNA repression)	weak	analysed network	1
hsa-miR-200b	NFKB1	miRNA_target	-1	mechanistic (miRNA repression)	predicted_only	analysed network	4
hsa-miR-200b	NOTCH1	miRNA_target	-1	mechanistic (miRNA repression)	strong	analysed network	1
hsa-miR-200b	PCSK2	miRNA_target	-1	mechanistic (miRNA repression)	predicted_only	analysed network	1
hsa-miR-200b	PTHLH	miRNA_target	-1	mechanistic (miRNA repression)	weak	analysed network	4
hsa-miR-200b	RELA	miRNA_target	-1	mechanistic (miRNA repression)	predicted_only	analysed network	4
hsa-miR-200b	SMAD3	miRNA_target	-1	mechanistic (miRNA repression)	weak	analysed network	3
hsa-miR-200b	SMAD7	miRNA_target	-1	mechanistic (miRNA repression)	weak	analysed network	3
hsa-miR-200b	SNAI1	miRNA_target	-1	mechanistic (miRNA repression)	weak	analysed network	1
hsa-miR-200b	SNAP25	miRNA_target	-1	mechanistic (miRNA repression)	predicted_only	analysed network	1
hsa-miR-200b	SP1	miRNA_target	-1	mechanistic (miRNA repression)	strong	analysed network	5
hsa-miR-200b	TP53	miRNA_target	-1	mechanistic (miRNA repression)	predicted_only	analysed network	1
hsa-miR-200b	TWIST1	miRNA_target	-1	mechanistic (miRNA repression)	predicted_only	analysed network	1
hsa-miR-200b	UGCG	miRNA_target	-1	mechanistic (miRNA repression)	weak	analysed network	1
hsa-miR-200b	VEGFA	miRNA_target	-1	mechanistic (miRNA repression)	strong	analysed network	13
hsa-miR-200c	ABCA1	miRNA_target	-1	mechanistic (miRNA repression)	predicted_only	analysed network	2
hsa-miR-200c	EP300	miRNA_target	-1	mechanistic (miRNA repression)	weak	analysed network	1
hsa-miR-200c	FN1	miRNA_target	-1	mechanistic (miRNA repression)	strong	analysed network	2
hsa-miR-200c	FOXM1	miRNA_target	-1	mechanistic (miRNA repression)	predicted_only	analysed network	1
hsa-miR-200c	GATA3	miRNA_target	-1	mechanistic (miRNA repression)	predicted_only	analysed network	1
hsa-miR-200c	HDAC2	miRNA_target	-1	mechanistic (miRNA repression)	predicted_only	analysed network	1
hsa-miR-200c	JUN	miRNA_target	-1	mechanistic (miRNA repression)	weak	analysed network	3
hsa-miR-200c	KLF4	miRNA_target	-1	mechanistic (miRNA repression)	weak	analysed network	1
hsa-miR-200c	KLF5	miRNA_target	-1	mechanistic (miRNA repression)	predicted_only	analysed network	1
hsa-miR-200c	LOX	miRNA_target	-1	mechanistic (miRNA repression)	weak	analysed network	1
hsa-miR-200c	MAP3K1	miRNA_target	-1	mechanistic (miRNA repression)	weak	analysed network	1
hsa-miR-200c	MYC	miRNA_target	-1	mechanistic (miRNA repression)	weak	analysed network	1
hsa-miR-200c	NOTCH1	miRNA_target	-1	mechanistic (miRNA repression)	strong	analysed network	1
hsa-miR-200c	PTHLH	miRNA_target	-1	mechanistic (miRNA repression)	predicted_only	analysed network	1
hsa-miR-200c	SMAD7	miRNA_target	-1	mechanistic (miRNA repression)	predicted_only	analysed network	1
hsa-miR-200c	SNAI1	miRNA_target	-1	mechanistic (miRNA repression)	weak	analysed network	1
hsa-miR-200c	SNAP25	miRNA_target	-1	mechanistic (miRNA repression)	predicted_only	analysed network	1
hsa-miR-200c	SP1	miRNA_target	-1	mechanistic (miRNA repression)	strong	analysed network	5
hsa-miR-200c	STAT3	miRNA_target	-1	mechanistic (miRNA repression)	predicted_only	analysed network	2
hsa-miR-200c	TP53	miRNA_target	-1	mechanistic (miRNA repression)	predicted_only	analysed network	1
hsa-miR-200c	TWIST1	miRNA_target	-1	mechanistic (miRNA repression)	predicted_only	analysed network	1
hsa-miR-200c	UGCG	miRNA_target	-1	mechanistic (miRNA repression)	weak	analysed network	1
hsa-miR-200c	VEGFA	miRNA_target	-1	mechanistic (miRNA repression)	strong	analysed network	9
hsa-miR-204	CCND2	miRNA_target	-1	mechanistic (miRNA repression)	weak	analysed network	1
hsa-miR-204	STAT3	miRNA_target	-1	mechanistic (miRNA repression)	strong	analysed network	1
hsa-miR-205	BRCA1	miRNA_target	-1	mechanistic (miRNA repression)	strong	analysed network	1
hsa-miR-205	HIF1A	miRNA_target	-1	mechanistic (miRNA repression)	weak	analysed network	1
hsa-miR-205	RELA	miRNA_target	-1	mechanistic (miRNA repression)	predicted_only	analysed network	1
hsa-miR-205	THBS1	miRNA_target	-1	mechanistic (miRNA repression)	weak	analysed network	1
hsa-miR-205	TP53	miRNA_target	-1	mechanistic (miRNA repression)	strong	analysed network	2
hsa-miR-205	VEGFA	miRNA_target	-1	mechanistic (miRNA repression)	strong	analysed network	4
hsa-miR-206	ABCA1	miRNA_target	-1	mechanistic (miRNA repression)	predicted_only	analysed network	1
hsa-miR-206	KLF4	miRNA_target	-1	mechanistic (miRNA repression)	strong	analysed network	1
hsa-miR-206	NR1H3	miRNA_target	-1	mechanistic (miRNA repression)	strong	analysed network	1
hsa-miR-206	VEGFA	miRNA_target	-1	mechanistic (miRNA repression)	strong	analysed network	1
hsa-miR-20b	CCND2	miRNA_target	-1	mechanistic (miRNA repression)	weak	analysed network	3
hsa-miR-20b	CDCA7	miRNA_target	-1	mechanistic (miRNA repression)	weak	analysed network	2
hsa-miR-20b	E2F1	miRNA_target	-1	mechanistic (miRNA repression)	strong	analysed network	2
hsa-miR-20b	EGR1	miRNA_target	-1	mechanistic (miRNA repression)	weak	analysed network	4
hsa-miR-20b	EPAS1	miRNA_target	-1	mechanistic (miRNA repression)	weak	analysed network	1
hsa-miR-20b	ESR1	miRNA_target	-1	mechanistic (miRNA repression)	strong	analysed network	1
hsa-miR-20b	F3	miRNA_target	-1	mechanistic (miRNA repression)	weak	analysed network	1
hsa-miR-20b	MMP2	miRNA_target	-1	mechanistic (miRNA repression)	predicted_only	analysed network	1
hsa-miR-20b	MYC	miRNA_target	-1	mechanistic (miRNA repression)	weak	analysed network	3
hsa-miR-20b	RUNX1	miRNA_target	-1	mechanistic (miRNA repression)	weak	analysed network	2
hsa-miR-20b	TGFBR2	miRNA_target	-1	mechanistic (miRNA repression)	weak	analysed network	1
hsa-miR-20b	TWIST1	miRNA_target	-1	mechanistic (miRNA repression)	weak	analysed network	1
hsa-miR-20b	VEGFA	miRNA_target	-1	mechanistic (miRNA repression)	strong	analysed network	6
hsa-miR-21	EP300	miRNA_target	-1	mechanistic (miRNA repression)	weak	analysed network	1
hsa-miR-21	ETS1	miRNA_target	-1	mechanistic (miRNA repression)	weak	analysed network	1
hsa-miR-21	FGF7	miRNA_target	-1	mechanistic (miRNA repression)	predicted_only	analysed network	3
hsa-miR-21	FOS	miRNA_target	-1	mechanistic (miRNA repression)	weak	analysed network	2
hsa-miR-21	JUN	miRNA_target	-1	mechanistic (miRNA repression)	weak	analysed network	3
hsa-miR-21	KLF4	miRNA_target	-1	mechanistic (miRNA repression)	weak	analysed network	1
hsa-miR-21	MAP3K1	miRNA_target	-1	mechanistic (miRNA repression)	weak	analysed network	1
hsa-miR-21	NFKB1	miRNA_target	-1	mechanistic (miRNA repression)	weak	analysed network	2
hsa-miR-21	NTF3	miRNA_target	-1	mechanistic (miRNA repression)	strong	analysed network	1
hsa-miR-21	RELA	miRNA_target	-1	mechanistic (miRNA repression)	weak	analysed network	2
hsa-miR-21	SMAD3	miRNA_target	-1	mechanistic (miRNA repression)	weak	analysed network	1
hsa-miR-21	SMAD7	miRNA_target	-1	mechanistic (miRNA repression)	strong	analysed network	3
hsa-miR-21	TGFBR2	miRNA_target	-1	mechanistic (miRNA repression)	strong	analysed network	1
hsa-miR-21	THBD	miRNA_target	-1	mechanistic (miRNA repression)	weak	analysed network	4
hsa-miR-212	BACE1	miRNA_target	-1	mechanistic (miRNA repression)	weak	analysed network	1
hsa-miR-212	EGR1	miRNA_target	-1	mechanistic (miRNA repression)	weak	analysed network	2
hsa-miR-212	FGF7	miRNA_target	-1	mechanistic (miRNA repression)	predicted_only	analysed network	1
hsa-miR-212	HBEGF	miRNA_target	-1	mechanistic (miRNA repression)	weak	analysed network	1
hsa-miR-212	NRP1	miRNA_target	-1	mechanistic (miRNA repression)	predicted_only	analysed network	1
hsa-miR-212	RELA	miRNA_target	-1	mechanistic (miRNA repression)	predicted_only	analysed network	4
hsa-miR-212	REST	miRNA_target	-1	mechanistic (miRNA repression)	predicted_only	analysed network	1
hsa-miR-212	SPRY1	miRNA_target	-1	mechanistic (miRNA repression)	weak	analysed network	1
hsa-miR-212	TERT	miRNA_target	-1	mechanistic (miRNA repression)	predicted_only	analysed network	1
hsa-miR-212	TGFBR2	miRNA_target	-1	mechanistic (miRNA repression)	predicted_only	analysed network	1
hsa-miR-214	IGFBP5	miRNA_target	-1	mechanistic (miRNA repression)	weak	analysed network	1
hsa-miR-214	NFKB1	miRNA_target	-1	mechanistic (miRNA repression)	predicted_only	analysed network	1
hsa-miR-214	TFAP2A	miRNA_target	-1	mechanistic (miRNA repression)	weak	analysed network	1
hsa-miR-214	THBD	miRNA_target	-1	mechanistic (miRNA repression)	predicted_only	analysed network	1
hsa-miR-215	TP53	miRNA_target	-1	mechanistic (miRNA repression)	predicted_only	analysed network	1
hsa-miR-215	TYMS	miRNA_target	-1	mechanistic (miRNA repression)	strong	analysed network	1
hsa-miR-216a	AR	miRNA_target	-1	mechanistic (miRNA repression)	predicted_only	analysed network	1
hsa-miR-216a	CDH11	miRNA_target	-1	mechanistic (miRNA repression)	predicted_only	analysed network	1
hsa-miR-218	CTGF	miRNA_target	-1	mechanistic (miRNA repression)	predicted_only	analysed network	2
hsa-miR-218	HIF1A	miRNA_target	-1	mechanistic (miRNA repression)	weak	analysed network	1
hsa-miR-218	STAT3	miRNA_target	-1	mechanistic (miRNA repression)	weak	analysed network	1
hsa-miR-219a	ABCA1	miRNA_target	-1	mechanistic (miRNA repression)	predicted_only	analysed network	1
hsa-miR-219a	EGR1	miRNA_target	-1	mechanistic (miRNA repression)	predicted_only	analysed network	1
hsa-miR-219a	FGF7	miRNA_target	-1	mechanistic (miRNA repression)	predicted_only	analysed network	1
hsa-miR-219a	NFKB1	miRNA_target	-1	mechanistic (miRNA repression)	weak	analysed network	2
hsa-miR-219a	TGFBR2	miRNA_target	-1	mechanistic (miRNA repression)	predicted_only	analysed network	1
hsa-miR-22	CYR61	miRNA_target	-1	mechanistic (miRNA repression)	predicted_only	analysed network	1
hsa-miR-22	SP1	miRNA_target	-1	mechanistic (miRNA repression)	strong	analysed network	1
hsa-miR-22	STAT3	miRNA_target	-1	mechanistic (miRNA repression)	weak	analysed network	1
hsa-miR-22	UGCG	miRNA_target	-1	mechanistic (miRNA repression)	weak	analysed network	1
hsa-miR-221	FOS	miRNA_target	-1	mechanistic (miRNA repression)	strong	analysed network	1
hsa-miR-221	NTF3	miRNA_target	-1	mechanistic (miRNA repression)	predicted_only	analysed network	1
hsa-miR-221	THBS1	miRNA_target	-1	mechanistic (miRNA repression)	weak	analysed network	1
hsa-miR-221	TP53	miRNA_target	-1	mechanistic (miRNA repression)	strong	analysed network	1
hsa-miR-222	FOS	miRNA_target	-1	mechanistic (miRNA repression)	strong	analysed network	1
hsa-miR-222	NTF3	miRNA_target	-1	mechanistic (miRNA repression)	predicted_only	analysed network	1
hsa-miR-222	THBS1	miRNA_target	-1	mechanistic (miRNA repression)	weak	analysed network	1
hsa-miR-222	TP53	miRNA_target	-1	mechanistic (miRNA repression)	strong	analysed network	1
hsa-miR-223	CTSV	miRNA_target	-1	mechanistic (miRNA repression)	predicted_only	analysed network	1
hsa-miR-223	E2F1	miRNA_target	-1	mechanistic (miRNA repression)	strong	analysed network	1
hsa-miR-223	F3	miRNA_target	-1	mechanistic (miRNA repression)	weak	analysed network	1
hsa-miR-223	RELA	miRNA_target	-1	mechanistic (miRNA repression)	predicted_only	analysed network	1
hsa-miR-223	SCARB1	miRNA_target	-1	mechanistic (miRNA repression)	strong	analysed network	1
hsa-miR-223	SPI1	miRNA_target	-1	mechanistic (miRNA repression)	predicted_only	analysed network	1
hsa-miR-224	ASS1	miRNA_target	-1	mechanistic (miRNA repression)	predicted_only	analysed network	1
hsa-miR-224	E2F1	miRNA_target	-1	mechanistic (miRNA repression)	predicted_only	analysed network	1
hsa-miR-224	EPHA2	miRNA_target	-1	mechanistic (miRNA repression)	weak	analysed network	1
hsa-miR-224	HIF1A	miRNA_target	-1	mechanistic (miRNA repression)	predicted_only	analysed network	3
hsa-miR-224	NFKB1	miRNA_target	-1	mechanistic (miRNA repression)	weak	analysed network	1
hsa-miR-224	NR4A1	miRNA_target	-1	mechanistic (miRNA repression)	weak	analysed network	1
hsa-miR-224	RELA	miRNA_target	-1	mechanistic (miRNA repression)	predicted_only	analysed network	1
hsa-miR-224	SERPINE1	miRNA_target	-1	mechanistic (miRNA repression)	weak	analysed network	4
hsa-miR-224	TP53	miRNA_target	-1	mechanistic (miRNA repression)	weak	analysed network	1
hsa-miR-23a	ABCA1	miRNA_target	-1	mechanistic (miRNA repression)	weak	analysed network	2
hsa-miR-23a	CXCL12	miRNA_target	-1	mechanistic (miRNA repression)	strong	analysed network	2
hsa-miR-23a	EGR1	miRNA_target	-1	mechanistic (miRNA repression)	weak	analysed network	3
hsa-miR-23a	ELF4	miRNA_target	-1	mechanistic (miRNA repression)	weak	analysed network	1
hsa-miR-23a	EZH2	miRNA_target	-1	mechanistic (miRNA repression)	weak	analysed network	1
hsa-miR-23a	FAS	miRNA_target	-1	mechanistic (miRNA repression)	strong	analysed network	5
hsa-miR-23a	FBN1	miRNA_target	-1	mechanistic (miRNA repression)	weak	analysed network	1
hsa-miR-23a	FBXO32	miRNA_target	-1	mechanistic (miRNA repression)	weak	analysed network	1
hsa-miR-23a	FOS	miRNA_target	-1	mechanistic (miRNA repression)	weak	analysed network	2
hsa-miR-23a	GJA1	miRNA_target	-1	mechanistic (miRNA repression)	strong	analysed network	2
hsa-miR-23a	HIF1A	miRNA_target	-1	mechanistic (miRNA repression)	weak	analysed network	2
hsa-miR-23a	ID4	miRNA_target	-1	mechanistic (miRNA repression)	weak	analysed network	1
hsa-miR-23a	JUN	miRNA_target	-1	mechanistic (miRNA repression)	predicted_only	analysed network	4
hsa-miR-23a	MAP3K1	miRNA_target	-1	mechanistic (miRNA repression)	weak	analysed network	1
hsa-miR-23a	MET	miRNA_target	-1	mechanistic (miRNA repression)	weak	analysed network	2
hsa-miR-23a	OXTR	miRNA_target	-1	mechanistic (miRNA repression)	weak	analysed network	4
hsa-miR-23a	PTGER4	miRNA_target	-1	mechanistic (miRNA repression)	weak	analysed network	1
hsa-miR-23a	RELA	miRNA_target	-1	mechanistic (miRNA repression)	weak	analysed network	5
hsa-miR-23a	SP1	miRNA_target	-1	mechanistic (miRNA repression)	weak	analysed network	9
hsa-miR-23a	SPRY1	miRNA_target	-1	mechanistic (miRNA repression)	weak	analysed network	1
hsa-miR-23a	TGFBR2	miRNA_target	-1	mechanistic (miRNA repression)	weak	analysed network	2
hsa-miR-23b	ABCA1	miRNA_target	-1	mechanistic (miRNA repression)	weak	analysed network	4
hsa-miR-23b	CXCL12	miRNA_target	-1	mechanistic (miRNA repression)	weak	analysed network	3
hsa-miR-23b	E2F1	miRNA_target	-1	mechanistic (miRNA repression)	weak	analysed network	1
hsa-miR-23b	ELF4	miRNA_target	-1	mechanistic (miRNA repression)	weak	analysed network	2
hsa-miR-23b	FAS	miRNA_target	-1	mechanistic (miRNA repression)	predicted_only	analysed network	6
hsa-miR-23b	FBN1	miRNA_target	-1	mechanistic (miRNA repression)	weak	analysed network	1
hsa-miR-23b	GJA1	miRNA_target	-1	mechanistic (miRNA repression)	strong	analysed network	2
hsa-miR-23b	HIC1	miRNA_target	-1	mechanistic (miRNA repression)	weak	analysed network	1
hsa-miR-23b	HIF1A	miRNA_target	-1	mechanistic (miRNA repression)	weak	analysed network	2
hsa-miR-23b	ID4	miRNA_target	-1	mechanistic (miRNA repression)	weak	analysed network	1
hsa-miR-23b	IL11	miRNA_target	-1	mechanistic (miRNA repression)	predicted_only	analysed network	1
hsa-miR-23b	JUN	miRNA_target	-1	mechanistic (miRNA repression)	weak	analysed network	4
hsa-miR-23b	MAP3K1	miRNA_target	-1	mechanistic (miRNA repression)	strong	analysed network	1
hsa-miR-23b	MET	miRNA_target	-1	mechanistic (miRNA repression)	strong	analysed network	3
hsa-miR-23b	NFKB1	miRNA_target	-1	mechanistic (miRNA repression)	predicted_only	analysed network	4
hsa-miR-23b	OXTR	miRNA_target	-1	mechanistic (miRNA repression)	predicted_only	analysed network	3
hsa-miR-23b	PTGER4	miRNA_target	-1	mechanistic (miRNA repression)	weak	analysed network	2
hsa-miR-23b	RELA	miRNA_target	-1	mechanistic (miRNA repression)	weak	analysed network	5
hsa-miR-23b	SP1	miRNA_target	-1	mechanistic (miRNA repression)	weak	analysed network	9
hsa-miR-23b	STAT3	miRNA_target	-1	mechanistic (miRNA repression)	weak	analysed network	3
hsa-miR-23b	TGFBR2	miRNA_target	-1	mechanistic (miRNA repression)	strong	analysed network	1
hsa-miR-23b	TP53	miRNA_target	-1	mechanistic (miRNA repression)	predicted_only	analysed network	3
hsa-miR-24	BACE1	miRNA_target	-1	mechanistic (miRNA repression)	weak	analysed network	4
hsa-miR-24	E2F1	miRNA_target	-1	mechanistic (miRNA repression)	strong	analysed network	1
hsa-miR-24	EGR1	miRNA_target	-1	mechanistic (miRNA repression)	weak	analysed network	1
hsa-miR-24	EPAS1	miRNA_target	-1	mechanistic (miRNA repression)	weak	analysed network	1
hsa-miR-24	FURIN	miRNA_target	-1	mechanistic (miRNA repression)	strong	analysed network	1
hsa-miR-24	GATA1	miRNA_target	-1	mechanistic (miRNA repression)	predicted_only	analysed network	2
hsa-miR-24	HIC1	miRNA_target	-1	mechanistic (miRNA repression)	predicted_only	analysed network	1
hsa-miR-24	HIF1A	miRNA_target	-1	mechanistic (miRNA repression)	weak	analysed network	1
hsa-miR-24	LOX	miRNA_target	-1	mechanistic (miRNA repression)	weak	analysed network	1
hsa-miR-24	MAPK7	miRNA_target	-1	mechanistic (miRNA repression)	strong	analysed network	1
hsa-miR-24	MEF2A	miRNA_target	-1	mechanistic (miRNA repression)	weak	analysed network	1
hsa-miR-24	MMP14	miRNA_target	-1	mechanistic (miRNA repression)	strong	analysed network	6
hsa-miR-24	NFKB1	miRNA_target	-1	mechanistic (miRNA repression)	weak	analysed network	3
hsa-miR-24	PTGER4	miRNA_target	-1	mechanistic (miRNA repression)	predicted_only	analysed network	2
hsa-miR-24	RELA	miRNA_target	-1	mechanistic (miRNA repression)	weak	analysed network	3
hsa-miR-24	SP1	miRNA_target	-1	mechanistic (miRNA repression)	strong	analysed network	3
hsa-miR-24	STAT3	miRNA_target	-1	mechanistic (miRNA repression)	weak	analysed network	2
hsa-miR-24	UCP2	miRNA_target	-1	mechanistic (miRNA repression)	predicted_only	analysed network	1
hsa-miR-24	UGCG	miRNA_target	-1	mechanistic (miRNA repression)	weak	analysed network	1
hsa-miR-25	CD2AP	miRNA_target	-1	mechanistic (miRNA repression)	weak	analysed network	1
hsa-miR-25	DKK3	miRNA_target	-1	mechanistic (miRNA repression)	weak	analysed network	1
hsa-miR-25	E2F1	miRNA_target	-1	mechanistic (miRNA repression)	weak	analysed network	2
hsa-miR-25	FMN2	miRNA_target	-1	mechanistic (miRNA repression)	weak	analysed network	1
hsa-miR-25	GRHL1	miRNA_target	-1	mechanistic (miRNA repression)	weak	analysed network	1
hsa-miR-25	JUN	miRNA_target	-1	mechanistic (miRNA repression)	weak	analysed network	1
hsa-miR-25	MYCN	miRNA_target	-1	mechanistic (miRNA repression)	predicted_only	analysed network	2
hsa-miR-25	SMAD7	miRNA_target	-1	mechanistic (miRNA repression)	strong	analysed network	1
hsa-miR-26a	ABCA1	miRNA_target	-1	mechanistic (miRNA repression)	strong	analysed network	1
hsa-miR-26a	CCND2	miRNA_target	-1	mechanistic (miRNA repression)	strong	analysed network	3
hsa-miR-26a	CTGF	miRNA_target	-1	mechanistic (miRNA repression)	predicted_only	analysed network	2
hsa-miR-26a	EPAS1	miRNA_target	-1	mechanistic (miRNA repression)	predicted_only	analysed network	1
hsa-miR-26a	EPHA2	miRNA_target	-1	mechanistic (miRNA repression)	weak	analysed network	1
hsa-miR-26a	HIF1A	miRNA_target	-1	mechanistic (miRNA repression)	weak	analysed network	1
hsa-miR-26a	LTBP1	miRNA_target	-1	mechanistic (miRNA repression)	weak	analysed network	1
hsa-miR-26a	MMP14	miRNA_target	-1	mechanistic (miRNA repression)	weak	analysed network	2
hsa-miR-26a	MYC	miRNA_target	-1	mechanistic (miRNA repression)	strong	analysed network	1
hsa-miR-26a	SMAD3	miRNA_target	-1	mechanistic (miRNA repression)	weak	analysed network	1
hsa-miR-26a	STAT3	miRNA_target	-1	mechanistic (miRNA repression)	weak	analysed network	5
hsa-miR-26a	TP53	miRNA_target	-1	mechanistic (miRNA repression)	predicted_only	analysed network	1
hsa-miR-26b	CCND2	miRNA_target	-1	mechanistic (miRNA repression)	strong	analysed network	1
hsa-miR-26b	EPAS1	miRNA_target	-1	mechanistic (miRNA repression)	weak	analysed network	1
hsa-miR-26b	MMP14	miRNA_target	-1	mechanistic (miRNA repression)	predicted_only	analysed network	1
hsa-miR-26b	MYC	miRNA_target	-1	mechanistic (miRNA repression)	weak	analysed network	1
hsa-miR-27a	ABCA1	miRNA_target	-1	mechanistic (miRNA repression)	strong	analysed network	2
hsa-miR-27a	AR	miRNA_target	-1	mechanistic (miRNA repression)	weak	analysed network	2
hsa-miR-27a	BACE1	miRNA_target	-1	mechanistic (miRNA repression)	weak	analysed network	3
hsa-miR-27a	CD2AP	miRNA_target	-1	mechanistic (miRNA repression)	weak	analysed network	1
hsa-miR-27a	CDH11	miRNA_target	-1	mechanistic (miRNA repression)	weak	analysed network	1
hsa-miR-27a	EGR1	miRNA_target	-1	mechanistic (miRNA repression)	weak	analysed network	3
hsa-miR-27a	EZH2	miRNA_target	-1	mechanistic (miRNA repression)	strong	analysed network	1
hsa-miR-27a	F3	miRNA_target	-1	mechanistic (miRNA repression)	weak	analysed network	3
hsa-miR-27a	FBXO32	miRNA_target	-1	mechanistic (miRNA repression)	predicted_only	analysed network	1
hsa-miR-27a	FN1	miRNA_target	-1	mechanistic (miRNA repression)	weak	analysed network	4
hsa-miR-27a	GATA1	miRNA_target	-1	mechanistic (miRNA repression)	predicted_only	analysed network	1
hsa-miR-27a	HBEGF	miRNA_target	-1	mechanistic (miRNA repression)	weak	analysed network	3
hsa-miR-27a	HIF1A	miRNA_target	-1	mechanistic (miRNA repression)	strong	analysed network	3
hsa-miR-27a	ID4	miRNA_target	-1	mechanistic (miRNA repression)	weak	analysed network	1
hsa-miR-27a	IER3	miRNA_target	-1	mechanistic (miRNA repression)	weak	analysed network	3
hsa-miR-27a	ITGA5	miRNA_target	-1	mechanistic (miRNA repression)	weak	analysed network	1
hsa-miR-27a	LOX	miRNA_target	-1	mechanistic (miRNA repression)	weak	analysed network	1
hsa-miR-27a	LPL	miRNA_target	-1	mechanistic (miRNA repression)	weak	analysed network	2
hsa-miR-27a	MET	miRNA_target	-1	mechanistic (miRNA repression)	strong	analysed network	3
hsa-miR-27a	MYC	miRNA_target	-1	mechanistic (miRNA repression)	weak	analysed network	1
hsa-miR-27a	MYCN	miRNA_target	-1	mechanistic (miRNA repression)	predicted_only	analysed network	1
hsa-miR-27a	NGFR	miRNA_target	-1	mechanistic (miRNA repression)	predicted_only	analysed network	1
hsa-miR-27a	RELA	miRNA_target	-1	mechanistic (miRNA repression)	weak	analysed network	7
hsa-miR-27a	RUNX2	miRNA_target	-1	mechanistic (miRNA repression)	strong	analysed network	1
hsa-miR-27a	SNAP25	miRNA_target	-1	mechanistic (miRNA repression)	strong	analysed network	1
hsa-miR-27a	SP1	miRNA_target	-1	mechanistic (miRNA repression)	strong	analysed network	12
hsa-miR-27a	TGFBR2	miRNA_target	-1	mechanistic (miRNA repression)	strong	analysed network	2
hsa-miR-27a	TP53	miRNA_target	-1	mechanistic (miRNA repression)	strong	analysed network	2
hsa-miR-27a	TWIST1	miRNA_target	-1	mechanistic (miRNA repression)	weak	analysed network	1
hsa-miR-27a	UGCG	miRNA_target	-1	mechanistic (miRNA repression)	weak	analysed network	1
hsa-miR-27a	VEGFC	miRNA_target	-1	mechanistic (miRNA repression)	weak	analysed network	1
hsa-miR-27b	ABCA1	miRNA_target	-1	mechanistic (miRNA repression)	strong	analysed network	3
hsa-miR-27b	BACE1	miRNA_target	-1	mechanistic (miRNA repression)	weak	analysed network	2
hsa-miR-27b	CD2AP	miRNA_target	-1	mechanistic (miRNA repression)	weak	analysed network	1
hsa-miR-27b	E2F1	miRNA_target	-1	mechanistic (miRNA repression)	weak	analysed network	3
hsa-miR-27b	F3	miRNA_target	-1	mechanistic (miRNA repression)	weak	analysed network	2
hsa-miR-27b	FN1	miRNA_target	-1	mechanistic (miRNA repression)	weak	analysed network	2
hsa-miR-27b	HBEGF	miRNA_target	-1	mechanistic (miRNA repression)	predicted_only	analysed network	2
hsa-miR-27b	HIC1	miRNA_target	-1	mechanistic (miRNA repression)	weak	analysed network	1
hsa-miR-27b	IER3	miRNA_target	-1	mechanistic (miRNA repression)	weak	analysed network	3
hsa-miR-27b	LPL	miRNA_target	-1	mechanistic (miRNA repression)	weak	analysed network	2
hsa-miR-27b	MET	miRNA_target	-1	mechanistic (miRNA repression)	strong	analysed network	1
hsa-miR-27b	MYCN	miRNA_target	-1	mechanistic (miRNA repression)	predicted_only	analysed network	1
hsa-miR-27b	NFKB1	miRNA_target	-1	mechanistic (miRNA repression)	weak	analysed network	7
hsa-miR-27b	NGFR	miRNA_target	-1	mechanistic (miRNA repression)	predicted_only	analysed network	1
hsa-miR-27b	PEG10	miRNA_target	-1	mechanistic (miRNA repression)	weak	analysed network	1
hsa-miR-27b	RELA	miRNA_target	-1	mechanistic (miRNA repression)	weak	analysed network	7
hsa-miR-27b	STAT3	miRNA_target	-1	mechanistic (miRNA repression)	weak	analysed network	1
hsa-miR-27b	TP53	miRNA_target	-1	mechanistic (miRNA repression)	weak	analysed network	2
hsa-miR-296	MYCN	miRNA_target	-1	mechanistic (miRNA repression)	predicted_only	analysed network	1
hsa-miR-296	NGFR	miRNA_target	-1	mechanistic (miRNA repression)	strong	analysed network	1
hsa-miR-29a	BACE1	miRNA_target	-1	mechanistic (miRNA repression)	strong	analysed network	1
hsa-miR-29a	CCND2	miRNA_target	-1	mechanistic (miRNA repression)	strong	analysed network	4
hsa-miR-29a	CEBPA	miRNA_target	-1	mechanistic (miRNA repression)	predicted_only	analysed network	1
hsa-miR-29a	COL1A1	miRNA_target	-1	mechanistic (miRNA repression)	weak	analysed network	1
hsa-miR-29a	COL7A1	miRNA_target	-1	mechanistic (miRNA repression)	weak	analysed network	1
hsa-miR-29a	E2F1	miRNA_target	-1	mechanistic (miRNA repression)	weak	analysed network	3
hsa-miR-29a	ETV4	miRNA_target	-1	mechanistic (miRNA repression)	weak	analysed network	2
hsa-miR-29a	FOS	miRNA_target	-1	mechanistic (miRNA repression)	weak	analysed network	1
hsa-miR-29a	HBEGF	miRNA_target	-1	mechanistic (miRNA repression)	weak	analysed network	1
hsa-miR-29a	HDAC4	miRNA_target	-1	mechanistic (miRNA repression)	weak	analysed network	1
hsa-miR-29a	ID1	miRNA_target	-1	mechanistic (miRNA repression)	weak	analysed network	2
hsa-miR-29a	LPL	miRNA_target	-1	mechanistic (miRNA repression)	strong	analysed network	1
hsa-miR-29a	MMP2	miRNA_target	-1	mechanistic (miRNA repression)	strong	analysed network	4
hsa-miR-29a	MYBL2	miRNA_target	-1	mechanistic (miRNA repression)	weak	analysed network	1
hsa-miR-29a	MYC	miRNA_target	-1	mechanistic (miRNA repression)	strong	analysed network	2
hsa-miR-29a	NFKB1	miRNA_target	-1	mechanistic (miRNA repression)	weak	analysed network	10
hsa-miR-29a	NR1H4	miRNA_target	-1	mechanistic (miRNA repression)	predicted_only	analysed network	1
hsa-miR-29a	OXTR	miRNA_target	-1	mechanistic (miRNA repression)	predicted_only	analysed network	1
hsa-miR-29a	PDGFRB	miRNA_target	-1	mechanistic (miRNA repression)	strong	analysed network	1
hsa-miR-29a	PEG10	miRNA_target	-1	mechanistic (miRNA repression)	weak	analysed network	1
hsa-miR-29a	PTHLH	miRNA_target	-1	mechanistic (miRNA repression)	predicted_only	analysed network	1
hsa-miR-29a	STAT1	miRNA_target	-1	mechanistic (miRNA repression)	weak	analysed network	1
hsa-miR-29a	STAT3	miRNA_target	-1	mechanistic (miRNA repression)	weak	analysed network	3
hsa-miR-29a	TBX21	miRNA_target	-1	mechanistic (miRNA repression)	predicted_only	analysed network	2
hsa-miR-29a	TP53	miRNA_target	-1	mechanistic (miRNA repression)	strong	analysed network	4
hsa-miR-29a	VEGFA	miRNA_target	-1	mechanistic (miRNA repression)	strong	analysed network	7
hsa-miR-29b	ADA	miRNA_target	-1	mechanistic (miRNA repression)	weak	analysed network	1
hsa-miR-29b	BACE1	miRNA_target	-1	mechanistic (miRNA repression)	strong	analysed network	2
hsa-miR-29b	CCND2	miRNA_target	-1	mechanistic (miRNA repression)	strong	analysed network	6
hsa-miR-29b	CEBPA	miRNA_target	-1	mechanistic (miRNA repression)	predicted_only	analysed network	1
hsa-miR-29b	COL1A1	miRNA_target	-1	mechanistic (miRNA repression)	strong	analysed network	2
hsa-miR-29b	COL7A1	miRNA_target	-1	mechanistic (miRNA repression)	weak	analysed network	3
hsa-miR-29b	EPAS1	miRNA_target	-1	mechanistic (miRNA repression)	weak	analysed network	1
hsa-miR-29b	ETV4	miRNA_target	-1	mechanistic (miRNA repression)	weak	analysed network	2
hsa-miR-29b	FBN1	miRNA_target	-1	mechanistic (miRNA repression)	strong	analysed network	1
hsa-miR-29b	FOS	miRNA_target	-1	mechanistic (miRNA repression)	strong	analysed network	1
hsa-miR-29b	FOSL1	miRNA_target	-1	mechanistic (miRNA repression)	weak	analysed network	2
hsa-miR-29b	GATA3	miRNA_target	-1	mechanistic (miRNA repression)	strong	analysed network	1
hsa-miR-29b	HBEGF	miRNA_target	-1	mechanistic (miRNA repression)	weak	analysed network	3
hsa-miR-29b	HDAC4	miRNA_target	-1	mechanistic (miRNA repression)	strong	analysed network	1
hsa-miR-29b	HIF1A	miRNA_target	-1	mechanistic (miRNA repression)	weak	analysed network	4
hsa-miR-29b	ID1	miRNA_target	-1	mechanistic (miRNA repression)	weak	analysed network	1
hsa-miR-29b	JUND	miRNA_target	-1	mechanistic (miRNA repression)	strong	analysed network	1
hsa-miR-29b	LOX	miRNA_target	-1	mechanistic (miRNA repression)	strong	analysed network	2
hsa-miR-29b	LPL	miRNA_target	-1	mechanistic (miRNA repression)	weak	analysed network	2
hsa-miR-29b	MMP2	miRNA_target	-1	mechanistic (miRNA repression)	strong	analysed network	7
hsa-miR-29b	MYBL2	miRNA_target	-1	mechanistic (miRNA repression)	strong	analysed network	1
hsa-miR-29b	MYC	miRNA_target	-1	mechanistic (miRNA repression)	strong	analysed network	2
hsa-miR-29b	NFKB1	miRNA_target	-1	mechanistic (miRNA repression)	weak	analysed network	10
hsa-miR-29b	OXTR	miRNA_target	-1	mechanistic (miRNA repression)	predicted_only	analysed network	2
hsa-miR-29b	PTHLH	miRNA_target	-1	mechanistic (miRNA repression)	weak	analysed network	3
hsa-miR-29b	SMAD3	miRNA_target	-1	mechanistic (miRNA repression)	strong	analysed network	4
hsa-miR-29b	SP1	miRNA_target	-1	mechanistic (miRNA repression)	strong	analysed network	14
hsa-miR-29b	SRF	miRNA_target	-1	mechanistic (miRNA repression)	weak	analysed network	2
hsa-miR-29b	STAT3	miRNA_target	-1	mechanistic (miRNA repression)	strong	analysed network	3
hsa-miR-29b	TBX21	miRNA_target	-1	mechanistic (miRNA repression)	strong	analysed network	2
hsa-miR-29b	VEGFA	miRNA_target	-1	mechanistic (miRNA repression)	strong	analysed network	8
hsa-miR-29b	YBX1	miRNA_target	-1	mechanistic (miRNA repression)	weak	analysed network	1
hsa-miR-29c	ADA	miRNA_target	-1	mechanistic (miRNA repression)	weak	analysed network	1
hsa-miR-29c	BACE1	miRNA_target	-1	mechanistic (miRNA repression)	strong	analysed network	3
hsa-miR-29c	CCND2	miRNA_target	-1	mechanistic (miRNA repression)	strong	analysed network	6
hsa-miR-29c	COL1A1	miRNA_target	-1	mechanistic (miRNA repression)	strong	analysed network	3
hsa-miR-29c	COL7A1	miRNA_target	-1	mechanistic (miRNA repression)	strong	analysed network	3
hsa-miR-29c	EPAS1	miRNA_target	-1	mechanistic (miRNA repression)	weak	analysed network	1
hsa-miR-29c	ETV4	miRNA_target	-1	mechanistic (miRNA repression)	weak	analysed network	2
hsa-miR-29c	FBN1	miRNA_target	-1	mechanistic (miRNA repression)	strong	analysed network	1
hsa-miR-29c	FOS	miRNA_target	-1	mechanistic (miRNA repression)	weak	analysed network	1
hsa-miR-29c	HBEGF	miRNA_target	-1	mechanistic (miRNA repression)	weak	analysed network	4
hsa-miR-29c	HDAC4	miRNA_target	-1	mechanistic (miRNA repression)	weak	analysed network	1
hsa-miR-29c	HIF1A	miRNA_target	-1	mechanistic (miRNA repression)	weak	analysed network	4
hsa-miR-29c	LOX	miRNA_target	-1	mechanistic (miRNA repression)	strong	analysed network	1
hsa-miR-29c	LPL	miRNA_target	-1	mechanistic (miRNA repression)	weak	analysed network	3
hsa-miR-29c	MMP2	miRNA_target	-1	mechanistic (miRNA repression)	strong	analysed network	6
hsa-miR-29c	MYBL2	miRNA_target	-1	mechanistic (miRNA repression)	weak	analysed network	1
hsa-miR-29c	MYC	miRNA_target	-1	mechanistic (miRNA repression)	weak	analysed network	2
hsa-miR-29c	NFKB1	miRNA_target	-1	mechanistic (miRNA repression)	weak	analysed network	10
hsa-miR-29c	OXTR	miRNA_target	-1	mechanistic (miRNA repression)	predicted_only	analysed network	3
hsa-miR-29c	PTHLH	miRNA_target	-1	mechanistic (miRNA repression)	weak	analysed network	3
hsa-miR-29c	RELA	miRNA_target	-1	mechanistic (miRNA repression)	weak	analysed network	11
hsa-miR-29c	SP1	miRNA_target	-1	mechanistic (miRNA repression)	strong	analysed network	14
hsa-miR-29c	STAT3	miRNA_target	-1	mechanistic (miRNA repression)	weak	analysed network	3
hsa-miR-29c	TBX21	miRNA_target	-1	mechanistic (miRNA repression)	predicted_only	analysed network	3
hsa-miR-29c	VEGFA	miRNA_target	-1	mechanistic (miRNA repression)	strong	analysed network	8
hsa-miR-300	ID1	miRNA_target	-1	mechanistic (miRNA repression)	predicted_only	analysed network	1
hsa-miR-300	THBS1	miRNA_target	-1	mechanistic (miRNA repression)	predicted_only	analysed network	1
hsa-miR-300	TP53	miRNA_target	-1	mechanistic (miRNA repression)	strong	analysed network	2
hsa-miR-301a	ABCA1	miRNA_target	-1	mechanistic (miRNA repression)	weak	analysed network	1
hsa-miR-301a	EDN1	miRNA_target	-1	mechanistic (miRNA repression)	weak	analysed network	2
hsa-miR-301a	F3	miRNA_target	-1	mechanistic (miRNA repression)	weak	analysed network	1
hsa-miR-301a	HIF1A	miRNA_target	-1	mechanistic (miRNA repression)	weak	analysed network	2
hsa-miR-301a	MET	miRNA_target	-1	mechanistic (miRNA repression)	weak	analysed network	1
hsa-miR-301a	NFKB1	miRNA_target	-1	mechanistic (miRNA repression)	weak	analysed network	3
hsa-miR-301b	EGR1	miRNA_target	-1	mechanistic (miRNA repression)	predicted_only	analysed network	2
hsa-miR-301b	F3	miRNA_target	-1	mechanistic (miRNA repression)	weak	analysed network	1
hsa-miR-301b	TGFBR2	miRNA_target	-1	mechanistic (miRNA repression)	weak	analysed network	1
hsa-miR-302a	DKK1	miRNA_target	-1	mechanistic (miRNA repression)	weak	analysed network	3
hsa-miR-302a	EPAS1	miRNA_target	-1	mechanistic (miRNA repression)	predicted_only	analysed network	1
hsa-miR-302a	NANOG	miRNA_target	-1	mechanistic (miRNA repression)	strong	analysed network	1
hsa-miR-302a	POU5F1	miRNA_target	-1	mechanistic (miRNA repression)	predicted_only	analysed network	1
hsa-miR-302a	SOX2	miRNA_target	-1	mechanistic (miRNA repression)	predicted_only	analysed network	1
hsa-miR-302a	VEGFA	miRNA_target	-1	mechanistic (miRNA repression)	weak	analysed network	1
hsa-miR-302b	DKK1	miRNA_target	-1	mechanistic (miRNA repression)	predicted_only	analysed network	3
hsa-miR-302b	EPAS1	miRNA_target	-1	mechanistic (miRNA repression)	predicted_only	analysed network	1
hsa-miR-302b	NANOG	miRNA_target	-1	mechanistic (miRNA repression)	predicted_only	analysed network	1
hsa-miR-302b	POU5F1	miRNA_target	-1	mechanistic (miRNA repression)	predicted_only	analysed network	1
hsa-miR-302b	SOX2	miRNA_target	-1	mechanistic (miRNA repression)	predicted_only	analysed network	1
hsa-miR-302b	VEGFA	miRNA_target	-1	mechanistic (miRNA repression)	predicted_only	analysed network	1
hsa-miR-302c	DKK1	miRNA_target	-1	mechanistic (miRNA repression)	predicted_only	analysed network	3
hsa-miR-302c	EPAS1	miRNA_target	-1	mechanistic (miRNA repression)	predicted_only	analysed network	1
hsa-miR-302c	NANOG	miRNA_target	-1	mechanistic (miRNA repression)	predicted_only	analysed network	1
hsa-miR-302c	POU5F1	miRNA_target	-1	mechanistic (miRNA repression)	predicted_only	analysed network	1
hsa-miR-302c	SOX2	miRNA_target	-1	mechanistic (miRNA repression)	predicted_only	analysed network	1
hsa-miR-302c	VEGFA	miRNA_target	-1	mechanistic (miRNA repression)	predicted_only	analysed network	1
hsa-miR-302d	DKK1	miRNA_target	-1	mechanistic (miRNA repression)	predicted_only	analysed network	3
hsa-miR-302d	EPAS1	miRNA_target	-1	mechanistic (miRNA repression)	predicted_only	analysed network	1
hsa-miR-302d	NANOG	miRNA_target	-1	mechanistic (miRNA repression)	predicted_only	analysed network	1
hsa-miR-302d	POU5F1	miRNA_target	-1	mechanistic (miRNA repression)	predicted_only	analysed network	1
hsa-miR-302d	SOX2	miRNA_target	-1	mechanistic (miRNA repression)	predicted_only	analysed network	1
hsa-miR-302d	VEGFA	miRNA_target	-1	mechanistic (miRNA repression)	strong	analysed network	1
hsa-miR-30a	CDCA7	miRNA_target	-1	mechanistic (miRNA repression)	weak	analysed network	1
hsa-miR-30a	ESR2	miRNA_target	-1	mechanistic (miRNA repression)	strong	analysed network	1
hsa-miR-30a	EZH2	miRNA_target	-1	mechanistic (miRNA repression)	weak	analysed network	1
hsa-miR-30a	FBXO32	miRNA_target	-1	mechanistic (miRNA repression)	weak	analysed network	1
hsa-miR-30a	MYC	miRNA_target	-1	mechanistic (miRNA repression)	weak	analysed network	1
hsa-miR-30a	SERPINE1	miRNA_target	-1	mechanistic (miRNA repression)	weak	analysed network	1
hsa-miR-30b	CDCA7	miRNA_target	-1	mechanistic (miRNA repression)	weak	analysed network	1
hsa-miR-30b	EPAS1	miRNA_target	-1	mechanistic (miRNA repression)	weak	analysed network	1
hsa-miR-30b	EZH2	miRNA_target	-1	mechanistic (miRNA repression)	weak	analysed network	1
hsa-miR-30b	FBXO32	miRNA_target	-1	mechanistic (miRNA repression)	predicted_only	analysed network	1
hsa-miR-30b	HIF1A	miRNA_target	-1	mechanistic (miRNA repression)	weak	analysed network	4
hsa-miR-30b	LOX	miRNA_target	-1	mechanistic (miRNA repression)	predicted_only	analysed network	1
hsa-miR-30b	MYC	miRNA_target	-1	mechanistic (miRNA repression)	weak	analysed network	1
hsa-miR-30b	NFKB1	miRNA_target	-1	mechanistic (miRNA repression)	weak	analysed network	1
hsa-miR-30b	NT5E	miRNA_target	-1	mechanistic (miRNA repression)	weak	analysed network	1
hsa-miR-30b	OXTR	miRNA_target	-1	mechanistic (miRNA repression)	predicted_only	analysed network	1
hsa-miR-30b	RELA	miRNA_target	-1	mechanistic (miRNA repression)	weak	analysed network	2
hsa-miR-30b	SERPINE1	miRNA_target	-1	mechanistic (miRNA repression)	strong	analysed network	4
hsa-miR-30b	VIM	miRNA_target	-1	mechanistic (miRNA repression)	weak	analysed network	1
hsa-miR-30c	NFKB1	miRNA_target	-1	mechanistic (miRNA repression)	weak	analysed network	1
hsa-miR-30c	SERPINE1	miRNA_target	-1	mechanistic (miRNA repression)	strong	analysed network	1
hsa-miR-30d	CDCA7	miRNA_target	-1	mechanistic (miRNA repression)	weak	analysed network	1
hsa-miR-30d	EPAS1	miRNA_target	-1	mechanistic (miRNA repression)	weak	analysed network	1
hsa-miR-30d	EZH2	miRNA_target	-1	mechanistic (miRNA repression)	strong	analysed network	1
hsa-miR-30d	FBXO32	miRNA_target	-1	mechanistic (miRNA repression)	weak	analysed network	1
hsa-miR-30d	FST	miRNA_target	-1	mechanistic (miRNA repression)	weak	analysed network	1
hsa-miR-30d	GRHL1	miRNA_target	-1	mechanistic (miRNA repression)	weak	analysed network	1
hsa-miR-30d	HDAC3	miRNA_target	-1	mechanistic (miRNA repression)	predicted_only	analysed network	1
hsa-miR-30d	HIF1A	miRNA_target	-1	mechanistic (miRNA repression)	weak	analysed network	4
hsa-miR-30d	LOX	miRNA_target	-1	mechanistic (miRNA repression)	weak	analysed network	1
hsa-miR-30d	MYC	miRNA_target	-1	mechanistic (miRNA repression)	weak	analysed network	1
hsa-miR-30d	NT5E	miRNA_target	-1	mechanistic (miRNA repression)	weak	analysed network	1
hsa-miR-30d	SERPINE1	miRNA_target	-1	mechanistic (miRNA repression)	weak	analysed network	3
hsa-miR-30d	SMAD3	miRNA_target	-1	mechanistic (miRNA repression)	weak	analysed network	2
hsa-miR-30d	VIM	miRNA_target	-1	mechanistic (miRNA repression)	weak	analysed network	1
hsa-miR-30e	CTNNB1	miRNA_target	-1	mechanistic (miRNA repression)	weak	analysed network	2
hsa-miR-30e	CYLD	miRNA_target	-1	mechanistic (miRNA repression)	predicted_only	analysed network	1
hsa-miR-30e	FST	miRNA_target	-1	mechanistic (miRNA repression)	weak	analysed network	1
hsa-miR-30e	LEF1	miRNA_target	-1	mechanistic (miRNA repression)	predicted_only	analysed network	2
hsa-miR-30e	NT5E	miRNA_target	-1	mechanistic (miRNA repression)	weak	analysed network	1
hsa-miR-30e	VIM	miRNA_target	-1	mechanistic (miRNA repression)	weak	analysed network	1
hsa-miR-31	FGF7	miRNA_target	-1	mechanistic (miRNA repression)	predicted_only	analysed network	1
hsa-miR-31	JUN	miRNA_target	-1	mechanistic (miRNA repression)	weak	analysed network	2
hsa-miR-31	MAP3K1	miRNA_target	-1	mechanistic (miRNA repression)	predicted_only	analysed network	1
hsa-miR-32	AR	miRNA_target	-1	mechanistic (miRNA repression)	predicted_only	analysed network	1
hsa-miR-32	CACNA1H	miRNA_target	-1	mechanistic (miRNA repression)	weak	analysed network	1
hsa-miR-32	EGR1	miRNA_target	-1	mechanistic (miRNA repression)	weak	analysed network	1
hsa-miR-32	PMEPA1	miRNA_target	-1	mechanistic (miRNA repression)	weak	analysed network	1
hsa-miR-320a	CCND2	miRNA_target	-1	mechanistic (miRNA repression)	weak	analysed network	1
hsa-miR-320a	ETS1	miRNA_target	-1	mechanistic (miRNA repression)	weak	analysed network	1
hsa-miR-320a	SP1	miRNA_target	-1	mechanistic (miRNA repression)	weak	analysed network	3
hsa-miR-320a	TGFBR2	miRNA_target	-1	mechanistic (miRNA repression)	strong	analysed network	2
hsa-miR-320a	VIM	miRNA_target	-1	mechanistic (miRNA repression)	strong	analysed network	1
hsa-miR-330	DKK3	miRNA_target	-1	mechanistic (miRNA repression)	weak	analysed network	1
hsa-miR-330	MMP2	miRNA_target	-1	mechanistic (miRNA repression)	predicted_only	analysed network	1
hsa-miR-330	MYCN	miRNA_target	-1	mechanistic (miRNA repression)	predicted_only	analysed network	2
hsa-miR-330	NGFR	miRNA_target	-1	mechanistic (miRNA repression)	predicted_only	analysed network	1
hsa-miR-330	REST	miRNA_target	-1	mechanistic (miRNA repression)	predicted_only	analysed network	1
hsa-miR-330	SCG3	miRNA_target	-1	mechanistic (miRNA repression)	predicted_only	analysed network	1
hsa-miR-330	TWIST1	miRNA_target	-1	mechanistic (miRNA repression)	predicted_only	analysed network	1
hsa-miR-33a	DKK1	miRNA_target	-1	mechanistic (miRNA repression)	weak	analysed network	1
hsa-miR-33a	TWIST1	miRNA_target	-1	mechanistic (miRNA repression)	strong	analysed network	1
hsa-miR-340	ABCA1	miRNA_target	-1	mechanistic (miRNA repression)	weak	analysed network	1
hsa-miR-340	BACE1	miRNA_target	-1	mechanistic (miRNA repression)	predicted_only	analysed network	1
hsa-miR-340	CCND2	miRNA_target	-1	mechanistic (miRNA repression)	strong	analysed network	1
hsa-miR-340	F3	miRNA_target	-1	mechanistic (miRNA repression)	weak	analysed network	1
hsa-miR-340	FGF7	miRNA_target	-1	mechanistic (miRNA repression)	predicted_only	analysed network	1
hsa-miR-340	NFKB1	miRNA_target	-1	mechanistic (miRNA repression)	predicted_only	analysed network	6
hsa-miR-340	RGS4	miRNA_target	-1	mechanistic (miRNA repression)	weak	analysed network	1
hsa-miR-342	FOSB	miRNA_target	-1	mechanistic (miRNA repression)	predicted_only	analysed network	1
hsa-miR-342	STAT6	miRNA_target	-1	mechanistic (miRNA repression)	predicted_only	analysed network	1
hsa-miR-34a	ELK1	miRNA_target	-1	mechanistic (miRNA repression)	weak	analysed network	1
hsa-miR-34a	FOSL1	miRNA_target	-1	mechanistic (miRNA repression)	strong	analysed network	1
hsa-miR-34a	LDHA	miRNA_target	-1	mechanistic (miRNA repression)	strong	analysed network	1
hsa-miR-34a	MET	miRNA_target	-1	mechanistic (miRNA repression)	strong	analysed network	1
hsa-miR-34a	MYC	miRNA_target	-1	mechanistic (miRNA repression)	strong	analysed network	1
hsa-miR-34a	NFKB1	miRNA_target	-1	mechanistic (miRNA repression)	weak	analysed network	1
hsa-miR-34a	NOTCH1	miRNA_target	-1	mechanistic (miRNA repression)	strong	analysed network	1
hsa-miR-34a	RELA	miRNA_target	-1	mechanistic (miRNA repression)	weak	analysed network	1
hsa-miR-34a	SERPINE1	miRNA_target	-1	mechanistic (miRNA repression)	weak	analysed network	2
hsa-miR-34a	SIRT1	miRNA_target	-1	mechanistic (miRNA repression)	strong	analysed network	1
hsa-miR-34a	TP53	miRNA_target	-1	mechanistic (miRNA repression)	strong	analysed network	1
hsa-miR-34c	E2F1	miRNA_target	-1	mechanistic (miRNA repression)	predicted_only	analysed network	2
hsa-miR-34c	LDHA	miRNA_target	-1	mechanistic (miRNA repression)	weak	analysed network	1
hsa-miR-34c	MET	miRNA_target	-1	mechanistic (miRNA repression)	strong	analysed network	2
hsa-miR-34c	PEG10	miRNA_target	-1	mechanistic (miRNA repression)	weak	analysed network	1
hsa-miR-34c	SERPINE1	miRNA_target	-1	mechanistic (miRNA repression)	weak	analysed network	2
hsa-miR-34c	SNAP25	miRNA_target	-1	mechanistic (miRNA repression)	predicted_only	analysed network	1
hsa-miR-34c	SP1	miRNA_target	-1	mechanistic (miRNA repression)	weak	analysed network	4
hsa-miR-34c	TP53	miRNA_target	-1	mechanistic (miRNA repression)	weak	analysed network	1
hsa-miR-361	HIF1A	miRNA_target	-1	mechanistic (miRNA repression)	weak	analysed network	2
hsa-miR-361	MET	miRNA_target	-1	mechanistic (miRNA repression)	weak	analysed network	1
hsa-miR-361	VEGFA	miRNA_target	-1	mechanistic (miRNA repression)	strong	analysed network	1
hsa-miR-363	CD2AP	miRNA_target	-1	mechanistic (miRNA repression)	weak	analysed network	1
hsa-miR-363	DKK3	miRNA_target	-1	mechanistic (miRNA repression)	weak	analysed network	1
hsa-miR-363	E2F1	miRNA_target	-1	mechanistic (miRNA repression)	predicted_only	analysed network	2
hsa-miR-363	FHL2	miRNA_target	-1	mechanistic (miRNA repression)	weak	analysed network	1
hsa-miR-363	FMN2	miRNA_target	-1	mechanistic (miRNA repression)	weak	analysed network	1
hsa-miR-363	GRHL1	miRNA_target	-1	mechanistic (miRNA repression)	weak	analysed network	1
hsa-miR-363	MYCN	miRNA_target	-1	mechanistic (miRNA repression)	predicted_only	analysed network	2
hsa-miR-363	RUNX1	miRNA_target	-1	mechanistic (miRNA repression)	predicted_only	analysed network	1
hsa-miR-367	FBXO32	miRNA_target	-1	mechanistic (miRNA repression)	predicted_only	analysed network	1
hsa-miR-367	SMAD4	miRNA_target	-1	mechanistic (miRNA repression)	predicted_only	analysed network	2
hsa-miR-367	SMAD7	miRNA_target	-1	mechanistic (miRNA repression)	predicted_only	analysed network	1
hsa-miR-370	CCND2	miRNA_target	-1	mechanistic (miRNA repression)	weak	analysed network	1
hsa-miR-370	STAT3	miRNA_target	-1	mechanistic (miRNA repression)	weak	analysed network	1
hsa-miR-371a	MME	miRNA_target	-1	mechanistic (miRNA repression)	predicted_only	analysed network	1
hsa-miR-371a	MYC	miRNA_target	-1	mechanistic (miRNA repression)	strong	analysed network	1
hsa-miR-372	CCND2	miRNA_target	-1	mechanistic (miRNA repression)	weak	analysed network	1
hsa-miR-372	CDCA7	miRNA_target	-1	mechanistic (miRNA repression)	predicted_only	analysed network	1
hsa-miR-372	DKK1	miRNA_target	-1	mechanistic (miRNA repression)	strong	analysed network	2
hsa-miR-372	DNAJB4	miRNA_target	-1	mechanistic (miRNA repression)	weak	analysed network	1
hsa-miR-372	EPAS1	miRNA_target	-1	mechanistic (miRNA repression)	predicted_only	analysed network	1
hsa-miR-372	HIF1A	miRNA_target	-1	mechanistic (miRNA repression)	predicted_only	analysed network	1
hsa-miR-372	MYC	miRNA_target	-1	mechanistic (miRNA repression)	predicted_only	analysed network	4
hsa-miR-372	TWIST1	miRNA_target	-1	mechanistic (miRNA repression)	predicted_only	analysed network	1
hsa-miR-372	VEGFA	miRNA_target	-1	mechanistic (miRNA repression)	strong	analysed network	3
hsa-miR-372	YY1	miRNA_target	-1	mechanistic (miRNA repression)	predicted_only	analysed network	1
hsa-miR-373	ABCA1	miRNA_target	-1	mechanistic (miRNA repression)	predicted_only	analysed network	1
hsa-miR-373	CCND2	miRNA_target	-1	mechanistic (miRNA repression)	weak	analysed network	2
hsa-miR-373	CDCA7	miRNA_target	-1	mechanistic (miRNA repression)	weak	analysed network	1
hsa-miR-373	DKK1	miRNA_target	-1	mechanistic (miRNA repression)	strong	analysed network	2
hsa-miR-373	EPAS1	miRNA_target	-1	mechanistic (miRNA repression)	weak	analysed network	1
hsa-miR-373	FGL2	miRNA_target	-1	mechanistic (miRNA repression)	predicted_only	analysed network	1
hsa-miR-373	HIF1A	miRNA_target	-1	mechanistic (miRNA repression)	strong	analysed network	1
hsa-miR-373	MYBL1	miRNA_target	-1	mechanistic (miRNA repression)	weak	analysed network	1
hsa-miR-373	MYC	miRNA_target	-1	mechanistic (miRNA repression)	strong	analysed network	4
hsa-miR-373	SP1	miRNA_target	-1	mechanistic (miRNA repression)	predicted_only	analysed network	7
hsa-miR-373	SQSTM1	miRNA_target	-1	mechanistic (miRNA repression)	predicted_only	analysed network	1
hsa-miR-373	TGFBR2	miRNA_target	-1	mechanistic (miRNA repression)	strong	analysed network	1
hsa-miR-373	TWIST1	miRNA_target	-1	mechanistic (miRNA repression)	predicted_only	analysed network	1
hsa-miR-373	VEGFA	miRNA_target	-1	mechanistic (miRNA repression)	strong	analysed network	4
hsa-miR-374a	CCL2	miRNA_target	-1	mechanistic (miRNA repression)	weak	analysed network	1
hsa-miR-374a	CEBPA	miRNA_target	-1	mechanistic (miRNA repression)	predicted_only	analysed network	1
hsa-miR-376c	EDN1	miRNA_target	-1	mechanistic (miRNA repression)	predicted_only	analysed network	1
hsa-miR-376c	HBEGF	miRNA_target	-1	mechanistic (miRNA repression)	predicted_only	analysed network	1
hsa-miR-376c	HIF1A	miRNA_target	-1	mechanistic (miRNA repression)	weak	analysed network	2
hsa-miR-381	ID1	miRNA_target	-1	mechanistic (miRNA repression)	strong	analysed network	1
hsa-miR-381	THBS1	miRNA_target	-1	mechanistic (miRNA repression)	predicted_only	analysed network	1
hsa-miR-381	TP53	miRNA_target	-1	mechanistic (miRNA repression)	predicted_only	analysed network	2
hsa-miR-383	CCND2	miRNA_target	-1	mechanistic (miRNA repression)	weak	analysed network	1
hsa-miR-383	EPAS1	miRNA_target	-1	mechanistic (miRNA repression)	predicted_only	analysed network	1
hsa-miR-383	STAT3	miRNA_target	-1	mechanistic (miRNA repression)	predicted_only	analysed network	2
hsa-miR-383	VEGFA	miRNA_target	-1	mechanistic (miRNA repression)	strong	analysed network	2
hsa-miR-424	ADAMTS5	miRNA_target	-1	mechanistic (miRNA repression)	weak	analysed network	1
hsa-miR-424	BACE1	miRNA_target	-1	mechanistic (miRNA repression)	weak	analysed network	1
hsa-miR-424	CCND2	miRNA_target	-1	mechanistic (miRNA repression)	weak	analysed network	3
hsa-miR-424	CEBPB	miRNA_target	-1	mechanistic (miRNA repression)	weak	analysed network	2
hsa-miR-424	FGF7	miRNA_target	-1	mechanistic (miRNA repression)	weak	analysed network	1
hsa-miR-424	FURIN	miRNA_target	-1	mechanistic (miRNA repression)	weak	analysed network	1
hsa-miR-424	GADD45G	miRNA_target	-1	mechanistic (miRNA repression)	weak	analysed network	2
hsa-miR-424	HDAC1	miRNA_target	-1	mechanistic (miRNA repression)	weak	analysed network	3
hsa-miR-424	HDAC2	miRNA_target	-1	mechanistic (miRNA repression)	weak	analysed network	1
hsa-miR-424	HIF1A	miRNA_target	-1	mechanistic (miRNA repression)	strong	analysed network	2
hsa-miR-424	MEF2C	miRNA_target	-1	mechanistic (miRNA repression)	weak	analysed network	1
hsa-miR-424	NFKB1	miRNA_target	-1	mechanistic (miRNA repression)	weak	analysed network	7
hsa-miR-424	PTHLH	miRNA_target	-1	mechanistic (miRNA repression)	weak	analysed network	2
hsa-miR-424	SIRT1	miRNA_target	-1	mechanistic (miRNA repression)	weak	analysed network	2
hsa-miR-424	SKIL	miRNA_target	-1	mechanistic (miRNA repression)	weak	analysed network	1
hsa-miR-424	SMAD3	miRNA_target	-1	mechanistic (miRNA repression)	strong	analysed network	5
hsa-miR-424	SMAD4	miRNA_target	-1	mechanistic (miRNA repression)	weak	analysed network	3
hsa-miR-424	SMAD7	miRNA_target	-1	mechanistic (miRNA repression)	strong	analysed network	3
hsa-miR-424	TERT	miRNA_target	-1	mechanistic (miRNA repression)	predicted_only	analysed network	5
hsa-miR-424	UCP2	miRNA_target	-1	mechanistic (miRNA repression)	weak	analysed network	1
hsa-miR-424	VEGFA	miRNA_target	-1	mechanistic (miRNA repression)	strong	analysed network	5
hsa-miR-425	EGR1	miRNA_target	-1	mechanistic (miRNA repression)	weak	analysed network	1
hsa-miR-425	ESR1	miRNA_target	-1	mechanistic (miRNA repression)	predicted_only	analysed network	1
hsa-miR-425	NFKB1	miRNA_target	-1	mechanistic (miRNA repression)	predicted_only	analysed network	1
hsa-miR-425	SERPINE1	miRNA_target	-1	mechanistic (miRNA repression)	weak	analysed network	2
hsa-miR-425	TGFBR2	miRNA_target	-1	mechanistic (miRNA repression)	predicted_only	analysed network	1
hsa-miR-429	ABCA1	miRNA_target	-1	mechanistic (miRNA repression)	predicted_only	analysed network	2
hsa-miR-429	DNMT1	miRNA_target	-1	mechanistic (miRNA repression)	strong	analysed network	1
hsa-miR-429	FN1	miRNA_target	-1	mechanistic (miRNA repression)	weak	analysed network	3
hsa-miR-429	FOXM1	miRNA_target	-1	mechanistic (miRNA repression)	weak	analysed network	1
hsa-miR-429	HDAC1	miRNA_target	-1	mechanistic (miRNA repression)	weak	analysed network	1
hsa-miR-429	HDAC2	miRNA_target	-1	mechanistic (miRNA repression)	predicted_only	analysed network	1
hsa-miR-429	HDAC4	miRNA_target	-1	mechanistic (miRNA repression)	predicted_only	analysed network	1
hsa-miR-429	HIF1A	miRNA_target	-1	mechanistic (miRNA repression)	strong	analysed network	2
hsa-miR-429	JUN	miRNA_target	-1	mechanistic (miRNA repression)	weak	analysed network	3
hsa-miR-429	KLF4	miRNA_target	-1	mechanistic (miRNA repression)	weak	analysed network	1
hsa-miR-429	KLF5	miRNA_target	-1	mechanistic (miRNA repression)	weak	analysed network	1
hsa-miR-429	LOX	miRNA_target	-1	mechanistic (miRNA repression)	predicted_only	analysed network	1
hsa-miR-429	MAP3K1	miRNA_target	-1	mechanistic (miRNA repression)	weak	analysed network	1
hsa-miR-429	NFKB1	miRNA_target	-1	mechanistic (miRNA repression)	predicted_only	analysed network	4
hsa-miR-429	NOTCH1	miRNA_target	-1	mechanistic (miRNA repression)	predicted_only	analysed network	1
hsa-miR-429	PTHLH	miRNA_target	-1	mechanistic (miRNA repression)	predicted_only	analysed network	2
hsa-miR-429	SMAD7	miRNA_target	-1	mechanistic (miRNA repression)	predicted_only	analysed network	2
hsa-miR-429	SNAI1	miRNA_target	-1	mechanistic (miRNA repression)	predicted_only	analysed network	1
hsa-miR-429	SNAP25	miRNA_target	-1	mechanistic (miRNA repression)	predicted_only	analysed network	1
hsa-miR-429	SP1	miRNA_target	-1	mechanistic (miRNA repression)	strong	analysed network	5
hsa-miR-429	TP53	miRNA_target	-1	mechanistic (miRNA repression)	predicted_only	analysed network	1
hsa-miR-429	TWIST1	miRNA_target	-1	mechanistic (miRNA repression)	predicted_only	analysed network	1
hsa-miR-429	UGCG	miRNA_target	-1	mechanistic (miRNA repression)	weak	analysed network	1
hsa-miR-429	VEGFA	miRNA_target	-1	mechanistic (miRNA repression)	strong	analysed network	10
hsa-miR-448	CCND2	miRNA_target	-1	mechanistic (miRNA repression)	weak	analysed network	1
hsa-miR-448	NFKB1	miRNA_target	-1	mechanistic (miRNA repression)	predicted_only	analysed network	1
hsa-miR-449a	E2F1	miRNA_target	-1	mechanistic (miRNA repression)	predicted_only	analysed network	2
hsa-miR-449a	PEG10	miRNA_target	-1	mechanistic (miRNA repression)	weak	analysed network	1
hsa-miR-449a	SERPINE1	miRNA_target	-1	mechanistic (miRNA repression)	predicted_only	analysed network	1
hsa-miR-449b	E2F1	miRNA_target	-1	mechanistic (miRNA repression)	predicted_only	analysed network	2
hsa-miR-449b	PEG10	miRNA_target	-1	mechanistic (miRNA repression)	weak	analysed network	1
hsa-miR-449b	SERPINE1	miRNA_target	-1	mechanistic (miRNA repression)	predicted_only	analysed network	1
hsa-miR-452	E2F1	miRNA_target	-1	mechanistic (miRNA repression)	predicted_only	analysed network	1
hsa-miR-452	HIF1A	miRNA_target	-1	mechanistic (miRNA repression)	weak	analysed network	1
hsa-miR-452	VEGFA	miRNA_target	-1	mechanistic (miRNA repression)	strong	analysed network	2
hsa-miR-454	EDN1	miRNA_target	-1	mechanistic (miRNA repression)	weak	analysed network	1
hsa-miR-454	HIF1A	miRNA_target	-1	mechanistic (miRNA repression)	weak	analysed network	1
hsa-miR-455	EGR1	miRNA_target	-1	mechanistic (miRNA repression)	weak	analysed network	2
hsa-miR-455	SMAD3	miRNA_target	-1	mechanistic (miRNA repression)	predicted_only	analysed network	1
hsa-miR-455	SPRY1	miRNA_target	-1	mechanistic (miRNA repression)	weak	analysed network	1
hsa-miR-455	TERT	miRNA_target	-1	mechanistic (miRNA repression)	predicted_only	analysed network	1
hsa-miR-455	TGFBR2	miRNA_target	-1	mechanistic (miRNA repression)	predicted_only	analysed network	1
hsa-miR-483	MYH9	miRNA_target	-1	mechanistic (miRNA repression)	weak	analysed network	1
hsa-miR-483	USF1	miRNA_target	-1	mechanistic (miRNA repression)	predicted_only	analysed network	1
hsa-miR-493	SNAI1	miRNA_target	-1	mechanistic (miRNA repression)	predicted_only	analysed network	1
hsa-miR-493	THBS1	miRNA_target	-1	mechanistic (miRNA repression)	weak	analysed network	1
hsa-miR-494	CCND2	miRNA_target	-1	mechanistic (miRNA repression)	weak	analysed network	2
hsa-miR-494	FGF7	miRNA_target	-1	mechanistic (miRNA repression)	predicted_only	analysed network	1
hsa-miR-494	NFKB1	miRNA_target	-1	mechanistic (miRNA repression)	predicted_only	analysed network	2
hsa-miR-494	SMAD3	miRNA_target	-1	mechanistic (miRNA repression)	predicted_only	analysed network	1
hsa-miR-495	KLF5	miRNA_target	-1	mechanistic (miRNA repression)	predicted_only	analysed network	1
hsa-miR-495	NOTCH1	miRNA_target	-1	mechanistic (miRNA repression)	predicted_only	analysed network	1
hsa-miR-497	CCND2	miRNA_target	-1	mechanistic (miRNA repression)	weak	analysed network	1
hsa-miR-497	ESR1	miRNA_target	-1	mechanistic (miRNA repression)	predicted_only	analysed network	2
hsa-miR-497	HIF1A	miRNA_target	-1	mechanistic (miRNA repression)	strong	analysed network	2
hsa-miR-497	MYC	miRNA_target	-1	mechanistic (miRNA repression)	predicted_only	analysed network	3
hsa-miR-497	TERT	miRNA_target	-1	mechanistic (miRNA repression)	predicted_only	analysed network	3
hsa-miR-497	VEGFA	miRNA_target	-1	mechanistic (miRNA repression)	weak	analysed network	3
hsa-miR-503	CCND2	miRNA_target	-1	mechanistic (miRNA repression)	weak	analysed network	4
hsa-miR-503	FGF7	miRNA_target	-1	mechanistic (miRNA repression)	predicted_only	analysed network	2
hsa-miR-503	HDAC1	miRNA_target	-1	mechanistic (miRNA repression)	weak	analysed network	2
hsa-miR-503	NFKB1	miRNA_target	-1	mechanistic (miRNA repression)	weak	analysed network	2
hsa-miR-503	RELA	miRNA_target	-1	mechanistic (miRNA repression)	predicted_only	analysed network	2
hsa-miR-503	SMAD3	miRNA_target	-1	mechanistic (miRNA repression)	predicted_only	analysed network	2
hsa-miR-503	SMAD4	miRNA_target	-1	mechanistic (miRNA repression)	predicted_only	analysed network	1
hsa-miR-503	SMAD7	miRNA_target	-1	mechanistic (miRNA repression)	strong	analysed network	3
hsa-miR-506	BACE1	miRNA_target	-1	mechanistic (miRNA repression)	predicted_only	analysed network	1
hsa-miR-506	CCL2	miRNA_target	-1	mechanistic (miRNA repression)	predicted_only	analysed network	1
hsa-miR-506	CCND2	miRNA_target	-1	mechanistic (miRNA repression)	predicted_only	analysed network	2
hsa-miR-506	MAFB	miRNA_target	-1	mechanistic (miRNA repression)	predicted_only	analysed network	1
hsa-miR-506	MMP2	miRNA_target	-1	mechanistic (miRNA repression)	predicted_only	analysed network	2
hsa-miR-506	NFKB1	miRNA_target	-1	mechanistic (miRNA repression)	predicted_only	analysed network	4
hsa-miR-506	TP53	miRNA_target	-1	mechanistic (miRNA repression)	predicted_only	analysed network	1
hsa-miR-519d	CDCA7	miRNA_target	-1	mechanistic (miRNA repression)	predicted_only	analysed network	1
hsa-miR-519d	E2F1	miRNA_target	-1	mechanistic (miRNA repression)	strong	analysed network	2
hsa-miR-519d	EPAS1	miRNA_target	-1	mechanistic (miRNA repression)	predicted_only	analysed network	1
hsa-miR-519d	MMP2	miRNA_target	-1	mechanistic (miRNA repression)	strong	analysed network	2
hsa-miR-519d	TP53	miRNA_target	-1	mechanistic (miRNA repression)	predicted_only	analysed network	2
hsa-miR-519d	TWIST1	miRNA_target	-1	mechanistic (miRNA repression)	predicted_only	analysed network	1
hsa-miR-519d	VEGFA	miRNA_target	-1	mechanistic (miRNA repression)	predicted_only	analysed network	3
hsa-miR-520d	ABCA1	miRNA_target	-1	mechanistic (miRNA repression)	predicted_only	analysed network	1
hsa-miR-520d	CCND2	miRNA_target	-1	mechanistic (miRNA repression)	weak	analysed network	1
hsa-miR-520d	EPAS1	miRNA_target	-1	mechanistic (miRNA repression)	predicted_only	analysed network	1
hsa-miR-520d	STAT3	miRNA_target	-1	mechanistic (miRNA repression)	predicted_only	analysed network	3
hsa-miR-520d	VEGFA	miRNA_target	-1	mechanistic (miRNA repression)	predicted_only	analysed network	2
hsa-miR-539	AR	miRNA_target	-1	mechanistic (miRNA repression)	predicted_only	analysed network	1
hsa-miR-539	ETV1	miRNA_target	-1	mechanistic (miRNA repression)	predicted_only	analysed network	1
hsa-miR-542	CEBPB	miRNA_target	-1	mechanistic (miRNA repression)	predicted_only	analysed network	1
hsa-miR-542	F8	miRNA_target	-1	mechanistic (miRNA repression)	predicted_only	analysed network	1
hsa-miR-655	ADM	miRNA_target	-1	mechanistic (miRNA repression)	weak	analysed network	1
hsa-miR-655	CEBPB	miRNA_target	-1	mechanistic (miRNA repression)	predicted_only	analysed network	1
hsa-miR-655	CYFIP2	miRNA_target	-1	mechanistic (miRNA repression)	predicted_only	analysed network	1
hsa-miR-655	FAS	miRNA_target	-1	mechanistic (miRNA repression)	predicted_only	analysed network	1
hsa-miR-655	TP53	miRNA_target	-1	mechanistic (miRNA repression)	predicted_only	analysed network	3
hsa-miR-655	VEGFA	miRNA_target	-1	mechanistic (miRNA repression)	predicted_only	analysed network	1
hsa-miR-7	BACE1	miRNA_target	-1	mechanistic (miRNA repression)	weak	analysed network	1
hsa-miR-7	BCL2L1	miRNA_target	-1	mechanistic (miRNA repression)	strong	analysed network	2
hsa-miR-7	CTSB	miRNA_target	-1	mechanistic (miRNA repression)	weak	analysed network	2
hsa-miR-7	RELA	miRNA_target	-1	mechanistic (miRNA repression)	strong	analysed network	3
hsa-miR-7	STAT1	miRNA_target	-1	mechanistic (miRNA repression)	weak	analysed network	1
hsa-miR-7	TP53	miRNA_target	-1	mechanistic (miRNA repression)	predicted_only	analysed network	1
hsa-miR-760	MYCN	miRNA_target	-1	mechanistic (miRNA repression)	predicted_only	analysed network	1
hsa-miR-760	NGFR	miRNA_target	-1	mechanistic (miRNA repression)	predicted_only	analysed network	1
hsa-miR-802	CCND2	miRNA_target	-1	mechanistic (miRNA repression)	predicted_only	analysed network	1
hsa-miR-802	RELA	miRNA_target	-1	mechanistic (miRNA repression)	predicted_only	analysed network	1
hsa-miR-9	ABCA1	miRNA_target	-1	mechanistic (miRNA repression)	weak	analysed network	1
hsa-miR-9	BACE1	miRNA_target	-1	mechanistic (miRNA repression)	strong	analysed network	1
hsa-miR-9	GRHL1	miRNA_target	-1	mechanistic (miRNA repression)	predicted_only	analysed network	1
hsa-miR-9	MME	miRNA_target	-1	mechanistic (miRNA repression)	predicted_only	analysed network	1
hsa-miR-9	MYC	miRNA_target	-1	mechanistic (miRNA repression)	weak	analysed network	1
hsa-miR-9	MYCN	miRNA_target	-1	mechanistic (miRNA repression)	predicted_only	analysed network	1
hsa-miR-9	NFKB1	miRNA_target	-1	mechanistic (miRNA repression)	strong	analysed network	3
hsa-miR-9	NRP1	miRNA_target	-1	mechanistic (miRNA repression)	strong	analysed network	1
hsa-miR-9	OPTN	miRNA_target	-1	mechanistic (miRNA repression)	weak	analysed network	1
hsa-miR-9	PDGFRB	miRNA_target	-1	mechanistic (miRNA repression)	strong	analysed network	1
hsa-miR-9	PEG3	miRNA_target	-1	mechanistic (miRNA repression)	predicted_only	analysed network	1
hsa-miR-9	REST	miRNA_target	-1	mechanistic (miRNA repression)	strong	analysed network	1
hsa-miR-9	TP53	miRNA_target	-1	mechanistic (miRNA repression)	weak	analysed network	1
hsa-miR-9	YY1	miRNA_target	-1	mechanistic (miRNA repression)	weak	analysed network	1
hsa-miR-92b	CACNA1H	miRNA_target	-1	mechanistic (miRNA repression)	weak	analysed network	1
hsa-miR-92b	DKK3	miRNA_target	-1	mechanistic (miRNA repression)	strong	analysed network	1
hsa-miR-92b	EGR1	miRNA_target	-1	mechanistic (miRNA repression)	weak	analysed network	1
hsa-miR-92b	GRHL1	miRNA_target	-1	mechanistic (miRNA repression)	weak	analysed network	1
hsa-miR-92b	MYCN	miRNA_target	-1	mechanistic (miRNA repression)	weak	analysed network	2
hsa-miR-93	ARNT	miRNA_target	-1	mechanistic (miRNA repression)	weak	analysed network	1
hsa-miR-93	ATF4	miRNA_target	-1	mechanistic (miRNA repression)	weak	analysed network	1
hsa-miR-93	CCND2	miRNA_target	-1	mechanistic (miRNA repression)	weak	analysed network	1
hsa-miR-93	CDCA7	miRNA_target	-1	mechanistic (miRNA repression)	weak	analysed network	2
hsa-miR-93	E2F1	miRNA_target	-1	mechanistic (miRNA repression)	strong	analysed network	2
hsa-miR-93	EPAS1	miRNA_target	-1	mechanistic (miRNA repression)	weak	analysed network	1
hsa-miR-93	F3	miRNA_target	-1	mechanistic (miRNA repression)	weak	analysed network	1
hsa-miR-93	GJA1	miRNA_target	-1	mechanistic (miRNA repression)	weak	analysed network	1
hsa-miR-93	JUN	miRNA_target	-1	mechanistic (miRNA repression)	weak	analysed network	6
hsa-miR-93	MAP3K1	miRNA_target	-1	mechanistic (miRNA repression)	weak	analysed network	1
hsa-miR-93	MMP2	miRNA_target	-1	mechanistic (miRNA repression)	weak	analysed network	2
hsa-miR-93	MYC	miRNA_target	-1	mechanistic (miRNA repression)	strong	analysed network	3
hsa-miR-93	SMAD7	miRNA_target	-1	mechanistic (miRNA repression)	strong	analysed network	1
hsa-miR-93	TWIST1	miRNA_target	-1	mechanistic (miRNA repression)	weak	analysed network	1
hsa-miR-93	VEGFA	miRNA_target	-1	mechanistic (miRNA repression)	strong	analysed network	6
hsa-miR-96	ABCA1	miRNA_target	-1	mechanistic (miRNA repression)	weak	analysed network	3
hsa-miR-96	CCND2	miRNA_target	-1	mechanistic (miRNA repression)	weak	analysed network	3
hsa-miR-96	CTNNB1	miRNA_target	-1	mechanistic (miRNA repression)	weak	analysed network	1
hsa-miR-96	CTSB	miRNA_target	-1	mechanistic (miRNA repression)	weak	analysed network	2
hsa-miR-96	CYLD	miRNA_target	-1	mechanistic (miRNA repression)	predicted_only	analysed network	1
hsa-miR-96	EGR1	miRNA_target	-1	mechanistic (miRNA repression)	weak	analysed network	2
hsa-miR-96	ETS1	miRNA_target	-1	mechanistic (miRNA repression)	predicted_only	analysed network	1
hsa-miR-96	FBXO32	miRNA_target	-1	mechanistic (miRNA repression)	predicted_only	analysed network	1
hsa-miR-96	FN1	miRNA_target	-1	mechanistic (miRNA repression)	weak	analysed network	3
hsa-miR-96	FST	miRNA_target	-1	mechanistic (miRNA repression)	weak	analysed network	1
hsa-miR-96	HBEGF	miRNA_target	-1	mechanistic (miRNA repression)	strong	analysed network	2
hsa-miR-96	HIF1A	miRNA_target	-1	mechanistic (miRNA repression)	weak	analysed network	1
hsa-miR-96	LEF1	miRNA_target	-1	mechanistic (miRNA repression)	predicted_only	analysed network	1
hsa-miR-96	RELA	miRNA_target	-1	mechanistic (miRNA repression)	weak	analysed network	5
hsa-miR-96	SEMA6A	miRNA_target	-1	mechanistic (miRNA repression)	predicted_only	analysed network	1
hsa-miR-96	SMAD4	miRNA_target	-1	mechanistic (miRNA repression)	strong	analysed network	2
hsa-miR-96	SMAD7	miRNA_target	-1	mechanistic (miRNA repression)	weak	analysed network	1
hsa-miR-96	SOX2	miRNA_target	-1	mechanistic (miRNA repression)	predicted_only	analysed network	1
hsa-miR-96	SREBF2	miRNA_target	-1	mechanistic (miRNA repression)	weak	analysed network	1
hsa-miR-96	STAT3	miRNA_target	-1	mechanistic (miRNA repression)	weak	analysed network	2
hsa-miR-96	TWIST1	miRNA_target	-1	mechanistic (miRNA repression)	predicted_only	analysed network	1
