source	target	edge_type	sign	sign_source	evidence_tier	layer	n_ffl
ABCA1	SCARB1	gene_gene		unsigned (STRING association)		census layer: STRING gene-gene	36
ACTA2	COL1A1	gene_gene		unsigned (STRING association)		census layer: STRING gene-gene	22
ACTA2	TAGLN	gene_gene		unsigned (STRING association)		census layer: STRING gene-gene	6
ADA	NT5E	gene_gene		unsigned (STRING association)		census layer: STRING gene-gene	17
ADAMTS5	SDC4	gene_gene		unsigned (STRING association)		census layer: STRING gene-gene	17
AHR	FOS	TF_target		unannotated (excluded from sign-dependent analyses)		analysed network	8
AHR	IL6	TF_target	1	TRRUST		analysed network	67
AHR	MYC	TF_target		unannotated (excluded from sign-dependent analyses)		census layer: TRRUST TF-target	6
ANPEP	CHAC1	gene_gene		unsigned (STRING association)		census layer: STRING gene-gene	7
APEX1	CCL2	TF_target	1	TRRUST		analysed network	6
AR	CTNNB1	TF_target	1	TRRUST		census layer: TRRUST TF-target	16
AR	EP300	TF_target	1	TRRUST		census layer: TRRUST TF-target	4
AR	FN1	TF_target		unannotated (excluded from sign-dependent analyses)		analysed network	280
AR	JUN	TF_target	1	TRRUST		census layer: TRRUST TF-target	32
AR	MYC	TF_target		unannotated (excluded from sign-dependent analyses)		census layer: TRRUST TF-target	5
AR	NFKB1	TF_target	-1	TRRUST		census layer: TRRUST TF-target	56
AR	RELA	TF_target	-1	TRRUST		census layer: TRRUST TF-target	55
AR	REST	TF_target	-1	TRRUST		census layer: TRRUST TF-target	1
ARNT	AHR	TF_target		unannotated (excluded from sign-dependent analyses)		census layer: TRRUST TF-target	4
ARNT	ESR1	TF_target		unannotated (excluded from sign-dependent analyses)		census layer: TRRUST TF-target	2
ARNT	FOS	TF_target	-1	TRRUST		analysed network	8
ARNT	HIF1A	TF_target	1	TRRUST		census layer: TRRUST TF-target	6
ARNT	JUN	TF_target	-1	TRRUST		census layer: TRRUST TF-target	14
ASCL1	ID4	gene_gene		unsigned (STRING association)		census layer: STRING gene-gene	6
ASCL1	POU3F2	gene_gene		unsigned (STRING association)		census layer: STRING gene-gene	2
ATF3	DDIT3	TF_target	1	TRRUST		census layer: TRRUST TF-target	1
ATF3	ID1	TF_target	-1	TRRUST		analysed network	34
ATF3	MMP2	TF_target	-1	TRRUST		analysed network	83
ATF3	TP53	TF_target		unannotated (excluded from sign-dependent analyses)		census layer: TRRUST TF-target	10
ATF4	CEBPB	TF_target	1	TRRUST		analysed network	6
ATF4	DDIT3	TF_target	1	TRRUST		census layer: TRRUST TF-target	4
ATF4	IL6	TF_target		unannotated (excluded from sign-dependent analyses)		analysed network	6
ATF4	SIRT1	TF_target		unannotated (excluded from sign-dependent analyses)		census layer: TRRUST TF-target	2
AXL	SHC1	gene_gene		unsigned (STRING association)		census layer: STRING gene-gene	5
BAG3	SQSTM1	gene_gene		unsigned (STRING association)		census layer: STRING gene-gene	2
BCL2L1	CTSB	gene_gene		unsigned (STRING association)		census layer: STRING gene-gene	43
BCL2L1	CTSV	gene_gene		unsigned (STRING association)		census layer: STRING gene-gene	4
BCL2L1	HRK	gene_gene		unsigned (STRING association)		census layer: STRING gene-gene	206
BCL6	BCL2L1	TF_target	-1	TRRUST		analysed network	11
BDNF	NGFR	gene_gene		unsigned (STRING association)		census layer: STRING gene-gene	15
BDNF	NTF3	gene_gene		unsigned (STRING association)		census layer: STRING gene-gene	19
BMP7	FST	gene_gene		unsigned (STRING association)		census layer: STRING gene-gene	10
BRCA1	FST	TF_target	1	TRRUST		analysed network	2
CAV1	GJA1	gene_gene		unsigned (STRING association)		census layer: STRING gene-gene	53
CAV1	ITGB1	gene_gene		unsigned (STRING association)		census layer: STRING gene-gene	35
CAV1	TLR4	gene_gene		unsigned (STRING association)		census layer: STRING gene-gene	63
CCL2	SERPINE1	gene_gene		unsigned (STRING association)		census layer: STRING gene-gene	98
CCL2	VCAM1	gene_gene		unsigned (STRING association)		census layer: STRING gene-gene	51
CD151	ITGB1	gene_gene		unsigned (STRING association)		census layer: STRING gene-gene	1
CD2AP	UBB	gene_gene		unsigned (STRING association)		census layer: STRING gene-gene	14
CD44	COL1A1	gene_gene		unsigned (STRING association)		census layer: STRING gene-gene	58
CD44	FN1	gene_gene		unsigned (STRING association)		census layer: STRING gene-gene	116
CD44	HBEGF	gene_gene		unsigned (STRING association)		census layer: STRING gene-gene	153
CD44	ITGB1	gene_gene		unsigned (STRING association)		census layer: STRING gene-gene	31
CD44	MET	gene_gene		unsigned (STRING association)		census layer: STRING gene-gene	57
CD44	MMP14	gene_gene		unsigned (STRING association)		census layer: STRING gene-gene	25
CD44	MMP2	gene_gene		unsigned (STRING association)		census layer: STRING gene-gene	52
CD44	NT5E	gene_gene		unsigned (STRING association)		census layer: STRING gene-gene	20
CD44	SPP1	gene_gene		unsigned (STRING association)		census layer: STRING gene-gene	25
CD44	TLR4	gene_gene		unsigned (STRING association)		census layer: STRING gene-gene	40
CD44	VCAM1	gene_gene		unsigned (STRING association)		census layer: STRING gene-gene	27
CEBPA	CCL2	TF_target	1	TRRUST		analysed network	7
CEBPA	FN1	TF_target		unannotated (excluded from sign-dependent analyses)		analysed network	78
CEBPA	ID1	TF_target		unannotated (excluded from sign-dependent analyses)		analysed network	12
CEBPA	IL6	TF_target		unannotated (excluded from sign-dependent analyses)		analysed network	36
CEBPA	MYC	TF_target	-1	TRRUST		census layer: TRRUST TF-target	11
CEBPA	SPI1	TF_target		unannotated (excluded from sign-dependent analyses)		census layer: TRRUST TF-target	15
CEBPA	SPP1	TF_target	1	TRRUST		analysed network	20
CEBPA	STAT3	TF_target		unannotated (excluded from sign-dependent analyses)		census layer: TRRUST TF-target	62
CEBPB	DDIT3	TF_target		unannotated (excluded from sign-dependent analyses)		census layer: TRRUST TF-target	2
CEBPB	F8	TF_target		unannotated (excluded from sign-dependent analyses)		analysed network	8
CEBPB	FURIN	TF_target	1	TRRUST		analysed network	2
CEBPB	HSF1	TF_target		unannotated (excluded from sign-dependent analyses)		census layer: TRRUST TF-target	6
CEBPB	IL6	TF_target	1	TRRUST		analysed network	16
CEBPB	XBP1	TF_target	1	TRRUST		census layer: TRRUST TF-target	6
COL18A1	MMP2	gene_gene		unsigned (STRING association)		census layer: STRING gene-gene	5
COL1A1	COL3A1	gene_gene		unannotated (excluded from sign-dependent analyses)		analysed network	35
COL1A1	FBN1	gene_gene		unsigned (STRING association)		census layer: STRING gene-gene	37
COL1A1	FN1	gene_gene		unsigned (STRING association)		census layer: STRING gene-gene	184
COL1A1	ITGA5	gene_gene		unsigned (STRING association)		census layer: STRING gene-gene	10
COL1A1	ITGB1	gene_gene		unsigned (STRING association)		census layer: STRING gene-gene	58
COL1A1	POSTN	gene_gene		unsigned (STRING association)		census layer: STRING gene-gene	12
COL1A1	SPARC	gene_gene		unsigned (STRING association)		census layer: STRING gene-gene	41
COL3A1	FBN1	gene_gene		unsigned (STRING association)		census layer: STRING gene-gene	1
COL3A1	FN1	gene_gene		unsigned (STRING association)		census layer: STRING gene-gene	73
COL3A1	ITGB1	gene_gene		unsigned (STRING association)		census layer: STRING gene-gene	18
COL3A1	POSTN	gene_gene		unsigned (STRING association)		census layer: STRING gene-gene	8
COL3A1	SPARC	gene_gene		unsigned (STRING association)		census layer: STRING gene-gene	3
CREB1	AR	TF_target		unannotated (excluded from sign-dependent analyses)		census layer: TRRUST TF-target	8
CREB1	BDNF	TF_target	1	TRRUST		analysed network	2
CREB1	FOS	TF_target		unannotated (excluded from sign-dependent analyses)		analysed network	6
CREB1	IL6	TF_target	1	TRRUST		analysed network	14
CREB1	JUN	TF_target	-1	TRRUST		census layer: TRRUST TF-target	19
CREB1	MITF	TF_target	1	TRRUST		census layer: TRRUST TF-target	3
CREB1	MMP2	TF_target		unannotated (excluded from sign-dependent analyses)		analysed network	9
CREB1	PLAU	TF_target		unannotated (excluded from sign-dependent analyses)		analysed network	2
CREB1	SMAD6	TF_target	1	TRRUST		analysed network	6
CREB1	SNAI1	TF_target	-1	TRRUST		census layer: TRRUST TF-target	8
CREB1	SNAI2	TF_target	-1	TRRUST		analysed network	8
CTCF	IRAK2	TF_target		unannotated (excluded from sign-dependent analyses)		analysed network	1
CTGF	FN1	gene_gene		unsigned (STRING association)		census layer: STRING gene-gene	109
CTNNB1	AR	TF_target		unannotated (excluded from sign-dependent analyses)		census layer: TRRUST TF-target	3
CTNNB1	CD44	TF_target		unannotated (excluded from sign-dependent analyses)		analysed network	59
CTNNB1	FST	TF_target		unannotated (excluded from sign-dependent analyses)		analysed network	1
CTNNB1	JUN	TF_target	1	TRRUST		census layer: TRRUST TF-target	37
CTNNB1	MMP14	TF_target	1	TRRUST		analysed network	24
CTNNB1	MYC	TF_target	1	TRRUST		census layer: TRRUST TF-target	11
CTNNB1	RB1	TF_target	-1	TRRUST		census layer: TRRUST TF-target	6
CXCL12	CXCR5	gene_gene		unsigned (STRING association)		census layer: STRING gene-gene	21
CXCL12	MET	gene_gene		unsigned (STRING association)		census layer: STRING gene-gene	55
CYLD	OPTN	gene_gene		unsigned (STRING association)		census layer: STRING gene-gene	33
CYLD	SQSTM1	gene_gene		unsigned (STRING association)		census layer: STRING gene-gene	29
CYLD	UBB	gene_gene		unsigned (STRING association)		census layer: STRING gene-gene	5
DDIT3	IL6	TF_target	1	TRRUST		analysed network	58
DKK1	DKK3	gene_gene		unsigned (STRING association)		census layer: STRING gene-gene	68
DKK1	WNT5A	gene_gene		unsigned (STRING association)		census layer: STRING gene-gene	5
DNMT1	ESR1	TF_target		unannotated (excluded from sign-dependent analyses)		census layer: TRRUST TF-target	3
DNMT1	GAD1	TF_target	-1	TRRUST		analysed network	2
DNMT1	HDAC1	TF_target		unannotated (excluded from sign-dependent analyses)		census layer: TRRUST TF-target	9
DNMT1	RB1	TF_target	-1	TRRUST		census layer: TRRUST TF-target	2
DNMT1	TP53	TF_target		unannotated (excluded from sign-dependent analyses)		census layer: TRRUST TF-target	11
E2F1	AR	TF_target	1	TRRUST		census layer: TRRUST TF-target	20
E2F1	CD2AP	TF_target	1	TRRUST		analysed network	2
E2F1	CTSV	TF_target		unannotated (excluded from sign-dependent analyses)		analysed network	4
E2F1	DDIT3	TF_target		unannotated (excluded from sign-dependent analyses)		census layer: TRRUST TF-target	15
E2F1	ETV4	TF_target	1	TRRUST		analysed network	47
E2F1	HMGA1	TF_target	1	TRRUST		census layer: TRRUST TF-target	23
E2F1	IRF3	TF_target	-1	TRRUST		census layer: TRRUST TF-target	12
E2F1	MAP1LC3A	TF_target	1	TRRUST		analysed network	11
E2F1	MYB	TF_target		unannotated (excluded from sign-dependent analyses)		census layer: TRRUST TF-target	9
E2F1	MYC	TF_target	1	TRRUST		census layer: TRRUST TF-target	18
E2F1	MYCN	TF_target	1	TRRUST		census layer: TRRUST TF-target	36
E2F1	PEG10	TF_target		unannotated (excluded from sign-dependent analyses)		analysed network	6
E2F1	PPARG	TF_target	1	TRRUST		census layer: TRRUST TF-target	22
E2F1	SERPINE1	TF_target	-1	TRRUST		analysed network	22
E2F1	THBS1	TF_target	1	TRRUST		analysed network	68
E2F1	TLR3	TF_target	-1	TRRUST		analysed network	11
E2F1	TP53	TF_target		unannotated (excluded from sign-dependent analyses)		census layer: TRRUST TF-target	47
E2F1	TYMS	TF_target	1	TRRUST		analysed network	3
EDN1	MMP2	gene_gene		unsigned (STRING association)		census layer: STRING gene-gene	178
EGR1	AR	TF_target	-1	TRRUST		census layer: TRRUST TF-target	18
EGR1	ATF3	TF_target	1	TRRUST		analysed network	14
EGR1	EP300	TF_target	1	TRRUST		census layer: TRRUST TF-target	28
EGR1	F3	TF_target		unannotated (excluded from sign-dependent analyses)		analysed network	9
EGR1	FN1	TF_target	1	TRRUST		analysed network	126
EGR1	HIF1A	TF_target	1	TRRUST		census layer: TRRUST TF-target	53
EGR1	IL6	TF_target	-1	TRRUST		analysed network	49
EGR1	MMP14	TF_target	1	TRRUST		analysed network	52
EGR1	MYB	TF_target	-1	TRRUST		census layer: TRRUST TF-target	7
EGR1	NFKB1	TF_target		unannotated (excluded from sign-dependent analyses)		census layer: TRRUST TF-target	153
EGR1	PLAU	TF_target	1	TRRUST		analysed network	9
EGR1	PPARG	TF_target		unannotated (excluded from sign-dependent analyses)		census layer: TRRUST TF-target	23
EGR1	TCF4	TF_target	1	TRRUST		census layer: TRRUST TF-target	29
EGR1	TGFBR2	TF_target		unannotated (excluded from sign-dependent analyses)		analysed network	69
EGR1	TP53	TF_target	1	TRRUST		census layer: TRRUST TF-target	53
EGR2	IL6	TF_target		unannotated (excluded from sign-dependent analyses)		analysed network	3
ELK1	EZH2	TF_target	1	TRRUST		census layer: TRRUST TF-target	1
EP300	IL6	TF_target		unannotated (excluded from sign-dependent analyses)		analysed network	37
EP300	THBD	TF_target	-1	TRRUST		analysed network	16
EP300	VCAM1	TF_target	1	TRRUST		analysed network	15
EPAS1	MMP14	TF_target	1	TRRUST		analysed network	40
EPAS1	SERPINE1	TF_target	1	TRRUST		analysed network	2
EPHA2	SHC1	gene_gene		unsigned (STRING association)		census layer: STRING gene-gene	29
ERG	SPP1	TF_target	1	TRRUST		analysed network	13
ESR1	AHR	TF_target		unannotated (excluded from sign-dependent analyses)		census layer: TRRUST TF-target	12
ESR1	AR	TF_target	1	TRRUST		census layer: TRRUST TF-target	10
ESR1	CEBPB	TF_target		unannotated (excluded from sign-dependent analyses)		analysed network	20
ESR1	CTNNB1	TF_target	-1	TRRUST		census layer: TRRUST TF-target	15
ESR1	CXCL12	TF_target		unannotated (excluded from sign-dependent analyses)		analysed network	13
ESR1	E2F1	TF_target		unannotated (excluded from sign-dependent analyses)		census layer: TRRUST TF-target	16
ESR1	FOS	TF_target		unannotated (excluded from sign-dependent analyses)		analysed network	15
ESR1	JUN	TF_target	1	TRRUST		census layer: TRRUST TF-target	42
ESR1	MYC	TF_target		unannotated (excluded from sign-dependent analyses)		census layer: TRRUST TF-target	12
ESR1	RARA	TF_target	1	TRRUST		census layer: TRRUST TF-target	12
ESR1	RUNX2	TF_target		unannotated (excluded from sign-dependent analyses)		census layer: TRRUST TF-target	10
ESR1	SERPINE1	TF_target	1	TRRUST		analysed network	19
ESR1	SP1	TF_target		unannotated (excluded from sign-dependent analyses)		census layer: TRRUST TF-target	93
ESR1	TP53	TF_target	-1	TRRUST		census layer: TRRUST TF-target	14
ESR1	TYMS	TF_target		unannotated (excluded from sign-dependent analyses)		analysed network	3
ESR2	FOS	TF_target		unannotated (excluded from sign-dependent analyses)		analysed network	5
ESR2	JUN	TF_target		unannotated (excluded from sign-dependent analyses)		census layer: TRRUST TF-target	9
ESR2	SERPINE1	TF_target	-1	TRRUST		analysed network	2
ETS1	COL1A1	TF_target		unannotated (excluded from sign-dependent analyses)		analysed network	19
ETS1	CTGF	TF_target		unannotated (excluded from sign-dependent analyses)		analysed network	3
ETS1	EGR1	TF_target	1	TRRUST		census layer: TRRUST TF-target	37
ETS1	ERG	TF_target	1	TRRUST		census layer: TRRUST TF-target	6
ETS1	FLI1	TF_target	1	TRRUST		census layer: TRRUST TF-target	14
ETS1	MYB	TF_target	1	TRRUST		census layer: TRRUST TF-target	10
ETS1	PLAU	TF_target		unannotated (excluded from sign-dependent analyses)		analysed network	2
ETS1	TFAP2A	TF_target	1	TRRUST		census layer: TRRUST TF-target	17
ETS1	TGFBR2	TF_target	1	TRRUST		analysed network	20
ETS1	TP53	TF_target		unannotated (excluded from sign-dependent analyses)		census layer: TRRUST TF-target	28
ETS2	MMP2	TF_target		unannotated (excluded from sign-dependent analyses)		analysed network	2
ETV4	ETS1	TF_target	1	TRRUST		census layer: TRRUST TF-target	28
ETV4	MMP14	TF_target	1	TRRUST		analysed network	18
ETV4	MMP2	TF_target		unannotated (excluded from sign-dependent analyses)		analysed network	10
ETV4	TGFBR2	TF_target		unannotated (excluded from sign-dependent analyses)		analysed network	19
EZH2	AXL	TF_target	1	TRRUST		analysed network	5
EZH2	BRCA1	TF_target		unannotated (excluded from sign-dependent analyses)		census layer: TRRUST TF-target	2
EZH2	HDAC1	TF_target	-1	TRRUST		census layer: TRRUST TF-target	15
EZH2	MMP2	TF_target	1	TRRUST		analysed network	19
EZH2	MYC	TF_target	-1	TRRUST		census layer: TRRUST TF-target	6
EZH2	SNAI2	TF_target	-1	TRRUST		analysed network	11
EZH2	TP53	TF_target	-1	TRRUST		census layer: TRRUST TF-target	14
EZH2	TWIST1	TF_target	-1	TRRUST		analysed network	25
EZH2	VDR	TF_target		unannotated (excluded from sign-dependent analyses)		analysed network	4
F2R	THBD	gene_gene		unsigned (STRING association)		census layer: STRING gene-gene	23
F3	F8	gene_gene		unsigned (STRING association)		census layer: STRING gene-gene	38
F3	SERPINE1	gene_gene		unsigned (STRING association)		census layer: STRING gene-gene	171
F3	THBD	gene_gene		unsigned (STRING association)		census layer: STRING gene-gene	73
F8	FN1	gene_gene		unsigned (STRING association)		census layer: STRING gene-gene	32
FBN1	FN1	gene_gene		unsigned (STRING association)		census layer: STRING gene-gene	98
FBN1	LTBP1	gene_gene		unsigned (STRING association)		census layer: STRING gene-gene	13
FBN1	TGFBR2	gene_gene		unsigned (STRING association)		census layer: STRING gene-gene	30
FDFT1	HMGCS1	gene_gene		unsigned (STRING association)		census layer: STRING gene-gene	3
FGF7	MET	gene_gene		unsigned (STRING association)		census layer: STRING gene-gene	149
FGF7	PDGFRB	gene_gene		unsigned (STRING association)		census layer: STRING gene-gene	85
FHL1	STAT5A	gene_gene		unsigned (STRING association)		census layer: STRING gene-gene	24
FLI1	CTGF	TF_target		unannotated (excluded from sign-dependent analyses)		analysed network	6
FLI1	HDAC1	TF_target		unannotated (excluded from sign-dependent analyses)		census layer: TRRUST TF-target	6
FLI1	TGFBR2	TF_target		unannotated (excluded from sign-dependent analyses)		analysed network	9
FN1	IL6	gene_gene		unsigned (STRING association)		census layer: STRING gene-gene	294
FN1	ITGA5	gene_gene		unsigned (STRING association)		census layer: STRING gene-gene	22
FN1	ITGB1	gene_gene		unsigned (STRING association)		census layer: STRING gene-gene	115
FN1	LOX	gene_gene		unsigned (STRING association)		census layer: STRING gene-gene	315
FN1	LTBP1	gene_gene		unsigned (STRING association)		census layer: STRING gene-gene	20
FN1	POSTN	gene_gene		unsigned (STRING association)		census layer: STRING gene-gene	13
FN1	SDC4	gene_gene		unsigned (STRING association)		census layer: STRING gene-gene	6
FN1	SPARC	gene_gene		unsigned (STRING association)		census layer: STRING gene-gene	80
FN1	SPP1	gene_gene		unsigned (STRING association)		census layer: STRING gene-gene	76
FN1	TGFBI	gene_gene		unsigned (STRING association)		census layer: STRING gene-gene	10
FN1	THBS1	gene_gene		unsigned (STRING association)		census layer: STRING gene-gene	234
FN1	TLR4	gene_gene		unsigned (STRING association)		census layer: STRING gene-gene	63
FN1	VCAM1	gene_gene		unsigned (STRING association)		census layer: STRING gene-gene	113
FOS	BCL2L1	TF_target		unannotated (excluded from sign-dependent analyses)		analysed network	27
FOS	DDIT3	TF_target	1	TRRUST		census layer: TRRUST TF-target	12
FOS	MYC	TF_target	-1	TRRUST		census layer: TRRUST TF-target	12
FOS	NFKB1	TF_target	-1	TRRUST		census layer: TRRUST TF-target	152
FOS	NTF3	TF_target		unannotated (excluded from sign-dependent analyses)		analysed network	17
FOS	PLAU	TF_target		unannotated (excluded from sign-dependent analyses)		analysed network	14
FOS	SMAD4	TF_target		unannotated (excluded from sign-dependent analyses)		census layer: TRRUST TF-target	9
FOS	SMAD7	TF_target	1	TRRUST		analysed network	76
FOS	SPI1	TF_target	-1	TRRUST		census layer: TRRUST TF-target	15
FOS	TP53	TF_target		unannotated (excluded from sign-dependent analyses)		census layer: TRRUST TF-target	32
FOSB	FOSL1	gene_gene		unsigned (STRING association)		census layer: STRING gene-gene	14
FOSB	NR4A1	gene_gene		unsigned (STRING association)		census layer: STRING gene-gene	12
FOXA2	COL18A1	TF_target		unannotated (excluded from sign-dependent analyses)		analysed network	2
FOXA2	PAX6	TF_target	-1	TRRUST		census layer: TRRUST TF-target	20
FOXM1	AR	TF_target	1	TRRUST		census layer: TRRUST TF-target	2
FOXM1	MYC	TF_target	1	TRRUST		census layer: TRRUST TF-target	2
FOXO1	EGR1	TF_target	-1	TRRUST		census layer: TRRUST TF-target	2
FOXO1	IL6	TF_target	1	TRRUST		analysed network	2
FOXO3	AR	TF_target	1	TRRUST		census layer: TRRUST TF-target	3
FOXO3	SIRT1	TF_target	1	TRRUST		census layer: TRRUST TF-target	1
FURIN	MMP14	gene_gene		unsigned (STRING association)		census layer: STRING gene-gene	64
GAD1	GLS	gene_gene		unsigned (STRING association)		census layer: STRING gene-gene	4
GATA1	CEBPA	TF_target	-1	TRRUST		analysed network	3
GATA1	SPI1	TF_target	-1	TRRUST		census layer: TRRUST TF-target	2
GATA3	ERG	TF_target	1	TRRUST		census layer: TRRUST TF-target	5
GATA3	LOX	TF_target	-1	TRRUST		analysed network	15
GATA3	NFKB1	TF_target		unannotated (excluded from sign-dependent analyses)		census layer: TRRUST TF-target	45
GATA3	RELA	TF_target		unannotated (excluded from sign-dependent analyses)		census layer: TRRUST TF-target	45
GATA6	CAV1	TF_target	-1	TRRUST		analysed network	26
GATA6	PLAU	TF_target	-1	TRRUST		analysed network	1
GLI1	EGR2	TF_target	-1	TRRUST		census layer: TRRUST TF-target	3
GLI1	JUN	TF_target		unannotated (excluded from sign-dependent analyses)		census layer: TRRUST TF-target	21
HBEGF	MMP14	gene_gene		unsigned (STRING association)		census layer: STRING gene-gene	202
HBEGF	MMP2	gene_gene		unsigned (STRING association)		census layer: STRING gene-gene	515
HDAC1	AR	TF_target		unannotated (excluded from sign-dependent analyses)		census layer: TRRUST TF-target	2
HDAC1	CD44	TF_target	-1	TRRUST		analysed network	97
HDAC1	E2F1	TF_target	-1	TRRUST		census layer: TRRUST TF-target	2
HDAC1	EGR1	TF_target	-1	TRRUST		census layer: TRRUST TF-target	10
HDAC1	KLF4	TF_target	-1	TRRUST		census layer: TRRUST TF-target	2
HDAC1	NFKB1	TF_target		unannotated (excluded from sign-dependent analyses)		census layer: TRRUST TF-target	10
HDAC1	POU5F1	TF_target		unannotated (excluded from sign-dependent analyses)		census layer: TRRUST TF-target	2
HDAC1	SMAD7	TF_target		unannotated (excluded from sign-dependent analyses)		analysed network	13
HDAC1	SNAI2	TF_target	-1	TRRUST		analysed network	2
HDAC1	SP1	TF_target	-1	TRRUST		census layer: TRRUST TF-target	30
HDAC1	SPP1	TF_target	-1	TRRUST		analysed network	31
HDAC1	STAT3	TF_target		unannotated (excluded from sign-dependent analyses)		census layer: TRRUST TF-target	6
HDAC1	TP53	TF_target	-1	TRRUST		census layer: TRRUST TF-target	12
HDAC2	BMP7	TF_target	-1	TRRUST		analysed network	4
HDAC2	CCL2	TF_target		unannotated (excluded from sign-dependent analyses)		analysed network	8
HDAC2	KLF4	TF_target	-1	TRRUST		census layer: TRRUST TF-target	14
HDAC2	MYC	TF_target		unannotated (excluded from sign-dependent analyses)		census layer: TRRUST TF-target	8
HDAC2	MYCN	TF_target		unannotated (excluded from sign-dependent analyses)		census layer: TRRUST TF-target	16
HDAC2	SNAI2	TF_target	-1	TRRUST		analysed network	14
HDAC2	SP1	TF_target	-1	TRRUST		census layer: TRRUST TF-target	100
HDAC2	TGFBR2	TF_target	-1	TRRUST		analysed network	50
HDAC2	TWIST1	TF_target	-1	TRRUST		analysed network	32
HDAC3	JUN	TF_target	-1	TRRUST		census layer: TRRUST TF-target	22
HDAC3	MMP2	TF_target	-1	TRRUST		analysed network	17
HDAC3	MYC	TF_target	-1	TRRUST		census layer: TRRUST TF-target	5
HDAC4	ATF4	TF_target		unannotated (excluded from sign-dependent analyses)		census layer: TRRUST TF-target	6
HDAC4	HDAC3	TF_target		unannotated (excluded from sign-dependent analyses)		census layer: TRRUST TF-target	4
HDAC4	JUN	TF_target		unannotated (excluded from sign-dependent analyses)		census layer: TRRUST TF-target	34
HDAC4	KLF4	TF_target		unannotated (excluded from sign-dependent analyses)		census layer: TRRUST TF-target	10
HDAC4	RUNX2	TF_target	-1	TRRUST		census layer: TRRUST TF-target	4
HDAC4	VCAM1	TF_target	1	TRRUST		analysed network	10
HDAC9	NFKB1	TF_target	-1	TRRUST		census layer: TRRUST TF-target	6
HDAC9	RELA	TF_target	-1	TRRUST		census layer: TRRUST TF-target	6
HDAC9	TP53	TF_target	-1	TRRUST		census layer: TRRUST TF-target	3
HES1	ASCL1	TF_target	-1	TRRUST		analysed network	8
HIF1A	APEX1	TF_target	-1	TRRUST		census layer: TRRUST TF-target	6
HIF1A	AR	TF_target	1	TRRUST		census layer: TRRUST TF-target	38
HIF1A	CTGF	TF_target	1	TRRUST		analysed network	28
HIF1A	CXCL12	TF_target		unannotated (excluded from sign-dependent analyses)		analysed network	19
HIF1A	EDN1	TF_target	1	TRRUST		analysed network	22
HIF1A	HBEGF	TF_target	1	TRRUST		analysed network	29
HIF1A	LDHA	TF_target	1	TRRUST		analysed network	6
HIF1A	LOX	TF_target		unannotated (excluded from sign-dependent analyses)		analysed network	28
HIF1A	MET	TF_target	1	TRRUST		analysed network	36
HIF1A	MMP2	TF_target		unannotated (excluded from sign-dependent analyses)		analysed network	108
HIF1A	NR4A1	TF_target	1	TRRUST		analysed network	10
HIF1A	NT5E	TF_target	1	TRRUST		analysed network	16
HIF1A	PLAU	TF_target		unannotated (excluded from sign-dependent analyses)		analysed network	14
HIF1A	PPARA	TF_target		unannotated (excluded from sign-dependent analyses)		census layer: TRRUST TF-target	25
HIF1A	SERPINE1	TF_target		unannotated (excluded from sign-dependent analyses)		analysed network	18
HIF1A	STAT3	TF_target		unannotated (excluded from sign-dependent analyses)		census layer: TRRUST TF-target	109
HIF1A	TWIST1	TF_target	1	TRRUST		analysed network	134
HIF1A	VHL	TF_target		unannotated (excluded from sign-dependent analyses)		census layer: TRRUST TF-target	18
HMGA1	CD44	TF_target	1	TRRUST		analysed network	79
HMGA1	SP1	TF_target		unannotated (excluded from sign-dependent analyses)		census layer: TRRUST TF-target	26
HMGA1	TP53	TF_target		unannotated (excluded from sign-dependent analyses)		census layer: TRRUST TF-target	8
HMGA1	TWIST1	TF_target	1	TRRUST		analysed network	16
HNF4A	MYC	TF_target	1	TRRUST		census layer: TRRUST TF-target	14
HNF4A	PPARA	TF_target		unannotated (excluded from sign-dependent analyses)		census layer: TRRUST TF-target	19
HOXA10	IL11	TF_target	-1	TRRUST		analysed network	15
HOXA10	MYCN	TF_target	-1	TRRUST		census layer: TRRUST TF-target	23
HOXA10	SNAI1	TF_target	-1	TRRUST		census layer: TRRUST TF-target	8
HOXA10	TP53	TF_target	1	TRRUST		census layer: TRRUST TF-target	31
HOXA9	VCAM1	TF_target		unannotated (excluded from sign-dependent analyses)		analysed network	10
HOXB7	MMP2	TF_target	1	TRRUST		analysed network	22
HOXB7	THBS2	TF_target	-1	TRRUST		analysed network	7
HOXB7	WNT5A	TF_target	1	TRRUST		analysed network	2
HSF1	BAG3	TF_target	-1	TRRUST		analysed network	2
HSF1	SERPINE1	TF_target	1	TRRUST		analysed network	5
HSF1	UBB	TF_target		unannotated (excluded from sign-dependent analyses)		analysed network	19
HSF2	FOS	TF_target		unannotated (excluded from sign-dependent analyses)		analysed network	2
HSF2	HIF1A	TF_target		unannotated (excluded from sign-dependent analyses)		census layer: TRRUST TF-target	20
ID1	THBS1	gene_gene		unsigned (STRING association)		census layer: STRING gene-gene	149
IL11	LIF	gene_gene		unsigned (STRING association)		census layer: STRING gene-gene	33
IL1R1	IRAK2	gene_gene		unsigned (STRING association)		census layer: STRING gene-gene	7
IL1R1	TLR4	gene_gene		unsigned (STRING association)		census layer: STRING gene-gene	3
IL6	LIF	gene_gene		unsigned (STRING association)		census layer: STRING gene-gene	480
IL6	TLR4	gene_gene		unsigned (STRING association)		census layer: STRING gene-gene	154
IL6	VCAM1	gene_gene		unsigned (STRING association)		census layer: STRING gene-gene	105
IRAK2	MYD88	gene_gene		unsigned (STRING association)		census layer: STRING gene-gene	7
IRAK2	NGFR	gene_gene		unsigned (STRING association)		census layer: STRING gene-gene	16
IRAK2	TLR4	gene_gene		unsigned (STRING association)		census layer: STRING gene-gene	6
IRF1	E2F1	TF_target	-1	TRRUST		census layer: TRRUST TF-target	30
IRF1	MYB	TF_target	-1	TRRUST		census layer: TRRUST TF-target	8
IRF1	TP53	TF_target		unannotated (excluded from sign-dependent analyses)		census layer: TRRUST TF-target	62
IRF1	VCAM1	TF_target		unannotated (excluded from sign-dependent analyses)		analysed network	35
IRF3	CCL2	TF_target		unannotated (excluded from sign-dependent analyses)		analysed network	2
IRF3	TLR3	TF_target		unannotated (excluded from sign-dependent analyses)		analysed network	5
IRF3	TLR4	TF_target		unannotated (excluded from sign-dependent analyses)		analysed network	5
IRF9	STAT5A	gene_gene		unsigned (STRING association)		census layer: STRING gene-gene	5
ITGA5	ITGB1	gene_gene		unsigned (STRING association)		census layer: STRING gene-gene	10
ITGB1	SPP1	gene_gene		unsigned (STRING association)		census layer: STRING gene-gene	30
ITGB1	THBS1	gene_gene		unsigned (STRING association)		census layer: STRING gene-gene	71
ITGB1	THBS2	gene_gene		unsigned (STRING association)		census layer: STRING gene-gene	30
ITGB1	VCAM1	gene_gene		unsigned (STRING association)		census layer: STRING gene-gene	63
JUN	AR	TF_target	-1	TRRUST		census layer: TRRUST TF-target	6
JUN	ATF3	TF_target	1	TRRUST		analysed network	4
JUN	BCL2L1	TF_target		unannotated (excluded from sign-dependent analyses)		analysed network	24
JUN	CCL2	TF_target	1	TRRUST		analysed network	32
JUN	CTGF	TF_target	-1	TRRUST		analysed network	15
JUN	DDIT3	TF_target	1	TRRUST		census layer: TRRUST TF-target	8
JUN	EDN1	TF_target		unannotated (excluded from sign-dependent analyses)		analysed network	15
JUN	ETS1	TF_target	1	TRRUST		census layer: TRRUST TF-target	14
JUN	ETS2	TF_target		unannotated (excluded from sign-dependent analyses)		census layer: TRRUST TF-target	2
JUN	EZH2	TF_target		unannotated (excluded from sign-dependent analyses)		census layer: TRRUST TF-target	4
JUN	F3	TF_target		unannotated (excluded from sign-dependent analyses)		analysed network	21
JUN	FGF7	TF_target		unannotated (excluded from sign-dependent analyses)		analysed network	21
JUN	FOSL1	TF_target	1	TRRUST		analysed network	10
JUN	IL6	TF_target	1	TRRUST		analysed network	104
JUN	LDHA	TF_target	1	TRRUST		analysed network	3
JUN	MMP2	TF_target	1	TRRUST		analysed network	65
JUN	MYB	TF_target		unannotated (excluded from sign-dependent analyses)		census layer: TRRUST TF-target	2
JUN	MYC	TF_target	-1	TRRUST		census layer: TRRUST TF-target	8
JUN	PLAU	TF_target		unannotated (excluded from sign-dependent analyses)		analysed network	21
JUN	PPARA	TF_target		unannotated (excluded from sign-dependent analyses)		census layer: TRRUST TF-target	14
JUN	RARA	TF_target	-1	TRRUST		census layer: TRRUST TF-target	4
JUN	RUNX2	TF_target		unannotated (excluded from sign-dependent analyses)		census layer: TRRUST TF-target	2
JUN	SMAD7	TF_target	1	TRRUST		analysed network	72
JUN	SPI1	TF_target	1	TRRUST		census layer: TRRUST TF-target	14
JUN	TP53	TF_target	-1	TRRUST		census layer: TRRUST TF-target	18
JUN	VCAM1	TF_target	1	TRRUST		analysed network	33
JUN	VDR	TF_target	1	TRRUST		analysed network	8
JUND	BCL6	TF_target		unannotated (excluded from sign-dependent analyses)		census layer: TRRUST TF-target	2
JUND	FOSL1	TF_target	1	TRRUST		analysed network	4
JUND	MYB	TF_target		unannotated (excluded from sign-dependent analyses)		census layer: TRRUST TF-target	8
KLF2	THBD	TF_target	1	TRRUST		analysed network	4
KLF4	ATF3	TF_target	1	TRRUST		analysed network	6
KLF4	IL6	TF_target	1	TRRUST		analysed network	41
KLF4	MMP2	TF_target	1	TRRUST		analysed network	21
KLF4	RARA	TF_target	-1	TRRUST		census layer: TRRUST TF-target	2
KLF4	TAGLN	TF_target		unannotated (excluded from sign-dependent analyses)		analysed network	6
KLF4	THBD	TF_target	1	TRRUST		analysed network	13
KLF4	TP53	TF_target		unannotated (excluded from sign-dependent analyses)		census layer: TRRUST TF-target	30
KLF4	VDR	TF_target	-1	TRRUST		analysed network	8
KLF5	FOXO1	TF_target		unannotated (excluded from sign-dependent analyses)		census layer: TRRUST TF-target	2
KLF5	HIF1A	TF_target	1	TRRUST		census layer: TRRUST TF-target	18
KLF8	FN1	TF_target	-1	TRRUST		analysed network	27
KLF8	MMP14	TF_target	1	TRRUST		analysed network	12
LDHA	ME1	gene_gene		unsigned (STRING association)		census layer: STRING gene-gene	22
LEF1	AR	TF_target		unannotated (excluded from sign-dependent analyses)		census layer: TRRUST TF-target	6
LEF1	CEBPA	TF_target		unannotated (excluded from sign-dependent analyses)		analysed network	27
LEF1	CTNNB1	TF_target		unannotated (excluded from sign-dependent analyses)		census layer: TRRUST TF-target	25
LEF1	ESR1	TF_target		unannotated (excluded from sign-dependent analyses)		census layer: TRRUST TF-target	2
LEF1	MITF	TF_target	1	TRRUST		census layer: TRRUST TF-target	2
LEF1	MYC	TF_target		unannotated (excluded from sign-dependent analyses)		census layer: TRRUST TF-target	13
LEF1	SNAI2	TF_target		unannotated (excluded from sign-dependent analyses)		analysed network	18
LEF1	TCF4	TF_target		unannotated (excluded from sign-dependent analyses)		census layer: TRRUST TF-target	19
LTBP1	TGFB2	gene_gene		unsigned (STRING association)		census layer: STRING gene-gene	11
LTBP1	THBS1	gene_gene		unsigned (STRING association)		census layer: STRING gene-gene	29
MAP1LC3A	SQSTM1	gene_gene		unsigned (STRING association)		census layer: STRING gene-gene	11
MAX	MYC	TF_target		unannotated (excluded from sign-dependent analyses)		census layer: TRRUST TF-target	12
MEF2A	JUN	TF_target	1	TRRUST		census layer: TRRUST TF-target	25
MEN1	JUND	TF_target	-1	TRRUST		census layer: TRRUST TF-target	4
MET	SHC1	gene_gene		unsigned (STRING association)		census layer: STRING gene-gene	66
MITF	FOS	TF_target	1	TRRUST		analysed network	11
MITF	HIF1A	TF_target	1	TRRUST		census layer: TRRUST TF-target	47
MITF	MET	TF_target		unannotated (excluded from sign-dependent analyses)		analysed network	5
MKL1	SRF	TF_target		unannotated (excluded from sign-dependent analyses)		census layer: TRRUST TF-target	2
MMP14	MMP2	gene_gene		unsigned (STRING association)		census layer: STRING gene-gene	157
MMP2	THBS1	gene_gene		unsigned (STRING association)		census layer: STRING gene-gene	410
MTA1	BCL2L1	TF_target	1	TRRUST		analysed network	6
MTA1	EPHA2	TF_target	-1	TRRUST		analysed network	2
MTA1	SMAD7	TF_target	-1	TRRUST		analysed network	7
MYB	ANPEP	TF_target		unannotated (excluded from sign-dependent analyses)		analysed network	7
MYB	CEBPA	TF_target		unannotated (excluded from sign-dependent analyses)		analysed network	7
MYB	COL1A1	TF_target	1	TRRUST		analysed network	49
MYB	GATA3	TF_target		unannotated (excluded from sign-dependent analyses)		census layer: TRRUST TF-target	2
MYB	MYC	TF_target	1	TRRUST		census layer: TRRUST TF-target	2
MYC	ATF3	TF_target		unannotated (excluded from sign-dependent analyses)		analysed network	40
MYC	CEBPA	TF_target	-1	TRRUST		analysed network	93
MYC	DKK1	TF_target	-1	TRRUST		analysed network	29
MYC	EP300	TF_target		unannotated (excluded from sign-dependent analyses)		census layer: TRRUST TF-target	36
MYC	HDAC2	TF_target	1	TRRUST		census layer: TRRUST TF-target	27
MYC	IL6	TF_target		unannotated (excluded from sign-dependent analyses)		analysed network	230
MYC	LDHA	TF_target	1	TRRUST		analysed network	11
MYC	TP53	TF_target	1	TRRUST		census layer: TRRUST TF-target	99
MYCN	CD44	TF_target	1	TRRUST		analysed network	85
MYCN	DKK3	TF_target	-1	TRRUST		analysed network	1
MYCN	HDAC2	TF_target	1	TRRUST		census layer: TRRUST TF-target	27
MYCN	HMGA1	TF_target		unannotated (excluded from sign-dependent analyses)		census layer: TRRUST TF-target	31
MYCN	NGFR	TF_target	-1	TRRUST		analysed network	41
MYCN	TP53	TF_target		unannotated (excluded from sign-dependent analyses)		census layer: TRRUST TF-target	41
MYD88	TLR4	gene_gene		unsigned (STRING association)		census layer: STRING gene-gene	4
NANOG	DKK1	TF_target		unannotated (excluded from sign-dependent analyses)		analysed network	2
NANOG	GATA6	TF_target	-1	TRRUST		census layer: TRRUST TF-target	12
NANOG	SEMA6A	TF_target		unannotated (excluded from sign-dependent analyses)		analysed network	5
NCOR1	AR	TF_target	1	TRRUST		census layer: TRRUST TF-target	1
NCOR1	ESR1	TF_target	-1	TRRUST		census layer: TRRUST TF-target	1
NCOR1	PPARG	TF_target	-1	TRRUST		census layer: TRRUST TF-target	1
NCOR1	SNAI2	TF_target	-1	TRRUST		analysed network	1
NF1	FOS	TF_target	1	TRRUST		analysed network	1
NFKB1	AR	TF_target	-1	TRRUST		census layer: TRRUST TF-target	42
NFKB1	ATF3	TF_target		unannotated (excluded from sign-dependent analyses)		analysed network	20
NFKB1	BCL2L1	TF_target		unannotated (excluded from sign-dependent analyses)		analysed network	36
NFKB1	CCL2	TF_target	1	TRRUST		analysed network	27
NFKB1	COL1A1	TF_target		unannotated (excluded from sign-dependent analyses)		analysed network	84
NFKB1	CTSB	TF_target	1	TRRUST		analysed network	3
NFKB1	CXCL12	TF_target	1	TRRUST		analysed network	27
NFKB1	E2F1	TF_target		unannotated (excluded from sign-dependent analyses)		census layer: TRRUST TF-target	20
NFKB1	EDN1	TF_target		unannotated (excluded from sign-dependent analyses)		analysed network	19
NFKB1	EGR1	TF_target	-1	TRRUST		census layer: TRRUST TF-target	86
NFKB1	F3	TF_target		unannotated (excluded from sign-dependent analyses)		analysed network	16
NFKB1	F8	TF_target		unannotated (excluded from sign-dependent analyses)		analysed network	41
NFKB1	FGF7	TF_target		unannotated (excluded from sign-dependent analyses)		analysed network	34
NFKB1	FN1	TF_target	1	TRRUST		analysed network	191
NFKB1	GATA3	TF_target	1	TRRUST		census layer: TRRUST TF-target	2
NFKB1	HBEGF	TF_target	1	TRRUST		analysed network	28
NFKB1	HDAC1	TF_target		unannotated (excluded from sign-dependent analyses)		census layer: TRRUST TF-target	42
NFKB1	HES1	TF_target		unannotated (excluded from sign-dependent analyses)		census layer: TRRUST TF-target	4
NFKB1	HIF1A	TF_target		unannotated (excluded from sign-dependent analyses)		census layer: TRRUST TF-target	52
NFKB1	HOXA9	TF_target	-1	TRRUST		census layer: TRRUST TF-target	10
NFKB1	IL6	TF_target		unannotated (excluded from sign-dependent analyses)		analysed network	80
NFKB1	IRF1	TF_target	1	TRRUST		analysed network	10
NFKB1	MMP14	TF_target	1	TRRUST		analysed network	69
NFKB1	MMP2	TF_target	1	TRRUST		analysed network	92
NFKB1	MYC	TF_target		unannotated (excluded from sign-dependent analyses)		census layer: TRRUST TF-target	13
NFKB1	OPTN	TF_target	1	TRRUST		analysed network	34
NFKB1	PLAU	TF_target	1	TRRUST		analysed network	16
NFKB1	SERPINE1	TF_target		unannotated (excluded from sign-dependent analyses)		analysed network	27
NFKB1	SNAI1	TF_target	1	TRRUST		census layer: TRRUST TF-target	60
NFKB1	SQSTM1	TF_target		unannotated (excluded from sign-dependent analyses)		analysed network	26
NFKB1	THBD	TF_target	-1	TRRUST		analysed network	27
NFKB1	TLR3	TF_target		unannotated (excluded from sign-dependent analyses)		analysed network	8
NFKB1	TP53	TF_target		unannotated (excluded from sign-dependent analyses)		census layer: TRRUST TF-target	75
NFKB1	VCAM1	TF_target	1	TRRUST		analysed network	49
NFKB1	YY1	TF_target	-1	TRRUST		census layer: TRRUST TF-target	29
NFKB2	HIF1A	TF_target	-1	TRRUST		census layer: TRRUST TF-target	2
NGF	NGFR	gene_gene		unsigned (STRING association)		census layer: STRING gene-gene	6
NGFR	NTF3	gene_gene		unsigned (STRING association)		census layer: STRING gene-gene	4
NOTCH1	POSTN	gene_gene		unsigned (STRING association)		census layer: STRING gene-gene	8
NR1H4	EDN1	TF_target	-1	TRRUST		analysed network	1
NR1H4	NFKB1	TF_target	1	TRRUST		census layer: TRRUST TF-target	20
NR1H4	RELA	TF_target	1	TRRUST		census layer: TRRUST TF-target	20
NR1H4	SCARB1	TF_target	1	TRRUST		analysed network	3
NRP1	SEMA6A	gene_gene		unsigned (STRING association)		census layer: STRING gene-gene	12
NRP1	VEGFC	gene_gene		unsigned (STRING association)		census layer: STRING gene-gene	4
NT5E	TYMS	gene_gene		unsigned (STRING association)		census layer: STRING gene-gene	17
OPTN	SQSTM1	gene_gene		unsigned (STRING association)		census layer: STRING gene-gene	14
OPTN	UBB	gene_gene		unsigned (STRING association)		census layer: STRING gene-gene	2
PAX5	MET	TF_target	1	TRRUST		analysed network	14
PAX5	MYCN	TF_target	1	TRRUST		census layer: TRRUST TF-target	6
PAX5	TP53	TF_target		unannotated (excluded from sign-dependent analyses)		census layer: TRRUST TF-target	6
PAX6	ITGA5	TF_target		unannotated (excluded from sign-dependent analyses)		analysed network	30
PAX6	ITGB1	TF_target		unannotated (excluded from sign-dependent analyses)		analysed network	54
PAX6	MET	TF_target	1	TRRUST		analysed network	19
PAX6	MMP2	TF_target		unannotated (excluded from sign-dependent analyses)		analysed network	34
PDGFRB	SHC1	gene_gene		unsigned (STRING association)		census layer: STRING gene-gene	32
PEG10	PEG3	gene_gene		unsigned (STRING association)		census layer: STRING gene-gene	19
PLAU	SERPINE1	gene_gene		unsigned (STRING association)		census layer: STRING gene-gene	147
POU2F1	ID1	TF_target		unannotated (excluded from sign-dependent analyses)		analysed network	3
POU2F1	PLAU	TF_target		unannotated (excluded from sign-dependent analyses)		analysed network	5
POU2F1	SDC4	TF_target		unannotated (excluded from sign-dependent analyses)		analysed network	31
POU2F1	SPP1	TF_target		unannotated (excluded from sign-dependent analyses)		analysed network	18
POU2F1	VCAM1	TF_target	-1	TRRUST		analysed network	18
POU5F1	GATA6	TF_target	-1	TRRUST		census layer: TRRUST TF-target	15
POU5F1	NANOG	TF_target	1	TRRUST		census layer: TRRUST TF-target	2
POU5F1	SEMA6A	TF_target		unannotated (excluded from sign-dependent analyses)		analysed network	4
POU5F1	SOX2	TF_target	1	TRRUST		analysed network	2
POU5F1	SPP1	TF_target	1	TRRUST		analysed network	6
PPARA	IL6	TF_target		unannotated (excluded from sign-dependent analyses)		analysed network	67
PPARA	SERPINE1	TF_target	1	TRRUST		analysed network	11
PPARA	STAT5A	TF_target		unannotated (excluded from sign-dependent analyses)		analysed network	29
PPARG	BCL2L1	TF_target	-1	TRRUST		analysed network	15
PPARG	CAV1	TF_target		unannotated (excluded from sign-dependent analyses)		analysed network	21
PPARG	CEBPA	TF_target		unannotated (excluded from sign-dependent analyses)		analysed network	19
PPARG	KLF4	TF_target		unannotated (excluded from sign-dependent analyses)		census layer: TRRUST TF-target	4
PPARG	MYC	TF_target	-1	TRRUST		census layer: TRRUST TF-target	2
PPARG	POU2F1	TF_target	1	TRRUST		census layer: TRRUST TF-target	11
PPARG	SERPINE1	TF_target		unannotated (excluded from sign-dependent analyses)		analysed network	16
PPARG	TP53	TF_target	1	TRRUST		census layer: TRRUST TF-target	12
RARA	ETS1	TF_target		unannotated (excluded from sign-dependent analyses)		census layer: TRRUST TF-target	2
RARA	PLAU	TF_target		unannotated (excluded from sign-dependent analyses)		analysed network	6
RARA	THBD	TF_target	1	TRRUST		analysed network	14
RB1	FOS	TF_target	-1	TRRUST		analysed network	2
RB1	SP1	TF_target		unannotated (excluded from sign-dependent analyses)		census layer: TRRUST TF-target	14
RB1	TGFBI	TF_target		unannotated (excluded from sign-dependent analyses)		analysed network	10
RBPJ	NFKB1	TF_target		unannotated (excluded from sign-dependent analyses)		census layer: TRRUST TF-target	6
RELA	AR	TF_target	-1	TRRUST		census layer: TRRUST TF-target	18
RELA	BCL2L1	TF_target		unannotated (excluded from sign-dependent analyses)		analysed network	17
RELA	CCL2	TF_target	1	TRRUST		analysed network	9
RELA	COL1A1	TF_target		unannotated (excluded from sign-dependent analyses)		analysed network	39
RELA	CTSB	TF_target	1	TRRUST		analysed network	3
RELA	CXCL12	TF_target	1	TRRUST		analysed network	12
RELA	E2F1	TF_target		unannotated (excluded from sign-dependent analyses)		census layer: TRRUST TF-target	13
RELA	EDN1	TF_target		unannotated (excluded from sign-dependent analyses)		analysed network	11
RELA	EGR1	TF_target	-1	TRRUST		census layer: TRRUST TF-target	49
RELA	EPAS1	TF_target	1	TRRUST		analysed network	10
RELA	F3	TF_target		unannotated (excluded from sign-dependent analyses)		analysed network	5
RELA	F8	TF_target		unannotated (excluded from sign-dependent analyses)		analysed network	21
RELA	FGF7	TF_target		unannotated (excluded from sign-dependent analyses)		analysed network	16
RELA	FN1	TF_target	1	TRRUST		analysed network	104
RELA	GATA3	TF_target	1	TRRUST		census layer: TRRUST TF-target	7
RELA	HBEGF	TF_target	1	TRRUST		analysed network	13
RELA	HDAC1	TF_target		unannotated (excluded from sign-dependent analyses)		census layer: TRRUST TF-target	37
RELA	HES1	TF_target		unannotated (excluded from sign-dependent analyses)		census layer: TRRUST TF-target	4
RELA	HIF1A	TF_target		unannotated (excluded from sign-dependent analyses)		census layer: TRRUST TF-target	49
RELA	IL6	TF_target		unannotated (excluded from sign-dependent analyses)		analysed network	40
RELA	IRF1	TF_target	1	TRRUST		analysed network	9
RELA	MMP14	TF_target	1	TRRUST		analysed network	39
RELA	MMP2	TF_target	1	TRRUST		analysed network	53
RELA	MYC	TF_target		unannotated (excluded from sign-dependent analyses)		census layer: TRRUST TF-target	11
RELA	NFKB1	TF_target	1	TRRUST		analysed network	109
RELA	OPTN	TF_target	1	TRRUST		analysed network	15
RELA	PLAU	TF_target	1	TRRUST		analysed network	5
RELA	PPARA	TF_target		unannotated (excluded from sign-dependent analyses)		census layer: TRRUST TF-target	14
RELA	SERPINE1	TF_target		unannotated (excluded from sign-dependent analyses)		analysed network	14
RELA	SIRT1	TF_target	1	TRRUST		census layer: TRRUST TF-target	10
RELA	SNAI1	TF_target	1	TRRUST		census layer: TRRUST TF-target	29
RELA	STAT1	TF_target		unannotated (excluded from sign-dependent analyses)		census layer: TRRUST TF-target	25
RELA	STAT3	TF_target		unannotated (excluded from sign-dependent analyses)		census layer: TRRUST TF-target	61
RELA	THBD	TF_target	-1	TRRUST		analysed network	14
RELA	TLR3	TF_target		unannotated (excluded from sign-dependent analyses)		analysed network	6
RELA	TP53	TF_target		unannotated (excluded from sign-dependent analyses)		census layer: TRRUST TF-target	54
RELA	TWIST1	TF_target	1	TRRUST		analysed network	73
RELA	VCAM1	TF_target	1	TRRUST		analysed network	23
RELA	YY1	TF_target	-1	TRRUST		census layer: TRRUST TF-target	16
REST	AR	TF_target		unannotated (excluded from sign-dependent analyses)		census layer: TRRUST TF-target	4
REST	NRP1	TF_target	-1	TRRUST		analysed network	1
REST	STAT1	TF_target	-1	TRRUST		census layer: TRRUST TF-target	2
RUNX1	JUN	TF_target	1	TRRUST		census layer: TRRUST TF-target	44
RUNX1	KLF4	TF_target		unannotated (excluded from sign-dependent analyses)		census layer: TRRUST TF-target	25
RUNX1	NFKB1	TF_target		unannotated (excluded from sign-dependent analyses)		census layer: TRRUST TF-target	85
RUNX1	RELA	TF_target		unannotated (excluded from sign-dependent analyses)		census layer: TRRUST TF-target	83
RUNX1	SPI1	TF_target	1	TRRUST		census layer: TRRUST TF-target	15
RUNX2	AR	TF_target		unannotated (excluded from sign-dependent analyses)		census layer: TRRUST TF-target	3
RUNX2	ESR1	TF_target		unannotated (excluded from sign-dependent analyses)		census layer: TRRUST TF-target	2
RUNX2	MMP2	TF_target	1	TRRUST		analysed network	35
RUNX2	PLAU	TF_target		unannotated (excluded from sign-dependent analyses)		analysed network	6
RUNX2	SNAI2	TF_target	1	TRRUST		analysed network	4
RUNX2	TWIST1	TF_target	1	TRRUST		analysed network	5
RUNX2	VEGFC	TF_target	1	TRRUST		analysed network	4
SCARB1	THBS1	gene_gene		unsigned (STRING association)		census layer: STRING gene-gene	35
SCARB1	THBS2	gene_gene		unsigned (STRING association)		census layer: STRING gene-gene	22
SCARB1	TLR4	gene_gene		unsigned (STRING association)		census layer: STRING gene-gene	7
SDC4	THBS1	gene_gene		unsigned (STRING association)		census layer: STRING gene-gene	3
SDC4	THBS2	gene_gene		unsigned (STRING association)		census layer: STRING gene-gene	5
SHC1	TGFBR2	gene_gene		unsigned (STRING association)		census layer: STRING gene-gene	37
SIRT1	HIF1A	TF_target	1	TRRUST		census layer: TRRUST TF-target	2
SIRT1	HSF1	TF_target	1	TRRUST		census layer: TRRUST TF-target	2
SIRT1	PAX6	TF_target	-1	TRRUST		census layer: TRRUST TF-target	2
SIRT1	SHC1	TF_target		unannotated (excluded from sign-dependent analyses)		analysed network	25
SIRT1	TP53	TF_target		unannotated (excluded from sign-dependent analyses)		census layer: TRRUST TF-target	4
SMAD3	AHR	TF_target		unannotated (excluded from sign-dependent analyses)		census layer: TRRUST TF-target	8
SMAD3	FOXA2	TF_target		unannotated (excluded from sign-dependent analyses)		census layer: TRRUST TF-target	2
SMAD3	JUN	TF_target		unannotated (excluded from sign-dependent analyses)		census layer: TRRUST TF-target	49
SMAD3	MYC	TF_target		unannotated (excluded from sign-dependent analyses)		census layer: TRRUST TF-target	9
SMAD3	SERPINE1	TF_target	1	TRRUST		analysed network	4
SMAD3	SMAD7	TF_target	-1	TRRUST		analysed network	12
SMAD3	VDR	TF_target	1	TRRUST		analysed network	8
SMAD4	AHR	TF_target		unannotated (excluded from sign-dependent analyses)		census layer: TRRUST TF-target	31
SMAD4	JUN	TF_target		unannotated (excluded from sign-dependent analyses)		census layer: TRRUST TF-target	72
SMAD4	MYC	TF_target		unannotated (excluded from sign-dependent analyses)		census layer: TRRUST TF-target	31
SMAD4	SERPINE1	TF_target	1	TRRUST		analysed network	4
SMAD4	SMAD7	TF_target		unannotated (excluded from sign-dependent analyses)		analysed network	5
SMAD6	SMAD7	gene_gene		unsigned (STRING association)		census layer: STRING gene-gene	72
SMAD7	TGFBR2	gene_gene		unsigned (STRING association)		census layer: STRING gene-gene	250
SNAI1	FN1	TF_target		unannotated (excluded from sign-dependent analyses)		analysed network	76
SNAI1	HBEGF	TF_target	1	TRRUST		analysed network	5
SNAI1	THBS1	TF_target	-1	TRRUST		analysed network	24
SNAI1	VDR	TF_target	-1	TRRUST		analysed network	2
SNAI2	CD44	TF_target	1	TRRUST		analysed network	59
SNAI2	CXCL12	TF_target	1	TRRUST		analysed network	5
SNAI2	POU5F1	TF_target	1	TRRUST		census layer: TRRUST TF-target	6
SNAI2	VDR	TF_target	-1	TRRUST		analysed network	10
SNAP25	SYP	gene_gene		unsigned (STRING association)		census layer: STRING gene-gene	19
SOX2	PAX6	TF_target		unannotated (excluded from sign-dependent analyses)		census layer: TRRUST TF-target	81
SOX2	SEMA6A	TF_target		unannotated (excluded from sign-dependent analyses)		analysed network	2
SOX9	AR	TF_target	1	TRRUST		census layer: TRRUST TF-target	6
SOX9	KLF4	TF_target		unannotated (excluded from sign-dependent analyses)		census layer: TRRUST TF-target	2
SP1	AHR	TF_target	-1	TRRUST		census layer: TRRUST TF-target	12
SP1	AR	TF_target	1	TRRUST		census layer: TRRUST TF-target	27
SP1	CAV1	TF_target		unannotated (excluded from sign-dependent analyses)		analysed network	5
SP1	CCL2	TF_target	1	TRRUST		analysed network	8
SP1	CD151	TF_target	1	TRRUST		analysed network	1
SP1	CD44	TF_target	1	TRRUST		analysed network	32
SP1	COL18A1	TF_target		unannotated (excluded from sign-dependent analyses)		analysed network	3
SP1	COL1A1	TF_target		unannotated (excluded from sign-dependent analyses)		analysed network	16
SP1	CREB1	TF_target		unannotated (excluded from sign-dependent analyses)		census layer: TRRUST TF-target	27
SP1	CTGF	TF_target	1	TRRUST		analysed network	10
SP1	E2F1	TF_target		unannotated (excluded from sign-dependent analyses)		census layer: TRRUST TF-target	20
SP1	EGR1	TF_target	1	TRRUST		census layer: TRRUST TF-target	65
SP1	ESR1	TF_target		unannotated (excluded from sign-dependent analyses)		census layer: TRRUST TF-target	5
SP1	F3	TF_target		unannotated (excluded from sign-dependent analyses)		analysed network	6
SP1	FBN1	TF_target		unannotated (excluded from sign-dependent analyses)		analysed network	16
SP1	FOS	TF_target		unannotated (excluded from sign-dependent analyses)		analysed network	14
SP1	GATA3	TF_target		unannotated (excluded from sign-dependent analyses)		census layer: TRRUST TF-target	4
SP1	HBEGF	TF_target	1	TRRUST		analysed network	5
SP1	HDAC4	TF_target	1	TRRUST		census layer: TRRUST TF-target	10
SP1	HMGA1	TF_target	1	TRRUST		census layer: TRRUST TF-target	25
SP1	HOXB7	TF_target		unannotated (excluded from sign-dependent analyses)		analysed network	11
SP1	IL6	TF_target	1	TRRUST		analysed network	23
SP1	ITGA5	TF_target	1	TRRUST		analysed network	12
SP1	KLF8	TF_target		unannotated (excluded from sign-dependent analyses)		census layer: TRRUST TF-target	39
SP1	ME1	TF_target		unannotated (excluded from sign-dependent analyses)		analysed network	2
SP1	MET	TF_target		unannotated (excluded from sign-dependent analyses)		analysed network	11
SP1	MMP14	TF_target	1	TRRUST		analysed network	13
SP1	MMP2	TF_target	1	TRRUST		analysed network	12
SP1	MTA1	TF_target	1	TRRUST		census layer: TRRUST TF-target	15
SP1	MYC	TF_target		unannotated (excluded from sign-dependent analyses)		census layer: TRRUST TF-target	13
SP1	MYCN	TF_target		unannotated (excluded from sign-dependent analyses)		census layer: TRRUST TF-target	31
SP1	NFKB1	TF_target	1	TRRUST		analysed network	125
SP1	NR4A1	TF_target		unannotated (excluded from sign-dependent analyses)		analysed network	2
SP1	NT5E	TF_target		unannotated (excluded from sign-dependent analyses)		analysed network	1
SP1	PAX6	TF_target		unannotated (excluded from sign-dependent analyses)		census layer: TRRUST TF-target	34
SP1	PLAU	TF_target		unannotated (excluded from sign-dependent analyses)		analysed network	6
SP1	RARA	TF_target	1	TRRUST		census layer: TRRUST TF-target	2
SP1	RELA	TF_target	1	TRRUST		analysed network	123
SP1	SERPINE1	TF_target	1	TRRUST		analysed network	8
SP1	SIRT1	TF_target		unannotated (excluded from sign-dependent analyses)		census layer: TRRUST TF-target	12
SP1	SPP1	TF_target		unannotated (excluded from sign-dependent analyses)		analysed network	12
SP1	SQSTM1	TF_target		unannotated (excluded from sign-dependent analyses)		analysed network	5
SP1	SREBF1	TF_target	1	TRRUST		census layer: TRRUST TF-target	15
SP1	SYP	TF_target		unannotated (excluded from sign-dependent analyses)		analysed network	19
SP1	TGFBR2	TF_target		unannotated (excluded from sign-dependent analyses)		analysed network	27
SP1	THBD	TF_target	1	TRRUST		analysed network	8
SP1	VDR	TF_target		unannotated (excluded from sign-dependent analyses)		analysed network	12
SP1	YY1	TF_target	1	TRRUST		census layer: TRRUST TF-target	22
SPARC	SPP1	gene_gene		unsigned (STRING association)		census layer: STRING gene-gene	26
SPARC	VCAM1	gene_gene		unsigned (STRING association)		census layer: STRING gene-gene	57
SPI1	CCL2	TF_target	1	TRRUST		analysed network	15
SPI1	FLI1	TF_target		unannotated (excluded from sign-dependent analyses)		census layer: TRRUST TF-target	1
SPI1	SCARB1	TF_target		unannotated (excluded from sign-dependent analyses)		analysed network	42
SPI1	TLR4	TF_target	1	TRRUST		analysed network	4
SQSTM1	UBB	gene_gene		unsigned (STRING association)		census layer: STRING gene-gene	4
SREBF1	AR	TF_target		unannotated (excluded from sign-dependent analyses)		census layer: TRRUST TF-target	12
SREBF1	BCL2L1	TF_target	-1	TRRUST		analysed network	6
SREBF1	CAV1	TF_target	-1	TRRUST		analysed network	6
SREBF1	FDFT1	TF_target		unannotated (excluded from sign-dependent analyses)		analysed network	3
SREBF1	PPARG	TF_target		unannotated (excluded from sign-dependent analyses)		census layer: TRRUST TF-target	4
SREBF2	PPARG	TF_target		unannotated (excluded from sign-dependent analyses)		census layer: TRRUST TF-target	2
SRF	CREB1	TF_target	-1	TRRUST		census layer: TRRUST TF-target	6
SRF	FOS	TF_target	1	TRRUST		analysed network	4
SRF	PLAU	TF_target	1	TRRUST		analysed network	2
STAT1	CCL2	TF_target		unannotated (excluded from sign-dependent analyses)		analysed network	12
STAT1	CTSB	TF_target		unannotated (excluded from sign-dependent analyses)		analysed network	2
STAT1	EDN1	TF_target	1	TRRUST		analysed network	7
STAT1	GLS	TF_target		unannotated (excluded from sign-dependent analyses)		analysed network	2
STAT1	IL1R1	TF_target		unannotated (excluded from sign-dependent analyses)		analysed network	10
STAT1	IL6	TF_target	-1	TRRUST		analysed network	34
STAT1	IRF1	TF_target		unannotated (excluded from sign-dependent analyses)		analysed network	2
STAT1	NR1H4	TF_target	-1	TRRUST		census layer: TRRUST TF-target	4
STAT1	PPARA	TF_target	1	TRRUST		census layer: TRRUST TF-target	1
STAT1	SCARB1	TF_target		unannotated (excluded from sign-dependent analyses)		analysed network	55
STAT1	STAT3	TF_target		unannotated (excluded from sign-dependent analyses)		census layer: TRRUST TF-target	23
STAT1	TLR3	TF_target	1	TRRUST		analysed network	3
STAT1	TP53	TF_target	1	TRRUST		census layer: TRRUST TF-target	21
STAT3	AR	TF_target		unannotated (excluded from sign-dependent analyses)		census layer: TRRUST TF-target	39
STAT3	BCL2L1	TF_target		unannotated (excluded from sign-dependent analyses)		analysed network	24
STAT3	BCL6	TF_target	1	TRRUST		census layer: TRRUST TF-target	9
STAT3	CCL2	TF_target	1	TRRUST		analysed network	19
STAT3	CTGF	TF_target	-1	TRRUST		analysed network	20
STAT3	DDIT3	TF_target	-1	TRRUST		census layer: TRRUST TF-target	16
STAT3	EPAS1	TF_target		unannotated (excluded from sign-dependent analyses)		analysed network	21
STAT3	ESR2	TF_target	1	TRRUST		census layer: TRRUST TF-target	2
STAT3	FOS	TF_target	1	TRRUST		analysed network	22
STAT3	HIF1A	TF_target	1	TRRUST		census layer: TRRUST TF-target	60
STAT3	IL11	TF_target		unannotated (excluded from sign-dependent analyses)		analysed network	18
STAT3	IL6	TF_target		unannotated (excluded from sign-dependent analyses)		analysed network	48
STAT3	IRF1	TF_target	1	TRRUST		analysed network	14
STAT3	LTBP1	TF_target	-1	TRRUST		analysed network	73
STAT3	MMP14	TF_target		unannotated (excluded from sign-dependent analyses)		analysed network	53
STAT3	MMP2	TF_target		unannotated (excluded from sign-dependent analyses)		analysed network	83
STAT3	MYC	TF_target		unannotated (excluded from sign-dependent analyses)		census layer: TRRUST TF-target	19
STAT3	MYD88	TF_target		unannotated (excluded from sign-dependent analyses)		analysed network	11
STAT3	NANOG	TF_target	1	TRRUST		census layer: TRRUST TF-target	5
STAT3	POU2F1	TF_target		unannotated (excluded from sign-dependent analyses)		census layer: TRRUST TF-target	61
STAT3	PPARA	TF_target	1	TRRUST		census layer: TRRUST TF-target	25
STAT3	STAT1	TF_target	1	TRRUST		census layer: TRRUST TF-target	46
STAT3	TP53	TF_target		unannotated (excluded from sign-dependent analyses)		census layer: TRRUST TF-target	68
STAT3	TWIST1	TF_target	1	TRRUST		analysed network	128
STAT3	VDR	TF_target	-1	TRRUST		analysed network	16
TAL1	ERG	TF_target	1	TRRUST		census layer: TRRUST TF-target	2
TAL1	MYB	TF_target	1	TRRUST		census layer: TRRUST TF-target	5
TAL1	MYCN	TF_target	1	TRRUST		census layer: TRRUST TF-target	7
TAL1	NFKB1	TF_target	-1	TRRUST		census layer: TRRUST TF-target	36
TCF4	CD44	TF_target		unannotated (excluded from sign-dependent analyses)		analysed network	54
TCF4	FST	TF_target		unannotated (excluded from sign-dependent analyses)		analysed network	3
TCF4	JUN	TF_target		unannotated (excluded from sign-dependent analyses)		census layer: TRRUST TF-target	16
TCF4	KLF4	TF_target		unannotated (excluded from sign-dependent analyses)		census layer: TRRUST TF-target	10
TCF4	MYC	TF_target	1	TRRUST		census layer: TRRUST TF-target	4
TCF7L2	CTNNB1	TF_target		unannotated (excluded from sign-dependent analyses)		census layer: TRRUST TF-target	6
TCF7L2	SNAI2	TF_target		unannotated (excluded from sign-dependent analyses)		analysed network	6
TCF7L2	STAT3	TF_target		unannotated (excluded from sign-dependent analyses)		census layer: TRRUST TF-target	12
TFAP2A	COL1A1	TF_target		unannotated (excluded from sign-dependent analyses)		analysed network	24
TFAP2A	MMP2	TF_target		unannotated (excluded from sign-dependent analyses)		analysed network	22
TGFB2	TGFBR2	gene_gene		unsigned (STRING association)		census layer: STRING gene-gene	24
TLR3	TLR4	gene_gene		unsigned (STRING association)		census layer: STRING gene-gene	33
TP53	ATF3	TF_target	1	TRRUST		analysed network	33
TP53	BCL2L1	TF_target		unannotated (excluded from sign-dependent analyses)		analysed network	75
TP53	CAV1	TF_target	1	TRRUST		analysed network	93
TP53	CTNNB1	TF_target	-1	TRRUST		census layer: TRRUST TF-target	22
TP53	DKK1	TF_target		unannotated (excluded from sign-dependent analyses)		analysed network	32
TP53	DNMT1	TF_target		unannotated (excluded from sign-dependent analyses)		census layer: TRRUST TF-target	2
TP53	E2F1	TF_target	-1	TRRUST		census layer: TRRUST TF-target	18
TP53	EGR1	TF_target		unannotated (excluded from sign-dependent analyses)		census layer: TRRUST TF-target	65
TP53	EPHA2	TF_target	1	TRRUST		analysed network	26
TP53	ESR1	TF_target		unannotated (excluded from sign-dependent analyses)		census layer: TRRUST TF-target	9
TP53	EZH2	TF_target		unannotated (excluded from sign-dependent analyses)		census layer: TRRUST TF-target	19
TP53	HSF1	TF_target		unannotated (excluded from sign-dependent analyses)		census layer: TRRUST TF-target	18
TP53	ID1	TF_target		unannotated (excluded from sign-dependent analyses)		analysed network	52
TP53	KLF2	TF_target	-1	TRRUST		census layer: TRRUST TF-target	4
TP53	MET	TF_target	-1	TRRUST		analysed network	76
TP53	MMP2	TF_target	1	TRRUST		analysed network	198
TP53	MYC	TF_target	-1	TRRUST		census layer: TRRUST TF-target	14
TP53	NFKB1	TF_target		unannotated (excluded from sign-dependent analyses)		census layer: TRRUST TF-target	126
TP53	PAX5	TF_target	1	TRRUST		census layer: TRRUST TF-target	14
TP53	PDGFRB	TF_target	1	TRRUST		analysed network	76
TP53	RB1	TF_target		unannotated (excluded from sign-dependent analyses)		census layer: TRRUST TF-target	2
TP53	RELA	TF_target		unannotated (excluded from sign-dependent analyses)		census layer: TRRUST TF-target	122
TP53	SMAD3	TF_target		unannotated (excluded from sign-dependent analyses)		census layer: TRRUST TF-target	16
TP53	STAT1	TF_target		unannotated (excluded from sign-dependent analyses)		census layer: TRRUST TF-target	52
TP53	STAT3	TF_target	-1	TRRUST		census layer: TRRUST TF-target	76
TP53	THBS1	TF_target	1	TRRUST		analysed network	154
TP53	TYMS	TF_target	-1	TRRUST		analysed network	11
TP63	KLF4	TF_target	-1	TRRUST		census layer: TRRUST TF-target	14
TP63	PPARA	TF_target		unannotated (excluded from sign-dependent analyses)		census layer: TRRUST TF-target	9
TP63	TCF4	TF_target	1	TRRUST		census layer: TRRUST TF-target	9
TP63	VDR	TF_target	1	TRRUST		analysed network	6
TP73	E2F1	TF_target		unannotated (excluded from sign-dependent analyses)		census layer: TRRUST TF-target	2
TP73	VDR	TF_target		unannotated (excluded from sign-dependent analyses)		analysed network	2
TWIST1	CD44	TF_target	1	TRRUST		analysed network	139
TWIST1	DKK1	TF_target		unannotated (excluded from sign-dependent analyses)		analysed network	7
TWIST1	ESR1	TF_target	-1	TRRUST		census layer: TRRUST TF-target	11
TWIST1	FN1	TF_target	1	TRRUST		analysed network	115
TWIST1	FOS	TF_target	1	TRRUST		analysed network	36
TWIST1	ITGB1	TF_target	1	TRRUST		analysed network	89
TWIST1	MMP2	TF_target	1	TRRUST		analysed network	63
TWIST1	MYB	TF_target	-1	TRRUST		census layer: TRRUST TF-target	7
TWIST1	RUNX2	TF_target	-1	TRRUST		census layer: TRRUST TF-target	29
TWIST1	YBX1	TF_target	1	TRRUST		census layer: TRRUST TF-target	36
USF1	HOXB7	TF_target		unannotated (excluded from sign-dependent analyses)		analysed network	2
USF1	NFKB1	TF_target		unannotated (excluded from sign-dependent analyses)		census layer: TRRUST TF-target	5
USF1	POU2F1	TF_target		unannotated (excluded from sign-dependent analyses)		census layer: TRRUST TF-target	3
USF1	RELA	TF_target		unannotated (excluded from sign-dependent analyses)		census layer: TRRUST TF-target	5
VDR	HOXA10	TF_target	1	TRRUST		analysed network	15
VDR	IL6	TF_target	-1	TRRUST		analysed network	76
VHL	SPARC	TF_target	1	TRRUST		analysed network	18
XBP1	CCL2	TF_target		unannotated (excluded from sign-dependent analyses)		analysed network	4
XBP1	IL6	TF_target		unannotated (excluded from sign-dependent analyses)		analysed network	2
YBX1	AR	TF_target		unannotated (excluded from sign-dependent analyses)		census layer: TRRUST TF-target	12
YBX1	E2F1	TF_target		unannotated (excluded from sign-dependent analyses)		census layer: TRRUST TF-target	6
YBX1	MET	TF_target	1	TRRUST		analysed network	11
YBX1	MMP2	TF_target		unannotated (excluded from sign-dependent analyses)		analysed network	25
YBX1	MYCN	TF_target	1	TRRUST		census layer: TRRUST TF-target	8
YY1	CTCF	TF_target	1	TRRUST		census layer: TRRUST TF-target	1
YY1	EPAS1	TF_target	-1	TRRUST		analysed network	11
YY1	HDAC1	TF_target		unannotated (excluded from sign-dependent analyses)		census layer: TRRUST TF-target	32
YY1	HDAC2	TF_target		unannotated (excluded from sign-dependent analyses)		census layer: TRRUST TF-target	8
YY1	HDAC3	TF_target		unannotated (excluded from sign-dependent analyses)		census layer: TRRUST TF-target	13
YY1	HIF1A	TF_target		unannotated (excluded from sign-dependent analyses)		census layer: TRRUST TF-target	25
YY1	HOXB7	TF_target		unannotated (excluded from sign-dependent analyses)		analysed network	18
YY1	MYC	TF_target		unannotated (excluded from sign-dependent analyses)		census layer: TRRUST TF-target	9
YY1	PEG3	TF_target		unannotated (excluded from sign-dependent analyses)		analysed network	13
YY1	POSTN	TF_target	-1	TRRUST		analysed network	41
YY1	SMAD7	TF_target		unannotated (excluded from sign-dependent analyses)		analysed network	13
YY1	TFAP2A	TF_target	1	TRRUST		census layer: TRRUST TF-target	29
YY1	TP53	TF_target		unannotated (excluded from sign-dependent analyses)		census layer: TRRUST TF-target	40
ZBTB16	CEBPA	TF_target		unannotated (excluded from sign-dependent analyses)		analysed network	4
ZEB2	POU5F1	TF_target	1	TRRUST		census layer: TRRUST TF-target	2
hsa-let-7a	ADAMTS5	miRNA_target	-1	mechanistic (miRNA repression)	weak	analysed network	1
hsa-let-7a	AR	miRNA_target	-1	mechanistic (miRNA repression)	weak	analysed network	63
hsa-let-7a	BCL2L1	miRNA_target	-1	mechanistic (miRNA repression)	weak	analysed network	11
hsa-let-7a	CEBPA	miRNA_target	-1	mechanistic (miRNA repression)	predicted_only	analysed network	21
hsa-let-7a	COL1A1	miRNA_target	-1	mechanistic (miRNA repression)	weak	analysed network	76
hsa-let-7a	DKK3	miRNA_target	-1	mechanistic (miRNA repression)	weak	analysed network	45
hsa-let-7a	E2F1	miRNA_target	-1	mechanistic (miRNA repression)	strong	analysed network	51
hsa-let-7a	EDN1	miRNA_target	-1	mechanistic (miRNA repression)	strong	analysed network	80
hsa-let-7a	FLI1	miRNA_target	-1	mechanistic (miRNA repression)	predicted_only	analysed network	6
hsa-let-7a	HBEGF	miRNA_target	-1	mechanistic (miRNA repression)	weak	analysed network	135
hsa-let-7a	HIF1A	miRNA_target	-1	mechanistic (miRNA repression)	weak	analysed network	54
hsa-let-7a	HOXA10	miRNA_target	-1	mechanistic (miRNA repression)	weak	analysed network	30
hsa-let-7a	MITF	miRNA_target	-1	mechanistic (miRNA repression)	weak	analysed network	9
hsa-let-7a	MYC	miRNA_target	-1	mechanistic (miRNA repression)	strong	analysed network	36
hsa-let-7a	NFKB1	miRNA_target	-1	mechanistic (miRNA repression)	strong	analysed network	75
hsa-let-7a	NGF	miRNA_target	-1	mechanistic (miRNA repression)	strong	analysed network	6
hsa-let-7a	PEG10	miRNA_target	-1	mechanistic (miRNA repression)	weak	analysed network	4
hsa-let-7a	STAT1	miRNA_target	-1	mechanistic (miRNA repression)	weak	analysed network	33
hsa-let-7a	THBS1	miRNA_target	-1	mechanistic (miRNA repression)	strong	analysed network	180
hsa-let-7a	YY1	miRNA_target	-1	mechanistic (miRNA repression)	weak	analysed network	63
hsa-let-7a	hsa-let-7b	miRNA_miRNA		unsigned (co-transcription within 10 kb)		census layer: miRNA pair within 10 kb	186
hsa-let-7a	hsa-let-7d	miRNA_miRNA		unsigned (co-transcription within 10 kb)		census layer: miRNA pair within 10 kb	190
hsa-let-7a	hsa-let-7f	miRNA_miRNA		unsigned (co-transcription within 10 kb)		census layer: miRNA pair within 10 kb	162
hsa-let-7b	BCL2L1	miRNA_target	-1	mechanistic (miRNA repression)	weak	analysed network	4
hsa-let-7b	COL1A1	miRNA_target	-1	mechanistic (miRNA repression)	weak	analysed network	28
hsa-let-7b	DKK3	miRNA_target	-1	mechanistic (miRNA repression)	weak	analysed network	15
hsa-let-7b	EDN1	miRNA_target	-1	mechanistic (miRNA repression)	strong	analysed network	27
hsa-let-7b	FOXO3	miRNA_target	-1	mechanistic (miRNA repression)	weak	analysed network	2
hsa-let-7b	HBEGF	miRNA_target	-1	mechanistic (miRNA repression)	weak	analysed network	46
hsa-let-7b	MYC	miRNA_target	-1	mechanistic (miRNA repression)	strong	analysed network	12
hsa-let-7b	NFKB1	miRNA_target	-1	mechanistic (miRNA repression)	weak	analysed network	25
hsa-let-7b	NGF	miRNA_target	-1	mechanistic (miRNA repression)	weak	analysed network	2
hsa-let-7b	PEG10	miRNA_target	-1	mechanistic (miRNA repression)	weak	analysed network	2
hsa-let-7b	THBS1	miRNA_target	-1	mechanistic (miRNA repression)	weak	analysed network	62
hsa-let-7d	ADAMTS5	miRNA_target	-1	mechanistic (miRNA repression)	weak	analysed network	2
hsa-let-7d	BCL2L1	miRNA_target	-1	mechanistic (miRNA repression)	weak	analysed network	5
hsa-let-7d	COL1A1	miRNA_target	-1	mechanistic (miRNA repression)	weak	analysed network	32
hsa-let-7d	DKK3	miRNA_target	-1	mechanistic (miRNA repression)	weak	analysed network	23
hsa-let-7d	EDN1	miRNA_target	-1	mechanistic (miRNA repression)	weak	analysed network	37
hsa-let-7d	HBEGF	miRNA_target	-1	mechanistic (miRNA repression)	weak	analysed network	58
hsa-let-7d	MITF	miRNA_target	-1	mechanistic (miRNA repression)	weak	analysed network	6
hsa-let-7d	MYC	miRNA_target	-1	mechanistic (miRNA repression)	weak	analysed network	24
hsa-let-7d	NGF	miRNA_target	-1	mechanistic (miRNA repression)	weak	analysed network	2
hsa-let-7d	PEG10	miRNA_target	-1	mechanistic (miRNA repression)	weak	analysed network	1
hsa-let-7d	STAT3	miRNA_target	-1	mechanistic (miRNA repression)	weak	analysed network	56
hsa-let-7d	THBS1	miRNA_target	-1	mechanistic (miRNA repression)	weak	analysed network	88
hsa-let-7d	hsa-let-7f	miRNA_miRNA		unsigned (co-transcription within 10 kb)		census layer: miRNA pair within 10 kb	58
hsa-let-7f	ADAMTS5	miRNA_target	-1	mechanistic (miRNA repression)	weak	analysed network	1
hsa-let-7f	BCL2L1	miRNA_target	-1	mechanistic (miRNA repression)	weak	analysed network	4
hsa-let-7f	COL1A1	miRNA_target	-1	mechanistic (miRNA repression)	weak	analysed network	28
hsa-let-7f	DKK3	miRNA_target	-1	mechanistic (miRNA repression)	weak	analysed network	19
hsa-let-7f	EDN1	miRNA_target	-1	mechanistic (miRNA repression)	strong	analysed network	34
hsa-let-7f	HBEGF	miRNA_target	-1	mechanistic (miRNA repression)	weak	analysed network	53
hsa-let-7f	MITF	miRNA_target	-1	mechanistic (miRNA repression)	weak	analysed network	6
hsa-let-7f	MYC	miRNA_target	-1	mechanistic (miRNA repression)	strong	analysed network	24
hsa-let-7f	NGF	miRNA_target	-1	mechanistic (miRNA repression)	weak	analysed network	2
hsa-let-7f	PEG10	miRNA_target	-1	mechanistic (miRNA repression)	weak	analysed network	1
hsa-let-7f	THBS1	miRNA_target	-1	mechanistic (miRNA repression)	weak	analysed network	78
hsa-miR-106a	ABCA1	miRNA_target	-1	mechanistic (miRNA repression)	weak	analysed network	3
hsa-miR-106a	E2F1	miRNA_target	-1	mechanistic (miRNA repression)	strong	analysed network	23
hsa-miR-106a	EGR1	miRNA_target	-1	mechanistic (miRNA repression)	weak	analysed network	35
hsa-miR-106a	ESR1	miRNA_target	-1	mechanistic (miRNA repression)	weak	analysed network	54
hsa-miR-106a	F3	miRNA_target	-1	mechanistic (miRNA repression)	weak	analysed network	126
hsa-miR-106a	FURIN	miRNA_target	-1	mechanistic (miRNA repression)	weak	analysed network	21
hsa-miR-106a	GJA1	miRNA_target	-1	mechanistic (miRNA repression)	weak	analysed network	19
hsa-miR-106a	IRF1	miRNA_target	-1	mechanistic (miRNA repression)	weak	analysed network	8
hsa-miR-106a	LIF	miRNA_target	-1	mechanistic (miRNA repression)	weak	analysed network	94
hsa-miR-106a	MAX	miRNA_target	-1	mechanistic (miRNA repression)	predicted_only	analysed network	3
hsa-miR-106a	MITF	miRNA_target	-1	mechanistic (miRNA repression)	predicted_only	analysed network	7
hsa-miR-106a	MMP2	miRNA_target	-1	mechanistic (miRNA repression)	weak	analysed network	91
hsa-miR-106a	MYC	miRNA_target	-1	mechanistic (miRNA repression)	weak	analysed network	14
hsa-miR-106a	MYCN	miRNA_target	-1	mechanistic (miRNA repression)	weak	analysed network	7
hsa-miR-106a	RUNX1	miRNA_target	-1	mechanistic (miRNA repression)	strong	analysed network	47
hsa-miR-106a	SMAD6	miRNA_target	-1	mechanistic (miRNA repression)	weak	analysed network	28
hsa-miR-106a	SMAD7	miRNA_target	-1	mechanistic (miRNA repression)	strong	analysed network	21
hsa-miR-106a	SP1	miRNA_target	-1	mechanistic (miRNA repression)	weak	analysed network	84
hsa-miR-106a	SQSTM1	miRNA_target	-1	mechanistic (miRNA repression)	weak	analysed network	18
hsa-miR-106a	TGFBR2	miRNA_target	-1	mechanistic (miRNA repression)	strong	analysed network	17
hsa-miR-106a	THBS2	miRNA_target	-1	mechanistic (miRNA repression)	predicted_only	analysed network	4
hsa-miR-106a	TLR4	miRNA_target	-1	mechanistic (miRNA repression)	weak	analysed network	125
hsa-miR-106a	TP53	miRNA_target	-1	mechanistic (miRNA repression)	strong	analysed network	82
hsa-miR-106a	TWIST1	miRNA_target	-1	mechanistic (miRNA repression)	weak	analysed network	5
hsa-miR-106a	hsa-miR-18b	miRNA_miRNA		unsigned (co-transcription within 10 kb)		census layer: miRNA pair within 10 kb	108
hsa-miR-106a	hsa-miR-20b	miRNA_miRNA		unsigned (co-transcription within 10 kb)		census layer: miRNA pair within 10 kb	435
hsa-miR-106a	hsa-miR-363	miRNA_miRNA		unsigned (co-transcription within 10 kb)		census layer: miRNA pair within 10 kb	24
hsa-miR-106b	ABCA1	miRNA_target	-1	mechanistic (miRNA repression)	weak	analysed network	2
hsa-miR-106b	AHR	miRNA_target	-1	mechanistic (miRNA repression)	weak	analysed network	5
hsa-miR-106b	ARNT	miRNA_target	-1	mechanistic (miRNA repression)	weak	analysed network	15
hsa-miR-106b	ATF4	miRNA_target	-1	mechanistic (miRNA repression)	weak	analysed network	6
hsa-miR-106b	E2F1	miRNA_target	-1	mechanistic (miRNA repression)	strong	analysed network	20
hsa-miR-106b	F3	miRNA_target	-1	mechanistic (miRNA repression)	weak	analysed network	18
hsa-miR-106b	FURIN	miRNA_target	-1	mechanistic (miRNA repression)	weak	analysed network	2
hsa-miR-106b	GJA1	miRNA_target	-1	mechanistic (miRNA repression)	weak	analysed network	12
hsa-miR-106b	IRF1	miRNA_target	-1	mechanistic (miRNA repression)	strong	analysed network	7
hsa-miR-106b	IRF9	miRNA_target	-1	mechanistic (miRNA repression)	weak	analysed network	2
hsa-miR-106b	JUN	miRNA_target	-1	mechanistic (miRNA repression)	predicted_only	analysed network	20
hsa-miR-106b	LIF	miRNA_target	-1	mechanistic (miRNA repression)	weak	analysed network	28
hsa-miR-106b	MAX	miRNA_target	-1	mechanistic (miRNA repression)	weak	analysed network	2
hsa-miR-106b	MMP2	miRNA_target	-1	mechanistic (miRNA repression)	strong	analysed network	26
hsa-miR-106b	MYC	miRNA_target	-1	mechanistic (miRNA repression)	strong	analysed network	11
hsa-miR-106b	MYCN	miRNA_target	-1	mechanistic (miRNA repression)	strong	analysed network	7
hsa-miR-106b	SMAD6	miRNA_target	-1	mechanistic (miRNA repression)	weak	analysed network	16
hsa-miR-106b	SMAD7	miRNA_target	-1	mechanistic (miRNA repression)	strong	analysed network	16
hsa-miR-106b	SQSTM1	miRNA_target	-1	mechanistic (miRNA repression)	weak	analysed network	2
hsa-miR-106b	TGFBR2	miRNA_target	-1	mechanistic (miRNA repression)	weak	analysed network	10
hsa-miR-106b	THBS2	miRNA_target	-1	mechanistic (miRNA repression)	weak	analysed network	2
hsa-miR-106b	TLR4	miRNA_target	-1	mechanistic (miRNA repression)	weak	analysed network	58
hsa-miR-106b	TWIST1	miRNA_target	-1	mechanistic (miRNA repression)	strong	analysed network	4
hsa-miR-106b	hsa-miR-25	miRNA_miRNA		unsigned (co-transcription within 10 kb)		census layer: miRNA pair within 10 kb	16
hsa-miR-106b	hsa-miR-93	miRNA_miRNA		unsigned (co-transcription within 10 kb)		census layer: miRNA pair within 10 kb	178
hsa-miR-1193	HNF4A	miRNA_target	-1	mechanistic (miRNA repression)	predicted_only	analysed network	2
hsa-miR-1193	LIF	miRNA_target	-1	mechanistic (miRNA repression)	predicted_only	analysed network	14
hsa-miR-1193	hsa-miR-494	miRNA_miRNA		unsigned (co-transcription within 10 kb)		census layer: miRNA pair within 10 kb	14
hsa-miR-1197	HNF4A	miRNA_target	-1	mechanistic (miRNA repression)	predicted_only	analysed network	2
hsa-miR-1197	HRK	miRNA_target	-1	mechanistic (miRNA repression)	predicted_only	analysed network	4
hsa-miR-1197	TLR4	miRNA_target	-1	mechanistic (miRNA repression)	predicted_only	analysed network	4
hsa-miR-1197	hsa-miR-655	miRNA_miRNA		unsigned (co-transcription within 10 kb)		census layer: miRNA pair within 10 kb	4
hsa-miR-1197	hsa-miR-668	miRNA_miRNA		unsigned (co-transcription within 10 kb)		census layer: miRNA pair within 10 kb	4
hsa-miR-130b	CYLD	miRNA_target	-1	mechanistic (miRNA repression)	strong	analysed network	4
hsa-miR-130b	EDN1	miRNA_target	-1	mechanistic (miRNA repression)	strong	analysed network	11
hsa-miR-130b	EGR1	miRNA_target	-1	mechanistic (miRNA repression)	weak	analysed network	23
hsa-miR-130b	F3	miRNA_target	-1	mechanistic (miRNA repression)	weak	analysed network	16
hsa-miR-130b	GJA1	miRNA_target	-1	mechanistic (miRNA repression)	weak	analysed network	8
hsa-miR-130b	HRK	miRNA_target	-1	mechanistic (miRNA repression)	weak	analysed network	8
hsa-miR-130b	IRF1	miRNA_target	-1	mechanistic (miRNA repression)	strong	analysed network	5
hsa-miR-130b	MET	miRNA_target	-1	mechanistic (miRNA repression)	weak	analysed network	9
hsa-miR-130b	NRP1	miRNA_target	-1	mechanistic (miRNA repression)	weak	analysed network	4
hsa-miR-130b	POU5F1	miRNA_target	-1	mechanistic (miRNA repression)	predicted_only	analysed network	3
hsa-miR-130b	TP63	miRNA_target	-1	mechanistic (miRNA repression)	strong	analysed network	4
hsa-miR-130b	UBB	miRNA_target	-1	mechanistic (miRNA repression)	weak	analysed network	6
hsa-miR-130b	hsa-miR-301b	miRNA_miRNA		unsigned (co-transcription within 10 kb)		census layer: miRNA pair within 10 kb	66
hsa-miR-132	ADAMTS5	miRNA_target	-1	mechanistic (miRNA repression)	weak	analysed network	1
hsa-miR-132	AHR	miRNA_target	-1	mechanistic (miRNA repression)	predicted_only	analysed network	1
hsa-miR-132	CREB1	miRNA_target	-1	mechanistic (miRNA repression)	predicted_only	analysed network	8
hsa-miR-132	CTGF	miRNA_target	-1	mechanistic (miRNA repression)	predicted_only	analysed network	27
hsa-miR-132	DKK3	miRNA_target	-1	mechanistic (miRNA repression)	predicted_only	analysed network	13
hsa-miR-132	EGR1	miRNA_target	-1	mechanistic (miRNA repression)	weak	analysed network	20
hsa-miR-132	FGF7	miRNA_target	-1	mechanistic (miRNA repression)	predicted_only	analysed network	19
hsa-miR-132	HBEGF	miRNA_target	-1	mechanistic (miRNA repression)	strong	analysed network	56
hsa-miR-132	IRF1	miRNA_target	-1	mechanistic (miRNA repression)	predicted_only	analysed network	6
hsa-miR-132	RELA	miRNA_target	-1	mechanistic (miRNA repression)	predicted_only	analysed network	36
hsa-miR-132	REST	miRNA_target	-1	mechanistic (miRNA repression)	predicted_only	analysed network	3
hsa-miR-132	SP1	miRNA_target	-1	mechanistic (miRNA repression)	weak	analysed network	29
hsa-miR-132	THBS1	miRNA_target	-1	mechanistic (miRNA repression)	weak	analysed network	76
hsa-miR-132	USF1	miRNA_target	-1	mechanistic (miRNA repression)	predicted_only	analysed network	15
hsa-miR-132	hsa-miR-212	miRNA_miRNA		unsigned (co-transcription within 10 kb)		census layer: miRNA pair within 10 kb	192
hsa-miR-134	BDNF	miRNA_target	-1	mechanistic (miRNA repression)	predicted_only	analysed network	2
hsa-miR-134	SMAD6	miRNA_target	-1	mechanistic (miRNA repression)	weak	analysed network	1
hsa-miR-134	hsa-miR-300	miRNA_miRNA		unsigned (co-transcription within 10 kb)		census layer: miRNA pair within 10 kb	1
hsa-miR-134	hsa-miR-381	miRNA_miRNA		unsigned (co-transcription within 10 kb)		census layer: miRNA pair within 10 kb	1
hsa-miR-134	hsa-miR-410	miRNA_miRNA		unsigned (co-transcription within 10 kb)		census layer: miRNA pair within 10 kb	1
hsa-miR-141	HDAC2	miRNA_target	-1	mechanistic (miRNA repression)	weak	analysed network	1
hsa-miR-141	SNAP25	miRNA_target	-1	mechanistic (miRNA repression)	predicted_only	analysed network	2
hsa-miR-141	hsa-miR-200c	miRNA_miRNA		unsigned (co-transcription within 10 kb)		census layer: miRNA pair within 10 kb	2
hsa-miR-143	CEBPB	miRNA_target	-1	mechanistic (miRNA repression)	predicted_only	analysed network	1
hsa-miR-143	ESR1	miRNA_target	-1	mechanistic (miRNA repression)	predicted_only	analysed network	9
hsa-miR-143	HIF1A	miRNA_target	-1	mechanistic (miRNA repression)	weak	analysed network	2
hsa-miR-143	KLF4	miRNA_target	-1	mechanistic (miRNA repression)	weak	analysed network	1
hsa-miR-143	KLF5	miRNA_target	-1	mechanistic (miRNA repression)	strong	analysed network	1
hsa-miR-143	MKL1	miRNA_target	-1	mechanistic (miRNA repression)	predicted_only	analysed network	1
hsa-miR-143	MYB	miRNA_target	-1	mechanistic (miRNA repression)	predicted_only	analysed network	1
hsa-miR-143	RARA	miRNA_target	-1	mechanistic (miRNA repression)	weak	analysed network	1
hsa-miR-143	SERPINE1	miRNA_target	-1	mechanistic (miRNA repression)	strong	analysed network	95
hsa-miR-143	SMAD3	miRNA_target	-1	mechanistic (miRNA repression)	weak	analysed network	3
hsa-miR-143	SMAD4	miRNA_target	-1	mechanistic (miRNA repression)	weak	analysed network	3
hsa-miR-143	SRF	miRNA_target	-1	mechanistic (miRNA repression)	predicted_only	analysed network	2
hsa-miR-143	STAT3	miRNA_target	-1	mechanistic (miRNA repression)	strong	analysed network	4
hsa-miR-143	TP53	miRNA_target	-1	mechanistic (miRNA repression)	strong	analysed network	10
hsa-miR-143	hsa-miR-145	miRNA_miRNA		unsigned (co-transcription within 10 kb)		census layer: miRNA pair within 10 kb	95
hsa-miR-145	AR	miRNA_target	-1	mechanistic (miRNA repression)	predicted_only	analysed network	9
hsa-miR-145	CEBPB	miRNA_target	-1	mechanistic (miRNA repression)	weak	analysed network	1
hsa-miR-145	ESR1	miRNA_target	-1	mechanistic (miRNA repression)	strong	analysed network	9
hsa-miR-145	FOXO1	miRNA_target	-1	mechanistic (miRNA repression)	predicted_only	analysed network	2
hsa-miR-145	HIF1A	miRNA_target	-1	mechanistic (miRNA repression)	strong	analysed network	2
hsa-miR-145	KLF4	miRNA_target	-1	mechanistic (miRNA repression)	strong	analysed network	1
hsa-miR-145	KLF5	miRNA_target	-1	mechanistic (miRNA repression)	strong	analysed network	1
hsa-miR-145	MKL1	miRNA_target	-1	mechanistic (miRNA repression)	predicted_only	analysed network	1
hsa-miR-145	POU5F1	miRNA_target	-1	mechanistic (miRNA repression)	strong	analysed network	1
hsa-miR-145	PPARG	miRNA_target	-1	mechanistic (miRNA repression)	predicted_only	analysed network	2
hsa-miR-145	RARA	miRNA_target	-1	mechanistic (miRNA repression)	weak	analysed network	1
hsa-miR-145	RELA	miRNA_target	-1	mechanistic (miRNA repression)	weak	analysed network	8
hsa-miR-145	SERPINE1	miRNA_target	-1	mechanistic (miRNA repression)	strong	analysed network	95
hsa-miR-145	SMAD3	miRNA_target	-1	mechanistic (miRNA repression)	strong	analysed network	3
hsa-miR-145	SMAD4	miRNA_target	-1	mechanistic (miRNA repression)	strong	analysed network	3
hsa-miR-145	SRF	miRNA_target	-1	mechanistic (miRNA repression)	weak	analysed network	2
hsa-miR-145	TP53	miRNA_target	-1	mechanistic (miRNA repression)	predicted_only	analysed network	10
hsa-miR-15a	ADAMTS5	miRNA_target	-1	mechanistic (miRNA repression)	weak	analysed network	2
hsa-miR-15a	BDNF	miRNA_target	-1	mechanistic (miRNA repression)	strong	analysed network	8
hsa-miR-15a	CD2AP	miRNA_target	-1	mechanistic (miRNA repression)	weak	analysed network	2
hsa-miR-15a	CHAC1	miRNA_target	-1	mechanistic (miRNA repression)	weak	analysed network	3
hsa-miR-15a	CYLD	miRNA_target	-1	mechanistic (miRNA repression)	weak	analysed network	8
hsa-miR-15a	E2F1	miRNA_target	-1	mechanistic (miRNA repression)	weak	analysed network	8
hsa-miR-15a	FGF7	miRNA_target	-1	mechanistic (miRNA repression)	strong	analysed network	31
hsa-miR-15a	FURIN	miRNA_target	-1	mechanistic (miRNA repression)	weak	analysed network	16
hsa-miR-15a	HOXA10	miRNA_target	-1	mechanistic (miRNA repression)	weak	analysed network	4
hsa-miR-15a	IRAK2	miRNA_target	-1	mechanistic (miRNA repression)	strong	analysed network	14
hsa-miR-15a	KLF4	miRNA_target	-1	mechanistic (miRNA repression)	strong	analysed network	2
hsa-miR-15a	MYC	miRNA_target	-1	mechanistic (miRNA repression)	weak	analysed network	3
hsa-miR-15a	PAX5	miRNA_target	-1	mechanistic (miRNA repression)	weak	analysed network	4
hsa-miR-15a	POU3F2	miRNA_target	-1	mechanistic (miRNA repression)	weak	analysed network	1
hsa-miR-15a	SMAD7	miRNA_target	-1	mechanistic (miRNA repression)	weak	analysed network	9
hsa-miR-15a	STAT3	miRNA_target	-1	mechanistic (miRNA repression)	weak	analysed network	7
hsa-miR-15a	TP53	miRNA_target	-1	mechanistic (miRNA repression)	strong	analysed network	14
hsa-miR-15a	hsa-miR-16	miRNA_miRNA		unsigned (co-transcription within 10 kb)		census layer: miRNA pair within 10 kb	94
hsa-miR-15b	ADAMTS5	miRNA_target	-1	mechanistic (miRNA repression)	weak	analysed network	1
hsa-miR-15b	BDNF	miRNA_target	-1	mechanistic (miRNA repression)	weak	analysed network	7
hsa-miR-15b	CD2AP	miRNA_target	-1	mechanistic (miRNA repression)	weak	analysed network	2
hsa-miR-15b	CHAC1	miRNA_target	-1	mechanistic (miRNA repression)	weak	analysed network	3
hsa-miR-15b	CREB1	miRNA_target	-1	mechanistic (miRNA repression)	weak	analysed network	2
hsa-miR-15b	CYLD	miRNA_target	-1	mechanistic (miRNA repression)	weak	analysed network	8
hsa-miR-15b	E2F1	miRNA_target	-1	mechanistic (miRNA repression)	weak	analysed network	8
hsa-miR-15b	FGF7	miRNA_target	-1	mechanistic (miRNA repression)	predicted_only	analysed network	23
hsa-miR-15b	FURIN	miRNA_target	-1	mechanistic (miRNA repression)	weak	analysed network	15
hsa-miR-15b	HOXA10	miRNA_target	-1	mechanistic (miRNA repression)	weak	analysed network	4
hsa-miR-15b	IRAK2	miRNA_target	-1	mechanistic (miRNA repression)	strong	analysed network	12
hsa-miR-15b	POU3F2	miRNA_target	-1	mechanistic (miRNA repression)	predicted_only	analysed network	1
hsa-miR-15b	SMAD7	miRNA_target	-1	mechanistic (miRNA repression)	strong	analysed network	8
hsa-miR-15b	TP53	miRNA_target	-1	mechanistic (miRNA repression)	weak	analysed network	14
hsa-miR-15b	hsa-miR-16	miRNA_miRNA		unsigned (co-transcription within 10 kb)		census layer: miRNA pair within 10 kb	80
hsa-miR-16	ADAMTS5	miRNA_target	-1	mechanistic (miRNA repression)	weak	analysed network	3
hsa-miR-16	BDNF	miRNA_target	-1	mechanistic (miRNA repression)	strong	analysed network	15
hsa-miR-16	CD2AP	miRNA_target	-1	mechanistic (miRNA repression)	weak	analysed network	4
hsa-miR-16	CHAC1	miRNA_target	-1	mechanistic (miRNA repression)	weak	analysed network	6
hsa-miR-16	CYLD	miRNA_target	-1	mechanistic (miRNA repression)	weak	analysed network	16
hsa-miR-16	E2F1	miRNA_target	-1	mechanistic (miRNA repression)	weak	analysed network	16
hsa-miR-16	ETS1	miRNA_target	-1	mechanistic (miRNA repression)	weak	analysed network	12
hsa-miR-16	FGF7	miRNA_target	-1	mechanistic (miRNA repression)	predicted_only	analysed network	54
hsa-miR-16	FURIN	miRNA_target	-1	mechanistic (miRNA repression)	weak	analysed network	31
hsa-miR-16	HOXA10	miRNA_target	-1	mechanistic (miRNA repression)	weak	analysed network	8
hsa-miR-16	IRAK2	miRNA_target	-1	mechanistic (miRNA repression)	strong	analysed network	26
hsa-miR-16	MYC	miRNA_target	-1	mechanistic (miRNA repression)	weak	analysed network	6
hsa-miR-16	NFKB1	miRNA_target	-1	mechanistic (miRNA repression)	weak	analysed network	12
hsa-miR-16	PAX5	miRNA_target	-1	mechanistic (miRNA repression)	predicted_only	analysed network	8
hsa-miR-16	POU3F2	miRNA_target	-1	mechanistic (miRNA repression)	weak	analysed network	2
hsa-miR-16	SMAD7	miRNA_target	-1	mechanistic (miRNA repression)	weak	analysed network	17
hsa-miR-16	STAT3	miRNA_target	-1	mechanistic (miRNA repression)	weak	analysed network	14
hsa-miR-16	TP53	miRNA_target	-1	mechanistic (miRNA repression)	strong	analysed network	28
hsa-miR-181a	ACTA2	miRNA_target	-1	mechanistic (miRNA repression)	weak	analysed network	14
hsa-miR-181a	ADAMTS5	miRNA_target	-1	mechanistic (miRNA repression)	weak	analysed network	2
hsa-miR-181a	CEBPA	miRNA_target	-1	mechanistic (miRNA repression)	strong	analysed network	11
hsa-miR-181a	CYLD	miRNA_target	-1	mechanistic (miRNA repression)	weak	analysed network	8
hsa-miR-181a	ESR1	miRNA_target	-1	mechanistic (miRNA repression)	strong	analysed network	48
hsa-miR-181a	F2R	miRNA_target	-1	mechanistic (miRNA repression)	weak	analysed network	11
hsa-miR-181a	FOS	miRNA_target	-1	mechanistic (miRNA repression)	strong	analysed network	26
hsa-miR-181a	HDAC3	miRNA_target	-1	mechanistic (miRNA repression)	predicted_only	analysed network	10
hsa-miR-181a	LEF1	miRNA_target	-1	mechanistic (miRNA repression)	weak	analysed network	22
hsa-miR-181a	LIF	miRNA_target	-1	mechanistic (miRNA repression)	weak	analysed network	69
hsa-miR-181a	LOX	miRNA_target	-1	mechanistic (miRNA repression)	weak	analysed network	13
hsa-miR-181a	MMP14	miRNA_target	-1	mechanistic (miRNA repression)	weak	analysed network	74
hsa-miR-181a	MYCN	miRNA_target	-1	mechanistic (miRNA repression)	weak	analysed network	7
hsa-miR-181a	NRP1	miRNA_target	-1	mechanistic (miRNA repression)	weak	analysed network	8
hsa-miR-181a	PLAU	miRNA_target	-1	mechanistic (miRNA repression)	strong	analysed network	22
hsa-miR-181a	SERPINE1	miRNA_target	-1	mechanistic (miRNA repression)	weak	analysed network	71
hsa-miR-181a	SMAD3	miRNA_target	-1	mechanistic (miRNA repression)	weak	analysed network	14
hsa-miR-181a	SMAD4	miRNA_target	-1	mechanistic (miRNA repression)	weak	analysed network	12
hsa-miR-181a	SMAD7	miRNA_target	-1	mechanistic (miRNA repression)	weak	analysed network	6
hsa-miR-181a	SNAI2	miRNA_target	-1	mechanistic (miRNA repression)	weak	analysed network	3
hsa-miR-181a	SNAP25	miRNA_target	-1	mechanistic (miRNA repression)	predicted_only	analysed network	2
hsa-miR-181a	SOX2	miRNA_target	-1	mechanistic (miRNA repression)	predicted_only	analysed network	4
hsa-miR-181a	SPP1	miRNA_target	-1	mechanistic (miRNA repression)	predicted_only	analysed network	38
hsa-miR-181a	STAT3	miRNA_target	-1	mechanistic (miRNA repression)	strong	analysed network	40
hsa-miR-181a	TAL1	miRNA_target	-1	mechanistic (miRNA repression)	predicted_only	analysed network	20
hsa-miR-181a	TCF4	miRNA_target	-1	mechanistic (miRNA repression)	strong	analysed network	15
hsa-miR-181a	TCF7L2	miRNA_target	-1	mechanistic (miRNA repression)	weak	analysed network	12
hsa-miR-181a	TGFBR2	miRNA_target	-1	mechanistic (miRNA repression)	weak	analysed network	20
hsa-miR-181a	THBS2	miRNA_target	-1	mechanistic (miRNA repression)	predicted_only	analysed network	11
hsa-miR-181a	TP63	miRNA_target	-1	mechanistic (miRNA repression)	weak	analysed network	13
hsa-miR-181a	TWIST1	miRNA_target	-1	mechanistic (miRNA repression)	strong	analysed network	8
hsa-miR-181a	VCAM1	miRNA_target	-1	mechanistic (miRNA repression)	weak	analysed network	129
hsa-miR-181a	hsa-miR-181b	miRNA_miRNA		unsigned (co-transcription within 10 kb)		census layer: miRNA pair within 10 kb	498
hsa-miR-181b	ACTA2	miRNA_target	-1	mechanistic (miRNA repression)	weak	analysed network	14
hsa-miR-181b	ADAMTS5	miRNA_target	-1	mechanistic (miRNA repression)	weak	analysed network	2
hsa-miR-181b	CYLD	miRNA_target	-1	mechanistic (miRNA repression)	strong	analysed network	8
hsa-miR-181b	ESR1	miRNA_target	-1	mechanistic (miRNA repression)	strong	analysed network	48
hsa-miR-181b	ETS1	miRNA_target	-1	mechanistic (miRNA repression)	weak	analysed network	13
hsa-miR-181b	EZH2	miRNA_target	-1	mechanistic (miRNA repression)	weak	analysed network	22
hsa-miR-181b	F2R	miRNA_target	-1	mechanistic (miRNA repression)	weak	analysed network	11
hsa-miR-181b	FOS	miRNA_target	-1	mechanistic (miRNA repression)	strong	analysed network	26
hsa-miR-181b	LIF	miRNA_target	-1	mechanistic (miRNA repression)	weak	analysed network	69
hsa-miR-181b	LOX	miRNA_target	-1	mechanistic (miRNA repression)	weak	analysed network	13
hsa-miR-181b	MMP14	miRNA_target	-1	mechanistic (miRNA repression)	predicted_only	analysed network	74
hsa-miR-181b	MYCN	miRNA_target	-1	mechanistic (miRNA repression)	weak	analysed network	7
hsa-miR-181b	NRP1	miRNA_target	-1	mechanistic (miRNA repression)	weak	analysed network	8
hsa-miR-181b	PLAU	miRNA_target	-1	mechanistic (miRNA repression)	weak	analysed network	22
hsa-miR-181b	SERPINE1	miRNA_target	-1	mechanistic (miRNA repression)	weak	analysed network	71
hsa-miR-181b	SMAD3	miRNA_target	-1	mechanistic (miRNA repression)	weak	analysed network	14
hsa-miR-181b	SMAD4	miRNA_target	-1	mechanistic (miRNA repression)	weak	analysed network	12
hsa-miR-181b	SMAD7	miRNA_target	-1	mechanistic (miRNA repression)	weak	analysed network	6
hsa-miR-181b	SNAI2	miRNA_target	-1	mechanistic (miRNA repression)	weak	analysed network	3
hsa-miR-181b	SNAP25	miRNA_target	-1	mechanistic (miRNA repression)	predicted_only	analysed network	2
hsa-miR-181b	SPP1	miRNA_target	-1	mechanistic (miRNA repression)	strong	analysed network	38
hsa-miR-181b	STAT3	miRNA_target	-1	mechanistic (miRNA repression)	weak	analysed network	40
hsa-miR-181b	TCF4	miRNA_target	-1	mechanistic (miRNA repression)	predicted_only	analysed network	15
hsa-miR-181b	TCF7L2	miRNA_target	-1	mechanistic (miRNA repression)	weak	analysed network	12
hsa-miR-181b	TGFBR2	miRNA_target	-1	mechanistic (miRNA repression)	weak	analysed network	20
hsa-miR-181b	THBS2	miRNA_target	-1	mechanistic (miRNA repression)	weak	analysed network	11
hsa-miR-181b	TP63	miRNA_target	-1	mechanistic (miRNA repression)	weak	analysed network	13
hsa-miR-181b	TWIST1	miRNA_target	-1	mechanistic (miRNA repression)	predicted_only	analysed network	8
hsa-miR-181b	VCAM1	miRNA_target	-1	mechanistic (miRNA repression)	weak	analysed network	129
hsa-miR-181c	ACTA2	miRNA_target	-1	mechanistic (miRNA repression)	predicted_only	analysed network	14
hsa-miR-181c	CD2AP	miRNA_target	-1	mechanistic (miRNA repression)	weak	analysed network	1
hsa-miR-181c	CEBPB	miRNA_target	-1	mechanistic (miRNA repression)	predicted_only	analysed network	9
hsa-miR-181c	CYLD	miRNA_target	-1	mechanistic (miRNA repression)	weak	analysed network	15
hsa-miR-181c	EGR1	miRNA_target	-1	mechanistic (miRNA repression)	weak	analysed network	33
hsa-miR-181c	ETS1	miRNA_target	-1	mechanistic (miRNA repression)	weak	analysed network	13
hsa-miR-181c	F2R	miRNA_target	-1	mechanistic (miRNA repression)	predicted_only	analysed network	12
hsa-miR-181c	FOS	miRNA_target	-1	mechanistic (miRNA repression)	weak	analysed network	26
hsa-miR-181c	HIF1A	miRNA_target	-1	mechanistic (miRNA repression)	weak	analysed network	26
hsa-miR-181c	LIF	miRNA_target	-1	mechanistic (miRNA repression)	weak	analysed network	26
hsa-miR-181c	LOX	miRNA_target	-1	mechanistic (miRNA repression)	weak	analysed network	13
hsa-miR-181c	MMP14	miRNA_target	-1	mechanistic (miRNA repression)	predicted_only	analysed network	39
hsa-miR-181c	NRP1	miRNA_target	-1	mechanistic (miRNA repression)	predicted_only	analysed network	2
hsa-miR-181c	PLAU	miRNA_target	-1	mechanistic (miRNA repression)	weak	analysed network	16
hsa-miR-181c	RUNX1	miRNA_target	-1	mechanistic (miRNA repression)	predicted_only	analysed network	47
hsa-miR-181c	SERPINE1	miRNA_target	-1	mechanistic (miRNA repression)	strong	analysed network	42
hsa-miR-181c	SMAD7	miRNA_target	-1	mechanistic (miRNA repression)	predicted_only	analysed network	3
hsa-miR-181c	SNAI2	miRNA_target	-1	mechanistic (miRNA repression)	weak	analysed network	3
hsa-miR-181c	SPP1	miRNA_target	-1	mechanistic (miRNA repression)	predicted_only	analysed network	19
hsa-miR-181c	TGFBR2	miRNA_target	-1	mechanistic (miRNA repression)	strong	analysed network	4
hsa-miR-181c	THBS2	miRNA_target	-1	mechanistic (miRNA repression)	predicted_only	analysed network	5
hsa-miR-181c	VCAM1	miRNA_target	-1	mechanistic (miRNA repression)	weak	analysed network	62
hsa-miR-181c	hsa-miR-181d	miRNA_miRNA		unsigned (co-transcription within 10 kb)		census layer: miRNA pair within 10 kb	273
hsa-miR-181d	ACTA2	miRNA_target	-1	mechanistic (miRNA repression)	predicted_only	analysed network	14
hsa-miR-181d	CD2AP	miRNA_target	-1	mechanistic (miRNA repression)	weak	analysed network	1
hsa-miR-181d	CYLD	miRNA_target	-1	mechanistic (miRNA repression)	weak	analysed network	15
hsa-miR-181d	EGR1	miRNA_target	-1	mechanistic (miRNA repression)	weak	analysed network	33
hsa-miR-181d	F2R	miRNA_target	-1	mechanistic (miRNA repression)	predicted_only	analysed network	12
hsa-miR-181d	FOS	miRNA_target	-1	mechanistic (miRNA repression)	predicted_only	analysed network	26
hsa-miR-181d	LIF	miRNA_target	-1	mechanistic (miRNA repression)	weak	analysed network	26
hsa-miR-181d	LOX	miRNA_target	-1	mechanistic (miRNA repression)	weak	analysed network	13
hsa-miR-181d	MMP14	miRNA_target	-1	mechanistic (miRNA repression)	predicted_only	analysed network	39
hsa-miR-181d	MYCN	miRNA_target	-1	mechanistic (miRNA repression)	predicted_only	analysed network	7
hsa-miR-181d	NRP1	miRNA_target	-1	mechanistic (miRNA repression)	weak	analysed network	2
hsa-miR-181d	PLAU	miRNA_target	-1	mechanistic (miRNA repression)	weak	analysed network	16
hsa-miR-181d	RUNX1	miRNA_target	-1	mechanistic (miRNA repression)	predicted_only	analysed network	47
hsa-miR-181d	SERPINE1	miRNA_target	-1	mechanistic (miRNA repression)	weak	analysed network	42
hsa-miR-181d	SMAD7	miRNA_target	-1	mechanistic (miRNA repression)	predicted_only	analysed network	3
hsa-miR-181d	SNAI2	miRNA_target	-1	mechanistic (miRNA repression)	weak	analysed network	3
hsa-miR-181d	SPP1	miRNA_target	-1	mechanistic (miRNA repression)	predicted_only	analysed network	19
hsa-miR-181d	TGFBR2	miRNA_target	-1	mechanistic (miRNA repression)	weak	analysed network	4
hsa-miR-181d	THBS2	miRNA_target	-1	mechanistic (miRNA repression)	predicted_only	analysed network	5
hsa-miR-181d	VCAM1	miRNA_target	-1	mechanistic (miRNA repression)	weak	analysed network	62
hsa-miR-182	AR	miRNA_target	-1	mechanistic (miRNA repression)	weak	analysed network	47
hsa-miR-182	CEBPA	miRNA_target	-1	mechanistic (miRNA repression)	weak	analysed network	15
hsa-miR-182	CTNNB1	miRNA_target	-1	mechanistic (miRNA repression)	strong	analysed network	12
hsa-miR-182	CYLD	miRNA_target	-1	mechanistic (miRNA repression)	strong	analysed network	14
hsa-miR-182	ETS1	miRNA_target	-1	mechanistic (miRNA repression)	weak	analysed network	20
hsa-miR-182	FHL1	miRNA_target	-1	mechanistic (miRNA repression)	predicted_only	analysed network	16
hsa-miR-182	FN1	miRNA_target	-1	mechanistic (miRNA repression)	weak	analysed network	450
hsa-miR-182	FST	miRNA_target	-1	mechanistic (miRNA repression)	weak	analysed network	2
hsa-miR-182	HBEGF	miRNA_target	-1	mechanistic (miRNA repression)	weak	analysed network	224
hsa-miR-182	HDAC2	miRNA_target	-1	mechanistic (miRNA repression)	weak	analysed network	45
hsa-miR-182	HIF1A	miRNA_target	-1	mechanistic (miRNA repression)	weak	analysed network	25
hsa-miR-182	HNF4A	miRNA_target	-1	mechanistic (miRNA repression)	predicted_only	analysed network	6
hsa-miR-182	HSF2	miRNA_target	-1	mechanistic (miRNA repression)	weak	analysed network	6
hsa-miR-182	KLF4	miRNA_target	-1	mechanistic (miRNA repression)	weak	analysed network	8
hsa-miR-182	LEF1	miRNA_target	-1	mechanistic (miRNA repression)	weak	analysed network	20
hsa-miR-182	MYCN	miRNA_target	-1	mechanistic (miRNA repression)	weak	analysed network	10
hsa-miR-182	RELA	miRNA_target	-1	mechanistic (miRNA repression)	weak	analysed network	75
hsa-miR-182	SMAD7	miRNA_target	-1	mechanistic (miRNA repression)	weak	analysed network	12
hsa-miR-182	SOX2	miRNA_target	-1	mechanistic (miRNA repression)	predicted_only	analysed network	7
hsa-miR-182	SP1	miRNA_target	-1	mechanistic (miRNA repression)	weak	analysed network	70
hsa-miR-182	STAT3	miRNA_target	-1	mechanistic (miRNA repression)	weak	analysed network	43
hsa-miR-182	THBS2	miRNA_target	-1	mechanistic (miRNA repression)	weak	analysed network	18
hsa-miR-182	hsa-miR-183	miRNA_miRNA		unsigned (co-transcription within 10 kb)		census layer: miRNA pair within 10 kb	338
hsa-miR-182	hsa-miR-96	miRNA_miRNA		unsigned (co-transcription within 10 kb)		census layer: miRNA pair within 10 kb	398
hsa-miR-183	ABCA1	miRNA_target	-1	mechanistic (miRNA repression)	weak	analysed network	4
hsa-miR-183	CTNNB1	miRNA_target	-1	mechanistic (miRNA repression)	weak	analysed network	13
hsa-miR-183	CTSB	miRNA_target	-1	mechanistic (miRNA repression)	weak	analysed network	35
hsa-miR-183	EGR1	miRNA_target	-1	mechanistic (miRNA repression)	strong	analysed network	41
hsa-miR-183	ETS1	miRNA_target	-1	mechanistic (miRNA repression)	weak	analysed network	24
hsa-miR-183	FHL1	miRNA_target	-1	mechanistic (miRNA repression)	weak	analysed network	16
hsa-miR-183	FN1	miRNA_target	-1	mechanistic (miRNA repression)	weak	analysed network	420
hsa-miR-183	HBEGF	miRNA_target	-1	mechanistic (miRNA repression)	weak	analysed network	210
hsa-miR-183	HDAC2	miRNA_target	-1	mechanistic (miRNA repression)	weak	analysed network	44
hsa-miR-183	HIF1A	miRNA_target	-1	mechanistic (miRNA repression)	weak	analysed network	25
hsa-miR-183	HNF4A	miRNA_target	-1	mechanistic (miRNA repression)	predicted_only	analysed network	6
hsa-miR-183	HSF2	miRNA_target	-1	mechanistic (miRNA repression)	predicted_only	analysed network	8
hsa-miR-183	KLF4	miRNA_target	-1	mechanistic (miRNA repression)	predicted_only	analysed network	12
hsa-miR-183	LEF1	miRNA_target	-1	mechanistic (miRNA repression)	predicted_only	analysed network	21
hsa-miR-183	MYCN	miRNA_target	-1	mechanistic (miRNA repression)	predicted_only	analysed network	13
hsa-miR-183	RELA	miRNA_target	-1	mechanistic (miRNA repression)	weak	analysed network	79
hsa-miR-183	SHC1	miRNA_target	-1	mechanistic (miRNA repression)	weak	analysed network	61
hsa-miR-183	SOX2	miRNA_target	-1	mechanistic (miRNA repression)	predicted_only	analysed network	7
hsa-miR-183	SREBF2	miRNA_target	-1	mechanistic (miRNA repression)	weak	analysed network	1
hsa-miR-183	STAT3	miRNA_target	-1	mechanistic (miRNA repression)	weak	analysed network	48
hsa-miR-183	hsa-miR-96	miRNA_miRNA		unsigned (co-transcription within 10 kb)		census layer: miRNA pair within 10 kb	408
hsa-miR-18b	E2F1	miRNA_target	-1	mechanistic (miRNA repression)	weak	analysed network	6
hsa-miR-18b	ESR1	miRNA_target	-1	mechanistic (miRNA repression)	strong	analysed network	20
hsa-miR-18b	F3	miRNA_target	-1	mechanistic (miRNA repression)	weak	analysed network	100
hsa-miR-18b	JUN	miRNA_target	-1	mechanistic (miRNA repression)	weak	analysed network	12
hsa-miR-18b	LIF	miRNA_target	-1	mechanistic (miRNA repression)	weak	analysed network	82
hsa-miR-18b	MAX	miRNA_target	-1	mechanistic (miRNA repression)	predicted_only	analysed network	2
hsa-miR-18b	MITF	miRNA_target	-1	mechanistic (miRNA repression)	weak	analysed network	2
hsa-miR-18b	MYC	miRNA_target	-1	mechanistic (miRNA repression)	weak	analysed network	6
hsa-miR-18b	RUNX1	miRNA_target	-1	mechanistic (miRNA repression)	weak	analysed network	22
hsa-miR-18b	hsa-miR-20b	miRNA_miRNA		unsigned (co-transcription within 10 kb)		census layer: miRNA pair within 10 kb	74
hsa-miR-195	BDNF	miRNA_target	-1	mechanistic (miRNA repression)	predicted_only	analysed network	6
hsa-miR-195	CHAC1	miRNA_target	-1	mechanistic (miRNA repression)	weak	analysed network	1
hsa-miR-195	CYLD	miRNA_target	-1	mechanistic (miRNA repression)	weak	analysed network	4
hsa-miR-195	E2F1	miRNA_target	-1	mechanistic (miRNA repression)	weak	analysed network	8
hsa-miR-195	FGF7	miRNA_target	-1	mechanistic (miRNA repression)	predicted_only	analysed network	14
hsa-miR-195	FURIN	miRNA_target	-1	mechanistic (miRNA repression)	weak	analysed network	8
hsa-miR-195	HOXA10	miRNA_target	-1	mechanistic (miRNA repression)	weak	analysed network	4
hsa-miR-195	IRAK2	miRNA_target	-1	mechanistic (miRNA repression)	strong	analysed network	6
hsa-miR-195	MYC	miRNA_target	-1	mechanistic (miRNA repression)	strong	analysed network	3
hsa-miR-195	SMAD7	miRNA_target	-1	mechanistic (miRNA repression)	strong	analysed network	6
hsa-miR-195	SNAP25	miRNA_target	-1	mechanistic (miRNA repression)	predicted_only	analysed network	1
hsa-miR-195	SP1	miRNA_target	-1	mechanistic (miRNA repression)	weak	analysed network	13
hsa-miR-195	hsa-miR-497	miRNA_miRNA		unsigned (co-transcription within 10 kb)		census layer: miRNA pair within 10 kb	46
hsa-miR-200a	HDAC1	miRNA_target	-1	mechanistic (miRNA repression)	predicted_only	analysed network	2
hsa-miR-200a	HDAC2	miRNA_target	-1	mechanistic (miRNA repression)	predicted_only	analysed network	2
hsa-miR-200a	SNAP25	miRNA_target	-1	mechanistic (miRNA repression)	predicted_only	analysed network	8
hsa-miR-200a	hsa-miR-200b	miRNA_miRNA		unsigned (co-transcription within 10 kb)		census layer: miRNA pair within 10 kb	4
hsa-miR-200a	hsa-miR-429	miRNA_miRNA		unsigned (co-transcription within 10 kb)		census layer: miRNA pair within 10 kb	4
hsa-miR-200b	ABCA1	miRNA_target	-1	mechanistic (miRNA repression)	predicted_only	analysed network	5
hsa-miR-200b	DNMT1	miRNA_target	-1	mechanistic (miRNA repression)	strong	analysed network	7
hsa-miR-200b	EGR1	miRNA_target	-1	mechanistic (miRNA repression)	weak	analysed network	17
hsa-miR-200b	ELK1	miRNA_target	-1	mechanistic (miRNA repression)	predicted_only	analysed network	1
hsa-miR-200b	ETV4	miRNA_target	-1	mechanistic (miRNA repression)	predicted_only	analysed network	4
hsa-miR-200b	EZH2	miRNA_target	-1	mechanistic (miRNA repression)	strong	analysed network	12
hsa-miR-200b	FN1	miRNA_target	-1	mechanistic (miRNA repression)	strong	analysed network	326
hsa-miR-200b	FOXM1	miRNA_target	-1	mechanistic (miRNA repression)	predicted_only	analysed network	2
hsa-miR-200b	GATA3	miRNA_target	-1	mechanistic (miRNA repression)	predicted_only	analysed network	11
hsa-miR-200b	HDAC1	miRNA_target	-1	mechanistic (miRNA repression)	predicted_only	analysed network	33
hsa-miR-200b	HDAC2	miRNA_target	-1	mechanistic (miRNA repression)	predicted_only	analysed network	20
hsa-miR-200b	HDAC4	miRNA_target	-1	mechanistic (miRNA repression)	predicted_only	analysed network	5
hsa-miR-200b	HNF4A	miRNA_target	-1	mechanistic (miRNA repression)	predicted_only	analysed network	2
hsa-miR-200b	JUN	miRNA_target	-1	mechanistic (miRNA repression)	strong	analysed network	17
hsa-miR-200b	KLF4	miRNA_target	-1	mechanistic (miRNA repression)	weak	analysed network	5
hsa-miR-200b	KLF5	miRNA_target	-1	mechanistic (miRNA repression)	predicted_only	analysed network	4
hsa-miR-200b	LOX	miRNA_target	-1	mechanistic (miRNA repression)	strong	analysed network	49
hsa-miR-200b	MYB	miRNA_target	-1	mechanistic (miRNA repression)	strong	analysed network	5
hsa-miR-200b	NFKB1	miRNA_target	-1	mechanistic (miRNA repression)	predicted_only	analysed network	23
hsa-miR-200b	NOTCH1	miRNA_target	-1	mechanistic (miRNA repression)	strong	analysed network	5
hsa-miR-200b	NTF3	miRNA_target	-1	mechanistic (miRNA repression)	predicted_only	analysed network	6
hsa-miR-200b	RELA	miRNA_target	-1	mechanistic (miRNA repression)	predicted_only	analysed network	36
hsa-miR-200b	SHC1	miRNA_target	-1	mechanistic (miRNA repression)	strong	analysed network	83
hsa-miR-200b	SMAD3	miRNA_target	-1	mechanistic (miRNA repression)	weak	analysed network	6
hsa-miR-200b	SMAD7	miRNA_target	-1	mechanistic (miRNA repression)	weak	analysed network	18
hsa-miR-200b	SNAI1	miRNA_target	-1	mechanistic (miRNA repression)	weak	analysed network	1
hsa-miR-200b	SNAI2	miRNA_target	-1	mechanistic (miRNA repression)	strong	analysed network	2
hsa-miR-200b	SNAP25	miRNA_target	-1	mechanistic (miRNA repression)	predicted_only	analysed network	8
hsa-miR-200b	SOX2	miRNA_target	-1	mechanistic (miRNA repression)	predicted_only	analysed network	3
hsa-miR-200b	SP1	miRNA_target	-1	mechanistic (miRNA repression)	strong	analysed network	34
hsa-miR-200b	TP53	miRNA_target	-1	mechanistic (miRNA repression)	predicted_only	analysed network	25
hsa-miR-200b	TP63	miRNA_target	-1	mechanistic (miRNA repression)	predicted_only	analysed network	4
hsa-miR-200b	TP73	miRNA_target	-1	mechanistic (miRNA repression)	weak	analysed network	2
hsa-miR-200b	TWIST1	miRNA_target	-1	mechanistic (miRNA repression)	predicted_only	analysed network	2
hsa-miR-200b	ZEB2	miRNA_target	-1	mechanistic (miRNA repression)	strong	analysed network	1
hsa-miR-200b	hsa-miR-429	miRNA_miRNA		unsigned (co-transcription within 10 kb)		census layer: miRNA pair within 10 kb	496
hsa-miR-200c	HDAC2	miRNA_target	-1	mechanistic (miRNA repression)	predicted_only	analysed network	1
hsa-miR-200c	SNAP25	miRNA_target	-1	mechanistic (miRNA repression)	predicted_only	analysed network	2
hsa-miR-20b	ABCA1	miRNA_target	-1	mechanistic (miRNA repression)	weak	analysed network	3
hsa-miR-20b	E2F1	miRNA_target	-1	mechanistic (miRNA repression)	strong	analysed network	23
hsa-miR-20b	EGR1	miRNA_target	-1	mechanistic (miRNA repression)	weak	analysed network	35
hsa-miR-20b	ESR1	miRNA_target	-1	mechanistic (miRNA repression)	strong	analysed network	54
hsa-miR-20b	F3	miRNA_target	-1	mechanistic (miRNA repression)	weak	analysed network	106
hsa-miR-20b	FURIN	miRNA_target	-1	mechanistic (miRNA repression)	weak	analysed network	21
hsa-miR-20b	GJA1	miRNA_target	-1	mechanistic (miRNA repression)	weak	analysed network	19
hsa-miR-20b	IRF1	miRNA_target	-1	mechanistic (miRNA repression)	weak	analysed network	8
hsa-miR-20b	LIF	miRNA_target	-1	mechanistic (miRNA repression)	weak	analysed network	80
hsa-miR-20b	MAX	miRNA_target	-1	mechanistic (miRNA repression)	weak	analysed network	3
hsa-miR-20b	MITF	miRNA_target	-1	mechanistic (miRNA repression)	weak	analysed network	7
hsa-miR-20b	MMP2	miRNA_target	-1	mechanistic (miRNA repression)	predicted_only	analysed network	91
hsa-miR-20b	MYC	miRNA_target	-1	mechanistic (miRNA repression)	weak	analysed network	14
hsa-miR-20b	MYCN	miRNA_target	-1	mechanistic (miRNA repression)	weak	analysed network	7
hsa-miR-20b	RUNX1	miRNA_target	-1	mechanistic (miRNA repression)	weak	analysed network	47
hsa-miR-20b	SMAD6	miRNA_target	-1	mechanistic (miRNA repression)	weak	analysed network	24
hsa-miR-20b	SMAD7	miRNA_target	-1	mechanistic (miRNA repression)	weak	analysed network	18
hsa-miR-20b	SQSTM1	miRNA_target	-1	mechanistic (miRNA repression)	weak	analysed network	18
hsa-miR-20b	TGFBR2	miRNA_target	-1	mechanistic (miRNA repression)	weak	analysed network	17
hsa-miR-20b	THBS2	miRNA_target	-1	mechanistic (miRNA repression)	predicted_only	analysed network	4
hsa-miR-20b	TLR4	miRNA_target	-1	mechanistic (miRNA repression)	weak	analysed network	125
hsa-miR-20b	TWIST1	miRNA_target	-1	mechanistic (miRNA repression)	weak	analysed network	5
hsa-miR-20b	hsa-miR-363	miRNA_miRNA		unsigned (co-transcription within 10 kb)		census layer: miRNA pair within 10 kb	17
hsa-miR-212	ADAMTS5	miRNA_target	-1	mechanistic (miRNA repression)	predicted_only	analysed network	1
hsa-miR-212	AHR	miRNA_target	-1	mechanistic (miRNA repression)	predicted_only	analysed network	1
hsa-miR-212	CREB1	miRNA_target	-1	mechanistic (miRNA repression)	predicted_only	analysed network	8
hsa-miR-212	CTGF	miRNA_target	-1	mechanistic (miRNA repression)	predicted_only	analysed network	27
hsa-miR-212	DKK3	miRNA_target	-1	mechanistic (miRNA repression)	predicted_only	analysed network	13
hsa-miR-212	EGR1	miRNA_target	-1	mechanistic (miRNA repression)	weak	analysed network	20
hsa-miR-212	FGF7	miRNA_target	-1	mechanistic (miRNA repression)	predicted_only	analysed network	19
hsa-miR-212	HBEGF	miRNA_target	-1	mechanistic (miRNA repression)	weak	analysed network	56
hsa-miR-212	IRF1	miRNA_target	-1	mechanistic (miRNA repression)	predicted_only	analysed network	6
hsa-miR-212	RELA	miRNA_target	-1	mechanistic (miRNA repression)	predicted_only	analysed network	36
hsa-miR-212	REST	miRNA_target	-1	mechanistic (miRNA repression)	predicted_only	analysed network	3
hsa-miR-212	THBS1	miRNA_target	-1	mechanistic (miRNA repression)	weak	analysed network	76
hsa-miR-216a	AR	miRNA_target	-1	mechanistic (miRNA repression)	predicted_only	analysed network	1
hsa-miR-216a	TGFBR2	miRNA_target	-1	mechanistic (miRNA repression)	weak	analysed network	3
hsa-miR-216a	hsa-miR-217	miRNA_miRNA		unsigned (co-transcription within 10 kb)		census layer: miRNA pair within 10 kb	3
hsa-miR-217	EZH2	miRNA_target	-1	mechanistic (miRNA repression)	strong	analysed network	1
hsa-miR-217	NF1	miRNA_target	-1	mechanistic (miRNA repression)	predicted_only	analysed network	1
hsa-miR-217	TGFBR2	miRNA_target	-1	mechanistic (miRNA repression)	predicted_only	analysed network	3
hsa-miR-221	CD2AP	miRNA_target	-1	mechanistic (miRNA repression)	weak	analysed network	2
hsa-miR-221	CXCR5	miRNA_target	-1	mechanistic (miRNA repression)	predicted_only	analysed network	19
hsa-miR-221	ESR1	miRNA_target	-1	mechanistic (miRNA repression)	strong	analysed network	7
hsa-miR-221	FOS	miRNA_target	-1	mechanistic (miRNA repression)	strong	analysed network	6
hsa-miR-221	JUN	miRNA_target	-1	mechanistic (miRNA repression)	weak	analysed network	9
hsa-miR-221	MITF	miRNA_target	-1	mechanistic (miRNA repression)	predicted_only	analysed network	2
hsa-miR-221	MYC	miRNA_target	-1	mechanistic (miRNA repression)	weak	analysed network	6
hsa-miR-221	MYCN	miRNA_target	-1	mechanistic (miRNA repression)	predicted_only	analysed network	2
hsa-miR-221	NFKB2	miRNA_target	-1	mechanistic (miRNA repression)	predicted_only	analysed network	2
hsa-miR-221	PEG3	miRNA_target	-1	mechanistic (miRNA repression)	weak	analysed network	6
hsa-miR-221	RBPJ	miRNA_target	-1	mechanistic (miRNA repression)	weak	analysed network	3
hsa-miR-221	RELA	miRNA_target	-1	mechanistic (miRNA repression)	predicted_only	analysed network	17
hsa-miR-221	RUNX1	miRNA_target	-1	mechanistic (miRNA repression)	strong	analysed network	9
hsa-miR-221	THBS1	miRNA_target	-1	mechanistic (miRNA repression)	weak	analysed network	132
hsa-miR-221	TP53	miRNA_target	-1	mechanistic (miRNA repression)	strong	analysed network	16
hsa-miR-221	ZBTB16	miRNA_target	-1	mechanistic (miRNA repression)	weak	analysed network	2
hsa-miR-221	hsa-miR-222	miRNA_miRNA		unsigned (co-transcription within 10 kb)		census layer: miRNA pair within 10 kb	159
hsa-miR-222	CD2AP	miRNA_target	-1	mechanistic (miRNA repression)	weak	analysed network	2
hsa-miR-222	CXCR5	miRNA_target	-1	mechanistic (miRNA repression)	predicted_only	analysed network	19
hsa-miR-222	ESR1	miRNA_target	-1	mechanistic (miRNA repression)	strong	analysed network	7
hsa-miR-222	ETS1	miRNA_target	-1	mechanistic (miRNA repression)	strong	analysed network	4
hsa-miR-222	FOS	miRNA_target	-1	mechanistic (miRNA repression)	strong	analysed network	6
hsa-miR-222	HMGA1	miRNA_target	-1	mechanistic (miRNA repression)	weak	analysed network	6
hsa-miR-222	JUN	miRNA_target	-1	mechanistic (miRNA repression)	weak	analysed network	9
hsa-miR-222	MITF	miRNA_target	-1	mechanistic (miRNA repression)	predicted_only	analysed network	2
hsa-miR-222	MYC	miRNA_target	-1	mechanistic (miRNA repression)	weak	analysed network	6
hsa-miR-222	PEG3	miRNA_target	-1	mechanistic (miRNA repression)	weak	analysed network	6
hsa-miR-222	RBPJ	miRNA_target	-1	mechanistic (miRNA repression)	weak	analysed network	3
hsa-miR-222	RELA	miRNA_target	-1	mechanistic (miRNA repression)	predicted_only	analysed network	17
hsa-miR-222	THBS1	miRNA_target	-1	mechanistic (miRNA repression)	weak	analysed network	132
hsa-miR-222	TP53	miRNA_target	-1	mechanistic (miRNA repression)	strong	analysed network	16
hsa-miR-222	ZBTB16	miRNA_target	-1	mechanistic (miRNA repression)	predicted_only	analysed network	2
hsa-miR-23a	ABCA1	miRNA_target	-1	mechanistic (miRNA repression)	weak	analysed network	10
hsa-miR-23a	CEBPA	miRNA_target	-1	mechanistic (miRNA repression)	predicted_only	analysed network	1
hsa-miR-23a	CREB1	miRNA_target	-1	mechanistic (miRNA repression)	weak	analysed network	6
hsa-miR-23a	EGR1	miRNA_target	-1	mechanistic (miRNA repression)	weak	analysed network	5
hsa-miR-23a	EZH2	miRNA_target	-1	mechanistic (miRNA repression)	weak	analysed network	5
hsa-miR-23a	FOS	miRNA_target	-1	mechanistic (miRNA repression)	weak	analysed network	4
hsa-miR-23a	FOSB	miRNA_target	-1	mechanistic (miRNA repression)	weak	analysed network	13
hsa-miR-23a	GATA1	miRNA_target	-1	mechanistic (miRNA repression)	predicted_only	analysed network	1
hsa-miR-23a	HIF1A	miRNA_target	-1	mechanistic (miRNA repression)	weak	analysed network	1
hsa-miR-23a	ID4	miRNA_target	-1	mechanistic (miRNA repression)	weak	analysed network	2
hsa-miR-23a	JUN	miRNA_target	-1	mechanistic (miRNA repression)	predicted_only	analysed network	1
hsa-miR-23a	MEF2A	miRNA_target	-1	mechanistic (miRNA repression)	weak	analysed network	3
hsa-miR-23a	MEN1	miRNA_target	-1	mechanistic (miRNA repression)	weak	analysed network	1
hsa-miR-23a	MET	miRNA_target	-1	mechanistic (miRNA repression)	weak	analysed network	87
hsa-miR-23a	RELA	miRNA_target	-1	mechanistic (miRNA repression)	weak	analysed network	12
hsa-miR-23a	RUNX1	miRNA_target	-1	mechanistic (miRNA repression)	weak	analysed network	8
hsa-miR-23a	RUNX2	miRNA_target	-1	mechanistic (miRNA repression)	weak	analysed network	4
hsa-miR-23a	SP1	miRNA_target	-1	mechanistic (miRNA repression)	weak	analysed network	12
hsa-miR-23a	TGFBR2	miRNA_target	-1	mechanistic (miRNA repression)	weak	analysed network	27
hsa-miR-23a	hsa-miR-27a	miRNA_miRNA		unsigned (co-transcription within 10 kb)		census layer: miRNA pair within 10 kb	139
hsa-miR-23b	ABCA1	miRNA_target	-1	mechanistic (miRNA repression)	weak	analysed network	8
hsa-miR-23b	ADAMTS5	miRNA_target	-1	mechanistic (miRNA repression)	weak	analysed network	2
hsa-miR-23b	CEBPA	miRNA_target	-1	mechanistic (miRNA repression)	predicted_only	analysed network	1
hsa-miR-23b	DNMT1	miRNA_target	-1	mechanistic (miRNA repression)	weak	analysed network	3
hsa-miR-23b	E2F1	miRNA_target	-1	mechanistic (miRNA repression)	weak	analysed network	2
hsa-miR-23b	ESR2	miRNA_target	-1	mechanistic (miRNA repression)	predicted_only	analysed network	4
hsa-miR-23b	FOSB	miRNA_target	-1	mechanistic (miRNA repression)	weak	analysed network	10
hsa-miR-23b	HIF1A	miRNA_target	-1	mechanistic (miRNA repression)	weak	analysed network	1
hsa-miR-23b	ID4	miRNA_target	-1	mechanistic (miRNA repression)	weak	analysed network	4
hsa-miR-23b	JUN	miRNA_target	-1	mechanistic (miRNA repression)	weak	analysed network	1
hsa-miR-23b	MEN1	miRNA_target	-1	mechanistic (miRNA repression)	weak	analysed network	1
hsa-miR-23b	MET	miRNA_target	-1	mechanistic (miRNA repression)	strong	analysed network	53
hsa-miR-23b	NFKB1	miRNA_target	-1	mechanistic (miRNA repression)	predicted_only	analysed network	6
hsa-miR-23b	RELA	miRNA_target	-1	mechanistic (miRNA repression)	weak	analysed network	12
hsa-miR-23b	SP1	miRNA_target	-1	mechanistic (miRNA repression)	weak	analysed network	12
hsa-miR-23b	STAT3	miRNA_target	-1	mechanistic (miRNA repression)	weak	analysed network	6
hsa-miR-23b	TGFBR2	miRNA_target	-1	mechanistic (miRNA repression)	strong	analysed network	24
hsa-miR-23b	TP53	miRNA_target	-1	mechanistic (miRNA repression)	predicted_only	analysed network	8
hsa-miR-23b	hsa-miR-27b	miRNA_miRNA		unsigned (co-transcription within 10 kb)		census layer: miRNA pair within 10 kb	101
hsa-miR-24	E2F1	miRNA_target	-1	mechanistic (miRNA repression)	strong	analysed network	6
hsa-miR-24	EGR1	miRNA_target	-1	mechanistic (miRNA repression)	weak	analysed network	10
hsa-miR-24	ESR2	miRNA_target	-1	mechanistic (miRNA repression)	predicted_only	analysed network	4
hsa-miR-24	GATA1	miRNA_target	-1	mechanistic (miRNA repression)	predicted_only	analysed network	2
hsa-miR-24	HIF1A	miRNA_target	-1	mechanistic (miRNA repression)	weak	analysed network	6
hsa-miR-24	HRK	miRNA_target	-1	mechanistic (miRNA repression)	weak	analysed network	101
hsa-miR-24	IRF1	miRNA_target	-1	mechanistic (miRNA repression)	weak	analysed network	2
hsa-miR-24	LOX	miRNA_target	-1	mechanistic (miRNA repression)	weak	analysed network	94
hsa-miR-24	MEF2A	miRNA_target	-1	mechanistic (miRNA repression)	weak	analysed network	2
hsa-miR-24	MYC	miRNA_target	-1	mechanistic (miRNA repression)	strong	analysed network	4
hsa-miR-24	MYCN	miRNA_target	-1	mechanistic (miRNA repression)	predicted_only	analysed network	2
hsa-miR-24	NFKB1	miRNA_target	-1	mechanistic (miRNA repression)	weak	analysed network	8
hsa-miR-24	RELA	miRNA_target	-1	mechanistic (miRNA repression)	weak	analysed network	16
hsa-miR-24	RUNX1	miRNA_target	-1	mechanistic (miRNA repression)	predicted_only	analysed network	10
hsa-miR-24	RUNX2	miRNA_target	-1	mechanistic (miRNA repression)	weak	analysed network	4
hsa-miR-24	SEMA6A	miRNA_target	-1	mechanistic (miRNA repression)	weak	analysed network	1
hsa-miR-24	SP1	miRNA_target	-1	mechanistic (miRNA repression)	strong	analysed network	20
hsa-miR-24	STAT3	miRNA_target	-1	mechanistic (miRNA repression)	weak	analysed network	10
hsa-miR-24	hsa-miR-27a	miRNA_miRNA		unsigned (co-transcription within 10 kb)		census layer: miRNA pair within 10 kb	110
hsa-miR-24	hsa-miR-27b	miRNA_miRNA		unsigned (co-transcription within 10 kb)		census layer: miRNA pair within 10 kb	86
hsa-miR-25	AHR	miRNA_target	-1	mechanistic (miRNA repression)	predicted_only	analysed network	2
hsa-miR-25	ARNT	miRNA_target	-1	mechanistic (miRNA repression)	predicted_only	analysed network	4
hsa-miR-25	E2F1	miRNA_target	-1	mechanistic (miRNA repression)	weak	analysed network	2
hsa-miR-25	JUN	miRNA_target	-1	mechanistic (miRNA repression)	weak	analysed network	2
hsa-miR-25	MYC	miRNA_target	-1	mechanistic (miRNA repression)	strong	analysed network	2
hsa-miR-25	MYCN	miRNA_target	-1	mechanistic (miRNA repression)	predicted_only	analysed network	2
hsa-miR-25	SMAD6	miRNA_target	-1	mechanistic (miRNA repression)	weak	analysed network	16
hsa-miR-25	SMAD7	miRNA_target	-1	mechanistic (miRNA repression)	strong	analysed network	16
hsa-miR-25	TWIST1	miRNA_target	-1	mechanistic (miRNA repression)	strong	analysed network	2
hsa-miR-25	hsa-miR-93	miRNA_miRNA		unsigned (co-transcription within 10 kb)		census layer: miRNA pair within 10 kb	16
hsa-miR-27a	ABCA1	miRNA_target	-1	mechanistic (miRNA repression)	strong	analysed network	10
hsa-miR-27a	AR	miRNA_target	-1	mechanistic (miRNA repression)	weak	analysed network	14
hsa-miR-27a	ATF3	miRNA_target	-1	mechanistic (miRNA repression)	strong	analysed network	1
hsa-miR-27a	EGR1	miRNA_target	-1	mechanistic (miRNA repression)	weak	analysed network	10
hsa-miR-27a	EZH2	miRNA_target	-1	mechanistic (miRNA repression)	strong	analysed network	7
hsa-miR-27a	FOSB	miRNA_target	-1	mechanistic (miRNA repression)	weak	analysed network	13
hsa-miR-27a	GATA1	miRNA_target	-1	mechanistic (miRNA repression)	predicted_only	analysed network	2
hsa-miR-27a	HIF1A	miRNA_target	-1	mechanistic (miRNA repression)	strong	analysed network	4
hsa-miR-27a	HOXA10	miRNA_target	-1	mechanistic (miRNA repression)	strong	analysed network	3
hsa-miR-27a	HRK	miRNA_target	-1	mechanistic (miRNA repression)	weak	analysed network	56
hsa-miR-27a	ID4	miRNA_target	-1	mechanistic (miRNA repression)	weak	analysed network	2
hsa-miR-27a	LOX	miRNA_target	-1	mechanistic (miRNA repression)	weak	analysed network	53
hsa-miR-27a	MEF2A	miRNA_target	-1	mechanistic (miRNA repression)	weak	analysed network	4
hsa-miR-27a	MEN1	miRNA_target	-1	mechanistic (miRNA repression)	weak	analysed network	1
hsa-miR-27a	MET	miRNA_target	-1	mechanistic (miRNA repression)	strong	analysed network	87
hsa-miR-27a	MYC	miRNA_target	-1	mechanistic (miRNA repression)	weak	analysed network	2
hsa-miR-27a	MYCN	miRNA_target	-1	mechanistic (miRNA repression)	predicted_only	analysed network	2
hsa-miR-27a	RELA	miRNA_target	-1	mechanistic (miRNA repression)	weak	analysed network	20
hsa-miR-27a	RUNX1	miRNA_target	-1	mechanistic (miRNA repression)	strong	analysed network	13
hsa-miR-27a	RUNX2	miRNA_target	-1	mechanistic (miRNA repression)	strong	analysed network	6
hsa-miR-27a	SEMA6A	miRNA_target	-1	mechanistic (miRNA repression)	strong	analysed network	1
hsa-miR-27a	SMAD3	miRNA_target	-1	mechanistic (miRNA repression)	strong	analysed network	4
hsa-miR-27a	SP1	miRNA_target	-1	mechanistic (miRNA repression)	strong	analysed network	22
hsa-miR-27a	TGFBR2	miRNA_target	-1	mechanistic (miRNA repression)	strong	analysed network	27
hsa-miR-27a	TP53	miRNA_target	-1	mechanistic (miRNA repression)	strong	analysed network	14
hsa-miR-27a	TWIST1	miRNA_target	-1	mechanistic (miRNA repression)	weak	analysed network	3
hsa-miR-27b	ABCA1	miRNA_target	-1	mechanistic (miRNA repression)	strong	analysed network	8
hsa-miR-27b	ADAMTS5	miRNA_target	-1	mechanistic (miRNA repression)	weak	analysed network	2
hsa-miR-27b	ATF3	miRNA_target	-1	mechanistic (miRNA repression)	predicted_only	analysed network	1
hsa-miR-27b	DNMT1	miRNA_target	-1	mechanistic (miRNA repression)	weak	analysed network	4
hsa-miR-27b	E2F1	miRNA_target	-1	mechanistic (miRNA repression)	weak	analysed network	5
hsa-miR-27b	ESR2	miRNA_target	-1	mechanistic (miRNA repression)	predicted_only	analysed network	6
hsa-miR-27b	FOSB	miRNA_target	-1	mechanistic (miRNA repression)	weak	analysed network	10
hsa-miR-27b	HOXA10	miRNA_target	-1	mechanistic (miRNA repression)	weak	analysed network	3
hsa-miR-27b	HRK	miRNA_target	-1	mechanistic (miRNA repression)	weak	analysed network	45
hsa-miR-27b	ID4	miRNA_target	-1	mechanistic (miRNA repression)	weak	analysed network	4
hsa-miR-27b	LOX	miRNA_target	-1	mechanistic (miRNA repression)	predicted_only	analysed network	41
hsa-miR-27b	MEN1	miRNA_target	-1	mechanistic (miRNA repression)	weak	analysed network	1
hsa-miR-27b	MET	miRNA_target	-1	mechanistic (miRNA repression)	strong	analysed network	53
hsa-miR-27b	MYCN	miRNA_target	-1	mechanistic (miRNA repression)	predicted_only	analysed network	2
hsa-miR-27b	NFKB1	miRNA_target	-1	mechanistic (miRNA repression)	weak	analysed network	10
hsa-miR-27b	RELA	miRNA_target	-1	mechanistic (miRNA repression)	weak	analysed network	20
hsa-miR-27b	STAT3	miRNA_target	-1	mechanistic (miRNA repression)	weak	analysed network	11
hsa-miR-27b	TGFBR2	miRNA_target	-1	mechanistic (miRNA repression)	predicted_only	analysed network	24
hsa-miR-27b	TP53	miRNA_target	-1	mechanistic (miRNA repression)	weak	analysed network	14
hsa-miR-299	TGFBR2	miRNA_target	-1	mechanistic (miRNA repression)	predicted_only	analysed network	2
hsa-miR-299	hsa-miR-410	miRNA_miRNA		unsigned (co-transcription within 10 kb)		census layer: miRNA pair within 10 kb	1
hsa-miR-299	hsa-miR-655	miRNA_miRNA		unsigned (co-transcription within 10 kb)		census layer: miRNA pair within 10 kb	1
hsa-miR-29a	ADA	miRNA_target	-1	mechanistic (miRNA repression)	weak	analysed network	9
hsa-miR-29a	ADAMTS5	miRNA_target	-1	mechanistic (miRNA repression)	predicted_only	analysed network	3
hsa-miR-29a	CEBPA	miRNA_target	-1	mechanistic (miRNA repression)	predicted_only	analysed network	9
hsa-miR-29a	COL1A1	miRNA_target	-1	mechanistic (miRNA repression)	weak	analysed network	67
hsa-miR-29a	COL3A1	miRNA_target	-1	mechanistic (miRNA repression)	strong	analysed network	65
hsa-miR-29a	E2F1	miRNA_target	-1	mechanistic (miRNA repression)	weak	analysed network	33
hsa-miR-29a	ETV4	miRNA_target	-1	mechanistic (miRNA repression)	weak	analysed network	6
hsa-miR-29a	FBN1	miRNA_target	-1	mechanistic (miRNA repression)	strong	analysed network	69
hsa-miR-29a	FOS	miRNA_target	-1	mechanistic (miRNA repression)	weak	analysed network	28
hsa-miR-29a	FOXA2	miRNA_target	-1	mechanistic (miRNA repression)	predicted_only	analysed network	5
hsa-miR-29a	GLI1	miRNA_target	-1	mechanistic (miRNA repression)	predicted_only	analysed network	8
hsa-miR-29a	HBEGF	miRNA_target	-1	mechanistic (miRNA repression)	weak	analysed network	118
hsa-miR-29a	HDAC4	miRNA_target	-1	mechanistic (miRNA repression)	weak	analysed network	12
hsa-miR-29a	HMGA1	miRNA_target	-1	mechanistic (miRNA repression)	weak	analysed network	44
hsa-miR-29a	HMGCS1	miRNA_target	-1	mechanistic (miRNA repression)	weak	analysed network	1
hsa-miR-29a	HRK	miRNA_target	-1	mechanistic (miRNA repression)	weak	analysed network	48
hsa-miR-29a	ID1	miRNA_target	-1	mechanistic (miRNA repression)	weak	analysed network	23
hsa-miR-29a	ITGB1	miRNA_target	-1	mechanistic (miRNA repression)	strong	analysed network	158
hsa-miR-29a	LIF	miRNA_target	-1	mechanistic (miRNA repression)	weak	analysed network	78
hsa-miR-29a	LOX	miRNA_target	-1	mechanistic (miRNA repression)	strong	analysed network	34
hsa-miR-29a	MITF	miRNA_target	-1	mechanistic (miRNA repression)	predicted_only	analysed network	5
hsa-miR-29a	MMP2	miRNA_target	-1	mechanistic (miRNA repression)	strong	analysed network	115
hsa-miR-29a	MYC	miRNA_target	-1	mechanistic (miRNA repression)	strong	analysed network	21
hsa-miR-29a	NFKB1	miRNA_target	-1	mechanistic (miRNA repression)	weak	analysed network	55
hsa-miR-29a	NR1H4	miRNA_target	-1	mechanistic (miRNA repression)	predicted_only	analysed network	40
hsa-miR-29a	PDGFRB	miRNA_target	-1	mechanistic (miRNA repression)	strong	analysed network	16
hsa-miR-29a	PEG10	miRNA_target	-1	mechanistic (miRNA repression)	weak	analysed network	3
hsa-miR-29a	SOX9	miRNA_target	-1	mechanistic (miRNA repression)	predicted_only	analysed network	8
hsa-miR-29a	SPARC	miRNA_target	-1	mechanistic (miRNA repression)	strong	analysed network	92
hsa-miR-29a	STAT1	miRNA_target	-1	mechanistic (miRNA repression)	weak	analysed network	18
hsa-miR-29a	STAT3	miRNA_target	-1	mechanistic (miRNA repression)	weak	analysed network	46
hsa-miR-29a	TGFB2	miRNA_target	-1	mechanistic (miRNA repression)	weak	analysed network	17
hsa-miR-29a	TP53	miRNA_target	-1	mechanistic (miRNA repression)	strong	analysed network	73
hsa-miR-29a	YY1	miRNA_target	-1	mechanistic (miRNA repression)	strong	analysed network	29
hsa-miR-29a	hsa-miR-29b	miRNA_miRNA		unsigned (co-transcription within 10 kb)		census layer: miRNA pair within 10 kb	916
hsa-miR-29b	ADA	miRNA_target	-1	mechanistic (miRNA repression)	weak	analysed network	17
hsa-miR-29b	ADAMTS5	miRNA_target	-1	mechanistic (miRNA repression)	predicted_only	analysed network	6
hsa-miR-29b	CEBPA	miRNA_target	-1	mechanistic (miRNA repression)	predicted_only	analysed network	18
hsa-miR-29b	COL1A1	miRNA_target	-1	mechanistic (miRNA repression)	strong	analysed network	144
hsa-miR-29b	COL3A1	miRNA_target	-1	mechanistic (miRNA repression)	strong	analysed network	138
hsa-miR-29b	ETV4	miRNA_target	-1	mechanistic (miRNA repression)	weak	analysed network	12
hsa-miR-29b	FBN1	miRNA_target	-1	mechanistic (miRNA repression)	strong	analysed network	140
hsa-miR-29b	FOS	miRNA_target	-1	mechanistic (miRNA repression)	strong	analysed network	56
hsa-miR-29b	FOXA2	miRNA_target	-1	mechanistic (miRNA repression)	predicted_only	analysed network	10
hsa-miR-29b	GATA3	miRNA_target	-1	mechanistic (miRNA repression)	strong	analysed network	84
hsa-miR-29b	GLI1	miRNA_target	-1	mechanistic (miRNA repression)	predicted_only	analysed network	16
hsa-miR-29b	HBEGF	miRNA_target	-1	mechanistic (miRNA repression)	weak	analysed network	231
hsa-miR-29b	HDAC4	miRNA_target	-1	mechanistic (miRNA repression)	strong	analysed network	24
hsa-miR-29b	HIF1A	miRNA_target	-1	mechanistic (miRNA repression)	weak	analysed network	60
hsa-miR-29b	HMGCS1	miRNA_target	-1	mechanistic (miRNA repression)	weak	analysed network	3
hsa-miR-29b	HRK	miRNA_target	-1	mechanistic (miRNA repression)	weak	analysed network	93
hsa-miR-29b	ID1	miRNA_target	-1	mechanistic (miRNA repression)	weak	analysed network	46
hsa-miR-29b	IRF1	miRNA_target	-1	mechanistic (miRNA repression)	predicted_only	analysed network	26
hsa-miR-29b	ITGB1	miRNA_target	-1	mechanistic (miRNA repression)	strong	analysed network	319
hsa-miR-29b	JUND	miRNA_target	-1	mechanistic (miRNA repression)	strong	analysed network	10
hsa-miR-29b	LIF	miRNA_target	-1	mechanistic (miRNA repression)	weak	analysed network	153
hsa-miR-29b	LOX	miRNA_target	-1	mechanistic (miRNA repression)	strong	analysed network	73
hsa-miR-29b	MITF	miRNA_target	-1	mechanistic (miRNA repression)	weak	analysed network	10
hsa-miR-29b	MMP2	miRNA_target	-1	mechanistic (miRNA repression)	strong	analysed network	227
hsa-miR-29b	MYC	miRNA_target	-1	mechanistic (miRNA repression)	strong	analysed network	42
hsa-miR-29b	NFKB1	miRNA_target	-1	mechanistic (miRNA repression)	weak	analysed network	110
hsa-miR-29b	PDGFRB	miRNA_target	-1	mechanistic (miRNA repression)	strong	analysed network	33
hsa-miR-29b	PEG10	miRNA_target	-1	mechanistic (miRNA repression)	weak	analysed network	8
hsa-miR-29b	PPARG	miRNA_target	-1	mechanistic (miRNA repression)	predicted_only	analysed network	46
hsa-miR-29b	SMAD3	miRNA_target	-1	mechanistic (miRNA repression)	strong	analysed network	22
hsa-miR-29b	SOX2	miRNA_target	-1	mechanistic (miRNA repression)	weak	analysed network	10
hsa-miR-29b	SP1	miRNA_target	-1	mechanistic (miRNA repression)	strong	analysed network	198
hsa-miR-29b	SPARC	miRNA_target	-1	mechanistic (miRNA repression)	strong	analysed network	189
hsa-miR-29b	SREBF1	miRNA_target	-1	mechanistic (miRNA repression)	weak	analysed network	16
hsa-miR-29b	SRF	miRNA_target	-1	mechanistic (miRNA repression)	weak	analysed network	6
hsa-miR-29b	STAT3	miRNA_target	-1	mechanistic (miRNA repression)	strong	analysed network	92
hsa-miR-29b	TGFB2	miRNA_target	-1	mechanistic (miRNA repression)	strong	analysed network	32
hsa-miR-29b	YBX1	miRNA_target	-1	mechanistic (miRNA repression)	weak	analysed network	26
hsa-miR-29b	YY1	miRNA_target	-1	mechanistic (miRNA repression)	weak	analysed network	58
hsa-miR-29b	hsa-miR-29c	miRNA_miRNA		unsigned (co-transcription within 10 kb)		census layer: miRNA pair within 10 kb	936
hsa-miR-29c	ADA	miRNA_target	-1	mechanistic (miRNA repression)	weak	analysed network	8
hsa-miR-29c	ADAMTS5	miRNA_target	-1	mechanistic (miRNA repression)	predicted_only	analysed network	3
hsa-miR-29c	COL1A1	miRNA_target	-1	mechanistic (miRNA repression)	strong	analysed network	77
hsa-miR-29c	COL3A1	miRNA_target	-1	mechanistic (miRNA repression)	strong	analysed network	73
hsa-miR-29c	ETV4	miRNA_target	-1	mechanistic (miRNA repression)	weak	analysed network	6
hsa-miR-29c	FBN1	miRNA_target	-1	mechanistic (miRNA repression)	strong	analysed network	71
hsa-miR-29c	FOS	miRNA_target	-1	mechanistic (miRNA repression)	weak	analysed network	28
hsa-miR-29c	FOXA2	miRNA_target	-1	mechanistic (miRNA repression)	predicted_only	analysed network	5
hsa-miR-29c	HBEGF	miRNA_target	-1	mechanistic (miRNA repression)	weak	analysed network	113
hsa-miR-29c	HDAC4	miRNA_target	-1	mechanistic (miRNA repression)	weak	analysed network	12
hsa-miR-29c	HIF1A	miRNA_target	-1	mechanistic (miRNA repression)	weak	analysed network	30
hsa-miR-29c	HMGCS1	miRNA_target	-1	mechanistic (miRNA repression)	weak	analysed network	2
hsa-miR-29c	HRK	miRNA_target	-1	mechanistic (miRNA repression)	weak	analysed network	45
hsa-miR-29c	ID1	miRNA_target	-1	mechanistic (miRNA repression)	weak	analysed network	23
hsa-miR-29c	ITGB1	miRNA_target	-1	mechanistic (miRNA repression)	strong	analysed network	161
hsa-miR-29c	LIF	miRNA_target	-1	mechanistic (miRNA repression)	weak	analysed network	75
hsa-miR-29c	LOX	miRNA_target	-1	mechanistic (miRNA repression)	strong	analysed network	39
hsa-miR-29c	MMP2	miRNA_target	-1	mechanistic (miRNA repression)	strong	analysed network	112
hsa-miR-29c	MYC	miRNA_target	-1	mechanistic (miRNA repression)	weak	analysed network	21
hsa-miR-29c	NFKB1	miRNA_target	-1	mechanistic (miRNA repression)	weak	analysed network	55
hsa-miR-29c	PDGFRB	miRNA_target	-1	mechanistic (miRNA repression)	strong	analysed network	17
hsa-miR-29c	PEG10	miRNA_target	-1	mechanistic (miRNA repression)	weak	analysed network	5
hsa-miR-29c	RELA	miRNA_target	-1	mechanistic (miRNA repression)	weak	analysed network	99
hsa-miR-29c	SP1	miRNA_target	-1	mechanistic (miRNA repression)	strong	analysed network	99
hsa-miR-29c	SPARC	miRNA_target	-1	mechanistic (miRNA repression)	strong	analysed network	97
hsa-miR-29c	STAT3	miRNA_target	-1	mechanistic (miRNA repression)	weak	analysed network	46
hsa-miR-29c	TAL1	miRNA_target	-1	mechanistic (miRNA repression)	predicted_only	analysed network	30
hsa-miR-29c	TGFB2	miRNA_target	-1	mechanistic (miRNA repression)	weak	analysed network	15
hsa-miR-29c	YY1	miRNA_target	-1	mechanistic (miRNA repression)	weak	analysed network	29
hsa-miR-300	BDNF	miRNA_target	-1	mechanistic (miRNA repression)	predicted_only	analysed network	6
hsa-miR-300	DKK3	miRNA_target	-1	mechanistic (miRNA repression)	predicted_only	analysed network	3
hsa-miR-300	F3	miRNA_target	-1	mechanistic (miRNA repression)	predicted_only	analysed network	25
hsa-miR-300	FGF7	miRNA_target	-1	mechanistic (miRNA repression)	predicted_only	analysed network	21
hsa-miR-300	GAD1	miRNA_target	-1	mechanistic (miRNA repression)	predicted_only	analysed network	2
hsa-miR-300	GLS	miRNA_target	-1	mechanistic (miRNA repression)	predicted_only	analysed network	2
hsa-miR-300	ID1	miRNA_target	-1	mechanistic (miRNA repression)	predicted_only	analysed network	2
hsa-miR-300	SOX2	miRNA_target	-1	mechanistic (miRNA repression)	strong	analysed network	19
hsa-miR-300	THBS1	miRNA_target	-1	mechanistic (miRNA repression)	predicted_only	analysed network	129
hsa-miR-300	TP53	miRNA_target	-1	mechanistic (miRNA repression)	strong	analysed network	111
hsa-miR-300	TWIST1	miRNA_target	-1	mechanistic (miRNA repression)	strong	analysed network	24
hsa-miR-300	VCAM1	miRNA_target	-1	mechanistic (miRNA repression)	predicted_only	analysed network	32
hsa-miR-300	WNT5A	miRNA_target	-1	mechanistic (miRNA repression)	predicted_only	analysed network	3
hsa-miR-300	hsa-miR-377	miRNA_miRNA		unsigned (co-transcription within 10 kb)		census layer: miRNA pair within 10 kb	15
hsa-miR-300	hsa-miR-379	miRNA_miRNA		unsigned (co-transcription within 10 kb)		census layer: miRNA pair within 10 kb	15
hsa-miR-300	hsa-miR-381	miRNA_miRNA		unsigned (co-transcription within 10 kb)		census layer: miRNA pair within 10 kb	107
hsa-miR-300	hsa-miR-410	miRNA_miRNA		unsigned (co-transcription within 10 kb)		census layer: miRNA pair within 10 kb	4
hsa-miR-300	hsa-miR-411	miRNA_miRNA		unsigned (co-transcription within 10 kb)		census layer: miRNA pair within 10 kb	15
hsa-miR-300	hsa-miR-485	miRNA_miRNA		unsigned (co-transcription within 10 kb)		census layer: miRNA pair within 10 kb	17
hsa-miR-300	hsa-miR-494	miRNA_miRNA		unsigned (co-transcription within 10 kb)		census layer: miRNA pair within 10 kb	9
hsa-miR-300	hsa-miR-495	miRNA_miRNA		unsigned (co-transcription within 10 kb)		census layer: miRNA pair within 10 kb	5
hsa-miR-300	hsa-miR-539	miRNA_miRNA		unsigned (co-transcription within 10 kb)		census layer: miRNA pair within 10 kb	20
hsa-miR-300	hsa-miR-543	miRNA_miRNA		unsigned (co-transcription within 10 kb)		census layer: miRNA pair within 10 kb	17
hsa-miR-301b	CYLD	miRNA_target	-1	mechanistic (miRNA repression)	weak	analysed network	4
hsa-miR-301b	EDN1	miRNA_target	-1	mechanistic (miRNA repression)	weak	analysed network	11
hsa-miR-301b	EGR1	miRNA_target	-1	mechanistic (miRNA repression)	predicted_only	analysed network	23
hsa-miR-301b	F3	miRNA_target	-1	mechanistic (miRNA repression)	weak	analysed network	16
hsa-miR-301b	GJA1	miRNA_target	-1	mechanistic (miRNA repression)	weak	analysed network	8
hsa-miR-301b	HRK	miRNA_target	-1	mechanistic (miRNA repression)	predicted_only	analysed network	8
hsa-miR-301b	IRF1	miRNA_target	-1	mechanistic (miRNA repression)	weak	analysed network	5
hsa-miR-301b	MET	miRNA_target	-1	mechanistic (miRNA repression)	weak	analysed network	9
hsa-miR-301b	NRP1	miRNA_target	-1	mechanistic (miRNA repression)	weak	analysed network	4
hsa-miR-301b	POU5F1	miRNA_target	-1	mechanistic (miRNA repression)	predicted_only	analysed network	3
hsa-miR-301b	UBB	miRNA_target	-1	mechanistic (miRNA repression)	weak	analysed network	6
hsa-miR-302a	CREB1	miRNA_target	-1	mechanistic (miRNA repression)	weak	analysed network	21
hsa-miR-302a	LIF	miRNA_target	-1	mechanistic (miRNA repression)	weak	analysed network	27
hsa-miR-302a	NANOG	miRNA_target	-1	mechanistic (miRNA repression)	strong	analysed network	3
hsa-miR-302a	POU5F1	miRNA_target	-1	mechanistic (miRNA repression)	predicted_only	analysed network	3
hsa-miR-302a	SMAD4	miRNA_target	-1	mechanistic (miRNA repression)	weak	analysed network	21
hsa-miR-302a	TGFBR2	miRNA_target	-1	mechanistic (miRNA repression)	weak	analysed network	12
hsa-miR-302a	TLR4	miRNA_target	-1	mechanistic (miRNA repression)	predicted_only	analysed network	42
hsa-miR-302a	VDR	miRNA_target	-1	mechanistic (miRNA repression)	weak	analysed network	3
hsa-miR-302a	hsa-miR-302b	miRNA_miRNA		unsigned (co-transcription within 10 kb)		census layer: miRNA pair within 10 kb	27
hsa-miR-302a	hsa-miR-302c	miRNA_miRNA		unsigned (co-transcription within 10 kb)		census layer: miRNA pair within 10 kb	27
hsa-miR-302a	hsa-miR-302d	miRNA_miRNA		unsigned (co-transcription within 10 kb)		census layer: miRNA pair within 10 kb	27
hsa-miR-302b	LIF	miRNA_target	-1	mechanistic (miRNA repression)	predicted_only	analysed network	25
hsa-miR-302b	NANOG	miRNA_target	-1	mechanistic (miRNA repression)	predicted_only	analysed network	3
hsa-miR-302b	POU5F1	miRNA_target	-1	mechanistic (miRNA repression)	predicted_only	analysed network	3
hsa-miR-302b	SMAD4	miRNA_target	-1	mechanistic (miRNA repression)	weak	analysed network	21
hsa-miR-302b	TGFBR2	miRNA_target	-1	mechanistic (miRNA repression)	strong	analysed network	8
hsa-miR-302b	TLR4	miRNA_target	-1	mechanistic (miRNA repression)	predicted_only	analysed network	34
hsa-miR-302b	VDR	miRNA_target	-1	mechanistic (miRNA repression)	predicted_only	analysed network	3
hsa-miR-302b	hsa-miR-302c	miRNA_miRNA		unsigned (co-transcription within 10 kb)		census layer: miRNA pair within 10 kb	20
hsa-miR-302b	hsa-miR-302d	miRNA_miRNA		unsigned (co-transcription within 10 kb)		census layer: miRNA pair within 10 kb	20
hsa-miR-302c	FBN1	miRNA_target	-1	mechanistic (miRNA repression)	weak	analysed network	2
hsa-miR-302c	LIF	miRNA_target	-1	mechanistic (miRNA repression)	predicted_only	analysed network	25
hsa-miR-302c	NANOG	miRNA_target	-1	mechanistic (miRNA repression)	predicted_only	analysed network	3
hsa-miR-302c	POU5F1	miRNA_target	-1	mechanistic (miRNA repression)	predicted_only	analysed network	3
hsa-miR-302c	SMAD4	miRNA_target	-1	mechanistic (miRNA repression)	predicted_only	analysed network	21
hsa-miR-302c	TGFBR2	miRNA_target	-1	mechanistic (miRNA repression)	weak	analysed network	8
hsa-miR-302c	TLR4	miRNA_target	-1	mechanistic (miRNA repression)	predicted_only	analysed network	34
hsa-miR-302c	VDR	miRNA_target	-1	mechanistic (miRNA repression)	predicted_only	analysed network	3
hsa-miR-302c	hsa-miR-302d	miRNA_miRNA		unsigned (co-transcription within 10 kb)		census layer: miRNA pair within 10 kb	20
hsa-miR-302c	hsa-miR-367	miRNA_miRNA		unsigned (co-transcription within 10 kb)		census layer: miRNA pair within 10 kb	2
hsa-miR-302d	LIF	miRNA_target	-1	mechanistic (miRNA repression)	predicted_only	analysed network	25
hsa-miR-302d	NANOG	miRNA_target	-1	mechanistic (miRNA repression)	predicted_only	analysed network	3
hsa-miR-302d	POU5F1	miRNA_target	-1	mechanistic (miRNA repression)	predicted_only	analysed network	3
hsa-miR-302d	SMAD4	miRNA_target	-1	mechanistic (miRNA repression)	predicted_only	analysed network	21
hsa-miR-302d	TGFBR2	miRNA_target	-1	mechanistic (miRNA repression)	strong	analysed network	8
hsa-miR-302d	TLR4	miRNA_target	-1	mechanistic (miRNA repression)	predicted_only	analysed network	34
hsa-miR-302d	VDR	miRNA_target	-1	mechanistic (miRNA repression)	predicted_only	analysed network	3
hsa-miR-30b	BMP7	miRNA_target	-1	mechanistic (miRNA repression)	predicted_only	analysed network	2
hsa-miR-30b	CYLD	miRNA_target	-1	mechanistic (miRNA repression)	weak	analysed network	2
hsa-miR-30b	EZH2	miRNA_target	-1	mechanistic (miRNA repression)	weak	analysed network	9
hsa-miR-30b	FST	miRNA_target	-1	mechanistic (miRNA repression)	weak	analysed network	2
hsa-miR-30b	GJA1	miRNA_target	-1	mechanistic (miRNA repression)	weak	analysed network	7
hsa-miR-30b	HIF1A	miRNA_target	-1	mechanistic (miRNA repression)	weak	analysed network	6
hsa-miR-30b	LOX	miRNA_target	-1	mechanistic (miRNA repression)	predicted_only	analysed network	18
hsa-miR-30b	ME1	miRNA_target	-1	mechanistic (miRNA repression)	weak	analysed network	10
hsa-miR-30b	MYC	miRNA_target	-1	mechanistic (miRNA repression)	weak	analysed network	6
hsa-miR-30b	NFKB1	miRNA_target	-1	mechanistic (miRNA repression)	weak	analysed network	13
hsa-miR-30b	NOTCH1	miRNA_target	-1	mechanistic (miRNA repression)	strong	analysed network	2
hsa-miR-30b	NT5E	miRNA_target	-1	mechanistic (miRNA repression)	weak	analysed network	21
hsa-miR-30b	PDGFRB	miRNA_target	-1	mechanistic (miRNA repression)	strong	analysed network	5
hsa-miR-30b	RELA	miRNA_target	-1	mechanistic (miRNA repression)	weak	analysed network	27
hsa-miR-30b	SERPINE1	miRNA_target	-1	mechanistic (miRNA repression)	strong	analysed network	25
hsa-miR-30b	THBS2	miRNA_target	-1	mechanistic (miRNA repression)	predicted_only	analysed network	6
hsa-miR-30b	hsa-miR-30d	miRNA_miRNA		unsigned (co-transcription within 10 kb)		census layer: miRNA pair within 10 kb	100
hsa-miR-30c	ADAMTS5	miRNA_target	-1	mechanistic (miRNA repression)	predicted_only	analysed network	1
hsa-miR-30c	BDNF	miRNA_target	-1	mechanistic (miRNA repression)	weak	analysed network	1
hsa-miR-30c	BMP7	miRNA_target	-1	mechanistic (miRNA repression)	predicted_only	analysed network	4
hsa-miR-30c	CEBPA	miRNA_target	-1	mechanistic (miRNA repression)	weak	analysed network	4
hsa-miR-30c	CYLD	miRNA_target	-1	mechanistic (miRNA repression)	predicted_only	analysed network	4
hsa-miR-30c	DNMT1	miRNA_target	-1	mechanistic (miRNA repression)	strong	analysed network	4
hsa-miR-30c	EGR1	miRNA_target	-1	mechanistic (miRNA repression)	weak	analysed network	15
hsa-miR-30c	GJA1	miRNA_target	-1	mechanistic (miRNA repression)	weak	analysed network	7
hsa-miR-30c	LOX	miRNA_target	-1	mechanistic (miRNA repression)	predicted_only	analysed network	12
hsa-miR-30c	ME1	miRNA_target	-1	mechanistic (miRNA repression)	predicted_only	analysed network	10
hsa-miR-30c	NFKB1	miRNA_target	-1	mechanistic (miRNA repression)	weak	analysed network	13
hsa-miR-30c	NOTCH1	miRNA_target	-1	mechanistic (miRNA repression)	strong	analysed network	1
hsa-miR-30c	NRP1	miRNA_target	-1	mechanistic (miRNA repression)	weak	analysed network	1
hsa-miR-30c	NT5E	miRNA_target	-1	mechanistic (miRNA repression)	weak	analysed network	16
hsa-miR-30c	PDGFRB	miRNA_target	-1	mechanistic (miRNA repression)	weak	analysed network	3
hsa-miR-30c	SERPINE1	miRNA_target	-1	mechanistic (miRNA repression)	strong	analysed network	21
hsa-miR-30c	STAT3	miRNA_target	-1	mechanistic (miRNA repression)	weak	analysed network	17
hsa-miR-30c	THBS2	miRNA_target	-1	mechanistic (miRNA repression)	predicted_only	analysed network	4
hsa-miR-30c	hsa-miR-30e	miRNA_miRNA		unsigned (co-transcription within 10 kb)		census layer: miRNA pair within 10 kb	85
hsa-miR-30d	BMP7	miRNA_target	-1	mechanistic (miRNA repression)	predicted_only	analysed network	2
hsa-miR-30d	CYLD	miRNA_target	-1	mechanistic (miRNA repression)	predicted_only	analysed network	2
hsa-miR-30d	EZH2	miRNA_target	-1	mechanistic (miRNA repression)	strong	analysed network	9
hsa-miR-30d	FOXO3	miRNA_target	-1	mechanistic (miRNA repression)	weak	analysed network	2
hsa-miR-30d	FST	miRNA_target	-1	mechanistic (miRNA repression)	weak	analysed network	2
hsa-miR-30d	GJA1	miRNA_target	-1	mechanistic (miRNA repression)	weak	analysed network	7
hsa-miR-30d	HDAC3	miRNA_target	-1	mechanistic (miRNA repression)	predicted_only	analysed network	6
hsa-miR-30d	HIF1A	miRNA_target	-1	mechanistic (miRNA repression)	weak	analysed network	6
hsa-miR-30d	LOX	miRNA_target	-1	mechanistic (miRNA repression)	weak	analysed network	18
hsa-miR-30d	ME1	miRNA_target	-1	mechanistic (miRNA repression)	weak	analysed network	10
hsa-miR-30d	MYC	miRNA_target	-1	mechanistic (miRNA repression)	weak	analysed network	6
hsa-miR-30d	NCOR1	miRNA_target	-1	mechanistic (miRNA repression)	weak	analysed network	4
hsa-miR-30d	NOTCH1	miRNA_target	-1	mechanistic (miRNA repression)	strong	analysed network	2
hsa-miR-30d	NT5E	miRNA_target	-1	mechanistic (miRNA repression)	weak	analysed network	21
hsa-miR-30d	PDGFRB	miRNA_target	-1	mechanistic (miRNA repression)	predicted_only	analysed network	5
hsa-miR-30d	SERPINE1	miRNA_target	-1	mechanistic (miRNA repression)	weak	analysed network	25
hsa-miR-30d	SMAD3	miRNA_target	-1	mechanistic (miRNA repression)	weak	analysed network	6
hsa-miR-30d	THBS2	miRNA_target	-1	mechanistic (miRNA repression)	weak	analysed network	6
hsa-miR-30e	ADAMTS5	miRNA_target	-1	mechanistic (miRNA repression)	predicted_only	analysed network	1
hsa-miR-30e	BDNF	miRNA_target	-1	mechanistic (miRNA repression)	weak	analysed network	1
hsa-miR-30e	BMP7	miRNA_target	-1	mechanistic (miRNA repression)	predicted_only	analysed network	4
hsa-miR-30e	CTNNB1	miRNA_target	-1	mechanistic (miRNA repression)	weak	analysed network	7
hsa-miR-30e	CYLD	miRNA_target	-1	mechanistic (miRNA repression)	predicted_only	analysed network	4
hsa-miR-30e	EGR1	miRNA_target	-1	mechanistic (miRNA repression)	weak	analysed network	15
hsa-miR-30e	GJA1	miRNA_target	-1	mechanistic (miRNA repression)	weak	analysed network	7
hsa-miR-30e	LEF1	miRNA_target	-1	mechanistic (miRNA repression)	predicted_only	analysed network	10
hsa-miR-30e	LOX	miRNA_target	-1	mechanistic (miRNA repression)	predicted_only	analysed network	12
hsa-miR-30e	ME1	miRNA_target	-1	mechanistic (miRNA repression)	predicted_only	analysed network	10
hsa-miR-30e	NOTCH1	miRNA_target	-1	mechanistic (miRNA repression)	strong	analysed network	1
hsa-miR-30e	NRP1	miRNA_target	-1	mechanistic (miRNA repression)	weak	analysed network	1
hsa-miR-30e	NT5E	miRNA_target	-1	mechanistic (miRNA repression)	weak	analysed network	16
hsa-miR-30e	PDGFRB	miRNA_target	-1	mechanistic (miRNA repression)	weak	analysed network	3
hsa-miR-30e	SERPINE1	miRNA_target	-1	mechanistic (miRNA repression)	weak	analysed network	21
hsa-miR-30e	THBS2	miRNA_target	-1	mechanistic (miRNA repression)	predicted_only	analysed network	4
hsa-miR-329	FBN1	miRNA_target	-1	mechanistic (miRNA repression)	predicted_only	analysed network	7
hsa-miR-329	SMAD6	miRNA_target	-1	mechanistic (miRNA repression)	predicted_only	analysed network	1
hsa-miR-329	hsa-miR-382	miRNA_miRNA		unsigned (co-transcription within 10 kb)		census layer: miRNA pair within 10 kb	3
hsa-miR-329	hsa-miR-410	miRNA_miRNA		unsigned (co-transcription within 10 kb)		census layer: miRNA pair within 10 kb	1
hsa-miR-329	hsa-miR-494	miRNA_miRNA		unsigned (co-transcription within 10 kb)		census layer: miRNA pair within 10 kb	4
hsa-miR-362	PEG10	miRNA_target	-1	mechanistic (miRNA repression)	predicted_only	analysed network	1
hsa-miR-362	hsa-miR-502	miRNA_miRNA		unsigned (co-transcription within 10 kb)		census layer: miRNA pair within 10 kb	1
hsa-miR-363	E2F1	miRNA_target	-1	mechanistic (miRNA repression)	predicted_only	analysed network	2
hsa-miR-363	ESR1	miRNA_target	-1	mechanistic (miRNA repression)	predicted_only	analysed network	6
hsa-miR-363	MITF	miRNA_target	-1	mechanistic (miRNA repression)	weak	analysed network	2
hsa-miR-363	MYCN	miRNA_target	-1	mechanistic (miRNA repression)	predicted_only	analysed network	2
hsa-miR-363	RUNX1	miRNA_target	-1	mechanistic (miRNA repression)	predicted_only	analysed network	2
hsa-miR-363	SMAD6	miRNA_target	-1	mechanistic (miRNA repression)	predicted_only	analysed network	24
hsa-miR-363	SMAD7	miRNA_target	-1	mechanistic (miRNA repression)	weak	analysed network	17
hsa-miR-363	TWIST1	miRNA_target	-1	mechanistic (miRNA repression)	predicted_only	analysed network	2
hsa-miR-367	CEBPA	miRNA_target	-1	mechanistic (miRNA repression)	predicted_only	analysed network	1
hsa-miR-367	FBN1	miRNA_target	-1	mechanistic (miRNA repression)	predicted_only	analysed network	2
hsa-miR-367	TWIST1	miRNA_target	-1	mechanistic (miRNA repression)	predicted_only	analysed network	1
hsa-miR-369	ABCA1	miRNA_target	-1	mechanistic (miRNA repression)	predicted_only	analysed network	2
hsa-miR-369	CD2AP	miRNA_target	-1	mechanistic (miRNA repression)	predicted_only	analysed network	1
hsa-miR-369	CEBPA	miRNA_target	-1	mechanistic (miRNA repression)	predicted_only	analysed network	5
hsa-miR-369	CEBPB	miRNA_target	-1	mechanistic (miRNA repression)	predicted_only	analysed network	1
hsa-miR-369	FOSB	miRNA_target	-1	mechanistic (miRNA repression)	predicted_only	analysed network	1
hsa-miR-369	MMP14	miRNA_target	-1	mechanistic (miRNA repression)	predicted_only	analysed network	7
hsa-miR-369	SMAD6	miRNA_target	-1	mechanistic (miRNA repression)	predicted_only	analysed network	1
hsa-miR-369	hsa-miR-376c	miRNA_miRNA		unsigned (co-transcription within 10 kb)		census layer: miRNA pair within 10 kb	1
hsa-miR-369	hsa-miR-410	miRNA_miRNA		unsigned (co-transcription within 10 kb)		census layer: miRNA pair within 10 kb	4
hsa-miR-369	hsa-miR-485	miRNA_miRNA		unsigned (co-transcription within 10 kb)		census layer: miRNA pair within 10 kb	2
hsa-miR-369	hsa-miR-495	miRNA_miRNA		unsigned (co-transcription within 10 kb)		census layer: miRNA pair within 10 kb	3
hsa-miR-369	hsa-miR-496	miRNA_miRNA		unsigned (co-transcription within 10 kb)		census layer: miRNA pair within 10 kb	1
hsa-miR-369	hsa-miR-758	miRNA_miRNA		unsigned (co-transcription within 10 kb)		census layer: miRNA pair within 10 kb	1
hsa-miR-372	CTNNB1	miRNA_target	-1	mechanistic (miRNA repression)	predicted_only	analysed network	6
hsa-miR-372	DKK1	miRNA_target	-1	mechanistic (miRNA repression)	strong	analysed network	3
hsa-miR-372	EPHA2	miRNA_target	-1	mechanistic (miRNA repression)	predicted_only	analysed network	1
hsa-miR-372	HIF1A	miRNA_target	-1	mechanistic (miRNA repression)	predicted_only	analysed network	11
hsa-miR-372	IRAK2	miRNA_target	-1	mechanistic (miRNA repression)	predicted_only	analysed network	3
hsa-miR-372	IRF9	miRNA_target	-1	mechanistic (miRNA repression)	weak	analysed network	2
hsa-miR-372	LEF1	miRNA_target	-1	mechanistic (miRNA repression)	predicted_only	analysed network	9
hsa-miR-372	LIF	miRNA_target	-1	mechanistic (miRNA repression)	predicted_only	analysed network	29
hsa-miR-372	MYC	miRNA_target	-1	mechanistic (miRNA repression)	predicted_only	analysed network	6
hsa-miR-372	SQSTM1	miRNA_target	-1	mechanistic (miRNA repression)	predicted_only	analysed network	3
hsa-miR-372	TGFBR2	miRNA_target	-1	mechanistic (miRNA repression)	strong	analysed network	11
hsa-miR-372	TLR4	miRNA_target	-1	mechanistic (miRNA repression)	predicted_only	analysed network	66
hsa-miR-372	TWIST1	miRNA_target	-1	mechanistic (miRNA repression)	predicted_only	analysed network	1
hsa-miR-372	VDR	miRNA_target	-1	mechanistic (miRNA repression)	predicted_only	analysed network	1
hsa-miR-372	YY1	miRNA_target	-1	mechanistic (miRNA repression)	predicted_only	analysed network	7
hsa-miR-372	hsa-miR-373	miRNA_miRNA		unsigned (co-transcription within 10 kb)		census layer: miRNA pair within 10 kb	118
hsa-miR-373	CREB1	miRNA_target	-1	mechanistic (miRNA repression)	weak	analysed network	7
hsa-miR-373	CTNNB1	miRNA_target	-1	mechanistic (miRNA repression)	predicted_only	analysed network	6
hsa-miR-373	DKK1	miRNA_target	-1	mechanistic (miRNA repression)	strong	analysed network	3
hsa-miR-373	EPHA2	miRNA_target	-1	mechanistic (miRNA repression)	predicted_only	analysed network	1
hsa-miR-373	HIF1A	miRNA_target	-1	mechanistic (miRNA repression)	strong	analysed network	11
hsa-miR-373	IRAK2	miRNA_target	-1	mechanistic (miRNA repression)	predicted_only	analysed network	3
hsa-miR-373	IRF9	miRNA_target	-1	mechanistic (miRNA repression)	strong	analysed network	2
hsa-miR-373	LEF1	miRNA_target	-1	mechanistic (miRNA repression)	predicted_only	analysed network	9
hsa-miR-373	LIF	miRNA_target	-1	mechanistic (miRNA repression)	predicted_only	analysed network	29
hsa-miR-373	MYC	miRNA_target	-1	mechanistic (miRNA repression)	strong	analysed network	6
hsa-miR-373	SP1	miRNA_target	-1	mechanistic (miRNA repression)	predicted_only	analysed network	36
hsa-miR-373	SQSTM1	miRNA_target	-1	mechanistic (miRNA repression)	predicted_only	analysed network	3
hsa-miR-373	TGFBR2	miRNA_target	-1	mechanistic (miRNA repression)	strong	analysed network	11
hsa-miR-373	TLR4	miRNA_target	-1	mechanistic (miRNA repression)	predicted_only	analysed network	66
hsa-miR-373	TWIST1	miRNA_target	-1	mechanistic (miRNA repression)	predicted_only	analysed network	1
hsa-miR-373	VDR	miRNA_target	-1	mechanistic (miRNA repression)	predicted_only	analysed network	1
hsa-miR-376a	HBEGF	miRNA_target	-1	mechanistic (miRNA repression)	predicted_only	analysed network	21
hsa-miR-376a	HDAC9	miRNA_target	-1	mechanistic (miRNA repression)	predicted_only	analysed network	15
hsa-miR-376a	hsa-miR-376b	miRNA_miRNA		unsigned (co-transcription within 10 kb)		census layer: miRNA pair within 10 kb	5
hsa-miR-376a	hsa-miR-376c	miRNA_miRNA		unsigned (co-transcription within 10 kb)		census layer: miRNA pair within 10 kb	10
hsa-miR-376a	hsa-miR-410	miRNA_miRNA		unsigned (co-transcription within 10 kb)		census layer: miRNA pair within 10 kb	6
hsa-miR-376b	HBEGF	miRNA_target	-1	mechanistic (miRNA repression)	predicted_only	analysed network	11
hsa-miR-376b	hsa-miR-376c	miRNA_miRNA		unsigned (co-transcription within 10 kb)		census layer: miRNA pair within 10 kb	5
hsa-miR-376b	hsa-miR-410	miRNA_miRNA		unsigned (co-transcription within 10 kb)		census layer: miRNA pair within 10 kb	1
hsa-miR-376c	ABCA1	miRNA_target	-1	mechanistic (miRNA repression)	predicted_only	analysed network	1
hsa-miR-376c	EDN1	miRNA_target	-1	mechanistic (miRNA repression)	predicted_only	analysed network	3
hsa-miR-376c	HBEGF	miRNA_target	-1	mechanistic (miRNA repression)	predicted_only	analysed network	21
hsa-miR-376c	HIF1A	miRNA_target	-1	mechanistic (miRNA repression)	weak	analysed network	14
hsa-miR-376c	SMAD4	miRNA_target	-1	mechanistic (miRNA repression)	weak	analysed network	4
hsa-miR-376c	hsa-miR-379	miRNA_miRNA		unsigned (co-transcription within 10 kb)		census layer: miRNA pair within 10 kb	3
hsa-miR-376c	hsa-miR-410	miRNA_miRNA		unsigned (co-transcription within 10 kb)		census layer: miRNA pair within 10 kb	6
hsa-miR-377	CXCR5	miRNA_target	-1	mechanistic (miRNA repression)	predicted_only	analysed network	1
hsa-miR-377	THBS1	miRNA_target	-1	mechanistic (miRNA repression)	weak	analysed network	39
hsa-miR-377	hsa-miR-381	miRNA_miRNA		unsigned (co-transcription within 10 kb)		census layer: miRNA pair within 10 kb	15
hsa-miR-377	hsa-miR-485	miRNA_miRNA		unsigned (co-transcription within 10 kb)		census layer: miRNA pair within 10 kb	2
hsa-miR-377	hsa-miR-494	miRNA_miRNA		unsigned (co-transcription within 10 kb)		census layer: miRNA pair within 10 kb	1
hsa-miR-377	hsa-miR-539	miRNA_miRNA		unsigned (co-transcription within 10 kb)		census layer: miRNA pair within 10 kb	5
hsa-miR-377	hsa-miR-543	miRNA_miRNA		unsigned (co-transcription within 10 kb)		census layer: miRNA pair within 10 kb	2
hsa-miR-379	EDN1	miRNA_target	-1	mechanistic (miRNA repression)	strong	analysed network	3
hsa-miR-379	THBS1	miRNA_target	-1	mechanistic (miRNA repression)	weak	analysed network	39
hsa-miR-379	hsa-miR-381	miRNA_miRNA		unsigned (co-transcription within 10 kb)		census layer: miRNA pair within 10 kb	15
hsa-miR-379	hsa-miR-485	miRNA_miRNA		unsigned (co-transcription within 10 kb)		census layer: miRNA pair within 10 kb	2
hsa-miR-379	hsa-miR-539	miRNA_miRNA		unsigned (co-transcription within 10 kb)		census layer: miRNA pair within 10 kb	5
hsa-miR-379	hsa-miR-543	miRNA_miRNA		unsigned (co-transcription within 10 kb)		census layer: miRNA pair within 10 kb	2
hsa-miR-381	BDNF	miRNA_target	-1	mechanistic (miRNA repression)	weak	analysed network	6
hsa-miR-381	DKK3	miRNA_target	-1	mechanistic (miRNA repression)	predicted_only	analysed network	3
hsa-miR-381	F3	miRNA_target	-1	mechanistic (miRNA repression)	predicted_only	analysed network	25
hsa-miR-381	FGF7	miRNA_target	-1	mechanistic (miRNA repression)	predicted_only	analysed network	21
hsa-miR-381	GAD1	miRNA_target	-1	mechanistic (miRNA repression)	weak	analysed network	2
hsa-miR-381	GLS	miRNA_target	-1	mechanistic (miRNA repression)	weak	analysed network	2
hsa-miR-381	HNF4A	miRNA_target	-1	mechanistic (miRNA repression)	predicted_only	analysed network	5
hsa-miR-381	ID1	miRNA_target	-1	mechanistic (miRNA repression)	strong	analysed network	2
hsa-miR-381	SOX2	miRNA_target	-1	mechanistic (miRNA repression)	predicted_only	analysed network	19
hsa-miR-381	THBS1	miRNA_target	-1	mechanistic (miRNA repression)	predicted_only	analysed network	129
hsa-miR-381	TP53	miRNA_target	-1	mechanistic (miRNA repression)	predicted_only	analysed network	111
hsa-miR-381	TWIST1	miRNA_target	-1	mechanistic (miRNA repression)	strong	analysed network	24
hsa-miR-381	VCAM1	miRNA_target	-1	mechanistic (miRNA repression)	predicted_only	analysed network	32
hsa-miR-381	WNT5A	miRNA_target	-1	mechanistic (miRNA repression)	weak	analysed network	3
hsa-miR-381	hsa-miR-410	miRNA_miRNA		unsigned (co-transcription within 10 kb)		census layer: miRNA pair within 10 kb	4
hsa-miR-381	hsa-miR-411	miRNA_miRNA		unsigned (co-transcription within 10 kb)		census layer: miRNA pair within 10 kb	15
hsa-miR-381	hsa-miR-485	miRNA_miRNA		unsigned (co-transcription within 10 kb)		census layer: miRNA pair within 10 kb	17
hsa-miR-381	hsa-miR-494	miRNA_miRNA		unsigned (co-transcription within 10 kb)		census layer: miRNA pair within 10 kb	9
hsa-miR-381	hsa-miR-495	miRNA_miRNA		unsigned (co-transcription within 10 kb)		census layer: miRNA pair within 10 kb	5
hsa-miR-381	hsa-miR-539	miRNA_miRNA		unsigned (co-transcription within 10 kb)		census layer: miRNA pair within 10 kb	20
hsa-miR-381	hsa-miR-543	miRNA_miRNA		unsigned (co-transcription within 10 kb)		census layer: miRNA pair within 10 kb	17
hsa-miR-382	FBN1	miRNA_target	-1	mechanistic (miRNA repression)	predicted_only	analysed network	13
hsa-miR-382	HIF1A	miRNA_target	-1	mechanistic (miRNA repression)	weak	analysed network	9
hsa-miR-382	SMAD6	miRNA_target	-1	mechanistic (miRNA repression)	predicted_only	analysed network	1
hsa-miR-382	hsa-miR-410	miRNA_miRNA		unsigned (co-transcription within 10 kb)		census layer: miRNA pair within 10 kb	1
hsa-miR-382	hsa-miR-494	miRNA_miRNA		unsigned (co-transcription within 10 kb)		census layer: miRNA pair within 10 kb	7
hsa-miR-382	hsa-miR-758	miRNA_miRNA		unsigned (co-transcription within 10 kb)		census layer: miRNA pair within 10 kb	3
hsa-miR-410	BDNF	miRNA_target	-1	mechanistic (miRNA repression)	predicted_only	analysed network	2
hsa-miR-410	CXCR5	miRNA_target	-1	mechanistic (miRNA repression)	predicted_only	analysed network	1
hsa-miR-410	FGF7	miRNA_target	-1	mechanistic (miRNA repression)	predicted_only	analysed network	12
hsa-miR-410	FOSB	miRNA_target	-1	mechanistic (miRNA repression)	predicted_only	analysed network	1
hsa-miR-410	HBEGF	miRNA_target	-1	mechanistic (miRNA repression)	predicted_only	analysed network	13
hsa-miR-410	MEF2A	miRNA_target	-1	mechanistic (miRNA repression)	predicted_only	analysed network	16
hsa-miR-410	MMP14	miRNA_target	-1	mechanistic (miRNA repression)	predicted_only	analysed network	7
hsa-miR-410	SMAD6	miRNA_target	-1	mechanistic (miRNA repression)	predicted_only	analysed network	4
hsa-miR-410	TGFBR2	miRNA_target	-1	mechanistic (miRNA repression)	predicted_only	analysed network	6
hsa-miR-410	hsa-miR-411	miRNA_miRNA		unsigned (co-transcription within 10 kb)		census layer: miRNA pair within 10 kb	1
hsa-miR-410	hsa-miR-485	miRNA_miRNA		unsigned (co-transcription within 10 kb)		census layer: miRNA pair within 10 kb	3
hsa-miR-410	hsa-miR-494	miRNA_miRNA		unsigned (co-transcription within 10 kb)		census layer: miRNA pair within 10 kb	6
hsa-miR-410	hsa-miR-495	miRNA_miRNA		unsigned (co-transcription within 10 kb)		census layer: miRNA pair within 10 kb	4
hsa-miR-410	hsa-miR-496	miRNA_miRNA		unsigned (co-transcription within 10 kb)		census layer: miRNA pair within 10 kb	1
hsa-miR-410	hsa-miR-655	miRNA_miRNA		unsigned (co-transcription within 10 kb)		census layer: miRNA pair within 10 kb	2
hsa-miR-411	TGFBR2	miRNA_target	-1	mechanistic (miRNA repression)	strong	analysed network	2
hsa-miR-411	THBS1	miRNA_target	-1	mechanistic (miRNA repression)	weak	analysed network	39
hsa-miR-411	hsa-miR-485	miRNA_miRNA		unsigned (co-transcription within 10 kb)		census layer: miRNA pair within 10 kb	2
hsa-miR-411	hsa-miR-539	miRNA_miRNA		unsigned (co-transcription within 10 kb)		census layer: miRNA pair within 10 kb	5
hsa-miR-411	hsa-miR-543	miRNA_miRNA		unsigned (co-transcription within 10 kb)		census layer: miRNA pair within 10 kb	2
hsa-miR-411	hsa-miR-655	miRNA_miRNA		unsigned (co-transcription within 10 kb)		census layer: miRNA pair within 10 kb	1
hsa-miR-424	CD2AP	miRNA_target	-1	mechanistic (miRNA repression)	weak	analysed network	4
hsa-miR-424	CEBPB	miRNA_target	-1	mechanistic (miRNA repression)	weak	analysed network	1
hsa-miR-424	FGF7	miRNA_target	-1	mechanistic (miRNA repression)	weak	analysed network	28
hsa-miR-424	HDAC1	miRNA_target	-1	mechanistic (miRNA repression)	weak	analysed network	5
hsa-miR-424	HDAC2	miRNA_target	-1	mechanistic (miRNA repression)	weak	analysed network	2
hsa-miR-424	HOXA10	miRNA_target	-1	mechanistic (miRNA repression)	weak	analysed network	2
hsa-miR-424	NFKB1	miRNA_target	-1	mechanistic (miRNA repression)	weak	analysed network	4
hsa-miR-424	SIRT1	miRNA_target	-1	mechanistic (miRNA repression)	weak	analysed network	5
hsa-miR-424	SMAD7	miRNA_target	-1	mechanistic (miRNA repression)	strong	analysed network	10
hsa-miR-424	SOX2	miRNA_target	-1	mechanistic (miRNA repression)	predicted_only	analysed network	1
hsa-miR-424	SPI1	miRNA_target	-1	mechanistic (miRNA repression)	strong	analysed network	1
hsa-miR-424	hsa-miR-503	miRNA_miRNA		unsigned (co-transcription within 10 kb)		census layer: miRNA pair within 10 kb	42
hsa-miR-429	ABCA1	miRNA_target	-1	mechanistic (miRNA repression)	predicted_only	analysed network	5
hsa-miR-429	DNMT1	miRNA_target	-1	mechanistic (miRNA repression)	strong	analysed network	7
hsa-miR-429	EZH2	miRNA_target	-1	mechanistic (miRNA repression)	strong	analysed network	12
hsa-miR-429	FN1	miRNA_target	-1	mechanistic (miRNA repression)	weak	analysed network	326
hsa-miR-429	FOXM1	miRNA_target	-1	mechanistic (miRNA repression)	weak	analysed network	2
hsa-miR-429	HDAC1	miRNA_target	-1	mechanistic (miRNA repression)	weak	analysed network	33
hsa-miR-429	HDAC2	miRNA_target	-1	mechanistic (miRNA repression)	predicted_only	analysed network	20
hsa-miR-429	HDAC4	miRNA_target	-1	mechanistic (miRNA repression)	predicted_only	analysed network	5
hsa-miR-429	HIF1A	miRNA_target	-1	mechanistic (miRNA repression)	strong	analysed network	9
hsa-miR-429	JUN	miRNA_target	-1	mechanistic (miRNA repression)	weak	analysed network	17
hsa-miR-429	KLF4	miRNA_target	-1	mechanistic (miRNA repression)	weak	analysed network	5
hsa-miR-429	KLF5	miRNA_target	-1	mechanistic (miRNA repression)	weak	analysed network	4
hsa-miR-429	LOX	miRNA_target	-1	mechanistic (miRNA repression)	predicted_only	analysed network	49
hsa-miR-429	MYB	miRNA_target	-1	mechanistic (miRNA repression)	strong	analysed network	5
hsa-miR-429	NFKB1	miRNA_target	-1	mechanistic (miRNA repression)	predicted_only	analysed network	23
hsa-miR-429	NOTCH1	miRNA_target	-1	mechanistic (miRNA repression)	predicted_only	analysed network	5
hsa-miR-429	NTF3	miRNA_target	-1	mechanistic (miRNA repression)	predicted_only	analysed network	6
hsa-miR-429	SHC1	miRNA_target	-1	mechanistic (miRNA repression)	strong	analysed network	83
hsa-miR-429	SMAD7	miRNA_target	-1	mechanistic (miRNA repression)	predicted_only	analysed network	18
hsa-miR-429	SNAI1	miRNA_target	-1	mechanistic (miRNA repression)	predicted_only	analysed network	1
hsa-miR-429	SNAI2	miRNA_target	-1	mechanistic (miRNA repression)	predicted_only	analysed network	2
hsa-miR-429	SNAP25	miRNA_target	-1	mechanistic (miRNA repression)	predicted_only	analysed network	8
hsa-miR-429	SOX2	miRNA_target	-1	mechanistic (miRNA repression)	strong	analysed network	3
hsa-miR-429	SP1	miRNA_target	-1	mechanistic (miRNA repression)	strong	analysed network	34
hsa-miR-429	TP53	miRNA_target	-1	mechanistic (miRNA repression)	predicted_only	analysed network	25
hsa-miR-429	TP63	miRNA_target	-1	mechanistic (miRNA repression)	predicted_only	analysed network	4
hsa-miR-429	TP73	miRNA_target	-1	mechanistic (miRNA repression)	weak	analysed network	2
hsa-miR-429	TWIST1	miRNA_target	-1	mechanistic (miRNA repression)	predicted_only	analysed network	2
hsa-miR-429	ZEB2	miRNA_target	-1	mechanistic (miRNA repression)	strong	analysed network	1
hsa-miR-449a	E2F1	miRNA_target	-1	mechanistic (miRNA repression)	predicted_only	analysed network	3
hsa-miR-449a	FOSB	miRNA_target	-1	mechanistic (miRNA repression)	predicted_only	analysed network	2
hsa-miR-449a	LDHA	miRNA_target	-1	mechanistic (miRNA repression)	weak	analysed network	2
hsa-miR-449a	MET	miRNA_target	-1	mechanistic (miRNA repression)	strong	analysed network	6
hsa-miR-449a	RB1	miRNA_target	-1	mechanistic (miRNA repression)	predicted_only	analysed network	8
hsa-miR-449a	SERPINE1	miRNA_target	-1	mechanistic (miRNA repression)	predicted_only	analysed network	10
hsa-miR-449a	SNAP25	miRNA_target	-1	mechanistic (miRNA repression)	predicted_only	analysed network	2
hsa-miR-449a	hsa-miR-449b	miRNA_miRNA		unsigned (co-transcription within 10 kb)		census layer: miRNA pair within 10 kb	22
hsa-miR-449b	E2F1	miRNA_target	-1	mechanistic (miRNA repression)	predicted_only	analysed network	3
hsa-miR-449b	FOSB	miRNA_target	-1	mechanistic (miRNA repression)	weak	analysed network	2
hsa-miR-449b	LDHA	miRNA_target	-1	mechanistic (miRNA repression)	weak	analysed network	2
hsa-miR-449b	MET	miRNA_target	-1	mechanistic (miRNA repression)	strong	analysed network	6
hsa-miR-449b	RB1	miRNA_target	-1	mechanistic (miRNA repression)	predicted_only	analysed network	8
hsa-miR-449b	SERPINE1	miRNA_target	-1	mechanistic (miRNA repression)	predicted_only	analysed network	10
hsa-miR-449b	SNAP25	miRNA_target	-1	mechanistic (miRNA repression)	predicted_only	analysed network	2
hsa-miR-485	IRF1	miRNA_target	-1	mechanistic (miRNA repression)	predicted_only	analysed network	17
hsa-miR-485	MMP14	miRNA_target	-1	mechanistic (miRNA repression)	predicted_only	analysed network	7
hsa-miR-485	TGFBR2	miRNA_target	-1	mechanistic (miRNA repression)	weak	analysed network	2
hsa-miR-485	THBS1	miRNA_target	-1	mechanistic (miRNA repression)	weak	analysed network	51
hsa-miR-485	hsa-miR-495	miRNA_miRNA		unsigned (co-transcription within 10 kb)		census layer: miRNA pair within 10 kb	3
hsa-miR-485	hsa-miR-539	miRNA_miRNA		unsigned (co-transcription within 10 kb)		census layer: miRNA pair within 10 kb	7
hsa-miR-485	hsa-miR-543	miRNA_miRNA		unsigned (co-transcription within 10 kb)		census layer: miRNA pair within 10 kb	4
hsa-miR-485	hsa-miR-655	miRNA_miRNA		unsigned (co-transcription within 10 kb)		census layer: miRNA pair within 10 kb	1
hsa-miR-494	ATF3	miRNA_target	-1	mechanistic (miRNA repression)	strong	analysed network	9
hsa-miR-494	BDNF	miRNA_target	-1	mechanistic (miRNA repression)	predicted_only	analysed network	2
hsa-miR-494	CXCR5	miRNA_target	-1	mechanistic (miRNA repression)	predicted_only	analysed network	2
hsa-miR-494	FBN1	miRNA_target	-1	mechanistic (miRNA repression)	predicted_only	analysed network	15
hsa-miR-494	FGF7	miRNA_target	-1	mechanistic (miRNA repression)	predicted_only	analysed network	27
hsa-miR-494	HNF4A	miRNA_target	-1	mechanistic (miRNA repression)	predicted_only	analysed network	2
hsa-miR-494	LIF	miRNA_target	-1	mechanistic (miRNA repression)	predicted_only	analysed network	14
hsa-miR-494	NFKB1	miRNA_target	-1	mechanistic (miRNA repression)	predicted_only	analysed network	28
hsa-miR-494	SMAD3	miRNA_target	-1	mechanistic (miRNA repression)	predicted_only	analysed network	4
hsa-miR-494	SMAD4	miRNA_target	-1	mechanistic (miRNA repression)	predicted_only	analysed network	3
hsa-miR-494	hsa-miR-495	miRNA_miRNA		unsigned (co-transcription within 10 kb)		census layer: miRNA pair within 10 kb	6
hsa-miR-494	hsa-miR-758	miRNA_miRNA		unsigned (co-transcription within 10 kb)		census layer: miRNA pair within 10 kb	4
hsa-miR-495	BDNF	miRNA_target	-1	mechanistic (miRNA repression)	predicted_only	analysed network	2
hsa-miR-495	FGF7	miRNA_target	-1	mechanistic (miRNA repression)	predicted_only	analysed network	15
hsa-miR-495	KLF5	miRNA_target	-1	mechanistic (miRNA repression)	predicted_only	analysed network	10
hsa-miR-495	MMP14	miRNA_target	-1	mechanistic (miRNA repression)	predicted_only	analysed network	9
hsa-miR-495	TGFB2	miRNA_target	-1	mechanistic (miRNA repression)	predicted_only	analysed network	3
hsa-miR-495	hsa-miR-655	miRNA_miRNA		unsigned (co-transcription within 10 kb)		census layer: miRNA pair within 10 kb	3
hsa-miR-496	CD2AP	miRNA_target	-1	mechanistic (miRNA repression)	predicted_only	analysed network	1
hsa-miR-496	TGFBR2	miRNA_target	-1	mechanistic (miRNA repression)	weak	analysed network	2
hsa-miR-496	hsa-miR-655	miRNA_miRNA		unsigned (co-transcription within 10 kb)		census layer: miRNA pair within 10 kb	1
hsa-miR-497	BDNF	miRNA_target	-1	mechanistic (miRNA repression)	predicted_only	analysed network	6
hsa-miR-497	CHAC1	miRNA_target	-1	mechanistic (miRNA repression)	weak	analysed network	1
hsa-miR-497	CYLD	miRNA_target	-1	mechanistic (miRNA repression)	predicted_only	analysed network	4
hsa-miR-497	ESR1	miRNA_target	-1	mechanistic (miRNA repression)	predicted_only	analysed network	9
hsa-miR-497	FGF7	miRNA_target	-1	mechanistic (miRNA repression)	predicted_only	analysed network	14
hsa-miR-497	FURIN	miRNA_target	-1	mechanistic (miRNA repression)	weak	analysed network	8
hsa-miR-497	HIF1A	miRNA_target	-1	mechanistic (miRNA repression)	strong	analysed network	2
hsa-miR-497	HOXA10	miRNA_target	-1	mechanistic (miRNA repression)	weak	analysed network	4
hsa-miR-497	IRAK2	miRNA_target	-1	mechanistic (miRNA repression)	strong	analysed network	6
hsa-miR-497	MYC	miRNA_target	-1	mechanistic (miRNA repression)	predicted_only	analysed network	3
hsa-miR-497	SMAD7	miRNA_target	-1	mechanistic (miRNA repression)	strong	analysed network	6
hsa-miR-497	SNAP25	miRNA_target	-1	mechanistic (miRNA repression)	predicted_only	analysed network	1
hsa-miR-502	NFKB1	miRNA_target	-1	mechanistic (miRNA repression)	predicted_only	analysed network	1
hsa-miR-502	PEG10	miRNA_target	-1	mechanistic (miRNA repression)	weak	analysed network	1
hsa-miR-503	CD2AP	miRNA_target	-1	mechanistic (miRNA repression)	weak	analysed network	4
hsa-miR-503	CEBPB	miRNA_target	-1	mechanistic (miRNA repression)	predicted_only	analysed network	1
hsa-miR-503	FGF7	miRNA_target	-1	mechanistic (miRNA repression)	predicted_only	analysed network	28
hsa-miR-503	HDAC1	miRNA_target	-1	mechanistic (miRNA repression)	weak	analysed network	5
hsa-miR-503	HDAC2	miRNA_target	-1	mechanistic (miRNA repression)	weak	analysed network	2
hsa-miR-503	NFKB1	miRNA_target	-1	mechanistic (miRNA repression)	weak	analysed network	4
hsa-miR-503	RELA	miRNA_target	-1	mechanistic (miRNA repression)	predicted_only	analysed network	4
hsa-miR-503	SIRT1	miRNA_target	-1	mechanistic (miRNA repression)	predicted_only	analysed network	5
hsa-miR-503	SMAD7	miRNA_target	-1	mechanistic (miRNA repression)	strong	analysed network	10
hsa-miR-519d	ABCA1	miRNA_target	-1	mechanistic (miRNA repression)	weak	analysed network	2
hsa-miR-519d	E2F1	miRNA_target	-1	mechanistic (miRNA repression)	strong	analysed network	10
hsa-miR-519d	IRF1	miRNA_target	-1	mechanistic (miRNA repression)	predicted_only	analysed network	3
hsa-miR-519d	IRF9	miRNA_target	-1	mechanistic (miRNA repression)	predicted_only	analysed network	1
hsa-miR-519d	LIF	miRNA_target	-1	mechanistic (miRNA repression)	predicted_only	analysed network	15
hsa-miR-519d	SQSTM1	miRNA_target	-1	mechanistic (miRNA repression)	weak	analysed network	6
hsa-miR-519d	TGFBR2	miRNA_target	-1	mechanistic (miRNA repression)	weak	analysed network	3
hsa-miR-519d	TLR4	miRNA_target	-1	mechanistic (miRNA repression)	predicted_only	analysed network	39
hsa-miR-519d	TP53	miRNA_target	-1	mechanistic (miRNA repression)	predicted_only	analysed network	31
hsa-miR-519d	TWIST1	miRNA_target	-1	mechanistic (miRNA repression)	predicted_only	analysed network	1
hsa-miR-519d	hsa-miR-520d	miRNA_miRNA		unsigned (co-transcription within 10 kb)		census layer: miRNA pair within 10 kb	66
hsa-miR-520d	ABCA1	miRNA_target	-1	mechanistic (miRNA repression)	predicted_only	analysed network	2
hsa-miR-520d	IRF9	miRNA_target	-1	mechanistic (miRNA repression)	predicted_only	analysed network	1
hsa-miR-520d	LIF	miRNA_target	-1	mechanistic (miRNA repression)	predicted_only	analysed network	15
hsa-miR-520d	SQSTM1	miRNA_target	-1	mechanistic (miRNA repression)	predicted_only	analysed network	6
hsa-miR-520d	STAT3	miRNA_target	-1	mechanistic (miRNA repression)	predicted_only	analysed network	20
hsa-miR-520d	TGFBR2	miRNA_target	-1	mechanistic (miRNA repression)	predicted_only	analysed network	3
hsa-miR-520d	TLR4	miRNA_target	-1	mechanistic (miRNA repression)	predicted_only	analysed network	39
hsa-miR-520d	VDR	miRNA_target	-1	mechanistic (miRNA repression)	predicted_only	analysed network	1
hsa-miR-539	AR	miRNA_target	-1	mechanistic (miRNA repression)	predicted_only	analysed network	35
hsa-miR-539	THBS1	miRNA_target	-1	mechanistic (miRNA repression)	weak	analysed network	69
hsa-miR-539	hsa-miR-543	miRNA_miRNA		unsigned (co-transcription within 10 kb)		census layer: miRNA pair within 10 kb	7
hsa-miR-543	THBS1	miRNA_target	-1	mechanistic (miRNA repression)	predicted_only	analysed network	51
hsa-miR-543	TWIST1	miRNA_target	-1	mechanistic (miRNA repression)	strong	analysed network	14
hsa-miR-655	CEBPA	miRNA_target	-1	mechanistic (miRNA repression)	predicted_only	analysed network	2
hsa-miR-655	HRK	miRNA_target	-1	mechanistic (miRNA repression)	predicted_only	analysed network	4
hsa-miR-655	TGFB2	miRNA_target	-1	mechanistic (miRNA repression)	predicted_only	analysed network	3
hsa-miR-655	TGFBR2	miRNA_target	-1	mechanistic (miRNA repression)	strong	analysed network	6
hsa-miR-655	TP53	miRNA_target	-1	mechanistic (miRNA repression)	predicted_only	analysed network	10
hsa-miR-668	HNF4A	miRNA_target	-1	mechanistic (miRNA repression)	predicted_only	analysed network	2
hsa-miR-668	TLR4	miRNA_target	-1	mechanistic (miRNA repression)	predicted_only	analysed network	4
hsa-miR-758	ABCA1	miRNA_target	-1	mechanistic (miRNA repression)	strong	analysed network	1
hsa-miR-758	FBN1	miRNA_target	-1	mechanistic (miRNA repression)	predicted_only	analysed network	7
hsa-miR-93	ABCA1	miRNA_target	-1	mechanistic (miRNA repression)	strong	analysed network	2
hsa-miR-93	AHR	miRNA_target	-1	mechanistic (miRNA repression)	predicted_only	analysed network	5
hsa-miR-93	ARNT	miRNA_target	-1	mechanistic (miRNA repression)	weak	analysed network	15
hsa-miR-93	ATF4	miRNA_target	-1	mechanistic (miRNA repression)	weak	analysed network	6
hsa-miR-93	E2F1	miRNA_target	-1	mechanistic (miRNA repression)	strong	analysed network	20
hsa-miR-93	F3	miRNA_target	-1	mechanistic (miRNA repression)	weak	analysed network	18
hsa-miR-93	FURIN	miRNA_target	-1	mechanistic (miRNA repression)	weak	analysed network	2
hsa-miR-93	GJA1	miRNA_target	-1	mechanistic (miRNA repression)	weak	analysed network	12
hsa-miR-93	IRF1	miRNA_target	-1	mechanistic (miRNA repression)	weak	analysed network	7
hsa-miR-93	IRF9	miRNA_target	-1	mechanistic (miRNA repression)	weak	analysed network	2
hsa-miR-93	JUN	miRNA_target	-1	mechanistic (miRNA repression)	weak	analysed network	20
hsa-miR-93	LIF	miRNA_target	-1	mechanistic (miRNA repression)	weak	analysed network	28
hsa-miR-93	MAX	miRNA_target	-1	mechanistic (miRNA repression)	predicted_only	analysed network	2
hsa-miR-93	MMP2	miRNA_target	-1	mechanistic (miRNA repression)	weak	analysed network	26
hsa-miR-93	MYC	miRNA_target	-1	mechanistic (miRNA repression)	strong	analysed network	11
hsa-miR-93	MYCN	miRNA_target	-1	mechanistic (miRNA repression)	strong	analysed network	7
hsa-miR-93	SMAD6	miRNA_target	-1	mechanistic (miRNA repression)	weak	analysed network	16
hsa-miR-93	SMAD7	miRNA_target	-1	mechanistic (miRNA repression)	strong	analysed network	16
hsa-miR-93	SQSTM1	miRNA_target	-1	mechanistic (miRNA repression)	weak	analysed network	2
hsa-miR-93	TGFBR2	miRNA_target	-1	mechanistic (miRNA repression)	strong	analysed network	10
hsa-miR-93	THBS2	miRNA_target	-1	mechanistic (miRNA repression)	weak	analysed network	2
hsa-miR-93	TLR4	miRNA_target	-1	mechanistic (miRNA repression)	predicted_only	analysed network	58
hsa-miR-93	TWIST1	miRNA_target	-1	mechanistic (miRNA repression)	weak	analysed network	4
hsa-miR-96	ABCA1	miRNA_target	-1	mechanistic (miRNA repression)	weak	analysed network	4
hsa-miR-96	CTNNB1	miRNA_target	-1	mechanistic (miRNA repression)	weak	analysed network	13
hsa-miR-96	CTSB	miRNA_target	-1	mechanistic (miRNA repression)	weak	analysed network	35
hsa-miR-96	CYLD	miRNA_target	-1	mechanistic (miRNA repression)	predicted_only	analysed network	14
hsa-miR-96	EGR1	miRNA_target	-1	mechanistic (miRNA repression)	weak	analysed network	43
hsa-miR-96	ETS1	miRNA_target	-1	mechanistic (miRNA repression)	predicted_only	analysed network	26
hsa-miR-96	FHL1	miRNA_target	-1	mechanistic (miRNA repression)	strong	analysed network	16
hsa-miR-96	FN1	miRNA_target	-1	mechanistic (miRNA repression)	weak	analysed network	430
hsa-miR-96	FST	miRNA_target	-1	mechanistic (miRNA repression)	weak	analysed network	2
hsa-miR-96	HBEGF	miRNA_target	-1	mechanistic (miRNA repression)	strong	analysed network	214
hsa-miR-96	HDAC2	miRNA_target	-1	mechanistic (miRNA repression)	predicted_only	analysed network	47
hsa-miR-96	HDAC3	miRNA_target	-1	mechanistic (miRNA repression)	predicted_only	analysed network	11
hsa-miR-96	HIF1A	miRNA_target	-1	mechanistic (miRNA repression)	weak	analysed network	26
hsa-miR-96	HNF4A	miRNA_target	-1	mechanistic (miRNA repression)	predicted_only	analysed network	6
hsa-miR-96	HSF2	miRNA_target	-1	mechanistic (miRNA repression)	predicted_only	analysed network	8
hsa-miR-96	KLF4	miRNA_target	-1	mechanistic (miRNA repression)	predicted_only	analysed network	12
hsa-miR-96	LEF1	miRNA_target	-1	mechanistic (miRNA repression)	predicted_only	analysed network	21
hsa-miR-96	MYCN	miRNA_target	-1	mechanistic (miRNA repression)	predicted_only	analysed network	15
hsa-miR-96	RELA	miRNA_target	-1	mechanistic (miRNA repression)	weak	analysed network	84
hsa-miR-96	SHC1	miRNA_target	-1	mechanistic (miRNA repression)	weak	analysed network	61
hsa-miR-96	SMAD4	miRNA_target	-1	mechanistic (miRNA repression)	strong	analysed network	13
hsa-miR-96	SMAD7	miRNA_target	-1	mechanistic (miRNA repression)	weak	analysed network	12
hsa-miR-96	SOX2	miRNA_target	-1	mechanistic (miRNA repression)	predicted_only	analysed network	8
hsa-miR-96	SREBF2	miRNA_target	-1	mechanistic (miRNA repression)	weak	analysed network	1
hsa-miR-96	STAT3	miRNA_target	-1	mechanistic (miRNA repression)	weak	analysed network	51
hsa-miR-96	THBS2	miRNA_target	-1	mechanistic (miRNA repression)	predicted_only	analysed network	18
hsa-miR-96	TWIST1	miRNA_target	-1	mechanistic (miRNA repression)	predicted_only	analysed network	8
