motif_set,universe,ontology,ID,Description,GeneRatio,BgRatio,pvalue,p.adjust,qvalue,Count,geneID,significant_BH_0.05,low_support_lt3_genes,manuscript_claimed_term
3-Comp,TCGA_tested_plus_network,KEGG,hsa04933,AGE-RAGE signaling pathway in diabetic complications,23/214,98/7844,7.9493591761855e-16,3.79979368621667e-14,1.94131718828951e-14,23,CCL2/COL1A1/EDN1/EGR1/F3/FN1/FOXO1/IL6/JUN/MMP2/NFKB1/RELA/SERPINE1/SMAD3/SMAD4/STAT1/STAT3/STAT5A/TGFB2/TGFBR2/THBD/VEGFA/VEGFC,TRUE,FALSE,TRUE
3-Comp,network_protein_coding,KEGG,hsa04933,AGE-RAGE signaling pathway in diabetic complications,23/214,25/285,0.0274018525570299,0.115271531896143,0.0840959586527361,23,CCL2/COL1A1/EDN1/EGR1/F3/FN1/FOXO1/IL6/JUN/MMP2/NFKB1/RELA/SERPINE1/SMAD3/SMAD4/STAT1/STAT3/STAT5A/TGFB2/TGFBR2/THBD/VEGFA/VEGFC,FALSE,FALSE,TRUE
3-TF,TCGA_tested_plus_network,KEGG,hsa04933,AGE-RAGE signaling pathway in diabetic complications,23/214,98/7844,7.9493591761855e-16,3.79979368621667e-14,1.94131718828951e-14,23,CCL2/COL1A1/EDN1/EGR1/F3/FN1/FOXO1/IL6/JUN/MMP2/NFKB1/RELA/SERPINE1/SMAD3/SMAD4/STAT1/STAT3/STAT5A/TGFB2/TGFBR2/THBD/VEGFA/VEGFC,TRUE,FALSE,TRUE
3-TF,network_protein_coding,KEGG,hsa04933,AGE-RAGE signaling pathway in diabetic complications,23/214,25/285,0.0274018525570299,0.115271531896143,0.0840959586527361,23,CCL2/COL1A1/EDN1/EGR1/F3/FN1/FOXO1/IL6/JUN/MMP2/NFKB1/RELA/SERPINE1/SMAD3/SMAD4/STAT1/STAT3/STAT5A/TGFB2/TGFBR2/THBD/VEGFA/VEGFC,FALSE,FALSE,TRUE
3-miR,TCGA_tested_plus_network,KEGG,hsa04933,AGE-RAGE signaling pathway in diabetic complications,23/220,98/7844,1.4690319300629e-15,7.05135326430192e-14,3.64938458415626e-14,23,CCL2/COL1A1/EDN1/EGR1/F3/FN1/FOXO1/IL6/JUN/MMP2/NFKB1/RELA/SERPINE1/SMAD3/SMAD4/STAT1/STAT3/STAT5A/TGFB2/TGFBR2/THBD/VEGFA/VEGFC,TRUE,FALSE,TRUE
3-miR,network_protein_coding,KEGG,hsa04933,AGE-RAGE signaling pathway in diabetic complications,23/220,25/285,0.0461315270571318,0.166403008313226,0.126601559216941,23,CCL2/COL1A1/EDN1/EGR1/F3/FN1/FOXO1/IL6/JUN/MMP2/NFKB1/RELA/SERPINE1/SMAD3/SMAD4/STAT1/STAT3/STAT5A/TGFB2/TGFBR2/THBD/VEGFA/VEGFC,FALSE,FALSE,TRUE
4-node,TCGA_tested_plus_network,KEGG,hsa04933,AGE-RAGE signaling pathway in diabetic complications,25/280,98/7844,2.97347168293225e-15,1.88815451866198e-13,1.07201479095189e-13,25,CCL2/COL1A1/COL3A1/EDN1/EGR1/F3/FN1/FOXO1/IL6/JUN/MMP2/NFKB1/RELA/SERPINE1/SMAD3/SMAD4/STAT1/STAT3/STAT5A/TGFB2/TGFBR2/THBD/VCAM1/VEGFA/VEGFC,TRUE,FALSE,TRUE
4-node,network_protein_coding,KEGG,hsa04933,AGE-RAGE signaling pathway in diabetic complications,25/280,25/285,0.629739366393208,0.860942868342443,0.860942868342443,25,CCL2/COL1A1/COL3A1/EDN1/EGR1/F3/FN1/FOXO1/IL6/JUN/MMP2/NFKB1/RELA/SERPINE1/SMAD3/SMAD4/STAT1/STAT3/STAT5A/TGFB2/TGFBR2/THBD/VCAM1/VEGFA/VEGFC,FALSE,FALSE,TRUE
5-node,TCGA_tested_plus_network,KEGG,hsa04933,AGE-RAGE signaling pathway in diabetic complications,25/274,98/7844,1.78402707818523e-15,1.49263598874831e-13,8.32545969819774e-14,25,CCL2/COL1A1/COL3A1/EDN1/EGR1/F3/FN1/FOXO1/IL6/JUN/MMP2/NFKB1/RELA/SERPINE1/SMAD3/SMAD4/STAT1/STAT3/STAT5A/TGFB2/TGFBR2/THBD/VCAM1/VEGFA/VEGFC,TRUE,FALSE,TRUE
5-node,network_protein_coding,KEGG,hsa04933,AGE-RAGE signaling pathway in diabetic complications,25/274,25/285,0.357388815013553,0.705164125928117,0.705164125928117,25,CCL2/COL1A1/COL3A1/EDN1/EGR1/F3/FN1/FOXO1/IL6/JUN/MMP2/NFKB1/RELA/SERPINE1/SMAD3/SMAD4/STAT1/STAT3/STAT5A/TGFB2/TGFBR2/THBD/VCAM1/VEGFA/VEGFC,FALSE,FALSE,TRUE
6-node,TCGA_tested_plus_network,KEGG,hsa04933,AGE-RAGE signaling pathway in diabetic complications,25/256,98/7844,3.5510922756729e-16,2.43108928465032e-14,1.35722436091708e-14,25,CCL2/COL1A1/COL3A1/EDN1/EGR1/F3/FN1/FOXO1/IL6/JUN/MMP2/NFKB1/RELA/SERPINE1/SMAD3/SMAD4/STAT1/STAT3/STAT5A/TGFB2/TGFBR2/THBD/VCAM1/VEGFA/VEGFC,TRUE,FALSE,TRUE
6-node,network_protein_coding,KEGG,hsa04933,AGE-RAGE signaling pathway in diabetic complications,25/256,25/285,0.0602177163588044,0.506106903468134,0.506106903468134,25,CCL2/COL1A1/COL3A1/EDN1/EGR1/F3/FN1/FOXO1/IL6/JUN/MMP2/NFKB1/RELA/SERPINE1/SMAD3/SMAD4/STAT1/STAT3/STAT5A/TGFB2/TGFBR2/THBD/VCAM1/VEGFA/VEGFC,FALSE,FALSE,TRUE
exemplar_4node,TCGA_tested_plus_network,KEGG,hsa04933,AGE-RAGE signaling pathway in diabetic complications,4/6,98/7844,3.37206151997313e-07,1.11255109767106e-05,1.72584103793848e-06,4,COL1A1/COL3A1/NFKB1/RELA,TRUE,FALSE,TRUE
exemplar_4node,network_protein_coding,KEGG,hsa04933,AGE-RAGE signaling pathway in diabetic complications,4/6,25/285,0.000623217376758299,0.0151649561677853,0.00546681909437104,4,COL1A1/COL3A1/NFKB1/RELA,TRUE,FALSE,TRUE
exemplar_5node,TCGA_tested_plus_network,KEGG,hsa04933,AGE-RAGE signaling pathway in diabetic complications,4/5,98/7844,1.13490307331812e-07,3.70537539242849e-06,5.80909915946235e-07,4,COL1A1/COL3A1/NFKB1/RELA,TRUE,FALSE,TRUE
exemplar_5node,network_protein_coding,KEGG,hsa04933,AGE-RAGE signaling pathway in diabetic complications,4/5,25/285,0.000220952805877003,0.00530286734104807,0.00147301870584669,4,COL1A1/COL3A1/NFKB1/RELA,TRUE,FALSE,TRUE
exemplar_6node,TCGA_tested_plus_network,KEGG,hsa04933,AGE-RAGE signaling pathway in diabetic complications,4/5,98/7844,1.13490307331812e-07,3.70537539242849e-06,5.80909915946235e-07,4,COL1A1/COL3A1/NFKB1/RELA,TRUE,FALSE,TRUE
exemplar_6node,network_protein_coding,KEGG,hsa04933,AGE-RAGE signaling pathway in diabetic complications,4/5,25/285,0.000220952805877003,0.00530286734104807,0.00147301870584669,4,COL1A1/COL3A1/NFKB1/RELA,TRUE,FALSE,TRUE
3-Comp,TCGA_tested_plus_network,KEGG,hsa01523,Antifolate resistance,4/214,29/7844,0.00749023005599304,0.0177244057760627,0.0090554110108931,4,IL6/NFKB1/RELA/TYMS,TRUE,FALSE,TRUE
3-TF,TCGA_tested_plus_network,KEGG,hsa01523,Antifolate resistance,4/214,29/7844,0.00749023005599304,0.0177244057760627,0.0090554110108931,4,IL6/NFKB1/RELA/TYMS,TRUE,FALSE,TRUE
3-miR,TCGA_tested_plus_network,KEGG,hsa01523,Antifolate resistance,4/220,29/7844,0.0082456737412205,0.0195936801771576,0.0101405888636167,4,IL6/NFKB1/RELA/TYMS,TRUE,FALSE,TRUE
4-node,TCGA_tested_plus_network,KEGG,hsa01523,Antifolate resistance,4/280,29/7844,0.0186801854034506,0.0431342462952406,0.0244898124428013,4,IL6/NFKB1/RELA/TYMS,TRUE,FALSE,TRUE
5-node,TCGA_tested_plus_network,KEGG,hsa01523,Antifolate resistance,4/274,29/7844,0.0173850427978007,0.0400334471765869,0.0223294127678174,4,IL6/NFKB1/RELA/TYMS,TRUE,FALSE,TRUE
6-node,TCGA_tested_plus_network,KEGG,hsa01523,Antifolate resistance,3/256,29/7844,0.0673018099479943,0.136258582435693,0.0760702079653775,3,IL6/NFKB1/RELA,FALSE,FALSE,TRUE
exemplar_4node,TCGA_tested_plus_network,KEGG,hsa01523,Antifolate resistance,2/6,29/7844,0.000196171835562674,0.00267898619663517,0.000415576806126231,2,NFKB1/RELA,TRUE,TRUE,TRUE
exemplar_5node,TCGA_tested_plus_network,KEGG,hsa01523,Antifolate resistance,2/5,29/7844,0.000131081926799629,0.00205361685319418,0.000321955609683299,2,NFKB1/RELA,TRUE,TRUE,TRUE
exemplar_6node,TCGA_tested_plus_network,KEGG,hsa01523,Antifolate resistance,2/5,29/7844,0.000131081926799629,0.00205361685319418,0.000321955609683299,2,NFKB1/RELA,TRUE,TRUE,TRUE
3-Comp,TCGA_tested_plus_network,KEGG,hsa05224,Breast cancer,20/214,147/7844,2.39446882058692e-09,4.08770034371624e-08,2.088408896151e-08,20,BRCA1/CTNNB1/E2F1/E2F3/ESR1/ESR2/FGF7/FOS/GADD45G/HES1/JUN/LEF1/MYC/NFKB2/NOTCH1/RB1/SHC1/SP1/TCF7L2/TP53,TRUE,FALSE,TRUE
3-Comp,network_protein_coding,KEGG,hsa05224,Breast cancer,20/214,22/285,0.054675500536454,0.145321725110049,0.106018976109468,20,BRCA1/CTNNB1/E2F1/E2F3/ESR1/ESR2/FGF7/FOS/GADD45G/HES1/JUN/LEF1/MYC/NFKB2/NOTCH1/RB1/SHC1/SP1/TCF7L2/TP53,FALSE,FALSE,TRUE
3-TF,TCGA_tested_plus_network,KEGG,hsa05224,Breast cancer,20/214,147/7844,2.39446882058692e-09,4.08770034371624e-08,2.088408896151e-08,20,BRCA1/CTNNB1/E2F1/E2F3/ESR1/ESR2/FGF7/FOS/GADD45G/HES1/JUN/LEF1/MYC/NFKB2/NOTCH1/RB1/SHC1/SP1/TCF7L2/TP53,TRUE,FALSE,TRUE
3-TF,network_protein_coding,KEGG,hsa05224,Breast cancer,20/214,22/285,0.054675500536454,0.145321725110049,0.106018976109468,20,BRCA1/CTNNB1/E2F1/E2F3/ESR1/ESR2/FGF7/FOS/GADD45G/HES1/JUN/LEF1/MYC/NFKB2/NOTCH1/RB1/SHC1/SP1/TCF7L2/TP53,FALSE,FALSE,TRUE
3-miR,TCGA_tested_plus_network,KEGG,hsa05224,Breast cancer,20/220,147/7844,3.88445351621991e-09,6.6590631706627e-08,3.4463572549921e-08,20,BRCA1/CTNNB1/E2F1/E2F3/ESR1/ESR2/FGF7/FOS/GADD45G/HES1/JUN/LEF1/MYC/NFKB2/NOTCH1/RB1/SHC1/SP1/TCF7L2/TP53,TRUE,FALSE,TRUE
3-miR,network_protein_coding,KEGG,hsa05224,Breast cancer,20/220,22/285,0.084314034868874,0.190275473800981,0.144764039473388,20,BRCA1/CTNNB1/E2F1/E2F3/ESR1/ESR2/FGF7/FOS/GADD45G/HES1/JUN/LEF1/MYC/NFKB2/NOTCH1/RB1/SHC1/SP1/TCF7L2/TP53,FALSE,FALSE,TRUE
4-node,TCGA_tested_plus_network,KEGG,hsa05224,Breast cancer,22/280,147/7844,9.29632077802455e-09,1.68661819829874e-07,9.57590937285236e-08,22,BRCA1/CTNNB1/E2F1/E2F3/ESR1/ESR2/FGF7/FOS/GADD45G/HES1/HEY1/JUN/LEF1/MYC/NFKB2/NOTCH1/RB1/SHC1/SP1/TCF7L2/TP53/WNT5A,TRUE,FALSE,TRUE
4-node,network_protein_coding,KEGG,hsa05224,Breast cancer,22/280,22/285,0.667214683611789,0.860942868342443,0.860942868342443,22,BRCA1/CTNNB1/E2F1/E2F3/ESR1/ESR2/FGF7/FOS/GADD45G/HES1/HEY1/JUN/LEF1/MYC/NFKB2/NOTCH1/RB1/SHC1/SP1/TCF7L2/TP53/WNT5A,FALSE,FALSE,TRUE
5-node,TCGA_tested_plus_network,KEGG,hsa05224,Breast cancer,22/274,147/7844,6.2247027613627e-09,1.11600028078717e-07,6.2247027613627e-08,22,BRCA1/CTNNB1/E2F1/E2F3/ESR1/ESR2/FGF7/FOS/GADD45G/HES1/HEY1/JUN/LEF1/MYC/NFKB2/NOTCH1/RB1/SHC1/SP1/TCF7L2/TP53/WNT5A,TRUE,FALSE,TRUE
5-node,network_protein_coding,KEGG,hsa05224,Breast cancer,22/274,22/285,0.4064660084988,0.705164125928117,0.705164125928117,22,BRCA1/CTNNB1/E2F1/E2F3/ESR1/ESR2/FGF7/FOS/GADD45G/HES1/HEY1/JUN/LEF1/MYC/NFKB2/NOTCH1/RB1/SHC1/SP1/TCF7L2/TP53/WNT5A,FALSE,FALSE,TRUE
6-node,TCGA_tested_plus_network,KEGG,hsa05224,Breast cancer,22/256,147/7844,1.74053547028026e-09,3.30701739353249e-08,1.84623600491266e-08,22,BRCA1/CTNNB1/E2F1/E2F3/ESR1/ESR2/FGF7/FOS/GADD45G/HES1/HEY1/JUN/LEF1/MYC/NFKB2/NOTCH1/RB1/SHC1/SP1/TCF7L2/TP53/WNT5A,TRUE,FALSE,TRUE
6-node,network_protein_coding,KEGG,hsa05224,Breast cancer,22/256,22/285,0.0856174059801044,0.506106903468134,0.506106903468134,22,BRCA1/CTNNB1/E2F1/E2F3/ESR1/ESR2/FGF7/FOS/GADD45G/HES1/HEY1/JUN/LEF1/MYC/NFKB2/NOTCH1/RB1/SHC1/SP1/TCF7L2/TP53/WNT5A,FALSE,FALSE,TRUE
exemplar_4node,TCGA_tested_plus_network,KEGG,hsa05224,Breast cancer,1/6,147/7844,0.107336986219145,0.11457318753729,0.0177731260445657,1,SP1,FALSE,TRUE,TRUE
exemplar_4node,network_protein_coding,KEGG,hsa05224,Breast cancer,1/6,22/285,0.385209327243423,0.396060294208026,0.142775881113203,1,SP1,FALSE,TRUE,TRUE
exemplar_5node,TCGA_tested_plus_network,KEGG,hsa05224,Breast cancer,1/5,147/7844,0.09027751364689,0.0964327986682688,0.0151182439121586,1,SP1,FALSE,TRUE,TRUE
exemplar_5node,network_protein_coding,KEGG,hsa05224,Breast cancer,1/5,22/285,0.332785316388211,0.342293468285017,0.0950815189680602,1,SP1,FALSE,TRUE,TRUE
exemplar_6node,TCGA_tested_plus_network,KEGG,hsa05224,Breast cancer,1/5,147/7844,0.09027751364689,0.0964327986682688,0.0151182439121586,1,SP1,FALSE,TRUE,TRUE
exemplar_6node,network_protein_coding,KEGG,hsa05224,Breast cancer,1/5,22/285,0.332785316388211,0.342293468285017,0.0950815189680602,1,SP1,FALSE,TRUE,TRUE
3-Comp,TCGA_tested_plus_network,KEGG,hsa04110,Cell cycle,14/214,146/7844,4.14061042484555e-05,0.000190308825295786,9.72289087615554e-05,14,CCND2/CREBBP/E2F1/E2F3/EP300/GADD45G/HDAC1/HDAC2/MYC/RB1/SMAD3/SMAD4/TGFB2/TP53,TRUE,FALSE,TRUE
3-Comp,network_protein_coding,KEGG,hsa04110,Cell cycle,14/214,14/285,0.0162251946156336,0.103142459033779,0.0752472343133351,14,CCND2/CREBBP/E2F1/E2F3/EP300/GADD45G/HDAC1/HDAC2/MYC/RB1/SMAD3/SMAD4/TGFB2/TP53,FALSE,FALSE,TRUE
3-TF,TCGA_tested_plus_network,KEGG,hsa04110,Cell cycle,14/214,146/7844,4.14061042484555e-05,0.000190308825295786,9.72289087615554e-05,14,CCND2/CREBBP/E2F1/E2F3/EP300/GADD45G/HDAC1/HDAC2/MYC/RB1/SMAD3/SMAD4/TGFB2/TP53,TRUE,FALSE,TRUE
3-TF,network_protein_coding,KEGG,hsa04110,Cell cycle,14/214,14/285,0.0162251946156336,0.103142459033779,0.0752472343133351,14,CCND2/CREBBP/E2F1/E2F3/EP300/GADD45G/HDAC1/HDAC2/MYC/RB1/SMAD3/SMAD4/TGFB2/TP53,FALSE,FALSE,TRUE
3-miR,TCGA_tested_plus_network,KEGG,hsa04110,Cell cycle,14/220,146/7844,5.60874421592106e-05,0.000249059858132291,0.000128899400261449,14,CCND2/CREBBP/E2F1/E2F3/EP300/GADD45G/HDAC1/HDAC2/MYC/RB1/SMAD3/SMAD4/TGFB2/TP53,TRUE,FALSE,TRUE
3-miR,network_protein_coding,KEGG,hsa04110,Cell cycle,14/220,14/285,0.0241863556817215,0.148681495650124,0.113118803360699,14,CCND2/CREBBP/E2F1/E2F3/EP300/GADD45G/HDAC1/HDAC2/MYC/RB1/SMAD3/SMAD4/TGFB2/TP53,FALSE,FALSE,TRUE
4-node,TCGA_tested_plus_network,KEGG,hsa04110,Cell cycle,14/280,146/7844,0.000690733452443616,0.00250637567029541,0.00142301478172595,14,CCND2/CREBBP/E2F1/E2F3/EP300/GADD45G/HDAC1/HDAC2/MYC/RB1/SMAD3/SMAD4/TGFB2/TP53,TRUE,FALSE,TRUE
4-node,network_protein_coding,KEGG,hsa04110,Cell cycle,14/280,14/285,0.775936759232778,0.860942868342443,0.860942868342443,14,CCND2/CREBBP/E2F1/E2F3/EP300/GADD45G/HDAC1/HDAC2/MYC/RB1/SMAD3/SMAD4/TGFB2/TP53,FALSE,FALSE,TRUE
5-node,TCGA_tested_plus_network,KEGG,hsa04110,Cell cycle,14/274,146/7844,0.000557168756639714,0.00199784797023669,0.00111433751327943,14,CCND2/CREBBP/E2F1/E2F3/EP300/GADD45G/HDAC1/HDAC2/MYC/RB1/SMAD3/SMAD4/TGFB2/TP53,TRUE,FALSE,TRUE
5-node,network_protein_coding,KEGG,hsa04110,Cell cycle,14/274,14/285,0.568756975014481,0.705164125928117,0.705164125928117,14,CCND2/CREBBP/E2F1/E2F3/EP300/GADD45G/HDAC1/HDAC2/MYC/RB1/SMAD3/SMAD4/TGFB2/TP53,FALSE,FALSE,TRUE
6-node,TCGA_tested_plus_network,KEGG,hsa04110,Cell cycle,14/256,146/7844,0.000279948627080096,0.00104768652861794,0.000584900640310887,14,CCND2/CREBBP/E2F1/E2F3/EP300/GADD45G/HDAC1/HDAC2/MYC/RB1/SMAD3/SMAD4/TGFB2/TP53,TRUE,FALSE,TRUE
6-node,network_protein_coding,KEGG,hsa04110,Cell cycle,14/256,14/285,0.214426360294507,0.506106903468134,0.506106903468134,14,CCND2/CREBBP/E2F1/E2F3/EP300/GADD45G/HDAC1/HDAC2/MYC/RB1/SMAD3/SMAD4/TGFB2/TP53,FALSE,FALSE,TRUE
3-Comp,TCGA_tested_plus_network,KEGG,hsa04218,Cellular senescence,21/214,153/7844,7.90369117887535e-10,1.71725653795564e-08,8.77347537559369e-09,21,CCND2/E2F1/E2F3/ETS1/FOXM1/FOXO1/FOXO3/GADD45G/IL6/MYBL2/MYC/NFKB1/RB1/RELA/SERPINE1/SIRT1/SMAD3/SQSTM1/TGFB2/TGFBR2/TP53,TRUE,FALSE,TRUE
3-Comp,network_protein_coding,KEGG,hsa04218,Cellular senescence,21/214,22/285,0.0125057893423398,0.097724852770758,0.0712948378734034,21,CCND2/E2F1/E2F3/ETS1/FOXM1/FOXO1/FOXO3/GADD45G/IL6/MYBL2/MYC/NFKB1/RB1/RELA/SERPINE1/SIRT1/SMAD3/SQSTM1/TGFB2/TGFBR2/TP53,FALSE,FALSE,TRUE
3-TF,TCGA_tested_plus_network,KEGG,hsa04218,Cellular senescence,21/214,153/7844,7.90369117887535e-10,1.71725653795564e-08,8.77347537559369e-09,21,CCND2/E2F1/E2F3/ETS1/FOXM1/FOXO1/FOXO3/GADD45G/IL6/MYBL2/MYC/NFKB1/RB1/RELA/SERPINE1/SIRT1/SMAD3/SQSTM1/TGFB2/TGFBR2/TP53,TRUE,FALSE,TRUE
3-TF,network_protein_coding,KEGG,hsa04218,Cellular senescence,21/214,22/285,0.0125057893423398,0.097724852770758,0.0712948378734034,21,CCND2/E2F1/E2F3/ETS1/FOXM1/FOXO1/FOXO3/GADD45G/IL6/MYBL2/MYC/NFKB1/RB1/RELA/SERPINE1/SIRT1/SMAD3/SQSTM1/TGFB2/TGFBR2/TP53,FALSE,FALSE,TRUE
3-miR,TCGA_tested_plus_network,KEGG,hsa04218,Cellular senescence,21/220,153/7844,1.31649870698062e-09,2.63299741396124e-08,1.36269164406766e-08,21,CCND2/E2F1/E2F3/ETS1/FOXM1/FOXO1/FOXO3/GADD45G/IL6/MYBL2/MYC/NFKB1/RB1/RELA/SERPINE1/SIRT1/SMAD3/SQSTM1/TGFB2/TGFBR2/TP53,TRUE,FALSE,TRUE
3-miR,network_protein_coding,KEGG,hsa04218,Cellular senescence,21/220,22/285,0.0213478135474208,0.148681495650124,0.113118803360699,21,CCND2/E2F1/E2F3/ETS1/FOXM1/FOXO1/FOXO3/GADD45G/IL6/MYBL2/MYC/NFKB1/RB1/RELA/SERPINE1/SIRT1/SMAD3/SQSTM1/TGFB2/TGFBR2/TP53,FALSE,FALSE,TRUE
4-node,TCGA_tested_plus_network,KEGG,hsa04218,Cellular senescence,22/280,153/7844,1.97752036086686e-08,3.13931357287613e-07,1.78237032525499e-07,22,CCND2/E2F1/E2F3/ETS1/FOXM1/FOXO1/FOXO3/GADD45G/GATA4/IL6/MYBL2/MYC/NFKB1/RB1/RELA/SERPINE1/SIRT1/SMAD3/SQSTM1/TGFB2/TGFBR2/TP53,TRUE,FALSE,TRUE
4-node,network_protein_coding,KEGG,hsa04218,Cellular senescence,22/280,22/285,0.667214683611789,0.860942868342443,0.860942868342443,22,CCND2/E2F1/E2F3/ETS1/FOXM1/FOXO1/FOXO3/GADD45G/GATA4/IL6/MYBL2/MYC/NFKB1/RB1/RELA/SERPINE1/SIRT1/SMAD3/SQSTM1/TGFB2/TGFBR2/TP53,FALSE,FALSE,TRUE
5-node,TCGA_tested_plus_network,KEGG,hsa04218,Cellular senescence,22/274,153/7844,1.33012180799253e-08,2.08662858628828e-07,1.16385658199346e-07,22,CCND2/E2F1/E2F3/ETS1/FOXM1/FOXO1/FOXO3/GADD45G/GATA4/IL6/MYBL2/MYC/NFKB1/RB1/RELA/SERPINE1/SIRT1/SMAD3/SQSTM1/TGFB2/TGFBR2/TP53,TRUE,FALSE,TRUE
5-node,network_protein_coding,KEGG,hsa04218,Cellular senescence,22/274,22/285,0.4064660084988,0.705164125928117,0.705164125928117,22,CCND2/E2F1/E2F3/ETS1/FOXM1/FOXO1/FOXO3/GADD45G/GATA4/IL6/MYBL2/MYC/NFKB1/RB1/RELA/SERPINE1/SIRT1/SMAD3/SQSTM1/TGFB2/TGFBR2/TP53,FALSE,FALSE,TRUE
6-node,TCGA_tested_plus_network,KEGG,hsa04218,Cellular senescence,22/256,153/7844,3.77001777898344e-09,6.20796260939273e-08,3.4657707301532e-08,22,CCND2/E2F1/E2F3/ETS1/FOXM1/FOXO1/FOXO3/GADD45G/GATA4/IL6/MYBL2/MYC/NFKB1/RB1/RELA/SERPINE1/SIRT1/SMAD3/SQSTM1/TGFB2/TGFBR2/TP53,TRUE,FALSE,TRUE
6-node,network_protein_coding,KEGG,hsa04218,Cellular senescence,22/256,22/285,0.0856174059801044,0.506106903468134,0.506106903468134,22,CCND2/E2F1/E2F3/ETS1/FOXM1/FOXO1/FOXO3/GADD45G/GATA4/IL6/MYBL2/MYC/NFKB1/RB1/RELA/SERPINE1/SIRT1/SMAD3/SQSTM1/TGFB2/TGFBR2/TP53,FALSE,FALSE,TRUE
exemplar_4node,TCGA_tested_plus_network,KEGG,hsa04218,Cellular senescence,3/6,153/7844,0.000139406523618205,0.0026487239487459,0.000410882385401026,3,ETS1/NFKB1/RELA,TRUE,FALSE,TRUE
exemplar_4node,network_protein_coding,KEGG,hsa04218,Cellular senescence,3/6,22/285,0.00690632999094649,0.0643408969872664,0.0231942671186973,3,ETS1/NFKB1/RELA,FALSE,FALSE,TRUE
exemplar_5node,TCGA_tested_plus_network,KEGG,hsa04218,Cellular senescence,2/5,153/7844,0.00363670409680363,0.00633055898332484,0.000992472852928866,2,NFKB1/RELA,TRUE,TRUE,TRUE
exemplar_5node,network_protein_coding,KEGG,hsa04218,Cellular senescence,2/5,22/285,0.0494122847384157,0.0671261226635081,0.0186461451843078,2,NFKB1/RELA,FALSE,TRUE,TRUE
exemplar_6node,TCGA_tested_plus_network,KEGG,hsa04218,Cellular senescence,2/5,153/7844,0.00363670409680363,0.00633055898332484,0.000992472852928866,2,NFKB1/RELA,TRUE,TRUE,TRUE
exemplar_6node,network_protein_coding,KEGG,hsa04218,Cellular senescence,2/5,22/285,0.0494122847384157,0.0671261226635081,0.0186461451843078,2,NFKB1/RELA,FALSE,TRUE,TRUE
3-Comp,network_protein_coding,GO_MF,GO:0003700,DNA-binding transcription factor activity,127/256,158/361,0.000318389639416932,0.00228491388287445,0.00151801871424791,127,AHR/AR/ARNT/ATF3/ATF4/BCL6/BHLHE40/BRCA1/CDX2/CEBPA/CEBPB/CREB1/CTCF/E2F1/E2F3/EGR1/EGR2/ELF4/ELK1/EPAS1/ERG/ESR1/ESR2/ETS1/ETS2/ETV1/ETV4/FOS/FOSB/FOSL1/FOXA2/FOXM1/FOXO1/FOXO3/GATA1/GATA3/GLI1/GRHL1/HES1/HIC1/HIF1A/HNF1A/HNF4A/HOXA10/HOXA9/HSF1/HSF2/IRF1/IRF3/JUN/KLF2/KLF4/KLF5/KLF8/LEF1/MAFB/MAX/MEF2A/MEF2C/MEIS1/MITF/MYB/MYBL1/MYBL2/MYC/MYCN/MYOD1/NANOG/NFKB1/NFKB2/NKX2-5/NOTCH1/NR1H2/NR1H3/NR1H4/NR4A1/PAX5/PAX6/PBX1/PEG3/PLAGL1/POU5F1/PPARA/PPARG/PROX1/RARA/REL/RELA/REST/RUNX1/RUNX2/RXRA/SKIL/SMAD3/SMAD4/SNAI1/SNAI2/SOX10/SOX2/SOX9/SP1/SPI1/SREBF1/SREBF2/SRF/STAT1/STAT3/STAT4/STAT5A/STAT6/TAL1/TBX21/TBX3/TCF4/TCF7L2/TFAP2A/TLX1/TP53/TP63/TP73/TWIST1/USF1/VDR/YY1/ZBTB16/ZBTB7A/ZEB2,TRUE,FALSE,TRUE
3-TF,network_protein_coding,GO_MF,GO:0003700,DNA-binding transcription factor activity,127/256,158/361,0.000318389639416932,0.00228491388287445,0.00151801871424791,127,AHR/AR/ARNT/ATF3/ATF4/BCL6/BHLHE40/BRCA1/CDX2/CEBPA/CEBPB/CREB1/CTCF/E2F1/E2F3/EGR1/EGR2/ELF4/ELK1/EPAS1/ERG/ESR1/ESR2/ETS1/ETS2/ETV1/ETV4/FOS/FOSB/FOSL1/FOXA2/FOXM1/FOXO1/FOXO3/GATA1/GATA3/GLI1/GRHL1/HES1/HIC1/HIF1A/HNF1A/HNF4A/HOXA10/HOXA9/HSF1/HSF2/IRF1/IRF3/JUN/KLF2/KLF4/KLF5/KLF8/LEF1/MAFB/MAX/MEF2A/MEF2C/MEIS1/MITF/MYB/MYBL1/MYBL2/MYC/MYCN/MYOD1/NANOG/NFKB1/NFKB2/NKX2-5/NOTCH1/NR1H2/NR1H3/NR1H4/NR4A1/PAX5/PAX6/PBX1/PEG3/PLAGL1/POU5F1/PPARA/PPARG/PROX1/RARA/REL/RELA/REST/RUNX1/RUNX2/RXRA/SKIL/SMAD3/SMAD4/SNAI1/SNAI2/SOX10/SOX2/SOX9/SP1/SPI1/SREBF1/SREBF2/SRF/STAT1/STAT3/STAT4/STAT5A/STAT6/TAL1/TBX21/TBX3/TCF4/TCF7L2/TFAP2A/TLX1/TP53/TP63/TP73/TWIST1/USF1/VDR/YY1/ZBTB16/ZBTB7A/ZEB2,TRUE,FALSE,TRUE
3-miR,network_protein_coding,GO_MF,GO:0003700,DNA-binding transcription factor activity,128/262,158/361,0.0010239563620357,0.00657487769307134,0.00442485297721798,128,AHR/AR/ARNT/ATF3/ATF4/BCL6/BHLHE40/BRCA1/CDX2/CEBPA/CEBPB/CREB1/CTCF/E2F1/E2F3/EGR1/EGR2/ELF4/ELK1/EPAS1/ERG/ESR1/ESR2/ETS1/ETS2/ETV1/ETV4/FOS/FOSB/FOSL1/FOXA2/FOXM1/FOXO1/FOXO3/GATA1/GATA3/GLI1/GRHL1/HES1/HIC1/HIF1A/HNF1A/HNF4A/HOXA10/HOXA9/HSF1/HSF2/IRF1/IRF3/JUN/JUND/KLF2/KLF4/KLF5/KLF8/LEF1/MAFB/MAX/MEF2A/MEF2C/MEIS1/MITF/MYB/MYBL1/MYBL2/MYC/MYCN/MYOD1/NANOG/NFKB1/NFKB2/NKX2-5/NOTCH1/NR1H2/NR1H3/NR1H4/NR4A1/PAX5/PAX6/PBX1/PEG3/PLAGL1/POU5F1/PPARA/PPARG/PROX1/RARA/REL/RELA/REST/RUNX1/RUNX2/RXRA/SKIL/SMAD3/SMAD4/SNAI1/SNAI2/SOX10/SOX2/SOX9/SP1/SPI1/SREBF1/SREBF2/SRF/STAT1/STAT3/STAT4/STAT5A/STAT6/TAL1/TBX21/TBX3/TCF4/TCF7L2/TFAP2A/TLX1/TP53/TP63/TP73/TWIST1/USF1/VDR/YY1/ZBTB16/ZBTB7A/ZEB2,TRUE,FALSE,TRUE
4-node,network_protein_coding,GO_MF,GO:0003700,DNA-binding transcription factor activity,154/349,158/361,0.332626155555294,0.857074814229249,0.857074814229249,154,AHR/AR/ARNT/ASCL1/ATF3/ATF4/BCL6/BHLHE40/BRCA1/CDX1/CDX2/CEBPA/CEBPB/CEBPD/CREB1/CTCF/CUX1/DDIT3/E2F1/E2F3/EGR1/EGR2/EGR3/ELF4/ELK1/EPAS1/ERG/ESR1/ESR2/ETS1/ETS2/ETV1/ETV4/FLI1/FOS/FOSB/FOSL1/FOXA2/FOXD1/FOXD3/FOXF2/FOXM1/FOXO1/FOXO3/GATA1/GATA3/GATA4/GATA6/GLI1/GRHL1/HES1/HEY1/HIC1/HIF1A/HNF4A/HOXA10/HOXA9/HOXB4/HOXB7/HSF1/HSF2/INSM1/IRF1/IRF3/IRF9/JUN/JUND/KLF10/KLF2/KLF4/KLF5/KLF8/LEF1/MAFB/MAX/MEF2A/MEF2C/MITF/MSC/MYB/MYBL1/MYBL2/MYC/MYCN/MYOD1/NANOG/NFKB1/NFKB2/NFYA/NKX2-5/NOTCH1/NR1H2/NR1H3/NR1H4/NR4A1/PAX5/PAX6/PBX1/PEG3/PITX2/PLAGL1/POU2F1/POU3F2/POU5F1/PPARA/PPARG/PROX1/RARA/RBPJ/REL/RELA/REST/RUNX1/RUNX2/RXRA/SIX1/SKIL/SMAD3/SMAD4/SNAI1/SNAI2/SOX1/SOX10/SOX2/SOX3/SOX9/SP1/SPI1/SREBF1/SREBF2/SRF/STAT1/STAT3/STAT4/STAT5A/STAT6/TAL1/TBX21/TBX3/TCF4/TCF7L2/TFAP2A/TLX1/TP53/TP63/TP73/TWIST1/USF1/VDR/XBP1/YY1/ZBTB16/ZBTB7A/ZEB2,FALSE,FALSE,TRUE
5-node,network_protein_coding,GO_MF,GO:0003700,DNA-binding transcription factor activity,149/337,158/361,0.337232702822386,0.723560194446321,0.692969642653509,149,AHR/AR/ARNT/ASCL1/ATF3/ATF4/BCL6/BHLHE40/BRCA1/CDX2/CEBPA/CEBPB/CEBPD/CREB1/CTCF/CUX1/DDIT3/E2F1/E2F3/EGR1/EGR2/EGR3/ELF4/ELK1/EPAS1/ERG/ESR1/ESR2/ETS1/ETS2/ETV1/ETV4/FLI1/FOS/FOSB/FOSL1/FOXA2/FOXD3/FOXM1/FOXO1/FOXO3/GATA1/GATA3/GATA4/GATA6/GLI1/GRHL1/HES1/HEY1/HIC1/HIF1A/HNF4A/HOXA10/HOXA9/HOXB4/HOXB7/HSF1/HSF2/INSM1/IRF1/IRF3/IRF9/JUN/JUND/KLF10/KLF2/KLF4/KLF5/KLF8/LEF1/MAFB/MAX/MEF2A/MEF2C/MEIS1/MITF/MSC/MYB/MYBL1/MYBL2/MYC/MYCN/MYOD1/NANOG/NFKB1/NFKB2/NFYA/NKX2-5/NOTCH1/NR1H3/NR1H4/NR4A1/PAX5/PAX6/PBX1/PEG3/PITX2/PLAGL1/POU2F1/POU3F2/POU5F1/PPARA/PPARG/PROX1/RARA/RBPJ/REL/RELA/REST/RUNX1/RUNX2/RXRA/SKIL/SMAD3/SMAD4/SNAI1/SNAI2/SOX1/SOX10/SOX2/SOX9/SP1/SPI1/SREBF1/SREBF2/SRF/STAT1/STAT3/STAT4/STAT5A/STAT6/TAL1/TBX21/TBX3/TCF4/TCF7L2/TFAP2A/TLX1/TP53/TP63/TP73/TWIST1/USF1/VDR/XBP1/YY1/ZBTB16/ZBTB7A/ZEB2,FALSE,FALSE,TRUE
6-node,network_protein_coding,GO_MF,GO:0003700,DNA-binding transcription factor activity,144/311,158/361,0.0107057840872082,0.0662380671446015,0.0537219871578304,144,AHR/AR/ARNT/ASCL1/ATF3/ATF4/BCL6/BHLHE40/BRCA1/CDX2/CEBPA/CEBPB/CEBPD/CREB1/CTCF/DDIT3/E2F1/E2F3/EGR1/EGR2/EGR3/ELF4/ELK1/EPAS1/ERG/ESR1/ESR2/ETS1/ETS2/ETV1/ETV4/FLI1/FOS/FOSB/FOSL1/FOXA2/FOXD1/FOXM1/FOXO1/FOXO3/GATA1/GATA3/GATA4/GATA6/GLI1/GRHL1/HES1/HEY1/HIC1/HIF1A/HNF4A/HOXA10/HOXA9/HOXB4/HOXB7/HSF1/HSF2/IRF1/IRF3/IRF9/JUN/JUND/KLF10/KLF2/KLF4/KLF5/KLF8/LEF1/MAFB/MAX/MEF2A/MEF2C/MITF/MYB/MYBL1/MYBL2/MYC/MYCN/MYOD1/NANOG/NFKB1/NFKB2/NFYA/NKX2-5/NOTCH1/NR1H2/NR1H3/NR1H4/NR4A1/PAX5/PAX6/PBX1/PEG3/PITX2/POU2F1/POU3F2/POU5F1/PPARA/PPARG/PROX1/RARA/RBPJ/REL/RELA/REST/RUNX1/RUNX2/RXRA/SKIL/SMAD3/SMAD4/SNAI1/SNAI2/SOX1/SOX10/SOX2/SOX9/SP1/SPI1/SREBF1/SREBF2/SRF/STAT1/STAT3/STAT4/STAT5A/STAT6/TAL1/TBX21/TBX3/TCF4/TCF7L2/TFAP2A/TP53/TP63/TP73/TWIST1/USF1/VDR/XBP1/YY1/ZBTB16/ZBTB7A/ZEB2,FALSE,FALSE,TRUE
exemplar_4node,network_protein_coding,GO_MF,GO:0003700,DNA-binding transcription factor activity,4/6,158/361,0.233456220354609,0.439887220413583,0.416735261444447,4,ETS1/NFKB1/RELA/SP1,FALSE,FALSE,TRUE
exemplar_5node,network_protein_coding,GO_MF,GO:0003700,DNA-binding transcription factor activity,3/5,158/361,0.383707925909745,0.564344665332929,0.513498268188749,3,NFKB1/RELA/SP1,FALSE,FALSE,TRUE
exemplar_6node,network_protein_coding,GO_MF,GO:0003700,DNA-binding transcription factor activity,3/5,158/361,0.383707925909745,0.564344665332929,0.513498268188749,3,NFKB1/RELA/SP1,FALSE,FALSE,TRUE
3-Comp,TCGA_tested_plus_network,KEGG,hsa05415,Diabetic cardiomyopathy,9/214,173/7844,0.0469245221031979,0.0911785429484902,0.0465831798371498,9,COL1A1/MMP2/NFKB1/PPARA/RELA/SMAD3/SP1/TGFB2/TGFBR2,FALSE,FALSE,TRUE
3-Comp,network_protein_coding,KEGG,hsa05415,Diabetic cardiomyopathy,9/214,10/285,0.240989612438033,0.368787134185475,0.269047414205141,9,COL1A1/MMP2/NFKB1/PPARA/RELA/SMAD3/SP1/TGFB2/TGFBR2,FALSE,FALSE,TRUE
3-TF,TCGA_tested_plus_network,KEGG,hsa05415,Diabetic cardiomyopathy,9/214,173/7844,0.0469245221031979,0.0911785429484902,0.0465831798371498,9,COL1A1/MMP2/NFKB1/PPARA/RELA/SMAD3/SP1/TGFB2/TGFBR2,FALSE,FALSE,TRUE
3-TF,network_protein_coding,KEGG,hsa05415,Diabetic cardiomyopathy,9/214,10/285,0.240989612438033,0.368787134185475,0.269047414205141,9,COL1A1/MMP2/NFKB1/PPARA/RELA/SMAD3/SP1/TGFB2/TGFBR2,FALSE,FALSE,TRUE
3-miR,TCGA_tested_plus_network,KEGG,hsa05415,Diabetic cardiomyopathy,9/220,173/7844,0.0541621321824349,0.105682209136458,0.0546951784127284,9,COL1A1/MMP2/NFKB1/PPARA/RELA/SMAD3/SP1/TGFB2/TGFBR2,FALSE,FALSE,TRUE
3-miR,network_protein_coding,KEGG,hsa05415,Diabetic cardiomyopathy,9/220,10/285,0.292217807466593,0.42381027852219,0.32244033696842,9,COL1A1/MMP2/NFKB1/PPARA/RELA/SMAD3/SP1/TGFB2/TGFBR2,FALSE,FALSE,TRUE
4-node,TCGA_tested_plus_network,KEGG,hsa05415,Diabetic cardiomyopathy,10/280,173/7844,0.0903246932408317,0.184970742180244,0.105018614499351,10,COL1A1/COL3A1/MMP2/NFKB1/PPARA/RELA/SMAD3/SP1/TGFB2/TGFBR2,FALSE,FALSE,TRUE
4-node,network_protein_coding,KEGG,hsa05415,Diabetic cardiomyopathy,10/280,10/285,0.835370307896628,0.860942868342443,0.860942868342443,10,COL1A1/COL3A1/MMP2/NFKB1/PPARA/RELA/SMAD3/SP1/TGFB2/TGFBR2,FALSE,FALSE,TRUE
5-node,TCGA_tested_plus_network,KEGG,hsa05415,Diabetic cardiomyopathy,10/274,173/7844,0.0809205199691727,0.165130491969613,0.092104656875481,10,COL1A1/COL3A1/MMP2/NFKB1/PPARA/RELA/SMAD3/SP1/TGFB2/TGFBR2,FALSE,FALSE,TRUE
5-node,network_protein_coding,KEGG,hsa05415,Diabetic cardiomyopathy,10/274,10/285,0.670255010783161,0.705164125928117,0.705164125928117,10,COL1A1/COL3A1/MMP2/NFKB1/PPARA/RELA/SMAD3/SP1/TGFB2/TGFBR2,FALSE,FALSE,TRUE
6-node,TCGA_tested_plus_network,KEGG,hsa05415,Diabetic cardiomyopathy,10/256,173/7844,0.0564885574723879,0.118242997421015,0.0660124980275005,10,COL1A1/COL3A1/MMP2/NFKB1/PPARA/RELA/SMAD3/SP1/TGFB2/TGFBR2,FALSE,FALSE,TRUE
6-node,network_protein_coding,KEGG,hsa05415,Diabetic cardiomyopathy,10/256,10/285,0.335734282498663,0.506106903468134,0.506106903468134,10,COL1A1/COL3A1/MMP2/NFKB1/PPARA/RELA/SMAD3/SP1/TGFB2/TGFBR2,FALSE,FALSE,TRUE
exemplar_4node,TCGA_tested_plus_network,KEGG,hsa05415,Diabetic cardiomyopathy,5/6,173/7844,2.90467159319836e-08,2.75943801353844e-06,4.28056866366074e-07,5,COL1A1/COL3A1/NFKB1/RELA/SP1,TRUE,FALSE,TRUE
exemplar_4node,network_protein_coding,KEGG,hsa05415,Diabetic cardiomyopathy,5/6,10/285,9.84728913458767e-08,7.188521068249e-06,2.59139187752307e-06,5,COL1A1/COL3A1/NFKB1/RELA/SP1,TRUE,FALSE,TRUE
exemplar_5node,TCGA_tested_plus_network,KEGG,hsa05415,Diabetic cardiomyopathy,5/5,173/7844,4.92915110600554e-09,4.63340203964521e-07,7.26401215621869e-08,5,COL1A1/COL3A1/NFKB1/RELA/SP1,TRUE,FALSE,TRUE
exemplar_5node,network_protein_coding,KEGG,hsa05415,Diabetic cardiomyopathy,5/5,10/285,1.66600662095744e-08,1.19952476708936e-06,3.33201324191488e-07,5,COL1A1/COL3A1/NFKB1/RELA/SP1,TRUE,FALSE,TRUE
exemplar_6node,TCGA_tested_plus_network,KEGG,hsa05415,Diabetic cardiomyopathy,5/5,173/7844,4.92915110600554e-09,4.63340203964521e-07,7.26401215621869e-08,5,COL1A1/COL3A1/NFKB1/RELA/SP1,TRUE,FALSE,TRUE
exemplar_6node,network_protein_coding,KEGG,hsa05415,Diabetic cardiomyopathy,5/5,10/285,1.66600662095744e-08,1.19952476708936e-06,3.33201324191488e-07,5,COL1A1/COL3A1/NFKB1/RELA/SP1,TRUE,FALSE,TRUE
3-Comp,TCGA_tested_plus_network,KEGG,hsa05418,Fluid shear stress and atherosclerosis,17/214,136/7844,1.42577746501539e-07,1.31061851591799e-06,6.69595894501154e-07,17,ASS1/CAV1/CCL2/CTNNB1/EDN1/FOS/JUN/KLF2/MEF2A/MEF2C/MMP2/NFKB1/RELA/SQSTM1/THBD/TP53/VEGFA,TRUE,FALSE,TRUE
3-Comp,network_protein_coding,KEGG,hsa05418,Fluid shear stress and atherosclerosis,17/214,21/285,0.363704452193895,0.483344074626098,0.352622045063334,17,ASS1/CAV1/CCL2/CTNNB1/EDN1/FOS/JUN/KLF2/MEF2A/MEF2C/MMP2/NFKB1/RELA/SQSTM1/THBD/TP53/VEGFA,FALSE,FALSE,TRUE
3-TF,TCGA_tested_plus_network,KEGG,hsa05418,Fluid shear stress and atherosclerosis,17/214,136/7844,1.42577746501539e-07,1.31061851591799e-06,6.69595894501154e-07,17,ASS1/CAV1/CCL2/CTNNB1/EDN1/FOS/JUN/KLF2/MEF2A/MEF2C/MMP2/NFKB1/RELA/SQSTM1/THBD/TP53/VEGFA,TRUE,FALSE,TRUE
3-TF,network_protein_coding,KEGG,hsa05418,Fluid shear stress and atherosclerosis,17/214,21/285,0.363704452193895,0.483344074626098,0.352622045063334,17,ASS1/CAV1/CCL2/CTNNB1/EDN1/FOS/JUN/KLF2/MEF2A/MEF2C/MMP2/NFKB1/RELA/SQSTM1/THBD/TP53/VEGFA,FALSE,FALSE,TRUE
3-miR,TCGA_tested_plus_network,KEGG,hsa05418,Fluid shear stress and atherosclerosis,18/220,136/7844,3.75307032540588e-08,3.75307032540588e-07,1.94237850174515e-07,18,ASS1/CAV1/CCL2/CTNNB1/EDN1/FOS/JUN/KLF2/MAPK7/MEF2A/MEF2C/MMP2/NFKB1/RELA/SQSTM1/THBD/TP53/VEGFA,TRUE,FALSE,TRUE
3-miR,network_protein_coding,KEGG,hsa05418,Fluid shear stress and atherosclerosis,18/220,21/285,0.250761680118177,0.42381027852219,0.32244033696842,18,ASS1/CAV1/CCL2/CTNNB1/EDN1/FOS/JUN/KLF2/MAPK7/MEF2A/MEF2C/MMP2/NFKB1/RELA/SQSTM1/THBD/TP53/VEGFA,FALSE,FALSE,TRUE
4-node,TCGA_tested_plus_network,KEGG,hsa05418,Fluid shear stress and atherosclerosis,21/280,136/7844,1.15730386906115e-08,1.95970121827688e-07,1.11263600043072e-07,21,ASS1/CAV1/CCL2/CTNNB1/EDN1/FOS/IL1R1/JUN/KLF2/MAPK7/MEF2A/MEF2C/MMP2/NFKB1/RELA/SDC4/SQSTM1/THBD/TP53/VCAM1/VEGFA,TRUE,FALSE,TRUE
4-node,network_protein_coding,KEGG,hsa05418,Fluid shear stress and atherosclerosis,21/280,21/285,0.680095275959507,0.860942868342443,0.860942868342443,21,ASS1/CAV1/CCL2/CTNNB1/EDN1/FOS/IL1R1/JUN/KLF2/MAPK7/MEF2A/MEF2C/MMP2/NFKB1/RELA/SDC4/SQSTM1/THBD/TP53/VCAM1/VEGFA,FALSE,FALSE,TRUE
5-node,TCGA_tested_plus_network,KEGG,hsa05418,Fluid shear stress and atherosclerosis,21/274,136/7844,7.87129030711299e-09,1.31712924472357e-07,7.34653761997213e-08,21,ASS1/CAV1/CCL2/CTNNB1/EDN1/FOS/IL1R1/JUN/KLF2/MAPK7/MEF2A/MEF2C/MMP2/NFKB1/RELA/SDC4/SQSTM1/THBD/TP53/VCAM1/VEGFA,TRUE,FALSE,TRUE
5-node,network_protein_coding,KEGG,hsa05418,Fluid shear stress and atherosclerosis,21/274,21/285,0.424138443650922,0.705164125928117,0.705164125928117,21,ASS1/CAV1/CCL2/CTNNB1/EDN1/FOS/IL1R1/JUN/KLF2/MAPK7/MEF2A/MEF2C/MMP2/NFKB1/RELA/SDC4/SQSTM1/THBD/TP53/VCAM1/VEGFA,FALSE,FALSE,TRUE
6-node,TCGA_tested_plus_network,KEGG,hsa05418,Fluid shear stress and atherosclerosis,20/256,136/7844,1.34263238318374e-08,1.8423899924799e-07,1.02856632863783e-07,20,CAV1/CCL2/CTNNB1/EDN1/FOS/IL1R1/JUN/KLF2/MAPK7/MEF2A/MEF2C/MMP2/NFKB1/RELA/SDC4/SQSTM1/THBD/TP53/VCAM1/VEGFA,TRUE,FALSE,TRUE
6-node,network_protein_coding,KEGG,hsa05418,Fluid shear stress and atherosclerosis,20/256,21/285,0.344383896971541,0.511511376384201,0.511511376384201,20,CAV1/CCL2/CTNNB1/EDN1/FOS/IL1R1/JUN/KLF2/MAPK7/MEF2A/MEF2C/MMP2/NFKB1/RELA/SDC4/SQSTM1/THBD/TP53/VCAM1/VEGFA,FALSE,FALSE,TRUE
exemplar_4node,TCGA_tested_plus_network,KEGG,hsa05418,Fluid shear stress and atherosclerosis,2/6,136/7844,0.00427643327824788,0.00766530493270847,0.00118907777349494,2,NFKB1/RELA,TRUE,TRUE,TRUE
exemplar_4node,network_protein_coding,KEGG,hsa05418,Fluid shear stress and atherosclerosis,2/6,21/285,0.0648689955556773,0.0860988486466262,0.031037796916592,2,NFKB1/RELA,FALSE,TRUE,TRUE
exemplar_5node,TCGA_tested_plus_network,KEGG,hsa05418,Fluid shear stress and atherosclerosis,2/5,136/7844,0.00288367234960324,0.0054213040172541,0.000849924481988324,2,NFKB1/RELA,TRUE,TRUE,TRUE
exemplar_5node,network_protein_coding,KEGG,hsa05418,Fluid shear stress and atherosclerosis,2/5,21/285,0.0452508625953068,0.0626550405165787,0.0174041779212718,2,NFKB1/RELA,FALSE,TRUE,TRUE
exemplar_6node,TCGA_tested_plus_network,KEGG,hsa05418,Fluid shear stress and atherosclerosis,2/5,136/7844,0.00288367234960324,0.0054213040172541,0.000849924481988324,2,NFKB1/RELA,TRUE,TRUE,TRUE
exemplar_6node,network_protein_coding,KEGG,hsa05418,Fluid shear stress and atherosclerosis,2/5,21/285,0.0452508625953068,0.0626550405165787,0.0174041779212718,2,NFKB1/RELA,FALSE,TRUE,TRUE
3-Comp,TCGA_tested_plus_network,Reactome,R-HSA-9755511,KEAP1-NFE2L2 pathway,12/234,109/10273,6.55317749072127e-06,5.82854728742036e-05,3.66792221899683e-05,12,ATF4/BCL2L1/BRCA1/CCL2/CREBBP/EP300/MYC/NFKB1/NOTCH1/RELA/SP1/SQSTM1,TRUE,FALSE,TRUE
3-Comp,network_protein_coding,Reactome,R-HSA-9755511,KEAP1-NFE2L2 pathway,12/234,14/321,0.218770613952153,0.413819113138411,0.31906937989217,12,ATF4/BCL2L1/BRCA1/CCL2/CREBBP/EP300/MYC/NFKB1/NOTCH1/RELA/SP1/SQSTM1,FALSE,FALSE,TRUE
3-TF,TCGA_tested_plus_network,Reactome,R-HSA-9755511,KEAP1-NFE2L2 pathway,12/234,109/10273,6.55317749072127e-06,5.82854728742036e-05,3.66792221899683e-05,12,ATF4/BCL2L1/BRCA1/CCL2/CREBBP/EP300/MYC/NFKB1/NOTCH1/RELA/SP1/SQSTM1,TRUE,FALSE,TRUE
3-TF,network_protein_coding,Reactome,R-HSA-9755511,KEAP1-NFE2L2 pathway,12/234,14/321,0.218770613952153,0.413819113138411,0.31906937989217,12,ATF4/BCL2L1/BRCA1/CCL2/CREBBP/EP300/MYC/NFKB1/NOTCH1/RELA/SP1/SQSTM1,FALSE,FALSE,TRUE
3-miR,TCGA_tested_plus_network,Reactome,R-HSA-9755511,KEAP1-NFE2L2 pathway,12/240,109/10273,8.48345534778768e-06,7.44303157871938e-05,4.73455998555777e-05,12,ATF4/BCL2L1/BRCA1/CCL2/CREBBP/EP300/MYC/NFKB1/NOTCH1/RELA/SP1/SQSTM1,TRUE,FALSE,TRUE
3-miR,network_protein_coding,Reactome,R-HSA-9755511,KEAP1-NFE2L2 pathway,12/240,14/321,0.268655985310372,0.473921232513803,0.394007595251167,12,ATF4/BCL2L1/BRCA1/CCL2/CREBBP/EP300/MYC/NFKB1/NOTCH1/RELA/SP1/SQSTM1,FALSE,FALSE,TRUE
4-node,TCGA_tested_plus_network,Reactome,R-HSA-9755511,KEAP1-NFE2L2 pathway,14/312,109/10273,5.05039167956545e-06,5.10231159402827e-05,3.34871027253036e-05,14,ATF4/BCL2L1/BRCA1/CCL2/CREBBP/EP300/ME1/MYC/NFKB1/NOTCH1/RELA/SP1/SQSTM1/UBB,TRUE,FALSE,TRUE
4-node,network_protein_coding,Reactome,R-HSA-9755511,KEAP1-NFE2L2 pathway,14/312,14/321,0.665944500834873,0.964943532610389,0.964943532610389,14,ATF4/BCL2L1/BRCA1/CCL2/CREBBP/EP300/ME1/MYC/NFKB1/NOTCH1/RELA/SP1/SQSTM1/UBB,FALSE,FALSE,TRUE
5-node,TCGA_tested_plus_network,Reactome,R-HSA-9755511,KEAP1-NFE2L2 pathway,14/304,109/10273,3.73693984409605e-06,3.90746040008878e-05,2.55494405283623e-05,14,ATF4/BCL2L1/BRCA1/CCL2/CREBBP/EP300/ME1/MYC/NFKB1/NOTCH1/RELA/SP1/SQSTM1/UBB,TRUE,FALSE,TRUE
5-node,network_protein_coding,Reactome,R-HSA-9755511,KEAP1-NFE2L2 pathway,14/304,14/321,0.459271773179447,0.772545438845776,0.772545438845776,14,ATF4/BCL2L1/BRCA1/CCL2/CREBBP/EP300/ME1/MYC/NFKB1/NOTCH1/RELA/SP1/SQSTM1/UBB,FALSE,FALSE,TRUE
6-node,TCGA_tested_plus_network,Reactome,R-HSA-9755511,KEAP1-NFE2L2 pathway,13/280,109/10273,7.81561012310743e-06,6.91102561811815e-05,4.45626892984196e-05,13,ATF4/BCL2L1/BRCA1/CCL2/CREBBP/EP300/ME1/MYC/NFKB1/NOTCH1/RELA/SP1/SQSTM1,TRUE,FALSE,TRUE
6-node,network_protein_coding,Reactome,R-HSA-9755511,KEAP1-NFE2L2 pathway,13/280,14/321,0.445489265178708,0.785863085764688,0.742921187347107,13,ATF4/BCL2L1/BRCA1/CCL2/CREBBP/EP300/ME1/MYC/NFKB1/NOTCH1/RELA/SP1/SQSTM1,FALSE,FALSE,TRUE
exemplar_4node,TCGA_tested_plus_network,Reactome,R-HSA-9755511,KEAP1-NFE2L2 pathway,3/6,109/10273,2.27079875868447e-05,0.000518499049899621,6.37417195420202e-05,3,NFKB1/RELA/SP1,TRUE,FALSE,TRUE
exemplar_4node,network_protein_coding,Reactome,R-HSA-9755511,KEAP1-NFE2L2 pathway,3/6,14/321,0.00123186913124718,0.017451479359335,0.00886081304932181,3,NFKB1/RELA/SP1,TRUE,FALSE,TRUE
exemplar_5node,TCGA_tested_plus_network,Reactome,R-HSA-9755511,KEAP1-NFE2L2 pathway,3/5,109/10273,1.14424915757543e-05,0.000345265012134992,3.7139532615366e-05,3,NFKB1/RELA/SP1,TRUE,FALSE,TRUE
exemplar_5node,network_protein_coding,Reactome,R-HSA-9755511,KEAP1-NFE2L2 pathway,3/5,14/321,0.000632363707216696,0.0107501830226838,0.00479265125469496,3,NFKB1/RELA/SP1,TRUE,FALSE,TRUE
exemplar_6node,TCGA_tested_plus_network,Reactome,R-HSA-9755511,KEAP1-NFE2L2 pathway,3/5,109/10273,1.14424915757543e-05,0.000345265012134992,3.7139532615366e-05,3,NFKB1/RELA/SP1,TRUE,FALSE,TRUE
exemplar_6node,network_protein_coding,Reactome,R-HSA-9755511,KEAP1-NFE2L2 pathway,3/5,14/321,0.000632363707216696,0.0107501830226838,0.00479265125469496,3,NFKB1/RELA/SP1,TRUE,FALSE,TRUE
3-Comp,TCGA_tested_plus_network,KEGG,hsa05206,MicroRNAs in cancer,30/214,160/7844,2.01035157024668e-17,1.60158008429652e-15,8.18248358416193e-16,30,BMI1/BRCA1/CCND2/CD44/CREBBP/DNMT1/E2F1/E2F3/EP300/EZH2/HDAC1/HDAC2/HDAC4/ITGA5/MET/MYC/NFKB1/NOTCH1/PDGFRB/PLAU/SHC1/SIRT1/STAT3/TGFB2/THBS1/TP53/TP63/VEGFA/VIM/ZEB2,TRUE,FALSE,TRUE
3-Comp,network_protein_coding,KEGG,hsa05206,MicroRNAs in cancer,30/214,32/285,0.00479955179384942,0.0692506758826846,0.0505215978299939,30,BMI1/BRCA1/CCND2/CD44/CREBBP/DNMT1/E2F1/E2F3/EP300/EZH2/HDAC1/HDAC2/HDAC4/ITGA5/MET/MYC/NFKB1/NOTCH1/PDGFRB/PLAU/SHC1/SIRT1/STAT3/TGFB2/THBS1/TP53/TP63/VEGFA/VIM/ZEB2,FALSE,FALSE,TRUE
3-TF,TCGA_tested_plus_network,KEGG,hsa05206,MicroRNAs in cancer,30/214,160/7844,2.01035157024668e-17,1.60158008429652e-15,8.18248358416193e-16,30,BMI1/BRCA1/CCND2/CD44/CREBBP/DNMT1/E2F1/E2F3/EP300/EZH2/HDAC1/HDAC2/HDAC4/ITGA5/MET/MYC/NFKB1/NOTCH1/PDGFRB/PLAU/SHC1/SIRT1/STAT3/TGFB2/THBS1/TP53/TP63/VEGFA/VIM/ZEB2,TRUE,FALSE,TRUE
3-TF,network_protein_coding,KEGG,hsa05206,MicroRNAs in cancer,30/214,32/285,0.00479955179384942,0.0692506758826846,0.0505215978299939,30,BMI1/BRCA1/CCND2/CD44/CREBBP/DNMT1/E2F1/E2F3/EP300/EZH2/HDAC1/HDAC2/HDAC4/ITGA5/MET/MYC/NFKB1/NOTCH1/PDGFRB/PLAU/SHC1/SIRT1/STAT3/TGFB2/THBS1/TP53/TP63/VEGFA/VIM/ZEB2,FALSE,FALSE,TRUE
3-miR,TCGA_tested_plus_network,KEGG,hsa05206,MicroRNAs in cancer,31/220,160/7844,4.69067718305471e-18,5.62881261966565e-16,2.91315740842345e-16,31,BMI1/BRCA1/CCND2/CD44/CREBBP/DNMT1/E2F1/E2F3/EP300/EZH2/HDAC1/HDAC2/HDAC4/ITGA5/MAPK7/MET/MYC/NFKB1/NOTCH1/PDGFRB/PLAU/SHC1/SIRT1/STAT3/TGFB2/THBS1/TP53/TP63/VEGFA/VIM/ZEB2,TRUE,FALSE,TRUE
3-miR,network_protein_coding,KEGG,hsa05206,MicroRNAs in cancer,31/220,32/285,0.0017284303082438,0.043642865283156,0.0332040559215257,31,BMI1/BRCA1/CCND2/CD44/CREBBP/DNMT1/E2F1/E2F3/EP300/EZH2/HDAC1/HDAC2/HDAC4/ITGA5/MAPK7/MET/MYC/NFKB1/NOTCH1/PDGFRB/PLAU/SHC1/SIRT1/STAT3/TGFB2/THBS1/TP53/TP63/VEGFA/VIM/ZEB2,TRUE,FALSE,TRUE
4-node,TCGA_tested_plus_network,KEGG,hsa05206,MicroRNAs in cancer,32/280,160/7844,6.76055407401723e-16,5.72393578266793e-14,3.24981020400127e-14,32,BMI1/BRCA1/CCND2/CD44/CREBBP/DNMT1/E2F1/E2F3/EP300/EZH2/GLS/HDAC1/HDAC2/HDAC4/ITGA5/MAPK7/MET/MYC/NFKB1/NOTCH1/PDGFRB/PLAU/SHC1/SIRT1/STAT3/TGFB2/THBS1/TP53/TP63/VEGFA/VIM/ZEB2,TRUE,FALSE,TRUE
4-node,network_protein_coding,KEGG,hsa05206,MicroRNAs in cancer,32/280,32/285,0.548818920712798,0.860942868342443,0.860942868342443,32,BMI1/BRCA1/CCND2/CD44/CREBBP/DNMT1/E2F1/E2F3/EP300/EZH2/GLS/HDAC1/HDAC2/HDAC4/ITGA5/MAPK7/MET/MYC/NFKB1/NOTCH1/PDGFRB/PLAU/SHC1/SIRT1/STAT3/TGFB2/THBS1/TP53/TP63/VEGFA/VIM/ZEB2,FALSE,FALSE,TRUE
5-node,TCGA_tested_plus_network,KEGG,hsa05206,MicroRNAs in cancer,31/274,160/7844,2.73471873092061e-15,1.71603600365269e-13,9.57151555822215e-14,31,BMI1/BRCA1/CCND2/CD44/CREBBP/DNMT1/E2F1/E2F3/EP300/EZH2/HDAC1/HDAC2/HDAC4/ITGA5/MAPK7/MET/MYC/NFKB1/NOTCH1/PDGFRB/PLAU/SHC1/SIRT1/STAT3/TGFB2/THBS1/TP53/TP63/VEGFA/VIM/ZEB2,TRUE,FALSE,TRUE
5-node,network_protein_coding,KEGG,hsa05206,MicroRNAs in cancer,31/274,32/285,0.644253990921396,0.705164125928117,0.705164125928117,31,BMI1/BRCA1/CCND2/CD44/CREBBP/DNMT1/E2F1/E2F3/EP300/EZH2/HDAC1/HDAC2/HDAC4/ITGA5/MAPK7/MET/MYC/NFKB1/NOTCH1/PDGFRB/PLAU/SHC1/SIRT1/STAT3/TGFB2/THBS1/TP53/TP63/VEGFA/VIM/ZEB2,FALSE,FALSE,TRUE
6-node,TCGA_tested_plus_network,KEGG,hsa05206,MicroRNAs in cancer,32/256,160/7844,4.75942034281762e-17,5.87788412337976e-15,3.28149507846899e-15,32,BMI1/BRCA1/CCND2/CD44/CREBBP/DNMT1/E2F1/E2F3/EP300/EZH2/GLS/HDAC1/HDAC2/HDAC4/ITGA5/MAPK7/MET/MYC/NFKB1/NOTCH1/PDGFRB/PLAU/SHC1/SIRT1/STAT3/TGFB2/THBS1/TP53/TP63/VEGFA/VIM/ZEB2,TRUE,FALSE,TRUE
6-node,network_protein_coding,KEGG,hsa05206,MicroRNAs in cancer,32/256,32/285,0.0260442249441116,0.506106903468134,0.506106903468134,32,BMI1/BRCA1/CCND2/CD44/CREBBP/DNMT1/E2F1/E2F3/EP300/EZH2/GLS/HDAC1/HDAC2/HDAC4/ITGA5/MAPK7/MET/MYC/NFKB1/NOTCH1/PDGFRB/PLAU/SHC1/SIRT1/STAT3/TGFB2/THBS1/TP53/TP63/VEGFA/VIM/ZEB2,FALSE,FALSE,TRUE
exemplar_4node,TCGA_tested_plus_network,KEGG,hsa05206,MicroRNAs in cancer,1/6,160/7844,0.11634787540777,0.120141827866719,0.0186369594474688,1,NFKB1,FALSE,TRUE,TRUE
exemplar_4node,network_protein_coding,KEGG,hsa05206,MicroRNAs in cancer,1/6,32/285,0.513903241654378,0.513903241654378,0.185257116674253,1,NFKB1,FALSE,TRUE,TRUE
exemplar_5node,TCGA_tested_plus_network,KEGG,hsa05206,MicroRNAs in cancer,1/5,160/7844,0.097936058773474,0.10116472005172,0.0158600904896314,1,NFKB1,FALSE,TRUE,TRUE
exemplar_5node,network_protein_coding,KEGG,hsa05206,MicroRNAs in cancer,1/5,32/285,0.451181079287201,0.451181079287201,0.125328077579778,1,NFKB1,FALSE,TRUE,TRUE
exemplar_6node,TCGA_tested_plus_network,KEGG,hsa05206,MicroRNAs in cancer,1/5,160/7844,0.097936058773474,0.10116472005172,0.0158600904896314,1,NFKB1,FALSE,TRUE,TRUE
exemplar_6node,network_protein_coding,KEGG,hsa05206,MicroRNAs in cancer,1/5,32/285,0.451181079287201,0.451181079287201,0.125328077579778,1,NFKB1,FALSE,TRUE,TRUE
3-Comp,TCGA_tested_plus_network,Reactome,R-HSA-9759194,Nuclear events mediated by NFE2L2,11/234,85/10273,3.27611268140915e-06,3.18989918979312e-05,2.00741308899641e-05,11,ATF4/BCL2L1/CCL2/CREBBP/EP300/MYC/NFKB1/NOTCH1/RELA/SP1/SQSTM1,TRUE,FALSE,TRUE
3-Comp,network_protein_coding,Reactome,R-HSA-9759194,Nuclear events mediated by NFE2L2,11/234,13/321,0.267419892343166,0.476868690128573,0.367682865335474,11,ATF4/BCL2L1/CCL2/CREBBP/EP300/MYC/NFKB1/NOTCH1/RELA/SP1/SQSTM1,FALSE,FALSE,TRUE
3-TF,TCGA_tested_plus_network,Reactome,R-HSA-9759194,Nuclear events mediated by NFE2L2,11/234,85/10273,3.27611268140915e-06,3.18989918979312e-05,2.00741308899641e-05,11,ATF4/BCL2L1/CCL2/CREBBP/EP300/MYC/NFKB1/NOTCH1/RELA/SP1/SQSTM1,TRUE,FALSE,TRUE
3-TF,network_protein_coding,Reactome,R-HSA-9759194,Nuclear events mediated by NFE2L2,11/234,13/321,0.267419892343166,0.476868690128573,0.367682865335474,11,ATF4/BCL2L1/CCL2/CREBBP/EP300/MYC/NFKB1/NOTCH1/RELA/SP1/SQSTM1,FALSE,FALSE,TRUE
3-miR,TCGA_tested_plus_network,Reactome,R-HSA-9759194,Nuclear events mediated by NFE2L2,11/240,85/10273,4.18321926427566e-06,4.05115044105115e-05,2.57696270273995e-05,11,ATF4/BCL2L1/CCL2/CREBBP/EP300/MYC/NFKB1/NOTCH1/RELA/SP1/SQSTM1,TRUE,FALSE,TRUE
3-miR,network_protein_coding,Reactome,R-HSA-9759194,Nuclear events mediated by NFE2L2,11/240,13/321,0.320706019514646,0.479480711408013,0.398629622625502,11,ATF4/BCL2L1/CCL2/CREBBP/EP300/MYC/NFKB1/NOTCH1/RELA/SP1/SQSTM1,FALSE,FALSE,TRUE
4-node,TCGA_tested_plus_network,Reactome,R-HSA-9759194,Nuclear events mediated by NFE2L2,13/312,85/10273,1.5062360200847e-06,1.71393803969638e-05,1.12487875627378e-05,13,ATF4/BCL2L1/CCL2/CREBBP/EP300/ME1/MYC/NFKB1/NOTCH1/RELA/SP1/SQSTM1/UBB,TRUE,FALSE,TRUE
4-node,network_protein_coding,Reactome,R-HSA-9759194,Nuclear events mediated by NFE2L2,13/312,13/321,0.685989653033916,0.964943532610389,0.964943532610389,13,ATF4/BCL2L1/CCL2/CREBBP/EP300/ME1/MYC/NFKB1/NOTCH1/RELA/SP1/SQSTM1/UBB,FALSE,FALSE,TRUE
5-node,TCGA_tested_plus_network,Reactome,R-HSA-9759194,Nuclear events mediated by NFE2L2,13/304,85/10273,1.12556342438899e-06,1.27603348217573e-05,8.34351169990287e-06,13,ATF4/BCL2L1/CCL2/CREBBP/EP300/ME1/MYC/NFKB1/NOTCH1/RELA/SP1/SQSTM1/UBB,TRUE,FALSE,TRUE
5-node,network_protein_coding,Reactome,R-HSA-9759194,Nuclear events mediated by NFE2L2,13/304,13/321,0.486102082952816,0.772545438845776,0.772545438845776,13,ATF4/BCL2L1/CCL2/CREBBP/EP300/ME1/MYC/NFKB1/NOTCH1/RELA/SP1/SQSTM1/UBB,FALSE,FALSE,TRUE
6-node,TCGA_tested_plus_network,Reactome,R-HSA-9759194,Nuclear events mediated by NFE2L2,12/280,85/10273,2.9642661491618e-06,2.88864711474441e-05,1.86261621617578e-05,12,ATF4/BCL2L1/CCL2/CREBBP/EP300/ME1/MYC/NFKB1/NOTCH1/RELA/SP1/SQSTM1,TRUE,FALSE,TRUE
6-node,network_protein_coding,Reactome,R-HSA-9759194,Nuclear events mediated by NFE2L2,12/280,13/321,0.487629180052659,0.827230055121841,0.78202774235454,12,ATF4/BCL2L1/CCL2/CREBBP/EP300/ME1/MYC/NFKB1/NOTCH1/RELA/SP1/SQSTM1,FALSE,FALSE,TRUE
exemplar_4node,TCGA_tested_plus_network,Reactome,R-HSA-9759194,Nuclear events mediated by NFE2L2,3/6,85/10273,1.07403462933707e-05,0.000518499049899621,6.37417195420202e-05,3,NFKB1/RELA/SP1,TRUE,FALSE,TRUE
exemplar_4node,network_protein_coding,Reactome,R-HSA-9759194,Nuclear events mediated by NFE2L2,3/6,13/321,0.000974938235234113,0.017451479359335,0.00886081304932181,3,NFKB1/RELA/SP1,TRUE,FALSE,TRUE
exemplar_5node,TCGA_tested_plus_network,Reactome,R-HSA-9759194,Nuclear events mediated by NFE2L2,3/5,85/10273,5.40250406728489e-06,0.000345265012134992,3.7139532615366e-05,3,NFKB1/RELA/SP1,TRUE,FALSE,TRUE
exemplar_5node,network_protein_coding,Reactome,R-HSA-9759194,Nuclear events mediated by NFE2L2,3/5,13/321,0.000499265079118125,0.0107501830226838,0.00479265125469496,3,NFKB1/RELA/SP1,TRUE,FALSE,TRUE
exemplar_6node,TCGA_tested_plus_network,Reactome,R-HSA-9759194,Nuclear events mediated by NFE2L2,3/5,85/10273,5.40250406728489e-06,0.000345265012134992,3.7139532615366e-05,3,NFKB1/RELA/SP1,TRUE,FALSE,TRUE
exemplar_6node,network_protein_coding,Reactome,R-HSA-9759194,Nuclear events mediated by NFE2L2,3/5,13/321,0.000499265079118125,0.0107501830226838,0.00479265125469496,3,NFKB1/RELA/SP1,TRUE,FALSE,TRUE
3-Comp,TCGA_tested_plus_network,KEGG,hsa04151,PI3K-Akt signaling pathway,31/214,355/7844,6.61417277797306e-09,8.78215163297534e-08,4.48680726458991e-08,31,ATF4/BCL2L1/BDNF/BRCA1/CCND2/COL1A1/CREB1/EPHA2/F2R/FGF7/FN1/FOXO3/IL6/ITGA5/MET/MYB/MYC/NFKB1/NGFR/NR4A1/NTF3/PDGFRB/PPP2R2B/RELA/RXRA/SPP1/THBS1/TLR4/TP53/VEGFA/VEGFC,TRUE,FALSE,TRUE
3-Comp,network_protein_coding,KEGG,hsa04151,PI3K-Akt signaling pathway,31/214,34/285,0.0125784463962362,0.097724852770758,0.0712948378734034,31,ATF4/BCL2L1/BDNF/BRCA1/CCND2/COL1A1/CREB1/EPHA2/F2R/FGF7/FN1/FOXO3/IL6/ITGA5/MET/MYB/MYC/NFKB1/NGFR/NR4A1/NTF3/PDGFRB/PPP2R2B/RELA/RXRA/SPP1/THBS1/TLR4/TP53/VEGFA/VEGFC,FALSE,FALSE,TRUE
3-TF,TCGA_tested_plus_network,KEGG,hsa04151,PI3K-Akt signaling pathway,31/214,355/7844,6.61417277797306e-09,8.78215163297534e-08,4.48680726458991e-08,31,ATF4/BCL2L1/BDNF/BRCA1/CCND2/COL1A1/CREB1/EPHA2/F2R/FGF7/FN1/FOXO3/IL6/ITGA5/MET/MYB/MYC/NFKB1/NGFR/NR4A1/NTF3/PDGFRB/PPP2R2B/RELA/RXRA/SPP1/THBS1/TLR4/TP53/VEGFA/VEGFC,TRUE,FALSE,TRUE
3-TF,network_protein_coding,KEGG,hsa04151,PI3K-Akt signaling pathway,31/214,34/285,0.0125784463962362,0.097724852770758,0.0712948378734034,31,ATF4/BCL2L1/BDNF/BRCA1/CCND2/COL1A1/CREB1/EPHA2/F2R/FGF7/FN1/FOXO3/IL6/ITGA5/MET/MYB/MYC/NFKB1/NGFR/NR4A1/NTF3/PDGFRB/PPP2R2B/RELA/RXRA/SPP1/THBS1/TLR4/TP53/VEGFA/VEGFC,FALSE,FALSE,TRUE
3-miR,TCGA_tested_plus_network,KEGG,hsa04151,PI3K-Akt signaling pathway,31/220,355/7844,1.29692047599677e-08,1.72922730132902e-07,8.94950971740459e-08,31,ATF4/BCL2L1/BDNF/BRCA1/CCND2/COL1A1/CREB1/EPHA2/F2R/FGF7/FN1/FOXO3/IL6/ITGA5/MET/MYB/MYC/NFKB1/NGFR/NR4A1/NTF3/PDGFRB/PPP2R2B/RELA/RXRA/SPP1/THBS1/TLR4/TP53/VEGFA/VEGFC,TRUE,FALSE,TRUE
3-miR,network_protein_coding,KEGG,hsa04151,PI3K-Akt signaling pathway,31/220,34/285,0.0250255982777437,0.148681495650124,0.113118803360699,31,ATF4/BCL2L1/BDNF/BRCA1/CCND2/COL1A1/CREB1/EPHA2/F2R/FGF7/FN1/FOXO3/IL6/ITGA5/MET/MYB/MYC/NFKB1/NGFR/NR4A1/NTF3/PDGFRB/PPP2R2B/RELA/RXRA/SPP1/THBS1/TLR4/TP53/VEGFA/VEGFC,FALSE,FALSE,TRUE
4-node,TCGA_tested_plus_network,KEGG,hsa04151,PI3K-Akt signaling pathway,34/280,355/7844,1.10565442984073e-07,1.33731535799784e-06,7.59271463098647e-07,34,ATF4/BCL2L1/BDNF/BRCA1/CCND2/COL1A1/CREB1/EPHA2/F2R/FGF7/FN1/FOXO3/IL6/ITGA5/ITGB1/MET/MYB/MYC/NFKB1/NGF/NGFR/NR4A1/NTF3/PDGFRB/PPP2R2B/RELA/RXRA/SPP1/THBS1/THBS2/TLR4/TP53/VEGFA/VEGFC,TRUE,FALSE,TRUE
4-node,network_protein_coding,KEGG,hsa04151,PI3K-Akt signaling pathway,34/280,34/285,0.527298635535215,0.860942868342443,0.860942868342443,34,ATF4/BCL2L1/BDNF/BRCA1/CCND2/COL1A1/CREB1/EPHA2/F2R/FGF7/FN1/FOXO3/IL6/ITGA5/ITGB1/MET/MYB/MYC/NFKB1/NGF/NGFR/NR4A1/NTF3/PDGFRB/PPP2R2B/RELA/RXRA/SPP1/THBS1/THBS2/TLR4/TP53/VEGFA/VEGFC,FALSE,FALSE,TRUE
5-node,TCGA_tested_plus_network,KEGG,hsa04151,PI3K-Akt signaling pathway,34/274,355/7844,6.47492084943936e-08,7.73907206290133e-07,4.31661389962624e-07,34,ATF4/BCL2L1/BDNF/BRCA1/CCND2/COL1A1/CREB1/EPHA2/F2R/FGF7/FN1/FOXO3/IL6/ITGA5/ITGB1/MET/MYB/MYC/NFKB1/NGF/NGFR/NR4A1/NTF3/PDGFRB/PPP2R2B/RELA/RXRA/SPP1/THBS1/THBS2/TLR4/TP53/VEGFA/VEGFC,TRUE,FALSE,TRUE
5-node,network_protein_coding,KEGG,hsa04151,PI3K-Akt signaling pathway,34/274,34/285,0.24068984763391,0.705164125928117,0.705164125928117,34,ATF4/BCL2L1/BDNF/BRCA1/CCND2/COL1A1/CREB1/EPHA2/F2R/FGF7/FN1/FOXO3/IL6/ITGA5/ITGB1/MET/MYB/MYC/NFKB1/NGF/NGFR/NR4A1/NTF3/PDGFRB/PPP2R2B/RELA/RXRA/SPP1/THBS1/THBS2/TLR4/TP53/VEGFA/VEGFC,FALSE,FALSE,TRUE
6-node,TCGA_tested_plus_network,KEGG,hsa04151,PI3K-Akt signaling pathway,33/256,355/7844,4.04288845017098e-08,4.53906112360106e-07,2.53405926781052e-07,33,ATF4/BCL2L1/BDNF/BRCA1/CCND2/COL1A1/CREB1/EPHA2/F2R/FGF7/FN1/FOXO3/IL6/ITGA5/ITGB1/MET/MYB/MYC/NFKB1/NGFR/NR4A1/NTF3/PDGFRB/PPP2R2B/RELA/RXRA/SPP1/THBS1/THBS2/TLR4/TP53/VEGFA/VEGFC,TRUE,FALSE,TRUE
6-node,network_protein_coding,KEGG,hsa04151,PI3K-Akt signaling pathway,33/256,34/285,0.110627906745475,0.506106903468134,0.506106903468134,33,ATF4/BCL2L1/BDNF/BRCA1/CCND2/COL1A1/CREB1/EPHA2/F2R/FGF7/FN1/FOXO3/IL6/ITGA5/ITGB1/MET/MYB/MYC/NFKB1/NGFR/NR4A1/NTF3/PDGFRB/PPP2R2B/RELA/RXRA/SPP1/THBS1/THBS2/TLR4/TP53/VEGFA/VEGFC,FALSE,FALSE,TRUE
exemplar_4node,TCGA_tested_plus_network,KEGG,hsa04151,PI3K-Akt signaling pathway,3/6,355/7844,0.00165984801387412,0.00606482928146312,0.000940804542276827,3,COL1A1/NFKB1/RELA,TRUE,FALSE,TRUE
exemplar_4node,network_protein_coding,KEGG,hsa04151,PI3K-Akt signaling pathway,3/6,34/285,0.0242382970532545,0.0643408969872664,0.0231942671186973,3,COL1A1/NFKB1/RELA,FALSE,FALSE,TRUE
exemplar_5node,TCGA_tested_plus_network,KEGG,hsa04151,PI3K-Akt signaling pathway,3/5,355/7844,0.00085870693499893,0.00398714399612914,0.000625084165126629,3,COL1A1/NFKB1/RELA,TRUE,FALSE,TRUE
exemplar_5node,network_protein_coding,KEGG,hsa04151,PI3K-Akt signaling pathway,3/5,34/285,0.0132002353530267,0.0472735431854062,0.0131315397737239,3,COL1A1/NFKB1/RELA,TRUE,FALSE,TRUE
exemplar_6node,TCGA_tested_plus_network,KEGG,hsa04151,PI3K-Akt signaling pathway,3/5,355/7844,0.00085870693499893,0.00398714399612914,0.000625084165126629,3,COL1A1/NFKB1/RELA,TRUE,FALSE,TRUE
exemplar_6node,network_protein_coding,KEGG,hsa04151,PI3K-Akt signaling pathway,3/5,34/285,0.0132002353530267,0.0472735431854062,0.0131315397737239,3,COL1A1/NFKB1/RELA,TRUE,FALSE,TRUE
3-Comp,TCGA_tested_plus_network,KEGG,hsa05205,Proteoglycans in cancer,23/214,197/7844,3.05621111123308e-09,4.56521534740441e-08,2.33237163751998e-08,23,CAV1/CD44/COL1A1/CTNNB1/ELK1/ESR1/FAS/FN1/HBEGF/HIF1A/ITGA5/MET/MMP2/MYC/NANOG/PLAU/STAT3/TGFB2/THBS1/TLR4/TP53/TWIST1/VEGFA,TRUE,FALSE,TRUE
3-Comp,network_protein_coding,KEGG,hsa05205,Proteoglycans in cancer,23/214,26/285,0.0719423380014633,0.173004193765424,0.126214628072743,23,CAV1/CD44/COL1A1/CTNNB1/ELK1/ESR1/FAS/FN1/HBEGF/HIF1A/ITGA5/MET/MMP2/MYC/NANOG/PLAU/STAT3/TGFB2/THBS1/TLR4/TP53/TWIST1/VEGFA,FALSE,FALSE,TRUE
3-TF,TCGA_tested_plus_network,KEGG,hsa05205,Proteoglycans in cancer,23/214,197/7844,3.05621111123308e-09,4.56521534740441e-08,2.33237163751998e-08,23,CAV1/CD44/COL1A1/CTNNB1/ELK1/ESR1/FAS/FN1/HBEGF/HIF1A/ITGA5/MET/MMP2/MYC/NANOG/PLAU/STAT3/TGFB2/THBS1/TLR4/TP53/TWIST1/VEGFA,TRUE,FALSE,TRUE
3-TF,network_protein_coding,KEGG,hsa05205,Proteoglycans in cancer,23/214,26/285,0.0719423380014633,0.173004193765424,0.126214628072743,23,CAV1/CD44/COL1A1/CTNNB1/ELK1/ESR1/FAS/FN1/HBEGF/HIF1A/ITGA5/MET/MMP2/MYC/NANOG/PLAU/STAT3/TGFB2/THBS1/TLR4/TP53/TWIST1/VEGFA,FALSE,FALSE,TRUE
3-miR,TCGA_tested_plus_network,KEGG,hsa05205,Proteoglycans in cancer,23/220,197/7844,5.24120929262514e-09,7.86181393893772e-08,4.0688335298011e-08,23,CAV1/CD44/COL1A1/CTNNB1/ELK1/ESR1/FAS/FN1/HBEGF/HIF1A/ITGA5/MET/MMP2/MYC/NANOG/PLAU/STAT3/TGFB2/THBS1/TLR4/TP53/TWIST1/VEGFA,TRUE,FALSE,TRUE
3-miR,network_protein_coding,KEGG,hsa05205,Proteoglycans in cancer,23/220,26/285,0.112695832434586,0.247440849475939,0.188256196057775,23,CAV1/CD44/COL1A1/CTNNB1/ELK1/ESR1/FAS/FN1/HBEGF/HIF1A/ITGA5/MET/MMP2/MYC/NANOG/PLAU/STAT3/TGFB2/THBS1/TLR4/TP53/TWIST1/VEGFA,FALSE,FALSE,TRUE
4-node,TCGA_tested_plus_network,KEGG,hsa05205,Proteoglycans in cancer,26/280,197/7844,6.19000787446297e-09,1.20943230777969e-07,6.86664841134759e-08,26,CAV1/CD44/COL1A1/CTNNB1/ELK1/ESR1/FAS/FN1/HBEGF/HIF1A/ITGA5/ITGB1/MET/MMP2/MYC/NANOG/PLAU/SDC4/STAT3/TGFB2/THBS1/TLR4/TP53/TWIST1/VEGFA/WNT5A,TRUE,FALSE,TRUE
4-node,network_protein_coding,KEGG,hsa05205,Proteoglycans in cancer,26/280,26/285,0.617628993962569,0.860942868342443,0.860942868342443,26,CAV1/CD44/COL1A1/CTNNB1/ELK1/ESR1/FAS/FN1/HBEGF/HIF1A/ITGA5/ITGB1/MET/MMP2/MYC/NANOG/PLAU/SDC4/STAT3/TGFB2/THBS1/TLR4/TP53/TWIST1/VEGFA/WNT5A,FALSE,FALSE,TRUE
5-node,TCGA_tested_plus_network,KEGG,hsa05205,Proteoglycans in cancer,26/274,197/7844,3.90870241651664e-09,7.54680235804367e-08,4.20937183317176e-08,26,CAV1/CD44/COL1A1/CTNNB1/ELK1/ESR1/FAS/FN1/HBEGF/HIF1A/ITGA5/ITGB1/MET/MMP2/MYC/NANOG/PLAU/SDC4/STAT3/TGFB2/THBS1/TLR4/TP53/TWIST1/VEGFA/WNT5A,TRUE,FALSE,TRUE
5-node,network_protein_coding,KEGG,hsa05205,Proteoglycans in cancer,26/274,26/285,0.342268518993749,0.705164125928117,0.705164125928117,26,CAV1/CD44/COL1A1/CTNNB1/ELK1/ESR1/FAS/FN1/HBEGF/HIF1A/ITGA5/ITGB1/MET/MMP2/MYC/NANOG/PLAU/SDC4/STAT3/TGFB2/THBS1/TLR4/TP53/TWIST1/VEGFA/WNT5A,FALSE,FALSE,TRUE
6-node,TCGA_tested_plus_network,KEGG,hsa05205,Proteoglycans in cancer,26/256,197/7844,9.0359428213831e-10,1.85989823073469e-08,1.03834079789578e-08,26,CAV1/CD44/COL1A1/CTNNB1/ELK1/ESR1/FAS/FN1/HBEGF/HIF1A/ITGA5/ITGB1/MET/MMP2/MYC/NANOG/PLAU/SDC4/STAT3/TGFB2/THBS1/TLR4/TP53/TWIST1/VEGFA/WNT5A,TRUE,FALSE,TRUE
6-node,network_protein_coding,KEGG,hsa05205,Proteoglycans in cancer,26/256,26/285,0.053501124918784,0.506106903468134,0.506106903468134,26,CAV1/CD44/COL1A1/CTNNB1/ELK1/ESR1/FAS/FN1/HBEGF/HIF1A/ITGA5/ITGB1/MET/MMP2/MYC/NANOG/PLAU/SDC4/STAT3/TGFB2/THBS1/TLR4/TP53/TWIST1/VEGFA/WNT5A,FALSE,FALSE,TRUE
exemplar_4node,TCGA_tested_plus_network,KEGG,hsa05205,Proteoglycans in cancer,1/6,197/7844,0.141580398389024,0.143086572839971,0.0221962550665883,1,COL1A1,FALSE,TRUE,TRUE
exemplar_4node,network_protein_coding,KEGG,hsa05205,Proteoglycans in cancer,1/6,26/285,0.439722269762526,0.445829523509227,0.160717203860572,1,COL1A1,FALSE,TRUE,TRUE
exemplar_5node,TCGA_tested_plus_network,KEGG,hsa05205,Proteoglycans in cancer,1/5,197/7844,0.119451549721481,0.120735974987303,0.018928372338435,1,COL1A1,FALSE,TRUE,TRUE
exemplar_5node,network_protein_coding,KEGG,hsa05205,Proteoglycans in cancer,1/5,26/285,0.38237100603743,0.387756513164717,0.107710142545755,1,COL1A1,FALSE,TRUE,TRUE
exemplar_6node,TCGA_tested_plus_network,KEGG,hsa05205,Proteoglycans in cancer,1/5,197/7844,0.119451549721481,0.120735974987303,0.018928372338435,1,COL1A1,FALSE,TRUE,TRUE
exemplar_6node,network_protein_coding,KEGG,hsa05205,Proteoglycans in cancer,1/5,26/285,0.38237100603743,0.387756513164717,0.107710142545755,1,COL1A1,FALSE,TRUE,TRUE
3-Comp,TCGA_tested_plus_network,KEGG,hsa04926,Relaxin signaling pathway,13/214,128/7844,4.28408904786079e-05,0.000193188166497873,9.8699966147339e-05,13,ATF4/COL1A1/CREB1/EDN1/FOS/JUN/MMP2/NFKB1/RELA/SHC1/TGFBR2/VEGFA/VEGFC,TRUE,FALSE,TRUE
3-Comp,network_protein_coding,KEGG,hsa04926,Relaxin signaling pathway,13/214,15/285,0.2311802044962,0.368787134185475,0.269047414205141,13,ATF4/COL1A1/CREB1/EDN1/FOS/JUN/MMP2/NFKB1/RELA/SHC1/TGFBR2/VEGFA/VEGFC,FALSE,FALSE,TRUE
3-TF,TCGA_tested_plus_network,KEGG,hsa04926,Relaxin signaling pathway,13/214,128/7844,4.28408904786079e-05,0.000193188166497873,9.8699966147339e-05,13,ATF4/COL1A1/CREB1/EDN1/FOS/JUN/MMP2/NFKB1/RELA/SHC1/TGFBR2/VEGFA/VEGFC,TRUE,FALSE,TRUE
3-TF,network_protein_coding,KEGG,hsa04926,Relaxin signaling pathway,13/214,15/285,0.2311802044962,0.368787134185475,0.269047414205141,13,ATF4/COL1A1/CREB1/EDN1/FOS/JUN/MMP2/NFKB1/RELA/SHC1/TGFBR2/VEGFA/VEGFC,FALSE,FALSE,TRUE
3-miR,TCGA_tested_plus_network,KEGG,hsa04926,Relaxin signaling pathway,13/220,128/7844,5.707621748865e-05,0.000249059858132291,0.000128899400261449,13,ATF4/COL1A1/CREB1/EDN1/FOS/JUN/MMP2/NFKB1/RELA/SHC1/TGFBR2/VEGFA/VEGFC,TRUE,FALSE,TRUE
3-miR,network_protein_coding,KEGG,hsa04926,Relaxin signaling pathway,13/220,15/285,0.293729896005478,0.42381027852219,0.32244033696842,13,ATF4/COL1A1/CREB1/EDN1/FOS/JUN/MMP2/NFKB1/RELA/SHC1/TGFBR2/VEGFA/VEGFC,FALSE,FALSE,TRUE
4-node,TCGA_tested_plus_network,KEGG,hsa04926,Relaxin signaling pathway,15/280,128/7844,4.68424451229761e-05,0.000242815940025223,0.000137860687042916,15,ACTA2/ATF4/COL1A1/COL3A1/CREB1/EDN1/FOS/JUN/MMP2/NFKB1/RELA/SHC1/TGFBR2/VEGFA/VEGFC,TRUE,FALSE,TRUE
4-node,network_protein_coding,KEGG,hsa04926,Relaxin signaling pathway,15/280,15/285,0.76162058286317,0.860942868342443,0.860942868342443,15,ACTA2/ATF4/COL1A1/COL3A1/CREB1/EDN1/FOS/JUN/MMP2/NFKB1/RELA/SHC1/TGFBR2/VEGFA/VEGFC,FALSE,FALSE,TRUE
5-node,TCGA_tested_plus_network,KEGG,hsa04926,Relaxin signaling pathway,15/274,128/7844,3.64600134148707e-05,0.000186764558512909,0.000104171466899631,15,ACTA2/ATF4/COL1A1/COL3A1/CREB1/EDN1/FOS/JUN/MMP2/NFKB1/RELA/SHC1/TGFBR2/VEGFA/VEGFC,TRUE,FALSE,TRUE
5-node,network_protein_coding,KEGG,hsa04926,Relaxin signaling pathway,15/274,15/285,0.545670898537878,0.705164125928117,0.705164125928117,15,ACTA2/ATF4/COL1A1/COL3A1/CREB1/EDN1/FOS/JUN/MMP2/NFKB1/RELA/SHC1/TGFBR2/VEGFA/VEGFC,FALSE,FALSE,TRUE
6-node,TCGA_tested_plus_network,KEGG,hsa04926,Relaxin signaling pathway,15/256,128/7844,1.64029317388208e-05,9.4174321110832e-05,5.25754786512636e-05,15,ACTA2/ATF4/COL1A1/COL3A1/CREB1/EDN1/FOS/JUN/MMP2/NFKB1/RELA/SHC1/TGFBR2/VEGFA/VEGFC,TRUE,FALSE,TRUE
6-node,network_protein_coding,KEGG,hsa04926,Relaxin signaling pathway,15/256,15/285,0.191480366019449,0.506106903468134,0.506106903468134,15,ACTA2/ATF4/COL1A1/COL3A1/CREB1/EDN1/FOS/JUN/MMP2/NFKB1/RELA/SHC1/TGFBR2/VEGFA/VEGFC,FALSE,FALSE,TRUE
exemplar_4node,TCGA_tested_plus_network,KEGG,hsa04926,Relaxin signaling pathway,4/6,128/7844,9.8971320785868e-07,2.35056886866437e-05,3.64631181842672e-06,4,COL1A1/COL3A1/NFKB1/RELA,TRUE,FALSE,TRUE
exemplar_4node,network_protein_coding,KEGG,hsa04926,Relaxin signaling pathway,4/6,15/285,7.13801528419823e-05,0.00260537557873235,0.000939212537394504,4,COL1A1/COL3A1/NFKB1/RELA,TRUE,FALSE,TRUE
exemplar_5node,TCGA_tested_plus_network,KEGG,hsa04926,Relaxin signaling pathway,4/5,128/7844,3.34130365092398e-07,7.85206357967135e-06,1.23100660823515e-06,4,COL1A1/COL3A1/NFKB1/RELA,TRUE,FALSE,TRUE
exemplar_5node,network_protein_coding,KEGG,hsa04926,Relaxin signaling pathway,4/5,15/285,2.45638792871667e-05,0.000884299654338,0.000245638792871667,4,COL1A1/COL3A1/NFKB1/RELA,TRUE,FALSE,TRUE
exemplar_6node,TCGA_tested_plus_network,KEGG,hsa04926,Relaxin signaling pathway,4/5,128/7844,3.34130365092398e-07,7.85206357967135e-06,1.23100660823515e-06,4,COL1A1/COL3A1/NFKB1/RELA,TRUE,FALSE,TRUE
exemplar_6node,network_protein_coding,KEGG,hsa04926,Relaxin signaling pathway,4/5,15/285,2.45638792871667e-05,0.000884299654338,0.000245638792871667,4,COL1A1/COL3A1/NFKB1/RELA,TRUE,FALSE,TRUE
3-Comp,TCGA_tested_plus_network,KEGG,hsa05202,Transcriptional misregulation in cancer,43/214,172/7844,2.8472060436234e-30,6.80482244425993e-28,3.47658843221384e-28,43,BCL2L1/BCL6/BMI1/CCND2/CEBPA/CEBPB/ERG/ETV1/ETV4/FOXO1/GADD45G/HDAC1/HDAC2/HOXA10/HOXA9/IL6/MAX/MEF2C/MEIS1/MEN1/MET/MITF/MYC/MYCN/NCOR1/NFKB1/NGFR/PAX5/PBX1/PLAU/PPARG/RARA/REL/RELA/RUNX1/RUNX2/RXRA/SP1/SPI1/TGFBR2/TLX1/TP53/ZBTB16,TRUE,FALSE,TRUE
3-Comp,network_protein_coding,KEGG,hsa05202,Transcriptional misregulation in cancer,43/214,47/285,0.00213997469368588,0.0540343610155683,0.0394205864626345,43,BCL2L1/BCL6/BMI1/CCND2/CEBPA/CEBPB/ERG/ETV1/ETV4/FOXO1/GADD45G/HDAC1/HDAC2/HOXA10/HOXA9/IL6/MAX/MEF2C/MEIS1/MEN1/MET/MITF/MYC/MYCN/NCOR1/NFKB1/NGFR/PAX5/PBX1/PLAU/PPARG/RARA/REL/RELA/RUNX1/RUNX2/RXRA/SP1/SPI1/TGFBR2/TLX1/TP53/ZBTB16,FALSE,FALSE,TRUE
3-TF,TCGA_tested_plus_network,KEGG,hsa05202,Transcriptional misregulation in cancer,43/214,172/7844,2.8472060436234e-30,6.80482244425993e-28,3.47658843221384e-28,43,BCL2L1/BCL6/BMI1/CCND2/CEBPA/CEBPB/ERG/ETV1/ETV4/FOXO1/GADD45G/HDAC1/HDAC2/HOXA10/HOXA9/IL6/MAX/MEF2C/MEIS1/MEN1/MET/MITF/MYC/MYCN/NCOR1/NFKB1/NGFR/PAX5/PBX1/PLAU/PPARG/RARA/REL/RELA/RUNX1/RUNX2/RXRA/SP1/SPI1/TGFBR2/TLX1/TP53/ZBTB16,TRUE,FALSE,TRUE
3-TF,network_protein_coding,KEGG,hsa05202,Transcriptional misregulation in cancer,43/214,47/285,0.00213997469368588,0.0540343610155683,0.0394205864626345,43,BCL2L1/BCL6/BMI1/CCND2/CEBPA/CEBPB/ERG/ETV1/ETV4/FOXO1/GADD45G/HDAC1/HDAC2/HOXA10/HOXA9/IL6/MAX/MEF2C/MEIS1/MEN1/MET/MITF/MYC/MYCN/NCOR1/NFKB1/NGFR/PAX5/PBX1/PLAU/PPARG/RARA/REL/RELA/RUNX1/RUNX2/RXRA/SP1/SPI1/TGFBR2/TLX1/TP53/ZBTB16,FALSE,FALSE,TRUE
3-miR,TCGA_tested_plus_network,KEGG,hsa05202,Transcriptional misregulation in cancer,43/220,172/7844,9.66300501036473e-30,2.31912120248753e-27,1.20024693812951e-27,43,BCL2L1/BCL6/BMI1/CCND2/CEBPA/CEBPB/ERG/ETV1/ETV4/FOXO1/GADD45G/HDAC1/HDAC2/HOXA10/HOXA9/IL6/MAX/MEF2C/MEIS1/MEN1/MET/MITF/MYC/MYCN/NCOR1/NFKB1/NGFR/PAX5/PBX1/PLAU/PPARG/RARA/REL/RELA/RUNX1/RUNX2/RXRA/SP1/SPI1/TGFBR2/TLX1/TP53/ZBTB16,TRUE,FALSE,TRUE
3-miR,network_protein_coding,KEGG,hsa05202,Transcriptional misregulation in cancer,43/220,47/285,0.00578384962376441,0.116833762400041,0.0888886363231161,43,BCL2L1/BCL6/BMI1/CCND2/CEBPA/CEBPB/ERG/ETV1/ETV4/FOXO1/GADD45G/HDAC1/HDAC2/HOXA10/HOXA9/IL6/MAX/MEF2C/MEIS1/MEN1/MET/MITF/MYC/MYCN/NCOR1/NFKB1/NGFR/PAX5/PBX1/PLAU/PPARG/RARA/REL/RELA/RUNX1/RUNX2/RXRA/SP1/SPI1/TGFBR2/TLX1/TP53/ZBTB16,FALSE,FALSE,TRUE
4-node,TCGA_tested_plus_network,KEGG,hsa05202,Transcriptional misregulation in cancer,45/280,172/7844,2.56655897315733e-27,6.51905979181961e-25,3.70124820339531e-25,45,BCL2L1/BCL6/BMI1/CCND2/CEBPA/CEBPB/DDIT3/ERG/ETV1/ETV4/FLI1/FOXO1/GADD45G/HDAC1/HDAC2/HOXA10/HOXA9/IL6/MAX/MEF2C/MEN1/MET/MITF/MYC/MYCN/NCOR1/NFKB1/NGFR/PAX5/PBX1/PLAU/PPARG/RARA/REL/RELA/RUNX1/RUNX2/RXRA/SIX1/SP1/SPI1/TGFBR2/TLX1/TP53/ZBTB16,TRUE,FALSE,TRUE
4-node,network_protein_coding,KEGG,hsa05202,Transcriptional misregulation in cancer,45/280,47/285,0.966858602721171,0.966858602721171,0.966858602721171,45,BCL2L1/BCL6/BMI1/CCND2/CEBPA/CEBPB/DDIT3/ERG/ETV1/ETV4/FLI1/FOXO1/GADD45G/HDAC1/HDAC2/HOXA10/HOXA9/IL6/MAX/MEF2C/MEN1/MET/MITF/MYC/MYCN/NCOR1/NFKB1/NGFR/PAX5/PBX1/PLAU/PPARG/RARA/REL/RELA/RUNX1/RUNX2/RXRA/SIX1/SP1/SPI1/TGFBR2/TLX1/TP53/ZBTB16,FALSE,FALSE,TRUE
5-node,TCGA_tested_plus_network,KEGG,hsa05202,Transcriptional misregulation in cancer,45/274,172/7844,9.80184983130903e-28,2.46026430765857e-25,1.37225897638326e-25,45,BCL2L1/BCL6/BMI1/CCND2/CEBPA/CEBPB/DDIT3/ERG/ETV1/ETV4/FLI1/FOXO1/GADD45G/HDAC1/HDAC2/HOXA10/HOXA9/IL6/MAX/MEF2C/MEIS1/MEN1/MET/MITF/MYC/MYCN/NCOR1/NFKB1/NGFR/PAX5/PBX1/PLAU/PPARG/RARA/REL/RELA/RUNX1/RUNX2/RXRA/SP1/SPI1/TGFBR2/TLX1/TP53/ZBTB16,TRUE,FALSE,TRUE
5-node,network_protein_coding,KEGG,hsa05202,Transcriptional misregulation in cancer,45/274,47/285,0.734416081490093,0.764701280726798,0.764701280726798,45,BCL2L1/BCL6/BMI1/CCND2/CEBPA/CEBPB/DDIT3/ERG/ETV1/ETV4/FLI1/FOXO1/GADD45G/HDAC1/HDAC2/HOXA10/HOXA9/IL6/MAX/MEF2C/MEIS1/MEN1/MET/MITF/MYC/MYCN/NCOR1/NFKB1/NGFR/PAX5/PBX1/PLAU/PPARG/RARA/REL/RELA/RUNX1/RUNX2/RXRA/SP1/SPI1/TGFBR2/TLX1/TP53/ZBTB16,FALSE,FALSE,TRUE
6-node,TCGA_tested_plus_network,KEGG,hsa05202,Transcriptional misregulation in cancer,43/256,172/7844,6.9187808990854e-27,1.70893888207409e-24,9.54063471347566e-25,43,BCL2L1/BCL6/BMI1/CCND2/CEBPA/CEBPB/DDIT3/ERG/ETV1/ETV4/FLI1/FOXO1/GADD45G/HDAC1/HDAC2/HOXA10/HOXA9/IL6/MAX/MEF2C/MEN1/MET/MITF/MYC/MYCN/NCOR1/NFKB1/NGFR/PAX5/PBX1/PLAU/PPARG/RARA/REL/RELA/RUNX1/RUNX2/RXRA/SP1/SPI1/TGFBR2/TP53/ZBTB16,TRUE,FALSE,TRUE
6-node,network_protein_coding,KEGG,hsa05202,Transcriptional misregulation in cancer,43/256,47/285,0.4598302581908,0.618923543798382,0.618923543798382,43,BCL2L1/BCL6/BMI1/CCND2/CEBPA/CEBPB/DDIT3/ERG/ETV1/ETV4/FLI1/FOXO1/GADD45G/HDAC1/HDAC2/HOXA10/HOXA9/IL6/MAX/MEF2C/MEN1/MET/MITF/MYC/MYCN/NCOR1/NFKB1/NGFR/PAX5/PBX1/PLAU/PPARG/RARA/REL/RELA/RUNX1/RUNX2/RXRA/SP1/SPI1/TGFBR2/TP53/ZBTB16,FALSE,FALSE,TRUE
exemplar_4node,TCGA_tested_plus_network,KEGG,hsa05202,Transcriptional misregulation in cancer,3/6,172/7844,0.00019739898290996,0.00267898619663517,0.000415576806126231,3,NFKB1/RELA/SP1,TRUE,FALSE,TRUE
exemplar_4node,network_protein_coding,KEGG,hsa05202,Transcriptional misregulation in cancer,3/6,47/285,0.0586239196576526,0.0816275183739542,0.0294259258738119,3,NFKB1/RELA/SP1,FALSE,FALSE,TRUE
exemplar_5node,TCGA_tested_plus_network,KEGG,hsa05202,Transcriptional misregulation in cancer,3/5,172/7844,0.000100317902577818,0.00188597656846298,0.000295673818124095,3,NFKB1/RELA/SP1,TRUE,FALSE,TRUE
exemplar_5node,network_protein_coding,KEGG,hsa05202,Transcriptional misregulation in cancer,3/5,47/285,0.0331413972788288,0.0539187153929729,0.0149774209424925,3,NFKB1/RELA/SP1,FALSE,FALSE,TRUE
exemplar_6node,TCGA_tested_plus_network,KEGG,hsa05202,Transcriptional misregulation in cancer,3/5,172/7844,0.000100317902577818,0.00188597656846298,0.000295673818124095,3,NFKB1/RELA/SP1,TRUE,FALSE,TRUE
exemplar_6node,network_protein_coding,KEGG,hsa05202,Transcriptional misregulation in cancer,3/5,47/285,0.0331413972788288,0.0539187153929729,0.0149774209424925,3,NFKB1/RELA/SP1,FALSE,FALSE,TRUE
3-Comp,TCGA_tested_plus_network,GO_CC,GO:0098643,banded collagen fibril,1/256,12/15927,0.176765897100028,0.58048728073862,0.520110784120443,1,COL1A1,FALSE,TRUE,TRUE
3-TF,TCGA_tested_plus_network,GO_CC,GO:0098643,banded collagen fibril,1/256,12/15927,0.176765897100028,0.58048728073862,0.520110784120443,1,COL1A1,FALSE,TRUE,TRUE
3-miR,TCGA_tested_plus_network,GO_CC,GO:0098643,banded collagen fibril,1/262,12/15927,0.180541592539989,0.596350419079919,0.532011949727108,1,COL1A1,FALSE,TRUE,TRUE
4-node,TCGA_tested_plus_network,GO_CC,GO:0098643,banded collagen fibril,2/348,12/15927,0.0271872226773574,0.206169771969961,0.184229206300514,2,COL1A1/COL3A1,FALSE,TRUE,TRUE
5-node,TCGA_tested_plus_network,GO_CC,GO:0098643,banded collagen fibril,2/336,12/15927,0.0254692987624592,0.18816094187776,0.165782975832979,2,COL1A1/COL3A1,FALSE,TRUE,TRUE
6-node,TCGA_tested_plus_network,GO_CC,GO:0098643,banded collagen fibril,2/310,12/15927,0.0219114063708933,0.165807791904492,0.146019019112332,2,COL1A1/COL3A1,FALSE,TRUE,TRUE
exemplar_4node,TCGA_tested_plus_network,GO_CC,GO:0098643,banded collagen fibril,2/6,12/15927,7.7928643983403e-06,5.84464829875522e-05,1.64060303122954e-05,2,COL1A1/COL3A1,TRUE,TRUE,TRUE
exemplar_5node,TCGA_tested_plus_network,GO_CC,GO:0098643,banded collagen fibril,2/5,12/15927,5.19741868794314e-06,3.89806401595735e-05,8.20645055991022e-06,2,COL1A1/COL3A1,TRUE,TRUE,TRUE
exemplar_6node,TCGA_tested_plus_network,GO_CC,GO:0098643,banded collagen fibril,2/5,12/15927,5.19741868794314e-06,3.89806401595735e-05,8.20645055991022e-06,2,COL1A1/COL3A1,TRUE,TRUE,TRUE
3-Comp,TCGA_tested_plus_network,GO_BP,GO:0030199,collagen fibril organization,4/256,61/15196,0.0194026765975074,0.0391176576293794,0.0175181857151586,4,COL1A1/LOX/RB1/TGFB2,TRUE,FALSE,TRUE
3-TF,TCGA_tested_plus_network,GO_BP,GO:0030199,collagen fibril organization,4/256,61/15196,0.0194026765975074,0.0391176576293794,0.0175181857151586,4,COL1A1/LOX/RB1/TGFB2,TRUE,FALSE,TRUE
3-miR,TCGA_tested_plus_network,GO_BP,GO:0030199,collagen fibril organization,4/262,61/15196,0.020925676881584,0.0415083098798634,0.0185624314664426,4,COL1A1/LOX/RB1/TGFB2,TRUE,FALSE,TRUE
4-node,TCGA_tested_plus_network,GO_BP,GO:0030199,collagen fibril organization,8/348,61/15196,7.1347989501214e-05,0.000282341868268878,0.000127860807705735,8,COL1A1/COL3A1/DDR2/EXT1/LOX/NF1/RB1/TGFB2,TRUE,FALSE,TRUE
5-node,TCGA_tested_plus_network,GO_BP,GO:0030199,collagen fibril organization,7/336,61/15196,0.000379997734849137,0.00124076022425618,0.000561057367353557,7,COL1A1/COL3A1/EXT1/LOX/NF1/RB1/TGFB2,TRUE,FALSE,TRUE
6-node,TCGA_tested_plus_network,GO_BP,GO:0030199,collagen fibril organization,7/311,61/15196,0.000237889405435778,0.000799336205262659,0.000350647026427578,7,COL1A1/COL3A1/EXT1/LOX/NF1/RB1/TGFB2,TRUE,FALSE,TRUE
exemplar_4node,TCGA_tested_plus_network,GO_BP,GO:0030199,collagen fibril organization,2/6,61/15196,0.000235310486636449,0.00329434681291028,0.00106155106753285,2,COL1A1/COL3A1,TRUE,TRUE,TRUE
exemplar_5node,TCGA_tested_plus_network,GO_BP,GO:0030199,collagen fibril organization,2/5,61/15196,0.000157280479851723,0.00274857141817877,0.000767468141142438,2,COL1A1/COL3A1,TRUE,TRUE,TRUE
exemplar_6node,TCGA_tested_plus_network,GO_BP,GO:0030199,collagen fibril organization,2/5,61/15196,0.000157280479851723,0.00274857141817877,0.000767468141142438,2,COL1A1/COL3A1,TRUE,TRUE,TRUE
3-Comp,TCGA_tested_plus_network,GO_CC,GO:0062023,collagen-containing extracellular matrix,16/256,417/15927,0.00120308108598571,0.0175754454300521,0.015747422910385,16,ADAMTS1/ADAMTS5/ASPN/COL1A1/COL7A1/CTSB/CXCL12/F3/FBN1/FGL2/FN1/LOX/MMP2/SERPINE1/TGFB2/THBS1,TRUE,FALSE,TRUE
3-Comp,network_protein_coding,GO_CC,GO:0062023,collagen-containing extracellular matrix,16/256,29/359,0.984150512410081,1,0.903439701616245,16,ADAMTS1/ADAMTS5/ASPN/COL1A1/COL7A1/CTSB/CXCL12/F3/FBN1/FGL2/FN1/LOX/MMP2/SERPINE1/TGFB2/THBS1,FALSE,FALSE,TRUE
3-TF,TCGA_tested_plus_network,GO_CC,GO:0062023,collagen-containing extracellular matrix,16/256,417/15927,0.00120308108598571,0.0175754454300521,0.015747422910385,16,ADAMTS1/ADAMTS5/ASPN/COL1A1/COL7A1/CTSB/CXCL12/F3/FBN1/FGL2/FN1/LOX/MMP2/SERPINE1/TGFB2/THBS1,TRUE,FALSE,TRUE
3-TF,network_protein_coding,GO_CC,GO:0062023,collagen-containing extracellular matrix,16/256,29/359,0.984150512410081,1,0.903439701616245,16,ADAMTS1/ADAMTS5/ASPN/COL1A1/COL7A1/CTSB/CXCL12/F3/FBN1/FGL2/FN1/LOX/MMP2/SERPINE1/TGFB2/THBS1,FALSE,FALSE,TRUE
3-miR,TCGA_tested_plus_network,GO_CC,GO:0062023,collagen-containing extracellular matrix,18/262,417/15927,0.000194821717361583,0.00415213785126873,0.00370417607351957,18,ADAMTS1/ADAMTS5/ASPN/COL1A1/COL7A1/CTSB/CXCL12/F3/FBN1/FGL2/FN1/LOX/LTBP1/MMP2/PTPRZ1/SERPINE1/TGFB2/THBS1,TRUE,FALSE,TRUE
3-miR,network_protein_coding,GO_CC,GO:0062023,collagen-containing extracellular matrix,18/262,29/359,0.941274572197996,1,0.870285951098218,18,ADAMTS1/ADAMTS5/ASPN/COL1A1/COL7A1/CTSB/CXCL12/F3/FBN1/FGL2/FN1/LOX/LTBP1/MMP2/PTPRZ1/SERPINE1/TGFB2/THBS1,FALSE,FALSE,TRUE
4-node,TCGA_tested_plus_network,GO_CC,GO:0062023,collagen-containing extracellular matrix,29/348,417/15927,4.12771454974377e-08,3.00497619221347e-06,2.68518693867542e-06,29,ACTA2/ADAMTS1/ADAMTS5/ASPN/BMP7/CD151/COL18A1/COL1A1/COL3A1/COL7A1/CTSB/CXCL12/F3/FBN1/FGL2/FN1/LOX/LTBP1/MMP2/POSTN/PTPRZ1/S100A10/SERPINE1/SPARC/TGFB2/TGFBI/THBS1/THBS2/WNT5A,TRUE,FALSE,TRUE
4-node,network_protein_coding,GO_CC,GO:0062023,collagen-containing extracellular matrix,29/348,29/359,0.390522039886002,1,1,29,ACTA2/ADAMTS1/ADAMTS5/ASPN/BMP7/CD151/COL18A1/COL1A1/COL3A1/COL7A1/CTSB/CXCL12/F3/FBN1/FGL2/FN1/LOX/LTBP1/MMP2/POSTN/PTPRZ1/S100A10/SERPINE1/SPARC/TGFB2/TGFBI/THBS1/THBS2/WNT5A,FALSE,FALSE,TRUE
5-node,TCGA_tested_plus_network,GO_CC,GO:0062023,collagen-containing extracellular matrix,29/336,417/15927,1.9054636168133e-08,1.37955565857283e-06,1.21548521240933e-06,29,ACTA2/ADAMTS1/ADAMTS5/ASPN/BMP7/CD151/COL18A1/COL1A1/COL3A1/COL7A1/CTSB/CXCL12/F3/FBN1/FGL2/FN1/LOX/LTBP1/MMP2/POSTN/PTPRZ1/S100A10/SERPINE1/SPARC/TGFB2/TGFBI/THBS1/THBS2/WNT5A,TRUE,FALSE,TRUE
5-node,network_protein_coding,GO_CC,GO:0062023,collagen-containing extracellular matrix,29/336,29/359,0.135057259367319,0.813467867041281,0.809085321549554,29,ACTA2/ADAMTS1/ADAMTS5/ASPN/BMP7/CD151/COL18A1/COL1A1/COL3A1/COL7A1/CTSB/CXCL12/F3/FBN1/FGL2/FN1/LOX/LTBP1/MMP2/POSTN/PTPRZ1/S100A10/SERPINE1/SPARC/TGFB2/TGFBI/THBS1/THBS2/WNT5A,FALSE,FALSE,TRUE
6-node,TCGA_tested_plus_network,GO_CC,GO:0062023,collagen-containing extracellular matrix,26/310,417/15927,1.8551998238494e-07,1.09765989577756e-05,9.66656750321531e-06,26,ACTA2/ADAMTS1/ADAMTS5/ASPN/BMP7/COL1A1/COL3A1/COL7A1/CTSB/CXCL12/F3/FBN1/FGL2/FN1/LOX/LTBP1/MMP2/POSTN/PTPRZ1/SERPINE1/SPARC/TGFB2/TGFBI/THBS1/THBS2/WNT5A,TRUE,FALSE,TRUE
6-node,network_protein_coding,GO_CC,GO:0062023,collagen-containing extracellular matrix,26/310,29/359,0.420316776815599,1,0.920016576875259,26,ACTA2/ADAMTS1/ADAMTS5/ASPN/BMP7/COL1A1/COL3A1/COL7A1/CTSB/CXCL12/F3/FBN1/FGL2/FN1/LOX/LTBP1/MMP2/POSTN/PTPRZ1/SERPINE1/SPARC/TGFB2/TGFBI/THBS1/THBS2/WNT5A,FALSE,FALSE,TRUE
exemplar_4node,TCGA_tested_plus_network,GO_CC,GO:0062023,collagen-containing extracellular matrix,2/6,417/15927,0.00956608985616793,0.0204987639775027,0.00575403901122883,2,COL1A1/COL3A1,TRUE,TRUE,TRUE
exemplar_4node,network_protein_coding,GO_CC,GO:0062023,collagen-containing extracellular matrix,2/6,29/359,0.0771687865204557,0.402623486292154,0.402623486292154,2,COL1A1/COL3A1,FALSE,TRUE,TRUE
exemplar_5node,TCGA_tested_plus_network,GO_CC,GO:0062023,collagen-containing extracellular matrix,2/5,417/15927,0.00648939980711506,0.0139058567295323,0.00292754878516469,2,COL1A1/COL3A1,TRUE,TRUE,TRUE
exemplar_5node,network_protein_coding,GO_CC,GO:0062023,collagen-containing extracellular matrix,2/5,29/359,0.0541368654591494,0.324944008423967,0.307841692191127,2,COL1A1/COL3A1,FALSE,TRUE,TRUE
exemplar_6node,TCGA_tested_plus_network,GO_CC,GO:0062023,collagen-containing extracellular matrix,2/5,417/15927,0.00648939980711506,0.0139058567295323,0.00292754878516469,2,COL1A1/COL3A1,TRUE,TRUE,TRUE
exemplar_6node,network_protein_coding,GO_CC,GO:0062023,collagen-containing extracellular matrix,2/5,29/359,0.0541368654591494,0.324944008423967,0.307841692191127,2,COL1A1/COL3A1,FALSE,TRUE,TRUE
3-Comp,TCGA_tested_plus_network,GO_BP,GO:0043062,extracellular structure organization,20/256,310/15196,3.07846679417819e-07,2.40733950530753e-06,1.07808654937819e-06,20,ADAMTS1/ADAMTS5/CAV1/COL1A1/COL7A1/CTSV/FURIN/IL6/LOX/MMP14/MMP2/NFKB2/NOTCH1/PPARG/RB1/RUNX1/SMAD3/SMAD4/SOX9/TGFB2,TRUE,FALSE,TRUE
3-Comp,network_protein_coding,GO_BP,GO:0043062,extracellular structure organization,20/256,31/359,0.859912289716179,0.895251150937392,0.69111457125142,20,ADAMTS1/ADAMTS5/CAV1/COL1A1/COL7A1/CTSV/FURIN/IL6/LOX/MMP14/MMP2/NFKB2/NOTCH1/PPARG/RB1/RUNX1/SMAD3/SMAD4/SOX9/TGFB2,FALSE,FALSE,TRUE
3-TF,TCGA_tested_plus_network,GO_BP,GO:0043062,extracellular structure organization,20/256,310/15196,3.07846679417819e-07,2.40733950530753e-06,1.07808654937819e-06,20,ADAMTS1/ADAMTS5/CAV1/COL1A1/COL7A1/CTSV/FURIN/IL6/LOX/MMP14/MMP2/NFKB2/NOTCH1/PPARG/RB1/RUNX1/SMAD3/SMAD4/SOX9/TGFB2,TRUE,FALSE,TRUE
3-TF,network_protein_coding,GO_BP,GO:0043062,extracellular structure organization,20/256,31/359,0.859912289716179,0.895251150937392,0.69111457125142,20,ADAMTS1/ADAMTS5/CAV1/COL1A1/COL7A1/CTSV/FURIN/IL6/LOX/MMP14/MMP2/NFKB2/NOTCH1/PPARG/RB1/RUNX1/SMAD3/SMAD4/SOX9/TGFB2,FALSE,FALSE,TRUE
3-miR,TCGA_tested_plus_network,GO_BP,GO:0043062,extracellular structure organization,20/262,310/15196,4.46024671684565e-07,3.39600757675476e-06,1.51868765761554e-06,20,ADAMTS1/ADAMTS5/CAV1/COL1A1/COL7A1/CTSV/FURIN/IL6/LOX/MMP14/MMP2/NFKB2/NOTCH1/PPARG/RB1/RUNX1/SMAD3/SMAD4/SOX9/TGFB2,TRUE,FALSE,TRUE
3-miR,network_protein_coding,GO_BP,GO:0043062,extracellular structure organization,20/262,31/359,0.904338794529765,0.926802852591186,0.729659630265696,20,ADAMTS1/ADAMTS5/CAV1/COL1A1/COL7A1/CTSV/FURIN/IL6/LOX/MMP14/MMP2/NFKB2/NOTCH1/PPARG/RB1/RUNX1/SMAD3/SMAD4/SOX9/TGFB2,FALSE,FALSE,TRUE
4-node,TCGA_tested_plus_network,GO_BP,GO:0043062,extracellular structure organization,30/348,310/15196,2.69032419159189e-11,4.39919562060654e-10,1.99221145894885e-10,30,ADAMTS1/ADAMTS5/CAV1/COL18A1/COL1A1/COL3A1/COL7A1/CTSV/DDR2/EXT1/FOXF2/FURIN/IL6/ITGB1/LOX/MMP14/MMP2/MYH11/NF1/NFKB2/NOTCH1/POSTN/PPARG/RB1/RUNX1/SMAD3/SMAD4/SOX9/TGFB2/TGFBI,TRUE,FALSE,TRUE
4-node,network_protein_coding,GO_BP,GO:0043062,extracellular structure organization,30/348,31/359,0.756156707625268,0.913715720343838,0.913715720343838,30,ADAMTS1/ADAMTS5/CAV1/COL18A1/COL1A1/COL3A1/COL7A1/CTSV/DDR2/EXT1/FOXF2/FURIN/IL6/ITGB1/LOX/MMP14/MMP2/MYH11/NF1/NFKB2/NOTCH1/POSTN/PPARG/RB1/RUNX1/SMAD3/SMAD4/SOX9/TGFB2/TGFBI,FALSE,FALSE,TRUE
5-node,TCGA_tested_plus_network,GO_BP,GO:0043062,extracellular structure organization,28/336,310/15196,2.804813811182e-10,3.7603793187738e-09,1.70039986743351e-09,28,ADAMTS1/ADAMTS5/CAV1/COL18A1/COL1A1/COL3A1/COL7A1/CTSV/EXT1/FURIN/IL6/ITGB1/LOX/MMP14/MMP2/MYH11/NF1/NFKB2/NOTCH1/POSTN/PPARG/RB1/RUNX1/SMAD3/SMAD4/SOX9/TGFB2/TGFBI,TRUE,FALSE,TRUE
5-node,network_protein_coding,GO_BP,GO:0043062,extracellular structure organization,28/336,31/359,0.874756676022184,0.923354269134528,0.895218820490539,28,ADAMTS1/ADAMTS5/CAV1/COL18A1/COL1A1/COL3A1/COL7A1/CTSV/EXT1/FURIN/IL6/ITGB1/LOX/MMP14/MMP2/MYH11/NF1/NFKB2/NOTCH1/POSTN/PPARG/RB1/RUNX1/SMAD3/SMAD4/SOX9/TGFB2/TGFBI,FALSE,FALSE,TRUE
6-node,TCGA_tested_plus_network,GO_BP,GO:0043062,extracellular structure organization,25/311,310/15196,5.50790263068579e-09,5.48405889635382e-08,2.4057073007575e-08,25,ADAMTS1/ADAMTS5/CAV1/COL1A1/COL3A1/COL7A1/EXT1/FURIN/IL6/ITGB1/LOX/MMP14/MMP2/NF1/NFKB2/NOTCH1/POSTN/PPARG/RB1/RUNX1/SMAD3/SMAD4/SOX9/TGFB2/TGFBI,TRUE,FALSE,TRUE
6-node,network_protein_coding,GO_BP,GO:0043062,extracellular structure organization,25/311,31/359,0.898760448910011,0.909467475981819,0.754464198620287,25,ADAMTS1/ADAMTS5/CAV1/COL1A1/COL3A1/COL7A1/EXT1/FURIN/IL6/ITGB1/LOX/MMP14/MMP2/NF1/NFKB2/NOTCH1/POSTN/PPARG/RB1/RUNX1/SMAD3/SMAD4/SOX9/TGFB2/TGFBI,FALSE,FALSE,TRUE
exemplar_4node,TCGA_tested_plus_network,GO_BP,GO:0043062,extracellular structure organization,2/6,310/15196,0.00589392297127551,0.0252713088470303,0.00814327889807636,2,COL1A1/COL3A1,TRUE,TRUE,TRUE
exemplar_4node,network_protein_coding,GO_BP,GO:0043062,extracellular structure organization,2/6,31/359,0.0870267655009278,0.437464901580557,0.406506602010913,2,COL1A1/COL3A1,FALSE,TRUE,TRUE
exemplar_5node,TCGA_tested_plus_network,GO_BP,GO:0043062,extracellular structure organization,2/5,310/15196,0.00398283706516433,0.0208605614931493,0.0058247772811896,2,COL1A1/COL3A1,TRUE,TRUE,TRUE
exemplar_5node,network_protein_coding,GO_BP,GO:0043062,extracellular structure organization,2/5,31/359,0.0612844146045886,0.430883262167918,0.398835464452552,2,COL1A1/COL3A1,FALSE,TRUE,TRUE
exemplar_6node,TCGA_tested_plus_network,GO_BP,GO:0043062,extracellular structure organization,2/5,310/15196,0.00398283706516433,0.0208605614931493,0.0058247772811896,2,COL1A1/COL3A1,TRUE,TRUE,TRUE
exemplar_6node,network_protein_coding,GO_BP,GO:0043062,extracellular structure organization,2/5,31/359,0.0612844146045886,0.430883262167918,0.398835464452552,2,COL1A1/COL3A1,FALSE,TRUE,TRUE
3-Comp,TCGA_tested_plus_network,GO_CC,GO:0005583,fibrillar collagen trimer,1/256,12/15927,0.176765897100028,0.58048728073862,0.520110784120443,1,COL1A1,FALSE,TRUE,TRUE
3-TF,TCGA_tested_plus_network,GO_CC,GO:0005583,fibrillar collagen trimer,1/256,12/15927,0.176765897100028,0.58048728073862,0.520110784120443,1,COL1A1,FALSE,TRUE,TRUE
3-miR,TCGA_tested_plus_network,GO_CC,GO:0005583,fibrillar collagen trimer,1/262,12/15927,0.180541592539989,0.596350419079919,0.532011949727108,1,COL1A1,FALSE,TRUE,TRUE
4-node,TCGA_tested_plus_network,GO_CC,GO:0005583,fibrillar collagen trimer,2/348,12/15927,0.0271872226773574,0.206169771969961,0.184229206300514,2,COL1A1/COL3A1,FALSE,TRUE,TRUE
5-node,TCGA_tested_plus_network,GO_CC,GO:0005583,fibrillar collagen trimer,2/336,12/15927,0.0254692987624592,0.18816094187776,0.165782975832979,2,COL1A1/COL3A1,FALSE,TRUE,TRUE
6-node,TCGA_tested_plus_network,GO_CC,GO:0005583,fibrillar collagen trimer,2/310,12/15927,0.0219114063708933,0.165807791904492,0.146019019112332,2,COL1A1/COL3A1,FALSE,TRUE,TRUE
exemplar_4node,TCGA_tested_plus_network,GO_CC,GO:0005583,fibrillar collagen trimer,2/6,12/15927,7.7928643983403e-06,5.84464829875522e-05,1.64060303122954e-05,2,COL1A1/COL3A1,TRUE,TRUE,TRUE
exemplar_5node,TCGA_tested_plus_network,GO_CC,GO:0005583,fibrillar collagen trimer,2/5,12/15927,5.19741868794314e-06,3.89806401595735e-05,8.20645055991022e-06,2,COL1A1/COL3A1,TRUE,TRUE,TRUE
exemplar_6node,TCGA_tested_plus_network,GO_CC,GO:0005583,fibrillar collagen trimer,2/5,12/15927,5.19741868794314e-06,3.89806401595735e-05,8.20645055991022e-06,2,COL1A1/COL3A1,TRUE,TRUE,TRUE
3-Comp,network_protein_coding,GO_BP,GO:0009059,macromolecule biosynthetic process,210/256,273/359,3.92328225687135e-05,0.0017703811184132,0.00136669602303512,210,ABCA1/ADRB2/AHR/AR/ARNT/ATF3/ATF4/BACE1/BCL6/BHLHE40/BMI1/BRCA1/CAV1/CD2AP/CDCA7/CDX2/CEBPA/CEBPB/CITED2/COL1A1/CREB1/CREBBP/CTCF/CTNNB1/CYLD/DACT1/DAPK1/DKK1/DKK3/DNAJB4/DNMT1/E2F1/E2F3/EDN1/EGR1/EGR2/ELF4/ELK1/EP300/EPAS1/EPHA2/ERG/ESR1/ESR2/ETS1/ETS2/ETV1/ETV4/EZH2/F2R/F3/F8/FBN1/FGF7/FHL2/FN1/FOS/FOSB/FOSL1/FOXA2/FOXM1/FOXO1/FOXO3/FST/FURIN/GATA1/GATA3/GJA1/GLI1/GRHL1/HBEGF/HDAC1/HDAC2/HDAC3/HDAC4/HES1/HIC1/HIF1A/HMGA1/HNF1A/HNF4A/HOXA10/HOXA9/HSF1/HSF2/ID1/ID4/IGFBP5/IL11/IL15/IL6/IRF1/IRF3/JUN/KLF2/KLF4/KLF5/KLF8/LEF1/LOX/LPL/MAFB/MAX/MECP2/MEF2A/MEF2C/MEIS1/MEN1/MET/MITF/MME/MMP14/MTA1/MYB/MYBL1/MYBL2/MYC/MYCN/MYD88/MYH9/MYOD1/NANOG/NCOR1/NFKB1/NFKB2/NGFR/NKX2-5/NOTCH1/NR1H2/NR1H3/NR1H4/NR4A1/PAX5/PAX6/PBX1/PCSK2/PDGFRB/PEG3/PLAGL1/PLAU/POU5F1/PPARA/PPARG/PROX1/PTGER4/PTHLH/RARA/RB1/RBM38/REL/RELA/REST/RUNX1/RUNX2/RXRA/SERPINE1/SHC1/SIRT1/SKIL/SMAD3/SMAD4/SMAD6/SMAD7/SNAI1/SNAI2/SOX10/SOX2/SOX9/SP1/SPI1/SPP1/SQSTM1/SREBF1/SREBF2/SRF/STAT1/STAT3/STAT4/STAT5A/STAT6/SUZ12/TAL1/TBX21/TBX3/TCF4/TCF7L2/TERT/TFAP2A/TGFB2/TGFBR2/THBD/THBS1/TLR4/TLX1/TP53/TP63/TP73/TWIST1/TYMS/UGCG/USF1/VDR/VEGFA/VHL/VIM/YBX1/YY1/ZBTB16/ZBTB7A/ZEB2,TRUE,FALSE,TRUE
3-TF,network_protein_coding,GO_BP,GO:0009059,macromolecule biosynthetic process,210/256,273/359,3.92328225687135e-05,0.0017703811184132,0.00136669602303512,210,ABCA1/ADRB2/AHR/AR/ARNT/ATF3/ATF4/BACE1/BCL6/BHLHE40/BMI1/BRCA1/CAV1/CD2AP/CDCA7/CDX2/CEBPA/CEBPB/CITED2/COL1A1/CREB1/CREBBP/CTCF/CTNNB1/CYLD/DACT1/DAPK1/DKK1/DKK3/DNAJB4/DNMT1/E2F1/E2F3/EDN1/EGR1/EGR2/ELF4/ELK1/EP300/EPAS1/EPHA2/ERG/ESR1/ESR2/ETS1/ETS2/ETV1/ETV4/EZH2/F2R/F3/F8/FBN1/FGF7/FHL2/FN1/FOS/FOSB/FOSL1/FOXA2/FOXM1/FOXO1/FOXO3/FST/FURIN/GATA1/GATA3/GJA1/GLI1/GRHL1/HBEGF/HDAC1/HDAC2/HDAC3/HDAC4/HES1/HIC1/HIF1A/HMGA1/HNF1A/HNF4A/HOXA10/HOXA9/HSF1/HSF2/ID1/ID4/IGFBP5/IL11/IL15/IL6/IRF1/IRF3/JUN/KLF2/KLF4/KLF5/KLF8/LEF1/LOX/LPL/MAFB/MAX/MECP2/MEF2A/MEF2C/MEIS1/MEN1/MET/MITF/MME/MMP14/MTA1/MYB/MYBL1/MYBL2/MYC/MYCN/MYD88/MYH9/MYOD1/NANOG/NCOR1/NFKB1/NFKB2/NGFR/NKX2-5/NOTCH1/NR1H2/NR1H3/NR1H4/NR4A1/PAX5/PAX6/PBX1/PCSK2/PDGFRB/PEG3/PLAGL1/PLAU/POU5F1/PPARA/PPARG/PROX1/PTGER4/PTHLH/RARA/RB1/RBM38/REL/RELA/REST/RUNX1/RUNX2/RXRA/SERPINE1/SHC1/SIRT1/SKIL/SMAD3/SMAD4/SMAD6/SMAD7/SNAI1/SNAI2/SOX10/SOX2/SOX9/SP1/SPI1/SPP1/SQSTM1/SREBF1/SREBF2/SRF/STAT1/STAT3/STAT4/STAT5A/STAT6/SUZ12/TAL1/TBX21/TBX3/TCF4/TCF7L2/TERT/TFAP2A/TGFB2/TGFBR2/THBD/THBS1/TLR4/TLX1/TP53/TP63/TP73/TWIST1/TYMS/UGCG/USF1/VDR/VEGFA/VHL/VIM/YBX1/YY1/ZBTB16/ZBTB7A/ZEB2,TRUE,FALSE,TRUE
3-miR,network_protein_coding,GO_BP,GO:0009059,macromolecule biosynthetic process,214/262,273/359,5.66152110611226e-05,0.00226242465997801,0.00178117701762374,214,ABCA1/ADRB2/AHR/APEX1/AR/ARNT/ATF3/ATF4/AXL/BACE1/BCL6/BHLHE40/BMI1/BRCA1/CAV1/CD2AP/CDCA7/CDX2/CEBPA/CEBPB/CITED2/COL1A1/CREB1/CREBBP/CTCF/CTNNB1/CYLD/DACT1/DAPK1/DKK1/DKK3/DNAJB4/DNMT1/E2F1/E2F3/EDN1/EGR1/EGR2/ELF4/ELK1/EP300/EPAS1/EPHA2/ERG/ESR1/ESR2/ETS1/ETS2/ETV1/ETV4/EZH2/F2R/F3/F8/FBN1/FGF7/FHL2/FN1/FOS/FOSB/FOSL1/FOXA2/FOXM1/FOXO1/FOXO3/FST/FURIN/GATA1/GATA3/GJA1/GLI1/GRHL1/HBEGF/HDAC1/HDAC2/HDAC3/HDAC4/HES1/HIC1/HIF1A/HMGA1/HNF1A/HNF4A/HOXA10/HOXA9/HSF1/HSF2/ID1/ID4/IGFBP5/IL11/IL15/IL6/IRF1/IRF3/JUN/JUND/KLF2/KLF4/KLF5/KLF8/LEF1/LOX/LPL/MAFB/MAPK7/MAX/MECP2/MEF2A/MEF2C/MEIS1/MEN1/MET/MITF/MME/MMP14/MTA1/MYB/MYBL1/MYBL2/MYC/MYCN/MYD88/MYH9/MYOD1/NANOG/NCOR1/NFKB1/NFKB2/NGFR/NKX2-5/NOTCH1/NR1H2/NR1H3/NR1H4/NR4A1/PAX5/PAX6/PBX1/PCSK2/PDGFRB/PEG3/PLAGL1/PLAU/POU5F1/PPARA/PPARG/PROX1/PTGER4/PTHLH/RARA/RB1/RBM38/REL/RELA/REST/RUNX1/RUNX2/RXRA/SERPINE1/SHC1/SIRT1/SKIL/SMAD3/SMAD4/SMAD6/SMAD7/SNAI1/SNAI2/SOX10/SOX2/SOX9/SP1/SPI1/SPP1/SQSTM1/SREBF1/SREBF2/SRF/STAT1/STAT3/STAT4/STAT5A/STAT6/SUZ12/TAL1/TBX21/TBX3/TCF4/TCF7L2/TERT/TFAP2A/TGFB2/TGFBR2/THBD/THBS1/TLR4/TLX1/TP53/TP63/TP73/TWIST1/TYMS/UGCG/USF1/VDR/VEGFA/VHL/VIM/YBX1/YY1/ZBTB16/ZBTB7A/ZEB2,TRUE,FALSE,TRUE
4-node,network_protein_coding,GO_BP,GO:0009059,macromolecule biosynthetic process,267/348,273/359,0.0952147643421858,0.893612282811688,0.893612282811688,267,ABCA1/ACTA2/ACTC1/ADRB2/AHR/APEX1/AR/ARNT/ASCL1/ATF3/ATF4/AXL/BACE1/BCL6/BHLHE40/BMI1/BMP7/BRCA1/CAV1/CD2AP/CDCA7/CDH3/CDX1/CDX2/CEBPA/CEBPB/CEBPD/CHAC1/CITED2/COL1A1/COL3A1/CREB1/CREBBP/CTCF/CTNNB1/CUX1/CYLD/DAB2/DACT1/DAPK1/DDIT3/DDR2/DKK1/DKK3/DNAJB4/DNMT1/E2F1/E2F3/EDN1/EGR1/EGR2/EGR3/ELF4/ELK1/EP300/EPAS1/EPHA2/EPHB2/ERG/ESR1/ESR2/ETS1/ETS2/ETV1/ETV4/EXT1/EZH2/F2R/F3/F8/FBN1/FGF7/FHL2/FLI1/FN1/FOS/FOSB/FOSL1/FOXA2/FOXD1/FOXD3/FOXF2/FOXM1/FOXO1/FOXO3/FST/FURIN/GATA1/GATA3/GATA4/GATA6/GBP1/GJA1/GLI1/GRHL1/HBEGF/HDAC1/HDAC2/HDAC3/HDAC4/HDAC9/HES1/HEY1/HIC1/HIF1A/HMGA1/HNF4A/HOXA10/HOXA9/HOXB4/HOXB7/HSF1/HSF2/ID1/ID4/IGFBP5/IL11/IL15/IL1R1/IL6/ILF3/INSM1/IRAK2/IRF1/IRF3/IRF9/JUN/JUND/KDM2A/KLF10/KLF2/KLF4/KLF5/KLF8/LAPTM4B/LEF1/LIF/LMO7/LOX/LPL/MAFB/MAPK7/MAX/MBD2/MECP2/MEF2A/MEF2C/MEN1/MET/MITF/MME/MMP14/MSC/MTA1/MYB/MYBL1/MYBL2/MYC/MYCN/MYD88/MYH9/MYOD1/NANOG/NCOR1/NF1/NFKB1/NFKB2/NFYA/NGF/NGFR/NKX2-5/NOTCH1/NR1H2/NR1H3/NR1H4/NR4A1/PAX5/PAX6/PBX1/PCSK2/PDGFRB/PEG3/PITX2/PLAGL1/PLAU/POSTN/POU2F1/POU3F2/POU5F1/PPARA/PPARG/PROX1/PTGER4/PTHLH/RARA/RB1/RBM38/RBPJ/REL/RELA/REST/RUNX1/RUNX2/RXRA/S100A10/SERPINE1/SHC1/SIRT1/SIX1/SKIL/SMAD3/SMAD4/SMAD6/SMAD7/SNAI1/SNAI2/SOX1/SOX10/SOX2/SOX3/SOX9/SP1/SPI1/SPP1/SQSTM1/SREBF1/SREBF2/SRF/STAT1/STAT3/STAT4/STAT5A/STAT6/SUZ12/TAL1/TBX21/TBX3/TCF4/TCF7L2/TERT/TFAP2A/TGFB2/TGFBR2/THBD/THBS1/TLR3/TLR4/TLX1/TP53/TP63/TP73/TWIST1/TYMS/UGCG/USF1/VDR/VEGFA/VHL/VIM/WNT5A/WWC1/XBP1/YBX1/YY1/ZBTB16/ZBTB7A/ZEB2,FALSE,FALSE,TRUE
5-node,network_protein_coding,GO_BP,GO:0009059,macromolecule biosynthetic process,262/336,273/359,0.00230303663667705,0.332558490336165,0.322425129134786,262,ABCA1/ACTA2/ACTC1/ADRB2/AHR/APEX1/AR/ARNT/ASCL1/ATF3/ATF4/AXL/BACE1/BAG3/BCL6/BHLHE40/BMI1/BMP7/BRCA1/CAV1/CD2AP/CDCA7/CDH3/CDX2/CEBPA/CEBPB/CEBPD/CHAC1/CITED2/COL1A1/COL3A1/CREB1/CREBBP/CTCF/CTNNB1/CUX1/CYLD/DAB2/DACT1/DAPK1/DDIT3/DKK1/DKK3/DNAJB4/DNMT1/E2F1/E2F3/EDN1/EGR1/EGR2/EGR3/ELF4/ELK1/EP300/EPAS1/EPHA2/EPHB2/ERG/ESR1/ESR2/ETS1/ETS2/ETV1/ETV4/EXT1/EZH2/F2R/F3/F8/FBN1/FGF7/FHL2/FLI1/FN1/FOS/FOSB/FOSL1/FOXA2/FOXD3/FOXM1/FOXO1/FOXO3/FST/FURIN/GATA1/GATA3/GATA4/GATA6/GBP1/GJA1/GLI1/GRHL1/HBEGF/HDAC1/HDAC2/HDAC3/HDAC4/HDAC9/HES1/HEY1/HIC1/HIF1A/HMGA1/HNF4A/HOXA10/HOXA9/HOXB4/HOXB7/HSF1/HSF2/ID1/ID4/IGFBP5/IL11/IL15/IL1R1/IL6/ILF3/INSM1/IRAK2/IRF1/IRF3/IRF9/JUN/JUND/KDM2A/KLF10/KLF2/KLF4/KLF5/KLF8/LAPTM4B/LEF1/LIF/LMO7/LOX/LPL/MAFB/MAPK7/MAX/MBD2/MECP2/MEF2A/MEF2C/MEIS1/MEN1/MET/MITF/MME/MMP14/MSC/MTA1/MYB/MYBL1/MYBL2/MYC/MYCN/MYD88/MYH9/MYOD1/NANOG/NCOR1/NF1/NFKB1/NFKB2/NFYA/NGF/NGFR/NKX2-5/NOTCH1/NR1H3/NR1H4/NR4A1/PAX5/PAX6/PBX1/PCSK2/PDGFRB/PEG3/PITX2/PLAGL1/PLAU/POSTN/POU2F1/POU3F2/POU5F1/PPARA/PPARG/PROX1/PTGER4/PTHLH/RARA/RB1/RBM38/RBPJ/REL/RELA/REST/RUNX1/RUNX2/RXRA/S100A10/SERPINE1/SHC1/SIRT1/SKIL/SMAD3/SMAD4/SMAD6/SMAD7/SNAI1/SNAI2/SOX1/SOX10/SOX2/SOX9/SP1/SPI1/SPP1/SQSTM1/SREBF1/SREBF2/SRF/STAT1/STAT3/STAT4/STAT5A/STAT6/SUZ12/TAL1/TBX21/TBX3/TCF4/TCF7L2/TERT/TFAP2A/TGFB2/TGFBR2/THBD/THBS1/TLR3/TLR4/TLX1/TP53/TP63/TP73/TWIST1/TYMS/UGCG/USF1/VDR/VEGFA/VHL/VIM/WNT5A/WWC1/XBP1/YBX1/YY1/ZBTB16/ZBTB7A/ZEB2,FALSE,FALSE,TRUE
6-node,network_protein_coding,GO_BP,GO:0009059,macromolecule biosynthetic process,249/311,273/359,2.03932631398893e-05,0.00182841367702687,0.00151679163468186,249,ABCA1/ACTA2/ACTC1/ADRB2/AHR/APEX1/AR/ARNT/ASCL1/ATF3/ATF4/AXL/BACE1/BCL6/BHLHE40/BMI1/BMP7/BRCA1/CAV1/CD2AP/CDCA7/CDH3/CDX2/CEBPA/CEBPB/CEBPD/CITED2/COL1A1/COL3A1/CREB1/CREBBP/CTCF/CTNNB1/CYLD/DAB2/DACT1/DAPK1/DDIT3/DKK1/DKK3/DNAJB4/DNMT1/E2F1/E2F3/EDN1/EGR1/EGR2/EGR3/ELF4/ELK1/EP300/EPAS1/EPHA2/EPHB2/ERG/ESR1/ESR2/ETS1/ETS2/ETV1/ETV4/EXT1/EZH2/F2R/F3/F8/FBN1/FGF7/FHL2/FLI1/FN1/FOS/FOSB/FOSL1/FOXA2/FOXD1/FOXM1/FOXO1/FOXO3/FST/FURIN/GATA1/GATA3/GATA4/GATA6/GBP1/GJA1/GLI1/GRHL1/HBEGF/HDAC1/HDAC2/HDAC3/HDAC4/HDAC9/HES1/HEY1/HIC1/HIF1A/HMGA1/HNF4A/HOXA10/HOXA9/HOXB4/HOXB7/HSF1/HSF2/ID1/ID4/IGFBP5/IL11/IL15/IL1R1/IL6/IRAK2/IRF1/IRF3/IRF9/JUN/JUND/KDM2A/KLF10/KLF2/KLF4/KLF5/KLF8/LEF1/LIF/LMO7/LOX/LPL/MAFB/MAPK7/MAX/MBD2/MECP2/MEF2A/MEF2C/MEN1/MET/MITF/MME/MMP14/MTA1/MYB/MYBL1/MYBL2/MYC/MYCN/MYD88/MYH9/MYOD1/NANOG/NCOR1/NF1/NFKB1/NFKB2/NFYA/NGFR/NKX2-5/NOTCH1/NR1H2/NR1H3/NR1H4/NR4A1/PAX5/PAX6/PBX1/PCSK2/PDGFRB/PEG3/PITX2/PLAU/POSTN/POU2F1/POU3F2/POU5F1/PPARA/PPARG/PROX1/PTGER4/PTHLH/RARA/RB1/RBM38/RBPJ/REL/RELA/REST/RUNX1/RUNX2/RXRA/SERPINE1/SHC1/SIRT1/SKIL/SMAD3/SMAD4/SMAD6/SMAD7/SNAI1/SNAI2/SOX1/SOX10/SOX2/SOX9/SP1/SPI1/SPP1/SQSTM1/SREBF1/SREBF2/SRF/STAT1/STAT3/STAT4/STAT5A/STAT6/SUZ12/TAL1/TBX21/TBX3/TCF4/TCF7L2/TERT/TFAP2A/TGFB2/TGFBR2/THBD/THBS1/TLR4/TP53/TP63/TP73/TWIST1/UGCG/USF1/VDR/VEGFA/VHL/VIM/WNT5A/WWC1/XBP1/YBX1/YY1/ZBTB16/ZBTB7A/ZEB2,TRUE,FALSE,TRUE
exemplar_4node,network_protein_coding,GO_BP,GO:0009059,macromolecule biosynthetic process,6/6,273/359,0.190820212764481,0.519295460668495,0.482546216606978,6,COL1A1/COL3A1/ETS1/NFKB1/RELA/SP1,FALSE,FALSE,TRUE
exemplar_5node,network_protein_coding,GO_BP,GO:0009059,macromolecule biosynthetic process,5/5,273/359,0.25205356462174,0.501887971746235,0.46455905784651,5,COL1A1/COL3A1/NFKB1/RELA/SP1,FALSE,FALSE,TRUE
exemplar_6node,network_protein_coding,GO_BP,GO:0009059,macromolecule biosynthetic process,5/5,273/359,0.25205356462174,0.501887971746235,0.46455905784651,5,COL1A1/COL3A1/NFKB1/RELA/SP1,FALSE,FALSE,TRUE
3-Comp,TCGA_tested_plus_network,GO_BP,GO:0035195,miRNA-mediated post-transcriptional gene silencing,4/256,49/15196,0.00920587657009505,0.0209518069603522,0.00938291471532121,4,IL6/MECP2/STAT3/TP53,TRUE,FALSE,TRUE
3-TF,TCGA_tested_plus_network,GO_BP,GO:0035195,miRNA-mediated post-transcriptional gene silencing,4/256,49/15196,0.00920587657009505,0.0209518069603522,0.00938291471532121,4,IL6/MECP2/STAT3/TP53,TRUE,FALSE,TRUE
3-miR,TCGA_tested_plus_network,GO_BP,GO:0035195,miRNA-mediated post-transcriptional gene silencing,4/262,49/15196,0.00996433359504324,0.02253046540657,0.0100755781487359,4,IL6/MECP2/STAT3/TP53,TRUE,FALSE,TRUE
4-node,TCGA_tested_plus_network,GO_BP,GO:0035195,miRNA-mediated post-transcriptional gene silencing,4/348,49/15196,0.0255218493324892,0.0495779097931551,0.0224517590302197,4,IL6/MECP2/STAT3/TP53,TRUE,FALSE,TRUE
5-node,TCGA_tested_plus_network,GO_BP,GO:0035195,miRNA-mediated post-transcriptional gene silencing,4/336,49/15196,0.0227933693389658,0.0456355049794699,0.0206358454930168,4,IL6/MECP2/STAT3/TP53,TRUE,FALSE,TRUE
6-node,TCGA_tested_plus_network,GO_BP,GO:0035195,miRNA-mediated post-transcriptional gene silencing,4/311,49/15196,0.0177076109492436,0.0357572477464972,0.0156857308764383,4,IL6/MECP2/STAT3/TP53,TRUE,FALSE,TRUE
3-Comp,TCGA_tested_plus_network,KEGG,hsa04115,p53 signaling pathway,8/214,72/7844,0.000718411290156998,0.00222987400451328,0.00113924415117173,8,BCL2L1/CCND2/FAS/GADD45G/SERPINE1/THBS1/TP53/TP73,TRUE,FALSE,TRUE
3-TF,TCGA_tested_plus_network,KEGG,hsa04115,p53 signaling pathway,8/214,72/7844,0.000718411290156998,0.00222987400451328,0.00113924415117173,8,BCL2L1/CCND2/FAS/GADD45G/SERPINE1/THBS1/TP53/TP73,TRUE,FALSE,TRUE
3-miR,TCGA_tested_plus_network,KEGG,hsa04115,p53 signaling pathway,8/220,72/7844,0.000861027007845807,0.00261577825168346,0.00135377997236249,8,BCL2L1/CCND2/FAS/GADD45G/SERPINE1/THBS1/TP53/TP73,TRUE,FALSE,TRUE
4-node,TCGA_tested_plus_network,KEGG,hsa04115,p53 signaling pathway,9/280,72/7844,0.000978680358239272,0.00340527138346267,0.00193336999392618,9,BCL2L1/CCND2/FAS/GADD45G/PERP/SERPINE1/THBS1/TP53/TP73,TRUE,FALSE,TRUE
5-node,TCGA_tested_plus_network,KEGG,hsa04115,p53 signaling pathway,8/274,72/7844,0.00344920309490715,0.0100035133585648,0.00557964888525525,8,BCL2L1/CCND2/FAS/GADD45G/SERPINE1/THBS1/TP53/TP73,TRUE,FALSE,TRUE
6-node,TCGA_tested_plus_network,KEGG,hsa04115,p53 signaling pathway,9/256,72/7844,0.00051435188493087,0.00182627941701634,0.00101957214416851,9,BCL2L1/CCND2/FAS/GADD45G/PERP/SERPINE1/THBS1/TP53/TP73,TRUE,FALSE,TRUE
3-Comp,TCGA_tested_plus_network,GO_BP,GO:0016441,post-transcriptional gene silencing,4/256,65/15196,0.0239046164608067,0.0464690784133803,0.0208103959948375,4,IL6/MECP2/STAT3/TP53,TRUE,FALSE,TRUE
3-TF,TCGA_tested_plus_network,GO_BP,GO:0016441,post-transcriptional gene silencing,4/256,65/15196,0.0239046164608067,0.0464690784133803,0.0208103959948375,4,IL6/MECP2/STAT3/TP53,TRUE,FALSE,TRUE
3-miR,TCGA_tested_plus_network,GO_BP,GO:0016441,post-transcriptional gene silencing,4/262,65/15196,0.0257504074653788,0.0494359237660811,0.0221076442173651,4,IL6/MECP2/STAT3/TP53,TRUE,FALSE,TRUE
4-node,TCGA_tested_plus_network,GO_BP,GO:0016441,post-transcriptional gene silencing,4/348,65/15196,0.0616321122959284,0.10472103656944,0.0474237717616828,4,IL6/MECP2/STAT3/TP53,FALSE,FALSE,TRUE
5-node,TCGA_tested_plus_network,GO_BP,GO:0016441,post-transcriptional gene silencing,4/336,65/15196,0.0555606086174301,0.0953311652808783,0.0431076460814986,4,IL6/MECP2/STAT3/TP53,FALSE,FALSE,TRUE
6-node,TCGA_tested_plus_network,GO_BP,GO:0016441,post-transcriptional gene silencing,4/311,65/15196,0.0440181135392791,0.0766982281366227,0.0336454241047839,4,IL6/MECP2/STAT3/TP53,FALSE,FALSE,TRUE
3-Comp,network_protein_coding,GO_BP,GO:0051726,regulation of cell cycle,52/256,63/359,0.0190688140182788,0.11102970742901,0.0857125383928576,52,ADAMTS1/BCL2L1/BCL6/BRCA1/CCL2/CCND2/CEBPA/CITED2/CTCF/CTNNB1/CYLD/DACT1/E2F1/EDN1/ETS1/EZH2/FOSL1/FOXM1/GADD45G/GATA3/GLI1/HDAC3/HES1/HSF1/IER3/IRF1/JUN/KLF4/LEF1/MEN1/MYC/NR4A1/PBX1/PDGFRB/PLAGL1/PROX1/RARA/RB1/RBM38/SIRT1/SKIL/SOX2/SOX9/STAT3/TAL1/TBX3/TERT/TGFB2/TP53/TP63/TP73/YY1,FALSE,FALSE,TRUE
3-TF,network_protein_coding,GO_BP,GO:0051726,regulation of cell cycle,52/256,63/359,0.0190688140182788,0.11102970742901,0.0857125383928576,52,ADAMTS1/BCL2L1/BCL6/BRCA1/CCL2/CCND2/CEBPA/CITED2/CTCF/CTNNB1/CYLD/DACT1/E2F1/EDN1/ETS1/EZH2/FOSL1/FOXM1/GADD45G/GATA3/GLI1/HDAC3/HES1/HSF1/IER3/IRF1/JUN/KLF4/LEF1/MEN1/MYC/NR4A1/PBX1/PDGFRB/PLAGL1/PROX1/RARA/RB1/RBM38/SIRT1/SKIL/SOX2/SOX9/STAT3/TAL1/TBX3/TERT/TGFB2/TP53/TP63/TP73/YY1,FALSE,FALSE,TRUE
3-miR,network_protein_coding,GO_BP,GO:0051726,regulation of cell cycle,53/262,63/359,0.017776796262197,0.112973375794832,0.0889424448596136,53,ADAMTS1/BCL2L1/BCL6/BRCA1/CCL2/CCND2/CEBPA/CITED2/CTCF/CTNNB1/CYLD/DACT1/E2F1/EDN1/ETS1/EZH2/FOSL1/FOXM1/GADD45G/GATA3/GLI1/HDAC3/HES1/HSF1/IER3/IRF1/JUN/JUND/KLF4/LEF1/MEN1/MYC/NR4A1/PBX1/PDGFRB/PLAGL1/PROX1/RARA/RB1/RBM38/SIRT1/SKIL/SOX2/SOX9/STAT3/TAL1/TBX3/TERT/TGFB2/TP53/TP63/TP73/YY1,FALSE,FALSE,TRUE
4-node,network_protein_coding,GO_BP,GO:0051726,regulation of cell cycle,63/348,63/359,0.115796522033742,0.893612282811688,0.893612282811688,63,ADAMTS1/ASCL1/BCL2L1/BCL6/BMP7/BRCA1/CCL2/CCND2/CEBPA/CITED2/CTCF/CTNNB1/CXCR5/CYLD/DACT1/DDIT3/DDR2/E2F1/EDN1/ETS1/EZH2/FHL1/FOSL1/FOXM1/GADD45G/GATA3/GLI1/HDAC3/HES1/HSF1/IER3/INSM1/IRF1/ITGB1/JUN/JUND/KLF4/LEF1/LIF/MEN1/MYC/NR4A1/PBX1/PDGFRB/PLAGL1/PROX1/RARA/RB1/RBM38/SIRT1/SKIL/SOX2/SOX9/STAT3/TAL1/TBX3/TERT/TGFB2/TP53/TP63/TP73/WNT5A/YY1,FALSE,FALSE,TRUE
5-node,network_protein_coding,GO_BP,GO:0051726,regulation of cell cycle,62/336,63/359,0.0634968609005817,0.716323962034687,0.694496916100112,62,ADAMTS1/ASCL1/BCL2L1/BCL6/BMP7/BRCA1/CCL2/CCND2/CEBPA/CITED2/CTCF/CTNNB1/CXCR5/CYLD/DACT1/DDIT3/E2F1/EDN1/ETS1/EZH2/FHL1/FOSL1/FOXM1/GADD45G/GATA3/GLI1/HDAC3/HES1/HSF1/IER3/INSM1/IRF1/ITGB1/JUN/JUND/KLF4/LEF1/LIF/MEN1/MYC/NR4A1/PBX1/PDGFRB/PLAGL1/PROX1/RARA/RB1/RBM38/SIRT1/SKIL/SOX2/SOX9/STAT3/TAL1/TBX3/TERT/TGFB2/TP53/TP63/TP73/WNT5A/YY1,FALSE,FALSE,TRUE
6-node,network_protein_coding,GO_BP,GO:0051726,regulation of cell cycle,60/311,63/359,0.0157152509245683,0.113464111675383,0.0941260818534668,60,ADAMTS1/ASCL1/BCL2L1/BCL6/BMP7/BRCA1/CCL2/CCND2/CEBPA/CITED2/CTCF/CTNNB1/CXCR5/CYLD/DACT1/DDIT3/E2F1/EDN1/ETS1/EZH2/FHL1/FOSL1/FOXM1/GADD45G/GATA3/GLI1/HDAC3/HES1/HSF1/IER3/IRF1/ITGB1/JUN/JUND/KLF4/LEF1/LIF/MEN1/MYC/NR4A1/PBX1/PDGFRB/PROX1/RARA/RB1/RBM38/SIRT1/SKIL/SOX2/SOX9/STAT3/TAL1/TBX3/TERT/TGFB2/TP53/TP63/TP73/WNT5A/YY1,FALSE,FALSE,TRUE
exemplar_4node,network_protein_coding,GO_BP,GO:0051726,regulation of cell cycle,1/6,63/359,0.68862967939261,0.751353700577596,0.698182273884388,1,ETS1,FALSE,TRUE,TRUE
3-Comp,network_protein_coding,GO_BP,GO:0010468,regulation of gene expression,200/256,259/359,7.90518535012417e-05,0.00264077575739401,0.00203862190339718,200,ADRB2/AHR/AR/ARNT/ATF3/ATF4/BCL6/BHLHE40/BMI1/BRCA1/CAV1/CD2AP/CDCA7/CDX2/CEBPA/CEBPB/CITED2/COL1A1/CREB1/CREBBP/CTCF/CTNNB1/CYLD/DACT1/DAPK1/DKK1/DKK3/DNAJB4/DNMT1/E2F1/E2F3/EDN1/EGR1/EGR2/ELF4/ELK1/EP300/EPAS1/EPHA2/ERG/ESR1/ESR2/ETS1/ETS2/ETV1/ETV4/EZH2/F2R/F3/FGF7/FHL2/FN1/FOS/FOSB/FOSL1/FOXA2/FOXM1/FOXO1/FOXO3/FST/FURIN/GATA1/GATA3/GJA1/GLI1/GRHL1/HDAC1/HDAC2/HDAC3/HDAC4/HES1/HIC1/HIF1A/HMGA1/HNF1A/HNF4A/HOXA10/HOXA9/HSF1/HSF2/ID1/ID4/IGFBP5/IL11/IL15/IL6/IRF1/IRF3/JUN/KLF2/KLF4/KLF5/KLF8/LEF1/LOX/LPL/MAFB/MAX/MECP2/MEF2A/MEF2C/MEIS1/MEN1/MET/MITF/MMP14/MTA1/MYB/MYBL1/MYBL2/MYC/MYCN/MYD88/MYH9/MYOD1/NANOG/NCOR1/NFKB1/NFKB2/NGFR/NKX2-5/NOTCH1/NR1H2/NR1H3/NR1H4/NR4A1/PAX5/PAX6/PBX1/PEG3/PLAGL1/PLAU/POU5F1/PPARA/PPARG/PROX1/PTGER4/PTHLH/RARA/RB1/RBM38/REL/RELA/REST/RUNX1/RUNX2/RXRA/SERPINE1/SHC1/SIRT1/SKIL/SMAD3/SMAD4/SMAD6/SMAD7/SNAI1/SNAI2/SOX10/SOX2/SOX9/SP1/SPI1/SPP1/SQSTM1/SREBF1/SREBF2/SRF/STAT1/STAT3/STAT4/STAT5A/STAT6/SUZ12/TAL1/TBX21/TBX3/TCF4/TCF7L2/TERT/TFAP2A/TGFB2/TGFBR2/THBS1/TLR4/TLX1/TP53/TP63/TP73/TWIST1/TYMS/USF1/VDR/VEGFA/VHL/VIM/YBX1/YY1/ZBTB16/ZBTB7A/ZEB2,TRUE,FALSE,TRUE
3-TF,network_protein_coding,GO_BP,GO:0010468,regulation of gene expression,200/256,259/359,7.90518535012417e-05,0.00264077575739401,0.00203862190339718,200,ADRB2/AHR/AR/ARNT/ATF3/ATF4/BCL6/BHLHE40/BMI1/BRCA1/CAV1/CD2AP/CDCA7/CDX2/CEBPA/CEBPB/CITED2/COL1A1/CREB1/CREBBP/CTCF/CTNNB1/CYLD/DACT1/DAPK1/DKK1/DKK3/DNAJB4/DNMT1/E2F1/E2F3/EDN1/EGR1/EGR2/ELF4/ELK1/EP300/EPAS1/EPHA2/ERG/ESR1/ESR2/ETS1/ETS2/ETV1/ETV4/EZH2/F2R/F3/FGF7/FHL2/FN1/FOS/FOSB/FOSL1/FOXA2/FOXM1/FOXO1/FOXO3/FST/FURIN/GATA1/GATA3/GJA1/GLI1/GRHL1/HDAC1/HDAC2/HDAC3/HDAC4/HES1/HIC1/HIF1A/HMGA1/HNF1A/HNF4A/HOXA10/HOXA9/HSF1/HSF2/ID1/ID4/IGFBP5/IL11/IL15/IL6/IRF1/IRF3/JUN/KLF2/KLF4/KLF5/KLF8/LEF1/LOX/LPL/MAFB/MAX/MECP2/MEF2A/MEF2C/MEIS1/MEN1/MET/MITF/MMP14/MTA1/MYB/MYBL1/MYBL2/MYC/MYCN/MYD88/MYH9/MYOD1/NANOG/NCOR1/NFKB1/NFKB2/NGFR/NKX2-5/NOTCH1/NR1H2/NR1H3/NR1H4/NR4A1/PAX5/PAX6/PBX1/PEG3/PLAGL1/PLAU/POU5F1/PPARA/PPARG/PROX1/PTGER4/PTHLH/RARA/RB1/RBM38/REL/RELA/REST/RUNX1/RUNX2/RXRA/SERPINE1/SHC1/SIRT1/SKIL/SMAD3/SMAD4/SMAD6/SMAD7/SNAI1/SNAI2/SOX10/SOX2/SOX9/SP1/SPI1/SPP1/SQSTM1/SREBF1/SREBF2/SRF/STAT1/STAT3/STAT4/STAT5A/STAT6/SUZ12/TAL1/TBX21/TBX3/TCF4/TCF7L2/TERT/TFAP2A/TGFB2/TGFBR2/THBS1/TLR4/TLX1/TP53/TP63/TP73/TWIST1/TYMS/USF1/VDR/VEGFA/VHL/VIM/YBX1/YY1/ZBTB16/ZBTB7A/ZEB2,TRUE,FALSE,TRUE
3-miR,network_protein_coding,GO_BP,GO:0010468,regulation of gene expression,204/262,259/359,8.67108046396273e-05,0.00258868062137497,0.00203803402178522,204,ADRB2/AHR/APEX1/AR/ARNT/ATF3/ATF4/AXL/BCL6/BHLHE40/BMI1/BRCA1/CAV1/CD2AP/CDCA7/CDX2/CEBPA/CEBPB/CITED2/COL1A1/CREB1/CREBBP/CTCF/CTNNB1/CYLD/DACT1/DAPK1/DKK1/DKK3/DNAJB4/DNMT1/E2F1/E2F3/EDN1/EGR1/EGR2/ELF4/ELK1/EP300/EPAS1/EPHA2/ERG/ESR1/ESR2/ETS1/ETS2/ETV1/ETV4/EZH2/F2R/F3/FGF7/FHL2/FN1/FOS/FOSB/FOSL1/FOXA2/FOXM1/FOXO1/FOXO3/FST/FURIN/GATA1/GATA3/GJA1/GLI1/GRHL1/HDAC1/HDAC2/HDAC3/HDAC4/HES1/HIC1/HIF1A/HMGA1/HNF1A/HNF4A/HOXA10/HOXA9/HSF1/HSF2/ID1/ID4/IGFBP5/IL11/IL15/IL6/IRF1/IRF3/JUN/JUND/KLF2/KLF4/KLF5/KLF8/LEF1/LOX/LPL/MAFB/MAPK7/MAX/MECP2/MEF2A/MEF2C/MEIS1/MEN1/MET/MITF/MMP14/MTA1/MYB/MYBL1/MYBL2/MYC/MYCN/MYD88/MYH9/MYOD1/NANOG/NCOR1/NFKB1/NFKB2/NGFR/NKX2-5/NOTCH1/NR1H2/NR1H3/NR1H4/NR4A1/PAX5/PAX6/PBX1/PEG3/PLAGL1/PLAU/POU5F1/PPARA/PPARG/PROX1/PTGER4/PTHLH/RARA/RB1/RBM38/REL/RELA/REST/RUNX1/RUNX2/RXRA/SERPINE1/SHC1/SIRT1/SKIL/SMAD3/SMAD4/SMAD6/SMAD7/SNAI1/SNAI2/SOX10/SOX2/SOX9/SP1/SPI1/SPP1/SQSTM1/SREBF1/SREBF2/SRF/STAT1/STAT3/STAT4/STAT5A/STAT6/SUZ12/TAL1/TBX21/TBX3/TCF4/TCF7L2/TERT/TFAP2A/TGFB2/TGFBR2/THBS1/TLR4/TLX1/TP53/TP63/TP73/TWIST1/TYMS/USF1/VDR/VEGFA/VHL/VIM/YBX1/YY1/ZBTB16/ZBTB7A/ZEB2,TRUE,FALSE,TRUE
4-node,network_protein_coding,GO_BP,GO:0010468,regulation of gene expression,255/348,259/359,0.0128963006289246,0.893612282811688,0.893612282811688,255,ACTA2/ACTC1/ADRB2/AHR/APEX1/AR/ARNT/ASCL1/ATF3/ATF4/AXL/BCL6/BHLHE40/BMI1/BMP7/BRCA1/CAV1/CD2AP/CDCA7/CDH3/CDX1/CDX2/CEBPA/CEBPB/CEBPD/CHAC1/CITED2/COL1A1/CREB1/CREBBP/CTCF/CTNNB1/CUX1/CYLD/DAB2/DACT1/DAPK1/DDIT3/DDR2/DKK1/DKK3/DNAJB4/DNMT1/E2F1/E2F3/EDN1/EGR1/EGR2/EGR3/ELF4/ELK1/EP300/EPAS1/EPHA2/EPHB2/ERG/ESR1/ESR2/ETS1/ETS2/ETV1/ETV4/EZH2/F2R/F3/FGF7/FHL2/FLI1/FN1/FOS/FOSB/FOSL1/FOXA2/FOXD1/FOXD3/FOXF2/FOXM1/FOXO1/FOXO3/FST/FURIN/GATA1/GATA3/GATA4/GATA6/GBP1/GJA1/GLI1/GRHL1/HDAC1/HDAC2/HDAC3/HDAC4/HDAC9/HES1/HEY1/HIC1/HIF1A/HMGA1/HNF4A/HOXA10/HOXA9/HOXB4/HOXB7/HSF1/HSF2/ID1/ID4/IGFBP5/IL11/IL15/IL1R1/IL6/ILF3/INSM1/IRAK2/IRF1/IRF3/IRF9/JUN/JUND/KDM2A/KLF10/KLF2/KLF4/KLF5/KLF8/LAPTM4B/LEF1/LIF/LMO7/LOX/LPL/MAFB/MAPK7/MAX/MBD2/MECP2/MEF2A/MEF2C/MEN1/MET/MITF/MMP14/MSC/MTA1/MYB/MYBL1/MYBL2/MYC/MYCN/MYD88/MYH9/MYOD1/NANOG/NCOR1/NF1/NFKB1/NFKB2/NFYA/NGF/NGFR/NKX2-5/NOTCH1/NR1H2/NR1H3/NR1H4/NR4A1/PAX5/PAX6/PBX1/PEG3/PITX2/PLAGL1/PLAU/POSTN/POU2F1/POU3F2/POU5F1/PPARA/PPARG/PROX1/PTGER4/PTHLH/RARA/RB1/RBM38/RBPJ/REL/RELA/REST/RUNX1/RUNX2/RXRA/S100A10/SERPINE1/SHC1/SIRT1/SIX1/SKIL/SMAD3/SMAD4/SMAD6/SMAD7/SNAI1/SNAI2/SOX1/SOX10/SOX2/SOX3/SOX9/SP1/SPI1/SPP1/SQSTM1/SREBF1/SREBF2/SRF/STAT1/STAT3/STAT4/STAT5A/STAT6/SUZ12/TAL1/TBX21/TBX3/TCF4/TCF7L2/TERT/TFAP2A/TGFB2/TGFBR2/THBS1/TLR3/TLR4/TLX1/TP53/TP63/TP73/TWIST1/TYMS/USF1/VDR/VEGFA/VHL/VIM/WNT5A/WWC1/XBP1/YBX1/YY1/ZBTB16/ZBTB7A/ZEB2,FALSE,FALSE,TRUE
5-node,network_protein_coding,GO_BP,GO:0010468,regulation of gene expression,249/336,259/359,0.00265380751289547,0.344429274955036,0.33393420009491,249,ACTA2/ACTC1/ADRB2/AHR/APEX1/AR/ARNT/ASCL1/ATF3/ATF4/AXL/BCL6/BHLHE40/BMI1/BMP7/BRCA1/CAV1/CD2AP/CDCA7/CDH3/CDX2/CEBPA/CEBPB/CEBPD/CHAC1/CITED2/COL1A1/CREB1/CREBBP/CTCF/CTNNB1/CUX1/CYLD/DAB2/DACT1/DAPK1/DDIT3/DKK1/DKK3/DNAJB4/DNMT1/E2F1/E2F3/EDN1/EGR1/EGR2/EGR3/ELF4/ELK1/EP300/EPAS1/EPHA2/EPHB2/ERG/ESR1/ESR2/ETS1/ETS2/ETV1/ETV4/EZH2/F2R/F3/FGF7/FHL2/FLI1/FN1/FOS/FOSB/FOSL1/FOXA2/FOXD3/FOXM1/FOXO1/FOXO3/FST/FURIN/GATA1/GATA3/GATA4/GATA6/GBP1/GJA1/GLI1/GRHL1/HDAC1/HDAC2/HDAC3/HDAC4/HDAC9/HES1/HEY1/HIC1/HIF1A/HMGA1/HNF4A/HOXA10/HOXA9/HOXB4/HOXB7/HSF1/HSF2/ID1/ID4/IGFBP5/IL11/IL15/IL1R1/IL6/ILF3/INSM1/IRAK2/IRF1/IRF3/IRF9/JUN/JUND/KDM2A/KLF10/KLF2/KLF4/KLF5/KLF8/LAPTM4B/LEF1/LIF/LMO7/LOX/LPL/MAFB/MAPK7/MAX/MBD2/MECP2/MEF2A/MEF2C/MEIS1/MEN1/MET/MITF/MMP14/MSC/MTA1/MYB/MYBL1/MYBL2/MYC/MYCN/MYD88/MYH9/MYOD1/NANOG/NCOR1/NF1/NFKB1/NFKB2/NFYA/NGF/NGFR/NKX2-5/NOTCH1/NR1H3/NR1H4/NR4A1/PAX5/PAX6/PBX1/PEG3/PITX2/PLAGL1/PLAU/POSTN/POU2F1/POU3F2/POU5F1/PPARA/PPARG/PROX1/PTGER4/PTHLH/RARA/RB1/RBM38/RBPJ/REL/RELA/REST/RUNX1/RUNX2/RXRA/S100A10/SERPINE1/SHC1/SIRT1/SKIL/SMAD3/SMAD4/SMAD6/SMAD7/SNAI1/SNAI2/SOX1/SOX10/SOX2/SOX9/SP1/SPI1/SPP1/SQSTM1/SREBF1/SREBF2/SRF/STAT1/STAT3/STAT4/STAT5A/STAT6/SUZ12/TAL1/TBX21/TBX3/TCF4/TCF7L2/TERT/TFAP2A/TGFB2/TGFBR2/THBS1/TLR3/TLR4/TLX1/TP53/TP63/TP73/TWIST1/TYMS/USF1/VDR/VEGFA/VHL/VIM/WNT5A/WWC1/XBP1/YBX1/YY1/ZBTB16/ZBTB7A/ZEB2,FALSE,FALSE,TRUE
6-node,network_protein_coding,GO_BP,GO:0010468,regulation of gene expression,237/311,259/359,3.0843669060854e-05,0.00203261621770346,0.00168619132216543,237,ACTA2/ACTC1/ADRB2/AHR/APEX1/AR/ARNT/ASCL1/ATF3/ATF4/AXL/BCL6/BHLHE40/BMI1/BMP7/BRCA1/CAV1/CD2AP/CDCA7/CDH3/CDX2/CEBPA/CEBPB/CEBPD/CITED2/COL1A1/CREB1/CREBBP/CTCF/CTNNB1/CYLD/DAB2/DACT1/DAPK1/DDIT3/DKK1/DKK3/DNAJB4/DNMT1/E2F1/E2F3/EDN1/EGR1/EGR2/EGR3/ELF4/ELK1/EP300/EPAS1/EPHA2/EPHB2/ERG/ESR1/ESR2/ETS1/ETS2/ETV1/ETV4/EZH2/F2R/F3/FGF7/FHL2/FLI1/FN1/FOS/FOSB/FOSL1/FOXA2/FOXD1/FOXM1/FOXO1/FOXO3/FST/FURIN/GATA1/GATA3/GATA4/GATA6/GBP1/GJA1/GLI1/GRHL1/HDAC1/HDAC2/HDAC3/HDAC4/HDAC9/HES1/HEY1/HIC1/HIF1A/HMGA1/HNF4A/HOXA10/HOXA9/HOXB4/HOXB7/HSF1/HSF2/ID1/ID4/IGFBP5/IL11/IL15/IL1R1/IL6/IRAK2/IRF1/IRF3/IRF9/JUN/JUND/KDM2A/KLF10/KLF2/KLF4/KLF5/KLF8/LEF1/LIF/LMO7/LOX/LPL/MAFB/MAPK7/MAX/MBD2/MECP2/MEF2A/MEF2C/MEN1/MET/MITF/MMP14/MTA1/MYB/MYBL1/MYBL2/MYC/MYCN/MYD88/MYH9/MYOD1/NANOG/NCOR1/NF1/NFKB1/NFKB2/NFYA/NGFR/NKX2-5/NOTCH1/NR1H2/NR1H3/NR1H4/NR4A1/PAX5/PAX6/PBX1/PEG3/PITX2/PLAU/POSTN/POU2F1/POU3F2/POU5F1/PPARA/PPARG/PROX1/PTGER4/PTHLH/RARA/RB1/RBM38/RBPJ/REL/RELA/REST/RUNX1/RUNX2/RXRA/SERPINE1/SHC1/SIRT1/SKIL/SMAD3/SMAD4/SMAD6/SMAD7/SNAI1/SNAI2/SOX1/SOX10/SOX2/SOX9/SP1/SPI1/SPP1/SQSTM1/SREBF1/SREBF2/SRF/STAT1/STAT3/STAT4/STAT5A/STAT6/SUZ12/TAL1/TBX21/TBX3/TCF4/TCF7L2/TERT/TFAP2A/TGFB2/TGFBR2/THBS1/TLR4/TP53/TP63/TP73/TWIST1/USF1/VDR/VEGFA/VHL/VIM/WNT5A/WWC1/XBP1/YBX1/YY1/ZBTB16/ZBTB7A/ZEB2,TRUE,FALSE,TRUE
exemplar_4node,network_protein_coding,GO_BP,GO:0010468,regulation of gene expression,5/6,259/359,0.466405115857231,0.602261651898214,0.559641097491656,5,COL1A1/ETS1/NFKB1/RELA/SP1,FALSE,FALSE,TRUE
exemplar_5node,network_protein_coding,GO_BP,GO:0010468,regulation of gene expression,4/5,259/359,0.572420881274566,0.657802987515099,0.608877584902844,4,COL1A1/NFKB1/RELA/SP1,FALSE,FALSE,TRUE
exemplar_6node,network_protein_coding,GO_BP,GO:0010468,regulation of gene expression,4/5,259/359,0.572420881274566,0.657802987515099,0.608877584902844,4,COL1A1/NFKB1/RELA/SP1,FALSE,FALSE,TRUE
3-Comp,network_protein_coding,GO_BP,GO:0019222,regulation of metabolic process,220/256,286/359,6.48122367526993e-06,0.000683343474017331,0.000527526417104792,220,ADAMTS5/ADM/ADRB2/AHR/AR/ARNT/ASS1/ATF3/ATF4/BCL2L1/BCL6/BHLHE40/BMI1/BRCA1/CAV1/CCND2/CD2AP/CDCA7/CDX2/CEBPA/CEBPB/CITED2/COL1A1/CREB1/CREBBP/CTCF/CTNNB1/CYFIP2/CYLD/DACT1/DAPK1/DKK1/DKK3/DNAJB4/DNMT1/E2F1/E2F3/EDN1/EGR1/EGR2/ELF4/ELK1/EP300/EPAS1/EPHA2/ERG/ESR1/ESR2/ETS1/ETS2/ETV1/ETV4/EZH2/F2R/F3/FAS/FBN1/FGF7/FHL2/FMN2/FN1/FOS/FOSB/FOSL1/FOXA2/FOXM1/FOXO1/FOXO3/FST/FURIN/GADD45G/GATA1/GATA3/GJA1/GLI1/GRHL1/HBEGF/HDAC1/HDAC2/HDAC3/HDAC4/HES1/HIC1/HIF1A/HMGA1/HNF1A/HNF4A/HOXA10/HOXA9/HSF1/HSF2/ID1/ID4/IER3/IGFBP5/IL11/IL15/IL6/IRF1/IRF3/ITGA5/JUN/KLF2/KLF4/KLF5/KLF8/LEF1/LOX/LPL/MAFB/MAX/MECP2/MEF2A/MEF2C/MEIS1/MEN1/MET/MITF/MMP14/MTA1/MYB/MYBL1/MYBL2/MYC/MYCN/MYD88/MYH9/MYOD1/NANOG/NCOR1/NFKB1/NFKB2/NGFR/NKX2-5/NOTCH1/NR1H2/NR1H3/NR1H4/NR4A1/NRP1/NTF3/OPTN/OXTR/PAX5/PAX6/PBX1/PDGFRB/PEG3/PLAGL1/PLAU/POU5F1/PPARA/PPARG/PROX1/PTGER4/PTHLH/RARA/RB1/RBM38/REL/RELA/REST/RUNX1/RUNX2/RXRA/SCARB1/SERPINE1/SHC1/SIRT1/SKIL/SMAD3/SMAD4/SMAD6/SMAD7/SNAI1/SNAI2/SOX10/SOX2/SOX9/SP1/SPI1/SPP1/SQSTM1/SREBF1/SREBF2/SRF/STAT1/STAT3/STAT4/STAT5A/STAT6/SUZ12/TAL1/TBX21/TBX3/TCF4/TCF7L2/TERT/TFAP2A/TGFB2/TGFBR2/THBS1/TLR4/TLX1/TP53/TP63/TP73/TWIST1/TYMS/UCP2/USF1/VDR/VEGFA/VHL/VIM/YBX1/YY1/ZBTB16/ZBTB7A/ZEB2,TRUE,FALSE,TRUE
3-TF,network_protein_coding,GO_BP,GO:0019222,regulation of metabolic process,220/256,286/359,6.48122367526993e-06,0.000683343474017331,0.000527526417104792,220,ADAMTS5/ADM/ADRB2/AHR/AR/ARNT/ASS1/ATF3/ATF4/BCL2L1/BCL6/BHLHE40/BMI1/BRCA1/CAV1/CCND2/CD2AP/CDCA7/CDX2/CEBPA/CEBPB/CITED2/COL1A1/CREB1/CREBBP/CTCF/CTNNB1/CYFIP2/CYLD/DACT1/DAPK1/DKK1/DKK3/DNAJB4/DNMT1/E2F1/E2F3/EDN1/EGR1/EGR2/ELF4/ELK1/EP300/EPAS1/EPHA2/ERG/ESR1/ESR2/ETS1/ETS2/ETV1/ETV4/EZH2/F2R/F3/FAS/FBN1/FGF7/FHL2/FMN2/FN1/FOS/FOSB/FOSL1/FOXA2/FOXM1/FOXO1/FOXO3/FST/FURIN/GADD45G/GATA1/GATA3/GJA1/GLI1/GRHL1/HBEGF/HDAC1/HDAC2/HDAC3/HDAC4/HES1/HIC1/HIF1A/HMGA1/HNF1A/HNF4A/HOXA10/HOXA9/HSF1/HSF2/ID1/ID4/IER3/IGFBP5/IL11/IL15/IL6/IRF1/IRF3/ITGA5/JUN/KLF2/KLF4/KLF5/KLF8/LEF1/LOX/LPL/MAFB/MAX/MECP2/MEF2A/MEF2C/MEIS1/MEN1/MET/MITF/MMP14/MTA1/MYB/MYBL1/MYBL2/MYC/MYCN/MYD88/MYH9/MYOD1/NANOG/NCOR1/NFKB1/NFKB2/NGFR/NKX2-5/NOTCH1/NR1H2/NR1H3/NR1H4/NR4A1/NRP1/NTF3/OPTN/OXTR/PAX5/PAX6/PBX1/PDGFRB/PEG3/PLAGL1/PLAU/POU5F1/PPARA/PPARG/PROX1/PTGER4/PTHLH/RARA/RB1/RBM38/REL/RELA/REST/RUNX1/RUNX2/RXRA/SCARB1/SERPINE1/SHC1/SIRT1/SKIL/SMAD3/SMAD4/SMAD6/SMAD7/SNAI1/SNAI2/SOX10/SOX2/SOX9/SP1/SPI1/SPP1/SQSTM1/SREBF1/SREBF2/SRF/STAT1/STAT3/STAT4/STAT5A/STAT6/SUZ12/TAL1/TBX21/TBX3/TCF4/TCF7L2/TERT/TFAP2A/TGFB2/TGFBR2/THBS1/TLR4/TLX1/TP53/TP63/TP73/TWIST1/TYMS/UCP2/USF1/VDR/VEGFA/VHL/VIM/YBX1/YY1/ZBTB16/ZBTB7A/ZEB2,TRUE,FALSE,TRUE
3-miR,network_protein_coding,GO_BP,GO:0019222,regulation of metabolic process,224/262,286/359,1.2985585535046e-05,0.000892913595838399,0.00070297906655888,224,ADAMTS5/ADM/ADRB2/AHR/APEX1/AR/ARNT/ASS1/ATF3/ATF4/AXL/BCL2L1/BCL6/BHLHE40/BMI1/BRCA1/CAV1/CCND2/CD2AP/CDCA7/CDX2/CEBPA/CEBPB/CITED2/COL1A1/CREB1/CREBBP/CTCF/CTNNB1/CYFIP2/CYLD/DACT1/DAPK1/DKK1/DKK3/DNAJB4/DNMT1/E2F1/E2F3/EDN1/EGR1/EGR2/ELF4/ELK1/EP300/EPAS1/EPHA2/ERG/ESR1/ESR2/ETS1/ETS2/ETV1/ETV4/EZH2/F2R/F3/FAS/FBN1/FGF7/FHL2/FMN2/FN1/FOS/FOSB/FOSL1/FOXA2/FOXM1/FOXO1/FOXO3/FST/FURIN/GADD45G/GATA1/GATA3/GJA1/GLI1/GRHL1/HBEGF/HDAC1/HDAC2/HDAC3/HDAC4/HES1/HIC1/HIF1A/HMGA1/HNF1A/HNF4A/HOXA10/HOXA9/HSF1/HSF2/ID1/ID4/IER3/IGFBP5/IL11/IL15/IL6/IRF1/IRF3/ITGA5/JUN/JUND/KLF2/KLF4/KLF5/KLF8/LEF1/LOX/LPL/MAFB/MAPK7/MAX/MECP2/MEF2A/MEF2C/MEIS1/MEN1/MET/MITF/MMP14/MTA1/MYB/MYBL1/MYBL2/MYC/MYCN/MYD88/MYH9/MYOD1/NANOG/NCOR1/NFKB1/NFKB2/NGFR/NKX2-5/NOTCH1/NR1H2/NR1H3/NR1H4/NR4A1/NRP1/NTF3/OPTN/OXTR/PAX5/PAX6/PBX1/PDGFRB/PEG3/PLAGL1/PLAU/POU5F1/PPARA/PPARG/PROX1/PTGER4/PTHLH/RARA/RB1/RBM38/REL/RELA/REST/RUNX1/RUNX2/RXRA/SCARB1/SERPINE1/SHC1/SIRT1/SKIL/SMAD3/SMAD4/SMAD6/SMAD7/SNAI1/SNAI2/SOX10/SOX2/SOX9/SP1/SPI1/SPP1/SQSTM1/SREBF1/SREBF2/SRF/STAT1/STAT3/STAT4/STAT5A/STAT6/SUZ12/TAL1/TBX21/TBX3/TCF4/TCF7L2/TERT/TFAP2A/TGFB2/TGFBR2/THBS1/TLR4/TLX1/TP53/TP63/TP73/TWIST1/TYMS/UCP2/USF1/VDR/VEGFA/VHL/VIM/YBX1/YY1/ZBTB16/ZBTB7A/ZEB2,TRUE,FALSE,TRUE
4-node,network_protein_coding,GO_BP,GO:0019222,regulation of metabolic process,280/348,286/359,0.0509240046639933,0.893612282811688,0.893612282811688,280,ACTA2/ACTC1/ADAMTS5/ADM/ADRB2/AHR/APEX1/AR/ARNT/ASCL1/ASS1/ATF3/ATF4/AXL/BCL2L1/BCL6/BHLHE40/BMI1/BMP7/BRCA1/CAV1/CCND2/CD2AP/CDCA7/CDH3/CDX1/CDX2/CEBPA/CEBPB/CEBPD/CHAC1/CITED2/COL1A1/CREB1/CREBBP/CTCF/CTNNB1/CUX1/CYFIP2/CYLD/DAB2/DACT1/DAPK1/DDIT3/DDR2/DKK1/DKK3/DNAJB4/DNMT1/E2F1/E2F3/EDN1/EGR1/EGR2/EGR3/ELF4/ELK1/EP300/EPAS1/EPHA2/EPHB2/ERG/ESR1/ESR2/ETS1/ETS2/ETV1/ETV4/EZH2/F2R/F3/FAS/FBN1/FGF7/FHL2/FLI1/FMN2/FN1/FOS/FOSB/FOSL1/FOXA2/FOXD1/FOXD3/FOXF2/FOXM1/FOXO1/FOXO3/FST/FURIN/GADD45G/GATA1/GATA3/GATA4/GATA6/GBP1/GJA1/GLI1/GRHL1/HBEGF/HDAC1/HDAC2/HDAC3/HDAC4/HDAC9/HES1/HEY1/HIC1/HIF1A/HMGA1/HNF4A/HOXA10/HOXA9/HOXB4/HOXB7/HSF1/HSF2/ID1/ID4/IER3/IGFBP4/IGFBP5/IL11/IL15/IL1R1/IL6/ILF3/INSM1/IRAK2/IRF1/IRF3/IRF9/ITGA5/ITGB1/JUN/JUND/KDM2A/KLF10/KLF2/KLF4/KLF5/KLF8/LAPTM4B/LEF1/LIF/LMO7/LOX/LPL/MAFB/MAPK7/MAX/MBD2/ME1/MECP2/MEF2A/MEF2C/MEN1/MET/MITF/MMP14/MSC/MTA1/MYB/MYBL1/MYBL2/MYC/MYCN/MYD88/MYH9/MYOD1/NANOG/NCOR1/NF1/NFKB1/NFKB2/NFYA/NGF/NGFR/NKX2-5/NOTCH1/NR1H2/NR1H3/NR1H4/NR4A1/NRP1/NTF3/OPTN/OXTR/PAX5/PAX6/PBX1/PDGFRB/PEG3/PERP/PITX2/PLAGL1/PLAU/POSTN/POU2F1/POU3F2/POU5F1/PPARA/PPARG/PROX1/PTGER4/PTHLH/RARA/RB1/RBM38/RBPJ/REL/RELA/REST/RUNX1/RUNX2/RXRA/S100A10/SCARB1/SERPINE1/SHC1/SIRT1/SIX1/SKIL/SMAD3/SMAD4/SMAD6/SMAD7/SNAI1/SNAI2/SOX1/SOX10/SOX2/SOX3/SOX9/SP1/SPI1/SPP1/SQSTM1/SREBF1/SREBF2/SRF/STAT1/STAT3/STAT4/STAT5A/STAT6/SUZ12/TAL1/TBX21/TBX3/TCF4/TCF7L2/TERT/TFAP2A/TGFB2/TGFBR2/THBS1/TLR3/TLR4/TLX1/TP53/TP63/TP73/TWIST1/TYMS/UBB/UCP2/USF1/VDR/VEGFA/VHL/VIM/WNT5A/WWC1/XBP1/YBX1/YY1/ZBTB16/ZBTB7A/ZEB2,FALSE,FALSE,TRUE
5-node,network_protein_coding,GO_BP,GO:0019222,regulation of metabolic process,273/336,286/359,0.00792089588150368,0.344429274955036,0.33393420009491,273,ACTA2/ACTC1/ADAMTS5/ADM/ADRB2/AHR/APEX1/AR/ARNT/ASCL1/ASS1/ATF3/ATF4/AXL/BAG3/BCL2L1/BCL6/BHLHE40/BMI1/BMP7/BRCA1/CAV1/CCND2/CD2AP/CDCA7/CDH3/CDX2/CEBPA/CEBPB/CEBPD/CHAC1/CITED2/COL1A1/CREB1/CREBBP/CTCF/CTNNB1/CUX1/CYFIP2/CYLD/DAB2/DACT1/DAPK1/DDIT3/DKK1/DKK3/DNAJB4/DNMT1/E2F1/E2F3/EDN1/EGR1/EGR2/EGR3/ELF4/ELK1/EP300/EPAS1/EPHA2/EPHB2/ERG/ESR1/ESR2/ETS1/ETS2/ETV1/ETV4/EZH2/F2R/F3/FAS/FBN1/FGF7/FHL2/FLI1/FMN2/FN1/FOS/FOSB/FOSL1/FOXA2/FOXD3/FOXM1/FOXO1/FOXO3/FST/FURIN/GADD45G/GATA1/GATA3/GATA4/GATA6/GBP1/GJA1/GLI1/GRHL1/HBEGF/HDAC1/HDAC2/HDAC3/HDAC4/HDAC9/HES1/HEY1/HIC1/HIF1A/HMGA1/HNF4A/HOXA10/HOXA9/HOXB4/HOXB7/HSF1/HSF2/ID1/ID4/IER3/IGFBP5/IL11/IL15/IL1R1/IL6/ILF3/INSM1/IRAK2/IRF1/IRF3/IRF9/ITGA5/ITGB1/JUN/JUND/KDM2A/KLF10/KLF2/KLF4/KLF5/KLF8/LAPTM4B/LEF1/LIF/LMO7/LOX/LPL/MAFB/MAPK7/MAX/MBD2/ME1/MECP2/MEF2A/MEF2C/MEIS1/MEN1/MET/MITF/MMP14/MSC/MTA1/MYB/MYBL1/MYBL2/MYC/MYCN/MYD88/MYH9/MYOD1/NANOG/NCOR1/NF1/NFKB1/NFKB2/NFYA/NGF/NGFR/NKX2-5/NOTCH1/NR1H3/NR1H4/NR4A1/NRP1/NTF3/OPTN/OXTR/PAX5/PAX6/PBX1/PDGFRB/PEG3/PITX2/PLAGL1/PLAU/POSTN/POU2F1/POU3F2/POU5F1/PPARA/PPARG/PROX1/PTGER4/PTHLH/RARA/RB1/RBM38/RBPJ/REL/RELA/REST/RUNX1/RUNX2/RXRA/S100A10/SCARB1/SERPINE1/SHC1/SIRT1/SKIL/SMAD3/SMAD4/SMAD6/SMAD7/SNAI1/SNAI2/SOX1/SOX10/SOX2/SOX9/SP1/SPI1/SPP1/SQSTM1/SREBF1/SREBF2/SRF/STAT1/STAT3/STAT4/STAT5A/STAT6/SUZ12/TAL1/TBX21/TBX3/TCF4/TCF7L2/TERT/TFAP2A/TGFB2/TGFBR2/THBS1/TLR3/TLR4/TLX1/TP53/TP63/TP73/TWIST1/TYMS/UBB/UCP2/USF1/VDR/VEGFA/VHL/VIM/WNT5A/WWC1/XBP1/YBX1/YY1/ZBTB16/ZBTB7A/ZEB2,FALSE,FALSE,TRUE
6-node,network_protein_coding,GO_BP,GO:0019222,regulation of metabolic process,257/311,286/359,0.000759034923678015,0.0130481717832268,0.0108243326208719,257,ACTA2/ACTC1/ADAMTS5/ADM/ADRB2/AHR/APEX1/AR/ARNT/ASCL1/ATF3/ATF4/AXL/BCL2L1/BCL6/BHLHE40/BMI1/BMP7/BRCA1/CAV1/CCND2/CD2AP/CDCA7/CDH3/CDX2/CEBPA/CEBPB/CEBPD/CITED2/COL1A1/CREB1/CREBBP/CTCF/CTNNB1/CYLD/DAB2/DACT1/DAPK1/DDIT3/DKK1/DKK3/DNAJB4/DNMT1/E2F1/E2F3/EDN1/EGR1/EGR2/EGR3/ELF4/ELK1/EP300/EPAS1/EPHA2/EPHB2/ERG/ESR1/ESR2/ETS1/ETS2/ETV1/ETV4/EZH2/F2R/F3/FAS/FBN1/FGF7/FHL2/FLI1/FMN2/FN1/FOS/FOSB/FOSL1/FOXA2/FOXD1/FOXM1/FOXO1/FOXO3/FST/FURIN/GADD45G/GATA1/GATA3/GATA4/GATA6/GBP1/GJA1/GLI1/GRHL1/HBEGF/HDAC1/HDAC2/HDAC3/HDAC4/HDAC9/HES1/HEY1/HIC1/HIF1A/HMGA1/HNF4A/HOXA10/HOXA9/HOXB4/HOXB7/HSF1/HSF2/ID1/ID4/IER3/IGFBP5/IL11/IL15/IL1R1/IL6/IRAK2/IRF1/IRF3/IRF9/ITGA5/ITGB1/JUN/JUND/KDM2A/KLF10/KLF2/KLF4/KLF5/KLF8/LEF1/LIF/LMO7/LOX/LPL/MAFB/MAPK7/MAX/MBD2/ME1/MECP2/MEF2A/MEF2C/MEN1/MET/MITF/MMP14/MTA1/MYB/MYBL1/MYBL2/MYC/MYCN/MYD88/MYH9/MYOD1/NANOG/NCOR1/NF1/NFKB1/NFKB2/NFYA/NGFR/NKX2-5/NOTCH1/NR1H2/NR1H3/NR1H4/NR4A1/NRP1/NTF3/OXTR/PAX5/PAX6/PBX1/PDGFRB/PEG3/PERP/PITX2/PLAU/POSTN/POU2F1/POU3F2/POU5F1/PPARA/PPARG/PROX1/PTGER4/PTHLH/RARA/RB1/RBM38/RBPJ/REL/RELA/REST/RUNX1/RUNX2/RXRA/SCARB1/SERPINE1/SHC1/SIRT1/SKIL/SMAD3/SMAD4/SMAD6/SMAD7/SNAI1/SNAI2/SOX1/SOX10/SOX2/SOX9/SP1/SPI1/SPP1/SQSTM1/SREBF1/SREBF2/SRF/STAT1/STAT3/STAT4/STAT5A/STAT6/SUZ12/TAL1/TBX21/TBX3/TCF4/TCF7L2/TERT/TFAP2A/TGFB2/TGFBR2/THBS1/TLR4/TP53/TP63/TP73/TWIST1/UCP2/USF1/VDR/VEGFA/VHL/VIM/WNT5A/WWC1/XBP1/YBX1/YY1/ZBTB16/ZBTB7A/ZEB2,TRUE,FALSE,TRUE
exemplar_4node,network_protein_coding,GO_BP,GO:0019222,regulation of metabolic process,5/6,286/359,0.6470924951985,0.727153177350531,0.675694361303569,5,COL1A1/ETS1/NFKB1/RELA/SP1,FALSE,FALSE,TRUE
exemplar_5node,network_protein_coding,GO_BP,GO:0019222,regulation of metabolic process,4/5,286/359,0.730963862906884,0.775885495059614,0.718177471612959,4,COL1A1/NFKB1/RELA/SP1,FALSE,FALSE,TRUE
exemplar_6node,network_protein_coding,GO_BP,GO:0019222,regulation of metabolic process,4/5,286/359,0.730963862906884,0.775885495059614,0.718177471612959,4,COL1A1/NFKB1/RELA/SP1,FALSE,FALSE,TRUE
3-Comp,TCGA_tested_plus_network,GO_BP,GO:0031047,regulatory ncRNA-mediated gene silencing,7/256,112/15196,0.00286558077840538,0.00743488562749841,0.00332958860746455,7,EZH2/IL6/MECP2/SMAD3/STAT3/TERT/TP53,TRUE,FALSE,TRUE
3-TF,TCGA_tested_plus_network,GO_BP,GO:0031047,regulatory ncRNA-mediated gene silencing,7/256,112/15196,0.00286558077840538,0.00743488562749841,0.00332958860746455,7,EZH2/IL6/MECP2/SMAD3/STAT3/TERT/TP53,TRUE,FALSE,TRUE
3-miR,TCGA_tested_plus_network,GO_BP,GO:0031047,regulatory ncRNA-mediated gene silencing,7/262,112/15196,0.00325749780171854,0.00836707840406993,0.00374174038642912,7,EZH2/IL6/MECP2/SMAD3/STAT3/TERT/TP53,TRUE,FALSE,TRUE
4-node,TCGA_tested_plus_network,GO_BP,GO:0031047,regulatory ncRNA-mediated gene silencing,7/348,112/15196,0.0145204714629321,0.0309888915759619,0.0140335711848256,7,EZH2/IL6/MECP2/SMAD3/STAT3/TERT/TP53,TRUE,FALSE,TRUE
5-node,TCGA_tested_plus_network,GO_BP,GO:0031047,regulatory ncRNA-mediated gene silencing,7/336,112/15196,0.0121705430278241,0.026266591709958,0.011877447798566,7,EZH2/IL6/MECP2/SMAD3/STAT3/TERT/TP53,TRUE,FALSE,TRUE
6-node,TCGA_tested_plus_network,GO_BP,GO:0031047,regulatory ncRNA-mediated gene silencing,7/311,112/15196,0.00817802026377485,0.0181646031933193,0.0079683167783966,7,EZH2/IL6/MECP2/SMAD3/STAT3/TERT/TP53,TRUE,FALSE,TRUE
3-Comp,network_protein_coding,GO_BP,GO:0097435,supramolecular fiber organization,26/256,38/359,0.731983979697601,0.816835291099951,0.630579219474302,26,BACE1/CD2AP/COL1A1/CXCL12/CYFIP2/EDN1/FMN2/FURIN/LOX/MECP2/MEF2A/MET/NKX2-5/NRP1/PDGFRB/PROX1/PTGER4/RB1/RGS4/SMAD3/SMAD4/SRF/TGFB2/VHL/VIM/ZEB2,FALSE,FALSE,TRUE
3-TF,network_protein_coding,GO_BP,GO:0097435,supramolecular fiber organization,26/256,38/359,0.731983979697601,0.816835291099951,0.630579219474302,26,BACE1/CD2AP/COL1A1/CXCL12/CYFIP2/EDN1/FMN2/FURIN/LOX/MECP2/MEF2A/MET/NKX2-5/NRP1/PDGFRB/PROX1/PTGER4/RB1/RGS4/SMAD3/SMAD4/SRF/TGFB2/VHL/VIM/ZEB2,FALSE,FALSE,TRUE
3-miR,network_protein_coding,GO_BP,GO:0097435,supramolecular fiber organization,26/262,38/359,0.807477390038473,0.87804839803819,0.691275892900747,26,BACE1/CD2AP/COL1A1/CXCL12/CYFIP2/EDN1/FMN2/FURIN/LOX/MECP2/MEF2A/MET/NKX2-5/NRP1/PDGFRB/PROX1/PTGER4/RB1/RGS4/SMAD3/SMAD4/SRF/TGFB2/VHL/VIM/ZEB2,FALSE,FALSE,TRUE
4-node,network_protein_coding,GO_BP,GO:0097435,supramolecular fiber organization,37/348,38/359,0.67211031294176,0.893612282811688,0.893612282811688,37,ACTC1/BACE1/CD2AP/COL1A1/COL3A1/CXCL12/CYFIP2/DDR2/EDN1/EXT1/FMN2/FURIN/ITGB1/LOX/MAP2/MECP2/MEF2A/MET/MYH11/MYL9/NF1/NKX2-5/NRP1/PDGFRB/PROX1/PTGER4/RB1/RGS4/S100A10/SDC4/SMAD3/SMAD4/SRF/TGFB2/VHL/VIM/ZEB2,FALSE,FALSE,TRUE
5-node,network_protein_coding,GO_BP,GO:0097435,supramolecular fiber organization,36/336,38/359,0.551480672883907,0.778203863782326,0.754491280675385,36,ACTC1/BACE1/CD2AP/COL1A1/COL3A1/CXCL12/CYFIP2/EDN1/EXT1/FMN2/FURIN/ITGB1/LOX/MAP2/MECP2/MEF2A/MET/MYH11/MYL9/NF1/NKX2-5/NRP1/PDGFRB/PROX1/PTGER4/RB1/RGS4/S100A10/SDC4/SMAD3/SMAD4/SRF/TGFB2/VHL/VIM/ZEB2,FALSE,FALSE,TRUE
6-node,network_protein_coding,GO_BP,GO:0097435,supramolecular fiber organization,32/311,38/359,0.770174016076016,0.807061886221892,0.66951190153121,32,ACTC1/BACE1/CD2AP/COL1A1/COL3A1/CXCL12/EDN1/EXT1/FMN2/FURIN/ITGB1/LOX/MAP2/MECP2/MEF2A/MET/NF1/NKX2-5/NRP1/PDGFRB/PROX1/PTGER4/RB1/RGS4/SDC4/SMAD3/SMAD4/SRF/TGFB2/VHL/VIM/ZEB2,FALSE,FALSE,TRUE
exemplar_4node,network_protein_coding,GO_BP,GO:0097435,supramolecular fiber organization,2/6,38/359,0.124605786972301,0.519295460668495,0.482546216606978,2,COL1A1/COL3A1,FALSE,TRUE,TRUE
exemplar_5node,network_protein_coding,GO_BP,GO:0097435,supramolecular fiber organization,2/5,38/359,0.0889195434810184,0.49631622738895,0.459401723032974,2,COL1A1/COL3A1,FALSE,TRUE,TRUE
exemplar_6node,network_protein_coding,GO_BP,GO:0097435,supramolecular fiber organization,2/5,38/359,0.0889195434810184,0.49631622738895,0.459401723032974,2,COL1A1/COL3A1,FALSE,TRUE,TRUE
3-Comp,network_protein_coding,GO_MF,GO:0140110,transcription regulator activity,145/256,180/361,4.21504489592316e-05,0.000553401165837127,0.00036766082631112,145,AHR/AR/ARNT/ATF3/ATF4/BCL6/BHLHE40/BRCA1/CDX2/CEBPA/CEBPB/CITED2/CREB1/CREBBP/CTCF/CTNNB1/E2F1/E2F3/EGR1/EGR2/ELF4/ELK1/EP300/EPAS1/ERG/ESR1/ESR2/ETS1/ETS2/ETV1/ETV4/EZH2/FHL2/FOS/FOSB/FOSL1/FOXA2/FOXM1/FOXO1/FOXO3/GATA1/GATA3/GLI1/GRHL1/HDAC1/HDAC3/HES1/HIC1/HIF1A/HMGA1/HNF1A/HNF4A/HOXA10/HOXA9/HSF1/HSF2/ID1/ID4/IRF1/IRF3/JUN/KLF2/KLF4/KLF5/KLF8/LEF1/MAFB/MAX/MECP2/MEF2A/MEF2C/MEIS1/MITF/MTA1/MYB/MYBL1/MYBL2/MYC/MYCN/MYOD1/NANOG/NCOR1/NFKB1/NFKB2/NKX2-5/NOTCH1/NR1H2/NR1H3/NR1H4/NR4A1/PAX5/PAX6/PBX1/PEG3/PLAGL1/POU5F1/PPARA/PPARG/PROX1/RARA/RB1/REL/RELA/REST/RUNX1/RUNX2/RXRA/SIRT1/SKIL/SMAD3/SMAD4/SMAD7/SNAI1/SNAI2/SOX10/SOX2/SOX9/SP1/SPI1/SREBF1/SREBF2/SRF/STAT1/STAT3/STAT4/STAT5A/STAT6/TAL1/TBX21/TBX3/TCF4/TCF7L2/TFAP2A/TLX1/TP53/TP63/TP73/TWIST1/USF1/VDR/VHL/YY1/ZBTB16/ZBTB7A/ZEB2,TRUE,FALSE,TRUE
3-TF,network_protein_coding,GO_MF,GO:0140110,transcription regulator activity,145/256,180/361,4.21504489592316e-05,0.000553401165837127,0.00036766082631112,145,AHR/AR/ARNT/ATF3/ATF4/BCL6/BHLHE40/BRCA1/CDX2/CEBPA/CEBPB/CITED2/CREB1/CREBBP/CTCF/CTNNB1/E2F1/E2F3/EGR1/EGR2/ELF4/ELK1/EP300/EPAS1/ERG/ESR1/ESR2/ETS1/ETS2/ETV1/ETV4/EZH2/FHL2/FOS/FOSB/FOSL1/FOXA2/FOXM1/FOXO1/FOXO3/GATA1/GATA3/GLI1/GRHL1/HDAC1/HDAC3/HES1/HIC1/HIF1A/HMGA1/HNF1A/HNF4A/HOXA10/HOXA9/HSF1/HSF2/ID1/ID4/IRF1/IRF3/JUN/KLF2/KLF4/KLF5/KLF8/LEF1/MAFB/MAX/MECP2/MEF2A/MEF2C/MEIS1/MITF/MTA1/MYB/MYBL1/MYBL2/MYC/MYCN/MYOD1/NANOG/NCOR1/NFKB1/NFKB2/NKX2-5/NOTCH1/NR1H2/NR1H3/NR1H4/NR4A1/PAX5/PAX6/PBX1/PEG3/PLAGL1/POU5F1/PPARA/PPARG/PROX1/RARA/RB1/REL/RELA/REST/RUNX1/RUNX2/RXRA/SIRT1/SKIL/SMAD3/SMAD4/SMAD7/SNAI1/SNAI2/SOX10/SOX2/SOX9/SP1/SPI1/SREBF1/SREBF2/SRF/STAT1/STAT3/STAT4/STAT5A/STAT6/TAL1/TBX21/TBX3/TCF4/TCF7L2/TFAP2A/TLX1/TP53/TP63/TP73/TWIST1/USF1/VDR/VHL/YY1/ZBTB16/ZBTB7A/ZEB2,TRUE,FALSE,TRUE
3-miR,network_protein_coding,GO_MF,GO:0140110,transcription regulator activity,147/262,180/361,8.25780107562828e-05,0.00140720181067838,0.00094703831952471,147,AHR/APEX1/AR/ARNT/ATF3/ATF4/BCL6/BHLHE40/BRCA1/CDX2/CEBPA/CEBPB/CITED2/CREB1/CREBBP/CTCF/CTNNB1/E2F1/E2F3/EGR1/EGR2/ELF4/ELK1/EP300/EPAS1/ERG/ESR1/ESR2/ETS1/ETS2/ETV1/ETV4/EZH2/FHL2/FOS/FOSB/FOSL1/FOXA2/FOXM1/FOXO1/FOXO3/GATA1/GATA3/GLI1/GRHL1/HDAC1/HDAC3/HES1/HIC1/HIF1A/HMGA1/HNF1A/HNF4A/HOXA10/HOXA9/HSF1/HSF2/ID1/ID4/IRF1/IRF3/JUN/JUND/KLF2/KLF4/KLF5/KLF8/LEF1/MAFB/MAX/MECP2/MEF2A/MEF2C/MEIS1/MITF/MTA1/MYB/MYBL1/MYBL2/MYC/MYCN/MYOD1/NANOG/NCOR1/NFKB1/NFKB2/NKX2-5/NOTCH1/NR1H2/NR1H3/NR1H4/NR4A1/PAX5/PAX6/PBX1/PEG3/PLAGL1/POU5F1/PPARA/PPARG/PROX1/RARA/RB1/REL/RELA/REST/RUNX1/RUNX2/RXRA/SIRT1/SKIL/SMAD3/SMAD4/SMAD7/SNAI1/SNAI2/SOX10/SOX2/SOX9/SP1/SPI1/SREBF1/SREBF2/SRF/STAT1/STAT3/STAT4/STAT5A/STAT6/TAL1/TBX21/TBX3/TCF4/TCF7L2/TFAP2A/TLX1/TP53/TP63/TP73/TWIST1/USF1/VDR/VHL/YY1/ZBTB16/ZBTB7A/ZEB2,TRUE,FALSE,TRUE
4-node,network_protein_coding,GO_MF,GO:0140110,transcription regulator activity,176/349,180/361,0.192453393391177,0.857074814229249,0.857074814229249,176,AHR/APEX1/AR/ARNT/ASCL1/ATF3/ATF4/BCL6/BHLHE40/BRCA1/CDX1/CDX2/CEBPA/CEBPB/CEBPD/CITED2/CREB1/CREBBP/CTCF/CTNNB1/CUX1/DDIT3/E2F1/E2F3/EGR1/EGR2/EGR3/ELF4/ELK1/EP300/EPAS1/ERG/ESR1/ESR2/ETS1/ETS2/ETV1/ETV4/EZH2/FHL2/FLI1/FOS/FOSB/FOSL1/FOXA2/FOXD1/FOXD3/FOXF2/FOXM1/FOXO1/FOXO3/GATA1/GATA3/GATA4/GATA6/GLI1/GRHL1/HDAC1/HDAC3/HDAC9/HES1/HEY1/HIC1/HIF1A/HMGA1/HNF4A/HOXA10/HOXA9/HOXB4/HOXB7/HSF1/HSF2/ID1/ID4/INSM1/IRF1/IRF3/IRF9/JUN/JUND/KDM2A/KLF10/KLF2/KLF4/KLF5/KLF8/LEF1/MAFB/MAX/MECP2/MEF2A/MEF2C/MITF/MSC/MTA1/MYB/MYBL1/MYBL2/MYC/MYCN/MYOD1/NANOG/NCOR1/NFKB1/NFKB2/NFYA/NKX2-5/NOTCH1/NR1H2/NR1H3/NR1H4/NR4A1/PAX5/PAX6/PBX1/PEG3/PITX2/PLAGL1/POU2F1/POU3F2/POU5F1/PPARA/PPARG/PROX1/RARA/RB1/RBPJ/REL/RELA/REST/RUNX1/RUNX2/RXRA/SIRT1/SIX1/SKIL/SMAD3/SMAD4/SMAD7/SNAI1/SNAI2/SOX1/SOX10/SOX2/SOX3/SOX9/SP1/SPI1/SREBF1/SREBF2/SRF/STAT1/STAT3/STAT4/STAT5A/STAT6/TAL1/TBX21/TBX3/TCF4/TCF7L2/TFAP2A/TLX1/TP53/TP63/TP73/TWIST1/USF1/VDR/VHL/WWC1/XBP1/YY1/ZBTB16/ZBTB7A/ZEB2,FALSE,FALSE,TRUE
5-node,network_protein_coding,GO_MF,GO:0140110,transcription regulator activity,171/337,180/361,0.148615208146241,0.723560194446321,0.692969642653509,171,AHR/APEX1/AR/ARNT/ASCL1/ATF3/ATF4/BCL6/BHLHE40/BRCA1/CDX2/CEBPA/CEBPB/CEBPD/CITED2/CREB1/CREBBP/CTCF/CTNNB1/CUX1/DDIT3/E2F1/E2F3/EGR1/EGR2/EGR3/ELF4/ELK1/EP300/EPAS1/ERG/ESR1/ESR2/ETS1/ETS2/ETV1/ETV4/EZH2/FHL2/FLI1/FOS/FOSB/FOSL1/FOXA2/FOXD3/FOXM1/FOXO1/FOXO3/GATA1/GATA3/GATA4/GATA6/GLI1/GRHL1/HDAC1/HDAC3/HDAC9/HES1/HEY1/HIC1/HIF1A/HMGA1/HNF4A/HOXA10/HOXA9/HOXB4/HOXB7/HSF1/HSF2/ID1/ID4/INSM1/IRF1/IRF3/IRF9/JUN/JUND/KDM2A/KLF10/KLF2/KLF4/KLF5/KLF8/LEF1/MAFB/MAX/MECP2/MEF2A/MEF2C/MEIS1/MITF/MSC/MTA1/MYB/MYBL1/MYBL2/MYC/MYCN/MYOD1/NANOG/NCOR1/NFKB1/NFKB2/NFYA/NKX2-5/NOTCH1/NR1H3/NR1H4/NR4A1/PAX5/PAX6/PBX1/PEG3/PITX2/PLAGL1/POU2F1/POU3F2/POU5F1/PPARA/PPARG/PROX1/RARA/RB1/RBPJ/REL/RELA/REST/RUNX1/RUNX2/RXRA/SIRT1/SKIL/SMAD3/SMAD4/SMAD7/SNAI1/SNAI2/SOX1/SOX10/SOX2/SOX9/SP1/SPI1/SREBF1/SREBF2/SRF/STAT1/STAT3/STAT4/STAT5A/STAT6/TAL1/TBX21/TBX3/TCF4/TCF7L2/TFAP2A/TLX1/TP53/TP63/TP73/TWIST1/USF1/VDR/VHL/WWC1/XBP1/YY1/ZBTB16/ZBTB7A/ZEB2,FALSE,FALSE,TRUE
6-node,network_protein_coding,GO_MF,GO:0140110,transcription regulator activity,166/311,180/361,0.000645487059758399,0.0106492942834993,0.0086370462696198,166,AHR/APEX1/AR/ARNT/ASCL1/ATF3/ATF4/BCL6/BHLHE40/BRCA1/CDX2/CEBPA/CEBPB/CEBPD/CITED2/CREB1/CREBBP/CTCF/CTNNB1/DDIT3/E2F1/E2F3/EGR1/EGR2/EGR3/ELF4/ELK1/EP300/EPAS1/ERG/ESR1/ESR2/ETS1/ETS2/ETV1/ETV4/EZH2/FHL2/FLI1/FOS/FOSB/FOSL1/FOXA2/FOXD1/FOXM1/FOXO1/FOXO3/GATA1/GATA3/GATA4/GATA6/GLI1/GRHL1/HDAC1/HDAC3/HDAC9/HES1/HEY1/HIC1/HIF1A/HMGA1/HNF4A/HOXA10/HOXA9/HOXB4/HOXB7/HSF1/HSF2/ID1/ID4/IRF1/IRF3/IRF9/JUN/JUND/KDM2A/KLF10/KLF2/KLF4/KLF5/KLF8/LEF1/MAFB/MAX/MECP2/MEF2A/MEF2C/MITF/MTA1/MYB/MYBL1/MYBL2/MYC/MYCN/MYOD1/NANOG/NCOR1/NFKB1/NFKB2/NFYA/NKX2-5/NOTCH1/NR1H2/NR1H3/NR1H4/NR4A1/PAX5/PAX6/PBX1/PEG3/PITX2/POU2F1/POU3F2/POU5F1/PPARA/PPARG/PROX1/RARA/RB1/RBPJ/REL/RELA/REST/RUNX1/RUNX2/RXRA/SIRT1/SKIL/SMAD3/SMAD4/SMAD7/SNAI1/SNAI2/SOX1/SOX10/SOX2/SOX9/SP1/SPI1/SREBF1/SREBF2/SRF/STAT1/STAT3/STAT4/STAT5A/STAT6/TAL1/TBX21/TBX3/TCF4/TCF7L2/TFAP2A/TP53/TP63/TP73/TWIST1/USF1/VDR/VHL/WWC1/XBP1/YY1/ZBTB16/ZBTB7A/ZEB2,TRUE,FALSE,TRUE
exemplar_4node,network_protein_coding,GO_MF,GO:0140110,transcription regulator activity,4/6,180/361,0.339829140708823,0.439887220413583,0.416735261444447,4,ETS1/NFKB1/RELA/SP1,FALSE,FALSE,TRUE
exemplar_5node,network_protein_coding,GO_MF,GO:0140110,transcription regulator activity,3/5,180/361,0.497388518598513,0.564344665332929,0.513498268188749,3,NFKB1/RELA/SP1,FALSE,FALSE,TRUE
exemplar_6node,network_protein_coding,GO_MF,GO:0140110,transcription regulator activity,3/5,180/361,0.497388518598513,0.564344665332929,0.513498268188749,3,NFKB1/RELA/SP1,FALSE,FALSE,TRUE
