source,sink,members,types
ARNT,ABCA1,ABCA1;ARNT;EP300;STAT3;hsa-miR-106b;hsa-miR-17,Gene;TF;TF;TF;miRNA;miRNA
RELA,ABCA1,ABCA1;EGR1;MYC;RELA;hsa-miR-106b;hsa-miR-20b,Gene;TF;TF;TF;miRNA;miRNA
LEF1,ABCA1,ABCA1;ESR1;LEF1;SMAD3;hsa-miR-106a;hsa-miR-26a,Gene;TF;TF;TF;miRNA;miRNA
EP300,ABCA1,ABCA1;EP300;ETS1;RUNX1;STAT3;hsa-miR-106a,Gene;TF;TF;TF;TF;miRNA
hsa-miR-29b,ABCA1,ABCA1;MITF;STAT3;hsa-miR-106a;hsa-miR-183;hsa-miR-29b,Gene;TF;TF;miRNA;miRNA;miRNA
hsa-miR-29b,ABCA1,ABCA1;MITF;SPI1;STAT3;hsa-miR-106a;hsa-miR-29b,Gene;TF;TF;TF;miRNA;miRNA
SP1,ABCA1,ABCA1;SP1;STAT3;hsa-miR-106a;hsa-miR-200b;hsa-miR-200c,Gene;TF;TF;miRNA;miRNA;miRNA
SP1,SREBF1,ABCA1;SP1;SREBF1;STAT3;hsa-miR-106a;hsa-miR-200b,Gene;TF;TF;TF;miRNA;miRNA
MYC,ABCA1,ABCA1;MYC;hsa-miR-106a;hsa-miR-148a;hsa-miR-26b;hsa-miR-9,Gene;TF;miRNA;miRNA;miRNA;miRNA
EP300,ABCA1,ABCA1;EP300;GATA4;RUNX1;hsa-miR-106a;hsa-miR-144,Gene;TF;TF;TF;miRNA;miRNA
SP1,ABCA1,ABCA1;AR;KLF5;SP1;hsa-miR-373;hsa-miR-429,Gene;TF;TF;TF;miRNA;miRNA
SP1,ABCA1,ABCA1;HNF4A;RARA;SP1;hsa-miR-200c;hsa-miR-373,Gene;TF;TF;TF;miRNA;miRNA
SP1,ABCA1,ABCA1;HNF4A;RARA;SP1;hsa-miR-373;hsa-miR-376c,Gene;TF;TF;TF;miRNA;miRNA
hsa-miR-128,ABCA1,ABCA1;HIF1A;TWIST1;hsa-miR-101;hsa-miR-128;hsa-miR-429,Gene;TF;TF;miRNA;miRNA;miRNA
hsa-miR-128,ABCA1,ABCA1;HIF1A;JUN;SP1;hsa-miR-128;hsa-miR-429,Gene;TF;TF;TF;miRNA;miRNA
CEBPB,SCARB1,ABCA1;CEBPB;JUN;SCARB1;STAT3;hsa-miR-223,Gene;TF;TF;Gene;TF;miRNA
KLF5,ABCA1,ABCA1;HIF1A;KLF5;hsa-miR-101;hsa-miR-1271;hsa-miR-200b,Gene;TF;TF;miRNA;miRNA;miRNA
HIF1A,ABCA1,ABCA1;HIF1A;SP1;USF1;hsa-miR-1271;hsa-miR-23b,Gene;TF;TF;TF;miRNA;miRNA
hsa-miR-93,EPAS1,ABCA1;EPAS1;IRF1;SREBF1;hsa-miR-29b;hsa-miR-93,Gene;TF;TF;TF;miRNA;miRNA
hsa-miR-93,ABCA1,ABCA1;AHR;BRCA1;STAT3;hsa-miR-124;hsa-miR-93,Gene;TF;TF;TF;miRNA;miRNA
SP1,ABCA1,ABCA1;ATF4;HDAC4;SP1;hsa-miR-23a;hsa-miR-93,Gene;TF;TF;TF;miRNA;miRNA
CTNNB1,ABCA1,ABCA1;CTNNB1;HDAC1;MYCN;hsa-miR-199a;hsa-miR-93,Gene;TF;TF;TF;miRNA;miRNA
SP1,ABCA1,ABCA1;SP1;STAT3;TWIST1;hsa-miR-200b;hsa-miR-92a,Gene;TF;TF;TF;miRNA;miRNA
STAT3,ABCA1,ABCA1;STAT3;TWIST1;hsa-miR-200b;hsa-miR-27a;hsa-miR-27b,Gene;TF;TF;miRNA;miRNA;miRNA
USF1,ABCA1,ABCA1;RELA;STAT3;USF1;hsa-miR-200b;hsa-miR-27a,Gene;TF;TF;TF;miRNA;miRNA
EZH2,ABCA1,ABCA1;EZH2;HDAC2;STAT3;hsa-miR-101;hsa-miR-130a,Gene;TF;TF;TF;miRNA;miRNA
hsa-miR-26b,ABCA1,ABCA1;PPP2R2B;RELA;hsa-miR-23a;hsa-miR-26b;hsa-miR-27b,Gene;Gene;TF;miRNA;miRNA;miRNA
MYC,ABCA1,ABCA1;MYC;POU5F1;hsa-miR-142;hsa-miR-23b;hsa-miR-26b,Gene;TF;TF;miRNA;miRNA;miRNA
EGR1,ABCA1,ABCA1;EGR1;MYC;TCF4;hsa-miR-26b;hsa-miR-96,Gene;TF;TF;TF;miRNA;miRNA
RUNX2,ABCA1,ABCA1;RUNX2;SMAD3;SP1;hsa-miR-23a;hsa-miR-26a,Gene;TF;TF;TF;miRNA;miRNA
JUN,ABCA1,ABCA1;JUN;MYC;RUNX2;hsa-miR-23a;hsa-miR-372,Gene;TF;TF;TF;miRNA;miRNA
EP300,ABCA1,ABCA1;EP300;EPAS1;EZH2;NFKB1;hsa-miR-23a,Gene;TF;TF;TF;TF;miRNA
EP300,ABCA1,ABCA1;DNMT1;EP300;EPAS1;hsa-miR-142;hsa-miR-23a,Gene;TF;TF;TF;miRNA;miRNA
CREBBP,ABCA1,ABCA1;CREBBP;EPAS1;PPARA;hsa-miR-23a;hsa-miR-301a,Gene;TF;TF;TF;miRNA;miRNA
HIF1A,ABCA1,ABCA1;HIF1A;TP53;hsa-miR-142;hsa-miR-20a;hsa-miR-23a,Gene;TF;TF;miRNA;miRNA;miRNA
ETS1,ABCA1,ABCA1;ETS1;RUNX1;TP53;hsa-miR-20a;hsa-miR-23a,Gene;TF;TF;TF;miRNA;miRNA
EP300,ABCA1,ABCA1;EP300;KLF4;RUNX1;hsa-miR-183;hsa-miR-23a,Gene;TF;TF;TF;miRNA;miRNA
HIF1A,ABCA1,ABCA1;HIF1A;MYC;NANOG;hsa-miR-17;hsa-miR-23a,Gene;TF;TF;TF;miRNA;miRNA
CREBBP,ABCA1,ABCA1;CREBBP;HNF4A;NFKB1;SMAD3;hsa-miR-200b,Gene;TF;TF;TF;TF;miRNA
hsa-miR-19b,ABCA1,ABCA1;FHL2;NFKB1;RUNX1;hsa-miR-19b;hsa-miR-200b,Gene;Gene;TF;TF;miRNA;miRNA
HDAC1,ABCA1,ABCA1;HDAC1;MYCN;hsa-miR-200b;hsa-miR-20b;hsa-miR-27b,Gene;TF;TF;miRNA;miRNA;miRNA
SP1,ABCA1,ABCA1;CREB1;EGR1;SP1;hsa-miR-200b;hsa-miR-301b,Gene;TF;TF;TF;miRNA;miRNA
SP1,ABCA1,ABCA1;BRCA1;EGR1;HDAC4;SP1;hsa-miR-200b,Gene;TF;TF;TF;TF;miRNA
HDAC2,ABCA1,ABCA1;HDAC2;NFKB1;RBPJ;hsa-miR-200b;hsa-miR-96,Gene;TF;TF;TF;miRNA;miRNA
HDAC2,ABCA1,ABCA1;HDAC2;MBD2;POU5F1;hsa-miR-200b;hsa-miR-302d,Gene;TF;TF;TF;miRNA;miRNA
CEBPB,ABCA1,ABCA1;CEBPB;SMAD4;SP1;USF1;hsa-miR-17,Gene;TF;TF;TF;TF;miRNA
TP53,ABCA1,ABCA1;CEBPB;TP53;hsa-miR-145;hsa-miR-19b;hsa-miR-200c,Gene;TF;TF;miRNA;miRNA;miRNA
HIF1A,ABCA1,ABCA1;HIF1A;JUN;MYC;hsa-miR-145;hsa-miR-19b,Gene;TF;TF;TF;miRNA;miRNA
HIF1A,ABCA1,ABCA1;E2F3;HIF1A;hsa-miR-130a;hsa-miR-183;hsa-miR-20a,Gene;TF;TF;miRNA;miRNA;miRNA
HIF1A,ABCA1,ABCA1;HIF1A;TP53;hsa-miR-130a;hsa-miR-17;hsa-miR-301a,Gene;TF;TF;miRNA;miRNA;miRNA
CTNNB1,ABCA1,ABCA1;CTNNB1;FHL2;POU5F1;RELA;hsa-miR-130a,Gene;TF;Gene;TF;TF;miRNA
CTNNB1,ABCA1,ABCA1;CTNNB1;POU5F1;RELA;hsa-miR-130a;hsa-miR-302b,Gene;TF;TF;TF;miRNA;miRNA
EP300,ABCA1,ABCA1;EP300;ESR1;HDAC2;hsa-miR-130a;hsa-miR-140,Gene;TF;TF;TF;miRNA;miRNA
HDAC2,ABCA1,ABCA1;HDAC2;KLF4;SOX2;hsa-miR-130a;hsa-miR-302b,Gene;TF;TF;TF;miRNA;miRNA
CEBPB,ABCA1,ABCA1;CEBPB;JUN;PPARG;hsa-miR-145;hsa-miR-23b,Gene;TF;TF;TF;miRNA;miRNA
NFKB1,ABCA1,ABCA1;NFKB1;PPARG;hsa-miR-142;hsa-miR-23b;hsa-miR-429,Gene;TF;TF;miRNA;miRNA;miRNA
HDAC1,ABCA1,ABCA1;HDAC1;HIF1A;LEF1;hsa-miR-23b;hsa-miR-96,Gene;TF;TF;TF;miRNA;miRNA
NFKB1,ABCA1,ABCA1;HIF1A;NFKB1;NFKB2;hsa-miR-101;hsa-miR-23b,Gene;TF;TF;TF;miRNA;miRNA
hsa-miR-24,ABCA1,ABCA1;MYC;MYCN;hsa-miR-101;hsa-miR-20b;hsa-miR-24,Gene;TF;TF;miRNA;miRNA;miRNA
HDAC1,ABCA1,ABCA1;HDAC1;HIF1A;RUNX1;hsa-miR-20b;hsa-miR-376c,Gene;TF;TF;TF;miRNA;miRNA
NANOG,ABCA1,ABCA1;KLF2;NANOG;PPARG;hsa-miR-142;hsa-miR-20a,Gene;TF;TF;TF;miRNA;miRNA
RELA,ABCA1,ABCA1;EGR1;RELA;hsa-miR-19a;hsa-miR-301b;hsa-miR-96,Gene;TF;TF;miRNA;miRNA;miRNA
EGR1,hsa-miR-185,ABCA1;EGR1;SREBF1;hsa-miR-185;hsa-miR-27a;hsa-miR-301b,Gene;TF;TF;miRNA;miRNA;miRNA
hsa-miR-369,ABCA1,ABCA1;FOSB;MYC;SIRT1;hsa-miR-19a;hsa-miR-369,Gene;Gene;TF;TF;miRNA;miRNA
CTNNB1,ABCA1,ABCA1;CTNNB1;HIF1A;POU5F1;hsa-miR-302a;hsa-miR-429,Gene;TF;TF;TF;miRNA;miRNA
hsa-miR-27b,ABCA1,ABCA1;ATF3;FOSB;HDAC2;hsa-miR-27b;hsa-miR-96,Gene;TF;Gene;TF;miRNA;miRNA
CTNNB1,SREBF1,ABCA1;CTNNB1;EP300;SP1;SREBF1;hsa-miR-183,Gene;TF;TF;TF;TF;miRNA
CTNNB1,ABCA1,ABCA1;CTNNB1;HIF1A;SP1;hsa-miR-183;hsa-miR-24,Gene;TF;TF;TF;miRNA;miRNA
hsa-miR-1,EZH2,ABCA1;EZH2;FOSL1;SREBF1;hsa-miR-1;hsa-miR-29b,Gene;TF;Gene;TF;miRNA;miRNA
CTNNB1,ABCA1,ABCA1;CTNNB1;EZH2;SNAI1;hsa-miR-200c;hsa-miR-372,Gene;TF;TF;TF;miRNA;miRNA
CEBPA,ABCA1,ABCA1;CEBPA;CEBPB;EP300;hsa-miR-17;hsa-miR-200c,Gene;TF;TF;TF;miRNA;miRNA
CTNNB1,ABCA1,ABCA1;CTNNB1;KLF4;RELA;hsa-miR-199a;hsa-miR-206,Gene;TF;TF;TF;miRNA;miRNA
CEBPB,ABCA1,ABCA1;CEBPB;EPAS1;MYC;RELA;hsa-miR-19a,Gene;TF;TF;TF;TF;miRNA
EP300,ABCA1,ABCA1;EP300;HDAC2;NFKB1;RUNX1;hsa-miR-144,Gene;TF;TF;TF;TF;miRNA
CEBPB,ABCA1,ABCA1;CEBPB;EP300;MYB;RELA;hsa-miR-148a,Gene;TF;TF;TF;TF;miRNA
RELA,ABCA1,ABCA1;MYCN;RELA;hsa-miR-199a;hsa-miR-27a;hsa-miR-7,Gene;TF;TF;miRNA;miRNA;miRNA
RELA,ABCA1,ABCA1;RELA;SOX2;hsa-miR-199a;hsa-miR-200c;hsa-miR-7,Gene;TF;TF;miRNA;miRNA;miRNA
EP300,ABCA1,ABCA1;DNMT1;EP300;GATA3;hsa-miR-148a;hsa-miR-200c,Gene;TF;TF;TF;miRNA;miRNA
EP300,ABCA1,ABCA1;DNMT1;EP300;HNF4A;hsa-miR-124;hsa-miR-148a,Gene;TF;TF;TF;miRNA;miRNA
HDAC1,ABCA1,ABCA1;EGR1;HDAC1;POU5F1;hsa-miR-152;hsa-miR-302c,Gene;TF;TF;TF;miRNA;miRNA
hsa-miR-27a,ABCA1,ABCA1;FOSB;HDAC1;REST;hsa-miR-199a;hsa-miR-27a,Gene;Gene;TF;TF;miRNA;miRNA
ERG,VIM,ABCA1;AR;ERG;SREBF1;VIM;hsa-miR-200c,Gene;TF;TF;TF;Gene;miRNA
TP53,COL1A1,ACTA2;COL1A1;KLF2;TP53;hsa-miR-143;hsa-miR-27a,Gene;Gene;TF;TF;miRNA;miRNA
SMAD3,ACTC1,ACTC1;E2F1;SMAD3;YBX1;hsa-miR-30d;hsa-miR-363,Gene;TF;TF;TF;miRNA;miRNA
LEF1,NT5E,ADA;CEBPA;LEF1;NT5E;STAT3;hsa-miR-29a,Gene;TF;TF;Gene;TF;miRNA
DNMT1,ADAMTS1,ADAMTS1;DNMT1;ESR1;EZH2;hsa-let-7b;hsa-miR-143,Gene;TF;TF;TF;miRNA;miRNA
CREBBP,ADAMTS1,ADAMTS1;CREBBP;ESR1;EZH2;hsa-let-7b;hsa-miR-143,Gene;TF;TF;TF;miRNA;miRNA
TAL1,ADAMTS1,ADAMTS1;EPAS1;TAL1;hsa-miR-181a;hsa-miR-181c;hsa-miR-26a,Gene;TF;TF;miRNA;miRNA;miRNA
MYC,ADAMTS5,ADAMTS5;MYC;TWIST1;hsa-miR-106b;hsa-miR-199a;hsa-miR-20b,Gene;TF;TF;miRNA;miRNA;miRNA
hsa-miR-106b,ADAMTS5,ADAMTS5;MYB;TWIST1;hsa-miR-106b;hsa-miR-143;hsa-miR-29c,Gene;TF;TF;miRNA;miRNA;miRNA
CEBPA,ADAMTS5,ADAMTS5;CEBPA;E2F1;E2F3;hsa-miR-106b;hsa-miR-29a,Gene;TF;TF;TF;miRNA;miRNA
E2F1,ADAMTS5,ADAMTS5;E2F1;MYCN;hsa-let-7i;hsa-miR-106b;hsa-miR-20a,Gene;TF;TF;miRNA;miRNA;miRNA
MYC,ADAMTS5,ADAMTS5;MYC;MYCN;hsa-miR-106b;hsa-miR-148a;hsa-miR-27a,Gene;TF;TF;miRNA;miRNA;miRNA
JUN,ADAMTS5,ADAMTS5;JUN;SP1;TP53;hsa-miR-130a;hsa-miR-15b,Gene;TF;TF;TF;miRNA;miRNA
ESR1,ADAMTS5,ADAMTS5;EPAS1;ESR1;hsa-miR-106a;hsa-miR-145;hsa-miR-181c,Gene;TF;TF;miRNA;miRNA;miRNA
ESR1,ADAMTS5,ADAMTS5;ESR1;HIF1A;hsa-miR-106a;hsa-miR-181c;hsa-miR-27a,Gene;TF;TF;miRNA;miRNA;miRNA
JUN,ADAMTS5,ADAMTS5;JUN;MYB;MYC;hsa-miR-106a;hsa-miR-148a,Gene;TF;TF;TF;miRNA;miRNA
SIRT1,ADAMTS5,ADAMTS5;MYC;SIRT1;hsa-let-7g;hsa-miR-22;hsa-miR-93,Gene;TF;TF;miRNA;miRNA;miRNA
MYC,ADAMTS5,ADAMTS5;MYC;hsa-let-7b;hsa-let-7g;hsa-let-7i;hsa-miR-22,Gene;TF;miRNA;miRNA;miRNA;miRNA
PAX5,ADAMTS5,ADAMTS5;LEF1;MYCN;PAX5;hsa-miR-30e;hsa-miR-9,Gene;TF;TF;TF;miRNA;miRNA
hsa-miR-128,ADAMTS5,ADAMTS5;E2F1;HIF1A;NR4A1;hsa-miR-128;hsa-miR-452,Gene;TF;TF;Gene;miRNA;miRNA
RELA,ADAMTS5,ADAMTS5;FOXO3;MYC;RELA;hsa-let-7b;hsa-let-7c,Gene;TF;TF;TF;miRNA;miRNA
HDAC1,ADAMTS5,ADAMTS5;HDAC1;MYC;STAT1;hsa-let-7c;hsa-miR-29a,Gene;TF;TF;TF;miRNA;miRNA
EP300,ADAMTS5,ADAMTS5;EP300;KLF4;SMAD3;hsa-miR-203;hsa-miR-29b,Gene;TF;TF;TF;miRNA;miRNA
EP300,ADAMTS5,ADAMTS5;EP300;KLF4;SP1;hsa-miR-17;hsa-miR-203,Gene;TF;TF;TF;miRNA;miRNA
HDAC4,ADAMTS5,ADAMTS5;HDAC4;KLF4;TP53;hsa-miR-203;hsa-miR-29a,Gene;TF;TF;TF;miRNA;miRNA
HDAC4,ADAMTS5,ADAMTS5;HDAC4;KLF4;hsa-miR-143;hsa-miR-203;hsa-miR-29a,Gene;TF;TF;miRNA;miRNA;miRNA
E2F1,ADAMTS5,ADAMTS5;E2F1;EZH2;hsa-miR-137;hsa-miR-203;hsa-miR-30a,Gene;TF;TF;miRNA;miRNA;miRNA
HDAC2,ADAMTS5,ADAMTS5;HDAC2;REST;hsa-miR-130a;hsa-miR-203;hsa-miR-330,Gene;TF;TF;miRNA;miRNA;miRNA
CEBPB,ADAMTS5,ADAMTS5;CEBPB;HDAC1;STAT3;hsa-miR-181a;hsa-miR-203,Gene;TF;TF;TF;miRNA;miRNA
ESR1,SDC4,ADAMTS5;ESR1;HIF1A;SDC4;hsa-miR-224;hsa-miR-497,Gene;TF;TF;Gene;miRNA;miRNA
HIF1A,SDC4,ADAMTS5;E2F3;HIF1A;SDC4;hsa-let-7i;hsa-miR-224,Gene;TF;TF;Gene;miRNA;miRNA
NCOR1,ADAMTS5,ADAMTS5;NCOR1;YY1;hsa-miR-137;hsa-miR-29a;hsa-miR-30d,Gene;TF;TF;miRNA;miRNA;miRNA
SMAD3,ADAMTS5,ADAMTS5;SMAD3;SP1;YY1;hsa-miR-137;hsa-miR-27a,Gene;TF;TF;TF;miRNA;miRNA
NFKB1,ADAMTS5,ADAMTS5;NFKB1;SOX2;hsa-miR-137;hsa-miR-16;hsa-miR-9,Gene;TF;TF;miRNA;miRNA;miRNA
ESR1,ADAMTS5,ADAMTS5;ESR1;SOX2;hsa-miR-137;hsa-miR-181a;hsa-miR-20a,Gene;TF;TF;miRNA;miRNA;miRNA
MYC,ADAMTS5,ADAMTS5;MYC;SOX2;hsa-let-7b;hsa-miR-137;hsa-miR-16,Gene;TF;TF;miRNA;miRNA;miRNA
HDAC1,ADAMTS5,ADAMTS5;HDAC1;SMAD3;SOX2;hsa-miR-145;hsa-miR-424,Gene;TF;TF;TF;miRNA;miRNA
HIF1A,ADAMTS5,ADAMTS5;HIF1A;SMAD3;hsa-let-7b;hsa-miR-29c;hsa-miR-424,Gene;TF;TF;miRNA;miRNA;miRNA
RUNX2,ADAMTS5,ADAMTS5;RUNX2;SMAD3;hsa-miR-20a;hsa-miR-27a;hsa-miR-424,Gene;TF;TF;miRNA;miRNA;miRNA
hsa-miR-199a,ADAMTS5,ADAMTS5;EGR1;FOSB;SIRT1;hsa-miR-199a;hsa-miR-424,Gene;TF;Gene;TF;miRNA;miRNA
EGR1,ADAMTS5,ADAMTS5;EGR1;JUN;PPARG;hsa-miR-29b;hsa-miR-93,Gene;TF;TF;TF;miRNA;miRNA
MYCN,ADAMTS5,ADAMTS5;BMI1;MYCN;hsa-let-7i;hsa-miR-181b;hsa-miR-93,Gene;TF;TF;miRNA;miRNA;miRNA
MYC,ADAMTS5,ADAMTS5;MYC;MYCN;hsa-miR-15a;hsa-miR-30d;hsa-miR-93,Gene;TF;TF;miRNA;miRNA;miRNA
JUN,ADAMTS5,ADAMTS5;JUN;MYC;hsa-let-7b;hsa-miR-101;hsa-miR-93,Gene;TF;TF;miRNA;miRNA;miRNA
RELA,ADAMTS5,ADAMTS5;MYC;RELA;hsa-miR-27a;hsa-miR-30a;hsa-miR-93,Gene;TF;TF;miRNA;miRNA;miRNA
EP300,ADAMTS5,ADAMTS5;EP300;SMAD3;SREBF1;hsa-miR-140;hsa-miR-29b,Gene;TF;TF;TF;miRNA;miRNA
SP1,ADAMTS5,ADAMTS5;SP1;SREBF1;hsa-miR-195;hsa-miR-23a;hsa-miR-29b,Gene;TF;TF;miRNA;miRNA;miRNA
SP1,ADAMTS5,ADAMTS5;SP1;SREBF1;hsa-let-7b;hsa-miR-23a;hsa-miR-29b,Gene;TF;TF;miRNA;miRNA;miRNA
SP1,ADAMTS5,ADAMTS5;SP1;hsa-miR-22;hsa-miR-23a;hsa-miR-23b;hsa-miR-29b,Gene;TF;miRNA;miRNA;miRNA;miRNA
SP1,ADAMTS5,ADAMTS5;SP1;hsa-miR-132;hsa-miR-142;hsa-miR-17;hsa-miR-29b,Gene;TF;miRNA;miRNA;miRNA;miRNA
FOS,ADAMTS5,ADAMTS5;FOS;RELA;hsa-miR-130a;hsa-miR-22;hsa-miR-23a,Gene;TF;TF;miRNA;miRNA;miRNA
RELA,ADAMTS5,ADAMTS5;RELA;hsa-let-7e;hsa-miR-17;hsa-miR-23a;hsa-miR-23b,Gene;TF;miRNA;miRNA;miRNA;miRNA
RELA,ADAMTS5,ADAMTS5;RELA;SMAD3;hsa-miR-145;hsa-miR-23a;hsa-miR-30d,Gene;TF;TF;miRNA;miRNA;miRNA
MYC,ADAMTS5,ADAMTS5;MYC;TWIST1;hsa-let-7f;hsa-miR-17;hsa-miR-199a,Gene;TF;TF;miRNA;miRNA;miRNA
EZH2,ADAMTS5,ADAMTS5;EZH2;MYC;hsa-let-7f;hsa-miR-27a;hsa-miR-30a,Gene;TF;TF;miRNA;miRNA;miRNA
SP1,ADAMTS5,ADAMTS5;SP1;TP53;hsa-miR-130a;hsa-miR-195;hsa-miR-23b,Gene;TF;TF;miRNA;miRNA;miRNA
RELA,ADAMTS5,ADAMTS5;RELA;hsa-miR-130a;hsa-miR-199a;hsa-miR-212;hsa-miR-30b,Gene;TF;miRNA;miRNA;miRNA;miRNA
MYC,ADAMTS5,ADAMTS5;MYC;hsa-miR-130a;hsa-miR-148a;hsa-miR-29a;hsa-miR-30a,Gene;TF;miRNA;miRNA;miRNA;miRNA
POU5F1,ADAMTS5,ADAMTS5;POU5F1;STAT3;TWIST1;hsa-miR-130a;hsa-miR-27a,Gene;TF;TF;TF;miRNA;miRNA
hsa-miR-452,ADAMTS5,ADAMTS5;SP1;STAT5A;hsa-miR-142;hsa-miR-195;hsa-miR-452,Gene;TF;Gene;miRNA;miRNA;miRNA
hsa-miR-195,ADAMTS5,ADAMTS5;SKIL;SMAD3;hsa-miR-143;hsa-miR-195;hsa-miR-29c,Gene;Gene;TF;miRNA;miRNA;miRNA
ESR1,ADAMTS5,ADAMTS5;ESR1;FOS;MYC;hsa-miR-17;hsa-miR-195,Gene;TF;TF;TF;miRNA;miRNA
FOXO1,ADAMTS5,ADAMTS5;DDIT3;FOXO1;SIRT1;STAT3;hsa-let-7d,Gene;TF;TF;TF;TF;miRNA
CREB1,ADAMTS5,ADAMTS5;CREB1;FOXO1;SIRT1;STAT3;hsa-miR-29a,Gene;TF;TF;TF;TF;miRNA
EP300,ADAMTS5,ADAMTS5;EP300;JUN;SIRT1;TP73;hsa-miR-145,Gene;TF;TF;TF;TF;miRNA
SIRT1,ADAMTS5,ADAMTS5;MYC;SIRT1;hsa-miR-17;hsa-miR-22;hsa-miR-30b,Gene;TF;TF;miRNA;miRNA;miRNA
ESR1,ADAMTS5,ADAMTS5;ESR1;RELA;SIRT1;SMAD3;hsa-miR-17,Gene;TF;TF;TF;TF;miRNA
RUNX1,ADAMTS5,ADAMTS5;NFKB1;RUNX1;SIRT1;hsa-miR-144;hsa-miR-30c,Gene;TF;TF;TF;miRNA;miRNA
hsa-miR-101,ADAMTS5,ADAMTS5;CEBPA;CEBPB;RELA;SIRT1;hsa-miR-101,Gene;TF;TF;TF;TF;miRNA
CEBPB,ADAMTS5,ADAMTS5;CEBPB;CREB1;RELA;SIRT1;hsa-miR-212,Gene;TF;TF;TF;TF;miRNA
HDAC1,ADAMTS5,ADAMTS5;HDAC1;NR1H4;SIRT1;STAT1;hsa-miR-199a,Gene;TF;TF;TF;TF;miRNA
CREBBP,ADAMTS5,ADAMTS5;CREBBP;NFKB1;SIRT1;STAT6;hsa-miR-142,Gene;TF;TF;TF;TF;miRNA
CEBPA,ADAMTS5,ADAMTS5;CEBPA;PPARA;SIRT1;STAT3;hsa-miR-181a,Gene;TF;TF;TF;TF;miRNA
hsa-miR-7,ADAMTS5,ADAMTS5;MYC;MYCN;hsa-miR-330;hsa-miR-497;hsa-miR-7,Gene;TF;TF;miRNA;miRNA;miRNA
STAT3,ADAMTS5,ADAMTS5;EPAS1;STAT3;hsa-miR-15a;hsa-miR-27b;hsa-miR-30b,Gene;TF;TF;miRNA;miRNA;miRNA
EGR1,ADAMTS5,ADAMTS5;EGR1;MYC;PPARG;hsa-miR-181c;hsa-miR-30b,Gene;TF;TF;TF;miRNA;miRNA
RELA,ADAMTS5,ADAMTS5;RELA;SMAD3;hsa-miR-140;hsa-miR-20a;hsa-miR-30b,Gene;TF;TF;miRNA;miRNA;miRNA
ESR1,ADAMTS5,ADAMTS5;ESR1;EZH2;hsa-miR-101;hsa-miR-30b;hsa-miR-497,Gene;TF;TF;miRNA;miRNA;miRNA
RELA,ADAMTS5,ADAMTS5;RELA;STAT3;hsa-miR-143;hsa-miR-204;hsa-miR-29c,Gene;TF;TF;miRNA;miRNA;miRNA
STAT3,ADAMTS5,ADAMTS5;EPAS1;STAT3;hsa-let-7d;hsa-miR-181c;hsa-miR-29c,Gene;TF;TF;miRNA;miRNA;miRNA
hsa-miR-101,ADAMTS5,ADAMTS5;FN1;STAT3;hsa-let-7d;hsa-miR-101;hsa-miR-29c,Gene;Gene;TF;miRNA;miRNA;miRNA
E2F1,ADAMTS5,ADAMTS5;BRCA1;E2F1;MYC;hsa-miR-23b;hsa-miR-519d,Gene;TF;TF;TF;miRNA;miRNA
CEBPB,ADAMTS5,ADAMTS5;CEBPB;RUNX1;STAT3;hsa-miR-23b;hsa-miR-27a,Gene;TF;TF;TF;miRNA;miRNA
DNMT1,ADAMTS5,ADAMTS5;DNMT1;ESR1;NFKB1;hsa-miR-20a;hsa-miR-23b,Gene;TF;TF;TF;miRNA;miRNA
MAX,ADAMTS5,ADAMTS5;MAX;MYC;hsa-miR-16;hsa-miR-23b;hsa-miR-30d,Gene;TF;TF;miRNA;miRNA;miRNA
RELA,ADAMTS5,ADAMTS5;MYC;RELA;hsa-miR-199a;hsa-miR-23b;hsa-miR-27a,Gene;TF;TF;miRNA;miRNA;miRNA
ESR1,ADAMTS5,ADAMTS5;ESR1;HIF1A;hsa-miR-20b;hsa-miR-29a;hsa-miR-29c,Gene;TF;TF;miRNA;miRNA;miRNA
hsa-miR-374a,ADAMTS5,ADAMTS5;CEBPB;hsa-let-7b;hsa-miR-143;hsa-miR-29a;hsa-miR-374a,Gene;TF;miRNA;miRNA;miRNA;miRNA
CEBPB,ADAMTS5,ADAMTS5;CEBPB;MYC;hsa-let-7b;hsa-miR-143;hsa-miR-29a,Gene;TF;TF;miRNA;miRNA;miRNA
HIF1A,ADAMTS5,ADAMTS5;HIF1A;SP1;hsa-let-7e;hsa-miR-20a;hsa-miR-497,Gene;TF;TF;miRNA;miRNA;miRNA
hsa-miR-142,ADAMTS5,ADAMTS5;IRF9;STAT3;hsa-let-7e;hsa-miR-142;hsa-miR-29c,Gene;Gene;TF;miRNA;miRNA;miRNA
SPI1,ADAMTS5,ADAMTS5;SPI1;STAT3;hsa-let-7e;hsa-miR-142;hsa-miR-29c,Gene;TF;TF;miRNA;miRNA;miRNA
MYC,ADAMTS5,ADAMTS5;BMI1;MYC;MYCN;hsa-let-7i;hsa-miR-181d,Gene;TF;TF;TF;miRNA;miRNA
NFKB1,ADAMTS5,ADAMTS5;HIF1A;NFKB1;hsa-miR-29c;hsa-miR-452;hsa-miR-9,Gene;TF;TF;miRNA;miRNA;miRNA
MYC,ADAMTS5,ADAMTS5;MYC;hsa-miR-15a;hsa-miR-30d;hsa-miR-497;hsa-miR-9,Gene;TF;miRNA;miRNA;miRNA;miRNA
CREB1,ADAMTS5,ADAMTS5;CREB1;HIF1A;MITF;hsa-miR-132;hsa-miR-145,Gene;TF;TF;TF;miRNA;miRNA
CREB1,ADAMTS5,ADAMTS5;CREB1;EP300;HNF4A;hsa-miR-132;hsa-miR-758,Gene;TF;TF;TF;miRNA;miRNA
HDAC1,ADAMTS5,ADAMTS5;HDAC1;REST;STAT3;hsa-miR-132;hsa-miR-17,Gene;TF;TF;TF;miRNA;miRNA
KLF8,ADAMTS5,ADAMTS5;FN1;KLF8;STAT3;hsa-miR-132;hsa-miR-17,Gene;Gene;TF;TF;miRNA;miRNA
RELA,ADAMTS5,ADAMTS5;RELA;STAT3;hsa-miR-132;hsa-miR-181a;hsa-miR-370,Gene;TF;TF;miRNA;miRNA;miRNA
HIF1A,ADAMTS5,ADAMTS5;HIF1A;HNF4A;hsa-miR-101;hsa-miR-377;hsa-miR-452,Gene;TF;TF;miRNA;miRNA;miRNA
HIF1A,ADAMTS5,ADAMTS5;E2F3;HIF1A;hsa-let-7i;hsa-miR-16;hsa-miR-452,Gene;TF;TF;miRNA;miRNA;miRNA
RUNX1,ADAMTS5,ADAMTS5;NFKB1;RUNX1;SPI1;hsa-miR-20a;hsa-miR-30c,Gene;TF;TF;TF;miRNA;miRNA
CEBPB,ADAMTS5,ADAMTS5;CEBPB;NFKB1;RUNX1;hsa-miR-16;hsa-miR-20a,Gene;TF;TF;TF;miRNA;miRNA
PPARG,ADAMTS5,ADAMTS5;MYC;PPARG;RELA;hsa-miR-15a;hsa-miR-20a,Gene;TF;TF;TF;miRNA;miRNA
HDAC9,ADAMTS5,ADAMTS5;ESR1;HDAC9;RELA;hsa-miR-140;hsa-miR-145,Gene;TF;TF;TF;miRNA;miRNA
ESR1,ADAMTS5,ADAMTS5;ESR1;HIF1A;hsa-miR-145;hsa-miR-27a;hsa-miR-30d,Gene;TF;TF;miRNA;miRNA;miRNA
MYC,ADAMTS5,ADAMTS5;GATA4;MYC;NANOG;hsa-let-7b;hsa-miR-144,Gene;TF;TF;TF;miRNA;miRNA
MYC,ADAMTS5,ADAMTS5;GATA4;MYC;hsa-let-7b;hsa-miR-144;hsa-miR-27a,Gene;TF;TF;miRNA;miRNA;miRNA
CEBPB,ADAMTS5,ADAMTS5;CEBPB;RELA;YY1;hsa-miR-17;hsa-miR-29c,Gene;TF;TF;TF;miRNA;miRNA
hsa-miR-181b,ADAMTS5,ADAMTS5;MYC;TCF4;hsa-miR-181b;hsa-miR-29c;hsa-miR-30a,Gene;TF;TF;miRNA;miRNA;miRNA
TAL1,ADAMTS5,ADAMTS5;NFKB1;TAL1;hsa-miR-17;hsa-miR-181a;hsa-miR-27b,Gene;TF;TF;miRNA;miRNA;miRNA
hsa-miR-16,ADAMTS5,ADAMTS5;STAT3;TP63;hsa-miR-16;hsa-miR-27b;hsa-miR-374a,Gene;TF;TF;miRNA;miRNA;miRNA
EZH2,ADAMTS5,ADAMTS5;EZH2;MYC;hsa-let-7i;hsa-miR-101;hsa-miR-15a,Gene;TF;TF;miRNA;miRNA;miRNA
hsa-miR-138,ADAMTS5,ADAMTS5;FOSB;JUN;MYB;hsa-miR-138;hsa-miR-15a,Gene;Gene;TF;TF;miRNA;miRNA
hsa-miR-152,ADAMTS5,ADAMTS5;FOSB;HDAC1;STAT3;hsa-miR-152;hsa-miR-22,Gene;Gene;TF;TF;miRNA;miRNA
hsa-miR-27b,ADAMTS5,ADAMTS5;FOSB;JUN;SP1;hsa-miR-22;hsa-miR-27b,Gene;Gene;TF;TF;miRNA;miRNA
hsa-miR-181b,ADAMTS5,ADAMTS5;E2F1;ESR1;MYC;hsa-miR-181b;hsa-miR-27a,Gene;TF;TF;TF;miRNA;miRNA
MYCN,ADM,ADM;HNF4A;MYCN;TP53;hsa-miR-410;hsa-miR-92a,Gene;TF;TF;TF;miRNA;miRNA
AR,ADRB2,ADRB2;AR;DNMT1;EP300;hsa-let-7c;hsa-miR-142,Gene;TF;TF;TF;miRNA;miRNA
AHR,MAP3K1,AHR;FOS;MAP3K1;MYC;hsa-let-7f;hsa-miR-106b,TF;TF;Gene;TF;miRNA;miRNA
AHR,DCBLD2,AHR;DCBLD2;FOS;MYC;TFAP2A;hsa-miR-106b,TF;Gene;TF;TF;TF;miRNA
RELA,EPAS1,AHR;EPAS1;RELA;hsa-miR-106b;hsa-miR-182;hsa-miR-212,TF;TF;TF;miRNA;miRNA;miRNA
LEF1,EPAS1,AHR;EPAS1;LEF1;SMAD4;hsa-miR-106b;hsa-miR-182,TF;TF;TF;TF;miRNA;miRNA
hsa-miR-24,FST,AHR;BRCA1;FST;MYCN;hsa-miR-24;hsa-miR-25,TF;TF;Gene;TF;miRNA;miRNA
SP1,MYBL1,APEX1;MYBL1;SP1;TP53;hsa-miR-139;hsa-miR-15b,TF;Gene;TF;TF;miRNA;miRNA
HDAC1,hsa-miR-200a,APEX1;FOXM1;HDAC1;SP1;TP53;hsa-miR-200a,TF;TF;TF;TF;TF;miRNA
APEX1,TP53,APEX1;EP300;FOS;JUN;SIRT1;TP53,TF;TF;TF;TF;TF;TF
APEX1,hsa-miR-200a,APEX1;EP300;JUN;SIRT1;TP53;hsa-miR-200a,TF;TF;TF;TF;TF;miRNA
APEX1,TP53,APEX1;EP300;SIRT1;SMAD4;SNAI1;TP53,TF;TF;TF;TF;TF;TF
SP1,TGFB2,APEX1;SP1;TGFB2;TP53;hsa-miR-133b;hsa-miR-590,TF;TF;Gene;TF;miRNA;miRNA
APEX1,CCL2,APEX1;CCL2;EP300;HDAC2;LEF1;hsa-miR-124,TF;Gene;TF;TF;TF;miRNA
APEX1,MMP14,APEX1;DNMT1;EP300;MMP14;NFKB1;hsa-miR-150,TF;TF;TF;Gene;TF;miRNA
hsa-miR-222,CYR61,AR;CYR61;FOS;RUNX2;hsa-miR-145;hsa-miR-222,TF;Gene;TF;TF;miRNA;miRNA
AR,TLR4,AR;EP300;SMAD4;TLR4;hsa-miR-145;hsa-miR-302c,TF;TF;TF;Gene;miRNA;miRNA
HDAC4,hsa-miR-145,AR;HDAC4;HIF1A;RUNX2;SNAI2;hsa-miR-145,TF;TF;TF;TF;TF;miRNA
HDAC2,SEMA6A,AR;HDAC2;SEMA6A;SP1;hsa-miR-141;hsa-miR-145,TF;TF;Gene;TF;miRNA;miRNA
AR,COL1A1,AR;COL1A1;TP53;TWIST1;hsa-let-7a;hsa-miR-129,TF;Gene;TF;TF;miRNA;miRNA
AR,CCND2,AR;CCND2;EP300;SPI1;hsa-let-7a;hsa-miR-424,TF;Gene;TF;TF;miRNA;miRNA
AR,CCND2,AR;CCND2;EP300;SMAD4;hsa-let-7a;hsa-miR-424,TF;Gene;TF;TF;miRNA;miRNA
AR,THBS1,AR;EP300;RUNX1;THBS1;hsa-let-7a;hsa-miR-18a,TF;TF;TF;Gene;miRNA;miRNA
AR,MAP3K1,AR;MAP3K1;MYC;hsa-let-7a;hsa-let-7g;hsa-let-7i,TF;Gene;TF;miRNA;miRNA;miRNA
hsa-miR-130a,BRCA1,AR;BRCA1;FBXO32;FOXO3;ID4;hsa-miR-130a,TF;TF;Gene;TF;Gene;miRNA
RUNX2,AR,AR;FBXO32;FOXO3;RUNX2;SOX9;hsa-miR-23a,TF;Gene;TF;TF;TF;miRNA
SP1,VIM,AR;FBXO32;FOXO3;SP1;VIM;hsa-miR-23a,TF;Gene;TF;TF;Gene;miRNA
FOXO3,THBD,AR;FOXO3;HIF1A;SP1;THBD;hsa-miR-18a,TF;TF;TF;TF;Gene;miRNA
E2F1,CCND2,AR;CCND2;E2F1;FOXM1;SMAD3;hsa-miR-182,TF;Gene;TF;TF;TF;miRNA
CREB1,CCND2,AR;CCND2;CREB1;FOS;SMAD3;hsa-miR-373,TF;Gene;TF;TF;TF;miRNA
CEBPB,CCND2,AR;CCND2;CEBPB;CREB1;SMAD3;hsa-miR-19a,TF;Gene;TF;TF;TF;miRNA
CREB1,CDH11,AR;CDH11;CREB1;EP300;SMAD3;hsa-miR-27a,TF;Gene;TF;TF;TF;miRNA
EGR1,SMAD3,AR;EGR1;EP300;EZH2;SMAD3;hsa-miR-181b,TF;TF;TF;TF;TF;miRNA
AR,hsa-miR-200c,AR;EP300;SMAD3;TWIST1;hsa-miR-200c;hsa-miR-92a,TF;TF;TF;TF;miRNA;miRNA
AR,FN1,AR;CEBPA;FN1;SMAD3;hsa-miR-140;hsa-miR-31,TF;TF;Gene;TF;miRNA;miRNA
HIF1A,VIM,AR;HIF1A;SMAD3;SOX2;VIM;hsa-miR-30b,TF;TF;TF;TF;Gene;miRNA
HIF1A,hsa-miR-21,AR;FOS;HIF1A;SMAD3;TWIST1;hsa-miR-21,TF;TF;TF;TF;TF;miRNA
AR,MET,AR;MET;SMAD3;SMAD6;SMAD7;hsa-miR-27a,TF;Gene;TF;Gene;Gene;miRNA
SP1,VDR,AR;MTA1;SP1;TP53;VDR;hsa-miR-125a,TF;TF;TF;TF;TF;miRNA
HDAC4,hsa-miR-200b,AR;HDAC4;HIF1A;KLF4;TP53;hsa-miR-200b,TF;TF;TF;TF;TF;miRNA
SP1,LDHA,AR;LDHA;SOX9;SP1;TP53;hsa-miR-502,TF;Gene;TF;TF;TF;miRNA
HIF1A,PEG10,AR;HIF1A;PEG10;TP53;hsa-miR-107;hsa-miR-29a,TF;TF;Gene;TF;miRNA;miRNA
CEBPA,hsa-miR-20a,AR;CEBPA;CEBPB;RUNX2;TP53;hsa-miR-20a,TF;TF;TF;TF;TF;miRNA
AR,CDH11,AR;CDH11;CEBPA;TP53;hsa-miR-32;hsa-miR-429,TF;Gene;TF;TF;miRNA;miRNA
AR,SEMA6A,AR;SEMA6A;TP53;hsa-miR-194;hsa-miR-200a;hsa-miR-216a,TF;Gene;TF;miRNA;miRNA;miRNA
HIF1A,THBS1,AR;HIF1A;THBS1;TP53;hsa-miR-143;hsa-miR-194,TF;TF;Gene;TF;miRNA;miRNA
SREBF1,EPAS1,AR;EPAS1;SREBF1;TP53;hsa-miR-155;hsa-miR-29b,TF;TF;TF;TF;miRNA;miRNA
SREBF1,FAS,AR;FAS;GLI1;SREBF1;TP53;hsa-miR-29b,TF;Gene;TF;TF;TF;miRNA
LEF1,THBD,AR;CEBPA;LEF1;RARA;THBD;hsa-miR-21,TF;TF;TF;TF;Gene;miRNA
EGR1,TGFBR2,AR;ATF3;EGR1;FOS;TGFBR2;hsa-miR-21,TF;TF;TF;TF;Gene;miRNA
CEBPB,KLF5,AR;CEBPB;CREBBP;KLF5;RUNX2;hsa-miR-21,TF;TF;TF;TF;TF;miRNA
POU2F1,CDH11,AR;CDH11;POU2F1;TWIST1;hsa-miR-216a;hsa-miR-429,TF;Gene;TF;TF;miRNA;miRNA
YBX1,CDH11,AR;CDH11;MYCN;YBX1;hsa-miR-335;hsa-miR-9,TF;Gene;TF;TF;miRNA;miRNA
AR,CDH11,AR;CDH11;KLF5;MYC;PPARG;hsa-miR-27a,TF;Gene;TF;TF;TF;miRNA
E2F1,BMP7,AR;BMP7;E2F1;EZH2;hsa-miR-30a;hsa-miR-32,TF;Gene;TF;TF;miRNA;miRNA
SOX9,FBN1,AR;FBN1;MYC;SOX9;hsa-miR-140;hsa-miR-32,TF;Gene;TF;TF;miRNA;miRNA
SP1,ITGB1,AR;ITGA5;ITGB1;SP1;hsa-miR-29c;hsa-miR-32,TF;Gene;Gene;TF;miRNA;miRNA
SP1,SPP1,AR;ITGA5;ITGB1;SP1;SPP1;hsa-miR-32,TF;Gene;Gene;TF;Gene;miRNA
HNF4A,DKK3,AR;DKK3;HNF4A;LEF1;hsa-miR-32;hsa-miR-381,TF;Gene;TF;TF;miRNA;miRNA
CREB1,IRF1,AR;CREB1;IRF1;SOX9;hsa-miR-20a;hsa-miR-9,TF;TF;TF;TF;miRNA;miRNA
E2F1,PEG10,AR;E2F1;PEG10;hsa-let-7c;hsa-let-7i;hsa-miR-216a,TF;TF;Gene;miRNA;miRNA;miRNA
E2F1,PEG10,AR;E2F1;PEG10;hsa-let-7c;hsa-miR-216a;hsa-miR-27b,TF;TF;Gene;miRNA;miRNA;miRNA
AR,SKIL,AR;HOXA10;MYC;SKIL;hsa-let-7c;hsa-miR-195,TF;TF;TF;Gene;miRNA;miRNA
hsa-miR-1,GJA1,AR;GJA1;KLF4;MYC;hsa-miR-1;hsa-miR-93,TF;Gene;TF;TF;miRNA;miRNA
hsa-miR-1,CITED2,AR;CITED2;GATA4;HDAC9;MYC;hsa-miR-1,TF;Gene;TF;TF;TF;miRNA
hsa-miR-1,GJA1,AR;GJA1;MYC;hsa-miR-1;hsa-miR-106b;hsa-miR-30a,TF;Gene;TF;miRNA;miRNA;miRNA
E2F1,MMP2,AR;E2F1;FOXM1;MMP2;hsa-miR-17;hsa-miR-29a,TF;TF;TF;Gene;miRNA;miRNA
E2F1,DCBLD2,AR;DCBLD2;E2F1;MYCN;hsa-miR-17;hsa-miR-20b,TF;Gene;TF;TF;miRNA;miRNA
SOX9,SMAD7,AR;FOS;SMAD7;SOX9;hsa-miR-17;hsa-miR-29a,TF;TF;Gene;TF;miRNA;miRNA
AR,COL1A1,AR;COL1A1;MYC;hsa-let-7d;hsa-let-7e;hsa-miR-133b,TF;Gene;TF;miRNA;miRNA;miRNA
SP1,MYH9,AR;HNF4A;MYH9;SP1;hsa-miR-133b;hsa-miR-758,TF;TF;Gene;TF;miRNA;miRNA
AR,TGFB2,AR;CEBPA;TGFB2;hsa-miR-133b;hsa-miR-29a;hsa-miR-92a,TF;TF;Gene;miRNA;miRNA;miRNA
hsa-miR-24,VEGFA,AR;E2F1;MYCN;VEGFA;hsa-miR-106a;hsa-miR-24,TF;TF;TF;Gene;miRNA;miRNA
E2F1,CD2AP,AR;CD2AP;E2F1;MYC;hsa-miR-221;hsa-miR-30a,TF;Gene;TF;TF;miRNA;miRNA
AR,F3,AR;EP300;F3;RUNX1;hsa-miR-18a;hsa-miR-216a,TF;TF;Gene;TF;miRNA;miRNA
HIF1A,CCND2,AR;CCND2;HIF1A;hsa-let-7e;hsa-miR-1271;hsa-miR-18a,TF;Gene;TF;miRNA;miRNA;miRNA
LEF1,HRK,AR;HRK;LEF1;MITF;hsa-miR-18a;hsa-miR-18b,TF;Gene;TF;TF;miRNA;miRNA
hsa-miR-19b,EXT1,AR;EP300;EXT1;SMAD4;hsa-miR-19b;hsa-miR-302c,TF;TF;Gene;TF;miRNA;miRNA
AR,BDNF,AR;BDNF;EP300;SMAD4;hsa-miR-182;hsa-miR-424,TF;Gene;TF;TF;miRNA;miRNA
AR,KLF10,AR;DNMT1;EP300;KLF10;hsa-miR-19a;hsa-miR-429,TF;TF;TF;Gene;miRNA;miRNA
AR,FBXO32,AR;FBXO32;MYC;SOX2;hsa-miR-183;hsa-miR-19a,TF;Gene;TF;TF;miRNA;miRNA
AR,FAS,AR;FAS;MYC;hsa-let-7e;hsa-miR-19a;hsa-miR-23a,TF;Gene;TF;miRNA;miRNA;miRNA
LEF1,PMEPA1,AR;EPAS1;LEF1;PMEPA1;hsa-miR-24;hsa-miR-373,TF;TF;TF;Gene;miRNA;miRNA
hsa-miR-125b,hsa-miR-302a,AR;MYC;POU5F1;SOX2;hsa-miR-125b;hsa-miR-302a,TF;TF;TF;TF;miRNA;miRNA
hsa-miR-125b,BACE1,AR;BACE1;MYC;hsa-miR-125b;hsa-miR-216a;hsa-miR-9,TF;Gene;TF;miRNA;miRNA;miRNA
hsa-miR-125b,MME,AR;MME;MYC;SMAD7;hsa-miR-125b;hsa-miR-216a,TF;Gene;TF;Gene;miRNA;miRNA
hsa-miR-19b,LOX,AR;LOX;RUNX1;hsa-miR-19b;hsa-miR-216a;hsa-miR-27a,TF;Gene;TF;miRNA;miRNA;miRNA
hsa-miR-19b,MME,AR;MME;RUNX1;hsa-miR-181c;hsa-miR-19b;hsa-miR-216a,TF;Gene;TF;miRNA;miRNA;miRNA
hsa-miR-19b,VEGFA,AR;HOXB7;SP1;VEGFA;hsa-miR-19b;hsa-miR-200b,TF;TF;TF;Gene;miRNA;miRNA
TFAP2A,VEGFA,AR;SP1;TFAP2A;VEGFA;hsa-miR-19b;hsa-miR-29c,TF;TF;TF;Gene;miRNA;miRNA
EGR1,FBXO32,AR;EGR1;FBXO32;hsa-miR-101;hsa-miR-23a;hsa-miR-96,TF;TF;Gene;miRNA;miRNA;miRNA
EGR1,FBXO32,AR;EGR1;FBXO32;hsa-miR-101;hsa-miR-23a;hsa-miR-92a,TF;TF;Gene;miRNA;miRNA;miRNA
EGR1,FOS,AR;ATF3;EGR1;FOS;TWIST1;hsa-miR-20a,TF;TF;TF;TF;TF;miRNA
EGR1,ATF3,AR;ATF3;EGR1;TWIST1;hsa-miR-20a;hsa-miR-27a,TF;TF;TF;TF;miRNA;miRNA
EGR1,VEGFA,AR;EGR1;MYC;POU5F1;VEGFA;hsa-miR-302b,TF;TF;TF;TF;Gene;miRNA
EGR1,WWC1,AR;EGR1;MYC;WWC1;hsa-miR-27a;hsa-miR-92a,TF;TF;TF;Gene;miRNA;miRNA
SP1,MYCN,AR;EGR1;EZH2;MYCN;SOX9;SP1,TF;TF;TF;TF;TF;TF
EGR1,MAP3K1,AR;EGR1;EZH2;MAP3K1;hsa-miR-20b;hsa-miR-30d,TF;TF;TF;Gene;miRNA;miRNA
HIF1A,THBS2,AR;HIF1A;MYC;THBS2;hsa-miR-101;hsa-miR-96,TF;TF;TF;Gene;miRNA;miRNA
RUNX2,TLR4,AR;FN1;IL1R1;RUNX2;STAT1;TLR4,TF;Gene;Gene;TF;TF;Gene
SMAD4,FBXO32,AR;FBXO32;SMAD4;SP1;hsa-miR-130a;hsa-miR-92a,TF;Gene;TF;TF;miRNA;miRNA
SP1,EXT1,AR;EXT1;HNF4A;SP1;hsa-miR-182;hsa-miR-20a,TF;Gene;TF;TF;miRNA;miRNA
SOX9,PEG10,AR;KLF4;PEG10;SOX9;hsa-miR-150;hsa-miR-182,TF;TF;Gene;TF;miRNA;miRNA
FOS,HBEGF,AR;FOS;HBEGF;RUNX2;hsa-miR-182;hsa-miR-31,TF;TF;Gene;TF;miRNA;miRNA
BCL6,CCND2,AR;BCL6;CCND2;LEF1;PAX5;hsa-miR-20a,TF;TF;Gene;TF;TF;miRNA
SREBF1,PTHLH,AR;KLF5;PTHLH;SREBF1;hsa-miR-29b;hsa-miR-429,TF;TF;Gene;TF;miRNA;miRNA
AR,BACE1,AR;BACE1;TWIST1;hsa-miR-129;hsa-miR-20a;hsa-miR-27a,TF;Gene;TF;miRNA;miRNA;miRNA
ARNT,TBX3,ARNT;FOS;TBX3;TP53;hsa-miR-106b;hsa-miR-92a,TF;TF;Gene;TF;miRNA;miRNA
ARNT,CDCA7,ARNT;CDCA7;CREBBP;SMAD3;hsa-miR-106b;hsa-miR-17,TF;Gene;TF;TF;miRNA;miRNA
ARNT,GRHL1,ARNT;EPAS1;ESR1;GRHL1;hsa-miR-125b;hsa-miR-30b,TF;TF;TF;Gene;miRNA;miRNA
ARNT,MYCN,ARNT;EPAS1;ESR1;EZH2;MYCN;hsa-miR-24,TF;TF;TF;TF;TF;miRNA
ARNT,hsa-miR-23a,ARNT;EPAS1;FOS;NFKB1;hsa-miR-23a;hsa-miR-340,TF;TF;TF;TF;miRNA;miRNA
ARNT,SMAD7,ARNT;FOS;FOSB;JUN;SMAD7;hsa-miR-93,TF;TF;Gene;TF;Gene;miRNA
ARNT,FN1,ARNT;COL3A1;EPAS1;FN1;hsa-miR-101;hsa-miR-29c,TF;Gene;TF;Gene;miRNA;miRNA
ARNT,FN1,ARNT;CREBBP;FBN1;FN1;SP1;hsa-miR-101,TF;TF;Gene;Gene;TF;miRNA
ARNT,FN1,ARNT;CREBBP;FN1;PPARG;RELA;hsa-miR-101,TF;TF;Gene;TF;TF;miRNA
ARNT,BHLHE40,ARNT;BHLHE40;CREBBP;HDAC2;SP1;VDR,TF;Gene;TF;TF;TF;TF
ARNT,SMAD7,ARNT;BRCA1;EGR1;SMAD7;hsa-miR-181c;hsa-miR-25,TF;TF;TF;Gene;miRNA;miRNA
ARNT,VEGFA,ARNT;CREBBP;SP1;VEGFA;hsa-miR-106a;hsa-miR-195,TF;TF;TF;Gene;miRNA;miRNA
ARNT,VEGFA,ARNT;JUN;MYC;TFAP2A;VEGFA;hsa-miR-106a,TF;TF;TF;TF;Gene;miRNA
ARNT,VEGFA,ARNT;EP300;EPAS1;HDAC2;VEGFA;hsa-miR-424,TF;TF;TF;TF;Gene;miRNA
ARNT,VEGFA,ARNT;DNMT1;EP300;EPAS1;NFKB1;VEGFA,TF;TF;TF;TF;TF;Gene
ARNT,DDIT3,ARNT;CREBBP;DDIT3;FOXO3;JUN;STAT3,TF;TF;TF;TF;TF;TF
ARNT,FAS,ARNT;CREBBP;FAS;IRF3;JUN;RELA,TF;TF;Gene;TF;TF;TF
ARNT,VDR,ARNT;CREBBP;JUN;LEF1;VDR;hsa-miR-373,TF;TF;TF;TF;TF;miRNA
ARNT,SERPINE1,ARNT;EP300;EPAS1;NFKB1;SERPINE1;hsa-miR-34a,TF;TF;TF;TF;Gene;miRNA
ARNT,FURIN,ARNT;EP300;FURIN;SPI1;hsa-miR-19a;hsa-miR-93,TF;TF;Gene;TF;miRNA;miRNA
CTNNB1,DKK1,ASCL1;CTNNB1;DKK1;HES1;SOX9;hsa-miR-372,Gene;TF;Gene;TF;TF;miRNA
HNF4A,POU3F2,ASCL1;HNF4A;POU3F2;SMAD3;hsa-miR-27a;hsa-miR-655,Gene;TF;Gene;TF;miRNA;miRNA
MYC,FOSB,ASCL1;CREB1;FOSB;MYC;hsa-miR-148a;hsa-miR-22,Gene;TF;Gene;TF;miRNA;miRNA
SPI1,TGFBR2,ASCL1;CREB1;SPI1;TGFBR2;hsa-miR-142;hsa-miR-23a,Gene;TF;TF;Gene;miRNA;miRNA
hsa-miR-142,TGFBR2,ASCL1;ID4;SOX2;TGFBR2;hsa-miR-135b;hsa-miR-142,Gene;Gene;TF;Gene;miRNA;miRNA
hsa-miR-374a,ASPN,ASPN;FOSB;JUN;STAT3;hsa-miR-374a;hsa-miR-92a,Gene;Gene;TF;TF;miRNA;miRNA
GATA3,ASPN,ASPN;GATA3;RUNX1;TAL1;hsa-miR-26a;hsa-miR-92a,Gene;TF;TF;TF;miRNA;miRNA
RUNX1,ASPN,ASPN;JUN;MYC;RUNX1;hsa-miR-26a;hsa-miR-363,Gene;TF;TF;TF;miRNA;miRNA
HIF1A,ASS1,ASS1;HIF1A;MYC;SMAD7;hsa-miR-1271;hsa-miR-182,Gene;TF;TF;Gene;miRNA;miRNA
ATF3,TERT,ATF3;HDAC1;SMAD3;STAT3;TERT;hsa-miR-26a,TF;TF;TF;TF;Gene;miRNA
ATF3,STAT3,ATF3;BRCA1;CEBPB;SMAD3;SP1;STAT3,TF;TF;TF;TF;TF;TF
ATF3,DDIT3,ATF3;DDIT3;FOXA2;SMAD3;STAT3;hsa-miR-29b,TF;TF;TF;TF;TF;miRNA
EGR1,KLF10,ATF3;EGR1;KLF10;SMAD3;hsa-miR-200b;hsa-miR-23a,TF;TF;Gene;TF;miRNA;miRNA
E2F3,SMAD3,ATF3;E2F3;SKIL;SMAD3;hsa-let-7a;hsa-miR-27b,TF;TF;Gene;TF;miRNA;miRNA
EP300,MYOD1,ATF3;EP300;HIF1A;ID1;MYOD1;hsa-miR-27a,TF;TF;TF;Gene;TF;miRNA
hsa-let-7a,HRK,ATF3;BCL2L1;HRK;NFKB1;hsa-let-7a;hsa-miR-590,TF;Gene;Gene;TF;miRNA;miRNA
CREB1,ATF3,ATF3;CREB1;EGR1;FOXO1;HNF4A;hsa-miR-494,TF;TF;TF;TF;TF;miRNA
EGR1,IL6,ATF3;CEBPB;EGR1;EP300;IL6;hsa-miR-149,TF;TF;TF;TF;Gene;miRNA
E2F1,THBS1,ATF3;E2F1;MMP2;MYC;THBS1;hsa-miR-17,TF;TF;Gene;TF;Gene;miRNA
hsa-miR-27b,UGCG,ATF3;CEBPB;PPARG;UGCG;hsa-miR-145;hsa-miR-27b,TF;TF;TF;Gene;miRNA;miRNA
hsa-miR-199a,HIF1A,ATF3;CEBPB;CREB1;EP300;HIF1A;hsa-miR-199a,TF;TF;TF;TF;TF;miRNA
hsa-let-7a,MMP2,ATF3;MITF;MMP2;NFKB1;hsa-let-7a;hsa-miR-20b,TF;TF;Gene;TF;miRNA;miRNA
ATF4,STAT3,ATF4;IRF9;JUN;RELA;STAT3;hsa-miR-106b,TF;Gene;TF;TF;TF;miRNA
ATF4,TLR4,ATF4;CEBPB;DDIT3;IL6;TLR4;hsa-miR-93,TF;TF;TF;Gene;Gene;miRNA
SP1,hsa-miR-34a,ATF4;DDIT3;HDAC4;SIRT1;SP1;hsa-miR-34a,TF;TF;TF;TF;TF;miRNA
ATF4,SIRT1,ATF4;CREBBP;DDIT3;FOXO1;NFKB1;SIRT1,TF;TF;TF;TF;TF;TF
ATF4,PLAU,ATF4;EP300;ETS1;HIF1A;PLAU;SP1,TF;TF;TF;TF;Gene;TF
HDAC4,hsa-miR-34a,ATF4;DNMT1;EP300;HDAC4;SNAI1;hsa-miR-34a,TF;TF;TF;TF;TF;miRNA
HDAC4,TP73,ATF4;HDAC4;JUN;RELA;TP73;YY1,TF;TF;TF;TF;TF;TF
ATF4,MYB,ATF4;CEBPB;CREB1;EGR1;FOXO1;MYB,TF;TF;TF;TF;TF;TF
ATF4,MYH9,ATF4;CEBPB;CREB1;MYH9;hsa-miR-25;hsa-miR-9,TF;TF;TF;Gene;miRNA;miRNA
ATF4,THBS2,ATF4;CEBPB;IRF1;THBS2;hsa-miR-203;hsa-miR-93,TF;TF;TF;Gene;miRNA;miRNA
ATF4,CCL2,ATF4;CCL2;CEBPB;HDAC1;SP1;hsa-miR-124,TF;Gene;TF;TF;TF;miRNA
ATF4,TWIST1,ATF4;CEBPB;NFKB1;SNAI1;TWIST1;hsa-miR-25,TF;TF;TF;TF;TF;miRNA
ATF4,TLR4,ATF4;ESR1;TLR4;XBP1;hsa-miR-17;hsa-miR-93,TF;TF;Gene;TF;miRNA;miRNA
ATF4,MAP3K1,ATF4;CREB1;JUN;MAP3K1;hsa-miR-200c;hsa-miR-302a,TF;TF;TF;Gene;miRNA;miRNA
ATF4,TGFB2,ATF4;CREB1;RELA;TGFB2;hsa-miR-193b;hsa-miR-25,TF;TF;TF;Gene;miRNA;miRNA
ATF4,TGFBR2,ATF4;CREB1;EGR1;JUN;TGFBR2;hsa-miR-23b,TF;TF;TF;TF;Gene;miRNA
ATF4,hsa-miR-23b,ATF4;CREB1;EGR1;HIF1A;JUN;hsa-miR-23b,TF;TF;TF;TF;TF;miRNA
ATF4,PPARA,ATF4;CREBBP;FOS;HIF1A;JUN;PPARA,TF;TF;TF;TF;TF;TF
ATF4,FOXM1,ATF4;EP300;FOXM1;JUN;RUNX1;SP1,TF;TF;TF;TF;TF;TF
ATF4,SREBF1,ATF4;EP300;HDAC1;JUN;SP1;SREBF1,TF;TF;TF;TF;TF;TF
ATF4,hsa-miR-200c,ATF4;EP300;JUN;PPARA;SP1;hsa-miR-200c,TF;TF;TF;TF;TF;miRNA
ATF4,hsa-miR-301a,ATF4;EP300;HIF1A;JUN;PPARA;hsa-miR-301a,TF;TF;TF;TF;TF;miRNA
ATF4,KLF10,ATF4;JUN;KLF10;RELA;hsa-miR-30b;hsa-miR-93,TF;TF;Gene;TF;miRNA;miRNA
ATF4,KLF10,ATF4;JUN;KLF10;NFKB1;hsa-miR-30b;hsa-miR-93,TF;TF;Gene;TF;miRNA;miRNA
ATF4,KLF10,ATF4;JUN;KLF10;NFKB1;hsa-miR-17;hsa-miR-93,TF;TF;Gene;TF;miRNA;miRNA
ATF4,CCND2,ATF4;CCND2;EP300;SMAD4;hsa-miR-424;hsa-miR-93,TF;Gene;TF;TF;miRNA;miRNA
ATF4,SMAD6,ATF4;EP300;GATA1;SMAD6;hsa-miR-196b;hsa-miR-25,TF;TF;TF;Gene;miRNA;miRNA
hsa-miR-24,AXL,AXL;EGR1;RELA;hsa-miR-199a;hsa-miR-24;hsa-miR-92b,Gene;TF;TF;miRNA;miRNA;miRNA
NCOR1,BACE1,BACE1;NCOR1;SMAD3;YY1;hsa-miR-19a;hsa-miR-29c,Gene;TF;TF;TF;miRNA;miRNA
hsa-miR-29a,BACE1,BACE1;ID1;MYOD1;SMAD3;hsa-miR-200a;hsa-miR-29a,Gene;Gene;TF;TF;miRNA;miRNA
TP63,BACE1,BACE1;SMAD3;TP63;hsa-miR-181a;hsa-miR-200a;hsa-miR-374a,Gene;TF;TF;miRNA;miRNA;miRNA
EP300,BACE1,BACE1;EP300;KLF4;RELA;hsa-miR-200a;hsa-miR-212,Gene;TF;TF;TF;miRNA;miRNA
ESR1,BACE1,BACE1;ESR1;JUN;MYB;hsa-miR-200a;hsa-miR-7,Gene;TF;TF;TF;miRNA;miRNA
DNMT1,BACE1,BACE1;DNMT1;MYC;RB1;hsa-miR-19b;hsa-miR-200a,Gene;TF;TF;TF;miRNA;miRNA
HDAC3,BACE1,BACE1;HDAC3;JUN;MYC;hsa-miR-200a;hsa-miR-9,Gene;TF;TF;TF;miRNA;miRNA
HDAC4,BACE1,BACE1;HDAC4;HIF1A;hsa-let-7e;hsa-miR-29a;hsa-miR-497,Gene;TF;TF;miRNA;miRNA;miRNA
E2F1,BACE1,BACE1;E2F1;EZH2;hsa-miR-129;hsa-miR-195;hsa-miR-19b,Gene;TF;TF;miRNA;miRNA;miRNA
RELA,BACE1,BACE1;MYC;RELA;TFAP2A;hsa-let-7b;hsa-miR-29a,Gene;TF;TF;TF;miRNA;miRNA
MYC,BACE1,BACE1;MYC;TFAP2A;TWIST1;hsa-miR-141;hsa-miR-25,Gene;TF;TF;TF;miRNA;miRNA
MYC,BACE1,BACE1;MYC;TFAP2A;hsa-miR-141;hsa-miR-16;hsa-miR-27a,Gene;TF;TF;miRNA;miRNA;miRNA
CREB1,BACE1,BACE1;CREB1;CTNNB1;MYC;TFAP2A;hsa-miR-9,Gene;TF;TF;TF;TF;miRNA
FOSB,BACE1,BACE1;FOSB;JUN;NFKB1;SIRT1;hsa-miR-424,Gene;Gene;TF;TF;TF;miRNA
RUNX1,BACE1,BACE1;FHL2;NFKB1;RUNX1;hsa-miR-27a;hsa-miR-29b,Gene;Gene;TF;TF;miRNA;miRNA
EP300,BACE1,BACE1;EP300;HDAC2;RELA;RUNX1;hsa-miR-19a,Gene;TF;TF;TF;TF;miRNA
EP300,BACE1,BACE1;EP300;RELA;RUNX1;hsa-miR-19a;hsa-miR-212,Gene;TF;TF;TF;miRNA;miRNA
hsa-miR-135a,BACE1,BACE1;HOXA10;SQSTM1;TP53;hsa-miR-135a;hsa-miR-19b,Gene;TF;Gene;TF;miRNA;miRNA
E2F1,BACE1,BACE1;BMI1;E2F1;YY1;hsa-miR-19b;hsa-miR-29a,Gene;TF;TF;TF;miRNA;miRNA
CREBBP,BACE1,BACE1;CREBBP;EGR3;ESR1;RELA;hsa-miR-195,Gene;TF;TF;TF;TF;miRNA
hsa-miR-9,BACE1,BACE1;HIF1A;KLF5;SP1;hsa-miR-141;hsa-miR-9,Gene;TF;TF;TF;miRNA;miRNA
MAX,BACE1,BACE1;HOXA10;MAX;MYCN;hsa-miR-124;hsa-miR-16,Gene;TF;TF;TF;miRNA;miRNA
GATA1,BACE1,BACE1;CEBPA;ETS1;GATA1;RARA;hsa-miR-16,Gene;TF;TF;TF;TF;miRNA
CREB1,BACE1,BACE1;CREB1;CTNNB1;GATA1;MYC;hsa-miR-9,Gene;TF;TF;TF;TF;miRNA
EP300,BACE1,BACE1;EP300;MYOD1;SP1;hsa-miR-133a;hsa-miR-27a,Gene;TF;TF;TF;miRNA;miRNA
SMAD3,BACE1,BACE1;CEBPA;SMAD3;hsa-miR-27a;hsa-miR-29a;hsa-miR-92a,Gene;TF;TF;miRNA;miRNA;miRNA
JUN,BCL2L1,BCL2L1;JUN;NFKB1;YY1;hsa-let-7b;hsa-miR-29b,Gene;TF;TF;TF;miRNA;miRNA
PPARG,BCL2L1,BCL2L1;MYC;PPARG;hsa-let-7c;hsa-let-7d;hsa-let-7i,Gene;TF;TF;miRNA;miRNA;miRNA
EP300,BCL2L1,BCL2L1;EP300;SMAD3;STAT1;hsa-let-7a;hsa-miR-140,Gene;TF;TF;TF;miRNA;miRNA
hsa-miR-181b,BCL2L1,BCL2L1;FOS;MYC;SMAD7;hsa-let-7f;hsa-miR-181b,Gene;TF;TF;Gene;miRNA;miRNA
CEBPB,BCL2L1,BCL2L1;CEBPB;JUN;MYC;RELA;hsa-let-7i,Gene;TF;TF;TF;TF;miRNA
MYC,HRK,BCL2L1;HRK;MYC;hsa-let-7d;hsa-let-7g;hsa-miR-29a,Gene;Gene;TF;miRNA;miRNA;miRNA
HDAC1,BCL2L1,BCL2L1;HDAC1;HDAC3;JUN;STAT5A;hsa-miR-200a,Gene;TF;TF;TF;Gene;miRNA
YY1,TP73,BCL2L1;IRF9;STAT5A;TP73;YY1;hsa-miR-372,Gene;Gene;Gene;TF;TF;miRNA
NFKB1,BCL2L1,BCL2L1;IRF9;NFKB1;STAT5A;YY1;hsa-miR-372,Gene;Gene;TF;Gene;TF;miRNA
MYC,BCL2L1,BCL2L1;IRF9;MYC;STAT5A;hsa-let-7i;hsa-miR-372,Gene;Gene;TF;Gene;miRNA;miRNA
EZH2,HRK,BCL2L1;EZH2;HRK;STAT5A;hsa-miR-141;hsa-miR-27a,Gene;TF;Gene;Gene;miRNA;miRNA
CREBBP,BCL2L1,BCL2L1;BCL6;CREBBP;FOXO3;HNF4A;hsa-miR-377,Gene;TF;TF;TF;TF;miRNA
SP1,HRK,BCL2L1;HNF4A;HRK;SP1;hsa-miR-142;hsa-miR-183,Gene;TF;Gene;TF;miRNA;miRNA
FOXO3,BCL2L1,BCL2L1;BCL6;FOXO3;HDAC4;SMAD3;hsa-miR-140,Gene;TF;TF;TF;TF;miRNA
JUN,HRK,BCL2L1;HRK;JUN;MITF;hsa-let-7d;hsa-miR-21,Gene;Gene;TF;TF;miRNA;miRNA
FOXO3,BCL6,BCL6;FOXO3;HIF1A;IRF9;STAT5A;hsa-miR-373,TF;TF;TF;Gene;Gene;miRNA
FOXO3,TGFBR2,BCL6;FOXO3;RUNX1;TGFBR2;hsa-miR-155;hsa-miR-181c,TF;TF;TF;Gene;miRNA;miRNA
BCL6,CCND2,BCL6;CCND2;HDAC4;SIRT1;TP53;hsa-miR-106a,TF;Gene;TF;TF;TF;miRNA
BCL6,CCND2,BCL6;CCND2;HDAC1;HDAC2;TP53;hsa-miR-106a,TF;Gene;TF;TF;TF;miRNA
EP300,HNF4A,BCL6;EP300;FOXO1;HNF4A;JUND;TP53,TF;TF;TF;TF;TF;TF
BCL6,FN1,BCL6;FN1;TP53;TWIST1;hsa-miR-361;hsa-miR-429,TF;Gene;TF;TF;miRNA;miRNA
BCL6,BDNF,BCL6;BDNF;TP53;hsa-miR-155;hsa-miR-191;hsa-miR-381,TF;Gene;TF;miRNA;miRNA;miRNA
BCL6,MME,BCL6;HDAC1;LEF1;MME;MYC;SIRT1,TF;TF;TF;Gene;TF;TF
BCL6,hsa-miR-222,BCL6;HDAC4;JUN;MYC;ZBTB16;hsa-miR-222,TF;TF;TF;TF;TF;miRNA
BCL6,hsa-miR-222,BCL6;HDAC4;MYC;NCOR1;ZBTB16;hsa-miR-222,TF;TF;TF;TF;TF;miRNA
BCL6,RXRA,BCL6;HDAC4;HIF1A;NCOR1;PPARA;RXRA,TF;TF;TF;TF;TF;TF
STAT5A,CCND2,BCL6;CCND2;MYC;STAT5A;hsa-let-7c;hsa-let-7d,TF;Gene;TF;Gene;miRNA;miRNA
BCL6,CCND2,BCL6;CCND2;MYC;hsa-let-7c;hsa-let-7d;hsa-miR-26b,TF;Gene;TF;miRNA;miRNA;miRNA
BCL6,CCND2,BCL6;CCND2;MYC;hsa-let-7c;hsa-let-7d;hsa-miR-195,TF;Gene;TF;miRNA;miRNA;miRNA
BCL6,PTGER4,BCL6;MYC;MYCN;PTGER4;XBP1;hsa-miR-92a,TF;TF;TF;Gene;TF;miRNA
CTCF,hsa-miR-30d,BCL6;CTCF;GATA6;NANOG;NCOR1;hsa-miR-30d,TF;TF;TF;TF;TF;miRNA
BCL6,CCND2,BCL6;CCND2;HIF1A;NFKB1;PPARG;hsa-miR-145,TF;Gene;TF;TF;TF;miRNA
CREBBP,NOTCH1,BCL6;CREBBP;CTNNB1;NFKB1;NOTCH1;STAT5A,TF;TF;TF;TF;Gene;Gene
SPI1,FAS,BCL6;FAS;NFKB1;SPI1;hsa-miR-19a;hsa-miR-23a,TF;Gene;TF;TF;miRNA;miRNA
SPI1,TLR4,BCL6;HIF1A;NFKB1;SPI1;TLR4;hsa-miR-20a,TF;TF;TF;TF;Gene;miRNA
CTCF,ETV1,BCL6;CTCF;ETV1;POU5F1;hsa-miR-130a;hsa-miR-155,TF;TF;Gene;TF;miRNA;miRNA
hsa-miR-30c,BDNF,BDNF;CEBPA;TP53;hsa-miR-155;hsa-miR-15b;hsa-miR-30c,Gene;TF;TF;miRNA;miRNA;miRNA
HIF1A,BDNF,BDNF;HIF1A;hsa-miR-103;hsa-miR-107;hsa-miR-182;hsa-miR-191,Gene;TF;miRNA;miRNA;miRNA;miRNA
E2F1,NTF3,BDNF;E2F1;FOXM1;NTF3;hsa-miR-200b;hsa-miR-452,Gene;TF;TF;Gene;miRNA;miRNA
TP53,BDNF,BDNF;SOX2;TP53;hsa-miR-15a;hsa-miR-300;hsa-miR-424,Gene;TF;TF;miRNA;miRNA;miRNA
HIF1A,BDNF,BDNF;HIF1A;TP53;hsa-miR-103;hsa-miR-155;hsa-miR-15a,Gene;TF;TF;miRNA;miRNA;miRNA
E2F1,BDNF,BDNF;BRCA1;E2F1;HIF1A;hsa-miR-15a;hsa-miR-210,Gene;TF;TF;TF;miRNA;miRNA
hsa-miR-613,CD2AP,BDNF;CD2AP;MECP2;SOX2;hsa-miR-301a;hsa-miR-613,Gene;Gene;TF;TF;miRNA;miRNA
EP300,BDNF,BDNF;EP300;EPAS1;SPI1;hsa-miR-30b;hsa-miR-424,Gene;TF;TF;TF;miRNA;miRNA
EP300,BDNF,BDNF;EP300;EPAS1;SPI1;hsa-miR-30d;hsa-miR-424,Gene;TF;TF;TF;miRNA;miRNA
CREBBP,BDNF,BDNF;CREBBP;HDAC2;SMAD4;hsa-miR-155;hsa-miR-424,Gene;TF;TF;TF;miRNA;miRNA
EP300,MECP2,BDNF;DNMT1;EP300;MECP2;YY1;hsa-miR-10a,Gene;TF;TF;TF;TF;miRNA
SP1,BHLHE40,BHLHE40;DNMT1;GATA3;SP1;hsa-miR-130a;hsa-miR-200a,Gene;TF;TF;TF;miRNA;miRNA
NFKB1,BHLHE40,BHLHE40;KLF5;NFKB1;hsa-miR-130a;hsa-miR-141;hsa-miR-214,Gene;TF;TF;miRNA;miRNA;miRNA
HDAC2,BHLHE40,BHLHE40;HDAC2;SNAI1;STAT3;hsa-miR-181a;hsa-miR-200a,Gene;TF;TF;TF;miRNA;miRNA
hsa-miR-381,BHLHE40,BHLHE40;ID1;MYOD1;SMAD3;hsa-miR-140;hsa-miR-381,Gene;Gene;TF;TF;miRNA;miRNA
EGR1,BHLHE40,BHLHE40;EGR1;JUN;VDR;hsa-miR-130b;hsa-miR-181c,Gene;TF;TF;TF;miRNA;miRNA
BMI1,CDH11,BMI1;CDH11;HNF4A;TP53;hsa-miR-200c;hsa-miR-26a,TF;Gene;TF;TF;miRNA;miRNA
MYCN,CCND2,BMI1;CCND2;MYCN;TP53;hsa-miR-106a;hsa-miR-124,TF;Gene;TF;TF;miRNA;miRNA
TWIST1,BRCA1,BMI1;BRCA1;CCND2;RB1;TWIST1;hsa-miR-372,TF;TF;Gene;TF;TF;miRNA
MYCN,BMI1,BMI1;EPAS1;HIF1A;MYCN;TWIST1;hsa-miR-20b,TF;TF;TF;TF;TF;miRNA
POU5F1,SEMA6A,BMI1;POU5F1;SEMA6A;TWIST1;hsa-miR-141;hsa-miR-367,TF;TF;Gene;TF;miRNA;miRNA
MYC,BMI1,BMI1;MYC;POU5F1;TWIST1;hsa-miR-25;hsa-miR-367,TF;TF;TF;TF;miRNA;miRNA
E2F1,CCND2,BMI1;CCND2;E2F1;SOX2;hsa-miR-141;hsa-miR-19b,TF;Gene;TF;TF;miRNA;miRNA
E2F1,CCND2,BMI1;CCND2;E2F1;EZH2;hsa-miR-141;hsa-miR-19b,TF;Gene;TF;TF;miRNA;miRNA
E2F1,hsa-miR-200b,BMI1;E2F1;E2F3;HDAC2;TP63;hsa-miR-200b,TF;TF;TF;TF;TF;miRNA
E2F1,SNAP25,BMI1;E2F1;HDAC2;SNAP25;hsa-miR-200b;hsa-miR-27b,TF;TF;TF;Gene;miRNA;miRNA
MYC,FN1,BMI1;FBN1;FN1;MYC;hsa-miR-200c;hsa-miR-92a,TF;Gene;Gene;TF;miRNA;miRNA
HIF1A,UGCG,BMI1;HIF1A;MYC;UGCG;hsa-let-7i;hsa-miR-145,TF;TF;TF;Gene;miRNA;miRNA
MYCN,LOX,BMI1;BRCA1;HIF1A;LOX;MYCN;hsa-miR-124,TF;TF;TF;Gene;TF;miRNA
E2F1,SNAI1,BMI1;E2F1;EZH2;PPARG;SMAD3;SNAI1,TF;TF;TF;TF;TF;TF
E2F1,MAP3K1,BMI1;E2F1;EZH2;MAP3K1;hsa-miR-20a;hsa-miR-31,TF;TF;TF;Gene;miRNA;miRNA
IRF1,hsa-miR-200c,BMI1;E2F1;EZH2;IRF1;JUN;hsa-miR-200c,TF;TF;TF;TF;TF;miRNA
MYCN,EPAS1,BMI1;EPAS1;MYCN;YY1;hsa-miR-182;hsa-miR-29b,TF;TF;TF;TF;miRNA;miRNA
SP1,EPAS1,BMI1;EPAS1;MYCN;SP1;YY1;hsa-miR-29b,TF;TF;TF;TF;TF;miRNA
HDAC1,hsa-miR-200c,BMI1;HDAC1;KLF4;MYCN;STAT3;hsa-miR-200c,TF;TF;TF;TF;TF;miRNA
E2F1,PTHLH,BMI1;E2F1;FOXM1;PTHLH;hsa-miR-200c;hsa-miR-93,TF;TF;TF;Gene;miRNA;miRNA
HDAC2,BMP7,BMP7;HDAC2;MITF;STAT3;hsa-miR-125b;hsa-miR-363,Gene;TF;TF;TF;miRNA;miRNA
EP300,BMP7,BMP7;EP300;LEF1;STAT3;hsa-miR-30e;hsa-miR-92a,Gene;TF;TF;TF;miRNA;miRNA
SMAD3,BMP7,BMP7;EGR1;SMAD3;SP1;hsa-miR-30d;hsa-miR-32,Gene;TF;TF;TF;miRNA;miRNA
CTCF,INSM1,BRCA1;CTCF;INSM1;STAT1;hsa-miR-124;hsa-miR-375,TF;TF;Gene;TF;miRNA;miRNA
SP1,STAT1,BRCA1;CREB1;REST;SP1;STAT1;hsa-miR-9,TF;TF;TF;TF;TF;miRNA
SP1,STAT1,BRCA1;ID4;SMAD7;SP1;STAT1;hsa-miR-200c,TF;Gene;Gene;TF;TF;miRNA
BRCA1,FOS,BRCA1;CEBPB;FOS;PPARG;hsa-miR-155;hsa-miR-29b,TF;TF;TF;TF;miRNA;miRNA
SP1,FBN1,BRCA1;FBN1;IRF1;SP1;hsa-miR-205;hsa-miR-29b,TF;Gene;TF;TF;miRNA;miRNA
CTNNB1,VEGFA,BRCA1;CTNNB1;KLF4;MEN1;SMAD3;VEGFA,TF;TF;TF;TF;TF;Gene
MEN1,hsa-miR-27a,BRCA1;EPAS1;MEN1;MYC;hsa-miR-155;hsa-miR-27a,TF;TF;TF;TF;miRNA;miRNA
MTA1,LIF,BRCA1;HIF1A;LIF;MTA1;hsa-miR-22;hsa-miR-29c,TF;TF;Gene;TF;miRNA;miRNA
hsa-miR-24,CCND2,BRCA1;CCND2;EGR1;IRF9;SP1;hsa-miR-24,TF;Gene;TF;Gene;TF;miRNA
RB1,IRF9,BRCA1;IRF9;MYCN;RB1;SP1;hsa-miR-93,TF;Gene;TF;TF;TF;miRNA
BRCA1,IRF9,BRCA1;HDAC1;IRF9;LEF1;SMAD3;hsa-miR-20a,TF;TF;Gene;TF;TF;miRNA
CTCF,IRAK2,BRCA1;CTCF;HIF1A;IRAK2;TWIST1;hsa-miR-372,TF;TF;TF;Gene;TF;miRNA
E2F1,DAPK1,BRCA1;DAPK1;E2F1;HDAC2;MBD2;hsa-let-7a,TF;Gene;TF;TF;TF;miRNA
E2F1,SPRY1,BRCA1;E2F1;SPRY1;STAT3;hsa-miR-29a;hsa-miR-34a,TF;TF;Gene;TF;miRNA;miRNA
E2F1,ITGA5,BRCA1;E2F1;ITGA5;STAT3;hsa-miR-25;hsa-miR-27b,TF;TF;Gene;TF;miRNA;miRNA
E2F1,hsa-miR-34a,BRCA1;E2F1;HNF4A;SIRT1;hsa-miR-34a;hsa-miR-7,TF;TF;TF;TF;miRNA;miRNA
JUN,BRCA1,BRCA1;CEBPA;E2F1;JUN;RUNX2;hsa-miR-31,TF;TF;TF;TF;TF;miRNA
CEBPB,hsa-miR-146b,BRCA1;CEBPB;E2F1;JUN;RELA;hsa-miR-146b,TF;TF;TF;TF;TF;miRNA
E2F1,F3,BRCA1;E2F1;E2F3;F3;hsa-miR-152;hsa-miR-17,TF;TF;TF;Gene;miRNA;miRNA
E2F1,TGFBR2,BRCA1;E2F1;HIF1A;TGFBR2;hsa-miR-27b;hsa-miR-372,TF;TF;TF;Gene;miRNA;miRNA
POU5F1,BRCA1,BRCA1;POU5F1;SMAD3;SMAD4;SP1;YY1,TF;TF;TF;TF;TF;TF
YY1,SERPINE1,BRCA1;EGR1;EPAS1;SERPINE1;YY1;hsa-miR-30c,TF;TF;TF;Gene;TF;miRNA
YY1,hsa-miR-24,BRCA1;EPAS1;HIF1A;YY1;hsa-miR-152;hsa-miR-24,TF;TF;TF;TF;miRNA;miRNA
YY1,JUND,BRCA1;EGR1;FOSB;JUND;YY1;hsa-miR-29b,TF;TF;Gene;TF;TF;miRNA
YY1,VEGFA,BRCA1;E2F3;HIF1A;VEGFA;YY1;hsa-miR-497,TF;TF;TF;Gene;TF;miRNA
RB1,VEGFA,BRCA1;RB1;STAT3;VEGFA;hsa-miR-143;hsa-miR-29a,TF;TF;TF;Gene;miRNA;miRNA
BRCA1,CTNNB1,BRCA1;CDH11;CDH3;CTNNB1;STAT3;hsa-miR-204,TF;Gene;Gene;TF;TF;miRNA
CREB1,SMAD7,BRCA1;CREB1;JUN;SMAD7;STAT3;hsa-miR-92a,TF;TF;TF;Gene;TF;miRNA
JUN,hsa-miR-182,BRCA1;JUN;PPARA;SREBF2;STAT3;hsa-miR-182,TF;TF;TF;TF;TF;miRNA
JUN,STAT3,BRCA1;HDAC2;JUN;MET;MITF;STAT3,TF;TF;TF;Gene;TF;TF
BRCA1,THBS2,BRCA1;EGR1;STAT3;THBS2;hsa-miR-185;hsa-miR-96,TF;TF;TF;Gene;miRNA;miRNA
hsa-miR-543,SMAD7,BRCA1;ID4;SMAD7;STAT3;hsa-miR-181b;hsa-miR-543,TF;Gene;Gene;TF;miRNA;miRNA
JUN,hsa-miR-145,BRCA1;JUN;RELA;SIRT1;TP73;hsa-miR-145,TF;TF;TF;TF;TF;miRNA
JUN,SIRT1,BRCA1;JUN;NCOR1;NFKB2;RELA;SIRT1,TF;TF;TF;TF;TF;TF
BRCA1,SOX2,BRCA1;HDAC1;LEF1;MYC;SIRT1;SOX2,TF;TF;TF;TF;TF;TF
ID4,SOX2,BRCA1;HDAC1;ID4;MYC;SIRT1;SOX2,TF;TF;Gene;TF;TF;TF
BRCA1,EPAS1,BRCA1;EGR1;EPAS1;HDAC2;RELA;hsa-miR-20b,TF;TF;TF;TF;TF;miRNA
BRCA1,CYLD,BRCA1;CYLD;EGR1;HIF1A;hsa-miR-301a;hsa-miR-301b,TF;Gene;TF;TF;miRNA;miRNA
BRCA1,F3,BRCA1;EGR1;F3;MYC;hsa-miR-18a;hsa-miR-18b,TF;TF;Gene;TF;miRNA;miRNA
SP1,hsa-miR-200a,BRCA1;EGR1;KLF5;SP1;hsa-miR-200a;hsa-miR-214,TF;TF;TF;TF;miRNA;miRNA
HMGA1,hsa-miR-200c,BRCA1;HMGA1;KLF5;TWIST1;hsa-miR-152;hsa-miR-200c,TF;TF;TF;TF;miRNA;miRNA
BRCA1,hsa-miR-429,BRCA1;HDAC1;HIF1A;SNAI2;hsa-miR-181c;hsa-miR-429,TF;TF;TF;TF;miRNA;miRNA
BRCA1,hsa-miR-429,BRCA1;HDAC1;LEF1;MYC;TP73;hsa-miR-429,TF;TF;TF;TF;TF;miRNA
BRCA1,SPP1,BRCA1;CD44;HDAC1;HIF1A;SPP1;hsa-miR-181c,TF;Gene;TF;TF;Gene;miRNA
BRCA1,FBN1,BRCA1;FBN1;HIF1A;MYC;hsa-miR-32;hsa-miR-382,TF;Gene;TF;TF;miRNA;miRNA
JUN,MAP3K1,BRCA1;JUN;MAP3K1;MYC;hsa-let-7f;hsa-miR-26a,TF;TF;Gene;TF;miRNA;miRNA
hsa-miR-27a,SEMA6A,BRCA1;HDAC2;ID4;SEMA6A;hsa-miR-200a;hsa-miR-27a,TF;TF;Gene;Gene;miRNA;miRNA
JUN,UGCG,BRCA1;JUN;POU2F1;UGCG;hsa-let-7g;hsa-miR-429,TF;TF;TF;Gene;miRNA;miRNA
SP1,EPAS1,BRCA1;EPAS1;SP1;hsa-miR-152;hsa-miR-17;hsa-miR-182,TF;TF;TF;miRNA;miRNA;miRNA
CREB1,ETV1,BRCA1;CREB1;ETV1;JUN;hsa-miR-155;hsa-miR-302a,TF;TF;Gene;TF;miRNA;miRNA
ETS1,TERT,CACNA1H;ESR2;ETS1;RUNX1;TERT;hsa-miR-92a,Gene;TF;TF;TF;Gene;miRNA
RUNX1,hsa-miR-221,CACNA1H;ESR2;JUN;RUNX1;hsa-miR-221;hsa-miR-92a,Gene;TF;TF;TF;miRNA;miRNA
hsa-miR-199a,FOXO1,CAV1;CITED2;CREBBP;ESR1;FOXO1;hsa-miR-199a,Gene;Gene;TF;TF;TF;miRNA
PPARG,hsa-miR-21,CAV1;ESR1;PPARG;RARA;SPI1;hsa-miR-21,Gene;TF;TF;TF;TF;miRNA
CAV1,GJA1,CAV1;CTNNB1;GJA1;MYC;hsa-miR-19a;hsa-miR-30a,Gene;TF;Gene;TF;miRNA;miRNA
NFKB1,TERT,CAV1;ESR2;NFKB1;PPARG;SMAD3;TERT,Gene;TF;TF;TF;TF;Gene
PPARG,THBS1,CAV1;ITGB1;PPARG;RELA;SNAI1;THBS1,Gene;Gene;TF;TF;TF;Gene
RELA,GJA1,CAV1;EGR1;GJA1;RELA;hsa-miR-124;hsa-miR-23a,Gene;TF;Gene;TF;miRNA;miRNA
SREBF1,TLR4,CAV1;COL1A1;FN1;SREBF1;TLR4;hsa-miR-29b,Gene;Gene;Gene;TF;Gene;miRNA
ESR1,CCL2,CCL2;CEBPA;ESR1;HDAC2;STAT1;hsa-miR-92a,Gene;TF;TF;TF;TF;miRNA
CREBBP,CCL2,CCL2;CEBPA;CREBBP;FOXO3;LEF1;STAT3,Gene;TF;TF;TF;TF;TF
HDAC2,SERPINE1,CCL2;EPAS1;HDAC2;KLF4;SERPINE1;hsa-miR-96,Gene;TF;TF;TF;Gene;miRNA
SP1,SERPINE1,CCL2;KLF10;SERPINE1;SP1;TP53;hsa-miR-19a,Gene;Gene;Gene;TF;TF;miRNA
hsa-miR-19b,CCL2,CCL2;ID4;SOX2;STAT3;hsa-miR-124;hsa-miR-19b,Gene;Gene;TF;TF;miRNA;miRNA
MYC,CCND2,CCND2;MYC;TWIST1;hsa-miR-106b;hsa-miR-372;hsa-miR-497,Gene;TF;TF;miRNA;miRNA;miRNA
MYC,CCND2,CCND2;MYC;hsa-miR-106b;hsa-miR-141;hsa-miR-18b;hsa-miR-373,Gene;TF;miRNA;miRNA;miRNA;miRNA
MYC,CCND2,CCND2;MYC;hsa-miR-106b;hsa-miR-16;hsa-miR-18b;hsa-miR-372,Gene;TF;miRNA;miRNA;miRNA;miRNA
JUN,CCND2,CCND2;EZH2;JUN;SNAI2;hsa-miR-106b;hsa-miR-200a,Gene;TF;TF;TF;miRNA;miRNA
hsa-miR-196a,CCND2,CCND2;MYC;hsa-let-7b;hsa-miR-106b;hsa-miR-196a;hsa-miR-373,Gene;TF;miRNA;miRNA;miRNA;miRNA
MYC,CCND2,CCND2;GATA1;MYC;hsa-miR-106b;hsa-miR-196b;hsa-miR-26b,Gene;TF;TF;miRNA;miRNA;miRNA
HDAC1,CCND2,CCND2;E2F3;HDAC1;MYC;hsa-miR-106b;hsa-miR-19b,Gene;TF;TF;TF;miRNA;miRNA
EGR1,CCND2,CCND2;EGR1;MYB;MYC;hsa-miR-106b;hsa-miR-20a,Gene;TF;TF;TF;miRNA;miRNA
E2F1,CCND2,CCND2;E2F1;FOXO3;MYB;hsa-miR-141;hsa-miR-15b,Gene;TF;TF;TF;miRNA;miRNA
CTNNB1,CCND2,CCND2;CTNNB1;FOXO3;NANOG;hsa-miR-182;hsa-miR-302d,Gene;TF;TF;TF;miRNA;miRNA
CTNNB1,CCND2,CCND2;CTNNB1;FOXO3;NANOG;RUNX1;hsa-miR-19a,Gene;TF;TF;TF;TF;miRNA
CTNNB1,RB1,CCND2;CITED2;CTNNB1;FOXO3;RB1;hsa-miR-199a,Gene;Gene;TF;TF;TF;miRNA
CTNNB1,CCND2,CCND2;CITED2;CTNNB1;FOXO3;RELA;hsa-miR-199a,Gene;Gene;TF;TF;TF;miRNA
NFKB1,CCND2,CCND2;FOXO3;NFKB1;NFKB2;hsa-let-7c;hsa-miR-150,Gene;TF;TF;TF;miRNA;miRNA
hsa-miR-206,CCND2,CCND2;CITED2;FOXM1;FOXO3;hsa-miR-200a;hsa-miR-206,Gene;Gene;TF;TF;miRNA;miRNA
EP300,CCND2,CCND2;EP300;EZH2;FOXO3;NFKB1;hsa-miR-200a,Gene;TF;TF;TF;TF;miRNA
EP300,CCND2,CCND2;EP300;FOXO3;RXRA;hsa-let-7c;hsa-miR-145,Gene;TF;TF;TF;miRNA;miRNA
RELA,CCND2,CCND2;FOXO3;RELA;STAT3;hsa-miR-20a;hsa-miR-29a,Gene;TF;TF;TF;miRNA;miRNA
RELA,CCND2,CCND2;FOXO3;RELA;STAT3;hsa-let-7e;hsa-miR-143,Gene;TF;TF;TF;miRNA;miRNA
hsa-miR-19b,CCND2,CCND2;E2F3;FOXO3;RELA;hsa-miR-195;hsa-miR-19b,Gene;TF;TF;TF;miRNA;miRNA
FOXO3,CCND2,CCND2;FOXO3;HIF1A;MYC;hsa-miR-141;hsa-miR-24,Gene;TF;TF;TF;miRNA;miRNA
TP53,CCND2,CCND2;TP53;hsa-let-7b;hsa-miR-143;hsa-miR-15b;hsa-miR-506,Gene;TF;miRNA;miRNA;miRNA;miRNA
PPARG,CCND2,CCND2;PPARG;TP53;hsa-miR-15b;hsa-miR-19b;hsa-miR-29b,Gene;TF;TF;miRNA;miRNA;miRNA
CREB1,CCND2,CCND2;CREB1;hsa-let-7b;hsa-miR-15b;hsa-miR-302a;hsa-miR-335,Gene;TF;miRNA;miRNA;miRNA;miRNA
PPARG,CCND2,CCND2;MYC;PPARG;hsa-let-7a;hsa-miR-20a;hsa-miR-613,Gene;TF;TF;miRNA;miRNA;miRNA
CEBPB,CCND2,CCND2;CEBPB;HDAC1;SMAD3;hsa-miR-200a;hsa-miR-503,Gene;TF;TF;TF;miRNA;miRNA
hsa-miR-19b,CCND2,CCND2;RUNX1;SMAD3;SP1;hsa-miR-19b;hsa-miR-424,Gene;TF;TF;TF;miRNA;miRNA
EP300,CCND2,CCND2;EP300;ETV4;RUNX1;SMAD3;hsa-miR-29b,Gene;TF;TF;TF;TF;miRNA
hsa-miR-19b,CCND2,CCND2;CEBPB;EP300;GATA4;SMAD3;hsa-miR-19b,Gene;TF;TF;TF;TF;miRNA
EGR1,CCND2,CCND2;EGR1;EP300;FOS;MAFB;SMAD3,Gene;TF;TF;TF;TF;TF
hsa-miR-1,CCND2,CCND2;MYOD1;SMAD3;hsa-let-7b;hsa-miR-1;hsa-miR-455,Gene;TF;TF;miRNA;miRNA;miRNA
hsa-miR-218,CCND2,CCND2;HIF1A;SKIL;SMAD3;hsa-miR-204;hsa-miR-218,Gene;TF;Gene;TF;miRNA;miRNA
HIF1A,CCND2,CCND2;HIF1A;SMAD3;SOX2;hsa-miR-204;hsa-miR-302c,Gene;TF;TF;TF;miRNA;miRNA
HDAC1,CCND2,CCND2;HDAC1;SMAD3;STAT3;STAT5A;hsa-let-7d,Gene;TF;TF;TF;Gene;miRNA
HNF4A,CCND2,CCND2;HNF4A;SMAD3;hsa-miR-143;hsa-miR-29a;hsa-miR-96,Gene;TF;TF;miRNA;miRNA;miRNA
POU5F1,CCND2,CCND2;POU5F1;SMAD3;hsa-miR-19a;hsa-miR-302c;hsa-miR-494,Gene;TF;TF;miRNA;miRNA;miRNA
HDAC1,CCND2,CCND2;EGR1;HDAC1;LEF1;SMAD3;hsa-miR-124,Gene;TF;TF;TF;TF;miRNA
HDAC1,CCND2,CCND2;EGR1;HDAC1;SMAD3;hsa-miR-124;hsa-miR-185,Gene;TF;TF;TF;miRNA;miRNA
HDAC1,CCND2,CCND2;EGR1;HDAC1;MYCN;SMAD3;hsa-miR-124,Gene;TF;TF;TF;TF;miRNA
HDAC1,CCND2,CCND2;EGR1;HDAC1;POU5F1;SMAD3;hsa-miR-124,Gene;TF;TF;TF;TF;miRNA
CEBPB,CCND2,CCND2;CEBPB;EGR1;HDAC1;SMAD3;hsa-miR-20b,Gene;TF;TF;TF;TF;miRNA
FOXO1,CCND2,CCND2;EGR1;FOXO1;KLF2;SMAD3;hsa-miR-150,Gene;TF;TF;TF;TF;miRNA
RELA,CCND2,CCND2;EGR1;RELA;SMAD3;hsa-miR-150;hsa-miR-494,Gene;TF;TF;TF;miRNA;miRNA
LEF1,CCND2,CCND2;CEBPA;LEF1;NFKB1;RUNX1;SMAD3,Gene;TF;TF;TF;TF;TF
CEBPB,CCND2,CCND2;CEBPB;HIF1A;NFKB1;SMAD3;hsa-miR-494,Gene;TF;TF;TF;TF;miRNA
E2F1,CCND2,CCND2;CREBBP;E2F1;MYOD1;SMAD3;hsa-let-7i,Gene;TF;TF;TF;TF;miRNA
ESR2,CCND2,CCND2;ESR2;NCOR1;SMAD3;SP1;hsa-miR-373,Gene;TF;TF;TF;TF;miRNA
HIF1A,VEGFA,CCND2;HIF1A;RB1;SMAD3;VEGFA;hsa-miR-29c,Gene;TF;TF;TF;Gene;miRNA
hsa-miR-375,CCND2,CCND2;KLF5;PPARG;SMAD3;hsa-miR-18a;hsa-miR-375,Gene;TF;TF;TF;miRNA;miRNA
SMAD3,CCND2,CCND2;GATA1;POU2F1;SMAD3;STAT3;hsa-miR-196b,Gene;TF;TF;TF;TF;miRNA
NFYA,CCND2,CCND2;NFYA;SP1;hsa-miR-106a;hsa-miR-182;hsa-miR-373,Gene;TF;TF;miRNA;miRNA;miRNA
CREBBP,CCND2,CCND2;CREBBP;HDAC1;HDAC9;TP53;hsa-miR-106a,Gene;TF;TF;TF;TF;miRNA
hsa-miR-135a,CCND2,CCND2;HOXA10;TP53;hsa-miR-106a;hsa-miR-135a;hsa-miR-519d,Gene;TF;TF;miRNA;miRNA;miRNA
SREBF2,CCND2,CCND2;SREBF2;TP53;hsa-miR-106a;hsa-miR-141;hsa-miR-182,Gene;TF;TF;miRNA;miRNA;miRNA
EZH2,CCND2,CCND2;EZH2;HDAC1;RUNX1;hsa-let-7c;hsa-miR-106a,Gene;TF;TF;TF;miRNA;miRNA
E2F1,CCND2,CCND2;E2F1;EZH2;hsa-miR-106a;hsa-miR-26a;hsa-miR-519d,Gene;TF;TF;miRNA;miRNA;miRNA
E2F1,CCND2,CCND2;CREBBP;E2F1;FOS;MAFB;hsa-miR-106a,Gene;TF;TF;TF;TF;miRNA
CREB1,CCND2,CCND2;CREB1;MITF;STAT3;hsa-miR-106a;hsa-miR-20a,Gene;TF;TF;TF;miRNA;miRNA
CREB1,CCND2,CCND2;CREB1;MITF;STAT3;hsa-miR-106a;hsa-miR-370,Gene;TF;TF;TF;miRNA;miRNA
CREB1,CCND2,CCND2;CREB1;MITF;RELA;STAT3;hsa-miR-106a,Gene;TF;TF;TF;TF;miRNA
HDAC9,CCND2,CCND2;ESR1;HDAC9;RELA;hsa-miR-18b;hsa-miR-497,Gene;TF;TF;TF;miRNA;miRNA
HDAC1,CCND2,CCND2;HDAC1;MYCN;SIRT1;hsa-miR-18b;hsa-miR-503,Gene;TF;TF;TF;miRNA;miRNA
EGR1,CCND2,CCND2;EGR1;IRF9;JUN;hsa-miR-18b;hsa-miR-93,Gene;TF;Gene;TF;miRNA;miRNA
HDAC1,CCND2,CCND2;HDAC1;IRF9;JUN;hsa-miR-18b;hsa-miR-93,Gene;TF;Gene;TF;miRNA;miRNA
EGR1,CCND2,CCND2;EGR1;MYB;MYC;hsa-let-7f;hsa-miR-18b,Gene;TF;TF;TF;miRNA;miRNA
SP1,CCND2,CCND2;MYCN;SP1;YY1;hsa-miR-18b;hsa-miR-372,Gene;TF;TF;TF;miRNA;miRNA
EP300,CCND2,CCND2;EP300;JUN;TP53;hsa-miR-150;hsa-miR-15a,Gene;TF;TF;TF;miRNA;miRNA
EP300,CCND2,CCND2;EP300;JUN;SP1;TP53;hsa-miR-150,Gene;TF;TF;TF;TF;miRNA
EP300,CCND2,CCND2;EP300;GATA4;JUN;TP53;hsa-miR-150,Gene;TF;TF;TF;TF;miRNA
EP300,CCND2,CCND2;EP300;JUN;TP53;hsa-miR-139;hsa-miR-150,Gene;TF;TF;TF;miRNA;miRNA
EP300,CCND2,CCND2;EP300;TP53;hsa-miR-150;hsa-miR-200a;hsa-miR-29a,Gene;TF;TF;miRNA;miRNA;miRNA
hsa-miR-196a,CCND2,CCND2;TP53;TWIST1;hsa-miR-150;hsa-miR-196a;hsa-miR-200a,Gene;TF;TF;miRNA;miRNA;miRNA
TP53,CCND2,CCND2;TP53;TWIST1;hsa-miR-150;hsa-miR-200a;hsa-miR-381,Gene;TF;TF;miRNA;miRNA;miRNA
TP53,CCND2,CCND2;SOX2;TP53;hsa-miR-135b;hsa-miR-150;hsa-miR-429,Gene;TF;TF;miRNA;miRNA;miRNA
CTNNB1,CCND2,CCND2;CTNNB1;EP300;SP1;hsa-miR-150;hsa-miR-195,Gene;TF;TF;TF;miRNA;miRNA
CTNNB1,CCND2,CCND2;CTNNB1;HIF1A;hsa-miR-150;hsa-miR-183;hsa-miR-185,Gene;TF;TF;miRNA;miRNA;miRNA
CTNNB1,CCND2,CCND2;CTNNB1;SMAD4;SP1;hsa-miR-150;hsa-miR-195,Gene;TF;TF;TF;miRNA;miRNA
STAT3,CCND2,CCND2;STAT3;hsa-miR-150;hsa-miR-204;hsa-miR-370;hsa-miR-520d,Gene;TF;miRNA;miRNA;miRNA;miRNA
RELA,CCND2,CCND2;RELA;STAT3;hsa-miR-150;hsa-miR-204;hsa-miR-520d,Gene;TF;TF;miRNA;miRNA;miRNA
hsa-miR-302c,CCND2,CCND2;IRF9;STAT3;hsa-miR-150;hsa-miR-302c;hsa-miR-370,Gene;Gene;TF;miRNA;miRNA;miRNA
hsa-miR-302b,CCND2,CCND2;IRF9;STAT3;hsa-miR-150;hsa-miR-15a;hsa-miR-302b,Gene;Gene;TF;miRNA;miRNA;miRNA
LEF1,CCND2,CCND2;LEF1;MYC;hsa-let-7e;hsa-miR-150;hsa-miR-29b,Gene;TF;TF;miRNA;miRNA;miRNA
NFKB1,CCND2,CCND2;HIF1A;NFKB1;hsa-miR-150;hsa-miR-185;hsa-miR-29a,Gene;TF;TF;miRNA;miRNA;miRNA
MYC,CCND2,CCND2;MYC;hsa-let-7i;hsa-miR-141;hsa-miR-150;hsa-miR-29c,Gene;TF;miRNA;miRNA;miRNA;miRNA
FOXO1,CCND2,CCND2;EGR1;FOXO1;MYC;SIRT1;hsa-miR-150,Gene;TF;TF;TF;TF;miRNA
SP1,CCND2,CCND2;SP1;SQSTM1;TP53;TP63;hsa-miR-200a,Gene;TF;Gene;TF;TF;miRNA
NFKB1,CCND2,CCND2;NFKB1;STAT3;hsa-miR-15a;hsa-miR-200a;hsa-miR-494,Gene;TF;TF;miRNA;miRNA;miRNA
ZEB2,CCND2,CCND2;STAT3;ZEB2;hsa-miR-16;hsa-miR-19a;hsa-miR-200a,Gene;TF;TF;miRNA;miRNA;miRNA
NFKB1,CCND2,CCND2;NFKB1;STAT3;hsa-miR-143;hsa-miR-200a;hsa-miR-29c,Gene;TF;TF;miRNA;miRNA;miRNA
JUN,CCND2,CCND2;JUN;RUNX2;STAT1;hsa-miR-124;hsa-miR-200a,Gene;TF;TF;TF;miRNA;miRNA
JUN,CCND2,CCND2;JUN;STAT1;TP73;hsa-miR-124;hsa-miR-200a,Gene;TF;TF;TF;miRNA;miRNA
HDAC4,CCND2,CCND2;HDAC4;JUN;NFKB1;hsa-miR-200a;hsa-miR-29c,Gene;TF;TF;TF;miRNA;miRNA
MYC,CCND2,CCND2;MYC;SOX2;hsa-let-7g;hsa-miR-124;hsa-miR-373,Gene;TF;TF;miRNA;miRNA;miRNA
MYC,CCND2,CCND2;MYC;hsa-let-7b;hsa-let-7g;hsa-miR-195;hsa-miR-26b,Gene;TF;miRNA;miRNA;miRNA;miRNA
CTNNB1,RB1,CCND2;CTNNB1;POU5F1;RB1;hsa-miR-302a;hsa-miR-373,Gene;TF;TF;TF;miRNA;miRNA
EZH2,CCND2,CCND2;EZH2;TWIST1;hsa-let-7c;hsa-miR-26a;hsa-miR-373,Gene;TF;TF;miRNA;miRNA;miRNA
HDAC1,CCND2,CCND2;HDAC1;TP53;TWIST1;hsa-miR-373;hsa-miR-92a,Gene;TF;TF;TF;miRNA;miRNA
RUNX1,CCND2,CCND2;FHL2;RELA;RUNX1;TWIST1;hsa-miR-373,Gene;Gene;TF;TF;TF;miRNA
MYC,CCND2,CCND2;MYC;STAT5A;hsa-let-7e;hsa-miR-141;hsa-miR-373,Gene;TF;Gene;miRNA;miRNA;miRNA
STAT1,CCND2,CCND2;HNF4A;STAT1;STAT5A;hsa-miR-154;hsa-miR-7,Gene;TF;TF;Gene;miRNA;miRNA
hsa-miR-340,CCND2,CCND2;IRF9;PPARA;STAT1;STAT5A;hsa-miR-340,Gene;Gene;TF;TF;Gene;miRNA
HDAC1,CCND2,CCND2;HDAC1;SNAI2;STAT5A;hsa-miR-141;hsa-miR-424,Gene;TF;TF;Gene;miRNA;miRNA
HIF1A,CCND2,CCND2;HIF1A;MYC;STAT5A;hsa-miR-141;hsa-miR-424,Gene;TF;TF;Gene;miRNA;miRNA
hsa-miR-1193,CCND2,CCND2;LIF;STAT3;STAT5A;hsa-miR-1193;hsa-miR-383,Gene;Gene;TF;Gene;miRNA;miRNA
hsa-miR-23a,CCND2,CCND2;CEBPA;STAT3;STAT5A;hsa-miR-23a;hsa-miR-370,Gene;TF;TF;Gene;miRNA;miRNA
HDAC2,CCND2,CCND2;HDAC2;STAT3;STAT5A;hsa-miR-141;hsa-miR-370,Gene;TF;TF;Gene;miRNA;miRNA
NFKB2,CCND2,CCND2;NFKB2;RELA;STAT3;STAT5A;hsa-miR-145,Gene;TF;TF;TF;Gene;miRNA
CTNNB1,CCND2,CCND2;CTNNB1;HDAC1;JUN;STAT5A;hsa-miR-23a,Gene;TF;TF;TF;Gene;miRNA
HDAC1,RB1,CCND2;HDAC1;JUN;RB1;STAT5A;hsa-miR-23a,Gene;TF;TF;TF;Gene;miRNA
hsa-miR-26a,CCND2,CCND2;HIF1A;STAT5A;hsa-miR-130a;hsa-miR-183;hsa-miR-26a,Gene;TF;Gene;miRNA;miRNA;miRNA
CREBBP,CCND2,CCND2;CREBBP;HDAC1;POU5F1;STAT5A;hsa-miR-302a,Gene;TF;TF;TF;Gene;miRNA
E2F3,CCND2,CCND2;E2F3;IRF9;STAT5A;hsa-miR-15a;hsa-miR-17,Gene;TF;Gene;Gene;miRNA;miRNA
HIF1A,CCND2,CCND2;HIF1A;PPARA;STAT5A;TP53;hsa-miR-519d,Gene;TF;TF;Gene;TF;miRNA
ESR1,CCND2,CCND2;E2F1;ESR1;HOXA10;hsa-let-7c;hsa-miR-16,Gene;TF;TF;TF;miRNA;miRNA
HNF4A,CCND2,CCND2;HNF4A;MYC;hsa-let-7c;hsa-miR-18a;hsa-miR-299,Gene;TF;TF;miRNA;miRNA;miRNA
RELA,CCND2,CCND2;MYC;RELA;SOX2;hsa-let-7c;hsa-miR-302a,Gene;TF;TF;TF;miRNA;miRNA
hsa-miR-24,CCND2,CCND2;MYC;RUNX1;hsa-let-7c;hsa-miR-141;hsa-miR-24,Gene;TF;TF;miRNA;miRNA;miRNA
HDAC1,CCND2,CCND2;HDAC1;MYC;RUNX1;SIRT1;hsa-let-7c,Gene;TF;TF;TF;TF;miRNA
SP1,CCND2,CCND2;SIRT1;SP1;STAT3;hsa-miR-29a;hsa-miR-503,Gene;TF;TF;TF;miRNA;miRNA
RELA,CCND2,CCND2;RELA;SIRT1;STAT3;hsa-miR-29a;hsa-miR-503,Gene;TF;TF;TF;miRNA;miRNA
HDAC2,CCND2,CCND2;HDAC2;STAT3;hsa-miR-383;hsa-miR-503;hsa-miR-520d,Gene;TF;TF;miRNA;miRNA;miRNA
ESR1,CCND2,CCND2;ESR1;RELA;STAT3;hsa-miR-20a;hsa-miR-503,Gene;TF;TF;TF;miRNA;miRNA
E2F1,CCND2,CCND2;E2F1;SIRT1;hsa-miR-15a;hsa-miR-503;hsa-miR-519d,Gene;TF;TF;miRNA;miRNA;miRNA
HDAC2,CCND2,CCND2;E2F1;HDAC2;RELA;SIRT1;hsa-miR-503,Gene;TF;TF;TF;TF;miRNA
hsa-miR-302b,CCND2,CCND2;NCOR1;SIRT1;VDR;hsa-miR-302b;hsa-miR-503,Gene;TF;TF;TF;miRNA;miRNA
NR1H4,CCND2,CCND2;NFKB1;NR1H4;hsa-miR-199a;hsa-miR-29a;hsa-miR-503,Gene;TF;TF;miRNA;miRNA;miRNA
HDAC2,CCND2,CCND2;HDAC2;HNF4A;SP1;hsa-miR-503;hsa-miR-96,Gene;TF;TF;TF;miRNA;miRNA
hsa-miR-206,CCND2,CCND2;CITED2;EP300;MEF2A;hsa-miR-206;hsa-miR-503,Gene;Gene;TF;TF;miRNA;miRNA
TP53,CCND2,CCND2;E2F3;TP53;hsa-miR-124;hsa-miR-141;hsa-miR-18a,Gene;TF;TF;miRNA;miRNA;miRNA
TP53,CCND2,CCND2;TP53;hsa-miR-139;hsa-miR-145;hsa-miR-15a;hsa-miR-18a,Gene;TF;miRNA;miRNA;miRNA;miRNA
TP53,CCND2,CCND2;TP53;hsa-miR-145;hsa-miR-15a;hsa-miR-18a;hsa-miR-300,Gene;TF;miRNA;miRNA;miRNA;miRNA
hsa-miR-802,CCND2,CCND2;CDH11;CTNNB1;NANOG;hsa-miR-18a;hsa-miR-802,Gene;Gene;TF;TF;miRNA;miRNA
SREBF2,CCND2,CCND2;HNF4A;SREBF2;hsa-miR-124;hsa-miR-182;hsa-miR-18a,Gene;TF;TF;miRNA;miRNA;miRNA
SIRT1,CCND2,CCND2;SIRT1;YY1;hsa-miR-29a;hsa-miR-29c;hsa-miR-424,Gene;TF;TF;miRNA;miRNA;miRNA
CEBPB,CCND2,CCND2;CEBPB;EGR1;SMAD4;SP1;hsa-miR-424,Gene;TF;TF;TF;TF;miRNA
RELA,CCND2,CCND2;MYC;RELA;hsa-let-7d;hsa-miR-195;hsa-miR-93,Gene;TF;TF;miRNA;miRNA;miRNA
JUN,CCND2,CCND2;JUN;TP53;hsa-miR-29a;hsa-miR-300;hsa-miR-93,Gene;TF;TF;miRNA;miRNA;miRNA
JUN,CCND2,CCND2;JUN;MYC;hsa-miR-19a;hsa-miR-320b;hsa-miR-93,Gene;TF;TF;miRNA;miRNA;miRNA
MYCN,CCND2,CCND2;MYCN;STAT3;hsa-let-7b;hsa-miR-19b;hsa-miR-335,Gene;TF;TF;miRNA;miRNA;miRNA
MYCN,CCND2,CCND2;MYCN;STAT3;hsa-miR-19b;hsa-miR-29c;hsa-miR-335,Gene;TF;TF;miRNA;miRNA;miRNA
hsa-miR-26a,CCND2,CCND2;STAT3;hsa-miR-15a;hsa-miR-17;hsa-miR-183;hsa-miR-26a,Gene;TF;miRNA;miRNA;miRNA;miRNA
HDAC1,CCND2,CCND2;HDAC1;JUN;POU5F1;STAT3;hsa-let-7d,Gene;TF;TF;TF;TF;miRNA
HDAC1,CCND2,CCND2;HDAC1;JUN;NFKB2;STAT3;hsa-let-7d,Gene;TF;TF;TF;TF;miRNA
FOXO1,CCND2,CCND2;EGR1;FOXO1;STAT3;hsa-let-7d;hsa-miR-19a,Gene;TF;TF;TF;miRNA;miRNA
GATA4,CCND2,CCND2;GATA4;MET;STAT3;hsa-miR-144;hsa-miR-29a,Gene;TF;Gene;TF;miRNA;miRNA
SOX2,CCND2,CCND2;SOX2;STAT3;hsa-miR-17;hsa-miR-182;hsa-miR-370,Gene;TF;TF;miRNA;miRNA;miRNA
STAT3,VEGFA,CCND2;RB1;STAT3;VEGFA;hsa-miR-19a;hsa-miR-29c,Gene;TF;TF;Gene;miRNA;miRNA
ESR1,CCND2,CCND2;ESR1;FOXO1;STAT3;hsa-miR-124;hsa-miR-20b,Gene;TF;TF;TF;miRNA;miRNA
CEBPB,CCND2,CCND2;CEBPB;RELA;STAT3;hsa-miR-145;hsa-miR-20a,Gene;TF;TF;TF;miRNA;miRNA
RELA,CCND2,CCND2;RELA;STAT3;hsa-miR-145;hsa-miR-29c;hsa-miR-370,Gene;TF;TF;miRNA;miRNA;miRNA
RELA,CCND2,CCND2;EGR1;RELA;hsa-miR-199a;hsa-miR-29b;hsa-miR-335,Gene;TF;TF;miRNA;miRNA;miRNA
hsa-miR-29b,RUNX2,CCND2;ETV4;FOS;RB1;RUNX2;hsa-miR-29b,Gene;TF;TF;TF;TF;miRNA
HDAC2,CCND2,CCND2;HDAC2;TP53;hsa-miR-141;hsa-miR-143;hsa-miR-29b,Gene;TF;TF;miRNA;miRNA;miRNA
SREBF2,CCND2,CCND2;SREBF2;TP53;hsa-miR-143;hsa-miR-20a;hsa-miR-29b,Gene;TF;TF;miRNA;miRNA;miRNA
KLF4,CCND2,CCND2;KLF4;POU5F1;SOX2;hsa-miR-145;hsa-miR-29b,Gene;TF;TF;TF;miRNA;miRNA
PPARG,CCND2,CCND2;NR1H3;PPARG;SP1;hsa-let-7b;hsa-miR-29b,Gene;TF;TF;TF;miRNA;miRNA
JUN,CCND2,CCND2;ETS1;JUN;NFKB1;hsa-miR-29b;hsa-miR-96,Gene;TF;TF;TF;miRNA;miRNA
CREBBP,CCND2,CCND2;CREBBP;NFKB1;RBPJ;RUNX1;hsa-miR-29b,Gene;TF;TF;TF;TF;miRNA
hsa-miR-383,CCND2,CCND2;FOS;GADD45G;TP53;hsa-miR-19b;hsa-miR-383,Gene;TF;Gene;TF;miRNA;miRNA
MYC,CCND2,CCND2;MYC;hsa-let-7f;hsa-let-7i;hsa-miR-141;hsa-miR-26a,Gene;TF;miRNA;miRNA;miRNA;miRNA
ESR1,CCND2,CCND2;ESR1;MYC;hsa-let-7f;hsa-miR-15a;hsa-miR-20a,Gene;TF;TF;miRNA;miRNA;miRNA
HIF1A,CCND2,CCND2;HIF1A;MYC;hsa-miR-185;hsa-miR-29a;hsa-miR-96,Gene;TF;TF;miRNA;miRNA;miRNA
hsa-miR-24,CCND2,CCND2;EGR1;SP1;hsa-miR-17;hsa-miR-185;hsa-miR-24,Gene;TF;TF;miRNA;miRNA;miRNA
MYC,CCND2,CCND2;MYC;MYCN;hsa-miR-141;hsa-miR-320a;hsa-miR-497,Gene;TF;TF;miRNA;miRNA;miRNA
EP300,CCND2,CCND2;EP300;HDAC1;MYCN;SP1;hsa-miR-320a,Gene;TF;TF;TF;TF;miRNA
MAX,CCND2,CCND2;MAX;TP53;hsa-miR-16;hsa-miR-17;hsa-miR-26a,Gene;TF;TF;miRNA;miRNA;miRNA
HDAC1,CCND2,CCND2;HDAC1;MYC;RUNX1;hsa-miR-26a;hsa-miR-29a,Gene;TF;TF;TF;miRNA;miRNA
MYC,CCND2,CCND2;MYC;POU5F1;SOX2;hsa-miR-183;hsa-miR-26a,Gene;TF;TF;TF;miRNA;miRNA
JUN,CCND2,CCND2;GATA4;JUN;MYC;NFKB2;hsa-let-7e,Gene;TF;TF;TF;TF;miRNA
GATA4,CCND2,CCND2;CITED2;GATA4;HIF1A;hsa-miR-144;hsa-miR-372,Gene;Gene;TF;TF;miRNA;miRNA
KLF4,CCND2,CCND2;KLF4;SOX2;hsa-miR-124;hsa-miR-141;hsa-miR-182,Gene;TF;TF;miRNA;miRNA;miRNA
HDAC1,CCND2,CCND2;HDAC1;KLF4;NCOR1;PPARG;hsa-miR-182,Gene;TF;TF;TF;TF;miRNA
HNF4A,CCND2,CCND2;HNF4A;SMAD4;hsa-miR-145;hsa-miR-182;hsa-miR-302a,Gene;TF;TF;miRNA;miRNA;miRNA
ETS1,CCND2,CCND2;CEBPB;ETS1;RUNX1;hsa-miR-155;hsa-miR-182,Gene;TF;TF;TF;miRNA;miRNA
HIF1A,CCND2,CCND2;HIF1A;JUN;TP53;hsa-miR-135b;hsa-miR-29a,Gene;TF;TF;TF;miRNA;miRNA
JUN,CCND2,CCND2;ETS2;JUN;TP53;hsa-miR-29a;hsa-miR-320b,Gene;TF;TF;TF;miRNA;miRNA
MYCN,CCND2,CCND2;HMGA1;MYCN;TP53;hsa-miR-124;hsa-miR-29a,Gene;TF;TF;TF;miRNA;miRNA
TP53,CCND2,CCND2;TP53;TP73;hsa-miR-145;hsa-miR-29a;hsa-miR-381,Gene;TF;TF;miRNA;miRNA;miRNA
hsa-miR-135a,CCND2,CCND2;HOXA10;TP53;hsa-miR-135a;hsa-miR-29a;hsa-miR-300,Gene;TF;TF;miRNA;miRNA;miRNA
HDAC1,CCND2,CCND2;EGR1;HDAC1;hsa-miR-29a;hsa-miR-29c;hsa-miR-335,Gene;TF;TF;miRNA;miRNA;miRNA
CTNNB1,CCND2,CCND2;CTNNB1;NFKB1;hsa-miR-183;hsa-miR-29a;hsa-miR-448,Gene;TF;TF;miRNA;miRNA;miRNA
HDAC1,CCND2,CCND2;HDAC1;HIF1A;MYC;hsa-miR-29a;hsa-miR-497,Gene;TF;TF;TF;miRNA;miRNA
HIF1A,CCND2,CCND2;HIF1A;JUN;hsa-let-7e;hsa-miR-135b;hsa-miR-141,Gene;TF;TF;miRNA;miRNA;miRNA
NFKB1,SERPINE1,CCND2;NFKB1;PPARG;RB1;SERPINE1;hsa-miR-10b,Gene;TF;TF;TF;Gene;miRNA
hsa-miR-206,MET,CCND2;FOS;MET;RB1;hsa-miR-206;hsa-miR-34a,Gene;TF;Gene;TF;miRNA;miRNA
HDAC1,RB1,CCND2;HDAC1;IRF9;RB1;SOX2;hsa-miR-302d,Gene;TF;Gene;TF;TF;miRNA
MYC,CCND2,CCND2;MYC;MYCN;SOX2;hsa-miR-20b;hsa-miR-302b,Gene;TF;TF;TF;miRNA;miRNA
RELA,CCND2,CCND2;EGR1;RELA;TP73;hsa-miR-145;hsa-miR-20b,Gene;TF;TF;TF;miRNA;miRNA
CEBPB,CCND2,CCND2;CEBPB;HDAC1;IRF9;MYC;hsa-miR-20b,Gene;TF;TF;Gene;TF;miRNA
E2F1,CCND2,CCND2;E2F1;EZH2;MYC;hsa-miR-16;hsa-miR-20a,Gene;TF;TF;TF;miRNA;miRNA
MYC,CCND2,CCND2;CITED2;MYC;TFAP2A;hsa-miR-20a;hsa-miR-371a,Gene;Gene;TF;TF;miRNA;miRNA
hsa-miR-155,CCND2,CCND2;CEBPB;EPAS1;hsa-miR-145;hsa-miR-155;hsa-miR-29c,Gene;TF;TF;miRNA;miRNA;miRNA
EP300,CCND2,CCND2;EP300;HIF1A;SMAD4;SP1;hsa-miR-145,Gene;TF;TF;TF;TF;miRNA
hsa-miR-519d,CCND2,CCND2;MYC;SMAD7;hsa-miR-19a;hsa-miR-29c;hsa-miR-519d,Gene;TF;Gene;miRNA;miRNA;miRNA
CTNNB1,CCND2,CCND2;CTNNB1;NANOG;hsa-miR-183;hsa-miR-302a;hsa-miR-372,Gene;TF;TF;miRNA;miRNA;miRNA
RELA,CCND2,CCND2;MYC;RELA;hsa-miR-15a;hsa-miR-17;hsa-miR-497,Gene;TF;TF;miRNA;miRNA;miRNA
CTNNB1,CCND2,CCND2;CTNNB1;KLF4;SOX2;hsa-miR-124;hsa-miR-372,Gene;TF;TF;TF;miRNA;miRNA
HDAC1,CCND2,CCND2;HDAC1;HNF4A;LEF1;TP53;hsa-miR-372,Gene;TF;TF;TF;TF;miRNA
CEBPB,CCND2,CCND2;CEBPB;EP300;HDAC1;SPI1;hsa-miR-17,Gene;TF;TF;TF;TF;miRNA
EP300,CCND2,CCND2;EP300;ETS1;NFKB1;hsa-miR-16;hsa-miR-494,Gene;TF;TF;TF;miRNA;miRNA
MYC,CCND2,CCND2;MYC;MYCN;NANOG;hsa-miR-16;hsa-miR-19a,Gene;TF;TF;TF;miRNA;miRNA
hsa-miR-300,CCND2,CCND2;MYB;MYC;TWIST1;hsa-miR-19a;hsa-miR-300,Gene;TF;TF;TF;miRNA;miRNA
HDAC1,CCND2,CCND2;HDAC1;NCOR1;SNAI2;SUZ12;hsa-miR-141,Gene;TF;TF;TF;TF;miRNA
HDAC1,CCND2,CCND2;HDAC1;HNF4A;KLF4;TP53;hsa-miR-381,Gene;TF;TF;TF;TF;miRNA
HDAC1,CCND2,CCND2;CREB1;HDAC1;SP1;TP53;hsa-miR-139,Gene;TF;TF;TF;TF;miRNA
CTNNB1,CCND2,CCND2;CD44;CTNNB1;NANOG;NFKB1;hsa-miR-302b,Gene;Gene;TF;TF;TF;miRNA
CREB1,CD2AP,CD2AP;CREB1;SNAI2;TWIST1;hsa-miR-15b;hsa-miR-27a,Gene;TF;TF;TF;miRNA;miRNA
hsa-miR-19b,UBB,CD2AP;CYLD;STAT3;UBB;hsa-miR-15a;hsa-miR-19b,Gene;Gene;TF;Gene;miRNA;miRNA
MYCN,CD2AP,CD2AP;MYCN;TWIST1;hsa-miR-106a;hsa-miR-199a;hsa-miR-92b,Gene;TF;TF;miRNA;miRNA;miRNA
hsa-miR-128,CD2AP,CD2AP;FOSB;HDAC1;MYOD1;hsa-miR-128;hsa-miR-182,Gene;Gene;TF;TF;miRNA;miRNA
HIF1A,CD2AP,CD2AP;HIF1A;MYC;hsa-miR-30b;hsa-miR-424;hsa-miR-497,Gene;TF;TF;miRNA;miRNA;miRNA
ESR1,CD2AP,CD2AP;ESR1;NFKB1;STAT3;hsa-miR-15a;hsa-miR-301a,Gene;TF;TF;TF;miRNA;miRNA
PPARG,CD2AP,CD2AP;PPARG;RELA;hsa-miR-222;hsa-miR-503;hsa-miR-613,Gene;TF;TF;miRNA;miRNA;miRNA
PPARG,CD2AP,CD2AP;PPARG;RELA;hsa-miR-199a;hsa-miR-503;hsa-miR-613,Gene;TF;TF;miRNA;miRNA;miRNA
hsa-miR-92a,CD2AP,CD2AP;FBXO32;FOXO1;SIRT1;hsa-miR-503;hsa-miR-92a,Gene;Gene;TF;TF;miRNA;miRNA
E2F1,CD2AP,CD2AP;E2F1;MYC;SIRT1;hsa-miR-16;hsa-miR-222,Gene;TF;TF;TF;miRNA;miRNA
E2F1,CD2AP,CD2AP;E2F1;MYC;SIRT1;hsa-miR-222;hsa-miR-30a,Gene;TF;TF;TF;miRNA;miRNA
EGR1,CD2AP,CD2AP;EGR1;HIF1A;JUN;hsa-miR-222;hsa-miR-424,Gene;TF;TF;TF;miRNA;miRNA
E2F1,CD2AP,CD2AP;E2F1;EPAS1;FOXO3;hsa-miR-20b;hsa-miR-30d,Gene;TF;TF;TF;miRNA;miRNA
E2F1,CD2AP,CD2AP;E2F1;EP300;HIF1A;hsa-miR-181c;hsa-miR-25,Gene;TF;TF;TF;miRNA;miRNA
hsa-miR-30c,CD2AP,CD2AP;E2F1;EPAS1;STAT3;hsa-miR-24;hsa-miR-30c,Gene;TF;TF;TF;miRNA;miRNA
RELA,CD2AP,CD2AP;E2F1;EPAS1;RELA;hsa-miR-30d;hsa-miR-363,Gene;TF;TF;TF;miRNA;miRNA
CREBBP,CD2AP,CD2AP;CREBBP;NCOR1;NFKB1;hsa-miR-30d;hsa-miR-424,Gene;TF;TF;TF;miRNA;miRNA
NFKB1,CD2AP,CD2AP;NFKB1;SOX2;hsa-miR-16;hsa-miR-200b;hsa-miR-424,Gene;TF;TF;miRNA;miRNA;miRNA
NFKB1,CD2AP,CD2AP;HIF1A;NFKB1;YY1;hsa-miR-182;hsa-miR-424,Gene;TF;TF;TF;miRNA;miRNA
EP300,CD2AP,CD2AP;EP300;HDAC3;NFYA;SP1;hsa-miR-30d,Gene;TF;TF;TF;TF;miRNA
EGR1,CD2AP,CD2AP;EGR1;STAT3;hsa-miR-27a;hsa-miR-30c;hsa-miR-92a,Gene;TF;TF;miRNA;miRNA;miRNA
ETS1,CD2AP,CD2AP;ETS1;SQSTM1;TP53;hsa-miR-16;hsa-miR-92a,Gene;TF;Gene;TF;miRNA;miRNA
hsa-miR-16,CD2AP,CD2AP;MITF;TP53;hsa-miR-16;hsa-miR-221;hsa-miR-92a,Gene;TF;TF;miRNA;miRNA;miRNA
CEBPB,CD2AP,CD2AP;CEBPB;NFKB1;STAT3;hsa-miR-16;hsa-miR-92a,Gene;TF;TF;TF;miRNA;miRNA
EZH2,CD2AP,CD2AP;EPAS1;EZH2;STAT3;hsa-miR-181b;hsa-miR-30b,Gene;TF;TF;TF;miRNA;miRNA
CTNNB1,CD2AP,CD2AP;CTNNB1;NANOG;SMAD4;SP1;hsa-miR-92a,Gene;TF;TF;TF;TF;miRNA
CEBPB,CD2AP,CD2AP;CEBPB;HDAC1;ZBTB16;hsa-miR-221;hsa-miR-92a,Gene;TF;TF;TF;miRNA;miRNA
hsa-miR-25,CD2AP,CD2AP;EGR1;TWIST1;hsa-miR-199a;hsa-miR-25;hsa-miR-301b,Gene;TF;TF;miRNA;miRNA;miRNA
CTNNB1,THBS1,CD44;CTNNB1;FN1;RELA;THBS1;hsa-miR-221,Gene;TF;Gene;TF;Gene;miRNA
CTNNB1,TLR4,CD44;CTNNB1;HDAC1;NANOG;TLR4;hsa-miR-302b,Gene;TF;TF;TF;Gene;miRNA
TCF4,MET,CD44;FGF7;JUN;MET;TCF4;hsa-miR-23a,Gene;Gene;TF;Gene;TF;miRNA
TCF4,MET,CD44;JUN;MET;SMAD7;TCF4;hsa-miR-23a,Gene;TF;Gene;Gene;TF;miRNA
EGR1,THBS2,CD44;EGR1;ITGB1;TCF4;THBS2;hsa-miR-181c,Gene;TF;Gene;TF;Gene;miRNA
EP300,CD44,CD44;EP300;HDAC2;MYOD1;SNAI2;TCF4,Gene;TF;TF;TF;TF;TF
SMAD4,MET,CD44;MET;SMAD4;SMAD7;SP1;hsa-miR-23a,Gene;Gene;TF;Gene;TF;miRNA
HDAC1,MAP3K1,CD44;HDAC1;MAP3K1;NANOG;hsa-miR-124;hsa-miR-19a,Gene;TF;Gene;TF;miRNA;miRNA
HDAC1,SPP1,CD44;ERG;HDAC1;RUNX1;SPP1;TAL1,Gene;TF;TF;TF;Gene;TF
EP300,FN1,CD44;EP300;ESR1;FN1;LEF1;SNAI2,Gene;TF;TF;Gene;TF;TF
MYCN,POSTN,CD44;FN1;MYCN;POSTN;hsa-miR-19a;hsa-miR-96,Gene;Gene;TF;Gene;miRNA;miRNA
HIF1A,VEGFA,CD44;HIF1A;NANOG;SP1;VEGFA;hsa-miR-20a,Gene;TF;TF;TF;Gene;miRNA
SP1,COL1A1,CD44;COL1A1;SP1;STAT3;hsa-let-7e;hsa-miR-29c,Gene;Gene;TF;TF;miRNA;miRNA
SP1,HBEGF,CD44;HBEGF;SP1;YY1;hsa-miR-29b;hsa-miR-31,Gene;Gene;TF;TF;miRNA;miRNA
hsa-miR-24,TLR4,CD44;IL1R1;IL6;SP1;TLR4;hsa-miR-24,Gene;Gene;Gene;TF;Gene;miRNA
HIF1A,NT5E,CD44;HIF1A;MYCN;NT5E;RUNX1;TAL1,Gene;TF;TF;Gene;TF;TF
RELA,MMP2,CD44;MMP2;RELA;SNAI1;SNAI2;SUZ12,Gene;Gene;TF;TF;TF;TF
HIF1A,CDCA7,CDCA7;HIF1A;MYC;RUNX1;hsa-miR-106a;hsa-miR-106b,Gene;TF;TF;TF;miRNA;miRNA
SP1,CDCA7,CDCA7;SIRT1;SP1;TP53;hsa-miR-373;hsa-miR-499a,Gene;TF;TF;TF;miRNA;miRNA
E2F1,CDCA7,CDCA7;E2F1;HIF1A;MITF;hsa-miR-19b;hsa-miR-30b,Gene;TF;TF;TF;miRNA;miRNA
E2F1,CDCA7,CDCA7;E2F1;E2F3;STAT3;hsa-miR-17;hsa-miR-26a,Gene;TF;TF;TF;miRNA;miRNA
EZH2,CDCA7,CDCA7;EZH2;HDAC2;RELA;hsa-miR-17;hsa-miR-30d,Gene;TF;TF;TF;miRNA;miRNA
SMAD4,CDCA7,CDCA7;SMAD4;SP1;STAT3;hsa-miR-20a;hsa-miR-302d,Gene;TF;TF;TF;miRNA;miRNA
EGR1,CDCA7,CDCA7;EGR1;HIF1A;RUNX1;hsa-miR-20a;hsa-miR-20b,Gene;TF;TF;TF;miRNA;miRNA
hsa-miR-19b,CDH11,CDH11;CEBPA;ELK1;hsa-miR-144;hsa-miR-19b;hsa-miR-26a,Gene;TF;TF;miRNA;miRNA;miRNA
NKX2-5,SKIL,CDH11;CTNNB1;NKX2-5;SKIL;hsa-miR-183;hsa-miR-19a,Gene;TF;TF;Gene;miRNA;miRNA
hsa-miR-376c,EDN1,CDH11;CTNNB1;EDN1;HDAC1;JUN;hsa-miR-376c,Gene;TF;Gene;TF;TF;miRNA
CEBPB,PPARG,CDH11;CEBPB;CTNNB1;PPARG;RUNX2;hsa-miR-27a,Gene;TF;TF;TF;TF;miRNA
hsa-miR-9,CDH11,CDH11;TP53;hsa-miR-19a;hsa-miR-205;hsa-miR-429;hsa-miR-9,Gene;TF;miRNA;miRNA;miRNA;miRNA
hsa-miR-128,CDH11,CDH11;FOSB;HDAC1;HIF1A;hsa-miR-128;hsa-miR-205,Gene;Gene;TF;TF;miRNA;miRNA
LEF1,CDH11,CDH11;LEF1;MYC;hsa-miR-101;hsa-miR-124;hsa-miR-26a,Gene;TF;TF;miRNA;miRNA;miRNA
RUNX1,CDH11,CDH11;KDM2A;NFKB1;RUNX1;hsa-miR-101;hsa-miR-144,Gene;TF;TF;TF;miRNA;miRNA
JUN,CDH11,CDH11;ETS1;JUN;TP53;hsa-miR-200c;hsa-miR-26a,Gene;TF;TF;TF;miRNA;miRNA
MYCN,CDH11,CDH11;MYCN;PROX1;TWIST1;hsa-miR-27a;hsa-miR-9,Gene;TF;TF;TF;miRNA;miRNA
SP1,MMP14,CDH3;CTNNB1;FOXO1;MMP14;SP1;STAT3,Gene;TF;TF;Gene;TF;TF
SP1,VEGFA,CDH3;CTNNB1;EGR1;SP1;VEGFA;hsa-miR-372,Gene;TF;TF;TF;Gene;miRNA
HDAC2,VEGFA,CDH3;CTNNB1;HDAC2;SP1;VEGFA;hsa-miR-372,Gene;TF;TF;TF;Gene;miRNA
SP1,hsa-miR-320a,CDH3;CTNNB1;EZH2;MYCN;SP1;hsa-miR-320a,Gene;TF;TF;TF;TF;miRNA
CDX2,MAP3K1,CDX2;HOXA10;MAP3K1;VDR;hsa-let-7c;hsa-miR-125b,TF;TF;Gene;TF;miRNA;miRNA
NANOG,FBN1,CDX2;FBN1;NANOG;SP1;hsa-miR-130a;hsa-miR-302c,TF;Gene;TF;TF;miRNA;miRNA
NANOG,hsa-miR-18a,CDX2;NANOG;SP1;TFAP2A;YY1;hsa-miR-18a,TF;TF;TF;TF;TF;miRNA
E2F3,hsa-miR-34a,CEBPA;E2F3;EP300;RELA;hsa-let-7a;hsa-miR-34a,TF;TF;TF;TF;miRNA;miRNA
hsa-let-7a,SKIL,CEBPA;SKIL;SPI1;STAT3;hsa-let-7a;hsa-miR-182,TF;Gene;TF;TF;miRNA;miRNA
hsa-miR-369,TP53,CEBPA;FOSB;HDAC2;JUN;TP53;hsa-miR-369,TF;Gene;TF;TF;TF;miRNA
HNF4A,hsa-miR-150,CEBPA;HNF4A;STAT3;hsa-miR-150;hsa-miR-26a;hsa-miR-369,TF;TF;TF;miRNA;miRNA;miRNA
hsa-miR-369,hsa-miR-150,CEBPA;CEBPB;RELA;STAT3;hsa-miR-150;hsa-miR-369,TF;TF;TF;TF;miRNA;miRNA
hsa-miR-101,hsa-miR-29b,CEBPA;HNF4A;SMAD3;hsa-miR-101;hsa-miR-29b;hsa-miR-369,TF;TF;TF;miRNA;miRNA;miRNA
CEBPA,hsa-miR-145,CEBPA;EP300;RXRA;SMAD4;TP53;hsa-miR-145,TF;TF;TF;TF;TF;miRNA
hsa-miR-144,MYBL1,CEBPA;MYBL1;TP53;hsa-miR-144;hsa-miR-15a;hsa-miR-19b,TF;Gene;TF;miRNA;miRNA;miRNA
CEBPA,DCBLD2,CEBPA;DCBLD2;TP53;TWIST1;hsa-miR-200c;hsa-miR-26a,TF;Gene;TF;TF;miRNA;miRNA
CREBBP,TP53,CEBPA;CREBBP;JUN;TP53;hsa-miR-144;hsa-miR-23a,TF;TF;TF;TF;miRNA;miRNA
CREBBP,hsa-miR-224,CEBPA;CREBBP;JUN;TP53;hsa-miR-144;hsa-miR-224,TF;TF;TF;TF;miRNA;miRNA
CREBBP,hsa-miR-139,CEBPA;CREBBP;JUN;TP53;hsa-miR-139;hsa-miR-144,TF;TF;TF;TF;miRNA;miRNA
JUN,TP73,CEBPA;ETS2;JUN;TP53;TP73;hsa-miR-25,TF;TF;TF;TF;TF;miRNA
HIF1A,TP53,CEBPA;ETS2;HIF1A;JUN;TP53;hsa-miR-25,TF;TF;TF;TF;TF;miRNA
JUN,hsa-miR-200c,CEBPA;JUN;MYB;TP53;hsa-miR-200c;hsa-miR-25,TF;TF;TF;TF;miRNA;miRNA
CEBPA,hsa-miR-200a,CEBPA;KLF2;KLF5;TP53;hsa-miR-145;hsa-miR-200a,TF;TF;TF;TF;miRNA;miRNA
hsa-miR-23a,GJA1,CEBPA;GJA1;HNF4A;TP53;hsa-miR-23a;hsa-miR-382,TF;Gene;TF;TF;miRNA;miRNA
HNF4A,hsa-miR-424,CEBPA;CEBPB;HNF4A;LEF1;SMAD3;hsa-miR-424,TF;TF;TF;TF;TF;miRNA
CEBPA,SNAP25,CEBPA;CEBPB;SMAD3;SNAP25;SP1;hsa-miR-34a,TF;TF;TF;Gene;TF;miRNA
CEBPA,SERPINE1,CEBPA;CEBPB;E2F1;SERPINE1;hsa-miR-181c;hsa-miR-19b,TF;TF;TF;Gene;miRNA;miRNA
CEBPA,JUND,CEBPA;CEBPB;FOS;JUN;JUND;hsa-miR-29b,TF;TF;TF;TF;TF;miRNA
CEBPA,OXTR,CEBPA;CEBPB;JUN;OXTR;SP1;hsa-miR-29b,TF;TF;TF;Gene;TF;miRNA
CEBPA,LIF,CEBPA;CEBPB;LIF;RELA;hsa-miR-19a;hsa-miR-26a,TF;TF;Gene;TF;miRNA;miRNA
hsa-miR-124,LIF,CEBPA;CEBPB;LIF;hsa-miR-124;hsa-miR-19a;hsa-miR-26a,TF;TF;Gene;miRNA;miRNA;miRNA
CEBPA,SMAD6,CEBPA;CEBPB;RELA;SMAD6;hsa-miR-134;hsa-miR-20a,TF;TF;TF;Gene;miRNA;miRNA
hsa-miR-374a,hsa-miR-145,CEBPA;CEBPB;HDAC1;SNAI2;hsa-miR-145;hsa-miR-374a,TF;TF;TF;TF;miRNA;miRNA
hsa-miR-92b,FBN1,CEBPA;FBN1;HDAC1;STAT3;hsa-miR-182;hsa-miR-92b,TF;Gene;TF;TF;miRNA;miRNA
hsa-miR-101,ID4,CEBPA;FOXO1;HNF4A;ID4;hsa-miR-101;hsa-miR-194,TF;TF;TF;Gene;miRNA;miRNA
CEBPA,PEG10,CEBPA;PEG10;STAT3;hsa-miR-122;hsa-miR-150;hsa-miR-204,TF;Gene;TF;miRNA;miRNA;miRNA
hsa-miR-374a,FBXO32,CEBPA;FBXO32;HNF4A;RARA;hsa-miR-1197;hsa-miR-374a,TF;Gene;TF;TF;miRNA;miRNA
CEBPA,VEGFA,CEBPA;E2F1;FOXM1;KLF5;VEGFA;hsa-miR-200b,TF;TF;TF;TF;Gene;miRNA
hsa-miR-101,DCBLD2,CEBPA;DCBLD2;E2F1;hsa-miR-101;hsa-miR-26a;hsa-miR-93,TF;Gene;TF;miRNA;miRNA;miRNA
CEBPA,THBS1,CEBPA;E2F1;E2F3;THBS1;hsa-miR-182;hsa-miR-19a,TF;TF;TF;Gene;miRNA;miRNA
CEBPA,SMAD7,CEBPA;CREBBP;E2F1;SMAD3;SMAD7;hsa-miR-182,TF;TF;TF;TF;Gene;miRNA
CEBPA,NOTCH1,CEBPA;E2F1;ETV4;NOTCH1;hsa-miR-200b;hsa-miR-34a,TF;TF;TF;Gene;miRNA;miRNA
hsa-miR-101,hsa-miR-17,CEBPA;E2F1;FOS;RELA;hsa-miR-101;hsa-miR-17,TF;TF;TF;TF;miRNA;miRNA
HNF4A,hsa-miR-19a,CEBPA;E2F1;HNF4A;SMAD3;hsa-miR-124;hsa-miR-19a,TF;TF;TF;TF;miRNA;miRNA
CEBPA,PTHLH,CEBPA;EP300;FOXO3;PTHLH;SMAD3;hsa-miR-29a,TF;TF;TF;Gene;TF;miRNA
CEBPA,hsa-miR-19a,CEBPA;EP300;FOXO3;RELA;STAT3;hsa-miR-19a,TF;TF;TF;TF;TF;miRNA
CEBPA,hsa-let-7b,CEBPA;EP300;FOXO3;RARA;hsa-let-7b;hsa-miR-143,TF;TF;TF;TF;miRNA;miRNA
RUNX2,NR1H4,CEBPA;EP300;NR1H4;RUNX2;STAT1;hsa-miR-31,TF;TF;TF;TF;TF;miRNA
CEBPA,TGFBR2,CEBPA;EP300;RELA;SMAD3;TGFBR2;hsa-miR-223,TF;TF;TF;TF;Gene;miRNA
CEBPA,VCAM1,CEBPA;EP300;FN1;SPARC;VCAM1;hsa-miR-150,TF;TF;Gene;Gene;Gene;miRNA
CEBPA,SPARC,CEBPA;EP300;FN1;RELA;SPARC;hsa-miR-150,TF;TF;Gene;TF;Gene;miRNA
CEBPA,SPARC,CEBPA;EP300;FN1;SPARC;hsa-miR-150;hsa-miR-200c,TF;TF;Gene;Gene;miRNA;miRNA
CEBPA,SERPINE1,CEBPA;EP300;EPAS1;SERPINE1;SMAD4;hsa-miR-34a,TF;TF;TF;Gene;TF;miRNA
CEBPA,SERPINE1,CEBPA;EP300;EPAS1;HIF1A;SERPINE1;hsa-miR-34a,TF;TF;TF;TF;Gene;miRNA
CEBPA,TLR4,CEBPA;EP300;NFKB1;SPI1;TLR4;hsa-miR-506,TF;TF;TF;TF;Gene;miRNA
CEBPA,TGFBR2,CEBPA;EP300;SPI1;TGFBR2;hsa-miR-181a;hsa-miR-20a,TF;TF;TF;Gene;miRNA;miRNA
CEBPA,hsa-miR-200b,CEBPA;EP300;HDAC1;JUN;SNAI1;hsa-miR-200b,TF;TF;TF;TF;TF;miRNA
CEBPA,KLF5,CEBPA;EP300;JUN;KLF5;RELA;hsa-miR-145,TF;TF;TF;TF;TF;miRNA
SP1,TGFBR2,CEBPA;SP1;SPI1;TGFBR2;hsa-miR-130a;hsa-miR-21,TF;TF;TF;Gene;miRNA;miRNA
hsa-miR-24,SPI1,CEBPA;IRF1;NFKB1;SPI1;hsa-miR-130a;hsa-miR-24,TF;TF;TF;TF;miRNA;miRNA
SMAD3,hsa-miR-155,CEBPA;SMAD3;SP1;SPI1;hsa-miR-130a;hsa-miR-155,TF;TF;TF;TF;miRNA;miRNA
CEBPA,hsa-miR-155,CEBPA;HDAC1;HDAC2;SMAD3;STAT3;hsa-miR-155,TF;TF;TF;TF;TF;miRNA
HDAC2,STAT3,CEBPA;HDAC2;SP1;STAT3;hsa-miR-130a;hsa-miR-23a,TF;TF;TF;TF;miRNA;miRNA
SP1,hsa-miR-29a,CEBPA;SP1;STAT3;hsa-miR-23a;hsa-miR-29a;hsa-miR-29c,TF;TF;TF;miRNA;miRNA;miRNA
hsa-miR-23a,TGFBR2,CEBPA;STAT3;TGFBR2;TP63;hsa-miR-155;hsa-miR-23a,TF;TF;Gene;TF;miRNA;miRNA
CEBPA,SMAD7,CEBPA;FN1;SMAD7;STAT3;hsa-miR-181a;hsa-miR-21,TF;Gene;Gene;TF;miRNA;miRNA
CEBPA,SPP1,CEBPA;HDAC1;SPP1;STAT3;TCF7L2;hsa-miR-181a,TF;TF;Gene;TF;TF;miRNA
hsa-miR-144,hsa-miR-20a,CEBPA;CITED2;STAT3;TFAP2A;hsa-miR-144;hsa-miR-20a,TF;Gene;TF;TF;miRNA;miRNA
CEBPA,SPP1,CEBPA;HDAC1;HIF1A;RB1;SP1;SPP1,TF;TF;TF;TF;TF;Gene
MYCN,EPAS1,CEBPA;EPAS1;MYCN;hsa-miR-20b;hsa-miR-25;hsa-miR-29b,TF;TF;TF;miRNA;miRNA;miRNA
EPAS1,VEGFA,CEBPA;EPAS1;HDAC1;VEGFA;hsa-miR-23a;hsa-miR-424,TF;TF;TF;Gene;miRNA;miRNA
EGR1,EXT1,CEBPA;EGR1;EXT1;hsa-miR-20b;hsa-miR-23a;hsa-miR-29a,TF;TF;Gene;miRNA;miRNA;miRNA
CTNNB1,hsa-miR-134,CEBPA;CTNNB1;KLF4;MEN1;hsa-miR-134;hsa-miR-23a,TF;TF;TF;TF;miRNA;miRNA
RELA,MYBL1,CEBPA;MYBL1;RELA;hsa-miR-181a;hsa-miR-221;hsa-miR-23a,TF;Gene;TF;miRNA;miRNA;miRNA
hsa-miR-125b,VDR,CEBPA;HDAC1;SOX2;VDR;hsa-miR-125b;hsa-miR-302c,TF;TF;TF;TF;miRNA;miRNA
JUN,hsa-miR-200a,CEBPA;HNF4A;JUN;RARA;hsa-miR-144;hsa-miR-200a,TF;TF;TF;TF;miRNA;miRNA
HIF1A,CEBPA,CEBPA;HIF1A;JUN;hsa-miR-101;hsa-miR-130a;hsa-miR-144,TF;TF;TF;miRNA;miRNA;miRNA
SP1,hsa-miR-200a,CEBPA;EGR1;KLF5;SP1;hsa-miR-200a;hsa-miR-30c,TF;TF;TF;TF;miRNA;miRNA
LEF1,THBD,CEBPA;LEF1;RARA;RUNX1;THBD;hsa-miR-18b,TF;TF;TF;TF;Gene;miRNA
CREBBP,RARA,CEBPA;CREBBP;JUN;LEF1;RARA;hsa-miR-25,TF;TF;TF;TF;TF;miRNA
LEF1,IL6,CEBPA;FN1;IL6;LEF1;SNAI2;hsa-miR-203,TF;Gene;Gene;TF;TF;miRNA
RELA,DAB2,CEBPA;DAB2;RELA;hsa-miR-130a;hsa-miR-26a;hsa-miR-96,TF;Gene;TF;miRNA;miRNA;miRNA
hsa-miR-130a,OXTR,CEBPA;OXTR;RUNX1;TAL1;hsa-miR-130a;hsa-miR-29c,TF;Gene;TF;TF;miRNA;miRNA
RELA,hsa-miR-145,CEBPA;RELA;SMAD4;hsa-miR-130a;hsa-miR-145;hsa-miR-181a,TF;TF;TF;miRNA;miRNA;miRNA
hsa-miR-19b,SOX2,CEBPA;SOX2;SP1;hsa-miR-130a;hsa-miR-181a;hsa-miR-19b,TF;TF;TF;miRNA;miRNA;miRNA
SREBF2,CEBPA,CEBPA;HNF4A;LEF1;SREBF2;hsa-miR-124;hsa-miR-92a,TF;TF;TF;TF;miRNA;miRNA
HES1,HEY1,CEBPA;HDAC1;HES1;HEY1;JUN;hsa-miR-92a,TF;TF;TF;TF;TF;miRNA
hsa-miR-92a,FST,CEBPA;FST;HDAC1;SOX2;hsa-miR-182;hsa-miR-92a,TF;Gene;TF;TF;miRNA;miRNA
SNAI1,FN1,CEBPA;FN1;SNAI1;TWIST1;hsa-miR-101;hsa-miR-182,TF;Gene;TF;TF;miRNA;miRNA
EZH2,FN1,CEBPA;EZH2;FN1;SNAI1;TWIST1;hsa-miR-101,TF;TF;Gene;TF;TF;miRNA
hsa-miR-24,hsa-miR-20b,CEBPA;EGR1;GATA1;RUNX1;hsa-miR-20b;hsa-miR-24,TF;TF;TF;TF;miRNA;miRNA
SMAD3,FN1,CEBPA;FN1;SMAD3;hsa-miR-145;hsa-miR-200b;hsa-miR-31,TF;Gene;TF;miRNA;miRNA;miRNA
JUN,PPP2R2B,CEBPA;JUN;PPP2R2B;hsa-miR-141;hsa-miR-25;hsa-miR-26a,TF;TF;Gene;miRNA;miRNA;miRNA
CEBPA,hsa-miR-27a,CEBPA;EPAS1;RUNX1;hsa-miR-20b;hsa-miR-26a;hsa-miR-27a,TF;TF;TF;miRNA;miRNA;miRNA
CREBBP,EPAS1,CEBPA;CREBBP;EPAS1;EZH2;LEF1;hsa-miR-26a,TF;TF;TF;TF;TF;miRNA
ESR1,hsa-miR-34a,CEBPA;ESR1;NFKB1;STAT1;hsa-miR-34a;hsa-miR-92a,TF;TF;TF;TF;miRNA;miRNA
hsa-miR-92a,WWC1,CEBPA;HIF1A;KLF5;WWC1;hsa-miR-205;hsa-miR-92a,TF;TF;TF;Gene;miRNA;miRNA
hsa-miR-25,WWC1,CEBPA;HIF1A;KLF5;WWC1;hsa-miR-25;hsa-miR-27a,TF;TF;TF;Gene;miRNA;miRNA
TP53,EXT1,CEBPB;EXT1;TP53;hsa-miR-145;hsa-miR-26a;hsa-miR-655,TF;Gene;TF;miRNA;miRNA;miRNA
CEBPB,TGFBR2,CEBPB;GADD45G;TGFBR2;TP53;hsa-miR-145;hsa-miR-19a,TF;Gene;Gene;TF;miRNA;miRNA
CEBPB,TGFBR2,CEBPB;KLF4;PPARG;TGFBR2;hsa-miR-145;hsa-miR-19a,TF;TF;TF;Gene;miRNA;miRNA
hsa-miR-19b,EXT1,CEBPB;EXT1;SP1;hsa-miR-145;hsa-miR-19b;hsa-miR-29b,TF;Gene;TF;miRNA;miRNA;miRNA
CEBPB,EXT1,CEBPB;EXT1;RELA;hsa-miR-145;hsa-miR-20a;hsa-miR-23a,TF;Gene;TF;miRNA;miRNA;miRNA
CEBPB,EXT1,CEBPB;CREB1;EXT1;MITF;hsa-miR-145;hsa-miR-29a,TF;TF;Gene;TF;miRNA;miRNA
CEBPB,EXT1,CEBPB;EXT1;MYC;RELA;hsa-miR-145;hsa-miR-9,TF;Gene;TF;TF;miRNA;miRNA
CEBPB,TLR4,CEBPB;FN1;TLR4;TWIST1;hsa-miR-145;hsa-miR-20a,TF;Gene;Gene;TF;miRNA;miRNA
CEBPB,MAP3K1,CEBPB;MAP3K1;MYC;hsa-miR-145;hsa-miR-26b;hsa-miR-31,TF;Gene;TF;miRNA;miRNA;miRNA
CEBPB,hsa-miR-424,CEBPB;KLF4;PPARG;RUNX1;SOX2;hsa-miR-424,TF;TF;TF;TF;TF;miRNA
E2F1,PPARG,CEBPB;E2F1;PPARG;SPI1;hsa-miR-155;hsa-miR-19b,TF;TF;TF;TF;miRNA;miRNA
E2F1,SOX2,CEBPB;E2F1;POU2F1;PPARG;SOX2;hsa-miR-19b,TF;TF;TF;TF;TF;miRNA
CEBPB,EPAS1,CEBPB;EP300;EPAS1;GATA3;PPARG;hsa-miR-29b,TF;TF;TF;TF;TF;miRNA
CEBPB,hsa-miR-21,CEBPB;EP300;ETS1;HIF1A;PPARG;hsa-miR-21,TF;TF;TF;TF;TF;miRNA
CEBPB,DNMT1,CEBPB;DNMT1;EP300;PPARG;SMAD4;SP1,TF;TF;TF;TF;TF;TF
CEBPB,FGF7,CEBPB;CREB1;FGF7;PPARG;hsa-miR-21;hsa-miR-424,TF;TF;Gene;TF;miRNA;miRNA
CEBPB,VEGFA,CEBPB;FOXM1;FOXO3;RELA;SMAD3;VEGFA,TF;TF;TF;TF;TF;Gene
CEBPB,HMGCS1,CEBPB;HMGCS1;SMAD3;SOX2;hsa-miR-141;hsa-miR-18a,TF;Gene;TF;TF;miRNA;miRNA
CEBPB,MAP3K1,CEBPB;MAP3K1;NFKB1;SMAD3;hsa-miR-18a;hsa-miR-429,TF;Gene;TF;TF;miRNA;miRNA
CEBPB,hsa-miR-200b,CEBPB;EP300;MYOD1;SMAD3;SP1;hsa-miR-200b,TF;TF;TF;TF;TF;miRNA
CEBPB,FOXA2,CEBPB;EP300;FOXA2;NCOR1;SMAD3;USF1,TF;TF;TF;TF;TF;TF
CEBPB,SMAD3,CEBPB;EP300;EZH2;HNF4A;RELA;SMAD3,TF;TF;TF;TF;TF;TF
CEBPB,FOSL1,CEBPB;FOSL1;SMAD3;SNAI1;hsa-miR-34a;hsa-miR-424,TF;Gene;TF;TF;miRNA;miRNA
CEBPB,hsa-miR-29b,CEBPB;CREB1;RELA;SMAD3;YY1;hsa-miR-29b,TF;TF;TF;TF;TF;miRNA
CEBPB,TGFB2,CEBPB;RELA;SMAD3;TGFB2;hsa-miR-193b;hsa-miR-29b,TF;TF;TF;Gene;miRNA;miRNA
CEBPB,COL7A1,CEBPB;COL7A1;MITF;SMAD3;hsa-miR-29a;hsa-miR-92a,TF;Gene;TF;TF;miRNA;miRNA
HDAC2,OXTR,CEBPB;HDAC2;OXTR;SP1;TP63;hsa-miR-155,TF;TF;Gene;TF;TF;miRNA
CEBPB,hsa-miR-503,CEBPB;CREB1;FOXO1;KLF5;SIRT1;hsa-miR-503,TF;TF;TF;TF;TF;miRNA
CEBPB,TBX3,CEBPB;CREB1;EP300;SIRT1;TBX3;hsa-miR-17,TF;TF;TF;TF;Gene;miRNA
CEBPB,NOTCH1,CEBPB;CREB1;EP300;NOTCH1;RELA;hsa-miR-92a,TF;TF;TF;Gene;TF;miRNA
CEBPB,NOTCH1,CEBPB;CREB1;EP300;HIF1A;NOTCH1;hsa-miR-92a,TF;TF;TF;TF;Gene;miRNA
CEBPB,NCOR1,CEBPB;CREB1;EP300;JUN;NCOR1;RELA,TF;TF;TF;TF;TF;TF
CEBPB,MET,CEBPB;CREB1;EP300;HIF1A;MET;hsa-miR-212,TF;TF;TF;TF;Gene;miRNA
CEBPB,MAP3K1,CEBPB;CREB1;MAP3K1;hsa-miR-23a;hsa-miR-302a;hsa-miR-31,TF;TF;Gene;miRNA;miRNA;miRNA
CEBPB,DAPK1,CEBPB;CREB1;DAPK1;MYC;RELA;hsa-miR-23a,TF;TF;Gene;TF;TF;miRNA
CEBPB,VDR,CEBPB;CREB1;MYC;VDR;hsa-miR-23a;hsa-miR-372,TF;TF;TF;TF;miRNA;miRNA
CEBPB,JUN,CEBPB;CREB1;EGR1;FOSB;HIF1A;JUN,TF;TF;TF;Gene;TF;TF
CEBPB,DCBLD2,CEBPB;CREB1;DCBLD2;RUNX1;hsa-miR-181c;hsa-miR-320a,TF;TF;Gene;TF;miRNA;miRNA
CEBPB,TBX21,CEBPB;CREB1;JUN;RUNX1;STAT1;TBX21,TF;TF;TF;TF;TF;Gene
CEBPB,HMGCS1,CEBPB;CREB1;HMGCS1;JUN;hsa-miR-141;hsa-miR-19a,TF;TF;Gene;TF;miRNA;miRNA
CEBPB,hsa-miR-27a,CEBPB;CREB1;EGR1;SMAD4;SP1;hsa-miR-27a,TF;TF;TF;TF;TF;miRNA
CEBPB,IL15,CEBPB;IL15;KLF4;MYB;RUNX1;hsa-miR-203,TF;Gene;TF;TF;TF;miRNA
CEBPB,THBS2,CEBPB;MYB;RUNX1;THBS2;hsa-miR-203;hsa-miR-20a,TF;TF;TF;Gene;miRNA;miRNA
CEBPB,HBEGF,CEBPB;HBEGF;HDAC1;MYC;hsa-let-7g;hsa-miR-203,TF;Gene;TF;TF;miRNA;miRNA
ETS1,TGFBR2,CEBPB;ETS1;TGFBR2;hsa-miR-155;hsa-miR-203;hsa-miR-223,TF;TF;Gene;miRNA;miRNA;miRNA
CEBPB,EXT1,CEBPB;EGR1;EXT1;HDAC1;hsa-miR-203;hsa-miR-20b,TF;TF;Gene;TF;miRNA;miRNA
CEBPB,ETV1,CEBPB;ETV1;JUN;MYC;hsa-miR-195;hsa-miR-203,TF;Gene;TF;TF;miRNA;miRNA
CEBPB,DCBLD2,CEBPB;DCBLD2;STAT3;hsa-miR-17;hsa-miR-181c;hsa-miR-31,TF;Gene;TF;miRNA;miRNA;miRNA
CEBPB,LIF,CEBPB;LIF;NFKB1;hsa-miR-17;hsa-miR-29b;hsa-miR-425,TF;Gene;TF;miRNA;miRNA;miRNA
hsa-miR-374a,UGCG,CEBPB;NFKB1;STAT3;UGCG;hsa-miR-200c;hsa-miR-374a,TF;TF;TF;Gene;miRNA;miRNA
hsa-miR-655,hsa-miR-200b,CEBPB;JUN;KLF5;SNAI2;hsa-miR-200b;hsa-miR-655,TF;TF;TF;TF;miRNA;miRNA
hsa-miR-655,TGFBR2,CEBPB;HIF1A;KLF5;TGFBR2;hsa-miR-182;hsa-miR-655,TF;TF;TF;Gene;miRNA;miRNA
hsa-miR-655,PEG10,CEBPB;MYC;PEG10;hsa-let-7c;hsa-miR-27a;hsa-miR-655,TF;TF;Gene;miRNA;miRNA;miRNA
CEBPB,HRK,CEBPB;EP300;HRK;RELA;hsa-miR-21;hsa-miR-542,TF;TF;Gene;TF;miRNA;miRNA
CEBPB,F8,CEBPB;F3;F8;JUN;JUND;hsa-miR-542,TF;Gene;Gene;TF;TF;miRNA
CEBPB,FN1,CEBPB;F8;FN1;JUN;hsa-miR-429;hsa-miR-542,TF;Gene;Gene;TF;miRNA;miRNA
TP53,DCBLD2,CEBPB;DCBLD2;TP53;hsa-miR-155;hsa-miR-200b;hsa-miR-542,TF;Gene;TF;miRNA;miRNA;miRNA
CEBPB,SERPINE1,CEBPB;F3;SERPINE1;STAT3;hsa-miR-18a;hsa-miR-34a,TF;Gene;Gene;TF;miRNA;miRNA
CEBPB,F8,CEBPB;F3;F8;JUN;RELA;hsa-miR-18a,TF;Gene;Gene;TF;TF;miRNA
CEBPB,F8,CEBPB;F3;F8;JUN;SP1;hsa-miR-18a,TF;Gene;Gene;TF;TF;miRNA
CEBPB,hsa-miR-18a,CEBPB;EP300;HDAC1;KLF4;TP53;hsa-miR-18a,TF;TF;TF;TF;TF;miRNA
CEBPB,hsa-miR-18a,CEBPB;EP300;IRF1;KLF4;TP53;hsa-miR-18a,TF;TF;TF;TF;TF;miRNA
CEBPB,HRK,CEBPB;HRK;NFKB1;hsa-miR-143;hsa-miR-18a;hsa-miR-27b,TF;Gene;TF;miRNA;miRNA;miRNA
CEBPB,F3,CEBPB;EP300;F3;JUN;REL;RELA,TF;TF;Gene;TF;TF;TF
CEBPB,F3,CEBPB;EP300;F3;HDAC3;JUN;REL,TF;TF;Gene;TF;TF;TF
CEBPB,SOX2,CEBPB;EP300;KDM2A;NFKB1;POU2F1;SOX2,TF;TF;TF;TF;TF;TF
CEBPB,SMAD7,CEBPB;EP300;GATA3;HDAC1;SMAD7;hsa-miR-21,TF;TF;TF;TF;Gene;miRNA
CEBPB,GJA1,CEBPB;EP300;GJA1;SP1;hsa-miR-130a;hsa-miR-19a,TF;TF;Gene;TF;miRNA;miRNA
CEBPB,hsa-miR-100,CEBPB;HOXA10;RELA;SMAD4;hsa-miR-100;hsa-miR-424,TF;TF;TF;TF;miRNA;miRNA
CEBPB,SNAI1,CEBPB;HOXA10;HSF1;NFKB1;SNAI1;hsa-miR-424,TF;TF;TF;TF;TF;miRNA
CEBPB,SKIL,CEBPB;MYC;SKIL;SOX2;hsa-let-7d;hsa-miR-424,TF;TF;Gene;TF;miRNA;miRNA
hsa-miR-19b,ETV1,CEBPB;ETV1;HDAC1;hsa-miR-124;hsa-miR-19b;hsa-miR-424,TF;Gene;TF;miRNA;miRNA;miRNA
CEBPB,TWIST1,CEBPB;RELA;RUNX1;SPI1;STAT3;TWIST1,TF;TF;TF;TF;TF;TF
PAX5,STAT3,CEBPB;MET;MYCN;PAX5;STAT3;hsa-miR-19b,TF;Gene;TF;TF;TF;miRNA
CEBPB,IL11,CEBPB;HSF1;IL11;JUN;STAT3;hsa-miR-23b,TF;TF;Gene;TF;TF;miRNA
CEBPB,NOTCH1,CEBPB;MYB;NOTCH1;STAT3;hsa-miR-200c;hsa-miR-92a,TF;TF;Gene;TF;miRNA;miRNA
CEBPB,VEGFA,CEBPB;JUN;SP1;STAT3;VEGFA;hsa-miR-106a,TF;TF;TF;TF;Gene;miRNA
CEBPB,STAT3,CEBPB;CTCF;EZH2;NFKB1;RUNX1;STAT3,TF;TF;TF;TF;TF;TF
CEBPB,F3,CEBPB;F3;MYC;hsa-miR-106a;hsa-miR-130a;hsa-miR-223,TF;Gene;TF;miRNA;miRNA;miRNA
CEBPB,F3,CEBPB;EZH2;F3;JUN;MYCN;hsa-miR-19a,TF;TF;Gene;TF;TF;miRNA
CEBPB,THBS1,CEBPB;HSF1;JUN;THBS1;hsa-miR-18b;hsa-miR-19a,TF;TF;TF;Gene;miRNA;miRNA
CEBPB,GJA1,CEBPB;GJA1;JUN;SPI1;hsa-miR-19a;hsa-miR-23a,TF;Gene;TF;TF;miRNA;miRNA
CEBPB,ETV1,CEBPB;ETV1;HDAC1;SOX2;hsa-miR-19a;hsa-miR-302c,TF;Gene;TF;TF;miRNA;miRNA
CEBPB,MAP3K1,CEBPB;HDAC1;MAP3K1;SOX2;hsa-miR-19a;hsa-miR-302c,TF;TF;Gene;TF;miRNA;miRNA
hsa-miR-19b,VEGFA,CEBPB;E2F3;JUN;VEGFA;hsa-miR-19b;hsa-miR-200c,TF;TF;TF;Gene;miRNA;miRNA
hsa-miR-19b,MYBL1,CEBPB;MYBL1;RELA;YY1;hsa-miR-19b;hsa-miR-372,TF;Gene;TF;TF;miRNA;miRNA
hsa-miR-19b,PMEPA1,CEBPB;EGR1;PMEPA1;RELA;hsa-miR-183;hsa-miR-19b,TF;TF;Gene;TF;miRNA;miRNA
CEBPB,KLF5,CEBPB;KLF5;MITF;RELA;hsa-miR-148b;hsa-miR-92a,TF;TF;TF;TF;miRNA;miRNA
CEBPB,IRF1,CEBPB;IRF1;MYC;POU5F1;RELA;hsa-miR-130b,TF;TF;TF;TF;TF;miRNA
CEBPB,IL6,CEBPB;IL6;KLF4;RUNX1;TP53;hsa-miR-149,TF;Gene;TF;TF;TF;miRNA
CEBPB,LIF,CEBPB;DDIT3;IL6;LIF;MYC;hsa-miR-20b,TF;TF;Gene;Gene;TF;miRNA
CEBPB,MMP2,CEBPB;HDAC1;MMP2;RUNX2;STAT1;hsa-miR-124,TF;TF;Gene;TF;TF;miRNA
CEBPB,EXT1,CEBPB;EXT1;HDAC1;STAT1;hsa-miR-181c;hsa-miR-29a,TF;Gene;TF;TF;miRNA;miRNA
CEBPB,hsa-miR-29a,CEBPB;HDAC1;RUNX2;SOX9;TP53;hsa-miR-29a,TF;TF;TF;TF;TF;miRNA
CEBPB,TP53,CEBPB;HDAC1;SMAD4;SNAI2;SP1;TP53,TF;TF;TF;TF;TF;TF
CEBPB,DAPK1,CEBPB;DAPK1;HDAC1;KLF4;RARA;hsa-miR-143,TF;Gene;TF;TF;TF;miRNA
CEBPB,SOX2,CEBPB;HDAC1;MECP2;RUNX2;SOX2;hsa-miR-21,TF;TF;TF;TF;TF;miRNA
CEBPB,TGFBR2,CEBPB;HDAC1;SMAD4;SP1;TGFBR2;hsa-miR-23a,TF;TF;TF;TF;Gene;miRNA
CEBPB,KLF10,CEBPB;JUN;KLF10;MYC;hsa-miR-23b;hsa-miR-93,TF;TF;Gene;TF;miRNA;miRNA
CEBPB,SMAD6,CEBPB;MYB;RUNX1;SMAD4;SMAD6;hsa-miR-106a,TF;TF;TF;TF;Gene;miRNA
CEBPB,hsa-miR-367,CEBPB;KDM2A;NANOG;NFKB1;SMAD4;hsa-miR-367,TF;TF;TF;TF;TF;miRNA
CEBPB,HRK,CEBPB;HRK;NFKB1;RUNX1;hsa-miR-21;hsa-miR-27a,TF;Gene;TF;TF;miRNA;miRNA
CEBPB,PMEPA1,CEBPB;HIF1A;KLF5;PMEPA1;hsa-miR-24;hsa-miR-92a,TF;TF;TF;Gene;miRNA;miRNA
CEBPB,hsa-miR-200b,CEBPB;KLF5;RUNX1;SNAI2;hsa-miR-181d;hsa-miR-200b,TF;TF;TF;TF;miRNA;miRNA
CEBPB,UGCG,CEBPB;KLF5;RUNX1;UGCG;hsa-miR-200b;hsa-miR-27a,TF;TF;TF;Gene;miRNA;miRNA
HDAC2,hsa-miR-200c,CEBPB;HDAC2;KLF5;SP1;hsa-miR-155;hsa-miR-200c,TF;TF;TF;TF;miRNA;miRNA
CEBPB,KLF10,CEBPB;KLF10;SMAD4;SNAI1;hsa-miR-200b;hsa-miR-20a,TF;Gene;TF;TF;miRNA;miRNA
CEBPB,KLF10,CEBPB;KLF10;SMAD4;SNAI1;hsa-miR-200c;hsa-miR-20a,TF;Gene;TF;TF;miRNA;miRNA
CEBPB,SERPINE1,CEBPB;EPAS1;SERPINE1;hsa-miR-181c;hsa-miR-20a;hsa-miR-30d,TF;TF;Gene;miRNA;miRNA;miRNA
CEBPB,VEGFA,CEBPB;HIC1;RUNX2;VEGFA;hsa-miR-20a;hsa-miR-23a,TF;Gene;TF;Gene;miRNA;miRNA
hsa-miR-7,CELSR3,CELSR3;HNF4A;MYC;hsa-miR-183;hsa-miR-30d;hsa-miR-7,Gene;TF;TF;miRNA;miRNA;miRNA
CTNNB1,FOXO3,CITED2;CTNNB1;EZH2;FOXO3;HDAC2;hsa-miR-200c,Gene;TF;TF;TF;TF;miRNA
CITED2,ELF4,CITED2;ELF4;EP300;FOXO3;SP1;hsa-let-7b,Gene;Gene;TF;TF;TF;miRNA
EGR1,hsa-let-7b,CITED2;EGR1;FOXO3;hsa-let-7b;hsa-miR-212;hsa-miR-455,Gene;TF;TF;miRNA;miRNA;miRNA
hsa-miR-370,LIF,CITED2;FOXO3;LIF;SMAD4;hsa-miR-302b;hsa-miR-370,Gene;TF;Gene;TF;miRNA;miRNA
hsa-miR-206,RUNX1,CITED2;FOSB;FOXO3;HDAC2;RUNX1;hsa-miR-206,Gene;Gene;TF;TF;TF;miRNA
CITED2,CXCL12,CITED2;CXCL12;FOXO3;HIF1A;RUNX1;hsa-miR-23a,Gene;Gene;TF;TF;TF;miRNA
KLF4,CITED2,CITED2;KLF4;MYC;hsa-miR-145;hsa-miR-200c;hsa-miR-429,Gene;TF;TF;miRNA;miRNA;miRNA
hsa-miR-206,CITED2,CITED2;SNAI2;hsa-miR-145;hsa-miR-200c;hsa-miR-206;hsa-miR-429,Gene;TF;miRNA;miRNA;miRNA;miRNA
SP1,CITED2,CITED2;KLF5;SP1;VDR;hsa-miR-145;hsa-miR-200c,Gene;TF;TF;TF;miRNA;miRNA
hsa-miR-216a,CITED2,CITED2;HOXA10;SNAI1;hsa-miR-200c;hsa-miR-216a;hsa-miR-429,Gene;TF;TF;miRNA;miRNA;miRNA
MYB,CITED2,CITED2;ERG;GATA3;MYB;hsa-miR-200b;hsa-miR-200c,Gene;TF;TF;TF;miRNA;miRNA
PPARG,CITED2,CITED2;ETV4;PPARG;hsa-miR-200b;hsa-miR-29b;hsa-miR-613,Gene;TF;TF;miRNA;miRNA;miRNA
ELK1,JUND,CITED2;ELK1;EP300;JUND;SRF;hsa-miR-29b,Gene;TF;TF;TF;TF;miRNA
ELK1,hsa-miR-29b,CITED2;ELK1;EP300;SP1;SRF;hsa-miR-29b,Gene;TF;TF;TF;TF;miRNA
ELK1,HIF1A,CITED2;ELK1;EP300;HIF1A;SRF;hsa-miR-29b,Gene;TF;TF;TF;TF;miRNA
ELK1,YY1,CITED2;ELK1;EP300;EZH2;RELA;YY1,Gene;TF;TF;TF;TF;TF
hsa-miR-203,THBS2,CITED2;EP300;SMAD3;THBS2;hsa-miR-203;hsa-miR-20a,Gene;TF;TF;Gene;miRNA;miRNA
HDAC9,hsa-miR-19a,CITED2;ESR1;HDAC9;MYC;TFAP2A;hsa-miR-19a,Gene;TF;TF;TF;TF;miRNA
HDAC9,CITED2,CITED2;HDAC9;MYC;RELA;hsa-miR-182;hsa-miR-371a,Gene;TF;TF;TF;miRNA;miRNA
hsa-miR-1,THBS1,CITED2;HIF1A;MYC;THBS1;hsa-miR-1;hsa-miR-19a,Gene;TF;TF;Gene;miRNA;miRNA
CITED2,SERPINE1,CITED2;CREBBP;EPAS1;HIF1A;SERPINE1;hsa-miR-30d,Gene;TF;TF;TF;Gene;miRNA
hsa-miR-199a,SPI1,CITED2;CREBBP;JUN;RARA;SPI1;hsa-miR-199a,Gene;TF;TF;TF;TF;miRNA
hsa-miR-199a,IL6,CITED2;CREBBP;FN1;IL6;PPARA;hsa-miR-199a,Gene;TF;Gene;Gene;TF;miRNA
hsa-miR-199a,hsa-miR-150,CITED2;EP300;SPI1;STAT3;hsa-miR-150;hsa-miR-199a,Gene;TF;TF;TF;miRNA;miRNA
hsa-miR-199a,STAT5A,CITED2;EP300;PPARA;STAT5A;hsa-miR-141;hsa-miR-199a,Gene;TF;TF;Gene;miRNA;miRNA
hsa-miR-199a,hsa-miR-96,CITED2;EGR1;EP300;HIF1A;hsa-miR-199a;hsa-miR-96,Gene;TF;TF;TF;miRNA;miRNA
hsa-miR-199a,VEGFA,CITED2;HIF1A;SP1;VEGFA;hsa-miR-199a;hsa-miR-497,Gene;TF;TF;Gene;miRNA;miRNA
CITED2,VEGFA,CITED2;EP300;EPAS1;ESR1;TFAP2A;VEGFA,Gene;TF;TF;TF;TF;Gene
hsa-miR-371a,TGFBR2,CITED2;EP300;SMAD7;SP1;TGFBR2;hsa-miR-371a,Gene;TF;Gene;TF;Gene;miRNA
CITED2,TERT,CITED2;EP300;HIF1A;NFKB1;RBPJ;TERT,Gene;TF;TF;TF;TF;Gene
EGR1,KLF5,CITED2;EGR1;EP300;KLF5;hsa-miR-132;hsa-miR-152,Gene;TF;TF;TF;miRNA;miRNA
ESR1,hsa-miR-30b,CITED2;ESR1;EZH2;HIF1A;hsa-miR-200c;hsa-miR-30b,Gene;TF;TF;TF;miRNA;miRNA
hsa-miR-216a,TGFBR2,CITED2;HIF1A;SMAD7;TGFBR2;hsa-miR-216a;hsa-miR-23b,Gene;TF;Gene;Gene;miRNA;miRNA
SP1,MMP2,COL18A1;MMP14;MMP2;SP1;hsa-miR-20a;hsa-miR-29b,Gene;Gene;Gene;TF;miRNA;miRNA
HDAC1,MMP2,COL18A1;HDAC1;HIF1A;MMP2;SP1;hsa-miR-124,Gene;TF;TF;Gene;TF;miRNA
ETS1,SPARC,COL1A1;ETS1;FN1;SPARC;SRF;hsa-miR-206,Gene;TF;Gene;Gene;TF;miRNA
hsa-let-7b,THBS1,COL1A1;ITGA5;ITGB1;THBS1;hsa-let-7b;hsa-let-7e,Gene;Gene;Gene;Gene;miRNA;miRNA
HDAC1,COL1A1,COL1A1;HDAC1;KLF4;STAT1;hsa-let-7a;hsa-miR-143,Gene;TF;TF;TF;miRNA;miRNA
E2F1,COL1A1,COL1A1;CREBBP;E2F1;EZH2;hsa-let-7a;hsa-let-7c,Gene;TF;TF;TF;miRNA;miRNA
E2F1,COL1A1,COL1A1;E2F1;EP300;HNF4A;hsa-let-7a;hsa-miR-382,Gene;TF;TF;TF;miRNA;miRNA
HIF1A,FBN1,COL1A1;FBN1;HIF1A;hsa-let-7a;hsa-let-7e;hsa-miR-101,Gene;Gene;TF;miRNA;miRNA;miRNA
EPAS1,hsa-miR-27a,COL1A1;EPAS1;HIF1A;RUNX2;hsa-miR-27a;hsa-miR-29c,Gene;TF;TF;TF;miRNA;miRNA
EP300,COL1A1,COL1A1;EP300;IL6;STAT6;YY1;hsa-miR-29c,Gene;TF;Gene;TF;TF;miRNA
FOXO3,hsa-miR-31,COL1A1;FOXO3;RUNX2;SMAD3;hsa-let-7c;hsa-miR-31,Gene;TF;TF;TF;miRNA;miRNA
NFKB1,COL1A1,COL1A1;KDM2A;NFKB1;SOX2;hsa-miR-200b;hsa-miR-29b,Gene;TF;TF;TF;miRNA;miRNA
hsa-miR-219a,TGFBR2,COL1A1;FBN1;NFKB1;TGFBR2;hsa-miR-17;hsa-miR-219a,Gene;Gene;TF;Gene;miRNA;miRNA
RELA,FN1,COL1A1;FBN1;FN1;RELA;hsa-miR-183;hsa-miR-27b,Gene;Gene;Gene;TF;miRNA;miRNA
RELA,hsa-miR-124,COL1A1;EGR1;RELA;RUNX2;STAT1;hsa-miR-124,Gene;TF;TF;TF;TF;miRNA
ESR1,ITGB1,COL1A1;ESR1;FN1;HDAC2;ITGB1;RELA,Gene;TF;Gene;TF;Gene;TF
CREBBP,COL1A1,COL1A1;CREBBP;MYB;NFKB1;RUNX1;hsa-miR-143,Gene;TF;TF;TF;TF;miRNA
CREBBP,COL1A1,COL1A1;CREBBP;MYB;NFKB1;RXRA;hsa-miR-143,Gene;TF;TF;TF;TF;miRNA
NFKB1,ITGB1,COL1A1;FOXO3;HIF1A;ITGB1;NFKB1;TWIST1,Gene;TF;TF;Gene;TF;TF
CREB1,RUNX2,COL1A1;CREB1;CTNNB1;FOS;NFKB1;RUNX2,Gene;TF;TF;TF;TF;TF
NFKB1,MMP2,COL1A1;MMP2;NFKB1;RUNX2;STAT4;hsa-miR-506,Gene;Gene;TF;TF;TF;miRNA
EP300,PLAU,COL1A1;EP300;FOS;NFKB1;PLAU;RUNX2,Gene;TF;TF;TF;Gene;TF
hsa-miR-19b,HIC1,COL1A1;HIC1;RUNX2;SP1;hsa-miR-19b;hsa-miR-27a,Gene;Gene;TF;TF;miRNA;miRNA
SP1,THBS1,COL1A1;ITGB1;MMP2;SP1;THBS1;hsa-miR-182,Gene;Gene;Gene;TF;Gene;miRNA
SP1,TGFBR2,COL1A1;RUNX2;SNAI2;SP1;TGFBR2;hsa-miR-145,Gene;TF;TF;TF;Gene;miRNA
MYC,VEGFA,COL1A1;MYC;RUNX2;TP73;VEGFA;hsa-miR-143,Gene;TF;TF;TF;Gene;miRNA
SP1,POSTN,COL3A1;HDAC4;POSTN;SP1;hsa-miR-142;hsa-miR-29c,Gene;TF;Gene;TF;miRNA;miRNA
CTNNB1,COL3A1,COL3A1;CTNNB1;HIF1A;MYC;hsa-let-7e;hsa-miR-29c,Gene;TF;TF;TF;miRNA;miRNA
NFKB1,TLR4,COL3A1;FN1;NFKB1;TLR4;hsa-miR-29a;hsa-miR-448,Gene;Gene;TF;Gene;miRNA;miRNA
TP53,FN1,COL3A1;CTGF;FN1;TP53;hsa-miR-143;hsa-miR-27a,Gene;Gene;Gene;TF;miRNA;miRNA
HIF1A,THBS1,COL3A1;HIF1A;ITGB1;MMP2;THBS1;hsa-miR-143,Gene;TF;Gene;Gene;Gene;miRNA
CREBBP,COL7A1,COL7A1;CREBBP;FOXO3;SMAD3;SP1;hsa-miR-29b,Gene;TF;TF;TF;TF;miRNA
CREB1,ETV1,CREB1;ETV1;TP53;TP73;hsa-miR-15b;hsa-miR-193a,TF;Gene;TF;TF;miRNA;miRNA
CREB1,POU3F2,CREB1;CTNNB1;EZH2;POU3F2;hsa-miR-15b;hsa-miR-27a,TF;TF;TF;Gene;miRNA;miRNA
CREB1,TERT,CREB1;EP300;NFKB1;TERT;hsa-miR-15b;hsa-miR-424,TF;TF;TF;Gene;miRNA;miRNA
CREB1,ETV1,CREB1;ETV1;JUN;RELA;hsa-miR-15b;hsa-miR-22,TF;Gene;TF;TF;miRNA;miRNA
SP1,hsa-miR-222,CREB1;NF1;SNAI2;SP1;TP53;hsa-miR-222,TF;TF;TF;TF;TF;miRNA
CREB1,LIF,CREB1;IL6;LIF;NF1;TP53;hsa-miR-29a,TF;Gene;Gene;TF;TF;miRNA
CREB1,LIF,CREB1;IL6;LIF;TP53;hsa-miR-20a;hsa-miR-29a,TF;Gene;Gene;TF;miRNA;miRNA
SP1,LIF,CREB1;IL6;LIF;SP1;TP53;hsa-miR-17,TF;Gene;Gene;TF;TF;miRNA
SP1,DKK1,CREB1;DKK1;SP1;TP53;TWIST1;hsa-miR-320a,TF;Gene;TF;TF;TF;miRNA
CREB1,KLF5,CREB1;KLF5;NF1;TP53;hsa-miR-145;hsa-miR-320a,TF;TF;TF;TF;miRNA;miRNA
CREB1,TWIST1,CREB1;TP53;TWIST1;hsa-miR-300;hsa-miR-320a;hsa-miR-92a,TF;TF;TF;miRNA;miRNA;miRNA
CREB1,TGFBR2,CREB1;JUN;TGFBR2;TP53;hsa-miR-203;hsa-miR-590,TF;TF;Gene;TF;miRNA;miRNA
CREB1,hsa-miR-210,CREB1;EPAS1;NF1;TP53;hsa-miR-210;hsa-miR-373,TF;TF;TF;TF;miRNA;miRNA
CREB1,hsa-miR-21,CREB1;CTNNB1;EP300;PPARG;STAT3;hsa-miR-21,TF;TF;TF;TF;TF;miRNA
CREB1,FST,CREB1;CTNNB1;EP300;FST;STAT3;hsa-miR-92a,TF;TF;TF;Gene;TF;miRNA
CREB1,MYB,CREB1;CTNNB1;EGR1;EP300;JUND;MYB,TF;TF;TF;TF;TF;TF
CREB1,RELA,CREB1;CTNNB1;EP300;ETS1;RELA;RUNX1,TF;TF;TF;TF;TF;TF
CREB1,DCBLD2,CREB1;CTNNB1;DCBLD2;MYC;hsa-miR-20a;hsa-miR-23a,TF;TF;Gene;TF;miRNA;miRNA
CREB1,MITF,CREB1;CTNNB1;HDAC1;MITF;MYC;hsa-let-7a,TF;TF;TF;TF;TF;miRNA
CREB1,TGFBR2,CREB1;CTNNB1;SOX2;TGFBR2;hsa-miR-135b;hsa-miR-302a,TF;TF;TF;Gene;miRNA;miRNA
CREB1,MMP2,CREB1;CTNNB1;EDN1;FOS;MMP2;RELA,TF;TF;Gene;TF;Gene;TF
CREB1,FN1,CREB1;CTNNB1;EZH2;FN1;RELA;hsa-miR-217,TF;TF;TF;Gene;TF;miRNA
CREB1,LOX,CREB1;CTNNB1;LOX;RELA;hsa-miR-145;hsa-miR-199a,TF;TF;Gene;TF;miRNA;miRNA
CREB1,hsa-miR-145,CREB1;CTNNB1;RELA;SNAI2;hsa-miR-124;hsa-miR-145,TF;TF;TF;TF;miRNA;miRNA
SP1,PEG3,CREB1;CTNNB1;PEG3;SP1;hsa-miR-124;hsa-miR-200a,TF;TF;Gene;TF;miRNA;miRNA
SP1,DAPK1,CREB1;CTNNB1;DAPK1;SP1;hsa-miR-124;hsa-miR-200a,TF;TF;Gene;TF;miRNA;miRNA
CREB1,PPARA,CREB1;FOS;FOXO1;HNF4A;JUN;PPARA,TF;TF;TF;TF;TF;TF
CREB1,FOS,CREB1;EP300;FOS;MYB;RUNX1;hsa-miR-221,TF;TF;TF;TF;TF;miRNA
CREB1,hsa-miR-21,CREB1;EP300;FOS;RELA;TCF7L2;hsa-miR-21,TF;TF;TF;TF;TF;miRNA
CREB1,RELA,CREB1;EP300;FOS;RELA;SNAI2;hsa-miR-101,TF;TF;TF;TF;TF;miRNA
CREB1,SMAD7,CREB1;EGR1;EP300;FOS;SMAD7;hsa-miR-200c,TF;TF;TF;TF;Gene;miRNA
CREB1,SPRY1,CREB1;FOS;SPI1;SPRY1;hsa-miR-21;hsa-miR-23a,TF;TF;TF;Gene;miRNA;miRNA
CREB1,hsa-miR-23a,CREB1;FOS;NF1;RELA;SPI1;hsa-miR-23a,TF;TF;TF;TF;TF;miRNA
HIF1A,MAP3K1,CREB1;HIF1A;MAP3K1;SP1;hsa-miR-21;hsa-miR-23b,TF;TF;Gene;TF;miRNA;miRNA
HDAC2,hsa-miR-200a,CREB1;HDAC2;KLF5;SP1;hsa-miR-200a;hsa-miR-21,TF;TF;TF;TF;miRNA;miRNA
SP1,SERPINE1,CREB1;HDAC4;PLAU;SERPINE1;SP1;hsa-miR-34a,TF;TF;Gene;Gene;TF;miRNA
SRF,PLAU,CREB1;EZH2;PLAU;RELA;SRF;hsa-miR-9,TF;TF;Gene;TF;TF;miRNA
CREB1,PLAU,CREB1;HIF1A;MITF;PLAU;POU3F2;hsa-miR-148a,TF;TF;TF;Gene;Gene;miRNA
CREB1,hsa-miR-146a,CREB1;EPAS1;RELA;hsa-miR-146a;hsa-miR-373;hsa-miR-96,TF;TF;TF;miRNA;miRNA;miRNA
CREB1,VDR,CREB1;RELA;VDR;hsa-miR-130a;hsa-miR-23a;hsa-miR-373,TF;TF;TF;miRNA;miRNA;miRNA
CREB1,VEGFA,CREB1;KLF4;RELA;SOX9;VEGFA;hsa-miR-302a,TF;TF;TF;TF;Gene;miRNA
CREB1,SMAD6,CREB1;EP300;FOXM1;FOXO1;SMAD3;SMAD6,TF;TF;TF;TF;TF;Gene
CREB1,SMAD3,CREB1;EP300;FOXM1;FOXO1;NCOR1;SMAD3,TF;TF;TF;TF;TF;TF
CREB1,EDN1,CREB1;EDN1;FOXO1;HIF1A;MITF;hsa-miR-301a,TF;Gene;TF;TF;TF;miRNA
hsa-miR-1,FN1,CREB1;FN1;RELA;SRF;hsa-miR-1;hsa-miR-182,TF;Gene;TF;TF;miRNA;miRNA
hsa-miR-199a,F3,CREB1;F3;NFKB1;SRF;hsa-miR-148a;hsa-miR-199a,TF;Gene;TF;TF;miRNA;miRNA
hsa-miR-199a,LAPTM4B,CREB1;EPAS1;LAPTM4B;SRF;hsa-miR-199a;hsa-miR-27a,TF;TF;Gene;TF;miRNA;miRNA
CREB1,hsa-miR-141,CREB1;MYC;NF1;SNAI1;SOX2;hsa-miR-141,TF;TF;TF;TF;TF;miRNA
CREB1,TWIST1,CREB1;RELA;SMAD3;SNAI1;TWIST1;hsa-miR-320a,TF;TF;TF;TF;TF;miRNA
CREB1,TGFBR2,CREB1;RELA;SMAD3;SNAI1;TGFBR2;hsa-miR-203,TF;TF;TF;TF;Gene;miRNA
CREB1,hsa-miR-23a,CREB1;EP300;FOXO3;GATA3;RUNX1;hsa-miR-23a,TF;TF;TF;TF;TF;miRNA
CREB1,IRF1,CREB1;EP300;FOXO3;IRF1;RUNX1;hsa-miR-23a,TF;TF;TF;TF;TF;miRNA
CREB1,IRF1,CREB1;EP300;FOXO3;HIF1A;IRF1;hsa-miR-23a,TF;TF;TF;TF;TF;miRNA
CREB1,hsa-miR-200b,CREB1;EGR1;EP300;KLF4;TP73;hsa-miR-200b,TF;TF;TF;TF;TF;miRNA
CREB1,SERPINE1,CREB1;EGR1;EP300;NR4A1;SERPINE1;hsa-miR-425,TF;TF;TF;Gene;Gene;miRNA
CREB1,RBPJ,CREB1;EP300;HES1;RBPJ;RELA;USF1,TF;TF;TF;TF;TF;TF
CREB1,KLF5,CREB1;EP300;KLF5;MYB;NFKB1;hsa-miR-148a,TF;TF;TF;TF;TF;miRNA
CREB1,PPARG,CREB1;EP300;JUN;LPL;PPARA;PPARG,TF;TF;TF;Gene;TF;TF
CREB1,FGF7,CREB1;EP300;FGF7;HNF4A;hsa-miR-132;hsa-miR-381,TF;TF;Gene;TF;miRNA;miRNA
CREB1,hsa-miR-183,CREB1;FOXO3;JUN;RELA;STAT3;hsa-miR-183,TF;TF;TF;TF;TF;miRNA
CREB1,hsa-miR-22,CREB1;FOXO3;JUN;RELA;STAT3;hsa-miR-22,TF;TF;TF;TF;TF;miRNA
CREB1,SIRT1,CREB1;JUN;NFKB1;PPARA;SIRT1;STAT3,TF;TF;TF;TF;TF;TF
SP1,hsa-miR-29c,CREB1;SIRT1;SP1;STAT3;YY1;hsa-miR-29c,TF;TF;TF;TF;TF;miRNA
SP1,MAP3K1,CREB1;MAP3K1;SP1;YY1;hsa-miR-23a;hsa-miR-9,TF;Gene;TF;TF;miRNA;miRNA
CREB1,SERPINE1,CREB1;F3;FOSB;NR4A1;RELA;SERPINE1,TF;Gene;Gene;Gene;TF;Gene
CREB1,TGFBR2,CREB1;RELA;TGFB2;TGFBR2;hsa-miR-199a;hsa-miR-9,TF;TF;Gene;Gene;miRNA;miRNA
CREB1,OXTR,CREB1;EGR1;OXTR;hsa-miR-29b;hsa-miR-30a;hsa-miR-335,TF;TF;Gene;miRNA;miRNA;miRNA
CREB1,MMP2,CREB1;EGR1;HIF1A;MMP2;MYC;hsa-miR-29c,TF;TF;TF;Gene;TF;miRNA
SP1,MITF,CREB1;MITF;POU3F2;SP1;hsa-miR-130a;hsa-miR-195,TF;TF;Gene;TF;miRNA;miRNA
CREB1,NOTCH1,CREB1;JUN;NOTCH1;SNAI2;hsa-miR-200b;hsa-miR-34a,TF;TF;Gene;TF;miRNA;miRNA
CREBBP,EXT1,CREBBP;ESR1;EXT1;STAT3;hsa-miR-106a;hsa-miR-23b,TF;TF;Gene;TF;miRNA;miRNA
CREBBP,MAP3K1,CREBBP;ESR1;ESR2;JUN;MAP3K1;hsa-let-7c,TF;TF;TF;TF;Gene;miRNA
CREBBP,hsa-miR-31,CREBBP;ESR1;EZH2;IRF3;JUN;hsa-miR-31,TF;TF;TF;TF;TF;miRNA
CREBBP,HOXA10,CREBBP;ESR1;ESR2;HOXA10;JUN;VDR,TF;TF;TF;TF;TF;TF
CREBBP,HRK,CREBBP;ESR1;HRK;MEN1;hsa-miR-21;hsa-miR-27a,TF;TF;Gene;TF;miRNA;miRNA
CREBBP,TWIST1,CREBBP;EZH2;FBXO32;FOXO3;HIF1A;TWIST1,TF;TF;Gene;TF;TF;TF
CREBBP,VEGFA,CREBBP;FOXO3;SP1;STAT3;VEGFA;hsa-miR-29b,TF;TF;TF;TF;Gene;miRNA
CREBBP,PTHLH,CREBBP;FOXO3;NFKB1;PTHLH;STAT3;hsa-miR-17,TF;TF;TF;Gene;TF;miRNA
CREBBP,EPHB2,CREBBP;EPHB2;FOXO3;HNF4A;hsa-miR-150;hsa-miR-30d,TF;Gene;TF;TF;miRNA;miRNA
CREBBP,VEGFA,CREBBP;FOXO3;IRF3;JUN;VEGFA;hsa-miR-200c,TF;TF;TF;TF;Gene;miRNA
CREBBP,VEGFA,CREBBP;FOXO3;IRF3;JUN;RUNX2;VEGFA,TF;TF;TF;TF;TF;Gene
CREBBP,hsa-miR-15b,CREBBP;E2F3;HIF1A;TP53;hsa-miR-15b;hsa-miR-19b,TF;TF;TF;TF;miRNA;miRNA
CREBBP,hsa-miR-210,CREBBP;EPAS1;HDAC2;TP53;hsa-miR-148a;hsa-miR-210,TF;TF;TF;TF;miRNA;miRNA
CREBBP,hsa-miR-18a,CREBBP;E2F3;HDAC1;RUNX1;TP53;hsa-miR-18a,TF;TF;TF;TF;TF;miRNA
CREBBP,EPHA2,CREBBP;EPHA2;HOXA10;SNAI1;TP53;hsa-miR-141,TF;Gene;TF;TF;TF;miRNA
CREBBP,MET,CREBBP;HDAC2;HOXA10;MET;TP53;hsa-miR-130a,TF;TF;TF;Gene;TF;miRNA
CREBBP,LMO7,CREBBP;LMO7;SP1;TP53;hsa-miR-15a;hsa-miR-429,TF;Gene;TF;TF;miRNA;miRNA
CREBBP,SPRY1,CREBBP;HIF1A;SPRY1;TP53;hsa-miR-23a;hsa-miR-590,TF;TF;Gene;TF;miRNA;miRNA
CREBBP,KLF10,CREBBP;HIF1A;KLF10;TP53;hsa-miR-214;hsa-miR-429,TF;TF;Gene;TF;miRNA;miRNA
CREBBP,MAP3K1,CREBBP;MAP3K1;SMAD4;TP53;hsa-miR-302a;hsa-miR-429,TF;Gene;TF;TF;miRNA;miRNA
CREBBP,hsa-miR-200a,CREBBP;CTNNB1;HDAC1;MEN1;SMAD3;hsa-miR-200a,TF;TF;TF;TF;TF;miRNA
CREBBP,HBEGF,CREBBP;CTNNB1;HBEGF;SMAD3;hsa-miR-31;hsa-miR-96,TF;TF;Gene;TF;miRNA;miRNA
E2F1,TLR4,CREBBP;CTNNB1;E2F1;TLR4;hsa-miR-106b;hsa-miR-373,TF;TF;TF;Gene;miRNA;miRNA
CREBBP,MAP3K1,CREBBP;CTNNB1;FOS;MAP3K1;hsa-miR-21;hsa-miR-373,TF;TF;TF;Gene;miRNA;miRNA
CREBBP,TGFBR2,CREBBP;CTNNB1;RELA;TGFBR2;hsa-miR-19a;hsa-miR-373,TF;TF;TF;Gene;miRNA;miRNA
CREBBP,EPAS1,CREBBP;CTNNB1;EPAS1;RARA;hsa-miR-302b;hsa-miR-96,TF;TF;TF;TF;miRNA;miRNA
CREBBP,EPAS1,CREBBP;CTNNB1;EPAS1;SMAD4;hsa-miR-302d;hsa-miR-96,TF;TF;TF;TF;miRNA;miRNA
CREBBP,NOTCH1,CREBBP;CTNNB1;HNF4A;NFKB1;NOTCH1;hsa-miR-34a,TF;TF;TF;TF;Gene;miRNA
CREBBP,FBN1,CREBBP;CTNNB1;FBN1;HIF1A;hsa-miR-182;hsa-miR-29c,TF;TF;Gene;TF;miRNA;miRNA
CREBBP,hsa-miR-22,CREBBP;CTNNB1;MEF2C;MYOD1;SP1;hsa-miR-22,TF;TF;TF;TF;TF;miRNA
CREBBP,FBXO32,CREBBP;FBXO32;HOXA10;STAT3;hsa-let-7c;hsa-miR-96,TF;Gene;TF;TF;miRNA;miRNA
CREBBP,F3,CREBBP;F3;HOXA10;JUN;MYCN;hsa-miR-106b,TF;Gene;TF;TF;TF;miRNA
CREBBP,hsa-miR-18b,CREBBP;HOXA10;IRF1;JUN;MYCN;hsa-miR-18b,TF;TF;TF;TF;TF;miRNA
CREBBP,STAT1,CREBBP;LEF1;SMAD3;SMAD4;SMAD7;STAT1,TF;TF;TF;TF;Gene;TF
CREBBP,STAT3,CREBBP;FOXO1;NFKB1;SMAD3;SOX2;STAT3,TF;TF;TF;TF;TF;TF
CREBBP,STAT3,CREBBP;FOXO1;NFKB1;RUNX1;SMAD3;STAT3,TF;TF;TF;TF;TF;TF
CREBBP,hsa-miR-20a,CREBBP;EZH2;FOXO1;RELA;SMAD3;hsa-miR-20a,TF;TF;TF;TF;TF;miRNA
E2F1,hsa-miR-19a,CREBBP;E2F1;NOTCH1;SMAD3;hsa-miR-19a;hsa-miR-34c,TF;TF;Gene;TF;miRNA;miRNA
CREBBP,SERPINE1,CREBBP;EPAS1;RUNX1;SERPINE1;SMAD3;hsa-miR-106a,TF;TF;TF;Gene;TF;miRNA
CREBBP,hsa-miR-424,CREBBP;FOS;HDAC1;LEF1;SMAD3;hsa-miR-424,TF;TF;TF;TF;TF;miRNA
CREBBP,PTHLH,CREBBP;PTHLH;RUNX1;SMAD3;TAL1;hsa-miR-29c,TF;Gene;TF;TF;TF;miRNA
CREBBP,SMAD4,CREBBP;FOS;NOTCH1;SMAD3;SMAD4;hsa-miR-34a,TF;TF;Gene;TF;TF;miRNA
CREBBP,SMAD4,CREBBP;FOS;HIF1A;NOTCH1;SMAD3;SMAD4,TF;TF;TF;Gene;TF;TF
CREBBP,TGFB2,CREBBP;NFKB1;SMAD3;TGFB2;hsa-miR-145;hsa-miR-21,TF;TF;TF;Gene;miRNA;miRNA
CREBBP,SERPINE1,CREBBP;EZH2;RELA;SERPINE1;SMAD3;hsa-miR-30b,TF;TF;TF;Gene;TF;miRNA
CREBBP,VEGFA,CREBBP;HIF1A;NR1H4;STAT1;VEGFA;hsa-miR-372,TF;TF;TF;TF;Gene;miRNA
CREBBP,PTHLH,CREBBP;JUN;PTHLH;RELA;STAT1;hsa-miR-29a,TF;TF;Gene;TF;TF;miRNA
CREBBP,STAT1,CREBBP;HNF4A;RELA;SMAD7;STAT1;hsa-miR-487,TF;TF;TF;Gene;TF;miRNA
CREBBP,hsa-miR-34a,CREBBP;HNF4A;RELA;RUNX1;STAT1;hsa-miR-34a,TF;TF;TF;TF;TF;miRNA
CREBBP,LOX,CREBBP;FOS;HIF1A;JUN;LOX;hsa-miR-200b,TF;TF;TF;TF;Gene;miRNA
CREBBP,SMAD7,CREBBP;FOS;HIF1A;JUN;SMAD7;hsa-miR-200b,TF;TF;TF;TF;Gene;miRNA
CREBBP,FOS,CREBBP;EGR1;FOS;NCOR1;NR1H4;hsa-miR-199a,TF;TF;TF;TF;TF;miRNA
CREBBP,THBD,CREBBP;RELA;STAT3;TCF7L2;THBD;hsa-miR-21,TF;TF;TF;TF;Gene;miRNA
CREBBP,IL6,CREBBP;IL6;PPARA;SMAD4;SP1;STAT5A,TF;Gene;TF;TF;TF;Gene
CREBBP,HBEGF,CREBBP;FOXO1;HBEGF;SP1;STAT3;hsa-miR-183,TF;TF;Gene;TF;TF;miRNA
CREBBP,hsa-miR-23a,CREBBP;EGR1;FOXO1;RARA;RUNX1;hsa-miR-23a,TF;TF;TF;TF;TF;miRNA
E2F1,TGFBR2,CREBBP;E2F1;SMAD4;TGFBR2;hsa-miR-106b;hsa-miR-19b,TF;TF;TF;Gene;miRNA;miRNA
E2F1,TGFBR2,CREBBP;E2F1;STAT3;TGFBR2;hsa-miR-17;hsa-miR-181a,TF;TF;TF;Gene;miRNA;miRNA
E2F1,DKK3,CREBBP;DKK3;E2F1;STAT3;hsa-miR-19a;hsa-miR-218,TF;Gene;TF;TF;miRNA;miRNA
E2F1,ETV1,CREBBP;E2F1;ETV1;STAT3;hsa-miR-124;hsa-miR-19a,TF;TF;Gene;TF;miRNA;miRNA
E2F1,ETV1,CREBBP;E2F1;ETV1;STAT3;hsa-miR-19a;hsa-miR-23b,TF;TF;Gene;TF;miRNA;miRNA
E2F1,MYBL1,CREBBP;E2F1;MYBL1;STAT3;hsa-miR-16;hsa-miR-19a,TF;TF;Gene;TF;miRNA;miRNA
E2F1,TGFBR2,CREBBP;E2F1;SHC1;SIRT1;SMAD4;TGFBR2,TF;TF;Gene;TF;TF;Gene
E2F1,VEGFA,CREBBP;E2F1;HIF1A;JUN;VEGFA;hsa-miR-373,TF;TF;TF;TF;Gene;miRNA
E2F1,hsa-miR-200b,CREBBP;E2F1;ETV4;HDAC2;HNF4A;hsa-miR-200b,TF;TF;TF;TF;TF;miRNA
E2F1,IRAK2,CREBBP;E2F1;IRAK2;SMAD4;hsa-miR-15a;hsa-miR-302d,TF;TF;Gene;TF;miRNA;miRNA
CREBBP,hsa-miR-29c,CREBBP;EPAS1;EZH2;STAT3;hsa-miR-29c;hsa-miR-96,TF;TF;TF;TF;miRNA;miRNA
CREBBP,hsa-miR-29c,CREBBP;EPAS1;NFKB1;STAT3;hsa-miR-29c;hsa-miR-30c,TF;TF;TF;TF;miRNA;miRNA
CREBBP,MMP2,CREBBP;EPAS1;MMP14;MMP2;NFKB1;hsa-miR-29c,TF;TF;Gene;Gene;TF;miRNA
CREBBP,SERPINE1,CREBBP;EPAS1;HNF4A;RELA;SERPINE1;hsa-miR-34a,TF;TF;TF;TF;Gene;miRNA
CREBBP,hsa-miR-200a,CREBBP;EPAS1;HIF1A;HNF4A;TWIST1;hsa-miR-200a,TF;TF;TF;TF;TF;miRNA
CREBBP,hsa-miR-27a,CREBBP;NFKB1;RUNX1;STAT3;TWIST1;hsa-miR-27a,TF;TF;TF;TF;TF;miRNA
CREBBP,LTBP1,CREBBP;JUN;LTBP1;STAT3;TCF7L2;hsa-miR-203,TF;TF;Gene;TF;TF;miRNA
CREBBP,LTBP1,CREBBP;EZH2;JUN;LTBP1;STAT3;hsa-miR-203,TF;TF;TF;Gene;TF;miRNA
CREBBP,EXT1,CREBBP;EXT1;JUN;STAT3;hsa-miR-181b;hsa-miR-203,TF;Gene;TF;TF;miRNA;miRNA
CREBBP,TGFBR2,CREBBP;JUN;STAT3;TGFBR2;hsa-miR-181b;hsa-miR-203,TF;TF;TF;Gene;miRNA;miRNA
CREBBP,hsa-miR-183,CREBBP;HDAC1;HNF4A;SOX2;STAT3;hsa-miR-183,TF;TF;TF;TF;TF;miRNA
CREBBP,DNAJB4,CREBBP;DNAJB4;PPARA;STAT3;hsa-miR-107;hsa-miR-15a,TF;Gene;TF;TF;miRNA;miRNA
CREBBP,SNAP25,CREBBP;NFKB1;SNAP25;STAT3;hsa-miR-16;hsa-miR-200c,TF;TF;Gene;TF;miRNA;miRNA
CREBBP,MMP2,CREBBP;JUN;MMP2;RELA;SNAI1;TWIST1,TF;TF;Gene;TF;TF;TF
CREBBP,FOSL1,CREBBP;FOSB;FOSL1;RELA;STAT6;hsa-miR-503,TF;Gene;Gene;TF;TF;miRNA
CREBBP,RGS4,CREBBP;FHL2;RELA;RGS4;RUNX1;hsa-miR-20b,TF;Gene;TF;Gene;TF;miRNA
CREBBP,MET,CREBBP;EZH2;MET;RELA;hsa-miR-130a;hsa-miR-27a,TF;TF;Gene;TF;miRNA;miRNA
CREBBP,MAP3K1,CREBBP;MAP3K1;RELA;STAT6;hsa-miR-142;hsa-miR-19a,TF;Gene;TF;TF;miRNA;miRNA
CREBBP,hsa-miR-22,CREBBP;MYB;RARA;RELA;SPI1;hsa-miR-22,TF;TF;TF;TF;TF;miRNA
CREBBP,hsa-miR-22,CREBBP;EGR1;MYB;RELA;SPI1;hsa-miR-22,TF;TF;TF;TF;TF;miRNA
CREBBP,MAP3K1,CREBBP;HDAC2;MAP3K1;RELA;hsa-miR-23b;hsa-miR-429,TF;TF;Gene;TF;miRNA;miRNA
CREBBP,OXTR,CREBBP;EZH2;OXTR;RELA;hsa-miR-29c;hsa-miR-30d,TF;TF;Gene;TF;miRNA;miRNA
CREBBP,FN1,CREBBP;FN1;HDAC2;RARA;hsa-miR-145;hsa-miR-200b,TF;Gene;TF;TF;miRNA;miRNA
CREBBP,MAP3K1,CREBBP;HDAC2;MAP3K1;RARA;hsa-miR-145;hsa-miR-200b,TF;TF;Gene;TF;miRNA;miRNA
CREBBP,hsa-miR-145,CREBBP;LEF1;RARA;RXRA;SMAD4;hsa-miR-145,TF;TF;TF;TF;TF;miRNA
CREBBP,THBD,CREBBP;KLF5;RARA;SP1;THBD;hsa-miR-320a,TF;TF;TF;TF;Gene;miRNA
CREBBP,hsa-miR-200c,CREBBP;HNF4A;JUN;RARA;RXRA;hsa-miR-200c,TF;TF;TF;TF;TF;miRNA
CREBBP,FBN1,CREBBP;FBN1;HNF4A;RARA;SP1;hsa-miR-329,TF;Gene;TF;TF;TF;miRNA
CREBBP,hsa-let-7b,CREBBP;EZH2;NFKB1;RARA;hsa-let-7b;hsa-miR-143,TF;TF;TF;TF;miRNA;miRNA
CREBBP,hsa-let-7b,CREBBP;NFKB1;RARA;SMAD4;hsa-let-7b;hsa-miR-143,TF;TF;TF;TF;miRNA;miRNA
CREBBP,POSTN,CREBBP;EGR2;POSTN;SP1;hsa-miR-142;hsa-miR-19a,TF;TF;Gene;TF;miRNA;miRNA
CREBBP,LOX,CREBBP;HDAC1;HIF1A;KLF4;LOX;hsa-miR-145,TF;TF;TF;TF;Gene;miRNA
CREBBP,LMO7,CREBBP;EZH2;HDAC1;LMO7;hsa-miR-200b;hsa-miR-218,TF;TF;TF;Gene;miRNA;miRNA
CREBBP,MMP2,CREBBP;HDAC1;JUN;MMP2;MYCN;hsa-miR-124,TF;TF;TF;Gene;TF;miRNA
CREBBP,MAP3K1,CREBBP;HDAC1;JUN;MAP3K1;hsa-miR-124;hsa-miR-93,TF;TF;TF;Gene;miRNA;miRNA
CREBBP,MAP3K1,CREBBP;HDAC1;JUN;MAP3K1;SP1;hsa-miR-142,TF;TF;TF;Gene;TF;miRNA
CREBBP,SNAP25,CREBBP;HDAC2;PPARA;SNAP25;hsa-miR-200a;hsa-miR-214,TF;TF;TF;Gene;miRNA;miRNA
CREBBP,VDR,CREBBP;HDAC2;JUN;SNAI2;SUZ12;VDR,TF;TF;TF;TF;TF;TF
CREBBP,HBEGF,CREBBP;HBEGF;HNF4A;MYOD1;SMAD4;SNAI1,TF;Gene;TF;TF;TF;TF
CREBBP,MYB,CREBBP;HIF1A;IRF1;JUN;MYB;hsa-miR-205,TF;TF;TF;TF;TF;miRNA
CREBBP,NOTCH1,CREBBP;EZH2;MYB;NOTCH1;hsa-miR-139;hsa-miR-429,TF;TF;TF;Gene;miRNA;miRNA
CREBBP,SERPINE1,CREBBP;NFKB1;PPARA;RUNX1;SERPINE1;hsa-miR-224,TF;TF;TF;TF;Gene;miRNA
CREBBP,SERPINE1,CREBBP;NFKB1;PPARA;SERPINE1;SMAD4;hsa-miR-224,TF;TF;TF;Gene;TF;miRNA
CREBBP,hsa-miR-200c,CREBBP;LEF1;PPARA;SNAI2;SP1;hsa-miR-200c,TF;TF;TF;TF;TF;miRNA
CREBBP,THBS2,CREBBP;HIF1A;NFKB1;THBS2;hsa-miR-185;hsa-miR-30c,TF;TF;TF;Gene;miRNA;miRNA
CREBBP,UGCG,CREBBP;HIF1A;SP1;TWIST1;UGCG;hsa-miR-429,TF;TF;TF;TF;Gene;miRNA
CREBBP,FN1,CREBBP;EZH2;FN1;HIF1A;SNAI1;hsa-miR-183,TF;TF;Gene;TF;TF;miRNA
CREBBP,DCBLD2,CREBBP;DCBLD2;JUN;RUNX1;hsa-miR-20a;hsa-miR-31,TF;Gene;TF;TF;miRNA;miRNA
CTCF,hsa-miR-17,CTCF;FOS;MYC;NF1;SPI1;hsa-miR-17,TF;TF;TF;TF;TF;miRNA
CTCF,FBXO32,CTCF;EZH2;FBXO32;MYC;hsa-miR-25;hsa-miR-92a,TF;TF;Gene;TF;miRNA;miRNA
CTCF,FST,CTCF;FST;MYC;POU5F1;hsa-miR-101;hsa-miR-367,TF;Gene;TF;TF;miRNA;miRNA
CTNNB1,TERT,CTCF;CTNNB1;KLF4;NFKB1;TERT;hsa-miR-143,TF;TF;TF;TF;Gene;miRNA
CTCF,TWIST1,CTCF;EP300;NANOG;POU2F1;TWIST1;hsa-miR-20a,TF;TF;TF;TF;TF;miRNA
CTCF,MAP3K1,CTCF;MAP3K1;MYC;hsa-miR-18a;hsa-miR-30a;hsa-miR-375,TF;Gene;TF;miRNA;miRNA;miRNA
hsa-miR-29b,FN1,CTGF;FBN1;FN1;HIF1A;hsa-miR-29b;hsa-miR-429,Gene;Gene;Gene;TF;miRNA;miRNA
EP300,VEGFA,CTGF;EP300;FN1;JUN;VEGFA;VHL,Gene;TF;Gene;TF;Gene;TF
TP53,FN1,CTGF;FN1;TP53;hsa-miR-18a;hsa-miR-27a;hsa-miR-27b,Gene;Gene;TF;miRNA;miRNA;miRNA
JUN,CTGF,CTGF;ETS1;JUN;SP1;SPI1;STAT3,Gene;TF;TF;TF;TF;TF
EP300,CTGF,CTGF;EP300;ETS1;HDAC1;SMAD3;hsa-miR-18a,Gene;TF;TF;TF;TF;miRNA
EP300,CTGF,CTGF;EP300;ETS1;RUNX1;SMAD3;hsa-miR-18a,Gene;TF;TF;TF;TF;miRNA
EP300,CTGF,CTGF;EP300;FOXO1;RUNX1;STAT3;hsa-miR-18a,Gene;TF;TF;TF;TF;miRNA
NKX2-5,SMAD7,CTNNB1;FOXO3;NKX2-5;SMAD3;SMAD7;hsa-miR-19b,TF;TF;TF;TF;Gene;miRNA
NKX2-5,hsa-miR-143,CTNNB1;FOXO1;MEN1;NKX2-5;SMAD3;hsa-miR-143,TF;TF;TF;TF;TF;miRNA
CTNNB1,SMAD3,CTNNB1;FOXM1;FOXO3;HDAC1;MEN1;SMAD3,TF;TF;TF;TF;TF;TF
CTNNB1,FOXO3,CTNNB1;FBXO32;FOXO3;MYC;TFAP2A;hsa-miR-92a,TF;Gene;TF;TF;TF;miRNA
CTNNB1,FOXM1,CTNNB1;FOXM1;FOXO3;HIF1A;SMAD4;SP1,TF;TF;TF;TF;TF;TF
CTNNB1,VEGFA,CTNNB1;FOXO3;MYC;RUNX1;VEGFA;hsa-miR-29a,TF;TF;TF;TF;Gene;miRNA
CTNNB1,VEGFA,CTNNB1;EZH2;FOXO3;HNF4A;MYC;VEGFA,TF;TF;TF;TF;TF;Gene
CTNNB1,hsa-miR-92a,CTNNB1;EP300;PPARG;RUNX1;SMAD3;hsa-miR-92a,TF;TF;TF;TF;TF;miRNA
CTNNB1,hsa-let-7b,CTNNB1;NFKB1;PPARG;SMAD3;hsa-let-7b;hsa-miR-29b,TF;TF;TF;TF;miRNA;miRNA
CTNNB1,SERPINE1,CTNNB1;FOS;HDAC1;PPARG;SERPINE1;SMAD3,TF;TF;TF;TF;Gene;TF
CTNNB1,SMAD3,CTNNB1;EZH2;FOS;PPARG;SMAD3;hsa-miR-181b,TF;TF;TF;TF;TF;miRNA
CTNNB1,TLR4,CTNNB1;PPARG;SMAD3;TLR4;hsa-miR-124;hsa-miR-17,TF;TF;TF;Gene;miRNA;miRNA
CTNNB1,ETV1,CTNNB1;ETV1;PPARG;SMAD3;hsa-miR-142;hsa-miR-17,TF;Gene;TF;TF;miRNA;miRNA
CTNNB1,SERPINE1,CTNNB1;EP300;NR1H4;PPARG;SERPINE1;hsa-miR-34a,TF;TF;TF;TF;Gene;miRNA
CTNNB1,MAP3K1,CTNNB1;JUN;MAP3K1;MYC;PPARG;hsa-miR-30a,TF;TF;Gene;TF;TF;miRNA
CTNNB1,VEGFA,CTNNB1;MEN1;RB1;SMAD3;VEGFA;hsa-miR-373,TF;TF;TF;TF;Gene;miRNA
CTNNB1,hsa-miR-200b,CTNNB1;MET;SMAD3;STAT3;TP63;hsa-miR-200b,TF;Gene;TF;TF;TF;miRNA
CTNNB1,PTHLH,CTNNB1;NOTCH1;PTHLH;SMAD3;SOX2;hsa-miR-29b,TF;Gene;Gene;TF;TF;miRNA
CTNNB1,VEGFA,CTNNB1;NFKB1;SMAD3;VEGFA;hsa-miR-29b;hsa-miR-372,TF;TF;TF;Gene;miRNA;miRNA
CTNNB1,hsa-miR-302a,CTNNB1;NANOG;NOTCH1;SMAD3;SOX2;hsa-miR-302a,TF;TF;Gene;TF;TF;miRNA
CTNNB1,hsa-miR-29a,CTNNB1;FOXA2;NFKB1;SMAD3;SOX9;hsa-miR-29a,TF;TF;TF;TF;TF;miRNA
CTNNB1,hsa-miR-29a,CTNNB1;FOXA2;SMAD3;SOX9;SP1;hsa-miR-29a,TF;TF;TF;TF;TF;miRNA
CTNNB1,hsa-miR-143,CTNNB1;HIF1A;SKIL;SMAD3;hsa-miR-143;hsa-miR-182,TF;TF;Gene;TF;miRNA;miRNA
CTNNB1,SMAD3,CTNNB1;HNF4A;MEN1;RELA;SMAD3;hsa-miR-7,TF;TF;TF;TF;TF;miRNA
CTNNB1,hsa-miR-19a,CTNNB1;EZH2;HNF4A;MYCN;SMAD3;hsa-miR-19a,TF;TF;TF;TF;TF;miRNA
CTNNB1,F3,CTNNB1;EZH2;F3;RELA;SMAD3;hsa-miR-27a,TF;TF;Gene;TF;TF;miRNA
CTNNB1,SMAD7,CTNNB1;MYCN;SMAD3;SMAD7;SP1;hsa-miR-20b,TF;TF;TF;Gene;TF;miRNA
CTNNB1,FBXO32,CTNNB1;EZH2;FBXO32;SMAD3;hsa-let-7c;hsa-miR-27a,TF;TF;Gene;TF;miRNA;miRNA
CTNNB1,TERT,CTNNB1;JUN;KLF4;SP1;TERT;hsa-miR-15a,TF;TF;TF;TF;Gene;miRNA
CTNNB1,TERT,CTNNB1;MEN1;MYC;TERT;hsa-miR-15a;hsa-miR-195,TF;TF;TF;Gene;miRNA;miRNA
CTNNB1,GJA1,CTNNB1;GJA1;NFKB1;hsa-miR-130a;hsa-miR-199a;hsa-miR-30e,TF;Gene;TF;miRNA;miRNA;miRNA
CTNNB1,DACT1,CTNNB1;DACT1;SMAD4;SP1;hsa-miR-30e;hsa-miR-92a,TF;Gene;TF;TF;miRNA;miRNA
CTNNB1,GRHL1,CTNNB1;EPAS1;GRHL1;RELA;hsa-miR-30d;hsa-miR-30e,TF;TF;Gene;TF;miRNA;miRNA
CTNNB1,MAP3K1,CTNNB1;MAP3K1;MYC;hsa-let-7a;hsa-miR-130a;hsa-miR-30e,TF;Gene;TF;miRNA;miRNA;miRNA
CTNNB1,EPHA2,CTNNB1;EPHA2;HDAC1;SOX2;hsa-miR-302c;hsa-miR-373,TF;Gene;TF;TF;miRNA;miRNA
CTNNB1,TGFBR2,CTNNB1;MYC;MYCN;TGFBR2;hsa-miR-19b;hsa-miR-373,TF;TF;TF;Gene;miRNA;miRNA
CTNNB1,TGFBR2,CTNNB1;EZH2;MYC;TGFBR2;hsa-miR-19b;hsa-miR-373,TF;TF;TF;Gene;miRNA;miRNA
CTNNB1,MYBL1,CTNNB1;JUN;MYBL1;STAT3;hsa-miR-181a;hsa-miR-373,TF;TF;Gene;TF;miRNA;miRNA
CTNNB1,ETV1,CTNNB1;ETV1;JUN;MEF2C;hsa-miR-23b;hsa-miR-373,TF;Gene;TF;TF;miRNA;miRNA
CTNNB1,hsa-miR-223,CTNNB1;PROX1;RELA;TWIST1;hsa-miR-223;hsa-miR-96,TF;TF;TF;TF;miRNA;miRNA
CTNNB1,FBXO32,CTNNB1;EP300;FBXO32;JUN;hsa-miR-23a;hsa-miR-96,TF;TF;Gene;TF;miRNA;miRNA
CTNNB1,FBXO32,CTNNB1;EZH2;FBXO32;RELA;hsa-let-7e;hsa-miR-96,TF;TF;Gene;TF;miRNA;miRNA
CTNNB1,HBEGF,CTNNB1;FHL2;HBEGF;RELA;hsa-miR-132;hsa-miR-96,TF;Gene;Gene;TF;miRNA;miRNA
CTNNB1,PMEPA1,CTNNB1;NANOG;PMEPA1;RELA;hsa-miR-367;hsa-miR-96,TF;TF;Gene;TF;miRNA;miRNA
CTNNB1,HMGCS1,CTNNB1;HMGCS1;KLF4;POU5F1;hsa-miR-142;hsa-miR-200a,TF;Gene;TF;TF;miRNA;miRNA
CTNNB1,NRP1,CTNNB1;KLF4;NRP1;SOX9;hsa-miR-124;hsa-miR-183,TF;TF;Gene;TF;miRNA;miRNA
CTNNB1,hsa-miR-301a,CTNNB1;HIF1A;KLF4;SOX2;hsa-miR-29b;hsa-miR-301a,TF;TF;TF;TF;miRNA;miRNA
CTNNB1,HBEGF,CTNNB1;HBEGF;HIF1A;NFKB1;hsa-let-7e;hsa-miR-183,TF;Gene;TF;TF;miRNA;miRNA
CTNNB1,FN1,CTNNB1;FN1;RELA;SOX2;hsa-miR-183;hsa-miR-27b,TF;Gene;TF;TF;miRNA;miRNA
CTNNB1,hsa-miR-145,CTNNB1;MEN1;POU5F1;VDR;hsa-miR-145;hsa-miR-23b,TF;TF;TF;TF;miRNA;miRNA
CTNNB1,MAP3K1,CTNNB1;HIF1A;JUN;MAP3K1;hsa-miR-203;hsa-miR-31,TF;TF;TF;Gene;miRNA;miRNA
CTNNB1,MAP3K1,CTNNB1;MAP3K1;MYC;hsa-miR-124;hsa-miR-30a;hsa-miR-372,TF;Gene;TF;miRNA;miRNA;miRNA
CTNNB1,VDR,CTNNB1;HIF1A;MYC;VDR;hsa-miR-124;hsa-miR-372,TF;TF;TF;TF;miRNA;miRNA
CTNNB1,FOSL1,CTNNB1;FOSL1;NFKB1;POU5F1;hsa-miR-142;hsa-miR-301a,TF;Gene;TF;TF;miRNA;miRNA
CTNNB1,NCOR1,CTNNB1;EP300;NCOR1;POU5F1;VDR;hsa-miR-130a,TF;TF;TF;TF;TF;miRNA
CTNNB1,STAT4,CTNNB1;IRF9;NFKB1;POU5F1;STAT4;hsa-miR-302c,TF;Gene;TF;TF;TF;miRNA
CTNNB1,POU5F1,CTNNB1;HDAC1;MYC;NF1;POU5F1;RUNX1,TF;TF;TF;TF;TF;TF
CTNNB1,DCBLD2,CTNNB1;DCBLD2;HDAC1;SNAI1;hsa-miR-199a;hsa-miR-429,TF;Gene;TF;TF;miRNA;miRNA
CTNNB1,hsa-miR-141,CTNNB1;EP300;EZH2;KLF5;SNAI1;hsa-miR-141,TF;TF;TF;TF;TF;miRNA
CTNNB1,hsa-miR-503,CTNNB1;EP300;FHL2;NFKB1;SMAD4;hsa-miR-503,TF;TF;Gene;TF;TF;miRNA
CTNNB1,hsa-miR-34a,CTNNB1;FHL2;NANOG;NFKB1;hsa-miR-34a;hsa-miR-92a,TF;Gene;TF;TF;miRNA;miRNA
CTNNB1,LPL,CTNNB1;FHL2;LPL;NFKB1;SOX2;hsa-miR-29b,TF;Gene;Gene;TF;TF;miRNA
CTNNB1,SHC1,CTNNB1;EP300;EZH2;SHC1;hsa-miR-200b;hsa-miR-200c,TF;TF;TF;Gene;miRNA;miRNA
CTNNB1,hsa-miR-32,CTNNB1;E2F1;EGR1;MYC;RELA;hsa-miR-32,TF;TF;TF;TF;TF;miRNA
CTNNB1,TLR4,CTNNB1;RELA;SOX2;STAT3;TLR4;hsa-miR-520d,TF;TF;TF;TF;Gene;miRNA
CTNNB1,SKIL,CTNNB1;NCOR1;RELA;SKIL;STAT3;hsa-miR-182,TF;TF;TF;Gene;TF;miRNA
CTNNB1,TLR4,CTNNB1;RELA;SOX2;STAT3;TLR4;hsa-miR-20a,TF;TF;TF;TF;Gene;miRNA
CTNNB1,FBXO32,CTNNB1;FBXO32;JUN;RELA;hsa-miR-25;hsa-miR-30b,TF;Gene;TF;TF;miRNA;miRNA
CTNNB1,hsa-miR-92a,CTNNB1;HIC1;MYC;RELA;hsa-miR-124;hsa-miR-92a,TF;Gene;TF;TF;miRNA;miRNA
CTNNB1,TLR4,CTNNB1;EZH2;MYCN;RELA;TLR4;hsa-miR-106b,TF;TF;TF;TF;Gene;miRNA
CTNNB1,SOX9,CTNNB1;EZH2;SNAI2;SOX9;STAT3;hsa-miR-124,TF;TF;TF;TF;TF;miRNA
CTNNB1,VEGFA,CTNNB1;HIC1;MEF2C;NFKB1;VEGFA;hsa-miR-124,TF;Gene;TF;TF;Gene;miRNA
CTNNB1,VIM,CTNNB1;HDAC1;SOX2;VIM;hsa-miR-124;hsa-miR-200b,TF;TF;TF;Gene;miRNA;miRNA
CTNNB1,SPRY1,CTNNB1;HNF4A;NFKB1;SPRY1;hsa-miR-124;hsa-miR-21,TF;TF;TF;Gene;miRNA;miRNA
CTNNB1,SPRY1,CTNNB1;EGR1;SMAD4;SP1;SPRY1;hsa-miR-124,TF;TF;TF;TF;Gene;miRNA
CTNNB1,SPRY1,CTNNB1;NFKB1;SPRY1;hsa-miR-124;hsa-miR-199a;hsa-miR-23b,TF;TF;Gene;miRNA;miRNA;miRNA
CTNNB1,MAP3K1,CTNNB1;HIF1A;MAP3K1;hsa-miR-124;hsa-miR-20a;hsa-miR-30b,TF;TF;Gene;miRNA;miRNA;miRNA
CTNNB1,MAP3K1,CTNNB1;HDAC1;MAP3K1;MYC;hsa-miR-200b;hsa-miR-30b,TF;TF;Gene;TF;miRNA;miRNA
CTNNB1,SMAD7,CTNNB1;HDAC1;HNF4A;SMAD7;hsa-miR-182;hsa-miR-200c,TF;TF;TF;Gene;miRNA;miRNA
CTNNB1,hsa-miR-145,CTNNB1;EZH2;HDAC1;SMAD4;VDR;hsa-miR-145,TF;TF;TF;TF;TF;miRNA
CTNNB1,MYBL2,CTNNB1;HDAC1;HIF1A;MYBL2;MYCN;hsa-miR-143,TF;TF;TF;Gene;TF;miRNA
CTNNB1,MITF,CTNNB1;HNF4A;JUN;MITF;MYC;hsa-miR-29b,TF;TF;TF;TF;TF;miRNA
CTNNB1,MAP3K1,CTNNB1;JUN;MAP3K1;MYC;hsa-miR-23b;hsa-miR-9,TF;TF;Gene;TF;miRNA;miRNA
CTNNB1,UGCG,CTNNB1;HIF1A;HNF4A;UGCG;hsa-let-7e;hsa-miR-200b,TF;TF;TF;Gene;miRNA;miRNA
CTNNB1,RGS4,CTNNB1;HIF1A;NFKB1;RGS4;YY1;hsa-miR-20a,TF;TF;TF;Gene;TF;miRNA
CTNNB1,SERPINE1,CTNNB1;F3;NFKB1;RBPJ;SERPINE1;hsa-miR-199a,TF;Gene;TF;TF;Gene;miRNA
CTNNB1,FBN1,CTNNB1;FBN1;HIF1A;NFKB1;hsa-miR-362;hsa-miR-382,TF;Gene;TF;TF;miRNA;miRNA
CTNNB1,hsa-miR-218,CTNNB1;EZH2;SOX2;STAT3;hsa-miR-218;hsa-miR-429,TF;TF;TF;TF;miRNA;miRNA
CTNNB1,STAT3,CTNNB1;EZH2;HDAC2;SOX2;STAT3;hsa-miR-429,TF;TF;TF;TF;TF;miRNA
EP300,CTSB,CTSB;EP300;ETS1;SP1;STAT3;hsa-miR-183,Gene;TF;TF;TF;TF;miRNA
USF1,MET,CXCL12;MET;RELA;USF1;hsa-miR-148a;hsa-miR-23a,Gene;Gene;TF;TF;miRNA;miRNA
EGR1,CXCR5,CXCR5;EGR1;EP300;SOX9;hsa-miR-140;hsa-miR-214,Gene;TF;TF;TF;miRNA;miRNA
HDAC1,CXCR5,CXCR5;HDAC1;SNAI2;STAT3;hsa-miR-221;hsa-miR-24,Gene;TF;TF;TF;miRNA;miRNA
E2F1,CYLD,CYLD;E2F1;MYC;MYCN;hsa-miR-130a;hsa-miR-96,Gene;TF;TF;TF;miRNA;miRNA
HDAC1,CYLD,CYLD;FOS;HDAC1;LEF1;SMAD4;hsa-miR-96,Gene;TF;TF;TF;TF;miRNA
KLF4,CYLD,CYLD;KLF4;MYC;hsa-miR-15a;hsa-miR-30a;hsa-miR-497,Gene;TF;TF;miRNA;miRNA;miRNA
MYCN,CYLD,CYLD;MYCN;SOX2;hsa-miR-181a;hsa-miR-19a;hsa-miR-301a,Gene;TF;TF;miRNA;miRNA;miRNA
ESR1,CYLD,CYLD;ESR1;HIF1A;hsa-miR-140;hsa-miR-19b;hsa-miR-301a,Gene;TF;TF;miRNA;miRNA;miRNA
EPAS1,CYLD,CYLD;EPAS1;HIF1A;hsa-miR-181c;hsa-miR-301a;hsa-miR-30b,Gene;TF;TF;miRNA;miRNA;miRNA
EP300,CYLD,CYLD;EP300;HDAC1;RUNX1;hsa-miR-19a;hsa-miR-424,Gene;TF;TF;TF;miRNA;miRNA
LEF1,OPTN,CYLD;ESR1;LEF1;NFKB1;OPTN;hsa-miR-30c,Gene;TF;TF;TF;Gene;miRNA
MYC,CYLD,CYLD;MYC;RUNX1;hsa-miR-181c;hsa-miR-19b;hsa-miR-30d,Gene;TF;TF;miRNA;miRNA;miRNA
POU5F1,CYLD,CYLD;HIF1A;POU5F1;YY1;hsa-miR-301b;hsa-miR-30d,Gene;TF;TF;TF;miRNA;miRNA
HDAC2,CYLD,CYLD;HDAC2;SP1;STAT3;hsa-miR-130a;hsa-miR-181a,Gene;TF;TF;TF;miRNA;miRNA
TP53,CYLD,CYLD;TCF7L2;TP53;TWIST1;hsa-miR-124;hsa-miR-181a,Gene;TF;TF;TF;miRNA;miRNA
E2F1,SQSTM1,CYLD;E2F1;MYCN;SQSTM1;hsa-miR-16;hsa-miR-20b,Gene;TF;TF;Gene;miRNA;miRNA
HDAC2,CYR61,CYR61;HDAC2;KLF4;POU5F1;STAT3;hsa-miR-145,Gene;TF;TF;TF;TF;miRNA
EP300,CYR61,CYR61;EP300;HNF4A;RBPJ;hsa-miR-222;hsa-miR-543,Gene;TF;TF;TF;miRNA;miRNA
MITF,CYR61,CYR61;MITF;TWIST1;hsa-miR-181a;hsa-miR-221;hsa-miR-92b,Gene;TF;TF;miRNA;miRNA;miRNA
E2F1,CYR61,CYR61;E2F1;FOXO3;MYCN;STAT3;hsa-miR-221,Gene;TF;TF;TF;TF;miRNA
MYCN,CYR61,CYR61;MYCN;PDGFRB;STAT3;hsa-miR-221;hsa-miR-9,Gene;TF;Gene;TF;miRNA;miRNA
STAT3,CYR61,CYR61;EPAS1;ESR2;STAT3;hsa-miR-181c;hsa-miR-23b,Gene;TF;TF;TF;miRNA;miRNA
ESR1,DAB2,DAB2;ESR1;JUN;MITF;hsa-miR-106a;hsa-miR-145,Gene;TF;TF;TF;miRNA;miRNA
ESR1,DAB2,DAB2;ESR1;JUN;hsa-miR-106a;hsa-miR-145;hsa-miR-320b,Gene;TF;TF;miRNA;miRNA;miRNA
EGR1,DAB2,DAB2;EGR1;HIF1A;hsa-miR-106a;hsa-miR-124;hsa-miR-145,Gene;TF;TF;miRNA;miRNA;miRNA
EP300,DAB2,DAB2;EP300;FOXO1;JUN;hsa-miR-145;hsa-miR-93,Gene;TF;TF;TF;miRNA;miRNA
FOXO1,DAB2,DAB2;EGR1;FOXO1;HIF1A;hsa-miR-145;hsa-miR-20a,Gene;TF;TF;TF;miRNA;miRNA
hsa-miR-429,DAB2,DAB2;FN1;SOX2;VHL;hsa-miR-124;hsa-miR-429,Gene;Gene;TF;TF;miRNA;miRNA
NKX2-5,DACT1,DACT1;FOXO3;NKX2-5;RELA;hsa-miR-19b;hsa-miR-30d,Gene;TF;TF;TF;miRNA;miRNA
EZH2,DACT1,DACT1;EZH2;MYCN;hsa-miR-363;hsa-miR-429;hsa-miR-92b,Gene;TF;TF;miRNA;miRNA;miRNA
SP1,DACT1,DACT1;SP1;TP53;hsa-miR-124;hsa-miR-200b;hsa-miR-200c,Gene;TF;TF;miRNA;miRNA;miRNA
SP1,DACT1,DACT1;MTA1;SP1;TP53;hsa-miR-124;hsa-miR-200b,Gene;TF;TF;TF;miRNA;miRNA
PPARG,DACT1,DACT1;PPARG;SP1;TP53;hsa-miR-124;hsa-miR-200b,Gene;TF;TF;TF;miRNA;miRNA
SMAD3,DACT1,DACT1;EGR1;SMAD3;SP1;hsa-miR-30e;hsa-miR-92a,Gene;TF;TF;TF;miRNA;miRNA
SOX2,DACT1,DACT1;EPAS1;SOX2;hsa-miR-30b;hsa-miR-367;hsa-miR-96,Gene;TF;TF;miRNA;miRNA;miRNA
RELA,DACT1,DACT1;MYC;NANOG;RELA;hsa-miR-30b;hsa-miR-367,Gene;TF;TF;TF;miRNA;miRNA
ESR2,DACT1,DACT1;ESR2;MYC;hsa-miR-25;hsa-miR-30a;hsa-miR-7,Gene;TF;TF;miRNA;miRNA;miRNA
MYC,DACT1,DACT1;E2F3;MYC;hsa-miR-19b;hsa-miR-25;hsa-miR-30a,Gene;TF;TF;miRNA;miRNA;miRNA
NFKB1,DACT1,DACT1;EPAS1;NFKB1;YY1;hsa-miR-200b;hsa-miR-30d,Gene;TF;TF;TF;miRNA;miRNA
MYC,DAPK1,DAPK1;MYC;POU5F1;hsa-let-7b;hsa-let-7f;hsa-miR-130a,Gene;TF;TF;miRNA;miRNA;miRNA
MYCN,DAPK1,DAPK1;MYCN;TWIST1;hsa-let-7i;hsa-miR-124;hsa-miR-92a,Gene;TF;TF;miRNA;miRNA;miRNA
ESR1,DAPK1,DAPK1;ESR1;RELA;SMAD3;hsa-let-7c;hsa-miR-200a,Gene;TF;TF;TF;miRNA;miRNA
ESR1,DAPK1,DAPK1;ESR1;JUN;STAT3;hsa-let-7d;hsa-miR-143,Gene;TF;TF;TF;miRNA;miRNA
hsa-miR-199a,DCBLD2,DCBLD2;FOS;TP53;hsa-miR-106a;hsa-miR-199a;hsa-miR-200b,Gene;TF;TF;miRNA;miRNA;miRNA
TP53,DCBLD2,DCBLD2;TP53;hsa-miR-106a;hsa-miR-142;hsa-miR-17;hsa-miR-200b,Gene;TF;miRNA;miRNA;miRNA;miRNA
HDAC2,DCBLD2,DCBLD2;HDAC2;TP53;hsa-miR-106a;hsa-miR-200b;hsa-miR-20a,Gene;TF;TF;miRNA;miRNA;miRNA
TP53,DCBLD2,DCBLD2;FOXM1;TP53;hsa-miR-142;hsa-miR-19a;hsa-miR-429,Gene;TF;TF;miRNA;miRNA;miRNA
hsa-miR-9,DCBLD2,DCBLD2;FOXM1;TP53;hsa-miR-19a;hsa-miR-429;hsa-miR-9,Gene;TF;TF;miRNA;miRNA;miRNA
SMAD3,DCBLD2,DCBLD2;SMAD3;STAT3;TP63;hsa-miR-19a;hsa-miR-429,Gene;TF;TF;TF;miRNA;miRNA
HDAC1,DCBLD2,DCBLD2;HDAC1;LEF1;RUNX1;hsa-miR-144;hsa-miR-429,Gene;TF;TF;TF;miRNA;miRNA
hsa-miR-24,DCBLD2,DCBLD2;E2F1;HNF4A;hsa-miR-194;hsa-miR-24;hsa-miR-7,Gene;TF;TF;miRNA;miRNA;miRNA
hsa-miR-24,DCBLD2,DCBLD2;E2F1;MYC;TFAP2A;hsa-miR-24;hsa-miR-519d,Gene;TF;TF;TF;miRNA;miRNA
hsa-miR-24,DCBLD2,DCBLD2;ESR2;NCOR1;YY1;hsa-miR-24;hsa-miR-9,Gene;TF;TF;TF;miRNA;miRNA
JUN,DCBLD2,DCBLD2;JUN;PPARA;hsa-miR-144;hsa-miR-23a;hsa-miR-301a,Gene;TF;TF;miRNA;miRNA;miRNA
HDAC4,DCBLD2,DCBLD2;HDAC4;MEF2A;SMAD3;hsa-miR-17;hsa-miR-23a,Gene;TF;TF;TF;miRNA;miRNA
FOS,DCBLD2,DCBLD2;FOS;RELA;SPI1;hsa-miR-17;hsa-miR-23a,Gene;TF;TF;TF;miRNA;miRNA
hsa-miR-181a,DCBLD2,DCBLD2;FOS;SPI1;hsa-miR-17;hsa-miR-181a;hsa-miR-23a,Gene;TF;TF;miRNA;miRNA;miRNA
HIF1A,DCBLD2,DCBLD2;HIF1A;RUNX1;hsa-miR-101;hsa-miR-17;hsa-miR-23a,Gene;TF;TF;miRNA;miRNA;miRNA
FOS,DCBLD2,DCBLD2;FOS;JUN;NFKB1;hsa-miR-17;hsa-miR-23b,Gene;TF;TF;TF;miRNA;miRNA
LEF1,DCBLD2,DCBLD2;LEF1;RUNX1;SNAI2;hsa-miR-137;hsa-miR-19a,Gene;TF;TF;TF;miRNA;miRNA
EZH2,DCBLD2,DCBLD2;EZH2;LIF;STAT3;hsa-miR-218;hsa-miR-26a,Gene;TF;Gene;TF;miRNA;miRNA
JUN,DCBLD2,DCBLD2;JUN;TP53;hsa-miR-194;hsa-miR-200c;hsa-miR-23b,Gene;TF;TF;miRNA;miRNA;miRNA
JUN,DCBLD2,DCBLD2;JUN;TP53;hsa-miR-194;hsa-miR-200c;hsa-miR-300,Gene;TF;TF;miRNA;miRNA;miRNA
EP300,DCBLD2,DCBLD2;EP300;HNF4A;SPI1;hsa-miR-23a;hsa-miR-381,Gene;TF;TF;TF;miRNA;miRNA
hsa-miR-23a,DCBLD2,DCBLD2;FOSB;HDAC1;TCF7L2;hsa-miR-181a;hsa-miR-23a,Gene;Gene;TF;TF;miRNA;miRNA
SP1,DCBLD2,DCBLD2;DNMT1;SNAI1;SP1;hsa-miR-130a;hsa-miR-200b,Gene;TF;TF;TF;miRNA;miRNA
EGR1,DCBLD2,DCBLD2;EGR1;EP300;MYB;hsa-miR-142;hsa-miR-200b,Gene;TF;TF;TF;miRNA;miRNA
HDAC4,DCBLD2,DCBLD2;HDAC4;HIF1A;JUN;hsa-miR-107;hsa-miR-200b,Gene;TF;TF;TF;miRNA;miRNA
RUNX1,DCBLD2,DCBLD2;RELA;RUNX1;hsa-miR-200b;hsa-miR-20a;hsa-miR-23b,Gene;TF;TF;miRNA;miRNA;miRNA
EZH2,DCBLD2,DCBLD2;EZH2;MYCN;hsa-miR-181d;hsa-miR-200b;hsa-miR-200c,Gene;TF;TF;miRNA;miRNA;miRNA
MYCN,DCBLD2,DCBLD2;MYCN;TP53;hsa-miR-181a;hsa-miR-20b;hsa-miR-381,Gene;TF;TF;miRNA;miRNA;miRNA
EP300,DCBLD2,DCBLD2;EP300;EPAS1;ESR1;hsa-miR-181c;hsa-miR-19b,Gene;TF;TF;TF;miRNA;miRNA
EP300,DCBLD2,DCBLD2;EP300;ESR1;YY1;hsa-miR-19b;hsa-miR-9,Gene;TF;TF;TF;miRNA;miRNA
TP53,DCBLD2,DCBLD2;TCF7L2;TP53;hsa-miR-142;hsa-miR-181b;hsa-miR-200c,Gene;TF;TF;miRNA;miRNA;miRNA
TP53,DCBLD2,DCBLD2;TP53;hsa-miR-107;hsa-miR-142;hsa-miR-200c;hsa-miR-26a,Gene;TF;miRNA;miRNA;miRNA;miRNA
hsa-miR-9,DCBLD2,DCBLD2;TP53;hsa-miR-107;hsa-miR-142;hsa-miR-26a;hsa-miR-9,Gene;TF;miRNA;miRNA;miRNA;miRNA
SP1,DCBLD2,DCBLD2;HNF4A;SP1;TP53;hsa-miR-142;hsa-miR-411,Gene;TF;TF;TF;miRNA;miRNA
hsa-miR-142,DCBLD2,DCBLD2;EPAS1;IRF9;STAT3;hsa-miR-142;hsa-miR-181c,Gene;TF;Gene;TF;miRNA;miRNA
HIF1A,DCBLD2,DCBLD2;HIF1A;SMAD3;SP1;hsa-miR-142;hsa-miR-23b,Gene;TF;TF;TF;miRNA;miRNA
hsa-miR-199a,DCBLD2,DCBLD2;EGR1;MYB;RUNX1;hsa-miR-181c;hsa-miR-199a,Gene;TF;TF;TF;miRNA;miRNA
hsa-miR-9,DCBLD2,DCBLD2;IRF1;MYB;RUNX1;hsa-miR-181c;hsa-miR-9,Gene;TF;TF;TF;miRNA;miRNA
E2F1,DKK3,DDIT3;DKK3;E2F1;MYC;MYCN;hsa-miR-708,TF;Gene;TF;TF;TF;miRNA
RB1,TERT,DDIT3;RB1;SIRT1;SP1;TERT;USF1,TF;TF;TF;TF;Gene;TF
E2F1,YY1,DDIT3;E2F1;EP300;SIRT1;YY1;hsa-let-7a,TF;TF;TF;TF;TF;miRNA
STAT3,SHC1,DDIT3;SHC1;SIRT1;STAT3;hsa-miR-183;hsa-miR-204,TF;Gene;TF;TF;miRNA;miRNA
NR1H4,hsa-miR-34a,DDIT3;NR1H4;RELA;SIRT1;STAT3;hsa-miR-34a,TF;TF;TF;TF;TF;miRNA
RELA,SHC1,DDIT3;RELA;SHC1;SIRT1;STAT3;hsa-miR-124,TF;TF;Gene;TF;TF;miRNA
ETS1,DKK1,DKK1;ETS1;SOX2;TP53;hsa-miR-21;hsa-miR-302d,Gene;TF;TF;TF;miRNA;miRNA
hsa-miR-519d,DKK1,DKK1;EPAS1;MYC;TWIST1;hsa-miR-32;hsa-miR-519d,Gene;TF;TF;TF;miRNA;miRNA
E2F3,DKK1,DKK1;E2F3;SOX2;TWIST1;hsa-miR-7;hsa-miR-92a,Gene;TF;TF;TF;miRNA;miRNA
hsa-miR-590,DKK1,DKK1;MYC;SMAD7;SOX2;hsa-miR-373;hsa-miR-590,Gene;TF;Gene;TF;miRNA;miRNA
E2F1,DKK3,DKK1;DKK3;E2F1;MYC;hsa-miR-372;hsa-miR-92a,Gene;Gene;TF;TF;miRNA;miRNA
JUN,DKK1,DKK1;JUN;MYC;SOX2;hsa-miR-200b;hsa-miR-9,Gene;TF;TF;TF;miRNA;miRNA
POU5F1,DKK1,DKK1;EZH2;FOSL1;POU5F1;hsa-miR-217;hsa-miR-301a,Gene;TF;Gene;TF;miRNA;miRNA
RELA,DKK3,DKK1;DKK3;RELA;SMAD3;SOX2;hsa-miR-150,Gene;Gene;TF;TF;TF;miRNA
hsa-miR-132,DKK3,DKK3;IRF1;TP53;hsa-miR-132;hsa-miR-150;hsa-miR-19b,Gene;TF;TF;miRNA;miRNA;miRNA
RELA,DKK3,DKK3;E2F1;MYCN;RELA;hsa-miR-212;hsa-miR-330,Gene;TF;TF;TF;miRNA;miRNA
DNMT1,DNAJB4,DNAJB4;DNMT1;HOXA10;SNAI1;hsa-miR-142;hsa-miR-203,Gene;TF;TF;TF;miRNA;miRNA
EP300,DNAJB4,DNAJB4;EP300;HIF1A;MYB;hsa-miR-15a;hsa-miR-372,Gene;TF;TF;TF;miRNA;miRNA
HDAC1,DNAJB4,DNAJB4;HDAC1;MYC;SOX2;hsa-miR-15a;hsa-miR-302d,Gene;TF;TF;TF;miRNA;miRNA
RELA,DNAJB4,DNAJB4;E2F1;RELA;STAT3;hsa-miR-130a;hsa-miR-23b,Gene;TF;TF;TF;miRNA;miRNA
EGR1,DNAJB4,DNAJB4;EGR1;KLF5;PPARG;hsa-miR-142;hsa-miR-152,Gene;TF;TF;TF;miRNA;miRNA
DNMT1,THBS2,DNMT1;ESR1;EZH2;THBS2;hsa-miR-106a;hsa-miR-30a,TF;TF;TF;Gene;miRNA;miRNA
DNMT1,TERT,DNMT1;ESR1;MEN1;NFKB1;SMAD3;TERT,TF;TF;TF;TF;TF;Gene
DNMT1,TERT,DNMT1;ESR1;MEN1;SMAD3;TERT;hsa-miR-181a,TF;TF;TF;TF;Gene;miRNA
EP300,TERT,DNMT1;EP300;ESR1;HIF1A;LEF1;TERT,TF;TF;TF;TF;TF;Gene
EP300,hsa-miR-17,DNMT1;EP300;ESR1;RARA;RUNX1;hsa-miR-17,TF;TF;TF;TF;TF;miRNA
EP300,FOXD1,DNMT1;EP300;ESR1;ETS1;FOXD1;hsa-miR-425,TF;TF;TF;TF;Gene;miRNA
EP300,hsa-miR-200c,DNMT1;EP300;ESR1;SNAI2;hsa-miR-181a;hsa-miR-200c,TF;TF;TF;TF;miRNA;miRNA
DNMT1,SERPINE1,DNMT1;ESR1;PPARG;RB1;RELA;SERPINE1,TF;TF;TF;TF;TF;Gene
DNMT1,hsa-miR-100,DNMT1;ESR1;HOXA10;MYC;hsa-miR-100;hsa-miR-218,TF;TF;TF;TF;miRNA;miRNA
DNMT1,MMP2,DNMT1;ESR1;EZH2;HIF1A;MMP2;hsa-miR-26a,TF;TF;TF;TF;Gene;miRNA
EP300,hsa-miR-203,DNMT1;EP300;JUN;RELA;SNAI1;hsa-miR-203,TF;TF;TF;TF;TF;miRNA
EGR1,hsa-miR-203,DNMT1;EGR1;EP300;JUN;SNAI1;hsa-miR-203,TF;TF;TF;TF;TF;miRNA
EP300,EPAS1,DNMT1;EP300;EPAS1;EZH2;SMAD3;hsa-miR-155,TF;TF;TF;TF;TF;miRNA
EGR1,SIRT1,DNMT1;EGR1;EP300;FOSB;SIRT1;hsa-miR-148a,TF;TF;TF;Gene;TF;miRNA
EP300,SKIL,DNMT1;EP300;GATA1;SKIL;hsa-miR-144;hsa-miR-30c,TF;TF;TF;Gene;miRNA;miRNA
EP300,LOX,DNMT1;EP300;ETS1;GATA3;LOX;hsa-miR-27b,TF;TF;TF;TF;Gene;miRNA
DNMT1,IRF1,DNMT1;IRF1;MYC;SIRT1;hsa-miR-130a;hsa-miR-142,TF;TF;TF;TF;miRNA;miRNA
DNMT1,HIC1,DNMT1;EPAS1;HIC1;hsa-miR-152;hsa-miR-27a;hsa-miR-27b,TF;TF;Gene;miRNA;miRNA;miRNA
DNMT1,EPAS1,DNMT1;EPAS1;EZH2;RELA;hsa-miR-155;hsa-miR-27b,TF;TF;TF;TF;miRNA;miRNA
DNMT1,TGFBR2,DNMT1;EZH2;TGFBR2;hsa-miR-155;hsa-miR-23a;hsa-miR-27b,TF;TF;Gene;miRNA;miRNA;miRNA
SP1,UGCG,DNMT1;EZH2;SP1;UGCG;hsa-let-7c;hsa-miR-27b,TF;TF;TF;Gene;miRNA;miRNA
HIF1A,ID4,DNMT1;EZH2;HIF1A;ID4;SP1;hsa-miR-23a,TF;TF;TF;Gene;TF;miRNA
ESR2,IL6,DNMT1;ESR2;IL6;SP1;VDR;hsa-miR-23b,TF;TF;Gene;TF;TF;miRNA
SP1,OXTR,DNMT1;EGR1;OXTR;SP1;hsa-miR-130a;hsa-miR-30a,TF;TF;Gene;TF;miRNA;miRNA
SP1,MITF,DNMT1;MITF;POU3F2;SOX9;SP1;hsa-miR-152,TF;TF;Gene;TF;TF;miRNA
SP1,NT5E,DNMT1;EGR1;EZH2;NT5E;SP1;hsa-miR-30a,TF;TF;TF;Gene;TF;miRNA
DNMT1,TGFBR2,DNMT1;EZH2;TGFBR2;TWIST1;hsa-miR-23b;hsa-miR-373,TF;TF;Gene;TF;miRNA;miRNA
DNMT1,hsa-miR-29b,DNMT1;EZH2;IRF1;hsa-miR-143;hsa-miR-23b;hsa-miR-29b,TF;TF;TF;miRNA;miRNA;miRNA
HES1,LIF,E2F1;HES1;LIF;hsa-miR-106a;hsa-miR-106b;hsa-miR-20a,TF;TF;Gene;miRNA;miRNA;miRNA
hsa-miR-24,ETV1,E2F1;ETV1;RUNX1;hsa-miR-106a;hsa-miR-106b;hsa-miR-24,TF;Gene;TF;miRNA;miRNA;miRNA
RELA,TWIST1,E2F1;MYCN;RELA;TWIST1;hsa-miR-106b;hsa-miR-20a,TF;TF;TF;TF;miRNA;miRNA
E2F1,MMP2,E2F1;MMP2;MYC;SIRT1;hsa-miR-106b;hsa-miR-20b,TF;Gene;TF;TF;miRNA;miRNA
E2F1,MAP3K1,E2F1;MAP3K1;MYC;hsa-miR-106b;hsa-miR-20b;hsa-miR-30b,TF;Gene;TF;miRNA;miRNA;miRNA
YBX1,MMP2,E2F1;EZH2;FOSL1;MMP2;YBX1;hsa-miR-15b,TF;TF;Gene;Gene;TF;miRNA
ESR1,THBS1,E2F1;ESR1;FOXO3;THBS1;hsa-let-7b;hsa-miR-222,TF;TF;TF;Gene;miRNA;miRNA
ESR1,SERPINE1,E2F1;ESR1;FOXO3;SERPINE1;hsa-miR-30d;hsa-miR-449a,TF;TF;TF;Gene;miRNA;miRNA
E2F1,EXT1,E2F1;EXT1;FOXO3;SMAD3;hsa-miR-19a;hsa-miR-23b,TF;Gene;TF;TF;miRNA;miRNA
E2F1,TERT,E2F1;FOXO3;MYC;RUNX1;TAL1;TERT,TF;TF;TF;TF;TF;Gene
E2F1,MYBL1,E2F1;FOXM1;FOXO3;MYBL1;hsa-miR-200a;hsa-miR-223,TF;TF;TF;Gene;miRNA;miRNA
E2F1,VEGFA,E2F1;FOXO3;MYCN;VEGFA;hsa-miR-16;hsa-miR-93,TF;TF;TF;Gene;miRNA;miRNA
MEF2C,hsa-miR-424,E2F1;FOXO3;MEF2C;NR4A1;SMAD4;hsa-miR-424,TF;TF;TF;Gene;TF;miRNA
E2F1,VEGFA,E2F1;FOXO3;HIF1A;VEGFA;XBP1;hsa-miR-205,TF;TF;TF;Gene;TF;miRNA
ESR1,EXT1,E2F1;ESR1;EXT1;MEN1;hsa-miR-106a;hsa-miR-23b,TF;TF;Gene;TF;miRNA;miRNA
hsa-miR-181b,EXT1,E2F1;ESR1;EXT1;hsa-miR-106a;hsa-miR-181b;hsa-miR-519d,TF;TF;Gene;miRNA;miRNA;miRNA
ESR1,SIRT1,E2F1;ESR1;FOXO1;HMGA1;JUN;SIRT1,TF;TF;TF;TF;TF;TF
ESR1,SIRT1,E2F1;EGR1;ESR1;FOXO1;JUN;SIRT1,TF;TF;TF;TF;TF;TF
ESR1,PEG10,E2F1;ESR1;FOXO1;PEG10;hsa-miR-27b;hsa-miR-491,TF;TF;TF;Gene;miRNA;miRNA
ESR1,hsa-miR-29a,E2F1;ESR1;MITF;hsa-miR-125b;hsa-miR-19b;hsa-miR-29a,TF;TF;TF;miRNA;miRNA;miRNA
ESR1,MAP3K1,E2F1;ESR1;MAP3K1;hsa-miR-125b;hsa-miR-17;hsa-miR-21,TF;TF;Gene;miRNA;miRNA;miRNA
ESR1,FN1,E2F1;ESR1;FBN1;FN1;MEN1;hsa-miR-23b,TF;TF;Gene;Gene;TF;miRNA
ESR1,FN1,E2F1;ESR1;FBN1;FN1;RELA;hsa-miR-23b,TF;TF;Gene;Gene;TF;miRNA
ESR1,FN1,E2F1;ESR1;FN1;MYB;hsa-miR-140;hsa-miR-429,TF;TF;Gene;TF;miRNA;miRNA
ESR1,FN1,E2F1;ESR1;FN1;MYB;hsa-miR-200c;hsa-miR-429,TF;TF;Gene;TF;miRNA;miRNA
ESR1,VEGFA,E2F1;EPAS1;ESR1;MYCN;VEGFA;hsa-miR-20b,TF;TF;TF;TF;Gene;miRNA
ESR1,VEGFA,E2F1;EPAS1;ESR1;VEGFA;hsa-miR-16;hsa-miR-27b,TF;TF;TF;Gene;miRNA;miRNA
ESR1,VEGFA,E2F1;ESR1;ESR2;FOS;JUN;VEGFA,TF;TF;TF;TF;TF;Gene
ESR1,VEGFA,E2F1;ESR1;HIF1A;RUNX1;VEGFA;hsa-miR-372,TF;TF;TF;TF;Gene;miRNA
ESR1,SMAD7,E2F1;ESR1;MYCN;SMAD7;hsa-miR-25;hsa-miR-92a,TF;TF;TF;Gene;miRNA;miRNA
RELA,HBEGF,E2F1;HBEGF;MITF;RELA;hsa-let-7a;hsa-let-7i,TF;Gene;TF;TF;miRNA;miRNA
RELA,SKIL,E2F1;RELA;SKIL;hsa-let-7a;hsa-miR-183;hsa-miR-19a,TF;TF;Gene;miRNA;miRNA;miRNA
E2F1,TGFBR2,E2F1;EP300;ETS1;TGFBR2;hsa-miR-106a;hsa-miR-223,TF;TF;TF;Gene;miRNA;miRNA
E2F1,TGFBR2,E2F1;EP300;SMAD4;TGFBR2;hsa-miR-106a;hsa-miR-19a,TF;TF;TF;Gene;miRNA;miRNA
E2F1,TGFBR2,E2F1;EP300;EZH2;TGFBR2;hsa-miR-106a;hsa-miR-27a,TF;TF;TF;Gene;miRNA;miRNA
E2F1,TGFBR2,E2F1;MYC;PPARG;TGFBR2;hsa-miR-106a;hsa-miR-93,TF;TF;TF;Gene;miRNA;miRNA
E2F1,TGFB2,E2F1;EP300;RUNX1;TGFB2;hsa-miR-203;hsa-miR-92a,TF;TF;TF;Gene;miRNA;miRNA
E2F1,HBEGF,E2F1;EZH2;HBEGF;hsa-let-7i;hsa-miR-203;hsa-miR-31,TF;TF;Gene;miRNA;miRNA;miRNA
RELA,EDN1,E2F1;EDN1;IRF1;RELA;hsa-let-7i;hsa-miR-203,TF;Gene;TF;TF;miRNA;miRNA
E2F1,TGFB2,E2F1;EP300;SMAD3;TGFB2;hsa-miR-143;hsa-miR-29a,TF;TF;TF;Gene;miRNA;miRNA
E2F1,MMP2,E2F1;EP300;EPAS1;MMP2;hsa-miR-29c;hsa-miR-93,TF;TF;TF;Gene;miRNA;miRNA
E2F1,SERPINE1,E2F1;EP300;EPAS1;PPARG;SERPINE1;hsa-miR-27b,TF;TF;TF;TF;Gene;miRNA
E2F1,VEGFA,E2F1;EP300;FOS;SPI1;VEGFA;hsa-miR-17,TF;TF;TF;TF;Gene;miRNA
E2F1,TGFBR2,E2F1;EP300;HIF1A;TGFBR2;hsa-miR-223;hsa-miR-23b,TF;TF;TF;Gene;miRNA;miRNA
E2F1,SNAP25,E2F1;EP300;GATA3;SNAP25;hsa-miR-195;hsa-miR-200c,TF;TF;TF;Gene;miRNA;miRNA
E2F1,THBS1,E2F1;EP300;POU2F1;THBS1;hsa-let-7g;hsa-let-7i,TF;TF;TF;Gene;miRNA;miRNA
E2F1,PMEPA1,E2F1;EP300;HIF1A;PMEPA1;hsa-miR-363;hsa-miR-96,TF;TF;TF;Gene;miRNA;miRNA
E2F1,SMAD6,E2F1;SKIL;SMAD3;SMAD6;hsa-miR-19b;hsa-miR-93,TF;Gene;TF;Gene;miRNA;miRNA
E2F1,VEGFA,E2F1;EZH2;VEGFA;hsa-miR-29a;hsa-miR-429;hsa-miR-93,TF;TF;Gene;miRNA;miRNA;miRNA
E2F1,SMAD7,E2F1;MYCN;SMAD7;hsa-miR-181b;hsa-miR-182;hsa-miR-93,TF;TF;Gene;miRNA;miRNA;miRNA
E2F1,LIF,E2F1;EZH2;LIF;TWIST1;hsa-miR-181a;hsa-miR-18a,TF;TF;Gene;TF;miRNA;miRNA
E2F1,MAP3K1,E2F1;MAP3K1;PPARG;hsa-let-7e;hsa-miR-18a;hsa-miR-29b,TF;Gene;TF;miRNA;miRNA;miRNA
E2F1,hsa-miR-223,E2F1;EZH2;STAT3;TWIST1;hsa-miR-20a;hsa-miR-223,TF;TF;TF;TF;miRNA;miRNA
E2F1,MYBL1,E2F1;MYBL1;TWIST1;hsa-miR-181a;hsa-miR-223;hsa-miR-519d,TF;Gene;TF;miRNA;miRNA;miRNA
E2F1,SERPINE1,E2F1;F3;SERPINE1;TWIST1;hsa-miR-17;hsa-miR-223,TF;Gene;Gene;TF;miRNA;miRNA
E2F1,MYC,E2F1;E2F3;EZH2;MYBL2;MYC;hsa-miR-7,TF;TF;TF;Gene;TF;miRNA
E2F1,TGFB2,E2F1;MYC;TGFB2;hsa-miR-148a;hsa-miR-363;hsa-miR-7,TF;TF;Gene;miRNA;miRNA;miRNA
E2F1,TWIST1,E2F1;MYCN;TWIST1;hsa-miR-25;hsa-miR-33a;hsa-miR-7,TF;TF;TF;miRNA;miRNA;miRNA
E2F1,hsa-miR-31,E2F1;ELK1;SIRT1;YY1;hsa-miR-19b;hsa-miR-31,TF;TF;TF;TF;miRNA;miRNA
E2F1,hsa-miR-34a,E2F1;ELK1;FOS;SIRT1;hsa-miR-19b;hsa-miR-34a,TF;TF;TF;TF;miRNA;miRNA
E2F1,EXT1,E2F1;EXT1;MYC;SOX2;hsa-miR-182;hsa-miR-19b,TF;Gene;TF;TF;miRNA;miRNA
IRF1,hsa-miR-19b,E2F1;IRF1;JUN;MYC;MYCN;hsa-miR-19b,TF;TF;TF;TF;TF;miRNA
E2F1,SKIL,E2F1;MYC;SKIL;hsa-let-7i;hsa-miR-19b;hsa-miR-30d,TF;TF;Gene;miRNA;miRNA;miRNA
E2F1,SNAP25,E2F1;HMGA1;JUN;SNAP25;hsa-miR-141;hsa-miR-195,TF;TF;TF;Gene;miRNA;miRNA
E2F1,NOTCH1,E2F1;E2F3;NOTCH1;SIRT1;hsa-miR-449a;hsa-miR-92a,TF;TF;Gene;TF;miRNA;miRNA
E2F1,EXT1,E2F1;EXT1;MYC;SIRT1;hsa-miR-20a;hsa-miR-29b,TF;Gene;TF;TF;miRNA;miRNA
RELA,hsa-miR-19a,E2F1;MYC;NCOR1;RELA;SIRT1;hsa-miR-19a,TF;TF;TF;TF;TF;miRNA
RELA,hsa-miR-141,E2F1;MYC;RELA;SIRT1;TWIST1;hsa-miR-141,TF;TF;TF;TF;TF;miRNA
E2F1,LDHA,E2F1;IRF3;JUN;LDHA;MYC;hsa-miR-449a,TF;TF;TF;Gene;TF;miRNA
RELA,VEGFA,E2F1;MYB;RELA;TWIST1;VEGFA;hsa-miR-429,TF;TF;TF;TF;Gene;miRNA
E2F1,HBEGF,E2F1;HBEGF;MYB;hsa-miR-143;hsa-miR-27b;hsa-miR-29c,TF;Gene;TF;miRNA;miRNA;miRNA
RELA,hsa-miR-92a,E2F1;HES1;MYBL2;MYC;RELA;hsa-miR-92a,TF;TF;Gene;TF;TF;miRNA
IRF1,WWC1,E2F1;IRF1;SPI1;WWC1;hsa-miR-155;hsa-miR-92a,TF;TF;TF;Gene;miRNA;miRNA
E2F1,MYBL2,E2F1;EPAS1;MYBL2;MYCN;hsa-miR-30b;hsa-miR-9,TF;TF;Gene;TF;miRNA;miRNA
E2F1,MYCN,E2F1;EZH2;MYC;MYCN;SMAD7;hsa-miR-519d,TF;TF;TF;TF;Gene;miRNA
E2F1,FOSB,E2F1;EZH2;FOSB;MYC;hsa-miR-23a;hsa-miR-23b,TF;TF;Gene;TF;miRNA;miRNA
RELA,OXTR,E2F1;MYC;OXTR;RELA;hsa-miR-130a;hsa-miR-29a,TF;TF;Gene;TF;miRNA;miRNA
RELA,hsa-miR-27a,E2F1;EPAS1;RELA;hsa-miR-155;hsa-miR-20b;hsa-miR-27a,TF;TF;TF;miRNA;miRNA;miRNA
E2F1,SERPINE1,E2F1;EPAS1;IRF3;SERPINE1;hsa-miR-155;hsa-miR-449b,TF;TF;TF;Gene;miRNA;miRNA
E2F1,PPARG,E2F1;ETS1;ETV4;FOXO1;KLF2;PPARG,TF;TF;TF;TF;TF;TF
RELA,MYBL2,E2F1;EGR1;MYBL2;RELA;hsa-miR-29b;hsa-miR-455,TF;TF;Gene;TF;miRNA;miRNA
RELA,TWIST1,E2F1;HMGA1;RELA;SNAI1;TWIST1;hsa-miR-101,TF;TF;TF;TF;TF;miRNA
RELA,TGFB2,E2F1;MYC;RELA;TGFB2;hsa-miR-148a;hsa-miR-21,TF;TF;TF;Gene;miRNA;miRNA
HDAC2,WWC1,E2F1;HDAC2;RELA;WWC1;hsa-miR-16;hsa-miR-424,TF;TF;TF;Gene;miRNA;miRNA
E2F1,FAS,E2F1;FAS;IRF3;JUN;MYC;hsa-miR-23a,TF;Gene;TF;TF;TF;miRNA
E2F1,ITGA5,E2F1;ITGA5;MYC;hsa-miR-25;hsa-miR-27a;hsa-miR-32,TF;Gene;TF;miRNA;miRNA;miRNA
E2F1,TWIST1,E2F1;EZH2;HDAC2;SNAI2;TWIST1;hsa-miR-363,TF;TF;TF;TF;TF;miRNA
MYC,SNAP25,E2F3;MYC;SNAP25;hsa-miR-15b;hsa-miR-19b;hsa-miR-27a,TF;TF;Gene;miRNA;miRNA;miRNA
MYCN,ITGA5,E2F3;ITGA5;MYCN;hsa-miR-19b;hsa-miR-27a;hsa-miR-27b,TF;Gene;TF;miRNA;miRNA;miRNA
FLI1,hsa-let-7a,E2F3;EP300;FLI1;HDAC1;TP53;hsa-let-7a,TF;TF;TF;TF;TF;miRNA
HIF1A,MAP3K1,E2F3;HIF1A;JUN;MAP3K1;TP53;hsa-let-7a,TF;TF;TF;Gene;TF;miRNA
JUN,MAP3K1,E2F3;JUN;MAP3K1;TP53;hsa-let-7a;hsa-miR-20a,TF;TF;Gene;TF;miRNA;miRNA
EP300,SOX2,E2F3;EP300;SOX2;TP53;hsa-miR-200b;hsa-miR-21,TF;TF;TF;TF;miRNA;miRNA
EP300,SNAP25,E2F3;EP300;SNAP25;TP53;hsa-miR-200c;hsa-miR-27b,TF;TF;Gene;TF;miRNA;miRNA
HDAC4,hsa-miR-34a,E2F3;HDAC4;HNF4A;SIRT1;TP53;hsa-miR-34a,TF;TF;TF;TF;TF;miRNA
SNAI1,SPRY1,E2F3;SNAI1;SPRY1;TP53;hsa-miR-34a;hsa-miR-34c,TF;TF;Gene;TF;miRNA;miRNA
TP53,EXT1,E2F3;EXT1;TP53;hsa-miR-149;hsa-miR-20a;hsa-miR-381,TF;Gene;TF;miRNA;miRNA;miRNA
E2F3,MAP3K1,E2F3;MAP3K1;MYCN;hsa-miR-26a;hsa-miR-7;hsa-miR-9,TF;Gene;TF;miRNA;miRNA;miRNA
HIF1A,MAP3K1,E2F3;HIF1A;MAP3K1;hsa-miR-18a;hsa-miR-21;hsa-miR-23b,TF;TF;Gene;miRNA;miRNA;miRNA
NFKB1,FURIN,E2F3;FURIN;HIF1A;NFKB1;hsa-miR-20a;hsa-miR-448,TF;Gene;TF;TF;miRNA;miRNA
E2F3,FN1,E2F3;FBN1;FN1;TWIST1;hsa-miR-20a;hsa-miR-25,TF;Gene;Gene;TF;miRNA;miRNA
NFKB1,EDN1,EDN1;NFKB1;SIRT1;SMAD7;STAT1;YY1,Gene;TF;TF;Gene;TF;TF
RELA,EDN1,EDN1;MYB;MYC;RELA;TWIST1;hsa-let-7e,Gene;TF;TF;TF;TF;miRNA
RELA,EDN1,EDN1;MYC;RELA;TWIST1;hsa-let-7e;hsa-let-7i,Gene;TF;TF;TF;miRNA;miRNA
TCF4,EDN1,EDN1;KLF4;MYC;TCF4;hsa-let-7b;hsa-miR-206,Gene;TF;TF;TF;miRNA;miRNA
ETS2,EDN1,EDN1;EGR1;ETS2;MYC;hsa-miR-130a;hsa-miR-130b,Gene;TF;TF;TF;miRNA;miRNA
NFKB1,MMP2,EDN1;HES1;MMP2;NFKB1;hsa-miR-17;hsa-miR-301a,Gene;TF;Gene;TF;miRNA;miRNA
SMAD4,MMP2,EDN1;MMP2;SMAD4;SP1;hsa-miR-20a;hsa-miR-376c,Gene;Gene;TF;TF;miRNA;miRNA
SOX2,EDN1,EDN1;MITF;SOX2;hsa-let-7d;hsa-miR-29b;hsa-miR-301a,Gene;TF;TF;miRNA;miRNA;miRNA
HDAC1,F2R,EGR1;F2R;HDAC1;SP1;TWIST1;hsa-miR-106a,TF;Gene;TF;TF;TF;miRNA
HDAC1,THBS2,EGR1;HDAC1;SP1;THBS2;hsa-miR-106a;hsa-miR-30e,TF;TF;TF;Gene;miRNA;miRNA
EGR1,TGFBR2,EGR1;EP300;HIF1A;TGFBR2;hsa-miR-106a;hsa-miR-301a,TF;TF;TF;Gene;miRNA;miRNA
EGR1,VEGFA,EGR1;HIF1A;VEGFA;hsa-miR-106a;hsa-miR-200b;hsa-miR-361,TF;TF;Gene;miRNA;miRNA;miRNA
EGR1,FAS,EGR1;FAS;FOS;IRF1;JUN;hsa-miR-106a,TF;Gene;TF;TF;TF;miRNA
RELA,IRF1,EGR1;IRF1;RELA;hsa-miR-106a;hsa-miR-130b;hsa-miR-199a,TF;TF;TF;miRNA;miRNA;miRNA
SMAD3,hsa-miR-29b,EGR1;IRF1;SMAD3;SP1;hsa-miR-106a;hsa-miR-29b,TF;TF;TF;TF;miRNA;miRNA
EGR1,LOX,EGR1;IRF1;LOX;hsa-miR-106a;hsa-miR-27a;hsa-miR-29b,TF;TF;Gene;miRNA;miRNA;miRNA
EGR1,GRHL1,EGR1;GRHL1;HIF1A;JUN;hsa-miR-125a;hsa-miR-25,TF;Gene;TF;TF;miRNA;miRNA
hsa-miR-199a,NRP1,EGR1;NRP1;SRF;hsa-miR-199a;hsa-miR-206;hsa-miR-30e,TF;Gene;TF;miRNA;miRNA;miRNA
EGR1,GRHL1,EGR1;FOS;GRHL1;YY1;hsa-miR-30e;hsa-miR-9,TF;TF;Gene;TF;miRNA;miRNA
hsa-miR-24,NRP1,EGR1;NRP1;TP73;hsa-miR-200a;hsa-miR-24;hsa-miR-30e,TF;Gene;TF;miRNA;miRNA;miRNA
STAT3,MYBL2,EGR1;MYBL2;STAT3;hsa-miR-24;hsa-miR-29c;hsa-miR-30e,TF;Gene;TF;miRNA;miRNA;miRNA
HDAC1,SMAD7,EGR1;FOS;HDAC1;SMAD7;ZBTB7A;hsa-miR-92b,TF;TF;TF;Gene;TF;miRNA
EGR1,NOTCH1,EGR1;NOTCH1;TP73;hsa-miR-30c;hsa-miR-32;hsa-miR-34a,TF;Gene;TF;miRNA;miRNA;miRNA
ETS1,WWC1,EGR1;ETS1;FOXO1;WWC1;hsa-miR-16;hsa-miR-455,TF;TF;TF;Gene;miRNA;miRNA
FOXO1,POU3F2,EGR1;FOXO1;POU3F2;SIRT1;hsa-miR-183;hsa-miR-424,TF;TF;Gene;TF;miRNA;miRNA
FOXO1,hsa-let-7b,EGR1;FOXO1;MYC;SIRT1;hsa-let-7b;hsa-miR-335,TF;TF;TF;TF;miRNA;miRNA
EGR1,FOSL1,EGR1;FOSL1;MYB;SRF;hsa-miR-143;hsa-miR-29c,TF;Gene;TF;TF;miRNA;miRNA
EGR1,FOS,EGR1;EP300;ESR1;FOS;STAT6;hsa-miR-221,TF;TF;TF;TF;TF;miRNA
EGR1,PLAU,EGR1;EP300;ESR1;KLF5;PLAU;RARA,TF;TF;TF;TF;Gene;TF
EGR1,LIF,EGR1;EP300;ESR1;LIF;hsa-miR-18a;hsa-miR-425,TF;TF;TF;Gene;miRNA;miRNA
EGR1,EPHB2,EGR1;EP300;EPHB2;GATA1;REL;hsa-miR-27a,TF;TF;Gene;TF;TF;miRNA
EGR1,EXT1,EGR1;EP300;EXT1;SPI1;hsa-miR-183;hsa-miR-23a,TF;TF;Gene;TF;miRNA;miRNA
EGR1,hsa-miR-23a,EGR1;EP300;FOS;JUN;SPI1;hsa-miR-23a,TF;TF;TF;TF;TF;miRNA
EGR1,SPRY1,EGR1;EP300;EZH2;SPI1;SPRY1;hsa-miR-23a,TF;TF;TF;TF;Gene;miRNA
EGR1,SPRY1,EGR1;EP300;HIF1A;SPI1;SPRY1;hsa-miR-23a,TF;TF;TF;TF;Gene;miRNA
EGR1,GRHL1,EGR1;EP300;GRHL1;HDAC3;JUN;hsa-miR-25,TF;TF;Gene;TF;TF;miRNA
EGR1,FOS,EGR1;EP300;FOS;SNAI2;TWIST1;hsa-miR-181d,TF;TF;TF;TF;TF;miRNA
EGR1,SMAD7,EGR1;EP300;HDAC2;MTA1;SMAD7;hsa-miR-181d,TF;TF;TF;TF;Gene;miRNA
hsa-miR-24,F3,EGR1;EP300;F3;RUNX1;hsa-miR-18a;hsa-miR-24,TF;TF;Gene;TF;miRNA;miRNA
EGR1,SEMA6A,EGR1;EP300;SEMA6A;hsa-miR-124;hsa-miR-141;hsa-miR-96,TF;TF;Gene;miRNA;miRNA;miRNA
EGR1,TGFBR2,EGR1;EP300;EZH2;IRF1;TGFBR2;hsa-miR-155,TF;TF;TF;TF;Gene;miRNA
hsa-miR-199a,SERPINE1,EGR1;EP300;SERPINE1;TP73;hsa-miR-143;hsa-miR-199a,TF;TF;Gene;TF;miRNA;miRNA
EGR1,UGCG,EGR1;EP300;EZH2;UGCG;hsa-miR-152;hsa-miR-27a,TF;TF;TF;Gene;miRNA;miRNA
EGR1,FOSB,EGR1;EGR2;FOSB;TCF4;hsa-miR-23a;hsa-miR-34a,TF;TF;Gene;TF;miRNA;miRNA
EGR1,LIF,EGR1;EGR2;HIF1A;IL11;LIF;hsa-miR-23a,TF;TF;TF;Gene;Gene;miRNA
ETS1,MET,EGR1;ETS1;MET;hsa-miR-182;hsa-miR-212;hsa-miR-23a,TF;TF;Gene;miRNA;miRNA;miRNA
RELA,TGFBR2,EGR1;RELA;TGFBR2;hsa-miR-20a;hsa-miR-23a;hsa-miR-23b,TF;TF;Gene;miRNA;miRNA;miRNA
EGR1,FN1,EGR1;FN1;HIF1A;SMAD3;SNAI1;hsa-miR-200b,TF;Gene;TF;TF;TF;miRNA
HDAC1,hsa-let-7e,EGR1;HDAC1;MYOD1;SMAD3;hsa-let-7e;hsa-miR-455,TF;TF;TF;TF;miRNA;miRNA
EGR1,hsa-miR-96,EGR1;STAT3;hsa-miR-29b;hsa-miR-335;hsa-miR-455;hsa-miR-96,TF;TF;miRNA;miRNA;miRNA;miRNA
hsa-miR-24,FOSB,EGR1;EGR2;FOSB;MEF2A;hsa-miR-24;hsa-miR-410,TF;TF;Gene;TF;miRNA;miRNA
EGR1,PLAU,EGR1;FOSB;JUN;PLAU;TP73;hsa-miR-193a,TF;Gene;TF;Gene;TF;miRNA
EGR1,TGFBR2,EGR1;FOS;FOSB;HDAC2;TGFBR2;hsa-miR-20b,TF;TF;Gene;TF;Gene;miRNA
hsa-miR-1,FOSB,EGR1;FOSB;FOXO3;STAT3;hsa-miR-1;hsa-miR-24,TF;Gene;TF;TF;miRNA;miRNA
hsa-miR-29b,JUND,EGR1;FOSB;JUND;STAT3;hsa-miR-24;hsa-miR-29b,TF;Gene;TF;TF;miRNA;miRNA
hsa-miR-24,VCAM1,EGR1;IL6;MYCN;VCAM1;hsa-miR-181d;hsa-miR-24,TF;Gene;TF;Gene;miRNA;miRNA
EGR1,TLR4,EGR1;FN1;HIF1A;TLR4;TWIST1;hsa-miR-373,TF;Gene;TF;Gene;TF;miRNA
EGR1,FN1,EGR1;FN1;HIF1A;TWIST1;hsa-miR-101;hsa-miR-429,TF;Gene;TF;TF;miRNA;miRNA
RELA,TLR4,EGR1;FN1;RELA;SNAI1;TLR4;hsa-miR-96,TF;Gene;TF;TF;Gene;miRNA
SP1,FN1,EGR1;FN1;HOXA10;SNAI1;SP1;hsa-miR-320a,TF;Gene;TF;TF;TF;miRNA
EGR1,F3,EGR1;F3;MYB;SPI1;hsa-miR-148a;hsa-miR-19a,TF;Gene;TF;TF;miRNA;miRNA
ETS1,FGF7,EGR1;ETS1;FGF7;MYB;hsa-miR-15a;hsa-miR-219a,TF;TF;Gene;TF;miRNA;miRNA
ETS1,NOTCH1,EGR1;ETS1;HIF1A;MYB;NOTCH1;hsa-miR-429,TF;TF;TF;TF;Gene;miRNA
EGR1,THBS1,EGR1;ID1;THBS1;hsa-let-7e;hsa-miR-29c;hsa-miR-335,TF;Gene;Gene;miRNA;miRNA;miRNA
EGR1,TGFB2,EGR1;TGFB2;hsa-miR-130b;hsa-miR-152;hsa-miR-29c;hsa-miR-335,TF;Gene;miRNA;miRNA;miRNA;miRNA
EGR1,VEGFA,EGR1;JUN;TWIST1;VEGFA;hsa-miR-20b;hsa-miR-373,TF;TF;TF;Gene;miRNA;miRNA
EGR1,VEGFA,EGR1;EPAS1;HIF1A;VEGFA;hsa-miR-205;hsa-miR-20b,TF;TF;TF;Gene;miRNA;miRNA
HDAC1,VEGFA,EGR1;HDAC1;STAT3;VEGFA;hsa-miR-20a;hsa-miR-520d,TF;TF;TF;Gene;miRNA;miRNA
HDAC1,VEGFA,EGR1;HDAC1;STAT3;VEGFA;hsa-miR-429;hsa-miR-520d,TF;TF;TF;Gene;miRNA;miRNA
EGR1,PEG10,EGR1;PEG10;PPARG;hsa-let-7e;hsa-miR-122;hsa-miR-29b,TF;Gene;TF;miRNA;miRNA;miRNA
EGR1,hsa-let-7e,EGR1;FOS;MYC;PPARG;hsa-let-7e;hsa-miR-181c,TF;TF;TF;TF;miRNA;miRNA
EGR1,MAP3K1,EGR1;MAP3K1;MYC;TCF4;hsa-let-7e;hsa-miR-30b,TF;Gene;TF;TF;miRNA;miRNA
RELA,PEG10,EGR1;MYC;PEG10;RELA;hsa-let-7e;hsa-miR-29b,TF;TF;Gene;TF;miRNA;miRNA
SP1,FOSL1,EGR1;FOSL1;SP1;hsa-let-7e;hsa-miR-142;hsa-miR-29a,TF;Gene;TF;miRNA;miRNA;miRNA
EGR1,PLAU,EGR1;EPAS1;HIF1A;PLAU;hsa-miR-181d;hsa-miR-20b,TF;TF;TF;Gene;miRNA;miRNA
RELA,FAS,EGR1;FAS;FOXO3;RELA;YY1;hsa-let-7c,TF;Gene;TF;TF;TF;miRNA
SP1,FAS,EGR1;FAS;HNF4A;SP1;hsa-miR-130a;hsa-miR-655,TF;Gene;TF;TF;miRNA;miRNA
EGR1,VCAM1,EGR1;HDAC4;PPARG;VCAM1;hsa-miR-181c;hsa-miR-29b,TF;TF;TF;Gene;miRNA;miRNA
EGR1,NR4A1,EGR1;FOS;HIF1A;NR4A1;hsa-miR-181c;hsa-miR-224,TF;TF;TF;Gene;miRNA;miRNA
RELA,LIF,EGR1;LIF;RELA;STAT1;hsa-miR-181c;hsa-miR-7,TF;Gene;TF;TF;miRNA;miRNA
EZH2,EXT1,EGR1;EXT1;EZH2;RELA;hsa-miR-181c;hsa-miR-26a,TF;Gene;TF;TF;miRNA;miRNA
EGR1,SERPINE1,EGR1;PLAU;SERPINE1;TWIST1;hsa-miR-181a;hsa-miR-20b,TF;Gene;Gene;TF;miRNA;miRNA
HDAC1,FURIN,EGR1;FURIN;HDAC1;SMAD4;hsa-miR-20b;hsa-miR-424,TF;Gene;TF;TF;miRNA;miRNA
HDAC1,SMAD7,EGR1;FOS;HDAC1;SMAD7;hsa-miR-20b;hsa-miR-424,TF;TF;TF;Gene;miRNA;miRNA
RELA,TGFBR2,EGR1;RELA;STAT3;TGFBR2;hsa-miR-204;hsa-miR-20b,TF;TF;TF;Gene;miRNA;miRNA
ETS1,TGFBR2,EGR1;ETS1;TGFBR2;hsa-miR-20b;hsa-miR-21;hsa-miR-425,TF;TF;Gene;miRNA;miRNA;miRNA
EGR1,TGFBR2,EGR1;HIF1A;TGFBR2;hsa-miR-20b;hsa-miR-21;hsa-miR-425,TF;TF;Gene;miRNA;miRNA;miRNA
EGR1,TGFBR2,EGR1;HIF1A;SMAD7;TGFBR2;hsa-miR-20b;hsa-miR-21,TF;TF;Gene;Gene;miRNA;miRNA
HDAC1,F3,EGR1;F3;HDAC1;MBD2;NANOG;hsa-miR-19a,TF;Gene;TF;TF;TF;miRNA
EGR1,FOSL1,EGR1;FOS;FOSL1;PPARG;hsa-miR-130b;hsa-miR-142,TF;TF;Gene;TF;miRNA;miRNA
HDAC1,SERPINE1,EGR1;HDAC1;HIF1A;PLAU;PPARG;SERPINE1,TF;TF;TF;Gene;TF;Gene
EGR1,EXT1,EGR1;EXT1;MYC;PPARG;hsa-miR-23b;hsa-miR-96,TF;Gene;TF;TF;miRNA;miRNA
EGR1,hsa-miR-21,EGR1;FOS;HIF1A;YY1;hsa-miR-149;hsa-miR-21,TF;TF;TF;TF;miRNA;miRNA
EGR1,LDHA,EGR1;HIF1A;LDHA;TCF4;TP73;hsa-miR-34a,TF;TF;Gene;TF;TF;miRNA
EGR1,MAP3K1,EGR1;MAP3K1;MYC;TCF4;hsa-let-7b;hsa-miR-142,TF;Gene;TF;TF;miRNA;miRNA
EGR1,PLAU,EGR1;FOS;HIF1A;PLAU;hsa-miR-101;hsa-miR-29c,TF;TF;TF;Gene;miRNA;miRNA
RELA,hsa-miR-96,EGR1;MET;RELA;STAT3;hsa-miR-130b;hsa-miR-96,TF;Gene;TF;TF;miRNA;miRNA
EGR1,hsa-miR-96,EGR1;MET;STAT3;hsa-miR-130b;hsa-miR-212;hsa-miR-96,TF;Gene;TF;miRNA;miRNA;miRNA
EGR1,SMAD7,EGR1;HIF1A;SKIL;SMAD7;hsa-let-7a;hsa-miR-96,TF;TF;Gene;Gene;miRNA;miRNA
HDAC2,hsa-miR-183,EGR1;HDAC2;RB1;SP1;STAT3;hsa-miR-183,TF;TF;TF;TF;TF;miRNA
hsa-miR-24,TGFBR2,EGR1;MYC;TGFBR2;hsa-miR-19a;hsa-miR-24;hsa-miR-425,TF;TF;Gene;miRNA;miRNA;miRNA
hsa-miR-24,MMP2,EGR1;MMP2;RUNX1;hsa-miR-124;hsa-miR-17;hsa-miR-24,TF;Gene;TF;miRNA;miRNA;miRNA
hsa-miR-24,FBXO32,EGR1;FBXO32;MYC;hsa-miR-24;hsa-miR-30a;hsa-miR-30d,TF;Gene;TF;miRNA;miRNA;miRNA
RELA,SPRY1,EGR1;MYC;RELA;SPRY1;hsa-miR-23b;hsa-miR-34a,TF;TF;TF;Gene;miRNA;miRNA
EGR1,TGFBR2,EGR1;TGFBR2;TP73;hsa-miR-145;hsa-miR-202;hsa-miR-212,TF;Gene;TF;miRNA;miRNA;miRNA
ETS1,TGFBR2,EGR1;ETS1;TGFBR2;TP73;hsa-miR-145;hsa-miR-202,TF;TF;Gene;TF;miRNA;miRNA
TWIST1,SNAP25,EGR1;SNAP25;TWIST1;hsa-miR-130b;hsa-miR-181a;hsa-miR-199a,TF;Gene;TF;miRNA;miRNA;miRNA
EZH2,NOTCH1,EGR1;EZH2;NOTCH1;RELA;hsa-miR-30a;hsa-miR-30c,TF;TF;Gene;TF;miRNA;miRNA
RELA,hsa-miR-27a,EGR1;EPAS1;FOXO3;RELA;STAT3;hsa-miR-27a,TF;TF;TF;TF;TF;miRNA
RELA,LOX,EGR1;LOX;RELA;TWIST1;hsa-miR-124;hsa-miR-200c,TF;Gene;TF;TF;miRNA;miRNA
RELA,THBS1,EGR1;RELA;THBS1;hsa-miR-19a;hsa-miR-212;hsa-miR-222,TF;TF;Gene;miRNA;miRNA;miRNA
HDAC1,hsa-miR-148a,EGR1;HDAC1;HDAC3;MYC;ZBTB7A;hsa-miR-148a,TF;TF;TF;TF;TF;miRNA
EGR2,FOS,EGR2;EP300;FOS;LEF1;SNAI2;hsa-miR-222,TF;TF;TF;TF;TF;miRNA
EGR2,hsa-miR-21,EGR2;EP300;HOXA10;HOXA9;hsa-miR-142;hsa-miR-21,TF;TF;TF;TF;miRNA;miRNA
EGR3,hsa-miR-146a,EGR3;EP300;FOSB;JUN;MEF2A;hsa-miR-146a,TF;TF;Gene;TF;TF;miRNA
EGR3,FOSB,EGR3;EP300;FOSB;PPARG;RELA;hsa-miR-27a,TF;TF;Gene;TF;TF;miRNA
MYC,ELF4,ELF4;MYC;hsa-let-7b;hsa-let-7d;hsa-miR-23a;hsa-miR-23b,Gene;TF;miRNA;miRNA;miRNA;miRNA
PPARG,ELF4,ELF4;PPARG;SP1;YY1;hsa-let-7e;hsa-miR-29b,Gene;TF;TF;TF;miRNA;miRNA
hsa-miR-19b,SNAP25,ELK1;SNAP25;STAT3;hsa-miR-181a;hsa-miR-19b;hsa-miR-34a,TF;Gene;TF;miRNA;miRNA;miRNA
hsa-miR-19b,UGCG,ELK1;SP1;UGCG;hsa-miR-19b;hsa-miR-200b;hsa-miR-200c,TF;TF;Gene;miRNA;miRNA;miRNA
ELK1,OXTR,ELK1;EZH2;FOS;NFKB1;OXTR;hsa-miR-30b,TF;TF;TF;TF;Gene;miRNA
ELK1,LOX,ELK1;EZH2;FOSL1;LOX;hsa-miR-200b;hsa-miR-30b,TF;TF;Gene;Gene;miRNA;miRNA
ELK1,THBS2,ELK1;FN1;SDC4;THBS2;hsa-miR-144;hsa-miR-17,TF;Gene;Gene;Gene;miRNA;miRNA
EP300,hsa-miR-155,EP300;EZH2;FOXO3;SMAD4;STAT1;hsa-miR-155,TF;TF;TF;TF;TF;miRNA
EP300,hsa-miR-200b,EP300;FOXO3;HNF4A;MYOD1;SMAD3;hsa-miR-200b,TF;TF;TF;TF;TF;miRNA
EP300,JUN,EP300;FOXO1;FOXO3;IRF1;JUN;RUNX1,TF;TF;TF;TF;TF;TF
EP300,HBEGF,EP300;FOS;FOXO3;HBEGF;hsa-let-7c;hsa-miR-31,TF;TF;TF;Gene;miRNA;miRNA
EP300,hsa-miR-92a,EP300;FOXO3;IRF1;RUNX1;SPI1;hsa-miR-92a,TF;TF;TF;TF;TF;miRNA
EP300,NOTCH1,EP300;EZH2;FOXO3;HIF1A;NOTCH1;hsa-miR-200b,TF;TF;TF;TF;Gene;miRNA
EP300,hsa-miR-29c,EP300;FOXO3;HIF1A;SP1;hsa-miR-24;hsa-miR-29c,TF;TF;TF;TF;miRNA;miRNA
EP300,STAT1,EP300;SMAD3;SMAD7;STAT1;hsa-miR-21;hsa-miR-503,TF;TF;Gene;TF;miRNA;miRNA
EP300,STAT1,EP300;EPAS1;FOS;SMAD7;STAT1;hsa-miR-29c,TF;TF;TF;Gene;TF;miRNA
EP300,TGFBR2,EP300;NFKB1;STAT1;TGFBR2;hsa-miR-130a;hsa-miR-155,TF;TF;TF;Gene;miRNA;miRNA
EP300,hsa-miR-140,EP300;ESR1;MYOD1;SMAD3;STAT5A;hsa-miR-140,TF;TF;TF;TF;Gene;miRNA
EP300,hsa-miR-200a,EP300;ESR1;EZH2;SMAD3;TP73;hsa-miR-200a,TF;TF;TF;TF;TF;miRNA
EP300,TERT,EP300;ESR1;NFKB1;TERT;hsa-miR-16;hsa-miR-497,TF;TF;TF;Gene;miRNA;miRNA
EP300,hsa-miR-183,EP300;ESR1;HDAC9;HNF4A;RELA;hsa-miR-183,TF;TF;TF;TF;TF;miRNA
EP300,NR4A1,EP300;EPAS1;ESR1;HIF1A;NR4A1;hsa-miR-224,TF;TF;TF;TF;Gene;miRNA
EP300,hsa-miR-18a,EP300;ESR1;MYB;RARA;SPI1;hsa-miR-18a,TF;TF;TF;TF;TF;miRNA
EP300,HRK,EP300;ESR1;HRK;RUNX1;hsa-miR-21;hsa-miR-27a,TF;TF;Gene;TF;miRNA;miRNA
EP300,VDR,EP300;ESR1;RELA;TP73;VDR;hsa-miR-23b,TF;TF;TF;TF;TF;miRNA
EP300,TCF7L2,EP300;FOXO1;KLF4;SIRT1;TCF7L2;TP53,TF;TF;TF;TF;TF;TF
EP300,TP53,EP300;FOXO1;IRF1;KLF4;SIRT1;TP53,TF;TF;TF;TF;TF;TF
EP300,TGFB2,EP300;KLF4;TGFB2;TP53;hsa-miR-193b;hsa-miR-21,TF;TF;Gene;TF;miRNA;miRNA
EP300,hsa-miR-429,EP300;HDAC9;JUN;SIRT1;TP53;hsa-miR-429,TF;TF;TF;TF;TF;miRNA
EP300,hsa-miR-191,EP300;FOS;HDAC9;HIF1A;TP53;hsa-miR-191,TF;TF;TF;TF;TF;miRNA
EP300,TP53,EP300;FOS;HDAC9;HIF1A;PPARG;TP53,TF;TF;TF;TF;TF;TF
EP300,VEGFA,EP300;FOS;HDAC9;TP53;VEGFA;hsa-miR-20a,TF;TF;TF;TF;Gene;miRNA
EP300,VEGFA,EP300;FOS;HDAC9;PPARG;TP53;VEGFA,TF;TF;TF;TF;TF;Gene
EP300,TLR4,EP300;HDAC9;SPI1;TLR4;TP53;hsa-miR-17,TF;TF;TF;Gene;TF;miRNA
EP300,hsa-miR-20a,EP300;FOS;HIF1A;PPARG;TP53;hsa-miR-20a,TF;TF;TF;TF;TF;miRNA
EP300,HMGCS1,EP300;ETS1;HMGCS1;TP53;hsa-miR-141;hsa-miR-19a,TF;TF;Gene;TF;miRNA;miRNA
EP300,TGFBR2,EP300;SPI1;TGFBR2;TP53;hsa-miR-106a;hsa-miR-19a,TF;TF;Gene;TF;miRNA;miRNA
EP300,KLF5,EP300;HNF4A;KLF5;SMAD4;TP53;hsa-miR-145,TF;TF;TF;TF;TF;miRNA
EP300,TWIST1,EP300;GADD45G;HIF1A;TP53;TWIST1;hsa-miR-424,TF;Gene;TF;TF;TF;miRNA
EP300,YBX1,EP300;HIF1A;IRF1;TP53;TWIST1;YBX1,TF;TF;TF;TF;TF;TF
EP300,MMP2,EP300;ETS1;ETS2;MMP2;NR4A1;TP53,TF;TF;TF;Gene;Gene;TF
EP300,hsa-miR-29b,EP300;KLF4;POU5F1;SMAD3;SREBF1;hsa-miR-29b,TF;TF;TF;TF;TF;miRNA
EP300,hsa-miR-200b,EP300;HDAC1;KLF4;SMAD3;SP1;hsa-miR-200b,TF;TF;TF;TF;TF;miRNA
EP300,MMP2,EP300;KLF4;MMP2;NOTCH1;SMAD3;SP1,TF;TF;Gene;Gene;TF;TF
EP300,SMAD7,EP300;KLF4;NOTCH1;SMAD3;SMAD7;hsa-miR-200c,TF;TF;Gene;TF;Gene;miRNA
EP300,SMAD3,EP300;KLF4;LEF1;NOTCH1;SMAD3;hsa-miR-200c,TF;TF;TF;Gene;TF;miRNA
EP300,hsa-miR-21,EP300;ETS1;KLF4;SMAD3;TCF7L2;hsa-miR-21,TF;TF;TF;TF;TF;miRNA
EP300,KLF5,EP300;KLF4;KLF5;SMAD3;TCF7L2;hsa-miR-21,TF;TF;TF;TF;TF;miRNA
EP300,hsa-miR-503,EP300;FOXO1;LEF1;MEF2A;SMAD3;hsa-miR-503,TF;TF;TF;TF;TF;miRNA
EP300,VEGFA,EP300;FOXO1;SMAD3;SP1;VEGFA;hsa-miR-373,TF;TF;TF;TF;Gene;miRNA
EP300,VEGFA,EP300;ETS1;FOXO1;NFKB1;SMAD3;VEGFA,TF;TF;TF;TF;TF;Gene
EP300,VDR,EP300;FOXO1;SMAD3;SNAI2;TCF7L2;VDR,TF;TF;TF;TF;TF;TF
EP300,SMAD7,EP300;HDAC2;SMAD3;SMAD7;hsa-miR-503;hsa-miR-92a,TF;TF;TF;Gene;miRNA;miRNA
EP300,SMAD3,EP300;FOS;FOXM1;HIF1A;SMAD3;STAT6,TF;TF;TF;TF;TF;TF
EP300,TGFBR2,EP300;FOXM1;SMAD3;TCF7L2;TGFBR2;hsa-miR-21,TF;TF;TF;TF;Gene;miRNA
EP300,VEGFA,EP300;NOTCH1;RUNX1;SMAD3;VEGFA;hsa-miR-424,TF;Gene;TF;TF;Gene;miRNA
EP300,SNAP25,EP300;NOTCH1;SMAD3;SNAP25;hsa-miR-200c;hsa-miR-424,TF;Gene;TF;Gene;miRNA;miRNA
EP300,hsa-miR-155,EP300;NOTCH1;SMAD3;YY1;hsa-miR-155;hsa-miR-200c,TF;Gene;TF;TF;miRNA;miRNA
EP300,hsa-miR-21,EP300;NCOR1;RARA;SMAD3;SPI1;hsa-miR-21,TF;TF;TF;TF;TF;miRNA
EP300,hsa-miR-17,EP300;PPARG;SMAD3;STAT3;hsa-miR-17;hsa-miR-26a,TF;TF;TF;TF;miRNA;miRNA
EP300,VDR,EP300;PPARG;SMAD3;STAT3;VDR;hsa-miR-26a,TF;TF;TF;TF;TF;miRNA
EP300,hsa-miR-200c,EP300;EZH2;NFKB1;SMAD3;STAT3;hsa-miR-200c,TF;TF;TF;TF;TF;miRNA
EP300,IL1R1,EP300;IL1R1;SMAD3;STAT3;STAT6;hsa-miR-24,TF;Gene;TF;TF;TF;miRNA
EP300,FST,EP300;FST;NCOR1;SMAD3;STAT3;hsa-miR-24,TF;Gene;TF;TF;TF;miRNA
EP300,TGFBR2,EP300;SMAD3;SMAD4;TGFB2;TGFBR2;USF1,TF;TF;TF;Gene;Gene;TF
EP300,SMAD3,EP300;EZH2;MYB;NOTCH1;SMAD3;hsa-miR-200c,TF;TF;TF;Gene;TF;miRNA
EP300,SMAD3,EP300;FOS;HNF4A;NOTCH1;RXRA;SMAD3,TF;TF;TF;Gene;TF;TF
EP300,SNAI1,EP300;HDAC2;MYOD1;NOTCH1;SMAD3;SNAI1,TF;TF;TF;Gene;TF;TF
EP300,SMAD3,EP300;EZH2;NOTCH1;SMAD3;hsa-miR-30a;hsa-miR-34a,TF;TF;Gene;TF;miRNA;miRNA
EP300,SNAP25,EP300;MYB;SMAD3;SNAP25;SP1;hsa-miR-429,TF;TF;TF;Gene;TF;miRNA
EP300,hsa-miR-200c,EP300;HDAC2;MYB;SMAD3;SP1;hsa-miR-200c,TF;TF;TF;TF;TF;miRNA
EP300,hsa-miR-23a,EP300;PPARG;RUNX1;SMAD3;SP1;hsa-miR-23a,TF;TF;TF;TF;TF;miRNA
EP300,hsa-miR-34a,EP300;FOS;SMAD3;SNAI1;TP73;hsa-miR-34a,TF;TF;TF;TF;TF;miRNA
EP300,ETV1,EP300;ETV1;LEF1;SMAD3;hsa-miR-19a;hsa-miR-372,TF;Gene;TF;TF;miRNA;miRNA
EP300,FST,EP300;FST;HIF1A;HNF4A;SMAD3;hsa-miR-299,TF;Gene;TF;TF;TF;miRNA
EP300,hsa-miR-155,EP300;ETS1;HIF1A;NFKB1;SMAD3;hsa-miR-155,TF;TF;TF;TF;TF;miRNA
EP300,ID4,EP300;HDAC1;ID4;NFYA;SP1;USF1,TF;TF;Gene;TF;TF;TF
EP300,IGFBP4,EP300;IGFBP4;NFYA;PPARG;SP1;hsa-miR-613,TF;Gene;TF;TF;TF;miRNA
EP300,IRF1,EP300;HDAC1;IRF1;NFYA;SP1;hsa-miR-23b,TF;TF;TF;TF;TF;miRNA
EP300,THBD,EP300;EZH2;HDAC2;RELA;THBD;USF1,TF;TF;TF;TF;Gene;TF
EP300,PEG10,EP300;EPAS1;PEG10;SP1;hsa-miR-150;hsa-miR-27a,TF;TF;Gene;TF;miRNA;miRNA
EP300,VEGFA,EP300;HIF1A;KLF4;NR1H4;VEGFA;hsa-miR-205,TF;TF;TF;TF;Gene;miRNA
EP300,VEGFA,EP300;KLF4;NR1H4;POU5F1;VEGFA;hsa-miR-302b,TF;TF;TF;TF;Gene;miRNA
EP300,hsa-miR-146a,EP300;JUN;NFKB2;NR1H4;RELA;hsa-miR-146a,TF;TF;TF;TF;TF;miRNA
EP300,MMP2,EP300;MMP2;NR1H4;RELA;RUNX1;hsa-miR-106a,TF;Gene;TF;TF;TF;miRNA
EP300,hsa-miR-203,EP300;HDAC3;JUN;KLF4;MEF2A;hsa-miR-203,TF;TF;TF;TF;TF;miRNA
EP300,VEGFA,EP300;KLF4;PPARG;VEGFA;hsa-miR-429;hsa-miR-613,TF;TF;TF;Gene;miRNA;miRNA
EP300,VEGFA,EP300;KLF4;KLF5;PPARG;VEGFA;hsa-miR-429,TF;TF;TF;TF;Gene;miRNA
EP300,VEGFA,EP300;HIF1A;KLF4;PPARG;VEGFA;hsa-miR-205,TF;TF;TF;TF;Gene;miRNA
EP300,VEGFA,EP300;HDAC2;KLF4;VEGFA;hsa-miR-200c;hsa-miR-429,TF;TF;TF;Gene;miRNA;miRNA
EP300,VEGFA,EP300;HIF1A;KLF4;NFKB1;VEGFA;hsa-miR-429,TF;TF;TF;TF;Gene;miRNA
EP300,VEGFA,EP300;KLF4;NFKB1;VEGFA;hsa-miR-200c;hsa-miR-429,TF;TF;TF;Gene;miRNA;miRNA
EP300,SMAD7,EP300;HDAC2;JUN;KLF4;SMAD7;hsa-miR-200c,TF;TF;TF;TF;Gene;miRNA
EP300,KLF4,EP300;KLF4;MYOD1;TCF4;TCF7L2;hsa-miR-181b,TF;TF;TF;TF;TF;miRNA
EP300,hsa-miR-29c,EP300;HIF1A;KLF4;RXRA;hsa-miR-143;hsa-miR-29c,TF;TF;TF;TF;miRNA;miRNA
EP300,HRK,EP300;HRK;KLF4;SP1;hsa-miR-183;hsa-miR-19a,TF;Gene;TF;TF;miRNA;miRNA
EP300,hsa-miR-206,EP300;EZH2;HDAC1;KLF4;MYOD1;hsa-miR-206,TF;TF;TF;TF;TF;miRNA
EP300,STAT3,EP300;FN1;FOXO1;REL;RELA;STAT3,TF;Gene;TF;TF;TF;TF
EP300,IL6,EP300;HIF1A;IL6;KLF5;PPARA;REL,TF;TF;Gene;TF;TF;TF
EP300,NCOR1,EP300;HDAC1;NCOR1;SP1;STAT5A;VDR,TF;TF;TF;TF;Gene;TF
EP300,HRH1,EP300;EZH2;HRH1;MYCN;STAT5A;hsa-miR-124,TF;TF;Gene;TF;Gene;miRNA
EP300,hsa-miR-145,EP300;FOXO1;MTA1;SNAI2;SP1;hsa-miR-145,TF;TF;TF;TF;TF;miRNA
EP300,YY1,EP300;FOXO1;NFKB1;RBPJ;SIRT1;YY1,TF;TF;TF;TF;TF;TF
EP300,SNAP25,EP300;FOXO1;SIRT1;SNAP25;SP1;hsa-miR-424,TF;TF;TF;Gene;TF;miRNA
EP300,PEG10,EP300;FOXO1;HNF4A;PEG10;hsa-miR-182;hsa-miR-491,TF;TF;TF;Gene;miRNA;miRNA
EP300,EPAS1,EP300;EPAS1;HDAC9;NFKB1;TBX21;YY1,TF;TF;TF;TF;Gene;TF
EP300,EPAS1,EP300;EPAS1;HDAC9;NFKB1;YY1;hsa-miR-155,TF;TF;TF;TF;TF;miRNA
EP300,hsa-miR-34a,EP300;EZH2;HDAC9;NFKB1;SNAI1;hsa-miR-34a,TF;TF;TF;TF;TF;miRNA
EP300,EPAS1,EP300;EPAS1;NFKB1;STAT3;TCF7L2;hsa-miR-17,TF;TF;TF;TF;TF;miRNA
EP300,SMAD7,EP300;EPAS1;HIF1A;JUN;SMAD7;hsa-miR-429,TF;TF;TF;TF;Gene;miRNA
EP300,TWIST1,EP300;EPAS1;HIF1A;JUN;TWIST1;hsa-miR-320b,TF;TF;TF;TF;TF;miRNA
EP300,hsa-miR-429,EP300;FOS;FOSB;FOXM1;HDAC2;hsa-miR-429,TF;TF;Gene;TF;TF;miRNA
EP300,MAP3K1,EP300;FOXM1;HIF1A;MAP3K1;hsa-miR-23b;hsa-miR-429,TF;TF;TF;Gene;miRNA;miRNA
EP300,MAP3K1,EP300;FOXM1;MAP3K1;SP1;hsa-miR-20a;hsa-miR-429,TF;TF;Gene;TF;miRNA;miRNA
EP300,SNAP25,EP300;FOXM1;HDAC1;SNAP25;hsa-miR-200a;hsa-miR-200c,TF;TF;TF;Gene;miRNA;miRNA
EP300,GBP1,EP300;EZH2;GBP1;SP1;YY1;hsa-miR-23a,TF;TF;Gene;TF;TF;miRNA
EP300,hsa-miR-429,EP300;HIF1A;NFKB1;YY1;hsa-miR-29b;hsa-miR-429,TF;TF;TF;TF;miRNA;miRNA
EP300,FAS,EP300;FAS;POU2F1;SP1;YY1;hsa-let-7g,TF;Gene;TF;TF;TF;miRNA
EP300,MAP3K1,EP300;EZH2;MAP3K1;YY1;hsa-let-7c;hsa-miR-31,TF;TF;Gene;TF;miRNA;miRNA
EP300,MMP2,EP300;HOXB7;MMP2;NFKB1;TFAP2A;YY1,TF;TF;Gene;TF;TF;TF
EP300,MMP2,EP300;EZH2;HOXB7;MMP2;TFAP2A;YY1,TF;TF;TF;Gene;TF;TF
EP300,HBEGF,EP300;HBEGF;MYOD1;YY1;hsa-miR-182;hsa-miR-29a,TF;Gene;TF;TF;miRNA;miRNA
EP300,hsa-miR-141,EP300;TFAP2A;TWIST1;YY1;hsa-miR-141;hsa-miR-92a,TF;TF;TF;TF;miRNA;miRNA
EP300,SMAD7,EP300;NCOR1;RUNX1;SMAD7;YY1;hsa-miR-363,TF;TF;TF;Gene;TF;miRNA
FLI1,hsa-miR-181a,EP300;FLI1;JUN;STAT3;TAL1;hsa-miR-181a,TF;TF;TF;TF;TF;miRNA
EP300,hsa-miR-96,EP300;ETS1;JUN;RELA;STAT3;hsa-miR-96,TF;TF;TF;TF;TF;miRNA
EP300,FGF7,EP300;FGF7;SMAD4;STAT3;hsa-miR-21;hsa-miR-503,TF;Gene;TF;TF;miRNA;miRNA
EP300,FGF7,EP300;FGF7;RELA;STAT3;hsa-miR-132;hsa-miR-21,TF;Gene;TF;TF;miRNA;miRNA
EP300,ETV1,EP300;ETV1;SMAD4;STAT3;hsa-miR-17;hsa-miR-302c,TF;Gene;TF;TF;miRNA;miRNA
EP300,PEG3,EP300;PEG3;SP1;STAT3;hsa-miR-124;hsa-miR-200a,TF;Gene;TF;TF;miRNA;miRNA
FLI1,SERPINE1,EP300;FLI1;NFKB1;PPARG;SERPINE1;hsa-let-7a,TF;TF;TF;TF;Gene;miRNA
FLI1,UGCG,EP300;FLI1;RELA;UGCG;hsa-let-7a;hsa-miR-130a,TF;TF;TF;Gene;miRNA;miRNA
FLI1,TGFBR2,EP300;FLI1;SMAD7;SP1;TGFBR2;hsa-miR-182,TF;TF;Gene;TF;Gene;miRNA
EP300,TERT,EP300;HIF1A;SREBF1;TERT;USF1;hsa-miR-29b,TF;TF;TF;Gene;TF;miRNA
EP300,TLR4,EP300;RELA;STAT6;TLR3;TLR4;USF1,TF;TF;TF;Gene;Gene;TF
EP300,TLR4,EP300;RELA;RUNX1;STAT6;TLR4;USF1,TF;TF;TF;TF;Gene;TF
EP300,hsa-miR-503,EP300;JUN;PPARA;RELA;SIRT1;hsa-miR-503,TF;TF;TF;TF;TF;miRNA
EP300,SMAD7,EP300;GATA1;SMAD4;SMAD6;SMAD7;hsa-miR-196b,TF;TF;TF;Gene;Gene;miRNA
EP300,SMAD7,EP300;GATA1;SMAD6;SMAD7;hsa-miR-196b;hsa-miR-200c,TF;TF;Gene;Gene;miRNA;miRNA
EP300,FOSB,EP300;FOSB;SP1;STAT6;hsa-miR-23a;hsa-miR-34c,TF;Gene;TF;TF;miRNA;miRNA
EP300,MYB,EP300;JUND;MYB;SP1;TWIST1;hsa-miR-106a,TF;TF;TF;TF;TF;miRNA
EP300,MYB,EP300;HIF1A;IRF1;MYB;TWIST1;hsa-miR-24,TF;TF;TF;TF;TF;miRNA
EP300,hsa-miR-143,EP300;MYB;NCOR1;RARA;SP1;hsa-miR-143,TF;TF;TF;TF;TF;miRNA
EP300,FBXO32,EP300;FBXO32;FOS;POU2F1;SMAD4;hsa-let-7g,TF;Gene;TF;TF;TF;miRNA
EP300,VEGFA,EP300;HDAC1;SOX2;VEGFA;hsa-miR-200c;hsa-miR-424,TF;TF;TF;Gene;miRNA;miRNA
EP300,VEGFA,EP300;HIF1A;JUN;SP1;VEGFA;hsa-miR-452,TF;TF;TF;TF;Gene;miRNA
EP300,VEGFA,EP300;EZH2;NCOR1;VDR;VEGFA;hsa-miR-200c,TF;TF;TF;TF;Gene;miRNA
EP300,F3,EP300;F3;JUN;JUND;SP1;hsa-miR-29b,TF;Gene;TF;TF;TF;miRNA
EP300,hsa-miR-21,EP300;GATA3;HDAC1;JUN;PPARG;hsa-miR-21,TF;TF;TF;TF;TF;miRNA
EP300,JUN,EP300;GATA3;IRF1;JUN;RUNX1;hsa-miR-20b,TF;TF;TF;TF;TF;miRNA
EP300,JUND,EP300;IRF3;JUN;JUND;NFKB1;hsa-miR-29b,TF;TF;TF;TF;TF;miRNA
EP300,MAP3K1,EP300;JUN;MAP3K1;NFKB1;SNAI1;hsa-miR-200c,TF;TF;Gene;TF;TF;miRNA
EP300,TBX3,EP300;JUN;NFKB1;TBX3;hsa-miR-25;hsa-miR-448,TF;TF;TF;Gene;miRNA;miRNA
EP300,TGFBR2,EP300;ETS1;JUN;NFKB1;TGFBR2;hsa-miR-448,TF;TF;TF;TF;Gene;miRNA
EP300,IGFBP5,EP300;IGFBP5;PPARG;SOX9;hsa-miR-140;hsa-miR-613,TF;Gene;TF;TF;miRNA;miRNA
EP300,hsa-miR-155,EP300;IRF1;PPARG;RELA;SMAD4;hsa-miR-155,TF;TF;TF;TF;TF;miRNA
EP300,IRF1,EP300;FOS;HIF1A;IRF1;hsa-miR-130a;hsa-miR-23a,TF;TF;TF;TF;miRNA;miRNA
EP300,RELA,EP300;ETS1;FOS;PAX5;RB1;RELA,TF;TF;TF;TF;TF;TF
EP300,NTF3,EP300;NTF3;RELA;SNAI1;hsa-miR-200b;hsa-miR-21,TF;Gene;TF;TF;miRNA;miRNA
EP300,NTF3,EP300;HDAC1;HNF4A;NTF3;hsa-miR-200b;hsa-miR-21,TF;TF;TF;Gene;miRNA;miRNA
EP300,NTF3,EP300;HDAC1;NTF3;SP1;hsa-miR-200b;hsa-miR-21,TF;TF;Gene;TF;miRNA;miRNA
EP300,NTF3,EP300;HDAC1;HIF1A;NTF3;hsa-miR-200b;hsa-miR-21,TF;TF;TF;Gene;miRNA;miRNA
EP300,TGFBR2,EP300;SMAD7;SP1;TGFBR2;hsa-miR-21;hsa-miR-320a,TF;Gene;TF;Gene;miRNA;miRNA
EP300,TGFBR2,EP300;HIF1A;NFKB1;TGFBR2;hsa-miR-21;hsa-miR-23b,TF;TF;TF;Gene;miRNA;miRNA
EP300,hsa-miR-29b,EP300;SOX2;SP1;SREBF1;hsa-miR-21;hsa-miR-29b,TF;TF;TF;TF;miRNA;miRNA
EP300,LMO7,EP300;LMO7;NCOR1;RELA;hsa-miR-200b;hsa-miR-200c,TF;Gene;TF;TF;miRNA;miRNA
EP300,FGF7,EP300;FGF7;HDAC3;RELA;hsa-miR-199a;hsa-miR-31,TF;Gene;TF;TF;miRNA;miRNA
EP300,POU3F2,EP300;POU3F2;PPARA;RELA;hsa-miR-107;hsa-miR-141,TF;Gene;TF;TF;miRNA;miRNA
EP300,TGFBR2,EP300;LEF1;RELA;SMAD4;TGFBR2;hsa-miR-27b,TF;TF;TF;TF;Gene;miRNA
EP300,SNAP25,EP300;EZH2;GATA3;SNAP25;hsa-miR-200a;hsa-miR-200c,TF;TF;TF;Gene;miRNA;miRNA
EP300,LOX,EP300;ETS1;GATA3;HDAC1;LOX;hsa-miR-429,TF;TF;TF;TF;Gene;miRNA
EP300,LOX,EP300;GATA3;HIF1A;LOX;hsa-miR-200c;hsa-miR-429,TF;TF;TF;Gene;miRNA;miRNA
EP300,LOX,EP300;EZH2;GATA3;LOX;SP1;hsa-miR-30d,TF;TF;TF;Gene;TF;miRNA
EP300,SMAD7,EP300;HDAC1;SMAD4;SMAD7;hsa-miR-429;hsa-miR-503,TF;TF;TF;Gene;miRNA;miRNA
EP300,EXT1,EP300;EXT1;HNF4A;SP1;hsa-miR-20a;hsa-miR-409,TF;Gene;TF;TF;miRNA;miRNA
EP300,FOSL1,EP300;FOSL1;IRF1;SP1;hsa-miR-29b;hsa-miR-34c,TF;Gene;TF;TF;miRNA;miRNA
EP300,hsa-miR-424,EP300;HIF1A;KLF5;NFKB1;SMAD4;hsa-miR-424,TF;TF;TF;TF;TF;miRNA
EP300,PTHLH,EP300;HIF1A;NFKB1;NFKB2;PTHLH;hsa-miR-29c,TF;TF;TF;TF;Gene;miRNA
EP300,TCF4,EP300;ID4;LEF1;NFKB1;TCF4;hsa-miR-130a,TF;Gene;TF;TF;TF;miRNA
EP300,MITF,EP300;MITF;MYOD1;SREBF1;TCF4;hsa-miR-29b,TF;TF;TF;TF;TF;miRNA
EP300,KLF10,EP300;KLF10;SP1;hsa-miR-142;hsa-miR-200c;hsa-miR-23b,TF;Gene;TF;miRNA;miRNA;miRNA
EP300,MET,EP300;MET;RUNX1;SMAD7;SP1;hsa-miR-20a,TF;Gene;TF;Gene;TF;miRNA
EP300,SERPINE1,EP300;EZH2;F3;SERPINE1;SP1;hsa-miR-30a,TF;TF;Gene;Gene;TF;miRNA
EP300,LIF,EP300;LIF;RUNX1;SP1;hsa-miR-181d;hsa-miR-22,TF;Gene;TF;TF;miRNA;miRNA
EP300,FN1,EP300;ETS1;FN1;TWIST1;hsa-miR-200c;hsa-miR-96,TF;TF;Gene;TF;miRNA;miRNA
EP300,SERPINE1,EP300;EZH2;HIF1A;SERPINE1;hsa-miR-181c;hsa-miR-34a,TF;TF;TF;Gene;miRNA;miRNA
EP300,VIM,EP300;HIF1A;KLF5;LEF1;TCF4;VIM,TF;TF;TF;TF;TF;Gene
EP300,LIF,EP300;HIF1A;LEF1;LIF;hsa-miR-185;hsa-miR-372,TF;TF;TF;Gene;miRNA;miRNA
EP300,MET,EP300;LEF1;MET;MITF;SREBF1;hsa-miR-613,TF;TF;Gene;TF;TF;miRNA
STAT3,SPARC,EPAS1;SPARC;STAT3;hsa-let-7e;hsa-miR-29a;hsa-miR-29c,TF;Gene;TF;miRNA;miRNA;miRNA
hsa-miR-9,hsa-miR-146a,EPAS1;EZH2;FOSL1;hsa-miR-146a;hsa-miR-29c;hsa-miR-9,TF;TF;Gene;miRNA;miRNA;miRNA
STAT3,HRK,EPAS1;HRK;STAT3;hsa-miR-191;hsa-miR-23b;hsa-miR-29c,TF;Gene;TF;miRNA;miRNA;miRNA
hsa-miR-9,EPHB2,EPAS1;EPHB2;FOS;hsa-miR-23a;hsa-miR-29c;hsa-miR-9,TF;Gene;TF;miRNA;miRNA;miRNA
hsa-miR-27b,VEGFC,EPAS1;FOS;RUNX2;VEGFC;hsa-miR-27b;hsa-miR-29c,TF;TF;TF;Gene;miRNA;miRNA
RUNX1,hsa-miR-27a,EPAS1;RELA;RUNX1;hsa-miR-106a;hsa-miR-182;hsa-miR-27a,TF;TF;TF;miRNA;miRNA;miRNA
PPARG,SERPINE1,EPAS1;PLAU;PPARG;RELA;SERPINE1;YY1,TF;Gene;TF;TF;Gene;TF
TP53,EPAS1,EPAS1;NANOG;TP53;hsa-miR-19b;hsa-miR-26a;hsa-miR-302a,TF;TF;TF;miRNA;miRNA;miRNA
EZH2,EPAS1,EPAS1;EZH2;RELA;hsa-miR-130a;hsa-miR-26a;hsa-miR-96,TF;TF;TF;miRNA;miRNA;miRNA
hsa-miR-19b,VEGFA,EPAS1;SOX2;SP1;VEGFA;hsa-miR-19b;hsa-miR-96,TF;TF;TF;Gene;miRNA;miRNA
hsa-miR-96,SEMA6A,EPAS1;SEMA6A;SP1;hsa-miR-200a;hsa-miR-24;hsa-miR-96,TF;Gene;TF;miRNA;miRNA;miRNA
hsa-miR-9,MAP3K1,EPAS1;JUN;MAP3K1;RUNX1;hsa-miR-24;hsa-miR-9,TF;TF;Gene;TF;miRNA;miRNA
hsa-miR-181b,THBS2,EPAS1;ESR1;THBS2;hsa-miR-17;hsa-miR-181b;hsa-miR-30b,TF;TF;Gene;miRNA;miRNA;miRNA
FOS,hsa-miR-30b,EPAS1;FOS;RELA;YY1;hsa-miR-17;hsa-miR-30b,TF;TF;TF;TF;miRNA;miRNA
RELA,hsa-let-7e,EPAS1;POU5F1;RELA;SMAD3;hsa-let-7e;hsa-miR-143,TF;TF;TF;TF;miRNA;miRNA
hsa-miR-148a,TGFB2,EPAS1;POU5F1;SMAD3;TGFB2;hsa-miR-130b;hsa-miR-148a,TF;TF;TF;Gene;miRNA;miRNA
hsa-miR-519d,GJA1,EPAS1;GJA1;POU5F1;hsa-miR-130b;hsa-miR-30b;hsa-miR-519d,TF;Gene;TF;miRNA;miRNA;miRNA
SP1,OXTR,EPAS1;OXTR;SP1;YY1;hsa-miR-23a;hsa-miR-29b,TF;Gene;TF;TF;miRNA;miRNA
NFKB1,MMP14,EPAS1;HBEGF;HIF1A;MMP14;NFKB1;YY1,TF;Gene;TF;Gene;TF;TF
hsa-miR-802,EPAS1,EPAS1;FOS;FOSB;SIRT1;YY1;hsa-miR-802,TF;TF;Gene;TF;TF;miRNA
hsa-miR-26b,LTBP1,EPAS1;FN1;HIF1A;LTBP1;hsa-miR-26b;hsa-miR-429,TF;Gene;TF;Gene;miRNA;miRNA
TP53,MSC,EPAS1;MSC;TP53;hsa-miR-142;hsa-miR-149;hsa-miR-23b,TF;Gene;TF;miRNA;miRNA;miRNA
hsa-miR-19b,FBXO32,EPAS1;FBXO32;SP1;hsa-miR-19b;hsa-miR-23a;hsa-miR-29b,TF;Gene;TF;miRNA;miRNA;miRNA
TP53,MET,EPAS1;MET;TP53;hsa-miR-143;hsa-miR-23a;hsa-miR-29b,TF;Gene;TF;miRNA;miRNA;miRNA
hsa-miR-182,LOX,EPAS1;FBN1;FN1;LOX;hsa-miR-182;hsa-miR-30d,TF;Gene;Gene;Gene;miRNA;miRNA
hsa-miR-148b,LOX,EPAS1;FBN1;FN1;LOX;hsa-miR-148b;hsa-miR-30d,TF;Gene;Gene;Gene;miRNA;miRNA
TP53,MMP2,EPAS1;MMP14;MMP2;TP53;hsa-miR-142;hsa-miR-150,TF;Gene;Gene;TF;miRNA;miRNA
TP53,MMP14,EPAS1;MMP14;TP53;hsa-miR-142;hsa-miR-148a;hsa-miR-150,TF;Gene;TF;miRNA;miRNA;miRNA
SP1,MMP14,EPAS1;MMP14;SP1;TP53;hsa-miR-142;hsa-miR-150,TF;Gene;TF;TF;miRNA;miRNA
RUNX1,VEGFA,EPAS1;FHL2;RELA;RUNX1;VEGFA;hsa-miR-199a,TF;Gene;TF;TF;Gene;miRNA
RELA,HMGCS1,EPAS1;HMGCS1;RELA;hsa-miR-182;hsa-miR-19a;hsa-miR-27a,TF;Gene;TF;miRNA;miRNA;miRNA
RELA,MET,EPAS1;MET;RELA;SMAD7;hsa-miR-181c;hsa-miR-27b,TF;Gene;TF;Gene;miRNA;miRNA
EZH2,HRK,EPAS1;EZH2;HRK;RELA;hsa-miR-212;hsa-miR-27a,TF;TF;Gene;TF;miRNA;miRNA
ESR1,VEGFA,EPAS1;ESR1;JUN;NFKB1;VEGFA;hsa-miR-148a,TF;TF;TF;TF;Gene;miRNA
hsa-miR-27b,TGFBR2,EPAS1;GATA1;MYC;TGFBR2;hsa-miR-27b;hsa-miR-361,TF;TF;TF;Gene;miRNA;miRNA
ESR1,MAP3K1,EPAS1;ESR1;EZH2;MAP3K1;hsa-miR-20b;hsa-miR-30b,TF;TF;TF;Gene;miRNA;miRNA
hsa-miR-520d,VEGFA,EPAS1;FBXO32;FOXO3;VEGFA;hsa-miR-27a;hsa-miR-520d,TF;Gene;TF;Gene;miRNA;miRNA
HDAC2,EPAS1,EPAS1;HDAC2;TP53;hsa-miR-155;hsa-miR-182;hsa-miR-20a,TF;TF;TF;miRNA;miRNA;miRNA
ETS1,hsa-miR-146a,EPAS1;ETS1;LEF1;PAX5;hsa-miR-146a;hsa-miR-182,TF;TF;TF;TF;miRNA;miRNA
TP53,SNAP25,EPAS1;SNAP25;TP53;hsa-miR-15a;hsa-miR-23b;hsa-miR-27a,TF;Gene;TF;miRNA;miRNA;miRNA
hsa-miR-9,MYBL1,EPAS1;MYBL1;SOX2;hsa-miR-141;hsa-miR-181c;hsa-miR-9,TF;Gene;TF;miRNA;miRNA;miRNA
RUNX1,EPAS1,EPAS1;JUN;MITF;RUNX1;hsa-miR-20a;hsa-miR-20b,TF;TF;TF;TF;miRNA;miRNA
TWIST1,EPHA2,EPHA2;LEF1;TWIST1;hsa-miR-124;hsa-miR-141;hsa-miR-181a,Gene;TF;TF;miRNA;miRNA;miRNA
HDAC1,SHC1,EPHA2;HDAC1;SHC1;STAT3;hsa-miR-124;hsa-miR-429,Gene;TF;Gene;TF;miRNA;miRNA
JUN,SHC1,EPHA2;JUN;SHC1;TP73;hsa-miR-224;hsa-miR-429,Gene;TF;Gene;TF;miRNA;miRNA
HDAC2,EPHB2,EPHB2;HDAC2;SNAI1;SP1;hsa-miR-130a;hsa-miR-203,Gene;TF;TF;TF;miRNA;miRNA
RELA,EPHB2,EPHB2;MYC;RELA;hsa-miR-125b;hsa-miR-130a;hsa-miR-30d,Gene;TF;TF;miRNA;miRNA;miRNA
RELA,EPHB2,EPHB2;MYC;NCOR1;RELA;hsa-miR-130a;hsa-miR-30d,Gene;TF;TF;TF;miRNA;miRNA
RELA,EPHB2,EPHB2;MYC;RELA;hsa-miR-130a;hsa-miR-27b;hsa-miR-30d,Gene;TF;TF;miRNA;miRNA;miRNA
LEF1,EPHB2,EPHB2;JUN;LEF1;TCF4;hsa-miR-150;hsa-miR-23a,Gene;TF;TF;TF;miRNA;miRNA
HIF1A,EPHB2,EPHB2;HIF1A;JUN;SPI1;hsa-miR-203;hsa-miR-23a,Gene;TF;TF;TF;miRNA;miRNA
JUN,ERG,ERG;ETS1;ETS2;GATA3;JUN;RARA,TF;TF;TF;TF;TF;TF
ETS1,PTHLH,ERG;ETS1;PTHLH;TP53;hsa-miR-200c;hsa-miR-29a,TF;TF;Gene;TF;miRNA;miRNA
ETS1,SMAD7,ERG;ETS1;SKIL;SMAD7;hsa-miR-183;hsa-miR-200c,TF;TF;Gene;Gene;miRNA;miRNA
ESR1,MMP2,ESR1;JUN;MMP2;STAT1;hsa-miR-20a;hsa-miR-29a,TF;TF;Gene;TF;miRNA;miRNA
ESR1,MYBL1,ESR1;MYBL1;STAT1;hsa-miR-146b;hsa-miR-155;hsa-miR-19a,TF;Gene;TF;miRNA;miRNA;miRNA
ESR1,MAP3K1,ESR1;FOXO1;MAP3K1;RELA;hsa-miR-145;hsa-miR-18a,TF;TF;Gene;TF;miRNA;miRNA
ESR1,hsa-miR-145,ESR1;FOXO1;RELA;SMAD4;hsa-miR-145;hsa-miR-181a,TF;TF;TF;TF;miRNA;miRNA
hsa-miR-124,HIC1,ESR1;HIC1;SNAI2;TWIST1;hsa-miR-124;hsa-miR-19b,TF;Gene;TF;TF;miRNA;miRNA
hsa-miR-543,THBS1,ESR1;THBS1;TWIST1;hsa-let-7i;hsa-miR-19b;hsa-miR-543,TF;Gene;TF;miRNA;miRNA;miRNA
hsa-miR-181b,SMAD7,ESR1;FOS;SMAD7;TWIST1;hsa-miR-181b;hsa-miR-199a,TF;TF;Gene;TF;miRNA;miRNA
hsa-miR-181b,TGFBR2,ESR1;ESR2;TGFBR2;hsa-miR-106a;hsa-miR-181b;hsa-miR-7,TF;TF;Gene;miRNA;miRNA;miRNA
ESR1,EXT1,ESR1;EXT1;JUN;SPI1;hsa-miR-106a;hsa-miR-19a,TF;Gene;TF;TF;miRNA;miRNA
ESR1,EXT1,ESR1;EXT1;JUN;MYC;hsa-miR-106a;hsa-miR-9,TF;Gene;TF;TF;miRNA;miRNA
ESR1,HRK,ESR1;HRK;IRF1;hsa-miR-106a;hsa-miR-143;hsa-miR-203,TF;Gene;TF;miRNA;miRNA;miRNA
LEF1,THBS2,ESR1;HDAC2;LEF1;THBS2;hsa-miR-106a;hsa-miR-182,TF;TF;TF;Gene;miRNA;miRNA
ESR1,MAP3K1,ESR1;MAP3K1;MYC;hsa-let-7g;hsa-miR-106a;hsa-miR-30b,TF;Gene;TF;miRNA;miRNA;miRNA
ESR1,FST,ESR1;FOS;FST;RELA;SMAD3;hsa-miR-425,TF;TF;Gene;TF;TF;miRNA
HDAC9,FAS,ESR1;FAS;FOS;HDAC9;NFKB1;hsa-miR-181a,TF;Gene;TF;TF;TF;miRNA
ESR1,NANOG,ESR1;FOS;MYC;MYCN;NANOG;hsa-miR-19b,TF;TF;TF;TF;TF;miRNA
ESR1,VEGFA,ESR1;ESR2;EZH2;FOS;RELA;VEGFA,TF;TF;TF;TF;TF;Gene
hsa-miR-181b,VEGFA,ESR1;FOS;SMAD4;VEGFA;hsa-miR-181b;hsa-miR-302d,TF;TF;TF;Gene;miRNA;miRNA
ESR1,OXTR,ESR1;FOS;HIF1A;OXTR;hsa-miR-181c;hsa-miR-29c,TF;TF;TF;Gene;miRNA;miRNA
ESR1,TGFBR2,ESR1;FOS;HDAC2;NFKB1;TGFBR2;hsa-miR-502,TF;TF;TF;TF;Gene;miRNA
ESR1,SMAD7,ESR1;SMAD7;STAT3;hsa-miR-15a;hsa-miR-20a;hsa-miR-21,TF;Gene;TF;miRNA;miRNA;miRNA
ESR1,TGFBR2,ESR1;MYC;TGFBR2;hsa-miR-21;hsa-miR-372;hsa-miR-7,TF;TF;Gene;miRNA;miRNA;miRNA
ESR1,MYC,ESR1;EZH2;MYC;SMAD7;hsa-miR-21;hsa-miR-7,TF;TF;TF;Gene;miRNA;miRNA
ESR1,SMAD7,ESR1;JUN;SKIL;SMAD7;hsa-miR-19b;hsa-miR-21,TF;TF;Gene;Gene;miRNA;miRNA
ESR1,MYC,ESR1;ETS2;JUN;MYC;SMAD7;hsa-miR-21,TF;TF;TF;TF;Gene;miRNA
ESR1,hsa-miR-200c,ESR1;JUN;RELA;SOX2;hsa-miR-200c;hsa-miR-21,TF;TF;TF;TF;miRNA;miRNA
LEF1,TERT,ESR1;LEF1;SMAD3;TERT;hsa-miR-19b;hsa-miR-424,TF;TF;TF;Gene;miRNA;miRNA
ESR1,TERT,ESR1;FOXO1;MEN1;STAT3;TERT;hsa-miR-24,TF;TF;TF;TF;Gene;miRNA
ESR1,TERT,ESR1;FOXO1;MEN1;NFKB1;STAT3;TERT,TF;TF;TF;TF;TF;Gene
ESR1,TERT,ESR1;HIF1A;JUN;MEN1;TERT;hsa-miR-24,TF;TF;TF;TF;Gene;miRNA
ESR1,SERPINE1,ESR1;EZH2;NFKB1;SERPINE1;hsa-miR-181a;hsa-miR-34a,TF;TF;TF;Gene;miRNA;miRNA
ESR1,THBS1,ESR1;HIF1A;SCARB1;THBS1;hsa-miR-1271;hsa-miR-18b,TF;TF;Gene;Gene;miRNA;miRNA
MYCN,THBS1,ESR1;FN1;MYCN;THBS1;hsa-miR-181b;hsa-miR-18b,TF;Gene;TF;Gene;miRNA;miRNA
ESR1,MAP3K1,ESR1;EZH2;MAP3K1;hsa-miR-129;hsa-miR-18b;hsa-miR-200c,TF;TF;Gene;miRNA;miRNA;miRNA
PPARA,NTF3,ESR1;NTF3;PPARA;STAT5A;hsa-miR-200c;hsa-miR-221,TF;Gene;TF;Gene;miRNA;miRNA
ESR1,FURIN,ESR1;FURIN;NFKB1;YY1;hsa-miR-137;hsa-miR-497,TF;Gene;TF;TF;miRNA;miRNA
ESR1,MYBL1,ESR1;EZH2;JUN;MYBL1;hsa-miR-146a;hsa-miR-497,TF;TF;TF;Gene;miRNA;miRNA
ESR1,hsa-let-7a,ESR1;HOXA10;JUN;MYC;hsa-let-7a;hsa-miR-497,TF;TF;TF;TF;miRNA;miRNA
ESR1,HOXA10,ESR1;EZH2;HOXA10;JUN;hsa-miR-27a;hsa-miR-497,TF;TF;TF;TF;miRNA;miRNA
ESR1,hsa-miR-503,ESR1;HDAC2;SKIL;SMAD3;hsa-miR-497;hsa-miR-503,TF;TF;Gene;TF;miRNA;miRNA
