source,sink,members,types
STAT3,ABCA1,ABCA1;STAT3;hsa-miR-27b;hsa-miR-520d,Gene;TF;miRNA;miRNA
MYCN,ABCA1,ABCA1;MYCN;hsa-miR-330;hsa-miR-96,Gene;TF;miRNA;miRNA
SMAD4,ABCA1,ABCA1;SMAD4;SP1;hsa-miR-302d,Gene;TF;TF;miRNA
hsa-miR-302d,ABCA1,ABCA1;IRF9;STAT3;hsa-miR-302d,Gene;Gene;TF;miRNA
MAX,ABCA1,ABCA1;MAX;hsa-miR-20a;hsa-miR-93,Gene;TF;miRNA;miRNA
MYCN,ABCA1,ABCA1;MYCN;hsa-miR-20a;hsa-miR-27b,Gene;TF;miRNA;miRNA
MYCN,ABCA1,ABCA1;MYCN;hsa-miR-20a;hsa-miR-760,Gene;TF;miRNA;miRNA
MYC,ABCA1,ABCA1;MYC;hsa-miR-20a;hsa-miR-23a,Gene;TF;miRNA;miRNA
SMAD3,ABCA1,ABCA1;SMAD3;hsa-miR-200b;hsa-miR-20a,Gene;TF;miRNA;miRNA
STAT3,ABCA1,ABCA1;STAT3;hsa-miR-20a;hsa-miR-23b,Gene;TF;miRNA;miRNA
RELA,ABCA1,ABCA1;RELA;hsa-miR-20a;hsa-miR-96,Gene;TF;miRNA;miRNA
TP53,ABCA1,ABCA1;TP53;hsa-miR-20a;hsa-miR-23b,Gene;TF;miRNA;miRNA
SP1,ABCA1,ABCA1;SP1;hsa-miR-130a;hsa-miR-20a,Gene;TF;miRNA;miRNA
NANOG,ABCA1,ABCA1;NANOG;hsa-miR-20a;hsa-miR-302c,Gene;TF;miRNA;miRNA
TP53,ABCA1,ABCA1;TP53;hsa-miR-20a;hsa-miR-519d,Gene;TF;miRNA;miRNA
HIF1A,ABCA1,ABCA1;HIF1A;hsa-miR-20a;hsa-miR-376c,Gene;TF;miRNA;miRNA
MYC,ABCA1,ABCA1;MYC;hsa-miR-19b;hsa-miR-26b,Gene;TF;miRNA;miRNA
MYC,ABCA1,ABCA1;MYC;hsa-miR-23b;hsa-miR-26b,Gene;TF;miRNA;miRNA
MYC,ABCA1,ABCA1;MYC;hsa-miR-26b;hsa-miR-372,Gene;TF;miRNA;miRNA
MYC,ABCA1,ABCA1;MYC;hsa-miR-373;hsa-miR-9,Gene;TF;miRNA;miRNA
MYC,ABCA1,ABCA1;MYC;hsa-miR-148a;hsa-miR-373,Gene;TF;miRNA;miRNA
HIF1A,ABCA1,ABCA1;HIF1A;hsa-miR-145;hsa-miR-373,Gene;TF;miRNA;miRNA
JUN,ABCA1,ABCA1;JUN;RELA;hsa-miR-429,Gene;TF;TF;miRNA
JUN,ABCA1,ABCA1;JUN;hsa-miR-144;hsa-miR-429,Gene;TF;miRNA;miRNA
DNMT1,ABCA1,ABCA1;DNMT1;hsa-miR-152;hsa-miR-429,Gene;TF;miRNA;miRNA
DNMT1,ABCA1,ABCA1;DNMT1;hsa-miR-148a;hsa-miR-429,Gene;TF;miRNA;miRNA
SNAI2,ABCA1,ABCA1;SNAI2;hsa-miR-101;hsa-miR-429,Gene;TF;miRNA;miRNA
SP1,ABCA1,ABCA1;SP1;hsa-miR-106a;hsa-miR-429,Gene;TF;miRNA;miRNA
SP1,SREBF1,ABCA1;SP1;SREBF1;hsa-miR-429,Gene;TF;TF;miRNA
hsa-miR-1271,ABCA1,ABCA1;TWIST1;hsa-miR-1271;hsa-miR-429,Gene;TF;miRNA;miRNA
TP53,ABCA1,ABCA1;TP53;hsa-miR-148a;hsa-miR-429,Gene;TF;miRNA;miRNA
hsa-miR-140,BCL2L1,ABCA1;BCL2L1;SREBF1;hsa-miR-140,Gene;Gene;TF;miRNA
hsa-miR-140,ABCA1,ABCA1;MET;STAT3;hsa-miR-140,Gene;Gene;TF;miRNA
hsa-miR-1,ABCA1,ABCA1;CEBPA;hsa-miR-1;hsa-miR-26a,Gene;TF;miRNA;miRNA
SMAD3,ABCA1,ABCA1;SMAD3;STAT3;hsa-miR-19a,Gene;TF;TF;miRNA
STAT3,ABCA1,ABCA1;STAT3;hsa-miR-19a;hsa-miR-96,Gene;TF;miRNA;miRNA
RELA,ABCA1,ABCA1;RELA;hsa-miR-19a;hsa-miR-23b,Gene;TF;miRNA;miRNA
SP1,ABCA1,ABCA1;SP1;hsa-miR-106a;hsa-miR-19a,Gene;TF;miRNA;miRNA
SPI1,ABCA1,ABCA1;SPI1;hsa-miR-142;hsa-miR-19a,Gene;TF;miRNA;miRNA
JUN,ABCA1,ABCA1;JUN;RELA;hsa-miR-23a,Gene;TF;TF;miRNA
EGR1,ABCA1,ABCA1;EGR1;hsa-miR-200b;hsa-miR-23a,Gene;TF;miRNA;miRNA
hsa-miR-26a,ABCA1,ABCA1;EPAS1;hsa-miR-23a;hsa-miR-26a,Gene;TF;miRNA;miRNA
hsa-miR-26a,ABCA1,ABCA1;HIF1A;hsa-miR-23a;hsa-miR-26a,Gene;TF;miRNA;miRNA
SP1,ABCA1,ABCA1;SP1;STAT3;hsa-miR-23a,Gene;TF;TF;miRNA
hsa-miR-199a,ABCA1,ABCA1;EPAS1;hsa-miR-199a;hsa-miR-23a,Gene;TF;miRNA;miRNA
SP1,ABCA1,ABCA1;EGR1;SP1;hsa-miR-23a,Gene;TF;TF;miRNA
SP1,ABCA1,ABCA1;SP1;hsa-miR-130a;hsa-miR-23a,Gene;TF;miRNA;miRNA
hsa-miR-519d,ABCA1,ABCA1;EPAS1;hsa-miR-23a;hsa-miR-519d,Gene;TF;miRNA;miRNA
hsa-miR-1271,ABCA1,ABCA1;EPAS1;hsa-miR-1271;hsa-miR-23a,Gene;TF;miRNA;miRNA
hsa-miR-148a,ABCA1,ABCA1;EPAS1;hsa-miR-148a;hsa-miR-23a,Gene;TF;miRNA;miRNA
RELA,ABCA1,ABCA1;RELA;hsa-miR-130a;hsa-miR-23a,Gene;TF;miRNA;miRNA
E2F3,ABCA1,ABCA1;E2F3;hsa-miR-106b;hsa-miR-200b,Gene;TF;miRNA;miRNA
HNF4A,ABCA1,ABCA1;HNF4A;hsa-miR-200b;hsa-miR-96,Gene;TF;miRNA;miRNA
EGR1,ABCA1,ABCA1;EGR1;hsa-miR-200b;hsa-miR-96,Gene;TF;miRNA;miRNA
EZH2,ABCA1,ABCA1;EZH2;hsa-miR-101;hsa-miR-200b,Gene;TF;miRNA;miRNA
NFKB1,ABCA1,ABCA1;NFKB1;SNAI1;hsa-miR-200b,Gene;TF;TF;miRNA
NFKB1,ABCA1,ABCA1;NFKB1;hsa-miR-200b;hsa-miR-301a,Gene;TF;miRNA;miRNA
hsa-miR-26a,ABCA1,ABCA1;STAT3;hsa-miR-17;hsa-miR-26a,Gene;TF;miRNA;miRNA
TP53,ABCA1,ABCA1;TP53;hsa-miR-26a;hsa-miR-27b,Gene;TF;miRNA;miRNA
MYC,ABCA1,ABCA1;MYC;hsa-miR-200c;hsa-miR-26a,Gene;TF;miRNA;miRNA
TP53,ABCA1,ABCA1;TP53;hsa-miR-145;hsa-miR-26a,Gene;TF;miRNA;miRNA
hsa-miR-26a,ABCA1,ABCA1;HIF1A;hsa-miR-26a;hsa-miR-27a,Gene;TF;miRNA;miRNA
hsa-miR-613,ABCA1,ABCA1;MET;STAT3;hsa-miR-613,Gene;Gene;TF;miRNA
JUN,ABCA1,ABCA1;JUN;SP1;STAT3,Gene;TF;TF;TF
STAT3,ABCA1,ABCA1;STAT3;hsa-miR-124;hsa-miR-200c,Gene;TF;miRNA;miRNA
HDAC2,ABCA1,ABCA1;HDAC2;STAT3;hsa-miR-183,Gene;TF;TF;miRNA
hsa-miR-93,ABCA1,ABCA1;IRF9;STAT3;hsa-miR-93,Gene;Gene;TF;miRNA
NFKB1,ABCA1,ABCA1;NFKB1;STAT3;hsa-miR-130a,Gene;TF;TF;miRNA
hsa-miR-19b,ABCA1,ABCA1;STAT3;hsa-miR-19b;hsa-miR-200c,Gene;TF;miRNA;miRNA
FOXO1,ABCA1,ABCA1;FOXO1;STAT3;hsa-miR-145,Gene;TF;TF;miRNA
hsa-miR-302b,ABCA1,ABCA1;VDR;hsa-miR-145;hsa-miR-302b,Gene;TF;miRNA;miRNA
hsa-miR-19b,ABCA1,ABCA1;E2F3;hsa-miR-106b;hsa-miR-19b,Gene;TF;miRNA;miRNA
MYCN,ABCA1,ABCA1;MYCN;hsa-miR-106b;hsa-miR-19b,Gene;TF;miRNA;miRNA
E2F1,ABCA1,ABCA1;E2F1;hsa-miR-106b;hsa-miR-27b,Gene;TF;miRNA;miRNA
MYCN,ABCA1,ABCA1;MYCN;hsa-miR-27b;hsa-miR-760,Gene;TF;miRNA;miRNA
hsa-miR-27b,SREBF1,ABCA1;HMGCS1;SREBF1;hsa-miR-27b,Gene;Gene;TF;miRNA
NFKB1,ABCA1,ABCA1;NFKB1;hsa-miR-130a;hsa-miR-27b,Gene;TF;miRNA;miRNA
MYCN,ABCA1,ABCA1;MYCN;hsa-miR-93;hsa-miR-96,Gene;TF;miRNA;miRNA
HIF1A,ABCA1,ABCA1;HIF1A;hsa-miR-23b;hsa-miR-96,Gene;TF;miRNA;miRNA
hsa-miR-128,ABCA1,ABCA1;HIF1A;hsa-miR-128;hsa-miR-96,Gene;TF;miRNA;miRNA
JUN,ABCA1,ABCA1;JUN;hsa-miR-144;hsa-miR-93,Gene;TF;miRNA;miRNA
RELA,ABCA1,ABCA1;RELA;hsa-miR-17;hsa-miR-199a,Gene;TF;miRNA;miRNA
hsa-miR-199a,ABCA1,ABCA1;NFKB1;hsa-miR-199a;hsa-miR-9,Gene;TF;miRNA;miRNA
MYC,ABCA1,ABCA1;MYC;hsa-miR-20b;hsa-miR-23b,Gene;TF;miRNA;miRNA
TP53,ABCA1,ABCA1;TP53;hsa-miR-200c;hsa-miR-23b,Gene;TF;miRNA;miRNA
NFKB1,ABCA1,ABCA1;HIF1A;NFKB1;hsa-miR-23b,Gene;TF;TF;miRNA
SP1,ABCA1,ABCA1;EGR1;SP1;hsa-miR-183,Gene;TF;TF;miRNA
SP1,ABCA1,ABCA1;EGR1;SP1;hsa-miR-106a,Gene;TF;TF;miRNA
PPARG,ABCA1,ABCA1;PPARG;SP1;hsa-miR-145,Gene;TF;TF;miRNA
SP1,SREBF1,ABCA1;SP1;SREBF1;hsa-miR-200c,Gene;TF;TF;miRNA
MYC,ABCA1,ABCA1;MYC;hsa-miR-372;hsa-miR-9,Gene;TF;miRNA;miRNA
SPI1,ABCA1,ABCA1;SPI1;hsa-miR-142;hsa-miR-17,Gene;TF;miRNA;miRNA
EGR1,ABCA1,ABCA1;EGR1;hsa-miR-106a;hsa-miR-142,Gene;TF;miRNA;miRNA
RELA,ABCA1,ABCA1;EGR1;RELA;hsa-miR-142,Gene;TF;TF;miRNA
RELA,ABCA1,ABCA1;MYC;RELA;hsa-miR-17,Gene;TF;TF;miRNA
MYC,ABCA1,ABCA1;MYC;hsa-miR-148a;hsa-miR-17,Gene;TF;miRNA;miRNA
MYC,ABCA1,ABCA1;MYC;hsa-miR-101;hsa-miR-17,Gene;TF;miRNA;miRNA
CEBPB,ABCA1,ABCA1;CEBPB;hsa-miR-145;hsa-miR-17,Gene;TF;miRNA;miRNA
ESR1,ABCA1,ABCA1;ESR1;RELA;hsa-miR-17,Gene;TF;TF;miRNA
TP53,ABCA1,ABCA1;TP53;hsa-miR-17;hsa-miR-519d,Gene;TF;miRNA;miRNA
CEBPB,ABCA1,ABCA1;CEBPB;RELA;hsa-miR-17,Gene;TF;TF;miRNA
POU5F1,ABCA1,ABCA1;POU5F1;hsa-miR-301a;hsa-miR-302a,Gene;TF;miRNA;miRNA
hsa-miR-454,ABCA1,ABCA1;POU5F1;hsa-miR-301a;hsa-miR-454,Gene;TF;miRNA;miRNA
FOXO1,SREBF1,ABCA1;FOXO1;SREBF1;hsa-miR-145,Gene;TF;TF;miRNA
RELA,ABCA1,ABCA1;RELA;SMAD3;hsa-miR-145,Gene;TF;TF;miRNA
TP53,ABCA1,ABCA1;TP53;hsa-miR-145;hsa-miR-519d,Gene;TF;miRNA;miRNA
POU5F1,ABCA1,ABCA1;POU5F1;hsa-miR-130a;hsa-miR-145,Gene;TF;miRNA;miRNA
NFKB1,ABCA1,ABCA1;NFKB1;PPARG;hsa-miR-145,Gene;TF;TF;miRNA
NFKB1,ABCA1,ABCA1;HIF1A;NFKB1;hsa-miR-145,Gene;TF;TF;miRNA
LEF1,ABCA1,ABCA1;LEF1;hsa-miR-124;hsa-miR-183,Gene;TF;miRNA;miRNA
EGR1,ABCA1,ABCA1;EGR1;hsa-miR-124;hsa-miR-27a,Gene;TF;miRNA;miRNA
TP53,ABCA1,ABCA1;TP53;hsa-miR-124;hsa-miR-519d,Gene;TF;miRNA;miRNA
RELA,ABCA1,ABCA1;RELA;YY1;hsa-miR-9,Gene;TF;TF;miRNA
MYCN,ABCA1,ABCA1;MYCN;hsa-miR-183;hsa-miR-9,Gene;TF;miRNA;miRNA
hsa-miR-9,ABCA1,ABCA1;SOX2;hsa-miR-183;hsa-miR-9,Gene;TF;miRNA;miRNA
hsa-miR-20b,ABCA1,ABCA1;TWIST1;hsa-miR-200c;hsa-miR-20b,Gene;TF;miRNA;miRNA
MYC,ABCA1,ABCA1;MYC;hsa-miR-27a;hsa-miR-93,Gene;TF;miRNA;miRNA
RELA,ABCA1,ABCA1;RELA;hsa-miR-183;hsa-miR-27a,Gene;TF;miRNA;miRNA
hsa-miR-152,ABCA1,ABCA1;EPAS1;hsa-miR-152;hsa-miR-27a,Gene;TF;miRNA;miRNA
TP53,ABCA1,ABCA1;TP53;hsa-miR-106a;hsa-miR-519d,Gene;TF;miRNA;miRNA
EGR1,ABCA1,ABCA1;EGR1;hsa-miR-130b;hsa-miR-219a,Gene;TF;miRNA;miRNA
hsa-miR-219a,ABCA1,ABCA1;NFKB1;hsa-miR-148a;hsa-miR-219a,Gene;TF;miRNA;miRNA
AR,ACTA2,ACTA2;AR;hsa-miR-216a;hsa-miR-27a,Gene;TF;miRNA;miRNA
ACTA2,TAGLN,ACTA2;MYH9;MYL9;TAGLN,Gene;Gene;Gene;Gene
MYC,ACTC1,ACTC1;MYC;hsa-miR-30a;hsa-miR-30b,Gene;TF;miRNA;miRNA
RELA,ACTC1,ACTC1;RELA;hsa-miR-30b;hsa-miR-7,Gene;TF;miRNA;miRNA
SMAD3,ACTC1,ACTC1;SMAD3;hsa-miR-433;hsa-miR-92a,Gene;TF;miRNA;miRNA
YY1,ACTC1,ACTC1;HIF1A;YY1;hsa-miR-30b,Gene;TF;TF;miRNA
SMAD3,ACTC1,ACTC1;SMAD3;hsa-miR-30d;hsa-miR-433,Gene;TF;miRNA;miRNA
NFKB1,ADA,ADA;NFKB1;hsa-miR-29a;hsa-miR-29c,Gene;TF;miRNA;miRNA
SP1,ADA,ADA;HDAC4;SP1;hsa-miR-29a,Gene;TF;TF;miRNA
SP1,ADA,ADA;SP1;STAT3;hsa-miR-29c,Gene;TF;TF;miRNA
hsa-miR-142,ADAMTS1,ADAMTS1;EZH2;FOSL1;hsa-miR-142,Gene;TF;Gene;miRNA
EZH2,ADAMTS1,ADAMTS1;EZH2;hsa-let-7e;hsa-miR-143,Gene;TF;miRNA;miRNA
hsa-let-7a,ADAMTS1,ADAMTS1;MITF;hsa-let-7a;hsa-let-7i,Gene;TF;miRNA;miRNA
MYC,ADAMTS5,ADAMTS5;MYC;hsa-miR-30a;hsa-miR-30d,Gene;TF;miRNA;miRNA
MYC,ADAMTS5,ADAMTS5;MYC;hsa-miR-195;hsa-miR-30a,Gene;TF;miRNA;miRNA
MYC,ADAMTS5,ADAMTS5;MYC;hsa-miR-130a;hsa-miR-30a,Gene;TF;miRNA;miRNA
E2F1,ADAMTS5,ADAMTS5;E2F1;hsa-miR-203;hsa-miR-23b,Gene;TF;miRNA;miRNA
E2F1,ADAMTS5,ADAMTS5;E2F1;SIRT1;hsa-miR-203,Gene;TF;TF;miRNA
ZEB2,ADAMTS5,ADAMTS5;ZEB2;hsa-miR-128;hsa-miR-203,Gene;TF;miRNA;miRNA
hsa-miR-181a,ADAMTS5,ADAMTS5;SNAI2;hsa-miR-181a;hsa-miR-203,Gene;TF;miRNA;miRNA
hsa-miR-9,ADAMTS5,ADAMTS5;REST;hsa-miR-203;hsa-miR-9,Gene;TF;miRNA;miRNA
hsa-miR-106b,ADAMTS5,ADAMTS5;IRF1;hsa-miR-106b;hsa-miR-203,Gene;TF;miRNA;miRNA
MYCN,ADAMTS5,ADAMTS5;MYCN;hsa-miR-27a;hsa-miR-330,Gene;TF;miRNA;miRNA
hsa-miR-138,ADAMTS5,ADAMTS5;TP63;hsa-miR-138;hsa-miR-181a,Gene;TF;miRNA;miRNA
MAX,ADAMTS5,ADAMTS5;MAX;hsa-miR-106a;hsa-miR-20a,Gene;TF;miRNA;miRNA
E2F1,ADAMTS5,ADAMTS5;E2F1;hsa-miR-16;hsa-miR-20a,Gene;TF;miRNA;miRNA
SPI1,ADAMTS5,ADAMTS5;SPI1;hsa-miR-20a;hsa-miR-424,Gene;TF;miRNA;miRNA
E2F3,ADAMTS5,ADAMTS5;E2F3;hsa-miR-195;hsa-miR-20a,Gene;TF;miRNA;miRNA
MYCN,ADAMTS5,ADAMTS5;MYCN;hsa-miR-181d;hsa-miR-20a,Gene;TF;miRNA;miRNA
hsa-miR-20a,ADAMTS5,ADAMTS5;EPAS1;hsa-miR-20a;hsa-miR-29c,Gene;TF;miRNA;miRNA
RELA,ADAMTS5,ADAMTS5;RELA;hsa-miR-20a;hsa-miR-30b,Gene;TF;miRNA;miRNA
RUNX1,ADAMTS5,ADAMTS5;RUNX1;hsa-miR-20a;hsa-miR-27a,Gene;TF;miRNA;miRNA
RUNX1,ADAMTS5,ADAMTS5;RUNX1;hsa-miR-20a;hsa-miR-20b,Gene;TF;miRNA;miRNA
TP53,ADAMTS5,ADAMTS5;TP53;hsa-miR-145;hsa-miR-20a,Gene;TF;miRNA;miRNA
hsa-miR-20a,ADAMTS5,ADAMTS5;EPAS1;hsa-miR-181c;hsa-miR-20a,Gene;TF;miRNA;miRNA
RELA,ADAMTS5,ADAMTS5;RELA;hsa-miR-130a;hsa-miR-20a,Gene;TF;miRNA;miRNA
TP53,ADAMTS5,ADAMTS5;TP53;hsa-miR-224;hsa-miR-23b,Gene;TF;miRNA;miRNA
TP53,ADAMTS5,ADAMTS5;TP53;hsa-miR-17;hsa-miR-224,Gene;TF;miRNA;miRNA
NFKB1,ADAMTS5,ADAMTS5;NFKB1;hsa-miR-17;hsa-miR-224,Gene;TF;miRNA;miRNA
hsa-let-7a,ADAMTS5,ADAMTS5;NFKB1;hsa-let-7a;hsa-miR-224,Gene;TF;miRNA;miRNA
NFKB1,ADAMTS5,ADAMTS5;NFKB1;SIRT1;hsa-miR-224,Gene;TF;TF;miRNA
HIF1A,ADAMTS5,ADAMTS5;HIF1A;hsa-miR-130a;hsa-miR-224,Gene;TF;miRNA;miRNA
hsa-miR-181b,THBS2,ADAMTS5;SDC4;THBS2;hsa-miR-181b,Gene;Gene;Gene;miRNA
hsa-miR-101,THBS2,ADAMTS5;SDC4;THBS2;hsa-miR-101,Gene;Gene;Gene;miRNA
hsa-let-7d,THBS1,ADAMTS5;SDC4;THBS1;hsa-let-7d,Gene;Gene;Gene;miRNA
NFKB1,ADAMTS5,ADAMTS5;NFKB1;hsa-miR-340;hsa-miR-424,Gene;TF;miRNA;miRNA
NFKB1,ADAMTS5,ADAMTS5;NFKB1;hsa-miR-148a;hsa-miR-340,Gene;TF;miRNA;miRNA
HIF1A,ADAMTS5,ADAMTS5;HIF1A;hsa-miR-130a;hsa-miR-452,Gene;TF;miRNA;miRNA
hsa-miR-199a,ADAMTS5,ADAMTS5;HIF1A;hsa-miR-199a;hsa-miR-497,Gene;TF;miRNA;miRNA
MYC,ADAMTS5,ADAMTS5;MYC;hsa-miR-23b;hsa-miR-497,Gene;TF;miRNA;miRNA
MYC,ADAMTS5,ADAMTS5;MYC;hsa-miR-497;hsa-miR-9,Gene;TF;miRNA;miRNA
MYC,ADAMTS5,ADAMTS5;MYC;hsa-let-7e;hsa-miR-497,Gene;TF;miRNA;miRNA
HIF1A,ADAMTS5,ADAMTS5;HIF1A;hsa-let-7e;hsa-miR-497,Gene;TF;miRNA;miRNA
MYC,ADAMTS5,ADAMTS5;MYC;hsa-miR-29a;hsa-miR-30d,Gene;TF;miRNA;miRNA
MYC,ADAMTS5,ADAMTS5;MYC;hsa-let-7c;hsa-miR-30d,Gene;TF;miRNA;miRNA
EPAS1,ADAMTS5,ADAMTS5;EPAS1;hsa-miR-23a;hsa-miR-29c,Gene;TF;miRNA;miRNA
STAT3,ADAMTS5,ADAMTS5;STAT3;hsa-miR-17;hsa-miR-29c,Gene;TF;miRNA;miRNA
MYC,ADAMTS5,ADAMTS5;MYC;hsa-let-7g;hsa-miR-29c,Gene;TF;miRNA;miRNA
NFKB1,ADAMTS5,ADAMTS5;NFKB1;hsa-miR-29c;hsa-miR-424,Gene;TF;miRNA;miRNA
SIRT1,ADAMTS5,ADAMTS5;MYC;SIRT1;hsa-miR-29c,Gene;TF;TF;miRNA
HDAC4,ADAMTS5,ADAMTS5;HDAC4;SIRT1;hsa-miR-29c,Gene;TF;TF;miRNA
hsa-miR-106a,ADAMTS5,ADAMTS5;EPAS1;hsa-miR-106a;hsa-miR-29c,Gene;TF;miRNA;miRNA
SPI1,ADAMTS5,ADAMTS5;SPI1;hsa-miR-142;hsa-miR-23a,Gene;TF;miRNA;miRNA
JUN,ADAMTS5,ADAMTS5;JUN;hsa-miR-23a;hsa-miR-93,Gene;TF;miRNA;miRNA
hsa-miR-144,ADAMTS5,ADAMTS5;FOS;hsa-miR-144;hsa-miR-23a,Gene;TF;miRNA;miRNA
MYC,ADAMTS5,ADAMTS5;MYC;hsa-let-7i;hsa-miR-23a,Gene;TF;miRNA;miRNA
MYC,ADAMTS5,ADAMTS5;MYC;hsa-miR-23a;hsa-miR-29b,Gene;TF;miRNA;miRNA
SIRT1,ADAMTS5,ADAMTS5;MYC;SIRT1;hsa-miR-23a,Gene;TF;TF;miRNA
MYC,ADAMTS5,ADAMTS5;MYC;hsa-miR-195;hsa-miR-23a,Gene;TF;miRNA;miRNA
hsa-miR-181d,ADAMTS5,ADAMTS5;FOS;hsa-miR-181d;hsa-miR-23a,Gene;TF;miRNA;miRNA
EGR1,ADAMTS5,ADAMTS5;EGR1;hsa-let-7e;hsa-miR-23a,Gene;TF;miRNA;miRNA
HIF1A,ADAMTS5,ADAMTS5;HIF1A;hsa-miR-181c;hsa-miR-23a,Gene;TF;miRNA;miRNA
MYC,ADAMTS5,ADAMTS5;MYC;hsa-let-7g;hsa-miR-9,Gene;TF;miRNA;miRNA
STAT3,ADAMTS5,ADAMTS5;STAT3;hsa-let-7d;hsa-miR-27b,Gene;TF;miRNA;miRNA
JUN,ADAMTS5,ADAMTS5;JUN;SIRT1;hsa-miR-144,Gene;TF;TF;miRNA
hsa-miR-199a,ADAMTS5,ADAMTS5;EGR1;hsa-miR-199a;hsa-miR-30e,Gene;TF;miRNA;miRNA
hsa-miR-199a,ADAMTS5,ADAMTS5;NFKB1;hsa-miR-199a;hsa-miR-30b,Gene;TF;miRNA;miRNA
hsa-miR-199a,ADAMTS5,ADAMTS5;EGR1;hsa-miR-181d;hsa-miR-199a,Gene;TF;miRNA;miRNA
RELA,ADAMTS5,ADAMTS5;RELA;SIRT1;hsa-miR-199a,Gene;TF;TF;miRNA
EGR1,ADAMTS5,ADAMTS5;EGR1;hsa-miR-212;hsa-miR-30e,Gene;TF;miRNA;miRNA
NFKB1,ADAMTS5,ADAMTS5;NFKB1;hsa-miR-148a;hsa-miR-424,Gene;TF;miRNA;miRNA
E2F1,ADAMTS5,ADAMTS5;E2F1;hsa-miR-23b;hsa-miR-29a,Gene;TF;miRNA;miRNA
STAT3,ADAMTS5,ADAMTS5;STAT3;hsa-miR-204;hsa-miR-23b,Gene;TF;miRNA;miRNA
TP53,ADAMTS5,ADAMTS5;TP53;hsa-miR-23b;hsa-miR-29a,Gene;TF;miRNA;miRNA
RELA,ADAMTS5,ADAMTS5;RELA;hsa-miR-132;hsa-miR-23b,Gene;TF;miRNA;miRNA
hsa-miR-128,ADAMTS5,ADAMTS5;HIF1A;hsa-miR-128;hsa-miR-23b,Gene;TF;miRNA;miRNA
HIF1A,ADAMTS5,ADAMTS5;HIF1A;hsa-let-7e;hsa-miR-23b,Gene;TF;miRNA;miRNA
NFKB1,ADAMTS5,ADAMTS5;NFKB1;hsa-miR-148a;hsa-miR-23b,Gene;TF;miRNA;miRNA
STAT3,ADAMTS5,ADAMTS5;STAT3;hsa-let-7d;hsa-miR-17,Gene;TF;miRNA;miRNA
MYC,ADAMTS5,ADAMTS5;MYC;hsa-let-7d;hsa-miR-101,Gene;TF;miRNA;miRNA
MYC,ADAMTS5,ADAMTS5;MYC;hsa-let-7d;hsa-miR-15a,Gene;TF;miRNA;miRNA
MYC,ADAMTS5,ADAMTS5;MYC;hsa-let-7e;hsa-miR-30b,Gene;TF;miRNA;miRNA
SIRT1,ADAMTS5,ADAMTS5;MYC;SIRT1;hsa-miR-30b,Gene;TF;TF;miRNA
RELA,ADAMTS5,ADAMTS5;RELA;hsa-miR-212;hsa-miR-30b,Gene;TF;miRNA;miRNA
HIF1A,ADAMTS5,ADAMTS5;HIF1A;hsa-let-7e;hsa-miR-30b,Gene;TF;miRNA;miRNA
SP1,ADAMTS5,ADAMTS5;SP1;hsa-miR-142;hsa-miR-29b,Gene;TF;miRNA;miRNA
STAT3,ADAMTS5,ADAMTS5;STAT3;hsa-miR-204;hsa-miR-22,Gene;TF;miRNA;miRNA
TP53,ADAMTS5,ADAMTS5;TP53;hsa-miR-106a;hsa-miR-22,Gene;TF;miRNA;miRNA
SP1,ADAMTS5,ADAMTS5;SP1;hsa-miR-195;hsa-miR-22,Gene;TF;miRNA;miRNA
E2F3,ADAMTS5,ADAMTS5;E2F3;hsa-miR-16;hsa-miR-17,Gene;TF;miRNA;miRNA
MYCN,ADAMTS5,ADAMTS5;MYCN;hsa-miR-17;hsa-miR-9,Gene;TF;miRNA;miRNA
MYC,ADAMTS5,ADAMTS5;MYC;hsa-let-7c;hsa-miR-17,Gene;TF;miRNA;miRNA
hsa-miR-93,ADAMTS5,ADAMTS5;TWIST1;hsa-let-7i;hsa-miR-93,Gene;TF;miRNA;miRNA
hsa-miR-29b,ADAMTS5,ADAMTS5;MITF;hsa-miR-148b;hsa-miR-29b,Gene;TF;miRNA;miRNA
MITF,ADAMTS5,ADAMTS5;MITF;hsa-miR-106a;hsa-miR-148b,Gene;TF;miRNA;miRNA
STAT3,ADAMTS5,ADAMTS5;STAT3;hsa-miR-181a;hsa-miR-204,Gene;TF;miRNA;miRNA
HIF1A,ADAMTS5,ADAMTS5;HIF1A;hsa-miR-181c;hsa-miR-204,Gene;TF;miRNA;miRNA
SNAI2,ADAMTS5,ADAMTS5;SNAI2;hsa-miR-101;hsa-miR-145,Gene;TF;miRNA;miRNA
SMAD3,ADAMTS5,ADAMTS5;SMAD3;hsa-miR-145;hsa-miR-27a,Gene;TF;miRNA;miRNA
PPARG,ADAMTS5,ADAMTS5;PPARG;hsa-miR-145;hsa-miR-29b,Gene;TF;miRNA;miRNA
CEBPB,ADAMTS5,ADAMTS5;CEBPB;hsa-miR-145;hsa-miR-181c,Gene;TF;miRNA;miRNA
hsa-miR-101,ADAMTS5,ADAMTS5;HNF4A;hsa-miR-101;hsa-miR-758,Gene;TF;miRNA;miRNA
MAX,ADAMTS5,ADAMTS5;MAX;hsa-miR-106b;hsa-miR-16,Gene;TF;miRNA;miRNA
MYC,ADAMTS5,ADAMTS5;MYC;hsa-miR-16;hsa-miR-9,Gene;TF;miRNA;miRNA
hsa-miR-16,ADAMTS5,ADAMTS5;TP53;hsa-miR-16;hsa-miR-27a,Gene;TF;miRNA;miRNA
hsa-miR-374a,ADAMTS5,ADAMTS5;CEBPA;hsa-miR-29b;hsa-miR-374a,Gene;TF;miRNA;miRNA
hsa-miR-30c,ADAMTS5,ADAMTS5;CEBPA;hsa-miR-29b;hsa-miR-30c,Gene;TF;miRNA;miRNA
MYC,ADAMTS5,ADAMTS5;MYC;hsa-miR-27a;hsa-miR-29b,Gene;TF;miRNA;miRNA
hsa-miR-106a,ADAMTS5,ADAMTS5;IRF1;hsa-miR-106a;hsa-miR-29b,Gene;TF;miRNA;miRNA
hsa-miR-455,ADAMTS5,ADAMTS5;hsa-let-7e;hsa-miR-29b;hsa-miR-455,Gene;miRNA;miRNA;miRNA
hsa-miR-29b,ADAMTS5,ADAMTS5;HIF1A;hsa-miR-130a;hsa-miR-29b,Gene;TF;miRNA;miRNA
MYCN,ADAMTS5,ADAMTS5;MYCN;hsa-miR-9;hsa-miR-93,Gene;TF;miRNA;miRNA
hsa-miR-9,ADAMTS5,ADAMTS5;EZH2;hsa-miR-27a;hsa-miR-9,Gene;TF;miRNA;miRNA
hsa-miR-30c,ADAMTS5,ADAMTS5;STAT3;hsa-miR-29a;hsa-miR-30c,Gene;TF;miRNA;miRNA
MYC,ADAMTS5,ADAMTS5;MYC;hsa-let-7a;hsa-miR-29a,Gene;TF;miRNA;miRNA
MYC,ADAMTS5,ADAMTS5;MYC;hsa-let-7c;hsa-miR-29a,Gene;TF;miRNA;miRNA
hsa-miR-335,ADAMTS5,ADAMTS5;hsa-let-7e;hsa-miR-29a;hsa-miR-335,Gene;miRNA;miRNA;miRNA
hsa-miR-143,ADAMTS5,ADAMTS5;hsa-let-7b;hsa-miR-143;hsa-miR-29a,Gene;miRNA;miRNA;miRNA
NFKB1,ADAMTS5,ADAMTS5;NFKB1;hsa-miR-130a;hsa-miR-29a,Gene;TF;miRNA;miRNA
ESR1,ADAMTS5,ADAMTS5;ESR1;hsa-let-7c;hsa-miR-20b,Gene;TF;miRNA;miRNA
AR,ADAMTS5,ADAMTS5;AR;hsa-let-7c;hsa-miR-27a,Gene;TF;miRNA;miRNA
MYC,ADAMTS5,ADAMTS5;MYC;hsa-let-7c;hsa-miR-93,Gene;TF;miRNA;miRNA
MYC,ADAMTS5,ADAMTS5;MYC;hsa-let-7c;hsa-miR-106a,Gene;TF;miRNA;miRNA
MYC,ADAMTS5,ADAMTS5;MYC;hsa-let-7c;hsa-miR-20b,Gene;TF;miRNA;miRNA
hsa-miR-181d,ADAMTS5,ADAMTS5;SNAI2;hsa-miR-101;hsa-miR-181d,Gene;TF;miRNA;miRNA
MYC,ADAMTS5,ADAMTS5;MYC;hsa-miR-101;hsa-miR-106a,Gene;TF;miRNA;miRNA
MYC,ADAMTS5,ADAMTS5;MYC;hsa-miR-106b;hsa-miR-27a,Gene;TF;miRNA;miRNA
hsa-miR-27a,ADAMTS5,ADAMTS5;HOXA10;hsa-let-7a;hsa-miR-27a,Gene;TF;miRNA;miRNA
HIF1A,ADAMTS5,ADAMTS5;HIF1A;hsa-let-7e;hsa-miR-27a,Gene;TF;miRNA;miRNA
GATA1,ADAMTS5,ADAMTS5;GATA1;hsa-miR-148a;hsa-miR-27a,Gene;TF;miRNA;miRNA
E2F1,ADAMTS5,ADAMTS5;E2F1;hsa-miR-195;hsa-miR-519d,Gene;TF;miRNA;miRNA
TP53,ADAMTS5,ADAMTS5;TP53;hsa-miR-106a;hsa-miR-519d,Gene;TF;miRNA;miRNA
AR,ADAMTS5,ADAMTS5;AR;hsa-miR-133b;hsa-miR-216a,Gene;TF;miRNA;miRNA
E2F1,ADAMTS5,ADAMTS5;E2F1;SIRT1;hsa-let-7a,Gene;TF;TF;miRNA
E2F1,ADAMTS5,ADAMTS5;E2F1;hsa-let-7a;hsa-miR-20b,Gene;TF;miRNA;miRNA
hsa-let-7a,ADAMTS5,ADAMTS5;MITF;hsa-let-7a;hsa-miR-106a,Gene;TF;miRNA;miRNA
hsa-let-7a,ADAMTS5,ADAMTS5;MITF;hsa-let-7a;hsa-miR-20b,Gene;TF;miRNA;miRNA
MYC,ADAMTS5,ADAMTS5;MYC;hsa-miR-195;hsa-miR-93,Gene;TF;miRNA;miRNA
SP1,ADAMTS5,ADAMTS5;SIRT1;SP1;hsa-miR-195,Gene;TF;TF;miRNA
NFKB1,ADAMTS5,ADAMTS5;NFKB1;SIRT1;hsa-miR-130a,Gene;TF;TF;miRNA
NFKB1,ADAMTS5,ADAMTS5;NFKB1;hsa-let-7b;hsa-miR-148a,Gene;TF;miRNA;miRNA
MYC,ADAMTS5,ADAMTS5;MYC;hsa-let-7f;hsa-miR-106a,Gene;TF;miRNA;miRNA
MYC,ADAMTS5,ADAMTS5;MYC;hsa-let-7f;hsa-miR-20b,Gene;TF;miRNA;miRNA
hsa-miR-128,ADAMTS5,ADAMTS5;HIF1A;hsa-let-7e;hsa-miR-128,Gene;TF;miRNA;miRNA
E2F1,ADAMTS5,ADAMTS5;E2F1;hsa-miR-195;hsa-miR-20b,Gene;TF;miRNA;miRNA
hsa-miR-363,ADM,ADM;CEBPA;CEBPB;hsa-miR-363,Gene;TF;TF;miRNA
hsa-miR-655,ADM,ADM;CEBPA;CEBPB;hsa-miR-655,Gene;TF;TF;miRNA
CEBPB,ADM,ADM;CEBPB;SMAD3;hsa-miR-26a,Gene;TF;TF;miRNA
MYCN,ADM,ADM;MYCN;hsa-miR-25;hsa-miR-92b,Gene;TF;miRNA;miRNA
MYC,ADRB2,ADRB2;MYC;hsa-let-7b;hsa-miR-497,Gene;TF;miRNA;miRNA
MYC,ADRB2,ADRB2;MYC;hsa-let-7c;hsa-let-7d,Gene;TF;miRNA;miRNA
E2F3,ADRB2,ADRB2;E2F3;hsa-let-7a;hsa-miR-15b,Gene;TF;miRNA;miRNA
HIF1A,ADRB2,ADRB2;HIF1A;hsa-let-7a;hsa-let-7e,Gene;TF;miRNA;miRNA
MYC,ADRB2,ADRB2;MYC;hsa-let-7i;hsa-miR-15a,Gene;TF;miRNA;miRNA
CEBPA,AFP,AFP;CEBPA;FOXO1;HNF4A,Gene;TF;TF;TF
CEBPA,AFP,AFP;CEBPA;HDAC1;TP53,Gene;TF;TF;TF
SREBF2,AFP,AFP;HNF4A;SREBF2;TP53,Gene;TF;TF;TF
hsa-miR-342,AFP,AFP;IRF1;TP53;hsa-miR-342,Gene;TF;TF;miRNA
CEBPB,IL6,AHR;CEBPB;IL6;SMAD3,TF;TF;Gene;TF
E2F1,BRCA1,AHR;BRCA1;E2F1;hsa-miR-25,TF;TF;TF;miRNA
SMAD4,BRCA1,AHR;BRCA1;SMAD4;SP1,TF;TF;TF;TF
AHR,VEGFA,AHR;MYC;VEGFA;hsa-miR-106b,TF;TF;Gene;miRNA
HDAC1,AHR,AHR;HDAC1;SMAD3;SMAD4,TF;TF;TF;TF
SP1,GJA1,AHR;GJA1;SP1;hsa-miR-106b,TF;Gene;TF;miRNA
SMAD3,TGFBR2,AHR;SMAD3;TGFBR2;hsa-miR-106b,TF;TF;Gene;miRNA
USF1,TYMS,APEX1;TP53;TYMS;USF1,TF;TF;Gene;TF
USF1,SERPINE1,APEX1;CCL2;SERPINE1;USF1,TF;Gene;Gene;TF
USF1,TERT,APEX1;RELA;TERT;USF1,TF;TF;Gene;TF
USF1,hsa-miR-148a,APEX1;NFKB1;USF1;hsa-miR-148a,TF;TF;TF;miRNA
HIF1A,hsa-miR-210,APEX1;HIF1A;TP53;hsa-miR-210,TF;TF;TF;miRNA
CREBBP,TP53,APEX1;CREBBP;HIF1A;TP53,TF;TF;TF;TF
APEX1,TP53,APEX1;EP300;HDAC2;TP53,TF;TF;TF;TF
SP1,hsa-miR-92a,APEX1;SP1;TP53;hsa-miR-92a,TF;TF;TF;miRNA
APEX1,NFKB1,APEX1;EP300;NFKB1;RBPJ,TF;TF;TF;TF
APEX1,SIRT1,APEX1;EP300;RELA;SIRT1,TF;TF;TF;TF
CREB1,hsa-miR-21,AR;CREB1;EGR1;hsa-miR-21,TF;TF;TF;miRNA
CREB1,hsa-miR-20a,AR;CREB1;TP53;hsa-miR-20a,TF;TF;TF;miRNA
CREB1,IL6,AR;CREB1;IL6;MYC,TF;TF;Gene;TF
CREB1,EP300,AR;CREB1;EGR1;EP300,TF;TF;TF;TF
SP1,AR,AR;CREB1;FOXM1;SP1,TF;TF;TF;TF
CREB1,hsa-miR-27a,AR;CREB1;TP53;hsa-miR-27a,TF;TF;TF;miRNA
VHL,VEGFA,AR;VEGFA;VHL;hsa-miR-17,TF;Gene;TF;miRNA
FOXM1,VEGFA,AR;FOXM1;VEGFA;hsa-miR-20a,TF;TF;Gene;miRNA
AR,VEGFA,AR;EP300;HDAC3;VEGFA,TF;TF;TF;Gene
hsa-miR-19b,VEGFA,AR;SP1;VEGFA;hsa-miR-19b,TF;TF;Gene;miRNA
hsa-miR-19b,VEGFA,AR;HIC1;VEGFA;hsa-miR-19b,TF;Gene;Gene;miRNA
ESR2,VEGFA,AR;ESR2;SP1;VEGFA,TF;TF;TF;Gene
SP1,VEGFA,AR;SP1;VEGFA;hsa-miR-195,TF;TF;Gene;miRNA
AR,VEGFA,AR;MYC;VEGFA;hsa-miR-20b,TF;TF;Gene;miRNA
HDAC4,VEGFA,AR;HDAC4;HIF1A;VEGFA,TF;TF;TF;Gene
AR,VEGFA,AR;TP53;VEGFA;hsa-miR-29a,TF;TF;Gene;miRNA
AR,VEGFA,AR;KLF5;VEGFA;hsa-miR-200c,TF;TF;Gene;miRNA
hsa-miR-19b,hsa-miR-21,AR;SPI1;hsa-miR-19b;hsa-miR-21,TF;TF;miRNA;miRNA
AR,hsa-miR-21,AR;EP300;REL;hsa-miR-21,TF;TF;TF;miRNA
hsa-miR-19b,HRK,AR;HRK;hsa-miR-19b;hsa-miR-21,TF;Gene;miRNA;miRNA
AR,VIM,AR;SOX2;VIM;hsa-miR-21,TF;TF;Gene;miRNA
AR,SMAD7,AR;SMAD7;hsa-miR-182;hsa-miR-21,TF;Gene;miRNA;miRNA
ETS1,hsa-miR-21,AR;EGR1;ETS1;hsa-miR-21,TF;TF;TF;miRNA
FOXO3,hsa-miR-21,AR;FOXO3;TCF7L2;hsa-miR-21,TF;TF;TF;miRNA
AR,CDH11,AR;BRCA1;CDH11;hsa-miR-205,TF;TF;Gene;miRNA
E2F1,BRCA1,AR;BRCA1;E2F1;HMGA1,TF;TF;TF;TF
AR,FBXO32,AR;FBXO32;hsa-let-7c;hsa-miR-19a,TF;Gene;miRNA;miRNA
AR,hsa-let-7c,AR;CREBBP;EZH2;hsa-let-7c,TF;TF;TF;miRNA
AR,CCND2,AR;CCND2;hsa-let-7c;hsa-miR-145,TF;Gene;miRNA;miRNA
AR,UGCG,AR;UGCG;hsa-let-7a;hsa-let-7c,TF;Gene;miRNA;miRNA
LEF1,CEBPA,AR;CEBPA;LEF1;hsa-miR-101,TF;TF;TF;miRNA
AR,SMAD3,AR;FOS;SMAD3;hsa-miR-101,TF;TF;TF;miRNA
AR,SEMA6A,AR;SEMA6A;hsa-miR-101;hsa-miR-216a,TF;Gene;miRNA;miRNA
AR,F3,AR;F3;hsa-miR-20a;hsa-miR-27a,TF;Gene;miRNA;miRNA
AR,hsa-miR-27a,AR;MYC;MYCN;hsa-miR-27a,TF;TF;TF;miRNA
AR,FBXO32,AR;FBXO32;hsa-miR-19a;hsa-miR-27a,TF;Gene;miRNA;miRNA
AR,TGFBR2,AR;TGFBR2;hsa-miR-19a;hsa-miR-27a,TF;Gene;miRNA;miRNA
AR,CD2AP,AR;CD2AP;hsa-miR-182;hsa-miR-27a,TF;Gene;miRNA;miRNA
SP1,SNAP25,AR;SNAP25;SP1;hsa-miR-27a,TF;Gene;TF;miRNA
EGR1,TGFBR2,AR;EGR1;TGFBR2;hsa-miR-27a,TF;TF;Gene;miRNA
AR,hsa-miR-27a,AR;EZH2;TWIST1;hsa-miR-27a,TF;TF;TF;miRNA
HIF1A,hsa-miR-27a,AR;HIF1A;MYC;hsa-miR-27a,TF;TF;TF;miRNA
AR,HOXA10,AR;HOXA10;hsa-miR-216a;hsa-miR-27a,TF;TF;miRNA;miRNA
AR,MET,AR;MET;hsa-miR-182;hsa-miR-27a,TF;Gene;miRNA;miRNA
AR,HBEGF,AR;HBEGF;hsa-miR-182;hsa-miR-27a,TF;Gene;miRNA;miRNA
YBX1,hsa-miR-20a,AR;MYCN;YBX1;hsa-miR-20a,TF;TF;TF;miRNA
AR,SMAD7,AR;SMAD3;SMAD7;hsa-miR-20a,TF;TF;Gene;miRNA
AR,F3,AR;F3;hsa-miR-20a;hsa-miR-216a,TF;Gene;miRNA;miRNA
EGR1,hsa-miR-20a,AR;EGR1;HIF1A;hsa-miR-20a,TF;TF;TF;miRNA
FOXO3,CCND2,AR;CCND2;FOXO3;hsa-miR-20a,TF;Gene;TF;miRNA
E2F1,THBS1,AR;E2F1;THBS1;hsa-miR-19a,TF;TF;Gene;miRNA
E2F1,SMAD3,AR;E2F1;EP300;SMAD3,TF;TF;TF;TF
E2F1,hsa-miR-23b,AR;E2F1;MYC;hsa-miR-23b,TF;TF;TF;miRNA
E2F1,VIM,AR;E2F1;ETV4;VIM,TF;TF;TF;Gene
E2F1,CDCA7,AR;CDCA7;E2F1;hsa-miR-17,TF;Gene;TF;miRNA
E2F1,SERPINE1,AR;E2F1;SERPINE1;hsa-miR-145,TF;TF;Gene;miRNA
hsa-miR-19b,FURIN,AR;FURIN;hsa-miR-133b;hsa-miR-19b,TF;Gene;miRNA;miRNA
AR,CTGF,AR;CTGF;hsa-miR-133b;hsa-miR-18a,TF;Gene;miRNA;miRNA
EGR1,FAS,AR;EGR1;FAS;hsa-miR-19a,TF;TF;Gene;miRNA
EGR1,hsa-miR-23a,AR;EGR1;EZH2;hsa-miR-23a,TF;TF;TF;miRNA
EGR1,VIM,AR;EGR1;VIM;hsa-miR-30c,TF;TF;Gene;miRNA
EGR1,TGFBR2,AR;EGR1;TGFBR2;hsa-miR-216a,TF;TF;Gene;miRNA
EGR1,AR,AR;EGR1;FOS;RUNX2,TF;TF;TF;TF
AR,THBS1,AR;THBS1;hsa-let-7a;hsa-miR-539,TF;Gene;miRNA;miRNA
AR,DKK3,AR;DKK3;hsa-let-7a;hsa-miR-19a,TF;Gene;miRNA;miRNA
hsa-miR-19b,POU3F2,AR;POU3F2;hsa-miR-190a;hsa-miR-19b,TF;Gene;miRNA;miRNA
SP1,CCND2,AR;CCND2;SP1;hsa-miR-190a,TF;Gene;TF;miRNA
hsa-miR-1,MYOD1,AR;CREBBP;MYOD1;hsa-miR-1,TF;TF;TF;miRNA
hsa-miR-1,GJA1,AR;GJA1;hsa-miR-1;hsa-miR-19a,TF;Gene;miRNA;miRNA
hsa-miR-1,GJA1,AR;GJA1;hsa-miR-1;hsa-miR-17,TF;Gene;miRNA;miRNA
hsa-miR-1,AXL,AR;AXL;hsa-miR-1;hsa-miR-32,TF;Gene;miRNA;miRNA
hsa-miR-1,TP53,AR;SNAI2;TP53;hsa-miR-1,TF;TF;TF;miRNA
hsa-miR-1,THBS1,AR;THBS1;TP53;hsa-miR-1,TF;Gene;TF;miRNA
AR,hsa-miR-182,AR;EP300;MYOD1;hsa-miR-182,TF;TF;TF;miRNA
AR,SKIL,AR;SKIL;hsa-miR-182;hsa-miR-19a,TF;Gene;miRNA;miRNA
YBX1,hsa-miR-182,AR;MYCN;YBX1;hsa-miR-182,TF;TF;TF;miRNA
AR,FBN1,AR;FBN1;hsa-miR-182;hsa-miR-32,TF;Gene;miRNA;miRNA
AR,THBS1,AR;THBS1;TP53;hsa-miR-539,TF;Gene;TF;miRNA
AR,FURIN,AR;FURIN;hsa-miR-19a;hsa-miR-216a,TF;Gene;miRNA;miRNA
AR,YY1,AR;EP300;EZH2;YY1,TF;TF;TF;TF
AR,NOTCH1,AR;EP300;NOTCH1;hsa-miR-32,TF;TF;Gene;miRNA
AR,IL6,AR;EP300;FN1;IL6,TF;TF;Gene;Gene
AR,VCAM1,AR;EP300;FN1;VCAM1,TF;TF;Gene;Gene
AR,hsa-miR-92a,AR;EP300;RUNX1;hsa-miR-92a,TF;TF;TF;miRNA
AR,hsa-miR-145,AR;EP300;SMAD3;hsa-miR-145,TF;TF;TF;miRNA
hsa-miR-125b,AR,AR;HIF1A;MITF;hsa-miR-125b,TF;TF;TF;miRNA
hsa-miR-125b,MAP3K1,AR;MAP3K1;hsa-miR-125b;hsa-miR-145,TF;Gene;miRNA;miRNA
SP1,AR,AR;SP1;YBX1;hsa-miR-29b,TF;TF;TF;miRNA
YBX1,AR,AR;MYCN;YBX1;hsa-miR-19b,TF;TF;TF;miRNA
YBX1,MYCN,AR;EZH2;MYCN;YBX1,TF;TF;TF;TF
YBX1,hsa-miR-92a,AR;MYCN;YBX1;hsa-miR-92a,TF;TF;TF;miRNA
LEF1,SNAI2,AR;LEF1;SNAI2;TCF7L2,TF;TF;TF;TF
hsa-miR-19b,DKK3,AR;DKK3;hsa-miR-19b;hsa-miR-32,TF;Gene;miRNA;miRNA
hsa-miR-19b,AR,AR;FBXO32;FOXO3;hsa-miR-19b,TF;Gene;TF;miRNA
hsa-miR-19b,AR,AR;FOXM1;SP1;hsa-miR-19b,TF;TF;TF;miRNA
hsa-miR-19b,PMEPA1,AR;PMEPA1;SP1;hsa-miR-19b,TF;Gene;TF;miRNA
hsa-miR-19b,TGFBR2,AR;TGFBR2;hsa-miR-19b;hsa-miR-216a,TF;Gene;miRNA;miRNA
AR,FN1,AR;CEBPA;FN1;hsa-miR-32,TF;TF;Gene;miRNA
AR,ITGA5,AR;ITGA5;hsa-miR-216a;hsa-miR-32,TF;Gene;miRNA;miRNA
RUNX2,TP53,AR;RUNX2;SNAI2;TP53,TF;TF;TF;TF
SP1,PMEPA1,AR;PMEPA1;SP1;hsa-miR-92a,TF;Gene;TF;miRNA
HIF1A,hsa-miR-92a,AR;HIF1A;RUNX1;hsa-miR-92a,TF;TF;TF;miRNA
AR,PMEPA1,AR;PMEPA1;SMAD3;hsa-miR-92a,TF;Gene;TF;miRNA
FOXM1,hsa-miR-429,AR;EZH2;FOXM1;hsa-miR-429,TF;TF;TF;miRNA
FOXM1,hsa-miR-200a,AR;FOXM1;SMAD3;hsa-miR-200a,TF;TF;TF;miRNA
AR,FN1,AR;FN1;KLF5;hsa-miR-200c,TF;Gene;TF;miRNA
AR,CDH11,AR;CDH11;KLF5;hsa-miR-429,TF;Gene;TF;miRNA
AR,hsa-miR-200b,AR;KLF5;SMAD3;hsa-miR-200b,TF;TF;TF;miRNA
SP1,hsa-miR-200a,AR;KLF5;SP1;hsa-miR-200a,TF;TF;TF;miRNA
SP1,CAV1,AR;CAV1;SP1;TP53,TF;Gene;TF;TF
SP1,hsa-miR-17,AR;SP1;TP53;hsa-miR-17,TF;TF;TF;miRNA
SP1,FAS,AR;FAS;SP1;TP53,TF;Gene;TF;TF
AR,MMP2,AR;MMP2;TP53;hsa-miR-17,TF;Gene;TF;miRNA
AR,PMEPA1,AR;PMEPA1;TP53;hsa-miR-194,TF;Gene;TF;miRNA
SOX9,hsa-miR-140,AR;SMAD3;SOX9;hsa-miR-140,TF;TF;TF;miRNA
SP1,hsa-miR-18a,AR;SOX9;SP1;hsa-miR-18a,TF;TF;TF;miRNA
FOXO3,hsa-let-7b,AR;FOXO3;MYC;hsa-let-7b,TF;TF;TF;miRNA
FOXO3,hsa-miR-34a,AR;EZH2;FOXO3;hsa-miR-34a,TF;TF;TF;miRNA
FOXO3,CCND2,AR;CCND2;FOXO3;hsa-miR-17,TF;Gene;TF;miRNA
SMAD4,hsa-miR-145,AR;SMAD4;SP1;hsa-miR-145,TF;TF;TF;miRNA
HIF1A,VIM,AR;HIF1A;VIM;hsa-miR-30d,TF;TF;Gene;miRNA
AR,FN1,AR;EZH2;FN1;hsa-miR-217,TF;TF;Gene;miRNA
AR,MMP2,AR;EZH2;MMP2;hsa-miR-17,TF;TF;Gene;miRNA
HIF1A,hsa-miR-30d,AR;EZH2;HIF1A;hsa-miR-30d,TF;TF;TF;miRNA
HIF1A,hsa-miR-17,AR;HIF1A;SMAD3;hsa-miR-17,TF;TF;TF;miRNA
AR,hsa-miR-17,AR;CREBBP;SMAD3;hsa-miR-17,TF;TF;TF;miRNA
AR,hsa-miR-17,AR;MYC;NANOG;hsa-miR-17,TF;TF;TF;miRNA
HIF1A,MET,AR;HIF1A;MET;hsa-miR-216a,TF;TF;Gene;miRNA
AR,SEMA6A,AR;SEMA6A;hsa-miR-145;hsa-miR-216a,TF;Gene;miRNA;miRNA
HIF1A,hsa-miR-143,AR;HIF1A;SMAD3;hsa-miR-143,TF;TF;TF;miRNA
HIF1A,FN1,AR;FN1;HIF1A;TWIST1,TF;Gene;TF;TF
AR,CREBBP,AR;CITED2;CREBBP;hsa-miR-145,TF;Gene;TF;miRNA
AR,hsa-miR-145,AR;SMAD3;VDR;hsa-miR-145,TF;TF;TF;miRNA
AR,TGFB2,AR;SMAD3;TGFB2;hsa-miR-145,TF;TF;Gene;miRNA
ARNT,VEGFA,ARNT;VEGFA;VHL;hsa-miR-106b,TF;Gene;TF;miRNA
ARNT,BHLHE40,ARNT;BHLHE40;EPAS1;VHL,TF;Gene;TF;TF
ARNT,VEGFA,ARNT;EP300;KLF4;VEGFA,TF;TF;TF;Gene
ARNT,VEGFA,ARNT;JUN;RUNX2;VEGFA,TF;TF;TF;Gene
ARNT,STAT1,ARNT;ESR1;JUN;STAT1,TF;TF;TF;TF
ARNT,hsa-miR-21,ARNT;ESR1;JUN;hsa-miR-21,TF;TF;TF;miRNA
ARNT,hsa-miR-101,ARNT;ESR1;MYC;hsa-miR-101,TF;TF;TF;miRNA
ARNT,EPAS1,ARNT;EPAS1;ESR1;RELA,TF;TF;TF;TF
ARNT,hsa-miR-101,ARNT;EP300;EZH2;hsa-miR-101,TF;TF;TF;miRNA
ARNT,FOS,ARNT;FOS;TWIST1;hsa-miR-106b,TF;TF;TF;miRNA
ARNT,SMAD4,ARNT;CREBBP;FOS;SMAD4,TF;TF;TF;TF
ARNT,JUN,ARNT;CREBBP;IRF1;JUN,TF;TF;TF;TF
ARNT,OXTR,ARNT;FOS;JUN;OXTR,TF;TF;TF;Gene
ARNT,MAFB,ARNT;FOS;JUN;MAFB,TF;TF;TF;TF
ASCL1,DKK1,ASCL1;CREB1;DKK1;hsa-miR-302a,Gene;TF;Gene;miRNA
SP1,ID4,ASCL1;ID4;SP1;hsa-miR-22,Gene;Gene;TF;miRNA
SOX9,POU3F2,ASCL1;HES1;POU3F2;SOX9,Gene;TF;Gene;TF
hsa-miR-374a,WNT5A,ASCL1;DKK1;WNT5A;hsa-miR-374a,Gene;Gene;Gene;miRNA
HIF1A,ASPN,ASPN;HIF1A;SP1;hsa-miR-183,Gene;TF;TF;miRNA
hsa-miR-26a,ASPN,ASPN;STAT3;hsa-miR-26a;hsa-miR-92a,Gene;TF;miRNA;miRNA
EGR1,ASPN,ASPN;EGR1;hsa-miR-92b;hsa-miR-96,Gene;TF;miRNA;miRNA
hsa-miR-92b,ASPN,ASPN;CEBPA;hsa-miR-26a;hsa-miR-92b,Gene;TF;miRNA;miRNA
HIF1A,ASS1,ASS1;HIF1A;JUN;hsa-miR-320b,Gene;TF;TF;miRNA
JUN,ASS1,ASS1;JUN;MYC;hsa-miR-320b,Gene;TF;TF;miRNA
E2F1,ATF3,ATF3;E2F1;MYC;hsa-miR-27b,TF;TF;TF;miRNA
ATF3,MMP2,ATF3;CEBPB;MMP2;hsa-miR-20a,TF;TF;Gene;miRNA
ATF3,STAT3,ATF3;CEBPB;SMAD3;STAT3,TF;TF;TF;TF
ATF3,SMAD3,ATF3;CEBPB;FOXO1;SMAD3,TF;TF;TF;TF
KLF4,hsa-miR-21,ATF3;FOS;KLF4;hsa-miR-21,TF;TF;TF;miRNA
KLF4,THBD,ATF3;KLF4;THBD;hsa-miR-590,TF;TF;Gene;miRNA
CTNNB1,ATF3,ATF3;CTNNB1;KLF4;NFKB1,TF;TF;TF;TF
hsa-miR-27a,JUND,ATF3;FOSB;JUND;hsa-miR-27a,TF;Gene;TF;miRNA
EGR1,FOSB,ATF3;EGR1;EGR2;FOSB,TF;TF;TF;Gene
EGR1,JUND,ATF3;EGR1;FOSB;JUND,TF;TF;Gene;TF
EGR1,FOSB,ATF3;EGR1;FOS;FOSB,TF;TF;TF;Gene
MYC,FOSB,ATF3;FOSB;MYC;hsa-miR-148a,TF;Gene;TF;miRNA
CTNNB1,ATF3,ATF3;CTNNB1;NFKB1;hsa-miR-199a,TF;TF;TF;miRNA
hsa-miR-199a,SPI1,ATF3;FOS;SPI1;hsa-miR-199a,TF;TF;TF;miRNA
EZH2,HDAC1,ATF3;EZH2;HDAC1;hsa-miR-27a,TF;TF;TF;miRNA
hsa-miR-494,FGF7,ATF3;FGF7;hsa-miR-494;hsa-miR-590,TF;Gene;miRNA;miRNA
ATF3,FOS,ATF3;FOS;HDAC1;RB1,TF;TF;TF;TF
ATF3,SMAD3,ATF3;HDAC1;LEF1;SMAD3,TF;TF;TF;TF
ATF3,SMAD7,ATF3;FOS;HDAC1;SMAD7,TF;TF;TF;Gene
EGR1,IL6,ATF3;EGR1;IL6;JUND,TF;TF;Gene;TF
EGR1,JUND,ATF3;EGR1;FOS;JUND,TF;TF;TF;TF
ATF3,ID1,ATF3;ID1;SMAD3;hsa-miR-29b,TF;Gene;TF;miRNA
ATF3,SMAD3,ATF3;FOS;RELA;SMAD3,TF;TF;TF;TF
NFKB1,VEGFA,ATF3;NFKB1;SMAD3;VEGFA,TF;TF;TF;Gene
NFKB1,CCND2,ATF3;CCND2;NFKB1;SMAD3,TF;Gene;TF;TF
ATF4,CHAC1,ATF4;CHAC1;CREB1;hsa-miR-15b,TF;Gene;TF;miRNA
ATF4,hsa-miR-106b,ATF4;CEBPB;JUN;hsa-miR-106b,TF;TF;TF;miRNA
ATF4,hsa-miR-25,ATF4;EP300;JUN;hsa-miR-25,TF;TF;TF;miRNA
HDAC4,VEGFA,ATF4;HDAC4;VEGFA;hsa-miR-429,TF;TF;Gene;miRNA
ATF4,VEGFA,ATF4;EP300;ESR1;VEGFA,TF;TF;TF;Gene
ATF4,VEGFA,ATF4;CREBBP;JUN;VEGFA,TF;TF;TF;Gene
ATF4,VEGFA,ATF4;ESR1;VEGFA;XBP1,TF;TF;Gene;TF
ATF4,VEGFA,ATF4;CREBBP;ESR1;VEGFA,TF;TF;TF;Gene
hsa-miR-29b,HRK,ATF4;HDAC4;HRK;hsa-miR-29b,TF;TF;Gene;miRNA
ATF4,VCAM1,ATF4;CCL2;EP300;VCAM1,TF;Gene;TF;Gene
HDAC4,IL6,ATF4;HDAC4;IL6;KLF4,TF;TF;Gene;TF
ATF4,SMAD7,ATF4;JUN;SMAD7;hsa-miR-93,TF;TF;Gene;miRNA
ATF4,F3,ATF4;F3;JUN;hsa-miR-93,TF;Gene;TF;miRNA
ATF4,hsa-miR-93,ATF4;JUN;MYC;hsa-miR-93,TF;TF;TF;miRNA
HDAC4,hsa-miR-93,ATF4;HDAC4;JUN;hsa-miR-93,TF;TF;TF;miRNA
ATF4,MAP3K1,ATF4;JUN;MAP3K1;hsa-miR-93,TF;TF;Gene;miRNA
ATF4,SIRT1,ATF4;CREBBP;FOXO1;SIRT1,TF;TF;TF;TF
ATF4,RARA,ATF4;CREBBP;JUN;RARA,TF;TF;TF;TF
ATF4,DDIT3,ATF4;CREBBP;DDIT3;STAT3,TF;TF;TF;TF
ATF4,STAT3,ATF4;EP300;JUN;STAT3,TF;TF;TF;TF
hsa-miR-9,SHC1,AXL;EZH2;SHC1;hsa-miR-9,Gene;TF;Gene;miRNA
NANOG,AXL,AXL;NANOG;hsa-miR-367;hsa-miR-92a,Gene;TF;miRNA;miRNA
hsa-miR-92a,AXL,AXL;MITF;hsa-miR-92a;hsa-miR-92b,Gene;TF;miRNA;miRNA
E2F1,AXL,AXL;E2F1;hsa-miR-34c;hsa-miR-92a,Gene;TF;miRNA;miRNA
E2F1,BACE1,BACE1;E2F1;hsa-miR-16;hsa-miR-19b,Gene;TF;miRNA;miRNA
NFKB1,BACE1,BACE1;NFKB1;hsa-miR-16;hsa-miR-340,Gene;TF;miRNA;miRNA
MYC,BACE1,BACE1;MYC;hsa-miR-16;hsa-miR-9,Gene;TF;miRNA;miRNA
E2F1,BACE1,BACE1;E2F1;hsa-miR-195;hsa-miR-203,Gene;TF;miRNA;miRNA
ZEB2,BACE1,BACE1;ZEB2;hsa-miR-141;hsa-miR-203,Gene;TF;miRNA;miRNA
NFKB1,BACE1,BACE1;NFKB1;SNAI1;hsa-miR-203,Gene;TF;TF;miRNA
hsa-miR-655,BACE1,BACE1;CEBPA;hsa-miR-29b;hsa-miR-655,Gene;TF;miRNA;miRNA
hsa-miR-29b,BACE1,BACE1;STAT3;hsa-miR-19a;hsa-miR-29b,Gene;TF;miRNA;miRNA
SMAD3,BACE1,BACE1;SMAD3;hsa-miR-200a;hsa-miR-29b,Gene;TF;miRNA;miRNA
RELA,BACE1,BACE1;MYC;RELA;hsa-miR-29b,Gene;TF;TF;miRNA
hsa-miR-212,BACE1,BACE1;IRF1;hsa-miR-212;hsa-miR-29b,Gene;TF;miRNA;miRNA
hsa-miR-7,BACE1,BACE1;MYC;hsa-miR-7;hsa-miR-9,Gene;TF;miRNA;miRNA
ESR1,BACE1,BACE1;ESR1;hsa-miR-19a;hsa-miR-7,Gene;TF;miRNA;miRNA
E2F1,BACE1,BACE1;E2F1;hsa-miR-19b;hsa-miR-7,Gene;TF;miRNA;miRNA
RELA,BACE1,BACE1;E2F1;RELA;hsa-miR-7,Gene;TF;TF;miRNA
hsa-miR-7,BACE1,BACE1;SOX2;hsa-miR-141;hsa-miR-7,Gene;TF;miRNA;miRNA
E2F3,BACE1,BACE1;E2F3;hsa-miR-27b;hsa-miR-7,Gene;TF;miRNA;miRNA
E2F3,BACE1,BACE1;E2F3;hsa-miR-195;hsa-miR-7,Gene;TF;miRNA;miRNA
hsa-miR-7,BACE1,BACE1;MYC;hsa-miR-497;hsa-miR-7,Gene;TF;miRNA;miRNA
HIF1A,BACE1,BACE1;HIF1A;hsa-miR-24;hsa-miR-382,Gene;TF;miRNA;miRNA
YY1,BACE1,BACE1;TFAP2A;YY1;hsa-miR-29a,Gene;TF;TF;miRNA
MYC,BACE1,BACE1;MYC;TFAP2A;hsa-miR-497,Gene;TF;TF;miRNA
GATA1,BACE1,BACE1;CEBPA;GATA1;hsa-miR-29a,Gene;TF;TF;miRNA
E2F1,BACE1,BACE1;E2F1;hsa-miR-195;hsa-miR-29a,Gene;TF;miRNA;miRNA
NFKB1,BACE1,BACE1;NFKB1;hsa-miR-29a;hsa-miR-29c,Gene;TF;miRNA;miRNA
hsa-miR-19b,BACE1,BACE1;STAT3;hsa-miR-19b;hsa-miR-29a,Gene;TF;miRNA;miRNA
RELA,BACE1,BACE1;RELA;hsa-let-7e;hsa-miR-29a,Gene;TF;miRNA;miRNA
HIF1A,BACE1,BACE1;HIF1A;hsa-miR-27a;hsa-miR-497,Gene;TF;miRNA;miRNA
HIF1A,BACE1,BACE1;HIF1A;hsa-miR-27a;hsa-miR-424,Gene;TF;miRNA;miRNA
TWIST1,BACE1,BACE1;TWIST1;hsa-miR-200a;hsa-miR-27a,Gene;TF;miRNA;miRNA
MYC,BACE1,BACE1;MYC;hsa-miR-141;hsa-miR-27a,Gene;TF;miRNA;miRNA
RELA,BACE1,BACE1;MYC;RELA;hsa-miR-27a,Gene;TF;TF;miRNA
E2F3,BACE1,BACE1;E2F3;hsa-miR-15a;hsa-miR-15b,Gene;TF;miRNA;miRNA
TP53,BACE1,BACE1;TP53;hsa-miR-15b;hsa-miR-200a,Gene;TF;miRNA;miRNA
hsa-miR-340,BACE1,BACE1;EPAS1;hsa-miR-29c;hsa-miR-340,Gene;TF;miRNA;miRNA
ZEB2,BACE1,BACE1;ZEB2;hsa-miR-141;hsa-miR-200a,Gene;TF;miRNA;miRNA
MYB,BACE1,BACE1;MYB;hsa-miR-141;hsa-miR-15a,Gene;TF;miRNA;miRNA
MYC,BACE1,BACE1;MYC;hsa-miR-141;hsa-miR-29c,Gene;TF;miRNA;miRNA
TWIST1,BACE1,BACE1;TWIST1;hsa-miR-141;hsa-miR-200a,Gene;TF;miRNA;miRNA
RELA,BACE1,BACE1;RELA;TWIST1;hsa-miR-141,Gene;TF;TF;miRNA
KLF5,BACE1,BACE1;KLF5;hsa-miR-141;hsa-miR-200a,Gene;TF;miRNA;miRNA
hsa-miR-24,BACE1,BACE1;SP1;hsa-miR-141;hsa-miR-24,Gene;TF;miRNA;miRNA
MYB,BACE1,BACE1;MYB;hsa-miR-141;hsa-miR-200a,Gene;TF;miRNA;miRNA
ESR1,BACE1,BACE1;ESR1;hsa-miR-140;hsa-miR-19a,Gene;TF;miRNA;miRNA
ESR1,BACE1,BACE1;ESR1;hsa-miR-19b;hsa-miR-497,Gene;TF;miRNA;miRNA
MYC,BACE1,BACE1;MYC;hsa-miR-15a;hsa-miR-497,Gene;TF;miRNA;miRNA
RELA,BACE1,BACE1;MYC;RELA;hsa-miR-497,Gene;TF;TF;miRNA
MYCN,BACE1,BACE1;MYCN;hsa-miR-19a;hsa-miR-27b,Gene;TF;miRNA;miRNA
SMAD3,BACE1,BACE1;SMAD3;SP1;hsa-miR-19a,Gene;TF;TF;miRNA
MYC,BACE1,BACE1;GATA1;MYC;hsa-miR-19a,Gene;TF;TF;miRNA
hsa-miR-24,BACE1,BACE1;RELA;hsa-miR-19a;hsa-miR-24,Gene;TF;miRNA;miRNA
RELA,BACE1,BACE1;EPAS1;RELA;hsa-miR-29c,Gene;TF;TF;miRNA
hsa-miR-24,BACE1,BACE1;RELA;hsa-miR-24;hsa-miR-29c,Gene;TF;miRNA;miRNA
HIF1A,BACE1,BACE1;HIF1A;hsa-miR-24;hsa-miR-29c,Gene;TF;miRNA;miRNA
MYCN,BACE1,BACE1;MYCN;hsa-miR-124;hsa-miR-19b,Gene;TF;miRNA;miRNA
hsa-miR-19b,BACE1,BACE1;CEBPB;hsa-miR-19b;hsa-miR-424,Gene;TF;miRNA;miRNA
ESR2,BACE1,BACE1;ESR2;SP1;hsa-miR-27b,Gene;TF;TF;miRNA
hsa-miR-212,BACE1,BACE1;MYD88;NFKB1;hsa-miR-212,Gene;Gene;TF;miRNA
hsa-miR-24,BACE1,BACE1;EGR1;hsa-miR-212;hsa-miR-24,Gene;TF;miRNA;miRNA
HDAC1,BACE1,BACE1;HDAC1;SP1;hsa-miR-424,Gene;TF;TF;miRNA
HIF1A,BACE1,BACE1;HIF1A;SP1;hsa-miR-424,Gene;TF;TF;miRNA
SMAD3,BACE1,BACE1;SMAD3;hsa-miR-200a;hsa-miR-424,Gene;TF;miRNA;miRNA
EP300,BACE1,BACE1;EP300;GATA1;SP1,Gene;TF;TF;TF
hsa-miR-24,BACE1,BACE1;SP1;hsa-miR-195;hsa-miR-24,Gene;TF;miRNA;miRNA
ZEB2,BACE1,BACE1;ZEB2;hsa-miR-128;hsa-miR-200a,Gene;TF;miRNA;miRNA
hsa-miR-24,BACE1,BACE1;NFKB1;RUNX1;hsa-miR-24,Gene;TF;TF;miRNA
hsa-miR-369,BACE1,BACE1;CEBPB;NFKB1;hsa-miR-369,Gene;TF;TF;miRNA
JUN,BCL2L1,BCL2L1;JUN;RELA;hsa-miR-7,Gene;TF;TF;miRNA
RELA,CTSB,BCL2L1;CTSB;RELA;hsa-miR-183,Gene;Gene;TF;miRNA
RELA,CTSB,BCL2L1;CTSB;RELA;hsa-let-7e,Gene;Gene;TF;miRNA
JUN,BCL2L1,BCL2L1;JUN;STAT1;STAT5A,Gene;TF;TF;Gene
STAT5A,BCL2L1,BCL2L1;ESR1;STAT5A;hsa-let-7c,Gene;TF;Gene;miRNA
JUN,VDR,BCL2L1;JUN;TP73;VDR,Gene;TF;TF;TF
NFKB1,TP73,BCL2L1;NFKB1;SIRT1;TP73,Gene;TF;TF;TF
JUN,hsa-miR-200b,BCL2L1;JUN;TP73;hsa-miR-200b,Gene;TF;TF;miRNA
FOS,TP73,BCL2L1;FOS;MYC;TP73,Gene;TF;TF;TF
CEBPB,TP73,BCL2L1;CEBPB;MYC;TP73,Gene;TF;TF;TF
ESR1,BCL2L1,BCL2L1;ESR1;JUN;NFKB1,Gene;TF;TF;TF
EGR1,BCL2L1,BCL2L1;EGR1;JUN;PPARG,Gene;TF;TF;TF
JUN,BCL2L1,BCL2L1;JUN;NFKB1;PPARG,Gene;TF;TF;TF
CREBBP,BCL2L1,BCL2L1;CREBBP;JUN;NFKB1,Gene;TF;TF;TF
hsa-miR-29c,BCL2L1,BCL2L1;FOS;hsa-let-7e;hsa-miR-29c,Gene;TF;miRNA;miRNA
BCL6,BCL2L1,BCL2L1;BCL6;FOS;HDAC1,Gene;TF;TF;TF
FOS,BCL2L1,BCL2L1;FOS;MYC;hsa-let-7i,Gene;TF;TF;miRNA
BCL6,BCL2L1,BCL2L1;BCL6;MYC;hsa-let-7e,Gene;TF;TF;miRNA
CEBPB,BCL2L1,BCL2L1;CEBPB;PPARG;RELA,Gene;TF;TF;TF
CEBPB,BCL2L1,BCL2L1;CEBPB;PPARG;hsa-miR-142,Gene;TF;TF;miRNA
hsa-miR-29b,HRK,BCL2L1;HRK;hsa-let-7e;hsa-miR-29b,Gene;Gene;miRNA;miRNA
RELA,HRK,BCL2L1;HRK;RELA;hsa-miR-21,Gene;Gene;TF;miRNA
NFKB1,HRK,BCL2L1;HRK;NFKB1;hsa-miR-29a,Gene;Gene;TF;miRNA
EGR1,BCL2L1,BCL2L1;EGR1;PPARG;hsa-miR-142,Gene;TF;TF;miRNA
PPARG,BCL2L1,BCL2L1;PPARG;SP1;hsa-miR-142,Gene;TF;TF;miRNA
CREBBP,BCL2L1,BCL2L1;CREBBP;PPARG;RELA,Gene;TF;TF;TF
BCL6,TP53,BCL6;NCOR1;SNAI2;TP53,TF;TF;TF;TF
BCL6,NFKB1,BCL6;NFKB1;PAX5;RUNX1,TF;TF;TF;TF
EP300,NCOR1,BCL6;EP300;NCOR1;STAT5A,TF;TF;TF;Gene
BCL6,TBX21,BCL6;HDAC4;TBX21;hsa-miR-29a,TF;TF;Gene;miRNA
BCL6,MYC,BCL6;MYC;NCOR1;SIRT1,TF;TF;TF;TF
BCL6,ZBTB16,BCL6;HDAC4;NCOR1;ZBTB16,TF;TF;TF;TF
FOXO3,hsa-miR-361,BCL6;FOXO3;HIF1A;hsa-miR-361,TF;TF;TF;miRNA
BCL6,VEGFA,BCL6;MYC;VEGFA;hsa-miR-361,TF;TF;Gene;miRNA
BCL6,MYC,BCL6;HDAC1;MYC;RB1,TF;TF;TF;TF
SPI1,hsa-miR-424,BCL6;HDAC1;SPI1;hsa-miR-424,TF;TF;TF;miRNA
BCL6,CCND2,BCL6;CCND2;HDAC1;hsa-miR-124,TF;Gene;TF;miRNA
CTCF,POU5F1,BCL6;CTCF;MYC;POU5F1,TF;TF;TF;TF
CTCF,TERT,BCL6;CTCF;MYC;TERT,TF;TF;TF;Gene
CTCF,BCL6,BCL6;CTCF;EP300;SPI1,TF;TF;TF;TF
SPI1,hsa-miR-18a,BCL6;MYC;SPI1;hsa-miR-18a,TF;TF;TF;miRNA
SPI1,MME,BCL6;MME;MYC;SPI1,TF;Gene;TF;TF
BCL6,CCND2,BCL6;CCND2;MYC;hsa-let-7f,TF;Gene;TF;miRNA
SPI1,CCND2,BCL6;CCND2;SPI1;hsa-miR-19a,TF;Gene;TF;miRNA
SPI1,CCND2,BCL6;CCND2;SPI1;hsa-miR-424,TF;Gene;TF;miRNA
BCL6,CCND2,BCL6;CCND2;HDAC4;hsa-miR-200a,TF;Gene;TF;miRNA
BCL6,hsa-miR-155,BCL6;HDAC4;YY1;hsa-miR-155,TF;TF;TF;miRNA
BCL6,hsa-miR-155,BCL6;IRF1;NFKB1;hsa-miR-155,TF;TF;TF;miRNA
IRF1,hsa-miR-155,BCL6;IRF1;SPI1;hsa-miR-155,TF;TF;TF;miRNA
JUN,NFKB1,BCL6;JUN;NFKB1;SPI1,TF;TF;TF;TF
hsa-miR-16,BDNF,BDNF;TP53;hsa-miR-107;hsa-miR-16,Gene;TF;miRNA;miRNA
EGR1,BDNF,BDNF;EGR1;hsa-miR-30a;hsa-miR-30e,Gene;TF;miRNA;miRNA
HDAC2,MECP2,BDNF;HDAC2;MECP2;hsa-miR-182,Gene;TF;TF;miRNA
hsa-miR-1,BDNF,BDNF;KLF4;hsa-miR-1;hsa-miR-134,Gene;TF;miRNA;miRNA
HIF1A,BDNF,BDNF;HIF1A;hsa-miR-107;hsa-miR-497,Gene;TF;miRNA;miRNA
hsa-miR-361,BDNF,BDNF;TWIST1;hsa-miR-10a;hsa-miR-361,Gene;TF;miRNA;miRNA
TP53,BDNF,BDNF;TP53;hsa-miR-155;hsa-miR-15b,Gene;TF;miRNA;miRNA
EGR1,BDNF,BDNF;EGR1;hsa-miR-10a;hsa-miR-30c,Gene;TF;miRNA;miRNA
hsa-miR-30c,BDNF,BDNF;STAT3;hsa-miR-15a;hsa-miR-30c,Gene;TF;miRNA;miRNA
TP53,BDNF,BDNF;TP53;hsa-miR-15a;hsa-miR-300,Gene;TF;miRNA;miRNA
TP53,BDNF,BDNF;TP53;hsa-miR-191;hsa-miR-210,Gene;TF;miRNA;miRNA
HIF1A,BDNF,BDNF;HIF1A;hsa-miR-191;hsa-miR-497,Gene;TF;miRNA;miRNA
SOX2,BDNF,BDNF;SOX2;hsa-miR-182;hsa-miR-424,Gene;TF;miRNA;miRNA
LEF1,BDNF,BDNF;LEF1;hsa-miR-182;hsa-miR-30e,Gene;TF;miRNA;miRNA
HIF1A,BDNF,BDNF;HIF1A;hsa-miR-103;hsa-miR-182,Gene;TF;miRNA;miRNA
ETS1,BDNF,BDNF;ETS1;hsa-miR-155;hsa-miR-182,Gene;TF;miRNA;miRNA
MYC,BDNF,BDNF;MYC;hsa-miR-195;hsa-miR-30d,Gene;TF;miRNA;miRNA
SMAD3,BDNF,BDNF;SMAD3;hsa-miR-424;hsa-miR-494,Gene;TF;miRNA;miRNA
NFKB1,BDNF,BDNF;NFKB1;hsa-miR-210;hsa-miR-424,Gene;TF;miRNA;miRNA
HIF1A,BDNF,BDNF;HIF1A;hsa-miR-103;hsa-miR-155,Gene;TF;miRNA;miRNA
HDAC2,BDNF,BDNF;HDAC2;hsa-miR-155;hsa-miR-424,Gene;TF;miRNA;miRNA
SPI1,BDNF,BDNF;SPI1;hsa-miR-155;hsa-miR-424,Gene;TF;miRNA;miRNA
POU5F1,BHLHE40,BHLHE40;POU5F1;hsa-miR-130a;hsa-miR-130b,Gene;TF;miRNA;miRNA
TP63,BHLHE40,BHLHE40;TP63;hsa-miR-130b;hsa-miR-374a,Gene;TF;miRNA;miRNA
hsa-miR-300,BHLHE40,BHLHE40;TWIST1;hsa-miR-200a;hsa-miR-300,Gene;TF;miRNA;miRNA
TP53,BHLHE40,BHLHE40;TP53;hsa-miR-141;hsa-miR-200a,Gene;TF;miRNA;miRNA
hsa-miR-454,BHLHE40,BHLHE40;POU5F1;hsa-miR-130a;hsa-miR-454,Gene;TF;miRNA;miRNA
BMI1,SUZ12,BMI1;BRCA1;HDAC2;SUZ12,TF;TF;TF;TF
BMI1,TERT,BMI1;BRCA1;HIF1A;TERT,TF;TF;TF;Gene
BMI1,hsa-miR-200b,BMI1;HDAC2;TP53;hsa-miR-200b,TF;TF;TF;miRNA
BMI1,hsa-miR-141,BMI1;HDAC2;TP53;hsa-miR-141,TF;TF;TF;miRNA
BMI1,hsa-miR-200c,BMI1;FOXM1;TP53;hsa-miR-200c,TF;TF;TF;miRNA
BMI1,TP53,BMI1;HDAC2;KLF4;TP53,TF;TF;TF;TF
BMI1,SMAD7,BMI1;SMAD7;YY1;hsa-miR-200c,TF;Gene;TF;miRNA
TWIST1,hsa-miR-10a,BMI1;TWIST1;YY1;hsa-miR-10a,TF;TF;TF;miRNA
E2F1,BMI1,BMI1;E2F1;MYB;MYC,TF;TF;TF;TF
E2F1,TERT,BMI1;E2F1;MYC;TERT,TF;TF;TF;Gene
BMI1,hsa-miR-31,BMI1;EZH2;SUZ12;hsa-miR-31,TF;TF;TF;miRNA
TWIST1,hsa-miR-141,BMI1;MYB;TWIST1;hsa-miR-141,TF;TF;TF;miRNA
MYC,CCND2,BMI1;CCND2;MYC;hsa-let-7i,TF;Gene;TF;miRNA
MYCN,BMI1,BMI1;MYCN;TWIST1;hsa-miR-363,TF;TF;TF;miRNA
MYCN,BMI1,BMI1;MYCN;TWIST1;hsa-miR-92a,TF;TF;TF;miRNA
MYC,BMI1,BMI1;MYC;TWIST1;hsa-miR-17,TF;TF;TF;miRNA
TWIST1,BMI1,BMI1;ESR1;MYC;TWIST1,TF;TF;TF;TF
ESR1,TERT,BMI1;ESR1;MYC;TERT,TF;TF;TF;Gene
RELA,BMI1,BMI1;MYC;RELA;TWIST1,TF;TF;TF;TF
DNMT1,BMP7,BMP7;DNMT1;hsa-miR-30a;hsa-miR-30c,Gene;TF;miRNA;miRNA
EGR1,BMP7,BMP7;EGR1;hsa-miR-30a;hsa-miR-32,Gene;TF;miRNA;miRNA
CEBPB,BMP7,BMP7;CEBPB;hsa-miR-542;hsa-miR-92a,Gene;TF;miRNA;miRNA
HDAC2,FST,BMP7;FST;HDAC2;hsa-miR-182,Gene;Gene;TF;miRNA
NFKB1,STAT1,BRCA1;NFKB1;STAT1;YY1,TF;TF;TF;TF
HMGA1,hsa-miR-29a,BRCA1;HMGA1;STAT1;hsa-miR-29a,TF;TF;TF;miRNA
JUN,VEGFA,BRCA1;JUN;VEGFA;hsa-miR-203,TF;TF;Gene;miRNA
BRCA1,VEGFA,BRCA1;HDAC2;KLF4;VEGFA,TF;TF;TF;Gene
JUN,VEGFA,BRCA1;JUN;VEGFA;hsa-miR-205,TF;TF;Gene;miRNA
BRCA1,VEGFA,BRCA1;EGR1;VEGFA;hsa-miR-205,TF;TF;Gene;miRNA
E2F1,VEGFA,BRCA1;E2F1;HMGA1;VEGFA,TF;TF;TF;Gene
E2F1,VEGFA,BRCA1;E2F1;VEGFA;hsa-miR-106a,TF;TF;Gene;miRNA
SP1,VEGFA,BRCA1;SP1;VEGFA;hsa-miR-429,TF;TF;Gene;miRNA
BRCA1,VEGFA,BRCA1;HDAC1;VEGFA;hsa-miR-429,TF;TF;Gene;miRNA
BRCA1,VEGFA,BRCA1;STAT3;VEGFA;hsa-miR-29c,TF;TF;Gene;miRNA
RUNX1,VEGFA,BRCA1;JUN;RUNX1;VEGFA,TF;TF;TF;Gene
JUN,VEGFA,BRCA1;JUN;RELA;VEGFA,TF;TF;TF;Gene
BRCA1,VEGFA,BRCA1;HDAC1;VEGFA;hsa-miR-424,TF;TF;Gene;miRNA
SP1,VEGFA,BRCA1;FOXM1;SP1;VEGFA,TF;TF;TF;Gene
SP1,VEGFA,BRCA1;ID4;SP1;VEGFA,TF;Gene;TF;Gene
BRCA1,VEGFA,BRCA1;MYC;VEGFA;hsa-miR-372,TF;TF;Gene;miRNA
JUN,BRCA1,BRCA1;JUN;NFKB1;YY1,TF;TF;TF;TF
BRCA1,SNAI1,BRCA1;HDAC1;HDAC2;SNAI1,TF;TF;TF;TF
BRCA1,IRF1,BRCA1;HDAC1;HDAC2;IRF1,TF;TF;TF;TF
BRCA1,FST,BRCA1;FST;MYC;hsa-miR-25,TF;Gene;TF;miRNA
hsa-miR-24,FST,BRCA1;FST;MEN1;hsa-miR-24,TF;Gene;TF;miRNA
CTNNB1,FST,BRCA1;CTNNB1;FST;JUN,TF;TF;Gene;TF
JUN,FST,BRCA1;FST;JUN;hsa-miR-144,TF;Gene;TF;miRNA
BRCA1,hsa-miR-205,BRCA1;EGR1;HIF1A;hsa-miR-205,TF;TF;TF;miRNA
RELA,hsa-miR-99b,BRCA1;E2F1;RELA;hsa-miR-99b,TF;TF;TF;miRNA
E2F1,BRCA1,BRCA1;E2F1;IRF3;JUN,TF;TF;TF;TF
E2F1,hsa-let-7a,BRCA1;E2F1;HIF1A;hsa-let-7a,TF;TF;TF;miRNA
E2F1,S100A2,BRCA1;E2F1;S100A2;hsa-miR-92a,TF;TF;Gene;miRNA
hsa-miR-24,EGR1,BRCA1;EGR1;MEN1;hsa-miR-24,TF;TF;TF;miRNA
CTNNB1,MYC,BRCA1;CTNNB1;MEN1;MYC,TF;TF;TF;TF
hsa-miR-24,BRCA1,BRCA1;MEN1;SP1;hsa-miR-24,TF;TF;TF;miRNA
BRCA1,hsa-miR-23a,BRCA1;EGR1;MYC;hsa-miR-23a,TF;TF;TF;miRNA
SP1,hsa-miR-152,BRCA1;EGR1;SP1;hsa-miR-152,TF;TF;TF;miRNA
BRCA1,MYC,BRCA1;EGR1;MYB;MYC,TF;TF;TF;TF
BRCA1,S100A2,BRCA1;EGR1;S100A2;hsa-miR-32,TF;TF;Gene;miRNA
CTCF,PAX6,BRCA1;CTCF;PAX6;SIRT1,TF;TF;TF;TF
CTCF,MYC,BRCA1;CTCF;MYC;SIRT1,TF;TF;TF;TF
NFKB1,SIRT1,BRCA1;CTCF;NFKB1;SIRT1,TF;TF;TF;TF
BRCA1,SIRT1,BRCA1;DDIT3;HDAC1;SIRT1,TF;TF;TF;TF
BRCA1,TERT,BRCA1;MYC;SIRT1;TERT,TF;TF;TF;Gene
HMGA1,hsa-miR-29a,BRCA1;HMGA1;STAT3;hsa-miR-29a,TF;TF;TF;miRNA
hsa-miR-101,FOS,BRCA1;FOS;HMGA1;hsa-miR-101,TF;TF;TF;miRNA
HMGA1,CD44,BRCA1;CD44;HDAC1;HMGA1,TF;Gene;TF;TF
JUN,hsa-miR-146a,BRCA1;JUN;RELA;hsa-miR-146a,TF;TF;TF;miRNA
BRCA1,DDIT3,BRCA1;DDIT3;IRF9;STAT3,TF;TF;Gene;TF
SP1,MYBL1,BRCA1;MYBL1;SP1;hsa-miR-146b,TF;Gene;TF;miRNA
BRCA1,HIF1A,BRCA1;CDH3;CTNNB1;HIF1A,TF;Gene;TF;TF
BRCA1,hsa-miR-34a,BRCA1;HDAC1;MYC;hsa-miR-34a,TF;TF;TF;miRNA
BRCA1,hsa-miR-155,BRCA1;HIF1A;SMAD3;hsa-miR-155,TF;TF;TF;miRNA
MYCN,CACNA1H,CACNA1H;MYCN;hsa-miR-25;hsa-miR-363,Gene;TF;miRNA;miRNA
MYCN,CACNA1H,CACNA1H;MYCN;hsa-miR-363;hsa-miR-92b,Gene;TF;miRNA;miRNA
CAV1,ITGB1,CAV1;CD44;CTNNB1;ITGB1,Gene;Gene;TF;Gene
CAV1,TLR4,CAV1;ESR1;TLR4;hsa-miR-140,Gene;TF;Gene;miRNA
hsa-miR-199a,TLR4,CAV1;CD44;TLR4;hsa-miR-199a,Gene;Gene;Gene;miRNA
CAV1,VEGFA,CAV1;ESR1;ESR2;VEGFA,Gene;TF;TF;Gene
CAV1,SCARB1,CAV1;ESR1;SCARB1;hsa-miR-145,Gene;TF;Gene;miRNA
hsa-miR-199a,NFKB1,CAV1;ESR1;NFKB1;hsa-miR-199a,Gene;TF;TF;miRNA
PPARG,hsa-miR-145,CAV1;ESR1;PPARG;hsa-miR-145,Gene;TF;TF;miRNA
CAV1,FOS,CAV1;ESR1;ESR2;FOS,Gene;TF;TF;TF
SP1,CD44,CAV1;CD44;CTNNB1;SP1,Gene;Gene;TF;TF
TP53,CAV1,CAV1;TP53;TWIST1;hsa-miR-199a,Gene;TF;TF;miRNA
hsa-miR-24,SCARB1,CAV1;SCARB1;SP1;hsa-miR-24,Gene;Gene;TF;miRNA
PPARG,CAV1,CAV1;PPARG;SMAD3;SP1,Gene;TF;TF;TF
hsa-miR-374a,VCAM1,CCL2;CEBPA;VCAM1;hsa-miR-374a,Gene;TF;Gene;miRNA
XBP1,VCAM1,CCL2;IL6;VCAM1;XBP1,Gene;Gene;Gene;TF
hsa-miR-30c,SERPINE1,CCL2;CEBPA;SERPINE1;hsa-miR-30c,Gene;TF;Gene;miRNA
hsa-miR-374a,CCL2,CCL2;CEBPA;SPI1;hsa-miR-374a,Gene;TF;TF;miRNA
STAT1,CCL2,CCL2;SP1;STAT1;STAT5A,Gene;TF;TF;Gene
IRF3,CCL2,CCL2;IRF3;STAT1;hsa-miR-124,Gene;TF;TF;miRNA
EP300,CCL2,CCL2;EP300;HDAC2;REL,Gene;TF;TF;TF
CREBBP,CCL2,CCL2;CREBBP;HDAC2;IRF3,Gene;TF;TF;TF
HDAC2,CCL2,CCL2;HDAC2;TP63;hsa-miR-374a,Gene;TF;TF;miRNA
CREBBP,CCL2,CCL2;CREBBP;IRF3;STAT3,Gene;TF;TF;TF
E2F1,SERPINE1,CCL2;E2F1;IRF3;SERPINE1,Gene;TF;TF;Gene
STAT3,CCND2,CCND2;STAT3;hsa-miR-370;hsa-miR-520d,Gene;TF;miRNA;miRNA
STAT3,CCND2,CCND2;STAT3;hsa-miR-204;hsa-miR-520d,Gene;TF;miRNA;miRNA
SMAD3,CCND2,CCND2;SMAD3;STAT3;hsa-miR-520d,Gene;TF;TF;miRNA
NFYA,CCND2,CCND2;NFYA;SP1;hsa-miR-29c,Gene;TF;TF;miRNA
hsa-miR-381,CCND2,CCND2;HIC1;MYC;hsa-miR-381,Gene;Gene;TF;miRNA
hsa-miR-381,CCND2,CCND2;SOX2;hsa-miR-381;hsa-miR-96,Gene;TF;miRNA;miRNA
STAT1,CCND2,CCND2;STAT1;STAT5A;hsa-miR-29a,Gene;TF;Gene;miRNA
EP300,CCND2,CCND2;EP300;HDAC1;STAT5A,Gene;TF;TF;Gene
STAT5A,CCND2,CCND2;SP1;STAT5A;hsa-miR-29c,Gene;TF;Gene;miRNA
EGR1,CCND2,CCND2;EGR1;STAT5A;hsa-miR-23a,Gene;TF;Gene;miRNA
RELA,CCND2,CCND2;RELA;STAT5A;hsa-miR-23a,Gene;TF;Gene;miRNA
STAT3,CCND2,CCND2;STAT3;STAT5A;hsa-let-7d,Gene;TF;Gene;miRNA
MYC,CCND2,CCND2;MYC;STAT5A;hsa-miR-130a,Gene;TF;Gene;miRNA
SOX2,CCND2,CCND2;SOX2;hsa-miR-135b;hsa-miR-302d,Gene;TF;miRNA;miRNA
CTNNB1,CCND2,CCND2;CTNNB1;RELA;hsa-miR-373,Gene;TF;TF;miRNA
CTNNB1,CCND2,CCND2;CTNNB1;hsa-miR-182;hsa-miR-373,Gene;TF;miRNA;miRNA
CTNNB1,CCND2,CCND2;CTNNB1;hsa-miR-150;hsa-miR-373,Gene;TF;miRNA;miRNA
MYC,CCND2,CCND2;MYC;hsa-miR-18a;hsa-miR-373,Gene;TF;miRNA;miRNA
HDAC1,CCND2,CCND2;HDAC1;HIF1A;hsa-miR-373,Gene;TF;TF;miRNA
MYC,CCND2,CCND2;MYC;hsa-let-7b;hsa-miR-373,Gene;TF;miRNA;miRNA
hsa-miR-29b,CCND2,CCND2;HIF1A;hsa-miR-29b;hsa-miR-373,Gene;TF;miRNA;miRNA
NFKB1,CCND2,CCND2;HIF1A;NFKB1;hsa-miR-373,Gene;TF;TF;miRNA
hsa-miR-20a,VEGFA,CCND2;RB1;VEGFA;hsa-miR-20a,Gene;TF;Gene;miRNA
MAX,CCND2,CCND2;MAX;hsa-miR-18b;hsa-miR-20a,Gene;TF;miRNA;miRNA
E2F3,CCND2,CCND2;E2F3;hsa-miR-15b;hsa-miR-20a,Gene;TF;miRNA;miRNA
E2F3,CCND2,CCND2;E2F3;hsa-miR-15a;hsa-miR-20a,Gene;TF;miRNA;miRNA
MYC,CCND2,CCND2;MYC;hsa-miR-20a;hsa-miR-26a,Gene;TF;miRNA;miRNA
STAT3,CCND2,CCND2;STAT3;hsa-miR-20a;hsa-miR-383,Gene;TF;miRNA;miRNA
SREBF2,CCND2,CCND2;SREBF2;hsa-miR-20a;hsa-miR-96,Gene;TF;miRNA;miRNA
RELA,CCND2,CCND2;RELA;hsa-miR-20a;hsa-miR-96,Gene;TF;miRNA;miRNA
SP1,CCND2,CCND2;SP1;hsa-miR-182;hsa-miR-20a,Gene;TF;miRNA;miRNA
HDAC1,CCND2,CCND2;HDAC1;RUNX1;hsa-miR-20a,Gene;TF;TF;miRNA
CEBPB,CCND2,CCND2;CEBPB;HDAC1;hsa-miR-20a,Gene;TF;TF;miRNA
MYC,CCND2,CCND2;MYC;hsa-miR-18b;hsa-miR-20a,Gene;TF;miRNA;miRNA
TP53,CCND2,CCND2;TP53;hsa-miR-15b;hsa-miR-20a,Gene;TF;miRNA;miRNA
RELA,CCND2,CCND2;EGR1;RELA;hsa-miR-20a,Gene;TF;TF;miRNA
TP53,CCND2,CCND2;TP53;hsa-miR-106a;hsa-miR-20a,Gene;TF;miRNA;miRNA
TP53,CCND2,CCND2;TP53;hsa-miR-150;hsa-miR-20a,Gene;TF;miRNA;miRNA
hsa-miR-139,CCND2,CCND2;NOTCH1;SMAD3;hsa-miR-139,Gene;Gene;TF;miRNA
HDAC1,CCND2,CCND2;HDAC1;JUN;hsa-miR-139,Gene;TF;TF;miRNA
EZH2,CCND2,CCND2;EZH2;MYC;hsa-miR-139,Gene;TF;TF;miRNA
hsa-miR-139,CCND2,CCND2;FOS;MYC;hsa-miR-139,Gene;TF;TF;miRNA
hsa-miR-139,CCND2,CCND2;FOS;SMAD3;hsa-miR-139,Gene;TF;TF;miRNA
MYC,CCND2,CCND2;MYC;hsa-miR-18a;hsa-miR-26b,Gene;TF;miRNA;miRNA
MYC,CCND2,CCND2;MYC;hsa-miR-26b;hsa-miR-29a,Gene;TF;miRNA;miRNA
HDAC2,RB1,CCND2;HDAC2;RB1;hsa-miR-200a,Gene;TF;TF;miRNA
HDAC2,RB1,CCND2;HDAC2;RB1;hsa-miR-141,Gene;TF;TF;miRNA
CTNNB1,RB1,CCND2;CTNNB1;RB1;hsa-miR-182,Gene;TF;TF;miRNA
TP53,CCND2,CCND2;TP53;hsa-miR-26a;hsa-miR-300,Gene;TF;miRNA;miRNA
hsa-miR-300,CCND2,CCND2;SOX2;hsa-miR-300;hsa-miR-424,Gene;TF;miRNA;miRNA
SP1,CCND2,CCND2;SP1;TP53;hsa-miR-300,Gene;TF;TF;miRNA
SP1,CCND2,CCND2;SP1;SREBF1;hsa-miR-185,Gene;TF;TF;miRNA
hsa-miR-1,CCND2,CCND2;EZH2;hsa-miR-1;hsa-miR-26a,Gene;TF;miRNA;miRNA
hsa-miR-1,CCND2,CCND2;STAT3;hsa-miR-1;hsa-miR-96,Gene;TF;miRNA;miRNA
TP53,CCND2,CCND2;TP53;hsa-miR-29a;hsa-miR-506,Gene;TF;miRNA;miRNA
HDAC1,CCND2,CCND2;HDAC1;HIF1A;hsa-miR-497,Gene;TF;TF;miRNA
ESR1,CCND2,CCND2;ESR1;hsa-miR-145;hsa-miR-497,Gene;TF;miRNA;miRNA
HIF1A,CCND2,CCND2;HIF1A;hsa-miR-182;hsa-miR-497,Gene;TF;miRNA;miRNA
E2F1,CCND2,CCND2;E2F1;hsa-miR-15a;hsa-miR-19a,Gene;TF;miRNA;miRNA
SP1,CCND2,CCND2;MYCN;SP1;hsa-miR-19a,Gene;TF;TF;miRNA
MYCN,CCND2,CCND2;MYCN;hsa-miR-106b;hsa-miR-19a,Gene;TF;miRNA;miRNA
NANOG,CCND2,CCND2;NANOG;hsa-miR-19a;hsa-miR-302b,Gene;TF;miRNA;miRNA
NANOG,CCND2,CCND2;GATA4;NANOG;hsa-miR-19a,Gene;TF;TF;miRNA
CEBPB,CCND2,CCND2;CEBPB;SMAD3;hsa-miR-19a,Gene;TF;TF;miRNA
RELA,CCND2,CCND2;RELA;hsa-miR-150;hsa-miR-19a,Gene;TF;miRNA;miRNA
hsa-miR-302b,CCND2,CCND2;EPAS1;hsa-miR-29c;hsa-miR-302b,Gene;TF;miRNA;miRNA
NFKB1,CCND2,CCND2;NFKB1;NFKB2;hsa-miR-29c,Gene;TF;TF;miRNA
SP1,CCND2,CCND2;SP1;hsa-miR-18a;hsa-miR-29c,Gene;TF;miRNA;miRNA
SP1,CCND2,CCND2;SP1;hsa-miR-29a;hsa-miR-29c,Gene;TF;miRNA;miRNA
hsa-miR-29c,CCND2,CCND2;ETV4;hsa-let-7e;hsa-miR-29c,Gene;TF;miRNA;miRNA
hsa-miR-335,CCND2,CCND2;hsa-let-7b;hsa-miR-29c;hsa-miR-335,Gene;miRNA;miRNA;miRNA
RELA,CCND2,CCND2;RELA;hsa-miR-182;hsa-miR-29c,Gene;TF;miRNA;miRNA
hsa-miR-106a,CCND2,CCND2;EPAS1;hsa-miR-106a;hsa-miR-29c,Gene;TF;miRNA;miRNA
RELA,CCND2,CCND2;FOXO3;RELA;hsa-miR-29c,Gene;TF;TF;miRNA
hsa-miR-802,CCND2,CCND2;EPAS1;hsa-miR-29c;hsa-miR-802,Gene;TF;miRNA;miRNA
FOXO3,CCND2,CCND2;FOXO3;SMAD4;hsa-miR-302b,Gene;TF;TF;miRNA
POU5F1,CCND2,CCND2;POU5F1;hsa-miR-145;hsa-miR-302b,Gene;TF;miRNA;miRNA
SMAD3,CCND2,CCND2;SMAD3;STAT3;hsa-miR-26a,Gene;TF;TF;miRNA
hsa-miR-26a,CCND2,CCND2;STAT3;hsa-miR-26a;hsa-miR-29a,Gene;TF;miRNA;miRNA
hsa-miR-26a,CCND2,CCND2;STAT3;hsa-miR-135b;hsa-miR-26a,Gene;TF;miRNA;miRNA
hsa-miR-26a,CCND2,CCND2;STAT3;hsa-miR-15a;hsa-miR-26a,Gene;TF;miRNA;miRNA
MYC,CCND2,CCND2;MYC;hsa-miR-19b;hsa-miR-26a,Gene;TF;miRNA;miRNA
hsa-miR-26a,CCND2,CCND2;HIF1A;SP1;hsa-miR-26a,Gene;TF;TF;miRNA
MYC,CCND2,CCND2;MYC;hsa-miR-26a;hsa-miR-372,Gene;TF;miRNA;miRNA
MYC,CCND2,CCND2;MYC;hsa-miR-18b;hsa-miR-26a,Gene;TF;miRNA;miRNA
hsa-miR-26a,CCND2,CCND2;HIF1A;hsa-let-7e;hsa-miR-26a,Gene;TF;miRNA;miRNA
SP1,CCND2,CCND2;NFKB2;SP1;STAT3,Gene;TF;TF;TF
SP1,CCND2,CCND2;SP1;STAT3;hsa-miR-200a,Gene;TF;TF;miRNA
SMAD3,CCND2,CCND2;SMAD3;SP1;STAT3,Gene;TF;TF;TF
SMAD3,CCND2,CCND2;SMAD3;STAT3;hsa-miR-18a,Gene;TF;TF;miRNA
STAT3,CCND2,CCND2;STAT3;hsa-let-7d;hsa-miR-18a,Gene;TF;miRNA;miRNA
hsa-miR-372,CCND2,CCND2;IRF9;STAT3;hsa-miR-372,Gene;Gene;TF;miRNA
SPI1,CCND2,CCND2;SPI1;STAT3;hsa-miR-17,Gene;TF;TF;miRNA
STAT3,CCND2,CCND2;STAT3;hsa-let-7d;hsa-miR-17,Gene;TF;miRNA;miRNA
hsa-miR-16,CCND2,CCND2;STAT3;hsa-miR-16;hsa-miR-17,Gene;TF;miRNA;miRNA
STAT3,CCND2,CCND2;STAT3;hsa-miR-204;hsa-miR-96,Gene;TF;miRNA;miRNA
STAT3,CCND2,CCND2;STAT3;hsa-miR-204;hsa-miR-383,Gene;TF;miRNA;miRNA
STAT3,CCND2,CCND2;STAT3;hsa-let-7d;hsa-miR-204,Gene;TF;miRNA;miRNA
hsa-let-7i,CCND2,CCND2;HIC1;STAT3;hsa-let-7i,Gene;Gene;TF;miRNA
SOX2,CCND2,CCND2;SOX2;STAT3;hsa-miR-124,Gene;TF;TF;miRNA
SMAD3,CCND2,CCND2;SMAD3;STAT3;hsa-let-7d,Gene;TF;TF;miRNA
hsa-miR-29b,CCND2,CCND2;STAT3;hsa-miR-15a;hsa-miR-29b,Gene;TF;miRNA;miRNA
CEBPB,CCND2,CCND2;CEBPB;STAT3;hsa-miR-503,Gene;TF;TF;miRNA
RELA,CCND2,CCND2;RELA;STAT3;hsa-miR-503,Gene;TF;TF;miRNA
SOX2,CCND2,CCND2;SOX2;STAT3;hsa-miR-135b,Gene;TF;TF;miRNA
HDAC2,CCND2,CCND2;HDAC2;STAT3;hsa-miR-183,Gene;TF;TF;miRNA
STAT3,CCND2,CCND2;STAT3;hsa-miR-15a;hsa-miR-182,Gene;TF;miRNA;miRNA
hsa-miR-196a,CCND2,CCND2;MYC;hsa-miR-18a;hsa-miR-196a,Gene;TF;miRNA;miRNA
hsa-miR-196a,CCND2,CCND2;TP53;hsa-miR-18a;hsa-miR-196a,Gene;TF;miRNA;miRNA
hsa-miR-196a,CCND2,CCND2;MYC;hsa-miR-18b;hsa-miR-196a,Gene;TF;miRNA;miRNA
hsa-miR-196a,CCND2,CCND2;MYC;hsa-miR-195;hsa-miR-196a,Gene;TF;miRNA;miRNA
hsa-miR-196a,CCND2,CCND2;TP53;hsa-miR-145;hsa-miR-196a,Gene;TF;miRNA;miRNA
MYC,CCND2,CCND2;MYC;hsa-let-7g;hsa-miR-20b,Gene;TF;miRNA;miRNA
hsa-miR-19b,CCND2,CCND2;E2F3;hsa-let-7a;hsa-miR-19b,Gene;TF;miRNA;miRNA
MYCN,CCND2,CCND2;MYCN;hsa-miR-19b;hsa-miR-320a,Gene;TF;miRNA;miRNA
MYC,CCND2,CCND2;MYC;hsa-let-7e;hsa-miR-19b,Gene;TF;miRNA;miRNA
hsa-miR-19b,CCND2,CCND2;CEBPB;SMAD3;hsa-miR-19b,Gene;TF;TF;miRNA
TP53,CCND2,CCND2;TP53;hsa-miR-150;hsa-miR-19b,Gene;TF;miRNA;miRNA
SMAD4,CCND2,CCND2;SMAD4;hsa-miR-424;hsa-miR-96,Gene;TF;miRNA;miRNA
CTNNB1,CCND2,CCND2;CTNNB1;MYC;hsa-miR-96,Gene;TF;TF;miRNA
MYC,CCND2,CCND2;MYC;MYCN;hsa-miR-96,Gene;TF;TF;miRNA
SP1,CCND2,CCND2;HNF4A;SP1;hsa-miR-96,Gene;TF;TF;miRNA
hsa-miR-383,CCND2,CCND2;FOS;RELA;hsa-miR-383,Gene;TF;TF;miRNA
SPI1,CCND2,CCND2;SPI1;hsa-miR-18a;hsa-miR-424,Gene;TF;miRNA;miRNA
HIF1A,CCND2,CCND2;HIF1A;MYC;hsa-miR-424,Gene;TF;TF;miRNA
HIF1A,CCND2,CCND2;HIF1A;hsa-miR-145;hsa-miR-424,Gene;TF;miRNA;miRNA
HIF1A,CCND2,CCND2;HIF1A;hsa-let-7a;hsa-miR-424,Gene;TF;miRNA;miRNA
NFKB1,CCND2,CCND2;FOXO3;NFKB1;hsa-miR-424,Gene;TF;TF;miRNA
NFKB1,CCND2,CCND2;NFKB1;NFKB2;hsa-miR-29a,Gene;TF;TF;miRNA
NFKB2,CCND2,CCND2;HIF1A;NFKB2;hsa-miR-204,Gene;TF;TF;miRNA
EP300,CCND2,CCND2;EP300;FOXO3;SP1,Gene;TF;TF;TF
SP1,CCND2,CCND2;SP1;hsa-miR-182;hsa-miR-18a,Gene;TF;miRNA;miRNA
HDAC1,CCND2,CCND2;HDAC1;SP1;hsa-miR-200a,Gene;TF;TF;miRNA
HDAC1,CCND2,CCND2;HDAC1;SP1;hsa-miR-141,Gene;TF;TF;miRNA
SP1,CCND2,CCND2;FOXM1;SP1;hsa-miR-200a,Gene;TF;TF;miRNA
HIF1A,CCND2,CCND2;HIF1A;SP1;hsa-miR-372,Gene;TF;TF;miRNA
SP1,CCND2,CCND2;EGR1;SP1;hsa-miR-29b,Gene;TF;TF;miRNA
SP1,CCND2,CCND2;HNF4A;SP1;hsa-miR-1193,Gene;TF;TF;miRNA
FOXO3,CCND2,CCND2;FOXO3;SMAD4;SP1,Gene;TF;TF;TF
SP1,CCND2,CCND2;MYCN;SP1;hsa-miR-20b,Gene;TF;TF;miRNA
SP1,CCND2,CCND2;CREB1;SP1;hsa-miR-302a,Gene;TF;TF;miRNA
E2F1,CCND2,CCND2;E2F1;ETV4;hsa-miR-15b,Gene;TF;TF;miRNA
MYC,CCND2,CCND2;ETV4;MYC;hsa-miR-29b,Gene;TF;TF;miRNA
NFKB1,CCND2,CCND2;ETV4;NFKB1;hsa-miR-29b,Gene;TF;TF;miRNA
MAX,CCND2,CCND2;MAX;MYC;hsa-miR-18a,Gene;TF;TF;miRNA
E2F1,CCND2,CCND2;E2F1;hsa-miR-18a;hsa-miR-18b,Gene;TF;miRNA;miRNA
E2F3,CCND2,CCND2;E2F3;hsa-let-7i;hsa-miR-18a,Gene;TF;miRNA;miRNA
RUNX1,CCND2,CCND2;RELA;RUNX1;hsa-miR-18a,Gene;TF;TF;miRNA
ESR1,CCND2,CCND2;ESR1;hsa-miR-18a;hsa-miR-18b,Gene;TF;miRNA;miRNA
TP53,CCND2,CCND2;TP53;hsa-miR-145;hsa-miR-18a,Gene;TF;miRNA;miRNA
RELA,CCND2,CCND2;RELA;hsa-miR-145;hsa-miR-18a,Gene;TF;miRNA;miRNA
ESR1,CCND2,CCND2;ESR1;hsa-miR-18a;hsa-miR-20b,Gene;TF;miRNA;miRNA
TP53,CCND2,CCND2;TP53;hsa-miR-18a;hsa-miR-519d,Gene;TF;miRNA;miRNA
MYC,CCND2,CCND2;MYC;hsa-let-7d;hsa-miR-17,Gene;TF;miRNA;miRNA
MITF,CCND2,CCND2;MITF;hsa-let-7d;hsa-let-7i,Gene;TF;miRNA;miRNA
RELA,CCND2,CCND2;MYC;RELA;hsa-let-7d,Gene;TF;TF;miRNA
MYC,CCND2,CCND2;MYC;hsa-let-7d;hsa-miR-20b,Gene;TF;miRNA;miRNA
MITF,CCND2,CCND2;MITF;hsa-let-7d;hsa-miR-29a,Gene;TF;miRNA;miRNA
HDAC1,CCND2,CCND2;HDAC1;STAT1;hsa-miR-29a,Gene;TF;TF;miRNA
HDAC1,CCND2,CCND2;HDAC1;JUN;hsa-miR-320b,Gene;TF;TF;miRNA
HDAC1,CCND2,CCND2;HDAC1;KLF4;hsa-miR-150,Gene;TF;TF;miRNA
HDAC1,CCND2,CCND2;HDAC1;SNAI2;hsa-miR-141,Gene;TF;TF;miRNA
HDAC1,CCND2,CCND2;HDAC1;MYC;hsa-miR-200a,Gene;TF;TF;miRNA
HDAC1,CCND2,CCND2;HDAC1;TP53;hsa-miR-17,Gene;TF;TF;miRNA
HDAC1,CCND2,CCND2;HDAC1;TP53;hsa-miR-15b,Gene;TF;TF;miRNA
HDAC1,CCND2,CCND2;HDAC1;SOX2;hsa-miR-135b,Gene;TF;TF;miRNA
HDAC1,CCND2,CCND2;HDAC1;SOX2;hsa-miR-302c,Gene;TF;TF;miRNA
HDAC1,CCND2,CCND2;FOS;HDAC1;MAFB,Gene;TF;TF;TF
SNAI2,CCND2,CCND2;SNAI2;hsa-miR-141;hsa-miR-200a,Gene;TF;miRNA;miRNA
HDAC4,CCND2,CCND2;HDAC4;hsa-miR-200a;hsa-miR-29a,Gene;TF;miRNA;miRNA
NFKB1,CCND2,CCND2;NFKB1;hsa-miR-200a;hsa-miR-448,Gene;TF;miRNA;miRNA
TP53,CCND2,CCND2;TP53;hsa-miR-15a;hsa-miR-200a,Gene;TF;miRNA;miRNA
CTNNB1,CCND2,CCND2;CTNNB1;RELA;hsa-miR-372,Gene;TF;TF;miRNA
HIF1A,CCND2,CCND2;HIF1A;hsa-miR-204;hsa-miR-372,Gene;TF;miRNA;miRNA
hsa-let-7a,CCND2,CCND2;CEBPA;RUNX1;hsa-let-7a,Gene;TF;TF;miRNA
HDAC2,CCND2,CCND2;HDAC2;RUNX1;hsa-miR-503,Gene;TF;TF;miRNA
RUNX1,CCND2,CCND2;KLF4;MYC;RUNX1,Gene;TF;TF;TF
RUNX1,CCND2,CCND2;KLF4;RUNX1;hsa-miR-15a,Gene;TF;TF;miRNA
FOXO3,CCND2,CCND2;FOXO3;RUNX1;hsa-miR-17,Gene;TF;TF;miRNA
RUNX1,CCND2,CCND2;RELA;RUNX1;hsa-miR-145,Gene;TF;TF;miRNA
RUNX1,CCND2,CCND2;NFKB1;RUNX1;hsa-miR-448,Gene;TF;TF;miRNA
hsa-miR-24,CCND2,CCND2;NFKB1;RUNX1;hsa-miR-24,Gene;TF;TF;miRNA
MAX,CCND2,CCND2;MAX;hsa-miR-17;hsa-miR-18b,Gene;TF;miRNA;miRNA
MYC,CCND2,CCND2;MYC;TFAP2A;hsa-miR-17,Gene;TF;TF;miRNA
E2F1,CCND2,CCND2;E2F1;hsa-miR-17;hsa-miR-29a,Gene;TF;miRNA;miRNA
E2F1,CCND2,CCND2;E2F1;FOXO3;hsa-miR-17,Gene;TF;TF;miRNA
MYC,CCND2,CCND2;MYC;NANOG;hsa-miR-17,Gene;TF;TF;miRNA
ESR1,CCND2,CCND2;ESR1;MYC;hsa-miR-17,Gene;TF;TF;miRNA
MYC,CCND2,CCND2;MYC;hsa-miR-17;hsa-miR-29a,Gene;TF;miRNA;miRNA
MYC,CCND2,CCND2;MYC;hsa-let-7f;hsa-miR-17,Gene;TF;miRNA;miRNA
RELA,CCND2,CCND2;RELA;hsa-miR-17;hsa-miR-802,Gene;TF;miRNA;miRNA
E2F1,CCND2,CCND2;E2F1;hsa-let-7i;hsa-miR-93,Gene;TF;miRNA;miRNA
MYC,CCND2,CCND2;MYC;hsa-let-7i;hsa-miR-141,Gene;TF;miRNA;miRNA
MYC,CCND2,CCND2;MYC;hsa-let-7e;hsa-let-7i,Gene;TF;miRNA;miRNA
MITF,CCND2,CCND2;MITF;hsa-let-7i;hsa-miR-29a,Gene;TF;miRNA;miRNA
hsa-miR-106b,CCND2,CCND2;TWIST1;hsa-let-7i;hsa-miR-106b,Gene;TF;miRNA;miRNA
MYC,CCND2,CCND2;MYC;MYCN;hsa-miR-183,Gene;TF;TF;miRNA
LEF1,CCND2,CCND2;LEF1;MYC;hsa-miR-183,Gene;TF;TF;miRNA
KLF4,CCND2,CCND2;KLF4;MYC;hsa-miR-15a,Gene;TF;TF;miRNA
MYC,CCND2,CCND2;GATA4;MYC;hsa-let-7a,Gene;TF;TF;miRNA
MYC,CCND2,CCND2;MYC;hsa-let-7f;hsa-miR-16,Gene;TF;miRNA;miRNA
MYC,CCND2,CCND2;MYC;hsa-miR-106a;hsa-miR-29a,Gene;TF;miRNA;miRNA
MYC,CCND2,CCND2;MYC;hsa-let-7c;hsa-miR-141,Gene;TF;miRNA;miRNA
MYC,CCND2,CCND2;MYC;hsa-let-7c;hsa-miR-93,Gene;TF;miRNA;miRNA
HNF4A,CCND2,CCND2;HNF4A;MYC;hsa-miR-299,Gene;TF;TF;miRNA
MYC,CCND2,CCND2;MYC;POU5F1;hsa-miR-302c,Gene;TF;TF;miRNA
MYC,CCND2,CCND2;MYC;hsa-let-7a;hsa-miR-195,Gene;TF;miRNA;miRNA
HIF1A,CCND2,CCND2;HIF1A;MYC;hsa-miR-1271,Gene;TF;TF;miRNA
MYC,CCND2,CCND2;MYC;SOX2;hsa-miR-141,Gene;TF;TF;miRNA
MYC,CCND2,CCND2;MYC;hsa-let-7b;hsa-miR-141,Gene;TF;miRNA;miRNA
MYC,CCND2,CCND2;MYC;hsa-let-7b;hsa-miR-93,Gene;TF;miRNA;miRNA
RELA,CCND2,CCND2;MYC;RELA;hsa-miR-93,Gene;TF;TF;miRNA
MYB,CCND2,CCND2;MYB;MYC;hsa-miR-15a,Gene;TF;TF;miRNA
MYC,CCND2,CCND2;MYC;hsa-let-7f;hsa-miR-106a,Gene;TF;miRNA;miRNA
E2F1,CCND2,CCND2;E2F1;hsa-miR-106b;hsa-miR-18b,Gene;TF;miRNA;miRNA
MYCN,CCND2,CCND2;MYCN;hsa-miR-18b;hsa-miR-93,Gene;TF;miRNA;miRNA
HIF1A,CCND2,CCND2;HIF1A;SMAD3;hsa-miR-145,Gene;TF;TF;miRNA
PPARG,CCND2,CCND2;PPARG;hsa-miR-145;hsa-miR-29b,Gene;TF;miRNA;miRNA
EGR1,CCND2,CCND2;EGR1;HIF1A;hsa-miR-145,Gene;TF;TF;miRNA
TP53,CCND2,CCND2;TP53;hsa-miR-145;hsa-miR-15a,Gene;TF;miRNA;miRNA
MYCN,CCND2,CCND2;MYCN;hsa-miR-124;hsa-miR-183,Gene;TF;miRNA;miRNA
TP53,CCND2,CCND2;TP53;hsa-miR-124;hsa-miR-141,Gene;TF;miRNA;miRNA
SOX2,CCND2,CCND2;SOX2;hsa-miR-124;hsa-miR-182,Gene;TF;miRNA;miRNA
EP300,CCND2,CCND2;EP300;SMAD3;hsa-miR-150,Gene;TF;TF;miRNA
SMAD3,CCND2,CCND2;SMAD3;hsa-let-7e;hsa-miR-143,Gene;TF;miRNA;miRNA
PPARG,CCND2,CCND2;PPARG;SMAD3;hsa-miR-29b,Gene;TF;TF;miRNA
HNF4A,CCND2,CCND2;HNF4A;SMAD3;hsa-miR-182,Gene;TF;TF;miRNA
FOS,CCND2,CCND2;FOS;RELA;SMAD3,Gene;TF;TF;TF
CREBBP,CCND2,CCND2;CREBBP;RELA;SMAD3,Gene;TF;TF;TF
MAX,CCND2,CCND2;MAX;hsa-miR-16;hsa-miR-93,Gene;TF;miRNA;miRNA
MAX,CCND2,CCND2;MAX;hsa-miR-16;hsa-miR-20b,Gene;TF;miRNA;miRNA
E2F1,CCND2,CCND2;E2F1;hsa-miR-16;hsa-miR-519d,Gene;TF;miRNA;miRNA
NFKB1,CCND2,CCND2;NFKB1;hsa-miR-16;hsa-miR-29b,Gene;TF;miRNA;miRNA
hsa-miR-335,CCND2,CCND2;hsa-let-7b;hsa-miR-29b;hsa-miR-335,Gene;miRNA;miRNA;miRNA
hsa-miR-519d,CCND2,CCND2;IRF1;hsa-miR-29b;hsa-miR-519d,Gene;TF;miRNA;miRNA
hsa-miR-29b,CCND2,CCND2;MITF;hsa-miR-106a;hsa-miR-29b,Gene;TF;miRNA;miRNA
hsa-let-7a,CCND2,CCND2;MITF;hsa-let-7a;hsa-miR-29a,Gene;TF;miRNA;miRNA
TP53,CCND2,CCND2;TP53;hsa-miR-150;hsa-miR-29a,Gene;TF;miRNA;miRNA
E2F1,CCND2,CCND2;E2F1;hsa-let-7a;hsa-miR-519d,Gene;TF;miRNA;miRNA
E2F1,CCND2,CCND2;E2F1;FOXO3;hsa-miR-519d,Gene;TF;TF;miRNA
TP53,CCND2,CCND2;TP53;hsa-miR-106a;hsa-miR-519d,Gene;TF;miRNA;miRNA
E2F1,CCND2,CCND2;E2F1;hsa-miR-15a;hsa-miR-15b,Gene;TF;miRNA;miRNA
SOX2,CCND2,CCND2;SOX2;hsa-miR-182;hsa-miR-302c,Gene;TF;miRNA;miRNA
EGR1,CCND2,CCND2;EGR1;HIF1A;hsa-let-7e,Gene;TF;TF;miRNA
HNF4A,CCND2,CCND2;HNF4A;hsa-miR-1193;hsa-miR-182,Gene;TF;miRNA;miRNA
HNF4A,CCND2,CCND2;HNF4A;hsa-miR-1193;hsa-miR-150,Gene;TF;miRNA;miRNA
E2F1,CCND2,CCND2;E2F1;FOXO3;hsa-let-7a,Gene;TF;TF;miRNA
E2F3,CCND2,CCND2;E2F3;hsa-let-7a;hsa-miR-195,Gene;TF;miRNA;miRNA
hsa-let-7a,CCND2,CCND2;NFKB1;hsa-let-7a;hsa-miR-494,Gene;TF;miRNA;miRNA
JUN,CCND2,CCND2;JUN;hsa-miR-141;hsa-miR-320b,Gene;TF;miRNA;miRNA
HNF4A,CCND2,CCND2;HNF4A;hsa-miR-183;hsa-miR-299,Gene;TF;miRNA;miRNA
MYCN,CCND2,CCND2;MYCN;hsa-miR-106a;hsa-miR-183,Gene;TF;miRNA;miRNA
MAX,CCND2,CCND2;MAX;hsa-miR-20b;hsa-miR-93,Gene;TF;miRNA;miRNA
E2F1,CCND2,CCND2;E2F1;hsa-miR-15a;hsa-miR-93,Gene;TF;miRNA;miRNA
MYCN,CCND2,CCND2;MYCN;hsa-miR-320a;hsa-miR-93,Gene;TF;miRNA;miRNA
CTNNB1,CCND2,CCND2;CTNNB1;RELA;hsa-miR-182,Gene;TF;TF;miRNA
TP53,CCND2,CCND2;TP53;hsa-miR-106a;hsa-miR-15a,Gene;TF;miRNA;miRNA
HNF4A,CCND2,CCND2;HNF4A;hsa-miR-150;hsa-miR-299,Gene;TF;miRNA;miRNA
RELA,CCND2,CCND2;FOXO3;RELA;hsa-let-7b,Gene;TF;TF;miRNA
E2F1,CCND2,CCND2;E2F1;FOXO3;hsa-miR-106a,Gene;TF;TF;miRNA
hsa-let-7e,CCND2,CCND2;FBXO32;FOXO3;hsa-let-7e,Gene;Gene;TF;miRNA
EP300,CCND2,CCND2;EP300;FOXO3;NFKB1,Gene;TF;TF;TF
FOS,CCND2,CCND2;FOS;MAFB;RELA,Gene;TF;TF;TF
KLF2,CCND2,CCND2;KLF2;NFKB1;hsa-miR-150,Gene;TF;TF;miRNA
hsa-miR-199a,CD151,CD151;EGR1;hsa-miR-124;hsa-miR-199a,Gene;TF;miRNA;miRNA
NFKB1,CD2AP,CD2AP;NFKB1;hsa-miR-16;hsa-miR-30b,Gene;TF;miRNA;miRNA
MYC,CD2AP,CD2AP;MYC;hsa-miR-16;hsa-miR-92a,Gene;TF;miRNA;miRNA
MYC,CD2AP,CD2AP;MYC;hsa-miR-30a;hsa-miR-497,Gene;TF;miRNA;miRNA
EGR1,CD2AP,CD2AP;EGR1;hsa-miR-30a;hsa-miR-30e,Gene;TF;miRNA;miRNA
E2F1,CD2AP,CD2AP;E2F1;MYC;hsa-miR-25,Gene;TF;TF;miRNA
MYCN,CD2AP,CD2AP;MYCN;hsa-miR-181b;hsa-miR-25,Gene;TF;miRNA;miRNA
MYCN,CD2AP,CD2AP;MYCN;hsa-miR-181a;hsa-miR-25,Gene;TF;miRNA;miRNA
MYCN,CD2AP,CD2AP;MYCN;hsa-miR-25;hsa-miR-4295,Gene;TF;miRNA;miRNA
MYC,CD2AP,CD2AP;MYC;hsa-miR-25;hsa-miR-30b,Gene;TF;miRNA;miRNA
MYCN,CD2AP,CD2AP;MYCN;hsa-miR-27a;hsa-miR-363,Gene;TF;miRNA;miRNA
MYCN,CD2AP,CD2AP;MYCN;hsa-miR-181a;hsa-miR-27a,Gene;TF;miRNA;miRNA
EZH2,CD2AP,CD2AP;EZH2;hsa-miR-27a;hsa-miR-30d,Gene;TF;miRNA;miRNA
TP53,CD2AP,CD2AP;TP53;hsa-miR-27a;hsa-miR-27b,Gene;TF;miRNA;miRNA
hsa-miR-199a,CD2AP,CD2AP;EPAS1;hsa-miR-199a;hsa-miR-27a,Gene;TF;miRNA;miRNA
MYC,CD2AP,CD2AP;MYC;hsa-miR-195;hsa-miR-27a,Gene;TF;miRNA;miRNA
SMAD3,CD2AP,CD2AP;SMAD3;hsa-miR-27a;hsa-miR-503,Gene;TF;miRNA;miRNA
hsa-miR-367,CD2AP,CD2AP;CEBPA;hsa-miR-182;hsa-miR-367,Gene;TF;miRNA;miRNA
SOX2,CD2AP,CD2AP;SOX2;hsa-miR-367;hsa-miR-424,Gene;TF;miRNA;miRNA
HDAC2,CD2AP,CD2AP;HDAC2;hsa-miR-130a;hsa-miR-503,Gene;TF;miRNA;miRNA
NFKB1,CD2AP,CD2AP;NFKB1;hsa-miR-301a;hsa-miR-503,Gene;TF;miRNA;miRNA
hsa-miR-181a,CD2AP,CD2AP;SMAD3;hsa-miR-181a;hsa-miR-503,Gene;TF;miRNA;miRNA
RELA,CD2AP,CD2AP;RELA;hsa-miR-130a;hsa-miR-503,Gene;TF;miRNA;miRNA
hsa-miR-92b,CD2AP,CD2AP;CEBPA;E2F1;hsa-miR-92b,Gene;TF;TF;miRNA
SP1,CD2AP,CD2AP;MYCN;SP1;hsa-miR-92b,Gene;TF;TF;miRNA
MEF2A,CD2AP,CD2AP;MEF2A;hsa-miR-424;hsa-miR-92b,Gene;TF;miRNA;miRNA
hsa-miR-199a,CD2AP,CD2AP;EGR1;hsa-miR-199a;hsa-miR-92b,Gene;TF;miRNA;miRNA
CEBPA,CD2AP,CD2AP;CEBPA;E2F1;hsa-miR-181a,Gene;TF;TF;miRNA
RELA,CD2AP,CD2AP;E2F1;RELA;hsa-miR-222,Gene;TF;TF;miRNA
E2F1,CD2AP,CD2AP;E2F1;MYCN;hsa-miR-182,Gene;TF;TF;miRNA
E2F1,CD2AP,CD2AP;E2F1;MYC;hsa-miR-30d,Gene;TF;TF;miRNA
E2F1,CD2AP,CD2AP;E2F1;hsa-miR-27b;hsa-miR-363,Gene;TF;miRNA;miRNA
E2F1,CD2AP,CD2AP;E2F1;hsa-miR-27b;hsa-miR-92a,Gene;TF;miRNA;miRNA
ESR1,CD2AP,CD2AP;E2F1;ESR1;hsa-miR-92a,Gene;TF;TF;miRNA
RELA,CD2AP,CD2AP;E2F1;RELA;hsa-miR-221,Gene;TF;TF;miRNA
hsa-miR-181c,CD2AP,CD2AP;SNAI2;hsa-miR-181c;hsa-miR-222,Gene;TF;miRNA;miRNA
MYC,CD2AP,CD2AP;MYC;hsa-miR-222;hsa-miR-32,Gene;TF;miRNA;miRNA
MYCN,CD2AP,CD2AP;MYCN;hsa-miR-181d;hsa-miR-27b,Gene;TF;miRNA;miRNA
MYCN,CD2AP,CD2AP;MYCN;hsa-miR-181d;hsa-miR-4295,Gene;TF;miRNA;miRNA
CEBPA,CD2AP,CD2AP;CEBPA;hsa-miR-181a;hsa-miR-182,Gene;TF;miRNA;miRNA
SP1,CD2AP,CD2AP;MYCN;SP1;hsa-miR-181a,Gene;TF;TF;miRNA
SP1,CD2AP,CD2AP;SP1;hsa-miR-182;hsa-miR-92a,Gene;TF;miRNA;miRNA
NR1H3,CD2AP,CD2AP;NR1H3;hsa-miR-130a;hsa-miR-206,Gene;TF;miRNA;miRNA
HIF1A,CD2AP,CD2AP;HIF1A;hsa-miR-424;hsa-miR-497,Gene;TF;miRNA;miRNA
MYC,CD2AP,CD2AP;MYC;hsa-miR-30d;hsa-miR-92a,Gene;TF;miRNA;miRNA
MYC,CD2AP,CD2AP;MYC;hsa-miR-130a;hsa-miR-30d,Gene;TF;miRNA;miRNA
SP1,CD2AP,CD2AP;SP1;TP53;hsa-miR-15a,Gene;TF;TF;miRNA
hsa-miR-181c,CD2AP,CD2AP;SNAI2;hsa-miR-181c;hsa-miR-221,Gene;TF;miRNA;miRNA
MYCN,CD2AP,CD2AP;MYCN;hsa-miR-221;hsa-miR-363,Gene;TF;miRNA;miRNA
MYCN,CD2AP,CD2AP;MYCN;hsa-miR-27b;hsa-miR-92a,Gene;TF;miRNA;miRNA
CEBPB,CD2AP,CD2AP;CEBPB;hsa-miR-424;hsa-miR-92a,Gene;TF;miRNA;miRNA
hsa-miR-199a,CD2AP,CD2AP;EGR1;hsa-miR-199a;hsa-miR-301b,Gene;TF;miRNA;miRNA
CTNNB1,CD2AP,CD2AP;CTNNB1;hsa-miR-199a;hsa-miR-30e,Gene;TF;miRNA;miRNA
hsa-miR-137,CD2AP,CD2AP;TWIST1;hsa-miR-137;hsa-miR-199a,Gene;TF;miRNA;miRNA
SP1,CD2AP,CD2AP;EGR1;SP1;hsa-miR-301b,Gene;TF;TF;miRNA
hsa-miR-128,CD2AP,CD2AP;HIF1A;SP1;hsa-miR-128,Gene;TF;TF;miRNA
MYC,CD2AP,CD2AP;MYC;hsa-miR-221;hsa-miR-30b,Gene;TF;miRNA;miRNA
HMGA1,VCAM1,CD44;HMGA1;JUN;VCAM1,Gene;TF;TF;Gene
RELA,VCAM1,CD44;RELA;VCAM1;hsa-miR-199a,Gene;TF;Gene;miRNA
CTNNB1,COL1A1,CD44;COL1A1;CTNNB1;NFKB1,Gene;Gene;TF;TF
hsa-miR-199a,LOX,CD44;FN1;LOX;hsa-miR-199a,Gene;Gene;Gene;miRNA
CTNNB1,MET,CD44;CTNNB1;MET;SMAD7,Gene;TF;Gene;Gene
CTNNB1,MET,CD44;CTNNB1;MET;hsa-miR-182,Gene;TF;Gene;miRNA
SP1,MET,CD44;MET;SP1;hsa-miR-182,Gene;Gene;TF;miRNA
SNAI2,MET,CD44;MET;SNAI2;TP53,Gene;Gene;TF;TF
hsa-miR-181a,CD44,CD44;SNAI2;TCF4;hsa-miR-181a,Gene;TF;TF;miRNA
CTNNB1,CD44,CD44;CTNNB1;EZH2;SNAI2,Gene;TF;TF;TF
EZH2,CD44,CD44;EZH2;HDAC1;SNAI2,Gene;TF;TF;TF
CTNNB1,CD44,CD44;CTNNB1;JUN;SP1,Gene;TF;TF;TF
CTNNB1,CD44,CD44;CTNNB1;PPARG;SP1,Gene;TF;TF;TF
HDAC1,CD44,CD44;HDAC1;JUN;SP1,Gene;TF;TF;TF
SP1,ITGB1,CD44;ITGB1;SP1;hsa-miR-29b,Gene;Gene;TF;miRNA
SP1,MMP2,CD44;HOXB7;MMP2;SP1,Gene;TF;Gene;TF
SP1,MMP2,CD44;MMP2;SP1;TP53,Gene;Gene;TF;TF
SP1,HBEGF,CD44;HBEGF;SP1;hsa-miR-182,Gene;Gene;TF;miRNA
CEBPA,FN1,CD44;CEBPA;FN1;HDAC1,Gene;TF;Gene;TF
CTNNB1,MMP14,CD44;CTNNB1;MMP14;NFKB1,Gene;TF;Gene;TF
CD44,MMP2,CD44;MMP2;NANOG;hsa-miR-20a,Gene;Gene;TF;miRNA
TCF4,MMP2,CD44;JUN;MMP2;TCF4,Gene;TF;Gene;TF
MYCN,MMP2,CD44;MMP2;MYCN;hsa-miR-17,Gene;Gene;TF;miRNA
CD44,THBS1,CD44;FN1;MMP2;THBS1,Gene;Gene;Gene;Gene
CTNNB1,FN1,CD44;CTNNB1;FN1;hsa-miR-182,Gene;TF;Gene;miRNA
CTNNB1,FN1,CD44;CTNNB1;FN1;NFKB1,Gene;TF;Gene;TF
MYCN,HBEGF,CD44;HBEGF;MYCN;hsa-miR-760,Gene;Gene;TF;miRNA
HMGA1,HBEGF,CD44;HBEGF;HMGA1;hsa-miR-29a,Gene;Gene;TF;miRNA
E2F1,CDCA7,CDCA7;E2F1;hsa-miR-106a;hsa-miR-519d,Gene;TF;miRNA;miRNA
TP53,CDCA7,CDCA7;TP53;hsa-miR-106a;hsa-miR-124,Gene;TF;miRNA;miRNA
hsa-miR-520d,CDCA7,CDCA7;EPAS1;hsa-miR-30d;hsa-miR-520d,Gene;TF;miRNA;miRNA
MAX,CDCA7,CDCA7;MAX;MYC;hsa-miR-106b,Gene;TF;TF;miRNA
E2F1,CDCA7,CDCA7;E2F1;hsa-miR-106b;hsa-miR-519d,Gene;TF;miRNA;miRNA
E2F1,CDCA7,CDCA7;E2F1;hsa-miR-106b;hsa-miR-20a,Gene;TF;miRNA;miRNA
E2F1,CDCA7,CDCA7;E2F1;hsa-miR-20a;hsa-miR-20b,Gene;TF;miRNA;miRNA
TP53,CDCA7,CDCA7;TP53;hsa-miR-17;hsa-miR-519d,Gene;TF;miRNA;miRNA
E2F1,CDCA7,CDCA7;E2F1;FOXO3;hsa-miR-30d,Gene;TF;TF;miRNA
E2F1,CDCA7,CDCA7;E2F1;MYC;hsa-miR-20b,Gene;TF;TF;miRNA
RELA,CDCA7,CDCA7;RELA;hsa-miR-17;hsa-miR-30b,Gene;TF;miRNA;miRNA
MYC,CDCA7,CDCA7;MYC;hsa-miR-17;hsa-miR-30b,Gene;TF;miRNA;miRNA
MYC,CDCA7,CDCA7;MYC;hsa-miR-17;hsa-miR-372,Gene;TF;miRNA;miRNA
SMAD3,CDCA7,CDCA7;SMAD3;hsa-miR-17;hsa-miR-30d,Gene;TF;miRNA;miRNA
MYC,CDCA7,CDCA7;MYC;NANOG;hsa-miR-17,Gene;TF;TF;miRNA
MYCN,CDCA7,CDCA7;MYCN;hsa-miR-20b;hsa-miR-93,Gene;TF;miRNA;miRNA
HNF4A,CDCA7,CDCA7;HNF4A;MYC;hsa-miR-124,Gene;TF;TF;miRNA
SOX2,CDCA7,CDCA7;SOX2;hsa-miR-124;hsa-miR-302b,Gene;TF;miRNA;miRNA
hsa-miR-19b,CDH11,CDH11;SP1;hsa-miR-19b;hsa-miR-429,Gene;TF;miRNA;miRNA
MYCN,CDH11,CDH11;MYCN;hsa-miR-124;hsa-miR-19b,Gene;TF;miRNA;miRNA
MYCN,CDH11,CDH11;MYCN;hsa-miR-19b;hsa-miR-9,Gene;TF;miRNA;miRNA
TP53,CDH11,CDH11;TP53;hsa-miR-19b;hsa-miR-26a,Gene;TF;miRNA;miRNA
hsa-miR-19b,CDH11,CDH11;STAT3;hsa-miR-19b;hsa-miR-204,Gene;TF;miRNA;miRNA
MYC,CDH11,CDH11;MYC;hsa-miR-19b;hsa-miR-27a,Gene;TF;miRNA;miRNA
hsa-miR-9,CDH11,CDH11;TP53;hsa-miR-19a;hsa-miR-9,Gene;TF;miRNA;miRNA
MYC,CDH11,CDH11;MYC;hsa-miR-26a;hsa-miR-9,Gene;TF;miRNA;miRNA
hsa-miR-9,CDH11,CDH11;TP53;hsa-miR-124;hsa-miR-9,Gene;TF;miRNA;miRNA
RELA,CDH11,CDH11;RELA;hsa-miR-200b;hsa-miR-27b,Gene;TF;miRNA;miRNA
hsa-miR-144,MET,CDH11;CTNNB1;MET;hsa-miR-144,Gene;TF;Gene;miRNA
HIF1A,CDH11,CDH11;HIF1A;hsa-miR-27a;hsa-miR-376c,Gene;TF;miRNA;miRNA
hsa-miR-26a,CDH11,CDH11;HIF1A;hsa-miR-101;hsa-miR-26a,Gene;TF;miRNA;miRNA
TWIST1,CDH11,CDH11;TWIST1;hsa-miR-205;hsa-miR-429,Gene;TF;miRNA;miRNA
hsa-miR-128,CDH11,CDH11;SNAI1;hsa-miR-128;hsa-miR-200c,Gene;TF;miRNA;miRNA
SP1,CDH11,CDH11;SP1;hsa-miR-27a;hsa-miR-429,Gene;TF;miRNA;miRNA
hsa-miR-802,CDH11,CDH11;EPAS1;hsa-miR-27a;hsa-miR-802,Gene;TF;miRNA;miRNA
RELA,CDH11,CDH11;RELA;hsa-miR-27a;hsa-miR-802,Gene;TF;miRNA;miRNA
ZEB2,CDH11,CDH11;ZEB2;hsa-miR-128;hsa-miR-429,Gene;TF;miRNA;miRNA
hsa-miR-124,CDH11,CDH11;SNAI2;hsa-miR-124;hsa-miR-429,Gene;TF;miRNA;miRNA
hsa-miR-128,HIF1A,CDH11;CTNNB1;HIF1A;hsa-miR-128,Gene;TF;TF;miRNA
hsa-miR-410,MMP14,CDH11;CTNNB1;MMP14;hsa-miR-410,Gene;TF;Gene;miRNA
TP53,CDH11,CDH11;TP53;hsa-miR-124;hsa-miR-506,Gene;TF;miRNA;miRNA
MYCN,CDH11,CDH11;MYCN;hsa-miR-19a;hsa-miR-335,Gene;TF;miRNA;miRNA
E2F3,CDH11,CDH11;E2F3;hsa-miR-200b;hsa-miR-26a,Gene;TF;miRNA;miRNA
CREBBP,CTNNB1,CDH3;CREBBP;CTNNB1;HOXA9,Gene;TF;TF;TF
HOXA9,CDH3,CDH3;HOXA9;MYCN;hsa-miR-330,Gene;TF;TF;miRNA
NANOG,VDR,CDX2;NANOG;VDR;hsa-miR-302b,TF;TF;TF;miRNA
CDX2,HOXA10,CDX2;HOXA10;VDR;hsa-miR-125b,TF;TF;TF;miRNA
hsa-let-7a,hsa-miR-29b,CEBPA;YY1;hsa-let-7a;hsa-miR-29b,TF;TF;miRNA;miRNA
CEBPA,IL6,CEBPA;IL6;JUND;hsa-miR-29b,TF;Gene;TF;miRNA
CEBPA,STAT3,CEBPA;PDGFRB;STAT3;hsa-miR-29b,TF;Gene;TF;miRNA
CEBPA,hsa-miR-182,CEBPA;STAT3;hsa-miR-182;hsa-miR-29b,TF;TF;miRNA;miRNA
hsa-miR-363,FBN1,CEBPA;FBN1;hsa-miR-29b;hsa-miR-363,TF;Gene;miRNA;miRNA
hsa-miR-23b,FBN1,CEBPA;FBN1;hsa-miR-23b;hsa-miR-29b,TF;Gene;miRNA;miRNA
hsa-miR-23b,EPAS1,CEBPA;EPAS1;hsa-miR-23b;hsa-miR-29b,TF;TF;miRNA;miRNA
hsa-miR-30c,PDGFRB,CEBPA;PDGFRB;hsa-miR-29b;hsa-miR-30c,TF;Gene;miRNA;miRNA
SMAD3,hsa-miR-29b,CEBPA;SMAD3;hsa-miR-29b;hsa-miR-92a,TF;TF;miRNA;miRNA
CEBPA,MMP2,CEBPA;MMP2;TP53;hsa-miR-29b,TF;Gene;TF;miRNA
CEBPA,PEG10,CEBPA;PEG10;hsa-miR-182;hsa-miR-29b,TF;Gene;miRNA;miRNA
CEBPA,hsa-miR-34a,CEBPA;FOS;hsa-miR-29b;hsa-miR-34a,TF;TF;miRNA;miRNA
hsa-miR-130a,hsa-miR-29b,CEBPA;IRF1;hsa-miR-130a;hsa-miR-29b,TF;TF;miRNA;miRNA
MYB,hsa-miR-29b,CEBPA;GATA3;MYB;hsa-miR-29b,TF;TF;TF;miRNA
hsa-miR-25,FHL2,CEBPA;FHL2;RUNX1;hsa-miR-25,TF;Gene;TF;miRNA
hsa-miR-25,hsa-miR-181a,CEBPA;TWIST1;hsa-miR-181a;hsa-miR-25,TF;TF;miRNA;miRNA
hsa-miR-25,FN1,CEBPA;FN1;TWIST1;hsa-miR-25,TF;Gene;TF;miRNA
CEBPA,STAT3,CEBPA;LIF;STAT3;hsa-miR-223,TF;Gene;TF;miRNA
CEBPA,TGFBR2,CEBPA;TGFBR2;hsa-miR-182;hsa-miR-223,TF;Gene;miRNA;miRNA
RELA,hsa-miR-223,CEBPA;RELA;hsa-miR-223;hsa-miR-23b,TF;TF;miRNA;miRNA
hsa-miR-130a,MYBL1,CEBPA;MYBL1;hsa-miR-130a;hsa-miR-223,TF;Gene;miRNA;miRNA
CEBPA,VEGFA,CEBPA;STAT3;VEGFA;hsa-miR-29a,TF;TF;Gene;miRNA
CEBPA,EXT1,CEBPA;EXT1;hsa-miR-182;hsa-miR-29a,TF;Gene;miRNA;miRNA
hsa-miR-101,hsa-miR-29a,CEBPA;HMGA1;hsa-miR-101;hsa-miR-29a,TF;TF;miRNA;miRNA
NFKB1,hsa-miR-29a,CEBPA;NFKB1;hsa-miR-29a;hsa-miR-30c,TF;TF;miRNA;miRNA
hsa-miR-32,FBN1,CEBPA;FBN1;hsa-miR-29a;hsa-miR-32,TF;Gene;miRNA;miRNA
CEBPA,hsa-miR-29a,CEBPA;CEBPB;NFKB1;hsa-miR-29a,TF;TF;TF;miRNA
CEBPA,FN1,CEBPA;COL3A1;FN1;hsa-miR-29a,TF;Gene;Gene;miRNA
hsa-miR-101,THBS2,CEBPA;THBS2;hsa-miR-101;hsa-miR-181a,TF;Gene;miRNA;miRNA
hsa-miR-101,HMGA1,CEBPA;E2F1;HMGA1;hsa-miR-101,TF;TF;TF;miRNA
hsa-miR-101,HNF4A,CEBPA;EP300;HNF4A;hsa-miR-101,TF;TF;TF;miRNA
hsa-miR-101,CEBPA,CEBPA;FOS;hsa-miR-101;hsa-miR-23a,TF;TF;miRNA;miRNA
hsa-miR-101,DCBLD2,CEBPA;DCBLD2;hsa-miR-101;hsa-miR-26a,TF;Gene;miRNA;miRNA
hsa-miR-101,CEBPA,CEBPA;HNF4A;LEF1;hsa-miR-101,TF;TF;TF;miRNA
hsa-miR-101,HNF4A,CEBPA;HNF4A;RARA;hsa-miR-101,TF;TF;TF;miRNA
EZH2,HDAC1,CEBPA;EZH2;HDAC1;hsa-miR-101,TF;TF;TF;miRNA
hsa-miR-101,THBS1,CEBPA;ID1;THBS1;hsa-miR-101,TF;Gene;Gene;miRNA
HIF1A,CEBPA,CEBPA;HIF1A;hsa-miR-101;hsa-miR-130a,TF;TF;miRNA;miRNA
hsa-miR-367,FST,CEBPA;FST;hsa-miR-182;hsa-miR-367,TF;Gene;miRNA;miRNA
MYCN,CEBPA,CEBPA;MYCN;hsa-miR-363;hsa-miR-92b,TF;TF;miRNA;miRNA
MYCN,TP53,CEBPA;MYCN;TP53;hsa-miR-92b,TF;TF;TF;miRNA
hsa-miR-92b,MYH9,CEBPA;MYH9;hsa-miR-34a;hsa-miR-92b,TF;Gene;miRNA;miRNA
CEBPA,EZH2,CEBPA;E2F1;EP300;EZH2,TF;TF;TF;TF
CEBPA,SIRT1,CEBPA;E2F1;EP300;SIRT1,TF;TF;TF;TF
CEBPA,hsa-miR-27b,CEBPA;E2F1;STAT3;hsa-miR-27b,TF;TF;TF;miRNA
CEBPA,hsa-miR-18a,CEBPA;E2F1;STAT3;hsa-miR-18a,TF;TF;TF;miRNA
CEBPA,THBS2,CEBPA;THBS2;hsa-miR-181a;hsa-miR-182,TF;Gene;miRNA;miRNA
hsa-miR-125b,TCF4,CEBPA;TCF4;hsa-miR-125b;hsa-miR-181a,TF;TF;miRNA;miRNA
MYCN,hsa-miR-181a,CEBPA;MYCN;hsa-miR-181a;hsa-miR-363,TF;TF;miRNA;miRNA
CEBPA,hsa-miR-181a,CEBPA;EP300;ESR1;hsa-miR-181a,TF;TF;TF;miRNA
CEBPA,hsa-miR-181a,CEBPA;HDAC1;TCF7L2;hsa-miR-181a,TF;TF;TF;miRNA
hsa-miR-130a,HOXB4,CEBPA;HOXB4;hsa-miR-130a;hsa-miR-181a,TF;Gene;miRNA;miRNA
CEBPA,IL6,CEBPA;EP300;IL6;REL,TF;TF;Gene;TF
CEBPA,IL6,CEBPA;HDAC1;IL6;KLF4,TF;TF;Gene;TF
CEBPA,IL6,CEBPA;IL6;KLF4;RUNX1,TF;Gene;TF;TF
hsa-miR-655,IL6,CEBPA;CEBPB;IL6;hsa-miR-655,TF;TF;Gene;miRNA
hsa-let-7a,CEBPA,CEBPA;YY1;hsa-let-7a;hsa-miR-31,TF;TF;miRNA;miRNA
hsa-let-7a,SKIL,CEBPA;SKIL;hsa-let-7a;hsa-miR-182,TF;Gene;miRNA;miRNA
hsa-let-7a,FAS,CEBPA;FAS;STAT3;hsa-let-7a,TF;Gene;TF;miRNA
hsa-let-7a,NFKB1,CEBPA;NFKB1;RUNX1;hsa-let-7a,TF;TF;TF;miRNA
hsa-miR-1,MYOD1,CEBPA;EP300;MYOD1;hsa-miR-1,TF;TF;TF;miRNA
hsa-miR-1,hsa-miR-182,CEBPA;STAT3;hsa-miR-1;hsa-miR-182,TF;TF;miRNA;miRNA
hsa-miR-1,STAT3,CEBPA;STAT3;hsa-miR-1;hsa-miR-26a,TF;TF;miRNA;miRNA
hsa-miR-1,MAP3K1,CEBPA;MAP3K1;hsa-miR-1;hsa-miR-26a,TF;Gene;miRNA;miRNA
hsa-miR-144,SKIL,CEBPA;SKIL;hsa-miR-144;hsa-miR-182,TF;Gene;miRNA;miRNA
CEBPA,hsa-miR-182,CEBPA;EP300;SP1;hsa-miR-182,TF;TF;TF;miRNA
CEBPA,hsa-miR-182,CEBPA;HDAC1;STAT3;hsa-miR-182,TF;TF;TF;miRNA
LEF1,hsa-miR-182,CEBPA;LEF1;hsa-miR-124;hsa-miR-182,TF;TF;miRNA;miRNA
hsa-miR-144,FST,CEBPA;FST;hsa-miR-144;hsa-miR-182,TF;Gene;miRNA;miRNA
hsa-miR-655,TGFBR2,CEBPA;TGFBR2;hsa-miR-182;hsa-miR-655,TF;Gene;miRNA;miRNA
hsa-miR-130a,TGFBR2,CEBPA;TGFBR2;hsa-miR-130a;hsa-miR-182,TF;Gene;miRNA;miRNA
ETS1,hsa-miR-182,CEBPA;ETS1;MYB;hsa-miR-182,TF;TF;TF;miRNA
hsa-miR-92a,FBN1,CEBPA;FBN1;hsa-miR-182;hsa-miR-92a,TF;Gene;miRNA;miRNA
RELA,hsa-miR-182,CEBPA;RELA;hsa-miR-130a;hsa-miR-182,TF;TF;miRNA;miRNA
CEBPA,STAT3,CEBPA;EP300;JUN;STAT3,TF;TF;TF;TF
CEBPA,hsa-miR-34a,CEBPA;EP300;STAT3;hsa-miR-34a,TF;TF;TF;miRNA
CEBPA,RARA,CEBPA;EP300;RARA;SP1,TF;TF;TF;TF
CEBPA,HNF4A,CEBPA;EP300;FOXO1;HNF4A,TF;TF;TF;TF
CEBPA,FOS,CEBPA;EP300;FOS;HDAC1,TF;TF;TF;TF
CEBPA,HIF1A,CEBPA;EP300;HIF1A;KLF5,TF;TF;TF;TF
CREB1,FOXO1,CEBPA;CREB1;FOXO1;hsa-miR-23a,TF;TF;TF;miRNA
hsa-miR-23a,DAPK1,CEBPA;DAPK1;hsa-miR-23a;hsa-miR-26a,TF;Gene;miRNA;miRNA
SP1,STAT3,CEBPA;SP1;STAT3;hsa-miR-23a,TF;TF;TF;miRNA
RELA,STAT3,CEBPA;RELA;STAT3;hsa-miR-23a,TF;TF;TF;miRNA
hsa-miR-23a,IRF1,CEBPA;HDAC1;IRF1;hsa-miR-23a,TF;TF;TF;miRNA
RELA,hsa-miR-34a,CEBPA;RELA;hsa-miR-23a;hsa-miR-34a,TF;TF;miRNA;miRNA
GATA1,CEBPA,CEBPA;GATA1;MYB;hsa-miR-23a,TF;TF;TF;miRNA
CEBPA,ID1,CEBPA;ID1;STAT3;hsa-miR-29c,TF;Gene;TF;miRNA
CEBPA,STAT3,CEBPA;LIF;STAT3;hsa-miR-26a,TF;Gene;TF;miRNA
hsa-miR-374a,MMP14,CEBPA;MMP14;hsa-miR-26a;hsa-miR-374a,TF;Gene;miRNA;miRNA
hsa-miR-144,DCBLD2,CEBPA;DCBLD2;hsa-miR-144;hsa-miR-26a,TF;Gene;miRNA;miRNA
hsa-miR-130a,DCBLD2,CEBPA;DCBLD2;hsa-miR-130a;hsa-miR-26a,TF;Gene;miRNA;miRNA
CEBPA,hsa-miR-26a,CEBPA;HDAC1;TP53;hsa-miR-26a,TF;TF;TF;miRNA
HDAC2,STAT3,CEBPA;HDAC2;STAT3;hsa-miR-130a,TF;TF;TF;miRNA
CEBPA,hsa-miR-19a,CEBPA;SPI1;STAT3;hsa-miR-19a,TF;TF;TF;miRNA
hsa-miR-363,TWIST1,CEBPA;STAT3;TWIST1;hsa-miR-363,TF;TF;TF;miRNA
hsa-miR-369,LTBP1,CEBPA;LTBP1;STAT3;hsa-miR-369,TF;Gene;TF;miRNA
ESR1,FOXO1,CEBPA;ESR1;FOXO1;hsa-miR-125b,TF;TF;TF;miRNA
hsa-miR-363,FN1,CEBPA;FN1;TWIST1;hsa-miR-363,TF;Gene;TF;miRNA
hsa-miR-363,ITGA5,CEBPA;FN1;ITGA5;hsa-miR-363,TF;Gene;Gene;miRNA
CREBBP,FOXO1,CEBPA;CREBBP;FOXO1;LEF1,TF;TF;TF;TF
CEBPA,RARA,CEBPA;HDAC1;RARA;SP1,TF;TF;TF;TF
EGR1,CEBPA,CEBPA;EGR1;MYB;hsa-miR-32,TF;TF;TF;miRNA
GATA1,RUNX1,CEBPA;CEBPB;GATA1;RUNX1,TF;TF;TF;TF
hsa-miR-369,RUNX1,CEBPA;CEBPB;RUNX1;hsa-miR-369,TF;TF;TF;miRNA
RELA,hsa-miR-34a,CEBPA;RELA;hsa-miR-34a;hsa-miR-92a,TF;TF;miRNA;miRNA
CEBPA,KLF5,CEBPA;KLF5;SPI1;hsa-miR-21,TF;TF;TF;miRNA
CEBPA,hsa-miR-200c,CEBPA;KLF5;TP53;hsa-miR-200c,TF;TF;TF;miRNA
CEBPA,KLF5,CEBPA;KLF5;TP53;hsa-miR-590,TF;TF;TF;miRNA
CEBPA,KLF5,CEBPA;KLF5;TP53;hsa-miR-148a,TF;TF;TF;miRNA
MYB,hsa-miR-200a,CEBPA;KLF5;MYB;hsa-miR-200a,TF;TF;TF;miRNA
CEBPA,EGR1,CEBPA;EGR1;FOXO1;HDAC1,TF;TF;TF;TF
CTNNB1,FOXO1,CEBPA;CTNNB1;FOXO1;hsa-miR-124,TF;TF;TF;miRNA
CEBPA,TP53,CEBPA;FOXO1;SIRT1;TP53,TF;TF;TF;TF
CEBPA,hsa-miR-20a,CEBPA;RUNX1;TP53;hsa-miR-20a,TF;TF;TF;miRNA
CEBPA,hsa-miR-429,CEBPA;HDAC1;TP53;hsa-miR-429,TF;TF;TF;miRNA
ZBTB16,hsa-miR-146a,CEBPA;TP53;ZBTB16;hsa-miR-146a,TF;TF;TF;miRNA
CEBPA,TP53,CEBPA;HDAC1;SP1;TP53,TF;TF;TF;TF
CEBPA,TCF7L2,CEBPA;HDAC1;TCF7L2;TP53,TF;TF;TF;TF
CEBPA,TP53,CEBPA;JUN;RUNX1;TP53,TF;TF;TF;TF
hsa-miR-130a,FAS,CEBPA;FAS;TP53;hsa-miR-130a,TF;Gene;TF;miRNA
MYB,hsa-miR-148a,CEBPA;MYB;TP53;hsa-miR-148a,TF;TF;TF;miRNA
hsa-miR-124,SPRY1,CEBPA;SPRY1;hsa-miR-124;hsa-miR-34a,TF;Gene;miRNA;miRNA
CEBPA,SPI1,CEBPA;HDAC1;JUN;SPI1,TF;TF;TF;TF
CEBPA,FN1,CEBPA;FN1;HDAC1;hsa-miR-200b,TF;Gene;TF;miRNA
CEBPA,FN1,CEBPA;FN1;RELA;RUNX1,TF;Gene;TF;TF
HNF4A,hsa-miR-122,CEBPA;HNF4A;hsa-miR-122;hsa-miR-124,TF;TF;miRNA;miRNA
hsa-miR-124,LOX,CEBPA;FN1;LOX;hsa-miR-124,TF;Gene;Gene;miRNA
CEBPB,THBS2,CEBPB;THBS2;hsa-miR-203;hsa-miR-20a,TF;Gene;miRNA;miRNA
CEBPB,HRK,CEBPB;HRK;hsa-miR-19a;hsa-miR-203,TF;Gene;miRNA;miRNA
CEBPB,hsa-miR-203,CEBPB;RUNX2;SNAI2;hsa-miR-203,TF;TF;TF;miRNA
CEBPB,TGFBR2,CEBPB;SMAD3;TGFBR2;hsa-miR-203,TF;TF;Gene;miRNA
CEBPB,LOX,CEBPB;LOX;hsa-miR-145;hsa-miR-203,TF;Gene;miRNA;miRNA
CEBPB,CYR61,CEBPB;CYR61;hsa-miR-145;hsa-miR-203,TF;Gene;miRNA;miRNA
CEBPB,SMAD4,CEBPB;CREB1;CTNNB1;SMAD4,TF;TF;TF;TF
CEBPB,hsa-miR-302a,CEBPB;CREB1;SMAD4;hsa-miR-302a,TF;TF;TF;miRNA
CEBPB,MYC,CEBPB;CREB1;CTNNB1;MYC,TF;TF;TF;TF
CEBPB,STAT3,CEBPB;CREB1;EP300;STAT3,TF;TF;TF;TF
CEBPB,PLAU,CEBPB;CREB1;JUN;PLAU,TF;TF;TF;Gene
CEBPB,MMP2,CEBPB;CREB1;JUN;MMP2,TF;TF;TF;Gene
CEBPB,hsa-miR-23a,CEBPB;CREB1;RELA;hsa-miR-23a,TF;TF;TF;miRNA
CEBPB,hsa-miR-92a,CEBPB;CREB1;STAT3;hsa-miR-92a,TF;TF;TF;miRNA
CEBPB,hsa-miR-18a,CEBPB;CREB1;RELA;hsa-miR-18a,TF;TF;TF;miRNA
CEBPB,SMAD6,CEBPB;CREB1;SMAD6;hsa-miR-17,TF;TF;Gene;miRNA
CEBPB,SMAD6,CEBPB;CREB1;SMAD6;hsa-miR-92a,TF;TF;Gene;miRNA
CEBPB,IRF1,CEBPB;EP300;IRF1;hsa-miR-542,TF;TF;TF;miRNA
CEBPB,HRK,CEBPB;HRK;hsa-miR-18a;hsa-miR-542,TF;Gene;miRNA;miRNA
CEBPB,DAPK1,CEBPB;DAPK1;RELA;hsa-miR-130a,TF;Gene;TF;miRNA
CEBPB,LIF,CEBPB;IL6;LIF;hsa-miR-223,TF;Gene;Gene;miRNA
E2F1,hsa-miR-223,CEBPB;E2F1;hsa-miR-19b;hsa-miR-223,TF;TF;miRNA;miRNA
CEBPB,OXTR,CEBPB;HSF1;OXTR;RELA,TF;TF;Gene;TF
CEBPB,SERPINE1,CEBPB;HSF1;NFKB1;SERPINE1,TF;TF;TF;Gene
TP53,HSF1,CEBPB;HSF1;TP53;hsa-miR-19b,TF;TF;TF;miRNA
CEBPB,HSF1,CEBPB;HSF1;PPARG;TP53,TF;TF;TF;TF
CEBPB,RELA,CEBPB;HSF1;RELA;RUNX1,TF;TF;TF;TF
CEBPB,VEGFA,CEBPB;STAT3;VEGFA;hsa-miR-20a,TF;TF;Gene;miRNA
CEBPB,THBS2,CEBPB;THBS2;hsa-miR-181c;hsa-miR-20a,TF;Gene;miRNA;miRNA
CEBPB,hsa-miR-20a,CEBPB;FOXO1;STAT3;hsa-miR-20a,TF;TF;TF;miRNA
CEBPB,TWIST1,CEBPB;STAT3;TWIST1;hsa-miR-20a,TF;TF;TF;miRNA
CEBPB,hsa-miR-20a,CEBPB;HES1;RELA;hsa-miR-20a,TF;TF;TF;miRNA
CEBPB,F8,CEBPB;F3;F8;hsa-miR-20a,TF;Gene;Gene;miRNA
CEBPB,hsa-miR-20a,CEBPB;MYB;MYC;hsa-miR-20a,TF;TF;TF;miRNA
CEBPB,hsa-miR-20a,CEBPB;HIF1A;NFKB1;hsa-miR-20a,TF;TF;TF;miRNA
CEBPB,SMAD4,CEBPB;EP300;SMAD3;SMAD4,TF;TF;TF;TF
CEBPB,hsa-miR-424,CEBPB;SMAD3;SMAD4;hsa-miR-424,TF;TF;TF;miRNA
CEBPB,SNAI1,CEBPB;SMAD3;SMAD4;SNAI1,TF;TF;TF;TF
CEBPB,OXTR,CEBPB;OXTR;hsa-miR-143;hsa-miR-29a,TF;Gene;miRNA;miRNA
CEBPB,OXTR,CEBPB;FOS;OXTR;hsa-miR-181c,TF;TF;Gene;miRNA
CEBPB,OXTR,CEBPB;MYC;OXTR;hsa-miR-23b,TF;TF;Gene;miRNA
CEBPB,OXTR,CEBPB;OXTR;RELA;hsa-miR-30b,TF;Gene;TF;miRNA
CEBPB,VCAM1,CEBPB;EP300;IL6;VCAM1,TF;TF;Gene;Gene
CEBPB,IL6,CEBPB;EP300;FOXO1;IL6,TF;TF;TF;Gene
hsa-miR-376b,HBEGF,CEBPB;HBEGF;hsa-miR-31;hsa-miR-376b,TF;Gene;miRNA;miRNA
CEBPB,hsa-miR-31,CEBPB;EP300;JUN;hsa-miR-31,TF;TF;TF;miRNA
CEBPB,FGF7,CEBPB;FGF7;JUN;hsa-miR-31,TF;Gene;TF;miRNA
CEBPB,hsa-miR-31,CEBPB;KLF4;RUNX1;hsa-miR-31,TF;TF;TF;miRNA
ETS1,hsa-miR-31,CEBPB;ETS1;hsa-miR-155;hsa-miR-31,TF;TF;miRNA;miRNA
CEBPB,VEGFA,CEBPB;EP300;STAT3;VEGFA,TF;TF;TF;Gene
CEBPB,VEGFA,CEBPB;EP300;VEGFA;hsa-miR-424,TF;TF;Gene;miRNA
E2F1,EP300,CEBPB;E2F1;EP300;hsa-miR-19b,TF;TF;TF;miRNA
CEBPB,RUNX2,CEBPB;EP300;JUN;RUNX2,TF;TF;TF;TF
CEBPB,STAT3,CEBPB;EP300;EZH2;STAT3,TF;TF;TF;TF
CEBPB,RUNX1,CEBPB;EP300;LEF1;RUNX1,TF;TF;TF;TF
CEBPB,hsa-miR-424,CEBPB;EP300;NFKB1;hsa-miR-424,TF;TF;TF;miRNA
CEBPB,HDAC3,CEBPB;EP300;HDAC1;HDAC3,TF;TF;TF;TF
CEBPB,RUNX1,CEBPB;EP300;FOXO3;RUNX1,TF;TF;TF;TF
CEBPB,THBD,CEBPB;EP300;NFKB1;THBD,TF;TF;TF;Gene
CEBPB,RUNX2,CEBPB;EP300;FOS;RUNX2,TF;TF;TF;TF
CEBPB,hsa-miR-181c,CEBPB;EP300;HIF1A;hsa-miR-181c,TF;TF;TF;miRNA
CEBPB,IRF1,CEBPB;EP300;IRF1;RELA,TF;TF;TF;TF
CEBPB,NCOR1,CEBPB;EP300;NCOR1;NFKB1,TF;TF;TF;TF
hsa-miR-19b,FURIN,CEBPB;FURIN;hsa-miR-19b;hsa-miR-424,TF;Gene;miRNA;miRNA
CEBPB,FURIN,CEBPB;FURIN;SMAD3;hsa-miR-424,TF;Gene;TF;miRNA
CEBPB,FURIN,CEBPB;FURIN;MYC;hsa-miR-20b,TF;Gene;TF;miRNA
hsa-miR-655,DCBLD2,CEBPB;DCBLD2;hsa-miR-19a;hsa-miR-655,TF;Gene;miRNA;miRNA
TP53,hsa-miR-19a,CEBPB;TP53;hsa-miR-19a;hsa-miR-655,TF;TF;miRNA;miRNA
CEBPB,MYBL1,CEBPB;MYBL1;hsa-miR-181c;hsa-miR-19a,TF;Gene;miRNA;miRNA
CEBPB,FAS,CEBPB;FAS;NFKB1;hsa-miR-19a,TF;Gene;TF;miRNA
CEBPB,VEGFA,CEBPB;JUN;VEGFA;XBP1,TF;TF;Gene;TF
CEBPB,VEGFA,CEBPB;JUN;NFKB1;VEGFA,TF;TF;TF;Gene
CEBPB,hsa-miR-222,CEBPB;JUN;RELA;hsa-miR-222,TF;TF;TF;miRNA
CEBPB,hsa-miR-429,CEBPB;JUN;MYB;hsa-miR-429,TF;TF;TF;miRNA
CEBPB,STAT3,CEBPB;JUN;SP1;STAT3,TF;TF;TF;TF
CEBPB,DDIT3,CEBPB;DDIT3;JUN;STAT3,TF;TF;TF;TF
CEBPB,TERT,CEBPB;JUN;TERT;hsa-miR-424,TF;TF;Gene;miRNA
CEBPB,SP1,CEBPB;HDAC1;JUN;SP1,TF;TF;TF;TF
CEBPB,hsa-miR-92a,CEBPB;JUN;SP1;hsa-miR-92a,TF;TF;TF;miRNA
CEBPB,FGF7,CEBPB;FGF7;JUN;NFKB1,TF;Gene;TF;TF
CEBPB,JUN,CEBPB;HDAC1;JUN;RUNX1,TF;TF;TF;TF
HDAC4,JUN,CEBPB;HDAC4;JUN;hsa-miR-155,TF;TF;TF;miRNA
CEBPB,JUN,CEBPB;HIF1A;JUN;KLF5,TF;TF;TF;TF
CEBPB,TP53,CEBPB;JUN;PPARG;TP53,TF;TF;TF;TF
CEBPB,EXT1,CEBPB;EXT1;hsa-miR-17;hsa-miR-181c,TF;Gene;miRNA;miRNA
CEBPB,EXT1,CEBPB;EXT1;hsa-miR-145;hsa-miR-181c,TF;Gene;miRNA;miRNA
CEBPB,PLAU,CEBPB;NFKB1;PLAU;hsa-miR-181c,TF;TF;Gene;miRNA
CEBPB,hsa-miR-181c,CEBPB;EGR1;RELA;hsa-miR-181c,TF;TF;TF;miRNA
hsa-miR-374a,MMP14,CEBPB;MMP14;hsa-miR-181c;hsa-miR-374a,TF;Gene;miRNA;miRNA
hsa-miR-19b,DCBLD2,CEBPB;DCBLD2;hsa-miR-181c;hsa-miR-19b,TF;Gene;miRNA;miRNA
hsa-miR-655,DCBLD2,CEBPB;DCBLD2;hsa-miR-181c;hsa-miR-655,TF;Gene;miRNA;miRNA
CEBPB,hsa-miR-145,CEBPB;SNAI2;hsa-miR-145;hsa-miR-181c,TF;TF;miRNA;miRNA
hsa-miR-374a,UGCG,CEBPB;UGCG;hsa-miR-181c;hsa-miR-374a,TF;Gene;miRNA;miRNA
CEBPB,TGFBR2,CEBPB;TGFBR2;hsa-miR-17;hsa-miR-181c,TF;Gene;miRNA;miRNA
CEBPB,SMAD7,CEBPB;SMAD3;SMAD7;hsa-miR-181c,TF;TF;Gene;miRNA
CEBPB,hsa-miR-27b,CEBPB;NFKB1;STAT3;hsa-miR-27b,TF;TF;TF;miRNA
CEBPB,STAT3,CEBPB;SMAD3;SP1;STAT3,TF;TF;TF;TF
CEBPB,EPAS1,CEBPB;EPAS1;STAT3;hsa-miR-17,TF;TF;TF;miRNA
CEBPB,STAT3,CEBPB;RELA;RUNX1;STAT3,TF;TF;TF;TF
CEBPB,DDIT3,CEBPB;DDIT3;SMAD3;STAT3,TF;TF;TF;TF
CEBPB,VDR,CEBPB;SMAD3;STAT3;VDR,TF;TF;TF;TF
CEBPB,DDIT3,CEBPB;DDIT3;NFKB1;STAT3,TF;TF;TF;TF
CEBPB,hsa-miR-29a,CEBPB;STAT3;hsa-miR-143;hsa-miR-29a,TF;TF;miRNA;miRNA
CEBPB,hsa-miR-15a,CEBPB;MYB;STAT3;hsa-miR-15a,TF;TF;TF;miRNA
CEBPB,hsa-miR-146a,CEBPB;NFKB1;STAT3;hsa-miR-146a,TF;TF;TF;miRNA
hsa-miR-19b,FOXO1,CEBPB;FBXO32;FOXO1;hsa-miR-19b,TF;Gene;TF;miRNA
TP53,CEBPB,CEBPB;TP53;hsa-miR-19b;hsa-miR-655,TF;TF;miRNA;miRNA
hsa-miR-19b,TGFBR2,CEBPB;TGFBR2;hsa-miR-145;hsa-miR-19b,TF;Gene;miRNA;miRNA
hsa-miR-19b,HMGCS1,CEBPB;HDAC1;HMGCS1;hsa-miR-19b,TF;TF;Gene;miRNA
NKX2-5,hsa-miR-145,CEBPB;NKX2-5;hsa-miR-145;hsa-miR-19b,TF;TF;miRNA;miRNA
CEBPB,STAT1,CEBPB;HDAC1;RUNX2;STAT1,TF;TF;TF;TF
hsa-miR-655,VEGFC,CEBPB;RUNX2;VEGFC;hsa-miR-655,TF;TF;Gene;miRNA
CEBPB,SNAI2,CEBPB;HDAC1;RUNX2;SNAI2,TF;TF;TF;TF
CEBPB,hsa-miR-146b,CEBPB;HDAC1;STAT1;hsa-miR-146b,TF;TF;TF;miRNA
CEBPB,hsa-miR-146b,CEBPB;RELA;RUNX1;hsa-miR-146b,TF;TF;TF;miRNA
CEBPB,NOTCH1,CEBPB;KLF5;NOTCH1;hsa-miR-92a,TF;TF;Gene;miRNA
CEBPB,hsa-miR-92a,CEBPB;HES1;RELA;hsa-miR-92a,TF;TF;TF;miRNA
CEBPB,hsa-miR-92a,CEBPB;MYB;RUNX1;hsa-miR-92a,TF;TF;TF;miRNA
CEBPB,FST,CEBPB;FST;SMAD3;hsa-miR-92a,TF;Gene;TF;miRNA
CEBPB,GADD45G,CEBPB;GADD45G;MYC;hsa-miR-16,TF;Gene;TF;miRNA
CEBPB,GADD45G,CEBPB;GADD45G;SMAD3;hsa-miR-424,TF;Gene;TF;miRNA
CEBPB,hsa-miR-18a,CEBPB;FOXO1;SMAD3;hsa-miR-18a,TF;TF;TF;miRNA
CEBPB,KLF5,CEBPB;KLF5;NFKB1;hsa-miR-21,TF;TF;TF;miRNA
CEBPB,hsa-miR-141,CEBPB;KLF5;MYB;hsa-miR-141,TF;TF;TF;miRNA
hsa-miR-655,OPTN,CEBPB;OPTN;RELA;hsa-miR-655,TF;Gene;TF;miRNA
hsa-miR-655,ETV1,CEBPB;ETV1;hsa-miR-424;hsa-miR-655,TF;Gene;miRNA;miRNA
TP53,hsa-miR-18a,CEBPB;TP53;hsa-miR-18a;hsa-miR-655,TF;TF;miRNA;miRNA
hsa-miR-155,FGF7,CEBPB;FGF7;hsa-miR-155;hsa-miR-424,TF;Gene;miRNA;miRNA
CEBPB,SMAD7,CEBPB;SMAD7;hsa-miR-17;hsa-miR-424,TF;Gene;miRNA;miRNA
CEBPB,PPARG,CEBPB;HDAC1;HDAC3;PPARG,TF;TF;TF;TF
hsa-miR-374a,SMAD6,CEBPB;SMAD6;hsa-miR-17;hsa-miR-374a,TF;Gene;miRNA;miRNA
CEBPB,MYC,CEBPB;HDAC1;MYC;RB1,TF;TF;TF;TF
CEBPB,MYC,CEBPB;HDAC1;HDAC3;MYC,TF;TF;TF;TF
CEBPB,MYC,CEBPB;HDAC1;LEF1;MYC,TF;TF;TF;TF
CEBPB,KLF4,CEBPB;HDAC1;KLF4;RUNX1,TF;TF;TF;TF
CEBPB,hsa-miR-146a,CEBPB;HDAC1;MYC;hsa-miR-146a,TF;TF;TF;miRNA
CEBPB,hsa-miR-17,CEBPB;MYB;MYC;hsa-miR-17,TF;TF;TF;miRNA
CEBPB,hsa-miR-17,CEBPB;MYC;NANOG;hsa-miR-17,TF;TF;TF;miRNA
CEBPD,POU5F1,CEBPD;POU5F1;PPARG;hsa-miR-125b,TF;TF;TF;miRNA
MYC,CELSR3,CELSR3;MYC;hsa-miR-30a;hsa-miR-30b,Gene;TF;miRNA;miRNA
MYCN,CELSR3,CELSR3;MYCN;hsa-miR-181d;hsa-miR-183,Gene;TF;miRNA;miRNA
hsa-miR-320a,CELSR3,CELSR3;TWIST1;hsa-miR-181a;hsa-miR-320a,Gene;TF;miRNA;miRNA
hsa-miR-181a,CELSR3,CELSR3;SMAD3;hsa-miR-181a;hsa-miR-30d,Gene;TF;miRNA;miRNA
RELA,CELSR3,CELSR3;RELA;hsa-miR-132;hsa-miR-30b,Gene;TF;miRNA;miRNA
NFKB1,CELSR3,CELSR3;CTCF;NFKB1;hsa-miR-506,Gene;TF;TF;miRNA
hsa-miR-26a,CHAC1,CHAC1;HIF1A;hsa-miR-26a;hsa-miR-424,Gene;TF;miRNA;miRNA
E2F1,CHAC1,CHAC1;E2F1;hsa-miR-15b;hsa-miR-195,Gene;TF;miRNA;miRNA
CTNNB1,CITED2,CITED2;CTNNB1;hsa-miR-182;hsa-miR-203,Gene;TF;miRNA;miRNA
hsa-miR-613,VEGFA,CITED2;HIF1A;VEGFA;hsa-miR-613,Gene;TF;Gene;miRNA
hsa-miR-144,FOS,CITED2;EP300;FOS;hsa-miR-144,Gene;TF;TF;miRNA
hsa-miR-199a,DCBLD2,CITED2;DCBLD2;TFAP2A;hsa-miR-199a,Gene;Gene;TF;miRNA
CTNNB1,CITED2,CITED2;CTNNB1;hsa-miR-182;hsa-miR-199a,Gene;TF;miRNA;miRNA
hsa-miR-199a,HIF1A,CITED2;EP300;HIF1A;hsa-miR-199a,Gene;TF;TF;miRNA
RELA,CITED2,CITED2;RELA;hsa-miR-132;hsa-miR-199a,Gene;TF;miRNA;miRNA
hsa-miR-199a,PPARA,CITED2;CREBBP;PPARA;hsa-miR-199a,Gene;TF;TF;miRNA
CITED2,VEGFA,CITED2;EP300;TFAP2A;VEGFA,Gene;TF;TF;Gene
ELK1,hsa-miR-18a,CITED2;ELK1;TFAP2A;hsa-miR-18a,Gene;TF;TF;miRNA
HDAC2,CITED2,CITED2;HDAC2;hsa-miR-182;hsa-miR-200c,Gene;TF;miRNA;miRNA
SP1,CITED2,CITED2;SP1;hsa-miR-132;hsa-miR-200c,Gene;TF;miRNA;miRNA
TWIST1,CITED2,CITED2;TWIST1;hsa-miR-200b;hsa-miR-200c,Gene;TF;miRNA;miRNA
CITED2,SMAD4,CITED2;CREBBP;FOXO3;SMAD4,Gene;TF;TF;TF
RELA,FOXO3,CITED2;FOXO3;RELA;hsa-miR-132,Gene;TF;TF;miRNA
CITED2,RUNX1,CITED2;FOXO3;HIF1A;RUNX1,Gene;TF;TF;TF
CITED2,SMAD3,CITED2;FOXO3;HIF1A;SMAD3,Gene;TF;TF;TF
ELK1,FOS,CITED2;CREBBP;ELK1;FOS,Gene;TF;TF;TF
hsa-miR-429,NOTCH1,CITED2;EP300;NOTCH1;hsa-miR-429,Gene;TF;Gene;miRNA
hsa-miR-1,CITED2,CITED2;EZH2;hsa-miR-1;hsa-miR-429,Gene;TF;miRNA;miRNA
HDAC1,CITED2,CITED2;HDAC1;HDAC9;hsa-miR-429,Gene;TF;TF;miRNA
hsa-miR-128,HOXA10,CITED2;CREBBP;HOXA10;hsa-miR-128,Gene;TF;TF;miRNA
hsa-miR-1,CITED2,CITED2;KLF4;hsa-miR-1;hsa-miR-145,Gene;TF;miRNA;miRNA
CITED2,HIF1A,CITED2;EP300;HIF1A;YY1,Gene;TF;TF;TF
CITED2,JUN,CITED2;EP300;HIF1A;JUN,Gene;TF;TF;TF
EGR1,CITED2,CITED2;EGR1;hsa-miR-132;hsa-miR-200b,Gene;TF;miRNA;miRNA
HDAC9,CITED2,CITED2;HDAC9;TP53;hsa-miR-200b,Gene;TF;TF;miRNA
FOXA2,MMP2,COL18A1;FOXA2;MMP2;hsa-miR-29c,Gene;TF;Gene;miRNA
SP1,MMP2,COL18A1;HBEGF;MMP2;SP1,Gene;Gene;Gene;TF
hsa-miR-767,COL3A1,COL1A1;COL3A1;hsa-miR-29b;hsa-miR-767,Gene;Gene;miRNA;miRNA
hsa-miR-29b,SPARC,COL1A1;MYBL2;SPARC;hsa-miR-29b,Gene;Gene;Gene;miRNA
hsa-miR-143,SPARC,COL1A1;SPARC;hsa-miR-143;hsa-miR-29b,Gene;Gene;miRNA;miRNA
SP1,ITGA5,COL1A1;ITGA5;SP1;hsa-miR-29b,Gene;Gene;TF;miRNA
hsa-miR-335,COL1A1,COL1A1;hsa-let-7b;hsa-miR-29b;hsa-miR-335,Gene;miRNA;miRNA;miRNA
RELA,COL1A1,COL1A1;IRF1;RELA;hsa-miR-29b,Gene;TF;TF;miRNA
MYC,COL1A1,COL1A1;MYC;TFAP2A;hsa-miR-371a,Gene;TF;TF;miRNA
STAT1,COL1A1,COL1A1;STAT1;hsa-let-7a;hsa-miR-29a,Gene;TF;miRNA;miRNA
NFKB1,COL1A1,COL1A1;NFKB1;YY1;hsa-miR-29a,Gene;TF;TF;miRNA
hsa-miR-29a,LOX,COL1A1;FN1;LOX;hsa-miR-29a,Gene;Gene;Gene;miRNA
MYC,COL1A1,COL1A1;MYC;hsa-let-7i;hsa-miR-29a,Gene;TF;miRNA;miRNA
hsa-miR-335,COL1A1,COL1A1;hsa-let-7e;hsa-miR-29a;hsa-miR-335,Gene;miRNA;miRNA;miRNA
TP53,COL1A1,COL1A1;TP53;hsa-miR-143;hsa-miR-29a,Gene;TF;miRNA;miRNA
STAT3,COL1A1,COL1A1;STAT3;hsa-miR-143;hsa-miR-218,Gene;TF;miRNA;miRNA
RELA,COL1A1,COL1A1;RELA;STAT3;hsa-miR-218,Gene;TF;TF;miRNA
hsa-miR-218,FN1,COL1A1;CTGF;FN1;hsa-miR-218,Gene;Gene;Gene;miRNA
HOXA9,COL1A1,COL1A1;HOXA9;RELA;hsa-miR-196b,Gene;TF;TF;miRNA
RELA,COL1A1,COL1A1;RELA;YY1;hsa-miR-29c,Gene;TF;TF;miRNA
hsa-miR-29c,MMP2,COL1A1;MMP2;RUNX2;hsa-miR-29c,Gene;Gene;TF;miRNA
HDAC4,RUNX2,COL1A1;HDAC4;RUNX2;hsa-miR-29c,Gene;TF;TF;miRNA
hsa-miR-29c,COL3A1,COL1A1;COL3A1;MYBL2;hsa-miR-29c,Gene;Gene;Gene;miRNA
NFKB1,COL3A1,COL1A1;COL3A1;NFKB1;hsa-miR-29c,Gene;Gene;TF;miRNA
MYB,COL1A1,COL1A1;MYB;MYC;hsa-miR-29c,Gene;TF;TF;miRNA
MYC,COL1A1,COL1A1;MYC;hsa-miR-29c;hsa-miR-371a,Gene;TF;miRNA;miRNA
hsa-miR-196a,COL1A1,COL1A1;MYC;hsa-let-7g;hsa-miR-196a,Gene;TF;miRNA;miRNA
hsa-miR-133a,LTBP1,COL1A1;FBN1;LTBP1;hsa-miR-133a,Gene;Gene;Gene;miRNA
SP1,FBN1,COL1A1;FBN1;SP1;hsa-miR-23a,Gene;Gene;TF;miRNA
NFKB1,FBN1,COL1A1;FBN1;NFKB1;hsa-miR-130a,Gene;Gene;TF;miRNA
MYC,COL1A1,COL1A1;MYC;hsa-let-7b;hsa-let-7g,Gene;TF;miRNA;miRNA
hsa-miR-455,ITGB1,COL1A1;ITGB1;hsa-let-7b;hsa-miR-455,Gene;Gene;miRNA;miRNA
MYC,COL1A1,COL1A1;MYC;hsa-let-7b;hsa-let-7i,Gene;TF;miRNA;miRNA
ETS1,hsa-miR-31,COL1A1;ETS1;RUNX2;hsa-miR-31,Gene;TF;TF;miRNA
JUN,RUNX2,COL1A1;ETS1;JUN;RUNX2,Gene;TF;TF;TF
COL1A1,SPP1,COL1A1;ITGB1;SPARC;SPP1,Gene;Gene;Gene;Gene
HIF1A,COL1A1,COL1A1;HIF1A;hsa-miR-143;hsa-miR-193a,Gene;TF;miRNA;miRNA
SP1,FN1,COL1A1;FN1;SP1;hsa-miR-429,Gene;Gene;TF;miRNA
SP1,ITGA5,COL1A1;ITGA5;PAX6;SP1,Gene;Gene;TF;TF
EP300,COL1A1,COL1A1;EP300;RELA;STAT6,Gene;TF;TF;TF
ESR1,FN1,COL1A1;ESR1;FN1;RELA,Gene;TF;Gene;TF
RELA,FN1,COL1A1;FN1;RELA;hsa-miR-96,Gene;Gene;TF;miRNA
STAT6,TLR4,COL1A1;FN1;STAT6;TLR4,Gene;Gene;TF;Gene
NFKB1,COL3A1,COL3A1;NFKB1;hsa-let-7b;hsa-miR-29c,Gene;TF;miRNA;miRNA
hsa-miR-29b,LOX,COL3A1;FN1;LOX;hsa-miR-29b,Gene;Gene;Gene;miRNA
COL3A1,THBS1,COL3A1;FN1;ITGB1;THBS1,Gene;Gene;Gene;Gene
hsa-miR-455,SPARC,COL3A1;SPARC;hsa-miR-29a;hsa-miR-455,Gene;Gene;miRNA;miRNA
hsa-miR-455,SPARC,COL3A1;SPARC;hsa-miR-29c;hsa-miR-455,Gene;Gene;miRNA;miRNA
STAT3,COL3A1,COL3A1;STAT3;hsa-miR-29a;hsa-miR-29c,Gene;TF;miRNA;miRNA
hsa-miR-335,COL3A1,COL3A1;hsa-miR-29a;hsa-miR-29c;hsa-miR-335,Gene;miRNA;miRNA;miRNA
hsa-miR-29a,LOX,COL3A1;FN1;LOX;hsa-miR-29a,Gene;Gene;Gene;miRNA
hsa-miR-335,COL3A1,COL3A1;hsa-let-7e;hsa-miR-29c;hsa-miR-335,Gene;miRNA;miRNA;miRNA
NFKB1,COL7A1,COL7A1;NFKB1;STAT1;hsa-miR-29a,Gene;TF;TF;miRNA
FOS,COL7A1,COL7A1;FOS;NFKB1;SMAD4,Gene;TF;TF;TF
SMAD3,COL7A1,COL7A1;FOXA2;SMAD3;hsa-miR-29a,Gene;TF;TF;miRNA
SP1,COL7A1,COL7A1;SP1;STAT3;hsa-miR-29a,Gene;TF;TF;miRNA
SP1,COL7A1,COL7A1;SP1;TP53;hsa-miR-29a,Gene;TF;TF;miRNA
CTNNB1,COL7A1,COL7A1;CTNNB1;RELA;SMAD3,Gene;TF;TF;TF
CREBBP,COL7A1,COL7A1;CREBBP;RELA;SMAD3,Gene;TF;TF;TF
CREB1,MECP2,CREB1;DNMT1;EP300;MECP2,TF;TF;TF;TF
CREB1,hsa-miR-23a,CREB1;EPAS1;hsa-miR-23a;hsa-miR-9,TF;TF;miRNA;miRNA
CREB1,OPTN,CREB1;OPTN;RELA;hsa-miR-9,TF;Gene;TF;miRNA
CREB1,hsa-miR-21,CREB1;CTNNB1;NFKB1;hsa-miR-21,TF;TF;TF;miRNA
CREB1,hsa-miR-21,CREB1;EP300;HIF1A;hsa-miR-21,TF;TF;TF;miRNA
CREB1,hsa-miR-21,CREB1;JUN;RELA;hsa-miR-21,TF;TF;TF;miRNA
CREB1,TGFBR2,CREB1;TGFBR2;hsa-miR-21;hsa-miR-320a,TF;Gene;miRNA;miRNA
CREB1,hsa-miR-21,CREB1;FOS;SPI1;hsa-miR-21,TF;TF;TF;miRNA
SP1,SMAD6,CREB1;SMAD6;SP1;hsa-miR-17,TF;Gene;TF;miRNA
CREB1,PLAU,CREB1;PLAU;STAT3;hsa-miR-181a,TF;Gene;TF;miRNA
CREB1,PLAU,CREB1;EP300;FOS;PLAU,TF;TF;TF;Gene
CREB1,PLAU,CREB1;JUN;PLAU;RELA,TF;TF;Gene;TF
CREB1,hsa-miR-373,CREB1;CTNNB1;HIF1A;hsa-miR-373,TF;TF;TF;miRNA
SP1,FGL2,CREB1;FGL2;SP1;hsa-miR-373,TF;Gene;TF;miRNA
CREB1,ETV1,CREB1;ETV1;hsa-miR-148a;hsa-miR-373,TF;Gene;miRNA;miRNA
CREB1,TP53,CREB1;SQSTM1;TP53;hsa-miR-373,TF;Gene;TF;miRNA
SRF,SNAI2,CREB1;SNAI2;SRF;hsa-miR-206,TF;TF;TF;miRNA
SRF,hsa-miR-143,CREB1;SRF;STAT3;hsa-miR-143,TF;TF;TF;miRNA
SRF,hsa-miR-145,CREB1;FOXO1;SRF;hsa-miR-145,TF;TF;TF;miRNA
CREB1,HOXA10,CREB1;HOXA10;hsa-miR-15b;hsa-miR-320a,TF;TF;miRNA;miRNA
CREB1,hsa-miR-15b,CREB1;E2F1;RELA;hsa-miR-15b,TF;TF;TF;miRNA
CREB1,SMAD7,CREB1;FOS;SMAD7;hsa-miR-15b,TF;TF;Gene;miRNA
CREB1,FOSL1,CREB1;FOSB;FOSL1;hsa-miR-15b,TF;Gene;Gene;miRNA
CREB1,VEGFA,CREB1;EGR1;VEGFA;hsa-miR-302a,TF;TF;Gene;miRNA
CREB1,SPRY1,CREB1;EGR1;SPRY1;hsa-miR-212,TF;TF;Gene;miRNA
CREB1,hsa-miR-124,CREB1;CTNNB1;EGR1;hsa-miR-124,TF;TF;TF;miRNA
CREB1,JUN,CREB1;EGR1;FOXO1;JUN,TF;TF;TF;TF
CREB1,FOSB,CREB1;EGR1;FOSB;hsa-miR-27a,TF;TF;Gene;miRNA
CREB1,FOSB,CREB1;EGR1;FOS;FOSB,TF;TF;TF;Gene
CREB1,hsa-miR-132,CREB1;EGR1;FOXO1;hsa-miR-132,TF;TF;TF;miRNA
CREB1,F3,CREB1;EGR1;F3;hsa-miR-148a,TF;TF;Gene;miRNA
CREB1,MYB,CREB1;EGR1;JUND;MYB,TF;TF;TF;TF
CREB1,IL6,CREB1;CTNNB1;FOXO1;IL6,TF;TF;TF;Gene
SP1,MITF,CREB1;MITF;SP1;hsa-miR-29b,TF;TF;TF;miRNA
CREB1,hsa-miR-18b,CREB1;JUN;MITF;hsa-miR-18b,TF;TF;TF;miRNA
CREB1,hsa-miR-204,CREB1;MITF;STAT3;hsa-miR-204,TF;TF;TF;miRNA
CREB1,MMP2,CREB1;EP300;KLF4;MMP2,TF;TF;TF;Gene
CREB1,MMP2,CREB1;EP300;HIF1A;MMP2,TF;TF;TF;Gene
CREB1,MMP2,CREB1;EP300;MMP2;NFKB1,TF;TF;Gene;TF
CREB1,MMP2,CREB1;JUN;MMP2;RELA,TF;TF;Gene;TF
CREB1,DCBLD2,CREB1;DCBLD2;hsa-miR-23a;hsa-miR-320a,TF;Gene;miRNA;miRNA
CREB1,FOS,CREB1;CTNNB1;FOS;RB1,TF;TF;TF;TF
CREB1,HNF4A,CREB1;CTNNB1;EP300;HNF4A,TF;TF;TF;TF
CREB1,FOXO3,CREB1;CTNNB1;EP300;FOXO3,TF;TF;TF;TF
CREB1,hsa-miR-150,CREB1;CTNNB1;EP300;hsa-miR-150,TF;TF;TF;miRNA
CREB1,STAT3,CREB1;CTNNB1;JUN;STAT3,TF;TF;TF;TF
SP1,SOX9,CREB1;CTNNB1;SOX9;SP1,TF;TF;TF;TF
CREB1,PPP2R2B,CREB1;CTNNB1;NFKB1;PPP2R2B,TF;TF;TF;Gene
CREB1,MYC,CREB1;CTNNB1;FOS;MYC,TF;TF;TF;TF
CREB1,hsa-miR-302a,CREB1;CTNNB1;SOX2;hsa-miR-302a,TF;TF;TF;miRNA
CREB1,SMAD3,CREB1;CTNNB1;RELA;SMAD3,TF;TF;TF;TF
CREB1,hsa-miR-183,CREB1;CTNNB1;RELA;hsa-miR-183,TF;TF;TF;miRNA
CREB1,SNAI2,CREB1;EP300;HDAC2;SNAI2,TF;TF;TF;TF
CREB1,TP53,CREB1;EP300;HDAC2;TP53,TF;TF;TF;TF
CREB1,hsa-miR-23a,CREB1;EP300;JUN;hsa-miR-23a,TF;TF;TF;miRNA
CREB1,hsa-miR-23a,CREB1;EP300;EPAS1;hsa-miR-23a,TF;TF;TF;miRNA
CREB1,RELA,CREB1;EP300;PPP2R2B;RELA,TF;TF;Gene;TF
CREB1,TP53,CREB1;EP300;HDAC9;TP53,TF;TF;TF;TF
CREB1,RELA,CREB1;EP300;RELA;USF1,TF;TF;TF;TF
CREB1,THBD,CREB1;EP300;RELA;THBD,TF;TF;TF;Gene
CREB1,JUND,CREB1;FOS;FOSB;JUND,TF;TF;Gene;TF
CREB1,hsa-miR-23a,CREB1;JUN;RUNX2;hsa-miR-23a,TF;TF;TF;miRNA
CREB1,STAT3,CREB1;JUN;NFKB1;STAT3,TF;TF;TF;TF
CREB1,SIRT1,CREB1;FOSB;JUN;SIRT1,TF;Gene;TF;TF
CREB1,hsa-miR-141,CREB1;JUN;TP53;hsa-miR-141,TF;TF;TF;miRNA
SP1,OXTR,CREB1;OXTR;SP1;hsa-miR-23a,TF;Gene;TF;miRNA
CREB1,STAT3,CREB1;HIC1;STAT3;hsa-miR-23a,TF;Gene;TF;miRNA
CREB1,IL11,CREB1;IL11;STAT3;hsa-miR-23a,TF;Gene;TF;miRNA
CREB1,FAS,CREB1;FAS;TP53;hsa-miR-23a,TF;Gene;TF;miRNA
CREB1,FAS,CREB1;FAS;RELA;hsa-miR-23a,TF;Gene;TF;miRNA
CREB1,SNAI1,CREB1;FOS;SMAD4;SNAI1,TF;TF;TF;TF
CREB1,FOSL1,CREB1;FOS;FOSB;FOSL1,TF;TF;Gene;Gene
CREB1,FOSB,CREB1;FOS;FOSB;hsa-miR-148a,TF;TF;Gene;miRNA
CREB1,VEGFA,CREB1;RELA;STAT3;VEGFA,TF;TF;TF;Gene
CREB1,SNAI2,CREB1;SNAI2;STAT3;hsa-miR-124,TF;TF;TF;miRNA
SP1,hsa-miR-17,CREB1;SP1;STAT3;hsa-miR-17,TF;TF;TF;miRNA
SP1,TERT,CREB1;SP1;STAT3;TERT,TF;TF;TF;Gene
CREB1,STAT3,CREB1;MET;STAT3;hsa-miR-212,TF;Gene;TF;miRNA
CREB1,hsa-miR-146b,CREB1;RELA;STAT3;hsa-miR-146b,TF;TF;TF;miRNA
CREB1,hsa-miR-146a,CREB1;RELA;STAT3;hsa-miR-146a,TF;TF;TF;miRNA
CREB1,FOSB,CREB1;FOSB;TP53;hsa-miR-148a,TF;Gene;TF;miRNA
SP1,CTGF,CREB1;CTGF;SP1;hsa-miR-212,TF;Gene;TF;miRNA
CREB1,hsa-miR-212,CREB1;PPP2R2B;RELA;hsa-miR-212,TF;Gene;TF;miRNA
CREB1,THBS1,CREB1;SNAI1;THBS1;hsa-miR-212,TF;TF;Gene;miRNA
CREB1,hsa-miR-145,CREB1;FOXO1;TP53;hsa-miR-145,TF;TF;TF;miRNA
CREB1,TP53,CREB1;FOXO1;SIRT1;TP53,TF;TF;TF;TF
CREB1,hsa-miR-145,CREB1;FOXO1;SNAI2;hsa-miR-145,TF;TF;TF;miRNA
CREB1,hsa-miR-200b,CREB1;SNAI2;TP53;hsa-miR-200b,TF;TF;TF;miRNA
SP1,hsa-miR-18a,CREB1;SP1;TP53;hsa-miR-18a,TF;TF;TF;miRNA
SP1,VEGFA,CREB1;SP1;TP53;VEGFA,TF;TF;TF;Gene
SP1,hsa-miR-200c,CREB1;SP1;TP53;hsa-miR-200c,TF;TF;TF;miRNA
CREB1,EPHA2,CREB1;EPHA2;TP53;hsa-miR-302a,TF;Gene;TF;miRNA
CREB1,hsa-miR-29a,CREB1;SOX9;hsa-miR-29a;hsa-miR-335,TF;TF;miRNA;miRNA
CREB1,hsa-miR-200b,CREB1;RELA;SNAI1;hsa-miR-200b,TF;TF;TF;miRNA
CREB1,VDR,CREB1;SNAI1;VDR;hsa-miR-302a,TF;TF;TF;miRNA
CREBBP,SMAD3,CREBBP;HNF4A;RXRA;SMAD3,TF;TF;TF;TF
CREBBP,HNF4A,CREBBP;HNF4A;RXRA;TP53,TF;TF;TF;TF
CREBBP,RXRA,CREBBP;FOS;NR4A1;RXRA,TF;TF;Gene;TF
CREBBP,STAT1,CREBBP;CTNNB1;JUN;STAT1,TF;TF;TF;TF
CREBBP,TLR3,CREBBP;IRF3;STAT1;TLR3,TF;TF;TF;Gene
CREBBP,EDN1,CREBBP;EDN1;NFKB1;STAT1,TF;Gene;TF;TF
CREBBP,STAT1,CREBBP;HDAC1;SMAD7;STAT1,TF;TF;Gene;TF
CREBBP,TBX21,CREBBP;RUNX1;STAT1;TBX21,TF;TF;TF;Gene
CREBBP,EPAS1,CREBBP;EPAS1;STAT1;hsa-miR-155,TF;TF;TF;miRNA
CREBBP,STAT1,CREBBP;ESR1;RELA;STAT1,TF;TF;TF;TF
CREBBP,FAS,CREBBP;FAS;FOS;STAT1,TF;Gene;TF;TF
CREBBP,STAT4,CREBBP;RELA;STAT1;STAT4,TF;TF;TF;TF
CREBBP,SNAI1,CREBBP;CTNNB1;HOXA10;SNAI1,TF;TF;TF;TF
CREBBP,HOXA10,CREBBP;HOXA10;STAT3;hsa-miR-27b,TF;TF;TF;miRNA
CREBBP,HOXA10,CREBBP;HOXA10;RUNX1;hsa-miR-27a,TF;TF;TF;miRNA
CREBBP,HOXA10,CREBBP;ESR1;HOXA10;hsa-miR-125b,TF;TF;TF;miRNA
CREBBP,hsa-miR-21,CREBBP;MYOD1;SMAD3;hsa-miR-21,TF;TF;TF;miRNA
CREBBP,hsa-miR-21,CREBBP;STAT3;TCF4;hsa-miR-21,TF;TF;TF;miRNA
CREBBP,hsa-miR-21,CREBBP;LEF1;TCF4;hsa-miR-21,TF;TF;TF;miRNA
CREBBP,RARA,CREBBP;KLF5;RARA;hsa-miR-21,TF;TF;TF;miRNA
CREBBP,hsa-miR-21,CREBBP;HDAC1;KLF4;hsa-miR-21,TF;TF;TF;miRNA
CREBBP,hsa-miR-21,CREBBP;KLF4;PPARG;hsa-miR-21,TF;TF;TF;miRNA
CREBBP,hsa-miR-21,CREBBP;ESR1;HOXA9;hsa-miR-21,TF;TF;TF;miRNA
CREBBP,SMAD7,CREBBP;SMAD3;SMAD7;hsa-miR-21,TF;TF;Gene;miRNA
CREBBP,hsa-miR-21,CREBBP;RUNX1;SPI1;hsa-miR-21,TF;TF;TF;miRNA
CREBBP,hsa-miR-21,CREBBP;ESR1;SMAD3;hsa-miR-21,TF;TF;TF;miRNA
CREBBP,VEGFA,CREBBP;ESR1;HIF1A;VEGFA,TF;TF;TF;Gene
CREBBP,NFKB1,CREBBP;ESR1;NFKB1;STAT5A,TF;TF;TF;Gene
CREBBP,STAT3,CREBBP;ESR1;HDAC2;STAT3,TF;TF;TF;TF
CREBBP,hsa-miR-125b,CREBBP;ESR1;STAT3;hsa-miR-125b,TF;TF;TF;miRNA
CREBBP,HNF4A,CREBBP;ESR1;HNF4A;RARA,TF;TF;TF;TF
CREBBP,SMAD3,CREBBP;ESR1;SMAD3;hsa-miR-19b,TF;TF;TF;miRNA
CREBBP,hsa-miR-145,CREBBP;ESR1;FOXO1;hsa-miR-145,TF;TF;TF;miRNA
CREBBP,hsa-miR-143,CREBBP;ESR1;HIF1A;hsa-miR-143,TF;TF;TF;miRNA
CREBBP,hsa-miR-7,CREBBP;ESR1;RELA;hsa-miR-7,TF;TF;TF;miRNA
CREBBP,RELA,CREBBP;ESR1;FOS;RELA,TF;TF;TF;TF
CREBBP,SERPINE1,CREBBP;EPAS1;ESR1;SERPINE1,TF;TF;TF;Gene
CREBBP,SMAD3,CREBBP;LEF1;MYOD1;SMAD3,TF;TF;TF;TF
CREBBP,SNAI1,CREBBP;CTNNB1;HDAC2;SNAI1,TF;TF;TF;TF
CREBBP,SP1,CREBBP;HDAC2;JUN;SP1,TF;TF;TF;TF
CREBBP,hsa-miR-200b,CREBBP;EZH2;HDAC2;hsa-miR-200b,TF;TF;TF;miRNA
CREBBP,PPARA,CREBBP;HDAC2;PPARA;STAT3,TF;TF;TF;TF
CREBBP,EPAS1,CREBBP;EPAS1;HDAC2;STAT3,TF;TF;TF;TF
CREBBP,hsa-miR-130a,CREBBP;HDAC2;SP1;hsa-miR-130a,TF;TF;TF;miRNA
CREBBP,NFKB1,CREBBP;HDAC2;NFKB1;RBPJ,TF;TF;TF;TF
CREBBP,HDAC2,CREBBP;EZH2;HDAC1;HDAC2,TF;TF;TF;TF
CREBBP,hsa-miR-200c,CREBBP;HDAC2;NCOR1;hsa-miR-200c,TF;TF;TF;miRNA
CREBBP,EPAS1,CREBBP;EPAS1;HDAC2;hsa-miR-182,TF;TF;TF;miRNA
CREBBP,RELA,CREBBP;FOS;HDAC2;RELA,TF;TF;TF;TF
CREBBP,TP53,CREBBP;HDAC2;MTA1;TP53,TF;TF;TF;TF
CREBBP,SMAD4,CREBBP;FOS;HNF4A;SMAD4,TF;TF;TF;TF
CREBBP,hsa-miR-124,CREBBP;CTNNB1;HNF4A;hsa-miR-124,TF;TF;TF;miRNA
CREBBP,RUNX1,CREBBP;HNF4A;LEF1;RUNX1,TF;TF;TF;TF
CREBBP,IRF1,CREBBP;HNF4A;IRF1;hsa-miR-124,TF;TF;TF;miRNA
CREBBP,hsa-miR-34a,CREBBP;FOS;HNF4A;hsa-miR-34a,TF;TF;TF;miRNA
CREBBP,EPAS1,CREBBP;EPAS1;SMAD4;hsa-miR-302b,TF;TF;TF;miRNA
CREBBP,hsa-miR-424,CREBBP;SMAD3;SMAD4;hsa-miR-424,TF;TF;TF;miRNA
E2F1,VEGFA,CREBBP;E2F1;HIF1A;VEGFA,TF;TF;TF;Gene
E2F1,hsa-miR-20a,CREBBP;E2F1;RUNX1;hsa-miR-20a,TF;TF;TF;miRNA
E2F1,hsa-miR-23b,CREBBP;E2F1;JUN;hsa-miR-23b,TF;TF;TF;miRNA
E2F1,hsa-miR-363,CREBBP;E2F1;RUNX1;hsa-miR-363,TF;TF;TF;miRNA
E2F1,hsa-miR-15a,CREBBP;E2F1;MYB;hsa-miR-15a,TF;TF;TF;miRNA
CREBBP,INSM1,CREBBP;CTNNB1;INSM1;hsa-miR-124,TF;TF;Gene;miRNA
CREBBP,TCF4,CREBBP;RELA;TCF4;hsa-miR-125b,TF;TF;TF;miRNA
CREBBP,KLF4,CREBBP;KLF4;PPARG;TCF4,TF;TF;TF;TF
CREBBP,TCF4,CREBBP;TCF4;TP53;TP63,TF;TF;TF;TF
CREBBP,hsa-miR-34a,CREBBP;EZH2;TCF4;hsa-miR-34a,TF;TF;TF;miRNA
CREBBP,hsa-miR-146a,CREBBP;EZH2;TCF4;hsa-miR-146a,TF;TF;TF;miRNA
CREBBP,SP1,CREBBP;CTNNB1;JUN;SP1,TF;TF;TF;TF
CREBBP,hsa-miR-96,CREBBP;CTNNB1;STAT3;hsa-miR-96,TF;TF;TF;miRNA
CREBBP,STAT3,CREBBP;CTNNB1;NFKB1;STAT3,TF;TF;TF;TF
CREBBP,hsa-miR-199a,CREBBP;CTNNB1;RELA;hsa-miR-199a,TF;TF;TF;miRNA
CREBBP,RUNX1,CREBBP;CTNNB1;HDAC1;RUNX1,TF;TF;TF;TF
CREBBP,RELA,CREBBP;CTNNB1;FOS;RELA,TF;TF;TF;TF
CREBBP,IRF1,CREBBP;CTNNB1;IRF1;RELA,TF;TF;TF;TF
CREBBP,hsa-miR-146a,CREBBP;CTNNB1;NFKB1;hsa-miR-146a,TF;TF;TF;miRNA
CREBBP,JUN,CREBBP;IRF1;IRF3;JUN,TF;TF;TF;TF
CREBBP,TLR3,CREBBP;IRF3;NFKB1;TLR3,TF;TF;TF;Gene
CREBBP,hsa-miR-203,CREBBP;IRF1;JUN;hsa-miR-203,TF;TF;TF;miRNA
CREBBP,VEGFA,CREBBP;JUN;SP1;VEGFA,TF;TF;TF;Gene
CREBBP,hsa-miR-139,CREBBP;JUN;TP53;hsa-miR-139,TF;TF;TF;miRNA
CREBBP,hsa-miR-200b,CREBBP;HDAC1;JUN;hsa-miR-200b,TF;TF;TF;miRNA
CREBBP,DDIT3,CREBBP;DDIT3;JUN;STAT3,TF;TF;TF;TF
CREBBP,FAS,CREBBP;FAS;JUN;STAT3,TF;Gene;TF;TF
CREBBP,CTGF,CREBBP;CTGF;JUN;STAT3,TF;Gene;TF;TF
CREBBP,RARA,CREBBP;HDAC1;JUN;RARA,TF;TF;TF;TF
CREBBP,PTN,CREBBP;JUN;PTN;SP1,TF;TF;Gene;TF
CREBBP,SP1,CREBBP;HIF1A;JUN;SP1,TF;TF;TF;TF
CREBBP,FAS,CREBBP;FAS;FOS;JUN,TF;Gene;TF;TF
CREBBP,IRF1,CREBBP;FOS;IRF1;hsa-miR-23a,TF;TF;TF;miRNA
CREBBP,SMAD3,CREBBP;EGR2;FOS;SMAD3,TF;TF;TF;TF
CREBBP,FOS,CREBBP;EGR1;FOS;FOXO1,TF;TF;TF;TF
CREBBP,FOS,CREBBP;FOS;RUNX1;hsa-miR-221,TF;TF;TF;miRNA
CREBBP,SMAD3,CREBBP;FOS;NCOR1;SMAD3,TF;TF;TF;TF
CREBBP,TP53,CREBBP;FOS;STAT6;TP53,TF;TF;TF;TF
CREBBP,TP53,CREBBP;PPARA;SREBF2;TP53,TF;TF;TF;TF
CREBBP,STAT3,CREBBP;EGR2;LIF;STAT3,TF;TF;Gene;TF
CREBBP,EPAS1,CREBBP;EPAS1;STAT3;hsa-miR-20a,TF;TF;TF;miRNA
CREBBP,hsa-miR-19a,CREBBP;SMAD3;STAT3;hsa-miR-19a,TF;TF;TF;miRNA
CREBBP,STAT3,CREBBP;FOXO1;HDAC1;STAT3,TF;TF;TF;TF
CREBBP,STAT3,CREBBP;HDAC1;SP1;STAT3,TF;TF;TF;TF
CREBBP,hsa-miR-146b,CREBBP;SP1;STAT3;hsa-miR-146b,TF;TF;TF;miRNA
CREBBP,TERT,CREBBP;SP1;STAT3;TERT,TF;TF;TF;Gene
CREBBP,RUNX1,CREBBP;RUNX1;STAT3;hsa-miR-24,TF;TF;TF;miRNA
CREBBP,EPAS1,CREBBP;EPAS1;STAT3;hsa-miR-17,TF;TF;TF;miRNA
CREBBP,hsa-miR-155,CREBBP;NFKB1;STAT3;hsa-miR-155,TF;TF;TF;miRNA
CREBBP,EPAS1,CREBBP;EPAS1;STAT3;hsa-miR-182,TF;TF;TF;miRNA
CREBBP,STAT3,CREBBP;FOXO3;NFKB1;STAT3,TF;TF;TF;TF
CREBBP,NCOR1,CREBBP;ESR2;NCOR1;STAT3,TF;TF;TF;TF
CREBBP,hsa-miR-34a,CREBBP;RELA;STAT3;hsa-miR-34a,TF;TF;TF;miRNA
CREBBP,IRF1,CREBBP;IRF1;SP1;hsa-miR-23a,TF;TF;TF;miRNA
CREBBP,VCAM1,CREBBP;IRF1;RELA;VCAM1,TF;TF;TF;Gene
CREBBP,IRF1,CREBBP;IRF1;SP1;hsa-miR-106a,TF;TF;TF;miRNA
CREBBP,MYB,CREBBP;HDAC1;IRF1;MYB,TF;TF;TF;TF
CREBBP,ZBTB16,CREBBP;NCOR1;RARA;ZBTB16,TF;TF;TF;TF
CREBBP,RUNX1,CREBBP;MYB;RARA;RUNX1,TF;TF;TF;TF
CREBBP,TP53,CREBBP;LEF1;SNAI2;TP53,TF;TF;TF;TF
CREBBP,TP53,CREBBP;SIRT1;SP1;TP53,TF;TF;TF;TF
CREBBP,TP53,CREBBP;HDAC1;PPARG;TP53,TF;TF;TF;TF
CREBBP,hsa-miR-142,CREBBP;PPARG;TP53;hsa-miR-142,TF;TF;TF;miRNA
CREBBP,hsa-miR-27a,CREBBP;RUNX1;TP53;hsa-miR-27a,TF;TF;TF;miRNA
CREBBP,hsa-miR-106a,CREBBP;RUNX1;TP53;hsa-miR-106a,TF;TF;TF;miRNA
CREBBP,TP53,CREBBP;NF1;RUNX1;TP53,TF;TF;TF;TF
CREBBP,hsa-miR-155,CREBBP;MYB;TP53;hsa-miR-155,TF;TF;TF;miRNA
CREBBP,TP53,CREBBP;KLF4;PPARG;TP53,TF;TF;TF;TF
CREBBP,hsa-miR-142,CREBBP;EGR2;STAT6;hsa-miR-142,TF;TF;TF;miRNA
CREBBP,PPARG,CREBBP;FOXO1;KLF2;PPARG,TF;TF;TF;TF
CREBBP,EGR1,CREBBP;EGR1;FOXO1;HDAC1,TF;TF;TF;TF
CREBBP,SIRT1,CREBBP;FOXO1;RELA;SIRT1,TF;TF;TF;TF
CREBBP,SMAD3,CREBBP;FOXM1;FOXO3;SMAD3,TF;TF;TF;TF
CREBBP,hsa-miR-34a,CREBBP;FOXO3;RELA;hsa-miR-34a,TF;TF;TF;miRNA
CREBBP,SMAD3,CREBBP;FOXO3;HIF1A;SMAD3,TF;TF;TF;TF
CREBBP,PPARG,CREBBP;HDAC1;HDAC3;PPARG,TF;TF;TF;TF
CREBBP,hsa-miR-125b,CREBBP;EZH2;PPARG;hsa-miR-125b,TF;TF;TF;miRNA
CREBBP,SP1,CREBBP;HDAC1;PPARG;SP1,TF;TF;TF;TF
CREBBP,hsa-miR-23a,CREBBP;EPAS1;SP1;hsa-miR-23a,TF;TF;TF;miRNA
CREBBP,hsa-miR-200b,CREBBP;MYB;SP1;hsa-miR-200b,TF;TF;TF;miRNA
CREBBP,hsa-miR-200a,CREBBP;MYB;SP1;hsa-miR-200a,TF;TF;TF;miRNA
CREBBP,EPAS1,CREBBP;EPAS1;SP1;hsa-miR-106a,TF;TF;TF;miRNA
CREBBP,GATA3,CREBBP;GATA3;MYB;SP1,TF;TF;TF;TF
CREBBP,STAT6,CREBBP;GATA3;SP1;STAT6,TF;TF;TF;TF
CREBBP,EPAS1,CREBBP;EPAS1;RELA;hsa-miR-20a,TF;TF;TF;miRNA
CREBBP,hsa-miR-191,CREBBP;EPAS1;HIF1A;hsa-miR-191,TF;TF;TF;miRNA
CREBBP,SERPINE1,CREBBP;EPAS1;SERPINE1;SMAD3,TF;TF;Gene;TF
CREBBP,hsa-miR-146a,CREBBP;EPAS1;RELA;hsa-miR-146a,TF;TF;TF;miRNA
CREBBP,hsa-miR-30b,CREBBP;EPAS1;EZH2;hsa-miR-30b,TF;TF;TF;miRNA
CREBBP,hsa-miR-146a,CREBBP;EPAS1;NFKB1;hsa-miR-146a,TF;TF;TF;miRNA
CREBBP,hsa-miR-24,CREBBP;EPAS1;HIF1A;hsa-miR-24,TF;TF;TF;miRNA
CREBBP,hsa-miR-424,CREBBP;HDAC1;SMAD3;hsa-miR-424,TF;TF;TF;miRNA
CREBBP,SNAI1,CREBBP;EZH2;HDAC1;SNAI1,TF;TF;TF;TF
CREBBP,MMP2,CREBBP;EZH2;HIF1A;MMP2,TF;TF;TF;Gene
CREBBP,hsa-miR-192,CREBBP;RELA;SMAD3;hsa-miR-192,TF;TF;TF;miRNA
CREBBP,hsa-miR-17,CREBBP;RELA;SMAD3;hsa-miR-17,TF;TF;TF;miRNA
CREBBP,NFKB1,CREBBP;FHL2;NFKB1;RUNX1,TF;Gene;TF;TF
CREBBP,HIF1A,CREBBP;HIF1A;NFKB1;NFKB2,TF;TF;TF;TF
CREBBP,hsa-miR-30b,CREBBP;HIF1A;NFKB1;hsa-miR-30b,TF;TF;TF;miRNA
CREBBP,TERT,CREBBP;HIF1A;TCF7L2;TERT,TF;TF;TF;Gene
CREBBP,hsa-miR-424,CREBBP;NFKB1;SMAD3;hsa-miR-424,TF;TF;TF;miRNA
CREBBP,hsa-miR-17,CREBBP;NFKB1;SMAD3;hsa-miR-17,TF;TF;TF;miRNA
CREBBP,SNAI1,CREBBP;NFKB1;SMAD3;SNAI1,TF;TF;TF;TF
CREBBP,hsa-miR-503,CREBBP;NFKB1;SMAD3;hsa-miR-503,TF;TF;TF;miRNA
NFKB1,STAT3,CTCF;EZH2;NFKB1;STAT3,TF;TF;TF;TF
CTCF,TERT,CTCF;EZH2;RELA;TERT,TF;TF;TF;Gene
CTCF,TERT,CTCF;EZH2;MYC;TERT,TF;TF;TF;Gene
NFKB1,hsa-miR-155,CTCF;EZH2;NFKB1;hsa-miR-155,TF;TF;TF;miRNA
ESR1,MYC,CTCF;ESR1;MYC;hsa-miR-125b,TF;TF;TF;miRNA
CTCF,TERT,CTCF;EP300;JUN;TERT,TF;TF;TF;Gene
CTCF,TERT,CTCF;EP300;SP1;TERT,TF;TF;TF;Gene
hsa-miR-19b,CTGF,CTGF;LIF;STAT3;hsa-miR-19b,Gene;Gene;TF;miRNA
hsa-miR-19b,CTGF,CTGF;SOX2;STAT3;hsa-miR-19b,Gene;TF;TF;miRNA
hsa-miR-19b,CTGF,CTGF;SPI1;STAT3;hsa-miR-19b,Gene;TF;TF;miRNA
hsa-miR-19b,CTGF,CTGF;SMAD3;hsa-miR-143;hsa-miR-19b,Gene;TF;miRNA;miRNA
SPI1,CTGF,CTGF;FLI1;SPI1;hsa-miR-19a,Gene;TF;TF;miRNA
SP1,FN1,CTGF;FN1;SP1;hsa-miR-429,Gene;Gene;TF;miRNA
JUN,CTGF,CTGF;ETS1;JUN;SP1,Gene;TF;TF;TF
SP1,CTGF,CTGF;EGR1;SP1;hsa-miR-132,Gene;TF;TF;miRNA
ESR1,CTGF,CTGF;ESR1;HIF1A;hsa-miR-18a,Gene;TF;TF;miRNA
HIF1A,CTGF,CTGF;HIF1A;SMAD3;hsa-miR-143,Gene;TF;TF;miRNA
hsa-miR-26a,CTGF,CTGF;STAT3;hsa-miR-19a;hsa-miR-26a,Gene;TF;miRNA;miRNA
JUN,CTGF,CTGF;JUN;STAT3;hsa-miR-18b,Gene;TF;TF;miRNA
JUN,FN1,CTGF;FN1;JUN;hsa-miR-203,Gene;Gene;TF;miRNA
TP53,CTGF,CTGF;TP53;hsa-miR-143;hsa-miR-26a,Gene;TF;miRNA;miRNA
CTNNB1,VEGFA,CTNNB1;VEGFA;hsa-miR-203;hsa-miR-373,TF;Gene;miRNA;miRNA
CTNNB1,hsa-miR-203,CTNNB1;EP300;JUN;hsa-miR-203,TF;TF;TF;miRNA
CTNNB1,HRK,CTNNB1;HRK;hsa-miR-183;hsa-miR-203,TF;Gene;miRNA;miRNA
CTNNB1,MET,CTNNB1;MET;TCF4;hsa-miR-34a,TF;Gene;TF;miRNA
CTNNB1,STAT3,CTNNB1;FOXO3;MET;STAT3,TF;TF;Gene;TF
CTNNB1,SHC1,CTNNB1;MET;SHC1;hsa-miR-183,TF;Gene;Gene;miRNA
CTNNB1,MET,CTNNB1;MET;RELA;hsa-miR-27b,TF;Gene;TF;miRNA
CTNNB1,MET,CTNNB1;EZH2;MET;hsa-miR-34a,TF;TF;Gene;miRNA
CTNNB1,MET,CTNNB1;MET;SNAI1;hsa-miR-101,TF;Gene;TF;miRNA
CTNNB1,MET,CTNNB1;MET;SMAD3;hsa-miR-27a,TF;Gene;TF;miRNA
CTNNB1,FST,CTNNB1;FST;MEN1;SMAD3,TF;Gene;TF;TF
CTNNB1,FST,CTNNB1;FST;MYC;hsa-miR-30d,TF;Gene;TF;miRNA
CTNNB1,FST,CTNNB1;FST;hsa-miR-30e;hsa-miR-96,TF;Gene;miRNA;miRNA
CTNNB1,FST,CTNNB1;FST;HDAC1;SMAD3,TF;Gene;TF;TF
CTNNB1,FST,CTNNB1;FST;SMAD3;hsa-miR-92a,TF;Gene;TF;miRNA
CTNNB1,hsa-miR-373,CTNNB1;EP300;SP1;hsa-miR-373,TF;TF;TF;miRNA
CTNNB1,EPAS1,CTNNB1;EPAS1;hsa-miR-373;hsa-miR-96,TF;TF;miRNA;miRNA
CTNNB1,TGFBR2,CTNNB1;TGFBR2;hsa-miR-182;hsa-miR-373,TF;Gene;miRNA;miRNA
CTNNB1,TLR4,CTNNB1;TLR4;hsa-miR-124;hsa-miR-373,TF;Gene;miRNA;miRNA
CTNNB1,VDR,CTNNB1;VDR;hsa-miR-124;hsa-miR-373,TF;TF;miRNA;miRNA
CTNNB1,hsa-miR-200c,CTNNB1;HNF4A;JUN;hsa-miR-200c,TF;TF;TF;miRNA
CTNNB1,hsa-miR-200c,CTNNB1;HNF4A;KLF4;hsa-miR-200c,TF;TF;TF;miRNA
CTNNB1,SMAD7,CTNNB1;HNF4A;SMAD7;hsa-miR-182,TF;TF;Gene;miRNA
CTNNB1,HNF4A,CTNNB1;HNF4A;SNAI1;hsa-miR-101,TF;TF;TF;miRNA
CTNNB1,hsa-miR-122,CTNNB1;HNF4A;MYC;hsa-miR-122,TF;TF;TF;miRNA
CTNNB1,hsa-miR-150,CTNNB1;HNF4A;RELA;hsa-miR-150,TF;TF;TF;miRNA
CTNNB1,SP1,CTNNB1;EP300;SMAD4;SP1,TF;TF;TF;TF
CTNNB1,TGFBR2,CTNNB1;SMAD4;SMAD7;TGFBR2,TF;TF;Gene;Gene
CTNNB1,SMAD7,CTNNB1;HDAC1;SMAD4;SMAD7,TF;TF;TF;Gene
CTNNB1,SMAD4,CTNNB1;EZH2;HDAC1;SMAD4,TF;TF;TF;TF
CTNNB1,SMAD7,CTNNB1;SMAD4;SMAD7;hsa-miR-503,TF;TF;Gene;miRNA
CTNNB1,hsa-miR-302a,CTNNB1;NANOG;SMAD4;hsa-miR-302a,TF;TF;TF;miRNA
CTNNB1,VEGFA,CTNNB1;MYC;RB1;VEGFA,TF;TF;TF;Gene
CTNNB1,VEGFA,CTNNB1;MEF2C;RB1;VEGFA,TF;TF;TF;Gene
CTNNB1,TERT,CTNNB1;RB1;SP1;TERT,TF;TF;TF;Gene
CTNNB1,hsa-miR-27a,CTNNB1;MEN1;RELA;hsa-miR-27a,TF;TF;TF;miRNA
CTNNB1,hsa-miR-27b,CTNNB1;MEN1;RELA;hsa-miR-27b,TF;TF;TF;miRNA
CTNNB1,MEN1,CTNNB1;HIF1A;MEN1;hsa-miR-24,TF;TF;TF;miRNA
CTNNB1,MMP14,CTNNB1;HDAC1;MMP14;SP1,TF;TF;Gene;TF
CTNNB1,NOTCH1,CTNNB1;EP300;NOTCH1;hsa-miR-34a,TF;TF;Gene;miRNA
CTNNB1,NOTCH1,CTNNB1;MYC;NOTCH1;hsa-miR-30d,TF;TF;Gene;miRNA
CTNNB1,hsa-miR-183,CTNNB1;EP300;HDAC2;hsa-miR-183,TF;TF;TF;miRNA
CTNNB1,hsa-miR-183,CTNNB1;EZH2;HDAC2;hsa-miR-183,TF;TF;TF;miRNA
CTNNB1,hsa-miR-183,CTNNB1;EP300;RELA;hsa-miR-183,TF;TF;TF;miRNA
CTNNB1,hsa-miR-183,CTNNB1;JUN;RELA;hsa-miR-183,TF;TF;TF;miRNA
CTNNB1,SEMA6A,CTNNB1;NANOG;SEMA6A;hsa-miR-183,TF;TF;Gene;miRNA
CTNNB1,hsa-miR-182,CTNNB1;EZH2;RELA;hsa-miR-182,TF;TF;TF;miRNA
CTNNB1,hsa-miR-21,CTNNB1;JUN;TCF4;hsa-miR-21,TF;TF;TF;miRNA
CTNNB1,SMAD7,CTNNB1;SMAD7;TCF4;hsa-miR-21,TF;Gene;TF;miRNA
CTNNB1,hsa-miR-34a,CTNNB1;EZH2;TCF4;hsa-miR-34a,TF;TF;TF;miRNA
CTNNB1,MYC,CTNNB1;MYC;RELA;TCF4,TF;TF;TF;TF
CTNNB1,hsa-miR-146a,CTNNB1;MYC;TCF4;hsa-miR-146a,TF;TF;TF;miRNA
CTNNB1,hsa-miR-124,CTNNB1;EP300;STAT1;hsa-miR-124,TF;TF;TF;miRNA
CTNNB1,hsa-miR-21,CTNNB1;EP300;HIF1A;hsa-miR-21,TF;TF;TF;miRNA
CTNNB1,MYOD1,CTNNB1;EP300;HDAC1;MYOD1,TF;TF;TF;TF
CTNNB1,hsa-miR-96,CTNNB1;EP300;STAT3;hsa-miR-96,TF;TF;TF;miRNA
CTNNB1,STAT3,CTNNB1;EP300;RELA;STAT3,TF;TF;TF;TF
CTNNB1,TERT,CTNNB1;EP300;STAT3;TERT,TF;TF;TF;Gene
CTNNB1,hsa-miR-199a,CTNNB1;EP300;NR1H4;hsa-miR-199a,TF;TF;TF;miRNA
CTNNB1,NFKB1,CTNNB1;EP300;NFKB1;RBPJ,TF;TF;TF;TF
CTNNB1,RBPJ,CTNNB1;EP300;NCOR1;RBPJ,TF;TF;TF;TF
CTNNB1,hsa-miR-34a,CTNNB1;EP300;FOXO3;hsa-miR-34a,TF;TF;TF;miRNA
CTNNB1,FOXO3,CTNNB1;EP300;FOXO3;RELA,TF;TF;TF;TF
CTNNB1,FOXO3,CTNNB1;EP300;FOXO3;NFKB1,TF;TF;TF;TF
CTNNB1,hsa-miR-34a,CTNNB1;JUN;STAT1;hsa-miR-34a,TF;TF;TF;miRNA
CTNNB1,VEGFA,CTNNB1;JUN;NFKB1;VEGFA,TF;TF;TF;Gene
CTNNB1,VEGFA,CTNNB1;HIF1A;JUN;VEGFA,TF;TF;TF;Gene
CTNNB1,hsa-miR-21,CTNNB1;JUN;RELA;hsa-miR-21,TF;TF;TF;miRNA
CTNNB1,hsa-miR-21,CTNNB1;HIF1A;JUN;hsa-miR-21,TF;TF;TF;miRNA
CTNNB1,LDHA,CTNNB1;HIF1A;JUN;LDHA,TF;TF;TF;Gene
CTNNB1,TERT,CTNNB1;JUN;TERT;TP73,TF;TF;Gene;TF
CTNNB1,hsa-miR-23a,CTNNB1;JUN;MYC;hsa-miR-23a,TF;TF;TF;miRNA
CTNNB1,SMAD7,CTNNB1;JUN;SMAD7;hsa-miR-200b,TF;TF;Gene;miRNA
CTNNB1,STAT3,CTNNB1;FOXO1;JUN;STAT3,TF;TF;TF;TF
CTNNB1,MAP3K1,CTNNB1;JUN;MAP3K1;hsa-miR-30e,TF;TF;Gene;miRNA
CTNNB1,JUN,CTNNB1;HDAC1;HDAC3;JUN,TF;TF;TF;TF
CTNNB1,hsa-miR-200a,CTNNB1;JUN;NFKB1;hsa-miR-200a,TF;TF;TF;miRNA
CTNNB1,hsa-miR-200c,CTNNB1;EZH2;JUN;hsa-miR-200c,TF;TF;TF;miRNA
CTNNB1,hsa-miR-146a,CTNNB1;EZH2;JUN;hsa-miR-146a,TF;TF;TF;miRNA
CTNNB1,F3,CTNNB1;F3;JUN;NFKB1,TF;Gene;TF;TF
CTNNB1,hsa-miR-25,CTNNB1;JUN;MYC;hsa-miR-25,TF;TF;TF;miRNA
CTNNB1,PPARA,CTNNB1;JUN;PPARA;RELA,TF;TF;TF;TF
CTNNB1,hsa-miR-150,CTNNB1;SOX2;STAT3;hsa-miR-150,TF;TF;TF;miRNA
CTNNB1,SOX2,CTNNB1;HDAC1;SMAD3;SOX2,TF;TF;TF;TF
CTNNB1,SOX2,CTNNB1;EZH2;MYC;SOX2,TF;TF;TF;TF
CTNNB1,DKK1,CTNNB1;DKK1;POU5F1;SOX2,TF;Gene;TF;TF
CTNNB1,STAT3,CTNNB1;HDAC1;POU5F1;STAT3,TF;TF;TF;TF
CTNNB1,STAT3,CTNNB1;POU5F1;SMAD3;STAT3,TF;TF;TF;TF
CTNNB1,hsa-miR-145,CTNNB1;POU5F1;RELA;hsa-miR-145,TF;TF;TF;miRNA
CTNNB1,DKK1,CTNNB1;DKK1;POU5F1;hsa-miR-302a,TF;Gene;TF;miRNA
CTNNB1,hsa-miR-96,CTNNB1;HIF1A;hsa-miR-199a;hsa-miR-96,TF;TF;miRNA;miRNA
CTNNB1,CYLD,CTNNB1;CYLD;hsa-miR-30e;hsa-miR-96,TF;Gene;miRNA;miRNA
CTNNB1,FN1,CTNNB1;FN1;RELA;hsa-miR-96,TF;Gene;TF;miRNA
CTNNB1,VDR,CTNNB1;KLF4;VDR;hsa-miR-372,TF;TF;TF;miRNA
CTNNB1,VDR,CTNNB1;KLF4;VDR;hsa-miR-124,TF;TF;TF;miRNA
CTNNB1,hsa-miR-200c,CTNNB1;KLF4;SNAI1;hsa-miR-200c,TF;TF;TF;miRNA
CTNNB1,SMAD7,CTNNB1;KLF4;SMAD7;hsa-miR-544,TF;TF;Gene;miRNA
CTNNB1,SMAD7,CTNNB1;KLF4;SMAD7;hsa-miR-429,TF;TF;Gene;miRNA
CTNNB1,KLF4,CTNNB1;HDAC1;KLF4;SOX9,TF;TF;TF;TF
CTNNB1,KLF4,CTNNB1;EZH2;HDAC1;KLF4,TF;TF;TF;TF
CTNNB1,hsa-miR-150,CTNNB1;KLF4;RELA;hsa-miR-150,TF;TF;TF;miRNA
CTNNB1,hsa-miR-150,CTNNB1;KLF4;MYC;hsa-miR-150,TF;TF;TF;miRNA
CTNNB1,DKK1,CTNNB1;DKK1;KLF4;MYC,TF;Gene;TF;TF
CTNNB1,hsa-miR-141,CTNNB1;EZH2;FOXM1;hsa-miR-141,TF;TF;TF;miRNA
CTNNB1,SMAD7,CTNNB1;FOS;SMAD7;hsa-miR-199a,TF;TF;Gene;miRNA
CTNNB1,TGFB2,CTNNB1;SMAD3;TGFB2;hsa-miR-199a,TF;TF;Gene;miRNA
CTNNB1,FN1,CTNNB1;FN1;NFKB1;hsa-miR-199a,TF;Gene;TF;miRNA
CTNNB1,hsa-miR-30e,CTNNB1;EGR1;HDAC1;hsa-miR-30e,TF;TF;TF;miRNA
CTNNB1,STAT3,CTNNB1;FOXO1;RELA;STAT3,TF;TF;TF;TF
CTNNB1,PPARG,CTNNB1;FOXO1;KLF2;PPARG,TF;TF;TF;TF
CTNNB1,SMAD3,CTNNB1;FOXO1;HIF1A;SMAD3,TF;TF;TF;TF
CTNNB1,VIM,CTNNB1;FOXO3;VIM;hsa-miR-30d,TF;TF;Gene;miRNA
CTNNB1,hsa-miR-30d,CTNNB1;EZH2;FOXO3;hsa-miR-30d,TF;TF;TF;miRNA
CTNNB1,TERT,CTNNB1;FOXO3;STAT3;TERT,TF;TF;TF;Gene
CTNNB1,hsa-miR-372,CTNNB1;FOXO3;HIF1A;hsa-miR-372,TF;TF;TF;miRNA
CTNNB1,SMAD7,CTNNB1;FOXO3;SMAD3;SMAD7,TF;TF;TF;Gene
CTNNB1,SNAI1,CTNNB1;FOXO3;SMAD3;SNAI1,TF;TF;TF;TF
CTNNB1,hsa-miR-29b,CTNNB1;MYC;PPARG;hsa-miR-29b,TF;TF;TF;miRNA
CTNNB1,hsa-miR-125b,CTNNB1;NFKB1;PPARG;hsa-miR-125b,TF;TF;TF;miRNA
CTNNB1,hsa-miR-34a,CTNNB1;MYC;PPARG;hsa-miR-34a,TF;TF;TF;miRNA
CTNNB1,hsa-miR-145,CTNNB1;PPARG;RELA;hsa-miR-145,TF;TF;TF;miRNA
CTNNB1,SMAD3,CTNNB1;PPARG;RELA;SMAD3,TF;TF;TF;TF
CTNNB1,TERT,CTNNB1;PPARG;RELA;TERT,TF;TF;TF;Gene
CTNNB1,hsa-miR-150,CTNNB1;MYC;PPARG;hsa-miR-150,TF;TF;TF;miRNA
CTNNB1,TERT,CTNNB1;MYC;PPARG;TERT,TF;TF;TF;Gene
CTNNB1,TERT,CTNNB1;NFKB1;RBPJ;TERT,TF;TF;TF;Gene
CTNNB1,VIM,CTNNB1;MYC;VIM;hsa-miR-30d,TF;TF;Gene;miRNA
CTNNB1,hsa-miR-34a,CTNNB1;EZH2;MYC;hsa-miR-34a,TF;TF;TF;miRNA
CTNNB1,hsa-miR-34a,CTNNB1;MYC;SMAD7;hsa-miR-34a,TF;TF;Gene;miRNA
CTNNB1,hsa-miR-34a,CTNNB1;HIF1A;MYC;hsa-miR-34a,TF;TF;TF;miRNA
CTNNB1,hsa-miR-503,CTNNB1;HDAC1;MEF2C;hsa-miR-503,TF;TF;TF;miRNA
CTNNB1,hsa-miR-503,CTNNB1;HDAC1;SMAD3;hsa-miR-503,TF;TF;TF;miRNA
CTNNB1,hsa-miR-200b,CTNNB1;HDAC1;SNAI1;hsa-miR-200b,TF;TF;TF;miRNA
CTNNB1,STAT3,CTNNB1;EZH2;HDAC1;STAT3,TF;TF;TF;TF
CTNNB1,TERT,CTNNB1;HDAC1;SMAD3;TERT,TF;TF;TF;Gene
CTNNB1,MYC,CTNNB1;EZH2;MYC;RELA,TF;TF;TF;TF
CTNNB1,SNAI1,CTNNB1;RELA;SMAD3;SNAI1,TF;TF;TF;TF
CTNNB1,hsa-miR-146a,CTNNB1;MYC;RELA;hsa-miR-146a,TF;TF;TF;miRNA
CTNNB1,MYC,CTNNB1;MYC;RELA;STAT4,TF;TF;TF;TF
CTNNB1,SMAD3,CTNNB1;FHL2;RELA;SMAD3,TF;Gene;TF;TF
CTNNB1,hsa-miR-150,CTNNB1;MEF2C;MYOD1;hsa-miR-150,TF;TF;TF;miRNA
CTNNB1,TGFBR2,CTNNB1;SMAD7;TGFBR2;hsa-miR-372,TF;Gene;Gene;miRNA
CTNNB1,EZH2,CTNNB1;EZH2;NFKB1;hsa-miR-9,TF;TF;TF;miRNA
CTNNB1,hsa-miR-124,CTNNB1;EZH2;MYCN;hsa-miR-124,TF;TF;TF;miRNA
CTNNB1,hsa-miR-26a,CTNNB1;EZH2;SMAD3;hsa-miR-26a,TF;TF;TF;miRNA
CTNNB1,TERT,CTNNB1;EZH2;STAT3;TERT,TF;TF;TF;Gene
CTNNB1,STAT3,CTNNB1;EZH2;NFKB1;STAT3,TF;TF;TF;TF
CTNNB1,hsa-miR-200a,CTNNB1;EZH2;SNAI1;hsa-miR-200a,TF;TF;TF;miRNA
CTNNB1,hsa-miR-200a,CTNNB1;EZH2;SMAD3;hsa-miR-200a,TF;TF;TF;miRNA
CTNNB1,hsa-miR-30b,CTNNB1;EZH2;MYC;hsa-miR-30b,TF;TF;TF;miRNA
CTNNB1,SMAD7,CTNNB1;SMAD3;SMAD7;hsa-miR-20a,TF;TF;Gene;miRNA
NKX2-5,SMAD7,CTNNB1;NKX2-5;SMAD7;hsa-miR-17,TF;TF;Gene;miRNA
CTNNB1,DKK1,CTNNB1;DKK1;MYC;SMAD7,TF;Gene;TF;Gene
CTNNB1,hsa-miR-29c,CTNNB1;HIF1A;NFKB1;hsa-miR-29c,TF;TF;TF;miRNA
CTNNB1,TERT,CTNNB1;HIF1A;TERT;hsa-miR-103,TF;TF;Gene;miRNA
CTNNB1,HIF1A,CTNNB1;HIF1A;NFKB1;NFKB2,TF;TF;TF;TF
CTNNB1,SNAI1,CTNNB1;HIF1A;SMAD3;SNAI1,TF;TF;TF;TF
CTNNB1,MMP2,CTNNB1;HIF1A;MMP2;NFKB1,TF;TF;Gene;TF
NKX2-5,hsa-miR-92a,CTNNB1;NANOG;NKX2-5;hsa-miR-92a,TF;TF;TF;miRNA
CTNNB1,DKK1,CTNNB1;DKK1;MYC;NANOG,TF;Gene;TF;TF
CTNNB1,TERT,CTNNB1;MYC;TERT;TP73,TF;TF;Gene;TF
CTNNB1,MEF2C,CTNNB1;GATA4;MEF2C;MYC,TF;TF;TF;TF
CTNNB1,TERT,CTNNB1;MYC;TERT;hsa-miR-195,TF;TF;Gene;miRNA
CTNNB1,hsa-miR-124,CTNNB1;NFKB1;STAT3;hsa-miR-124,TF;TF;TF;miRNA
CTNNB1,hsa-miR-136,CTNNB1;NFKB1;SMAD3;hsa-miR-136,TF;TF;TF;miRNA
JUN,CTSB,CTSB;ETS1;JUN;STAT1,Gene;TF;TF;TF
HIF1A,CTSB,CTSB;HIF1A;SP1;hsa-miR-96,Gene;TF;TF;miRNA
ESR1,CXCL12,CXCL12;ESR1;HDAC2;hsa-miR-130a,Gene;TF;TF;miRNA
ESR1,CXCL12,CXCL12;ESR1;JUN;hsa-miR-23b,Gene;TF;TF;miRNA
ESR1,CXCL12,CXCL12;ESR1;ESR2;hsa-miR-23b,Gene;TF;TF;miRNA
ESR1,CXCR5,CXCL12;CXCR5;ESR1;hsa-miR-221,Gene;Gene;TF;miRNA
HIF1A,CXCL12,CXCL12;HIF1A;JUN;hsa-miR-23b,Gene;TF;TF;miRNA
SNAI2,MET,CXCL12;MET;SNAI2;hsa-miR-101,Gene;Gene;TF;miRNA
SNAI2,CXCR5,CXCL12;CXCR5;SNAI2;hsa-miR-222,Gene;Gene;TF;miRNA
hsa-miR-24,CXCR5,CXCL12;CXCR5;RELA;hsa-miR-24,Gene;Gene;TF;miRNA
SNAI2,CXCL12,CXCL12;POU5F1;SNAI2;hsa-miR-130a,Gene;TF;TF;miRNA
SNAI2,CXCL12,CXCL12;SNAI2;TP53;hsa-miR-23b,Gene;TF;TF;miRNA
RELA,CXCL12,CXCL12;NCOR1;RELA;SNAI2,Gene;TF;TF;TF
EZH2,CXCL12,CXCL12;EZH2;RELA;hsa-miR-23a,Gene;TF;TF;miRNA
RELA,CXCL12,CXCL12;RELA;hsa-miR-130a;hsa-miR-23a,Gene;TF;miRNA;miRNA
TWIST1,CXCR5,CXCR5;TWIST1;hsa-miR-192;hsa-miR-214,Gene;TF;miRNA;miRNA
RARA,CXCR5,CXCR5;HNF4A;RARA;hsa-miR-377,Gene;TF;TF;miRNA
HIF1A,CXCR5,CXCR5;HIF1A;hsa-miR-214;hsa-miR-24,Gene;TF;miRNA;miRNA
RARA,CXCR5,CXCR5;RARA;ZBTB16;hsa-miR-221,Gene;TF;TF;miRNA
JUN,CXCR5,CXCR5;JUN;RARA;hsa-miR-221,Gene;TF;TF;miRNA
SNAI2,CYFIP2,CYFIP2;SNAI2;TP53;hsa-miR-203,Gene;TF;TF;miRNA
LEF1,CYLD,CYLD;LEF1;MYC;hsa-miR-16,Gene;TF;TF;miRNA
hsa-miR-16,CYLD,CYLD;TP53;hsa-miR-16;hsa-miR-19b,Gene;TF;miRNA;miRNA
EGR1,CYLD,CYLD;EGR1;hsa-miR-30a;hsa-miR-30c,Gene;TF;miRNA;miRNA
EGR1,CYLD,CYLD;EGR1;hsa-miR-181d;hsa-miR-30a,Gene;TF;miRNA;miRNA
EGR1,CYLD,CYLD;EGR1;hsa-miR-212;hsa-miR-30a,Gene;TF;miRNA;miRNA
E2F1,CYLD,CYLD;E2F1;hsa-miR-15b;hsa-miR-195,Gene;TF;miRNA;miRNA
TP53,CYLD,CYLD;TP53;hsa-miR-15b;hsa-miR-19a,Gene;TF;miRNA;miRNA
NFKB1,CYLD,CYLD;NFKB1;hsa-miR-30c;hsa-miR-506,Gene;TF;miRNA;miRNA
POU5F1,CYLD,CYLD;POU5F1;hsa-miR-130a;hsa-miR-301a,Gene;TF;miRNA;miRNA
ESR1,CYLD,CYLD;ESR1;hsa-miR-181a;hsa-miR-497,Gene;TF;miRNA;miRNA
STAT3,CYLD,CYLD;STAT3;hsa-miR-181a;hsa-miR-96,Gene;TF;miRNA;miRNA
HDAC3,CYLD,CYLD;HDAC3;hsa-miR-181a;hsa-miR-195,Gene;TF;miRNA;miRNA
hsa-miR-340,CYLD,CYLD;EPAS1;hsa-miR-181c;hsa-miR-340,Gene;TF;miRNA;miRNA
HIF1A,CYLD,CYLD;HIF1A;hsa-miR-1271;hsa-miR-497,Gene;TF;miRNA;miRNA
hsa-miR-19b,CYLD,CYLD;SMAD3;hsa-miR-140;hsa-miR-19b,Gene;TF;miRNA;miRNA
MYCN,CYLD,CYLD;MYCN;hsa-miR-182;hsa-miR-19b,Gene;TF;miRNA;miRNA
hsa-miR-182,CYLD,CYLD;EPAS1;hsa-miR-182;hsa-miR-30b,Gene;TF;miRNA;miRNA
HIF1A,CYLD,CYLD;HIF1A;hsa-miR-182;hsa-miR-30b,Gene;TF;miRNA;miRNA
MYCN,CYLD,CYLD;MYCN;hsa-miR-320a;hsa-miR-96,Gene;TF;miRNA;miRNA
MYCN,CYLD,CYLD;MYCN;hsa-miR-320a;hsa-miR-4295,Gene;TF;miRNA;miRNA
hsa-miR-19b,CYLD,CYLD;SP1;hsa-miR-19b;hsa-miR-320a,Gene;TF;miRNA;miRNA
E2F3,CYLD,CYLD;E2F3;hsa-miR-195;hsa-miR-19a,Gene;TF;miRNA;miRNA
MYCN,CYLD,CYLD;MYCN;hsa-miR-19a;hsa-miR-96,Gene;TF;miRNA;miRNA
MYCN,CYLD,CYLD;MYCN;hsa-miR-19a;hsa-miR-4295,Gene;TF;miRNA;miRNA
