rep	total3	comp3	tf3	mir3	other3	recip	TTrecip	bhat3_comp	bhat6_mirFFL_inst	bhat6_mirFFL_sets	bhat6_TFFFL_inst	bhat6_TFFFL_sets	bhat6_comp_inst	bhat6_comp_sets	model6_full_inst	model6_full_sets	model6_def_inst	model6_def_sets	census6c_seeds	census6c	sec	bhat3_mirFFL_inst	bhat3_mirFFL_sets	bhat3_TFFFL_inst	bhat3_TFFFL_sets	bhat3_comp_inst	bhat3_comp_sets	bhat4_mirFFL_inst	bhat4_mirFFL_sets	bhat4_TFFFL_inst	bhat4_TFFFL_sets	bhat4_comp_inst	bhat4_comp_sets	bhat5_mirFFL_inst	bhat5_mirFFL_sets	bhat5_TFFFL_inst	bhat5_TFFFL_sets	bhat5_comp_inst	bhat5_comp_sets
0	5833	1375	9	289	4160	1223	53	1173	3084	2782	3917	3418	1057	892	0	0	45666	34425	-1	-1	0.0	1355	1355	1182	1182	1173	1173	2580	2554	2090	2065	2054	2029	557	490	390	355	385	350
1	5833	1375	9	289	4160	1223	53	1173	3512	3287	4449	3945	1198	1065	0	0	45666	34621	-1	-1	0.0	1355	1355	1182	1182	1173	1173	2580	2554	2090	2065	2054	2029	610	565	398	377	398	377
2	5833	1375	9	289	4160	1223	53	1173	3136	2908	3805	3422	1056	931	0	0	45666	34605	-1	-1	0.0	1355	1355	1182	1182	1173	1173	2580	2554	2090	2065	2054	2029	539	506	330	315	330	315
3	5833	1375	9	289	4160	1223	53	1173	2984	2681	3561	3096	1041	873	24	5	45666	33986	-1	-1	0.0	1355	1355	1182	1182	1173	1173	2580	2554	2090	2065	2054	2029	532	471	327	289	325	287
4	5833	1375	9	289	4160	1223	53	1173	3198	2924	3889	3438	1046	889	0	0	45666	34622	-1	-1	0.0	1355	1355	1182	1182	1173	1173	2580	2554	2090	2065	2054	2029	540	492	377	349	377	349
5	5833	1375	9	289	4160	1223	53	1173	2804	2513	3521	3144	944	819	0	0	45666	34451	-1	-1	0.0	1355	1355	1182	1182	1173	1173	2580	2554	2090	2065	2054	2029	490	441	299	283	299	283
6	5833	1375	9	289	4160	1223	53	1173	2738	2518	3357	2972	872	774	0	0	45666	34443	-1	-1	0.0	1355	1355	1182	1182	1173	1173	2580	2554	2090	2065	2054	2029	491	450	298	280	296	280
7	5833	1375	9	289	4160	1223	53	1173	4009	3359	4613	3945	1280	1059	4	1	45666	34386	-1	-1	0.0	1355	1355	1182	1182	1173	1173	2580	2554	2090	2065	2054	2029	672	575	447	417	442	412
8	5833	1375	9	289	4160	1223	53	1173	3398	2986	4156	3646	1141	949	4	1	45666	34426	-1	-1	0.0	1355	1355	1182	1182	1173	1173	2580	2554	2090	2065	2054	2029	571	503	384	356	378	350
9	5833	1375	9	289	4160	1223	53	1173	3822	3310	4536	3873	1282	1039	4	1	45666	34384	-1	-1	0.0	1355	1355	1182	1182	1173	1173	2580	2554	2090	2065	2054	2029	651	568	430	373	423	371
10	5833	1375	9	289	4160	1223	53	1173	3703	3510	4502	4123	1174	1069	4	1	45666	34402	-1	-1	0.0	1355	1355	1182	1182	1173	1173	2580	2554	2090	2065	2054	2029	625	601	414	401	414	401
11	5833	1375	9	289	4160	1223	53	1173	3410	2947	3757	3298	1073	893	4	1	45666	34436	-1	-1	0.0	1355	1355	1182	1182	1173	1173	2580	2554	2090	2065	2054	2029	594	525	360	337	360	337
12	5833	1375	9	289	4160	1223	53	1173	3049	2809	3837	3417	1048	901	28	6	45666	33817	-1	-1	0.0	1355	1355	1182	1182	1173	1173	2580	2554	2090	2065	2054	2029	517	472	358	333	358	333
13	5833	1375	9	289	4160	1223	53	1173	3201	3018	3878	3471	1019	910	0	0	45666	34622	-1	-1	0.0	1355	1355	1182	1182	1173	1173	2580	2554	2090	2065	2054	2029	543	501	343	323	341	321
14	5833	1375	9	289	4160	1223	53	1173	3758	3414	4496	3977	1248	1067	24	5	45666	33855	-1	-1	0.0	1355	1355	1182	1182	1173	1173	2580	2554	2090	2065	2054	2029	656	594	463	433	463	433
15	5833	1375	9	289	4160	1223	53	1173	3647	3173	4355	3718	1255	1043	24	5	45666	33968	-1	-1	0.0	1355	1355	1182	1182	1173	1173	2580	2554	2090	2065	2054	2029	596	527	400	360	400	360
16	5833	1375	9	289	4160	1223	53	1173	4050	3403	4515	3917	1304	1064	4	1	45666	34436	-1	-1	0.0	1355	1355	1182	1182	1173	1173	2580	2554	2090	2065	2054	2029	677	578	442	412	438	408
17	5833	1375	9	289	4160	1223	53	1173	4110	3569	4708	4043	1340	1083	24	5	45666	33979	-1	-1	0.0	1355	1355	1182	1182	1173	1173	2580	2554	2090	2065	2054	2029	653	594	465	415	461	411
18	5833	1375	9	289	4160	1223	53	1173	3506	3146	4181	3737	1150	985	4	1	45666	34443	-1	-1	0.0	1355	1355	1182	1182	1173	1173	2580	2554	2090	2065	2054	2029	607	545	384	361	384	361
19	5833	1375	9	289	4160	1223	53	1173	3709	3324	4735	4021	1215	1032	4	1	45666	34409	-1	-1	0.0	1355	1355	1182	1182	1173	1173	2580	2554	2090	2065	2054	2029	661	597	445	411	445	411
20	5833	1375	9	289	4160	1223	53	1173	3267	2977	3753	3406	980	868	0	0	45666	34620	-1	-1	0.0	1355	1355	1182	1182	1173	1173	2580	2554	2090	2065	2054	2029	563	509	353	336	351	334
21	5833	1375	9	289	4160	1223	53	1173	3721	3264	4431	3877	1212	1032	4	1	45666	34289	-1	-1	0.0	1355	1355	1182	1182	1173	1173	2580	2554	2090	2065	2054	2029	644	568	431	400	429	398
22	5833	1375	9	289	4160	1223	53	1173	2648	2401	3402	3006	832	722	0	0	45666	34605	-1	-1	0.0	1355	1355	1182	1182	1173	1173	2580	2554	2090	2065	2054	2029	467	426	302	276	299	273
23	5833	1375	9	289	4160	1223	53	1173	3617	3342	4313	3972	1203	1077	0	0	45666	34607	-1	-1	0.0	1355	1355	1182	1182	1173	1173	2580	2554	2090	2065	2054	2029	622	571	402	385	402	385
24	5833	1375	9	289	4160	1223	53	1173	4287	3750	5054	4351	1485	1230	4	1	45666	34354	-1	-1	0.0	1355	1355	1182	1182	1173	1173	2580	2554	2090	2065	2054	2029	754	660	500	434	498	432
25	5833	1375	9	289	4160	1223	53	1173	3800	3455	4643	4110	1288	1126	28	6	45666	33976	-1	-1	0.0	1355	1355	1182	1182	1173	1173	2580	2554	2090	2065	2054	2029	636	579	416	388	416	388
26	5833	1375	9	289	4160	1223	53	1173	3411	3166	4097	3675	1136	960	0	0	45666	34622	-1	-1	0.0	1355	1355	1182	1182	1173	1173	2580	2554	2090	2065	2054	2029	580	547	389	369	387	369
27	5833	1375	9	289	4160	1223	53	1173	2959	2735	3681	3294	1028	888	0	0	45666	34603	-1	-1	0.0	1355	1355	1182	1182	1173	1173	2580	2554	2090	2065	2054	2029	512	466	323	306	321	304
28	5833	1375	9	289	4160	1223	53	1173	2941	2774	3636	3330	995	893	0	0	45666	34616	-1	-1	0.0	1355	1355	1182	1182	1173	1173	2580	2554	2090	2065	2054	2029	527	488	341	323	339	321
29	5833	1375	9	289	4160	1223	53	1173	2931	2700	3674	3279	976	847	28	6	45666	33976	-1	-1	0.0	1355	1355	1182	1182	1173	1173	2580	2554	2090	2065	2054	2029	472	430	322	296	322	296
30	5833	1375	9	289	4160	1223	53	1173	3111	2915	3952	3600	1062	952	0	0	45666	34622	-1	-1	0.0	1355	1355	1182	1182	1173	1173	2580	2554	2090	2065	2054	2029	566	531	366	353	364	351
31	5833	1375	9	289	4160	1223	53	1173	3129	2878	3960	3510	1026	889	4	1	45666	34425	-1	-1	0.0	1355	1355	1182	1182	1173	1173	2580	2554	2090	2065	2054	2029	517	482	356	334	352	330
32	5833	1375	9	289	4160	1223	53	1173	3111	2917	3877	3501	1042	932	0	0	45666	34618	-1	-1	0.0	1355	1355	1182	1182	1173	1173	2580	2554	2090	2065	2054	2029	535	505	357	343	357	343
33	5833	1375	9	289	4160	1223	53	1173	2827	2636	3580	3267	936	829	0	0	45666	34606	-1	-1	0.0	1355	1355	1182	1182	1173	1173	2580	2554	2090	2065	2054	2029	516	475	324	302	324	302
34	5833	1375	9	289	4160	1223	53	1173	2769	2601	3565	3261	977	880	0	0	45666	34573	-1	-1	0.0	1355	1355	1182	1182	1173	1173	2580	2554	2090	2065	2054	2029	495	459	337	320	335	318
35	5833	1375	9	289	4160	1223	53	1173	3171	2913	3765	3350	1065	896	0	0	45666	34588	-1	-1	0.0	1355	1355	1182	1182	1173	1173	2580	2554	2090	2065	2054	2029	532	490	345	323	342	320
36	5833	1375	9	289	4160	1223	53	1173	4100	3475	4647	4054	1329	1121	4	1	45666	34419	-1	-1	0.0	1355	1355	1182	1182	1173	1173	2580	2554	2090	2065	2054	2029	635	552	434	410	429	405
37	5833	1375	9	289	4160	1223	53	1173	2162	2054	2893	2614	735	664	0	0	45666	34536	-1	-1	0.0	1355	1355	1182	1182	1173	1173	2580	2554	2090	2065	2054	2029	399	382	287	280	287	280
38	5833	1375	9	289	4160	1223	53	1173	3088	2903	3715	3362	1059	928	0	0	45666	34622	-1	-1	0.0	1355	1355	1182	1182	1173	1173	2580	2554	2090	2065	2054	2029	560	519	351	332	351	332
39	5833	1375	9	289	4160	1223	53	1173	2605	2381	3344	2981	858	755	28	6	45666	33993	-1	-1	0.0	1355	1355	1182	1182	1173	1173	2580	2554	2090	2065	2054	2029	495	449	301	281	301	281
40	5833	1375	9	289	4160	1223	53	1173	2843	2667	3469	3124	871	773	28	6	45666	33993	-1	-1	0.0	1355	1355	1182	1182	1173	1173	2580	2554	2090	2065	2054	2029	454	434	317	301	317	301
41	5833	1375	9	289	4160	1223	53	1173	3510	3204	4138	3698	1092	974	0	0	45666	34538	-1	-1	0.0	1355	1355	1182	1182	1173	1173	2580	2554	2090	2065	2054	2029	611	552	412	368	410	366
42	5833	1375	9	289	4160	1223	53	1173	3327	3105	3942	3566	1079	947	8	2	45666	34516	-1	-1	0.0	1355	1355	1182	1182	1173	1173	2580	2554	2090	2065	2054	2029	587	541	354	330	354	330
43	5833	1375	9	289	4160	1223	53	1173	2995	2581	3572	3120	966	800	4	1	45666	34431	-1	-1	0.0	1355	1355	1182	1182	1173	1173	2580	2554	2090	2065	2054	2029	488	433	321	301	321	301
44	5833	1375	9	289	4160	1223	53	1173	2895	2518	3645	3016	1001	823	4	1	45666	34389	-1	-1	0.0	1355	1355	1182	1182	1173	1173	2580	2554	2090	2065	2054	2029	499	431	322	283	319	280
45	5833	1375	9	289	4160	1223	53	1173	3962	3449	4832	4099	1287	1084	8	1	45666	34283	-1	-1	0.0	1355	1355	1182	1182	1173	1173	2580	2554	2090	2065	2054	2029	662	564	456	396	454	394
46	5833	1375	9	289	4160	1223	53	1173	2793	2579	3302	2957	878	775	0	0	45666	34574	-1	-1	0.0	1355	1355	1182	1182	1173	1173	2580	2554	2090	2065	2054	2029	510	485	317	306	317	306
47	5833	1375	9	289	4160	1223	53	1173	2455	2282	3043	2732	782	702	28	6	45666	33956	-1	-1	0.0	1355	1355	1182	1182	1173	1173	2580	2554	2090	2065	2054	2029	432	394	267	249	262	244
48	5833	1375	9	289	4160	1223	53	1173	3096	2900	3734	3390	1036	916	28	6	45666	33993	-1	-1	0.0	1355	1355	1182	1182	1173	1173	2580	2554	2090	2065	2054	2029	538	502	351	334	349	332
49	5833	1375	9	289	4160	1223	53	1173	2928	2770	3486	3202	980	903	4	1	45666	34392	-1	-1	0.0	1355	1355	1182	1182	1173	1173	2580	2554	2090	2065	2054	2029	488	465	336	325	336	325
50	5833	1375	9	289	4160	1223	53	1173	2738	2551	3268	2959	928	814	0	0	45666	34622	-1	-1	0.0	1355	1355	1182	1182	1173	1173	2580	2554	2090	2065	2054	2029	464	428	278	261	278	261
51	5833	1375	9	289	4160	1223	53	1173	3088	2861	3567	3215	1006	881	4	1	45666	34406	-1	-1	0.0	1355	1355	1182	1182	1173	1173	2580	2554	2090	2065	2054	2029	536	492	346	327	341	322
52	5833	1375	9	289	4160	1223	53	1173	3461	2991	4088	3562	1082	885	4	1	45666	34436	-1	-1	0.0	1355	1355	1182	1182	1173	1173	2580	2554	2090	2065	2054	2029	585	509	378	351	374	347
53	5833	1375	9	289	4160	1223	53	1173	3218	2841	3764	3169	1059	871	24	5	45666	33974	-1	-1	0.0	1355	1355	1182	1182	1173	1173	2580	2554	2090	2065	2054	2029	550	482	334	292	334	292
54	5833	1375	9	289	4160	1223	53	1173	3040	2903	3656	3390	968	891	0	0	45666	34621	-1	-1	0.0	1355	1355	1182	1182	1173	1173	2580	2554	2090	2065	2054	2029	507	486	357	347	352	342
55	5833	1375	9	289	4160	1223	53	1173	3214	3061	3828	3531	1071	956	0	0	45666	34622	-1	-1	0.0	1355	1355	1182	1182	1173	1173	2580	2554	2090	2065	2054	2029	532	512	347	335	347	335
56	5833	1375	9	289	4160	1223	53	1173	3922	3395	4554	3995	1254	1060	4	1	45666	34359	-1	-1	0.0	1355	1355	1182	1182	1173	1173	2580	2554	2090	2065	2054	2029	671	586	420	390	420	390
57	5833	1375	9	289	4160	1223	53	1173	3303	2929	3833	3288	1046	875	24	5	45666	33784	-1	-1	0.0	1355	1355	1182	1182	1173	1173	2580	2554	2090	2065	2054	2029	530	484	331	301	331	301
58	5833	1375	9	289	4160	1223	53	1173	3566	3282	4146	3740	1144	1001	0	0	45666	34576	-1	-1	0.0	1355	1355	1182	1182	1173	1173	2580	2554	2090	2065	2054	2029	631	577	405	375	405	375
59	5833	1375	9	289	4160	1223	53	1173	2969	2783	3636	3294	993	878	0	0	45666	34616	-1	-1	0.0	1355	1355	1182	1182	1173	1173	2580	2554	2090	2065	2054	2029	518	482	340	323	340	323
60	5833	1375	9	289	4160	1223	53	1173	3206	2771	4028	3382	1043	873	28	6	45666	33693	-1	-1	0.0	1355	1355	1182	1182	1173	1173	2580	2554	2090	2065	2054	2029	536	468	354	307	352	305
61	5833	1375	9	289	4160	1223	53	1173	4091	3551	4695	4002	1261	1071	40	8	45666	33933	-1	-1	0.0	1355	1355	1182	1182	1173	1173	2580	2554	2090	2065	2054	2029	678	605	457	400	457	400
62	5833	1375	9	289	4160	1223	53	1173	3987	3543	4785	4145	1269	1090	0	0	45666	34573	-1	-1	0.0	1355	1355	1182	1182	1173	1173	2580	2554	2090	2065	2054	2029	669	592	432	394	432	394
63	5833	1375	9	289	4160	1223	53	1173	2936	2728	3714	3327	1011	894	0	0	45666	34605	-1	-1	0.0	1355	1355	1182	1182	1173	1173	2580	2554	2090	2065	2054	2029	524	496	366	344	364	344
64	5833	1375	9	289	4160	1223	53	1173	3934	3596	4805	4166	1254	1117	4	1	45666	34230	-1	-1	0.0	1355	1355	1182	1182	1173	1173	2580	2554	2090	2065	2054	2029	640	591	448	416	448	416
65	5833	1375	9	289	4160	1223	53	1173	3131	2877	3573	3156	967	844	0	0	45666	34582	-1	-1	0.0	1355	1355	1182	1182	1173	1173	2580	2554	2090	2065	2054	2029	540	492	331	311	331	311
66	5833	1375	9	289	4160	1223	53	1173	3308	3052	3912	3532	1075	931	0	0	45666	34454	-1	-1	0.0	1355	1355	1182	1182	1173	1173	2580	2554	2090	2065	2054	2029	580	534	377	355	377	355
67	5833	1375	9	289	4160	1223	53	1173	3365	3103	3926	3556	1092	940	0	0	45666	34622	-1	-1	0.0	1355	1355	1182	1182	1173	1173	2580	2554	2090	2065	2054	2029	567	528	364	349	364	349
68	5833	1375	9	289	4160	1223	53	1173	3316	3012	3925	3456	1155	974	0	0	45666	34451	-1	-1	0.0	1355	1355	1182	1182	1173	1173	2580	2554	2090	2065	2054	2029	597	547	387	364	387	364
69	5833	1375	9	289	4160	1223	53	1173	3266	3001	3813	3421	1061	919	8	2	45666	34195	-1	-1	0.0	1355	1355	1182	1182	1173	1173	2580	2554	2090	2065	2054	2029	542	496	345	322	345	322
70	5833	1375	9	289	4160	1223	53	1173	3053	2789	3473	3068	985	825	0	0	45666	34479	-1	-1	0.0	1355	1355	1182	1182	1173	1173	2580	2554	2090	2065	2054	2029	531	481	319	294	319	294
71	5833	1375	9	289	4160	1223	53	1173	2571	2428	3121	2846	804	724	0	0	45666	34622	-1	-1	0.0	1355	1355	1182	1182	1173	1173	2580	2554	2090	2065	2054	2029	456	422	272	257	269	254
72	5833	1375	9	289	4160	1223	53	1173	3454	3228	4128	3775	1174	1031	0	0	45666	34617	-1	-1	0.0	1355	1355	1182	1182	1173	1173	2580	2554	2090	2065	2054	2029	617	578	409	389	407	389
73	5833	1375	9	289	4160	1223	53	1173	3085	2905	3798	3503	989	903	0	0	45666	34510	-1	-1	0.0	1355	1355	1182	1182	1173	1173	2580	2554	2090	2065	2054	2029	518	486	371	353	371	353
74	5833	1375	9	289	4160	1223	53	1173	2877	2660	3526	3214	917	828	4	1	45666	34402	-1	-1	0.0	1355	1355	1182	1182	1173	1173	2580	2554	2090	2065	2054	2029	492	451	305	289	305	289
75	5833	1375	9	289	4160	1223	53	1173	3850	3604	4604	4101	1226	1087	0	0	45666	34622	-1	-1	0.0	1355	1355	1182	1182	1173	1173	2580	2554	2090	2065	2054	2029	665	617	430	405	430	405
76	5833	1375	9	289	4160	1223	53	1173	3311	3098	3820	3525	1047	946	0	0	45666	34622	-1	-1	0.0	1355	1355	1182	1182	1173	1173	2580	2554	2090	2065	2054	2029	595	552	375	360	375	360
77	5833	1375	9	289	4160	1223	53	1173	3059	2702	3732	3309	980	850	4	1	45666	34442	-1	-1	0.0	1355	1355	1182	1182	1173	1173	2580	2554	2090	2065	2054	2029	531	471	348	330	346	328
78	5833	1375	9	289	4160	1223	53	1173	2782	2584	3501	3193	918	810	0	0	45666	34596	-1	-1	0.0	1355	1355	1182	1182	1173	1173	2580	2554	2090	2065	2054	2029	482	452	306	294	304	292
79	5833	1375	9	289	4160	1223	53	1173	3309	3005	3829	3459	1101	952	4	1	45666	34401	-1	-1	0.0	1355	1355	1182	1182	1173	1173	2580	2554	2090	2065	2054	2029	580	522	361	336	361	336
80	5833	1375	9	289	4160	1223	53	1173	3581	3218	4438	3887	1220	1041	24	5	45666	33974	-1	-1	0.0	1355	1355	1182	1182	1173	1173	2580	2554	2090	2065	2054	2029	579	510	412	366	407	363
81	5833	1375	9	289	4160	1223	53	1173	2952	2710	3572	3137	983	853	24	5	45666	33894	-1	-1	0.0	1355	1355	1182	1182	1173	1173	2580	2554	2090	2065	2054	2029	527	477	342	314	342	314
82	5833	1375	9	289	4160	1223	53	1173	3253	3076	3840	3493	1048	943	0	0	45666	34622	-1	-1	0.0	1355	1355	1182	1182	1173	1173	2580	2554	2090	2065	2054	2029	589	545	384	358	384	358
83	5833	1375	9	289	4160	1223	53	1173	3302	3097	3999	3599	1102	985	0	0	45666	34617	-1	-1	0.0	1355	1355	1182	1182	1173	1173	2580	2554	2090	2065	2054	2029	588	542	377	354	375	354
84	5833	1375	9	289	4160	1223	53	1173	3287	3100	3900	3557	1082	952	0	0	45666	34621	-1	-1	0.0	1355	1355	1182	1182	1173	1173	2580	2554	2090	2065	2054	2029	570	531	362	342	362	342
85	5833	1375	9	289	4160	1223	53	1173	2955	2715	3597	3209	897	817	0	0	45666	34587	-1	-1	0.0	1355	1355	1182	1182	1173	1173	2580	2554	2090	2065	2054	2029	476	442	330	311	330	311
86	5833	1375	9	289	4160	1223	53	1173	3788	3096	4478	3795	1246	996	4	1	45666	34298	-1	-1	0.0	1355	1355	1182	1182	1173	1173	2580	2554	2090	2065	2054	2029	628	528	422	385	422	385
87	5833	1375	9	289	4160	1223	53	1173	3506	3324	4042	3735	1154	1041	4	1	45666	34443	-1	-1	0.0	1355	1355	1182	1182	1173	1173	2580	2554	2090	2065	2054	2029	584	556	414	402	414	402
88	5833	1375	9	289	4160	1223	53	1173	3402	3141	4292	3866	1137	984	0	0	45666	34622	-1	-1	0.0	1355	1355	1182	1182	1173	1173	2580	2554	2090	2065	2054	2029	582	535	383	357	381	355
89	5833	1375	9	289	4160	1223	53	1173	2695	2563	3499	3204	916	836	0	0	45666	34622	-1	-1	0.0	1355	1355	1182	1182	1173	1173	2580	2554	2090	2065	2054	2029	500	466	320	306	318	304
90	5833	1375	9	289	4160	1223	53	1173	3715	3391	4420	3897	1215	1058	0	0	45666	34605	-1	-1	0.0	1355	1355	1182	1182	1173	1173	2580	2554	2090	2065	2054	2029	616	560	411	380	409	380
91	5833	1375	9	289	4160	1223	53	1173	3595	3175	4317	3835	1173	1006	4	1	45666	34416	-1	-1	0.0	1355	1355	1182	1182	1173	1173	2580	2554	2090	2065	2054	2029	599	536	380	356	376	354
92	5833	1375	9	289	4160	1223	53	1173	3723	3020	4206	3556	1267	999	4	1	45666	34378	-1	-1	0.0	1355	1355	1182	1182	1173	1173	2580	2554	2090	2065	2054	2029	616	508	377	340	377	340
93	5833	1375	9	289	4160	1223	53	1173	3126	2946	3815	3486	1069	944	0	0	45666	34622	-1	-1	0.0	1355	1355	1182	1182	1173	1173	2580	2554	2090	2065	2054	2029	532	497	352	337	352	337
94	5833	1375	9	289	4160	1223	53	1173	3347	3107	3992	3599	1152	999	0	0	45666	34622	-1	-1	0.0	1355	1355	1182	1182	1173	1173	2580	2554	2090	2065	2054	2029	576	526	373	343	371	341
95	5833	1375	9	289	4160	1223	53	1173	2809	2666	3475	3190	930	849	0	0	45666	34617	-1	-1	0.0	1355	1355	1182	1182	1173	1173	2580	2554	2090	2065	2054	2029	457	435	314	303	314	303
96	5833	1375	9	289	4160	1223	53	1173	3509	3218	4150	3634	1134	992	0	0	45666	34534	-1	-1	0.0	1355	1355	1182	1182	1173	1173	2580	2554	2090	2065	2054	2029	591	541	392	366	390	364
97	5833	1375	9	289	4160	1223	53	1173	2730	2558	3471	3111	873	781	8	1	45666	34310	-1	-1	0.0	1355	1355	1182	1182	1173	1173	2580	2554	2090	2065	2054	2029	492	453	320	304	318	302
98	5833	1375	9	289	4160	1223	53	1173	3164	2950	3907	3538	1000	870	0	0	45666	34599	-1	-1	0.0	1355	1355	1182	1182	1173	1173	2580	2554	2090	2065	2054	2029	528	502	364	351	364	351
99	5833	1375	9	289	4160	1223	53	1173	3638	3416	4425	4033	1209	1078	0	0	45666	34621	-1	-1	0.0	1355	1355	1182	1182	1173	1173	2580	2554	2090	2065	2054	2029	617	591	434	417	432	415
100	5833	1375	9	289	4160	1223	53	1173	3584	3269	4385	3822	1152	1012	0	0	45666	34588	-1	-1	0.0	1355	1355	1182	1182	1173	1173	2580	2554	2090	2065	2054	2029	595	552	407	383	407	383
101	5833	1375	9	289	4160	1223	53	1173	3237	2929	4026	3564	1090	925	8	2	45666	34353	-1	-1	0.0	1355	1355	1182	1182	1173	1173	2580	2554	2090	2065	2054	2029	568	523	397	371	395	369
102	5833	1375	9	289	4160	1223	53	1173	2128	1992	2679	2397	712	626	0	0	45666	34622	-1	-1	0.0	1355	1355	1182	1182	1173	1173	2580	2554	2090	2065	2054	2029	414	379	251	235	251	235
103	5833	1375	9	289	4160	1223	53	1173	3541	3352	4378	4070	1178	1048	0	0	45666	34622	-1	-1	0.0	1355	1355	1182	1182	1173	1173	2580	2554	2090	2065	2054	2029	563	547	379	370	379	370
104	5833	1375	9	289	4160	1223	53	1173	3412	3126	3972	3467	1110	954	0	0	45666	34605	-1	-1	0.0	1355	1355	1182	1182	1173	1173	2580	2554	2090	2065	2054	2029	584	542	384	360	382	358
105	5833	1375	9	289	4160	1223	53	1173	3526	3281	4286	3877	1195	1063	0	0	45666	34621	-1	-1	0.0	1355	1355	1182	1182	1173	1173	2580	2554	2090	2065	2054	2029	610	562	415	393	413	391
106	5833	1375	9	289	4160	1223	53	1173	2902	2605	3480	3106	937	796	0	0	45666	34451	-1	-1	0.0	1355	1355	1182	1182	1173	1173	2580	2554	2090	2065	2054	2029	503	455	325	303	323	301
107	5833	1375	9	289	4160	1223	53	1173	2910	2776	3699	3402	912	864	0	0	45666	34621	-1	-1	0.0	1355	1355	1182	1182	1173	1173	2580	2554	2090	2065	2054	2029	488	469	334	325	332	323
108	5833	1375	9	289	4160	1223	53	1173	4279	3837	4961	4313	1364	1149	24	5	45666	33974	-1	-1	0.0	1355	1355	1182	1182	1173	1173	2580	2554	2090	2065	2054	2029	747	664	491	441	489	441
109	5833	1375	9	289	4160	1223	53	1173	3195	2912	3993	3526	1100	917	0	0	45666	34596	-1	-1	0.0	1355	1355	1182	1182	1173	1173	2580	2554	2090	2065	2054	2029	536	493	362	337	362	337
110	5833	1375	9	289	4160	1223	53	1173	3263	3081	3938	3594	1064	968	0	0	45666	34567	-1	-1	0.0	1355	1355	1182	1182	1173	1173	2580	2554	2090	2065	2054	2029	543	512	359	342	357	340
111	5833	1375	9	289	4160	1223	53	1173	3282	2959	4029	3519	1088	938	0	0	45666	34621	-1	-1	0.0	1355	1355	1182	1182	1173	1173	2580	2554	2090	2065	2054	2029	562	501	356	323	352	321
112	5833	1375	9	289	4160	1223	53	1173	2862	2638	3513	3195	972	851	8	1	45666	34329	-1	-1	0.0	1355	1355	1182	1182	1173	1173	2580	2554	2090	2065	2054	2029	482	439	316	296	316	296
113	5833	1375	9	289	4160	1223	53	1173	3404	3130	4006	3601	1172	989	0	0	45666	34622	-1	-1	0.0	1355	1355	1182	1182	1173	1173	2580	2554	2090	2065	2054	2029	580	537	375	354	375	354
114	5833	1375	9	289	4160	1223	53	1173	3682	3203	4289	3778	1233	1052	4	1	45666	34435	-1	-1	0.0	1355	1355	1182	1182	1173	1173	2580	2554	2090	2065	2054	2029	618	540	405	380	405	380
115	5833	1375	9	289	4160	1223	53	1173	3064	2856	3672	3316	987	854	0	0	45666	34568	-1	-1	0.0	1355	1355	1182	1182	1173	1173	2580	2554	2090	2065	2054	2029	518	472	316	290	316	290
116	5833	1375	9	289	4160	1223	53	1173	2455	2349	3159	2899	802	747	0	0	45666	34590	-1	-1	0.0	1355	1355	1182	1182	1173	1173	2580	2554	2090	2065	2054	2029	422	405	284	275	282	275
117	5833	1375	9	289	4160	1223	53	1173	3564	3368	4096	3728	1186	1066	0	0	45666	34621	-1	-1	0.0	1355	1355	1182	1182	1173	1173	2580	2554	2090	2065	2054	2029	575	531	365	347	365	347
118	5833	1375	9	289	4160	1223	53	1173	2737	2545	3259	2903	839	754	24	5	45666	33979	-1	-1	0.0	1355	1355	1182	1182	1173	1173	2580	2554	2090	2065	2054	2029	471	433	261	244	258	241
119	5833	1375	9	289	4160	1223	53	1173	2993	2861	3787	3524	947	878	0	0	45666	34622	-1	-1	0.0	1355	1355	1182	1182	1173	1173	2580	2554	2090	2065	2054	2029	476	462	347	339	345	337
120	5833	1375	9	289	4160	1223	53	1173	3970	3315	4878	4149	1327	1074	4	1	45666	34417	-1	-1	0.0	1355	1355	1182	1182	1173	1173	2580	2554	2090	2065	2054	2029	656	565	454	409	452	409
121	5833	1375	9	289	4160	1223	53	1173	3629	3247	4529	3980	1242	1071	24	5	45666	33916	-1	-1	0.0	1355	1355	1182	1182	1173	1173	2580	2554	2090	2065	2054	2029	648	572	440	393	440	393
122	5833	1375	9	289	4160	1223	53	1173	4349	3737	5047	4349	1412	1150	4	1	45666	34419	-1	-1	0.0	1355	1355	1182	1182	1173	1173	2580	2554	2090	2065	2054	2029	731	650	478	445	476	443
123	5833	1375	9	289	4160	1223	53	1173	3613	3357	4289	3900	1151	1021	8	2	45666	34491	-1	-1	0.0	1355	1355	1182	1182	1173	1173	2580	2554	2090	2065	2054	2029	607	569	418	391	418	391
124	5833	1375	9	289	4160	1223	53	1173	3248	3009	3891	3518	1102	955	0	0	45666	34617	-1	-1	0.0	1355	1355	1182	1182	1173	1173	2580	2554	2090	2065	2054	2029	543	504	356	338	354	336
125	5833	1375	9	289	4160	1223	53	1173	3277	3115	4127	3775	1086	989	0	0	45666	34605	-1	-1	0.0	1355	1355	1182	1182	1173	1173	2580	2554	2090	2065	2054	2029	568	541	381	370	378	367
126	5833	1375	9	289	4160	1223	53	1173	2630	2511	3247	2934	810	736	0	0	45666	34622	-1	-1	0.0	1355	1355	1182	1182	1173	1173	2580	2554	2090	2065	2054	2029	465	451	290	282	290	282
127	5833	1375	9	289	4160	1223	53	1173	3538	3125	4262	3620	1143	964	24	5	45666	33888	-1	-1	0.0	1355	1355	1182	1182	1173	1173	2580	2554	2090	2065	2054	2029	609	541	405	357	405	357
128	5833	1375	9	289	4160	1223	53	1173	2493	2416	3187	2934	781	729	0	0	45666	34622	-1	-1	0.0	1355	1355	1182	1182	1173	1173	2580	2554	2090	2065	2054	2029	435	419	267	258	265	256
129	5833	1375	9	289	4160	1223	53	1173	2699	2531	3232	2879	838	745	0	0	45666	34578	-1	-1	0.0	1355	1355	1182	1182	1173	1173	2580	2554	2090	2065	2054	2029	486	441	325	308	325	308
130	5833	1375	9	289	4160	1223	53	1173	3908	3284	4550	3732	1237	991	40	8	45666	33884	-1	-1	0.0	1355	1355	1182	1182	1173	1173	2580	2554	2090	2065	2054	2029	643	552	468	396	463	391
131	5833	1375	9	289	4160	1223	53	1173	3575	3331	4104	3725	1165	1028	52	11	45666	33367	-1	-1	0.0	1355	1355	1182	1182	1173	1173	2580	2554	2090	2065	2054	2029	602	558	376	353	376	353
132	5833	1375	9	289	4160	1223	53	1173	3090	2926	3883	3529	970	877	8	1	45666	34329	-1	-1	0.0	1355	1355	1182	1182	1173	1173	2580	2554	2090	2065	2054	2029	522	489	344	328	344	328
133	5833	1375	9	289	4160	1223	53	1173	2893	2701	3459	3098	908	805	4	1	45666	34402	-1	-1	0.0	1355	1355	1182	1182	1173	1173	2580	2554	2090	2065	2054	2029	512	471	317	295	317	295
134	5833	1375	9	289	4160	1223	53	1173	3414	3116	4234	3806	1101	993	24	5	45666	33953	-1	-1	0.0	1355	1355	1182	1182	1173	1173	2580	2554	2090	2065	2054	2029	569	521	399	367	399	367
135	5833	1375	9	289	4160	1223	53	1173	3306	2934	3683	3286	1064	927	4	1	45666	34436	-1	-1	0.0	1355	1355	1182	1182	1173	1173	2580	2554	2090	2065	2054	2029	553	498	363	345	358	340
136	5833	1375	9	289	4160	1223	53	1173	3627	3272	4213	3793	1159	1023	4	1	45666	34443	-1	-1	0.0	1355	1355	1182	1182	1173	1173	2580	2554	2090	2065	2054	2029	638	585	403	389	401	387
137	5833	1375	9	289	4160	1223	53	1173	2649	2407	3338	2995	900	781	0	0	45666	34615	-1	-1	0.0	1355	1355	1182	1182	1173	1173	2580	2554	2090	2065	2054	2029	496	443	321	304	319	302
138	5833	1375	9	289	4160	1223	53	1173	3033	2838	3656	3334	995	882	24	5	45666	33996	-1	-1	0.0	1355	1355	1182	1182	1173	1173	2580	2554	2090	2065	2054	2029	522	482	331	316	331	316
139	5833	1375	9	289	4160	1223	53	1173	3866	3422	4551	3958	1319	1111	4	1	45666	34406	-1	-1	0.0	1355	1355	1182	1182	1173	1173	2580	2554	2090	2065	2054	2029	652	580	442	403	435	396
140	5833	1375	9	289	4160	1223	53	1173	3387	3023	4072	3615	1123	948	4	1	45666	34439	-1	-1	0.0	1355	1355	1182	1182	1173	1173	2580	2554	2090	2065	2054	2029	617	553	402	378	399	375
141	5833	1375	9	289	4160	1223	53	1173	3173	2822	3783	3323	967	871	32	7	45666	33794	-1	-1	0.0	1355	1355	1182	1182	1173	1173	2580	2554	2090	2065	2054	2029	550	499	367	348	363	344
142	5833	1375	9	289	4160	1223	53	1173	3352	3178	4022	3658	1038	962	0	0	45666	34605	-1	-1	0.0	1355	1355	1182	1182	1173	1173	2580	2554	2090	2065	2054	2029	547	525	364	355	359	350
143	5833	1375	9	289	4160	1223	53	1173	2949	2697	3727	3341	1023	859	0	0	45666	34622	-1	-1	0.0	1355	1355	1182	1182	1173	1173	2580	2554	2090	2065	2054	2029	514	470	354	333	354	333
144	5833	1375	9	289	4160	1223	53	1173	2839	2616	3600	3185	956	817	4	1	45666	34443	-1	-1	0.0	1355	1355	1182	1182	1173	1173	2580	2554	2090	2065	2054	2029	512	465	299	275	297	273
145	5833	1375	9	289	4160	1223	53	1173	3148	2934	3760	3406	1056	941	0	0	45666	34622	-1	-1	0.0	1355	1355	1182	1182	1173	1173	2580	2554	2090	2065	2054	2029	552	510	340	323	338	321
146	5833	1375	9	289	4160	1223	53	1173	3362	3125	4213	3736	1092	960	0	0	45666	34622	-1	-1	0.0	1355	1355	1182	1182	1173	1173	2580	2554	2090	2065	2054	2029	599	546	382	358	380	356
147	5833	1375	9	289	4160	1223	53	1173	3028	2881	3790	3473	985	886	8	1	45666	34312	-1	-1	0.0	1355	1355	1182	1182	1173	1173	2580	2554	2090	2065	2054	2029	505	485	346	336	343	333
148	5833	1375	9	289	4160	1223	53	1173	3087	2778	3926	3389	1068	922	4	1	45666	34426	-1	-1	0.0	1355	1355	1182	1182	1173	1173	2580	2554	2090	2065	2054	2029	519	470	375	346	371	342
149	5833	1375	9	289	4160	1223	53	1173	3592	3311	4059	3640	1186	1009	0	0	45666	34548	-1	-1	0.0	1355	1355	1182	1182	1173	1173	2580	2554	2090	2065	2054	2029	618	565	399	375	397	373
150	5833	1375	9	289	4160	1223	53	1173	2967	2778	3744	3419	993	897	0	0	45666	34505	-1	-1	0.0	1355	1355	1182	1182	1173	1173	2580	2554	2090	2065	2054	2029	506	478	343	329	343	329
151	5833	1375	9	289	4160	1223	53	1173	3334	3057	3969	3592	1093	969	8	1	45666	34328	-1	-1	0.0	1355	1355	1182	1182	1173	1173	2580	2554	2090	2065	2054	2029	588	533	366	341	366	341
152	5833	1375	9	289	4160	1223	53	1173	2677	2482	3517	3182	929	803	0	0	45666	34622	-1	-1	0.0	1355	1355	1182	1182	1173	1173	2580	2554	2090	2065	2054	2029	483	444	322	302	320	300
153	5833	1375	9	289	4160	1223	53	1173	3285	2961	3870	3367	1083	933	28	6	45666	33958	-1	-1	0.0	1355	1355	1182	1182	1173	1173	2580	2554	2090	2065	2054	2029	538	493	352	327	350	327
154	5833	1375	9	289	4160	1223	53	1173	3419	3007	4163	3548	1085	914	8	2	45666	34210	-1	-1	0.0	1355	1355	1182	1182	1173	1173	2580	2554	2090	2065	2054	2029	549	480	394	356	394	356
155	5833	1375	9	289	4160	1223	53	1173	3971	3438	4666	3919	1277	1031	28	6	45666	33763	-1	-1	0.0	1355	1355	1182	1182	1173	1173	2580	2554	2090	2065	2054	2029	685	601	472	418	472	418
156	5833	1375	9	289	4160	1223	53	1173	3226	3043	3859	3494	1070	948	0	0	45666	34579	-1	-1	0.0	1355	1355	1182	1182	1173	1173	2580	2554	2090	2065	2054	2029	532	502	357	340	354	337
157	5833	1375	9	289	4160	1223	53	1173	3321	3047	3881	3537	1088	953	4	1	45666	34426	-1	-1	0.0	1355	1355	1182	1182	1173	1173	2580	2554	2090	2065	2054	2029	583	531	363	340	363	340
158	5833	1375	9	289	4160	1223	53	1173	4480	3897	5549	4655	1539	1253	32	7	45666	33688	-1	-1	0.0	1355	1355	1182	1182	1173	1173	2580	2554	2090	2065	2054	2029	763	673	548	490	548	490
159	5833	1375	9	289	4160	1223	53	1173	3226	2978	3773	3374	1116	953	0	0	45666	34621	-1	-1	0.0	1355	1355	1182	1182	1173	1173	2580	2554	2090	2065	2054	2029	561	515	357	335	353	333
160	5833	1375	9	289	4160	1223	53	1173	3219	2880	4061	3606	1110	951	28	6	45666	33791	-1	-1	0.0	1355	1355	1182	1182	1173	1173	2580	2554	2090	2065	2054	2029	581	522	401	361	401	361
161	5833	1375	9	289	4160	1223	53	1173	3335	3129	4108	3674	1033	950	0	0	45666	34553	-1	-1	0.0	1355	1355	1182	1182	1173	1173	2580	2554	2090	2065	2054	2029	572	541	392	374	385	367
162	5833	1375	9	289	4160	1223	53	1173	2418	2251	3152	2836	870	771	0	0	45666	34621	-1	-1	0.0	1355	1355	1182	1182	1173	1173	2580	2554	2090	2065	2054	2029	432	403	278	262	276	262
163	5833	1375	9	289	4160	1223	53	1173	3403	3084	4055	3543	1102	933	0	0	45666	34605	-1	-1	0.0	1355	1355	1182	1182	1173	1173	2580	2554	2090	2065	2054	2029	579	529	353	324	353	324
164	5833	1375	9	289	4160	1223	53	1173	3255	3017	3759	3364	1038	888	24	5	45666	33979	-1	-1	0.0	1355	1355	1182	1182	1173	1173	2580	2554	2090	2065	2054	2029	576	546	361	338	361	338
165	5833	1375	9	289	4160	1223	53	1173	2769	2585	3359	3078	920	811	0	0	45666	34622	-1	-1	0.0	1355	1355	1182	1182	1173	1173	2580	2554	2090	2065	2054	2029	490	454	313	301	313	301
166	5833	1375	9	289	4160	1223	53	1173	3543	3212	4043	3652	1097	953	4	1	45666	34406	-1	-1	0.0	1355	1355	1182	1182	1173	1173	2580	2554	2090	2065	2054	2029	606	551	391	369	391	369
167	5833	1375	9	289	4160	1223	53	1173	4113	3675	4995	4254	1332	1128	0	0	45666	34603	-1	-1	0.0	1355	1355	1182	1182	1173	1173	2580	2554	2090	2065	2054	2029	723	636	489	431	489	431
168	5833	1375	9	289	4160	1223	53	1173	2971	2813	3596	3305	959	876	0	0	45666	34622	-1	-1	0.0	1355	1355	1182	1182	1173	1173	2580	2554	2090	2065	2054	2029	491	471	336	328	331	323
169	5833	1375	9	289	4160	1223	53	1173	3753	3309	4330	3702	1241	1025	4	1	45666	34405	-1	-1	0.0	1355	1355	1182	1182	1173	1173	2580	2554	2090	2065	2054	2029	648	584	426	383	426	383
170	5833	1375	9	289	4160	1223	53	1173	3069	2570	3684	3161	1015	840	28	6	45666	33800	-1	-1	0.0	1355	1355	1182	1182	1173	1173	2580	2554	2090	2065	2054	2029	507	431	326	293	326	293
171	5833	1375	9	289	4160	1223	53	1173	3565	3358	4302	3956	1184	1059	8	1	45666	34329	-1	-1	0.0	1355	1355	1182	1182	1173	1173	2580	2554	2090	2065	2054	2029	635	602	422	401	422	401
172	5833	1375	9	289	4160	1223	53	1173	2759	2642	3451	3160	917	850	0	0	45666	34621	-1	-1	0.0	1355	1355	1182	1182	1173	1173	2580	2554	2090	2065	2054	2029	464	432	301	285	299	283
173	5833	1375	9	289	4160	1223	53	1173	3456	3189	4065	3687	1093	955	0	0	45666	34622	-1	-1	0.0	1355	1355	1182	1182	1173	1173	2580	2554	2090	2065	2054	2029	595	541	394	357	392	355
174	5833	1375	9	289	4160	1223	53	1173	3003	2795	3455	3119	1007	869	0	0	45666	34621	-1	-1	0.0	1355	1355	1182	1182	1173	1173	2580	2554	2090	2065	2054	2029	534	493	324	305	324	305
175	5833	1375	9	289	4160	1223	53	1173	3108	2912	3725	3398	1029	909	0	0	45666	34622	-1	-1	0.0	1355	1355	1182	1182	1173	1173	2580	2554	2090	2065	2054	2029	529	492	325	309	325	309
176	5833	1375	9	289	4160	1223	53	1173	2996	2849	3670	3377	963	873	4	1	45666	34407	-1	-1	0.0	1355	1355	1182	1182	1173	1173	2580	2554	2090	2065	2054	2029	509	481	329	315	327	313
177	5833	1375	9	289	4160	1223	53	1173	3774	3478	4651	4143	1202	1050	4	1	45666	34304	-1	-1	0.0	1355	1355	1182	1182	1173	1173	2580	2554	2090	2065	2054	2029	639	586	445	410	445	410
178	5833	1375	9	289	4160	1223	53	1173	3272	2988	3962	3545	1097	944	0	0	45666	34421	-1	-1	0.0	1355	1355	1182	1182	1173	1173	2580	2554	2090	2065	2054	2029	591	543	401	370	399	368
179	5833	1375	9	289	4160	1223	53	1173	3565	3256	4345	3863	1203	1043	0	0	45666	34573	-1	-1	0.0	1355	1355	1182	1182	1173	1173	2580	2554	2090	2065	2054	2029	617	565	405	377	405	377
180	5833	1375	9	289	4160	1223	53	1173	3641	3311	4427	3938	1228	1039	0	0	45666	34452	-1	-1	0.0	1355	1355	1182	1182	1173	1173	2580	2554	2090	2065	2054	2029	628	564	401	368	401	368
181	5833	1375	9	289	4160	1223	53	1173	2622	2443	3340	3020	859	777	16	4	45666	34497	-1	-1	0.0	1355	1355	1182	1182	1173	1173	2580	2554	2090	2065	2054	2029	468	428	311	285	309	283
182	5833	1375	9	289	4160	1223	53	1173	4024	3575	4853	4260	1354	1139	4	1	45666	34388	-1	-1	0.0	1355	1355	1182	1182	1173	1173	2580	2554	2090	2065	2054	2029	676	607	442	407	442	407
183	5833	1375	9	289	4160	1223	53	1173	3603	3188	4329	3891	1105	976	4	1	45666	34442	-1	-1	0.0	1355	1355	1182	1182	1173	1173	2580	2554	2090	2065	2054	2029	630	563	408	387	408	387
184	5833	1375	9	289	4160	1223	53	1173	3909	3433	4454	3860	1240	1038	4	1	45666	34271	-1	-1	0.0	1355	1355	1182	1182	1173	1173	2580	2554	2090	2065	2054	2029	675	606	402	372	400	372
185	5833	1375	9	289	4160	1223	53	1173	2945	2730	3544	3192	1002	859	0	0	45666	34622	-1	-1	0.0	1355	1355	1182	1182	1173	1173	2580	2554	2090	2065	2054	2029	541	496	341	320	341	320
186	5833	1375	9	289	4160	1223	53	1173	2607	2422	3287	2943	889	766	0	0	45666	34622	-1	-1	0.0	1355	1355	1182	1182	1173	1173	2580	2554	2090	2065	2054	2029	493	461	323	308	320	305
187	5833	1375	9	289	4160	1223	53	1173	3167	2824	3748	3287	989	860	0	0	45666	34395	-1	-1	0.0	1355	1355	1182	1182	1173	1173	2580	2554	2090	2065	2054	2029	543	491	344	312	342	310
188	5833	1375	9	289	4160	1223	53	1173	4084	3713	5077	4412	1350	1178	0	0	45666	34597	-1	-1	0.0	1355	1355	1182	1182	1173	1173	2580	2554	2090	2065	2054	2029	713	630	490	438	490	438
189	5833	1375	9	289	4160	1223	53	1173	2967	2801	3803	3511	996	902	0	0	45666	34604	-1	-1	0.0	1355	1355	1182	1182	1173	1173	2580	2554	2090	2065	2054	2029	524	478	335	316	333	314
190	5833	1375	9	289	4160	1223	53	1173	3088	2813	3828	3445	1003	881	0	0	45666	34590	-1	-1	0.0	1355	1355	1182	1182	1173	1173	2580	2554	2090	2065	2054	2029	547	497	373	351	371	349
191	5833	1375	9	289	4160	1223	53	1173	2887	2673	3730	3366	997	850	0	0	45666	34580	-1	-1	0.0	1355	1355	1182	1182	1173	1173	2580	2554	2090	2065	2054	2029	515	476	334	313	334	313
192	5833	1375	9	289	4160	1223	53	1173	3046	2823	3679	3289	1027	882	0	0	45666	34587	-1	-1	0.0	1355	1355	1182	1182	1173	1173	2580	2554	2090	2065	2054	2029	528	490	356	335	354	333
193	5833	1375	9	289	4160	1223	53	1173	3268	3047	3857	3491	996	903	28	6	45666	33992	-1	-1	0.0	1355	1355	1182	1182	1173	1173	2580	2554	2090	2065	2054	2029	543	511	362	348	362	348
194	5833	1375	9	289	4160	1223	53	1173	3398	3112	4180	3653	1130	982	0	0	45666	34574	-1	-1	0.0	1355	1355	1182	1182	1173	1173	2580	2554	2090	2065	2054	2029	604	547	391	365	388	362
195	5833	1375	9	289	4160	1223	53	1173	3495	3148	4045	3578	1098	944	24	5	45666	33974	-1	-1	0.0	1355	1355	1182	1182	1173	1173	2580	2554	2090	2065	2054	2029	585	529	398	356	398	356
196	5833	1375	9	289	4160	1223	53	1173	4107	3787	4979	4403	1333	1175	0	0	45666	34621	-1	-1	0.0	1355	1355	1182	1182	1173	1173	2580	2554	2090	2065	2054	2029	701	634	466	436	461	431
197	5833	1375	9	289	4160	1223	53	1173	3424	3140	4214	3787	1161	1010	24	5	45666	33817	-1	-1	0.0	1355	1355	1182	1182	1173	1173	2580	2554	2090	2065	2054	2029	563	516	372	342	372	342
198	5833	1375	9	289	4160	1223	53	1173	2971	2829	3670	3330	1028	930	0	0	45666	34622	-1	-1	0.0	1355	1355	1182	1182	1173	1173	2580	2554	2090	2065	2054	2029	512	471	347	328	347	328
199	5833	1375	9	289	4160	1223	53	1173	2502	2346	3400	3092	866	778	0	0	45666	34529	-1	-1	0.0	1355	1355	1182	1182	1173	1173	2580	2554	2090	2065	2054	2029	449	414	291	278	291	278
200	5833	1375	9	289	4160	1223	53	1173	3582	3238	4105	3550	1093	961	0	0	45666	34605	-1	-1	0.0	1355	1355	1182	1182	1173	1173	2580	2554	2090	2065	2054	2029	610	541	390	356	386	352
201	5833	1375	9	289	4160	1223	53	1173	3744	3508	4369	3953	1181	1028	0	0	45666	34622	-1	-1	0.0	1355	1355	1182	1182	1173	1173	2580	2554	2090	2065	2054	2029	633	587	404	383	401	380
202	5833	1375	9	289	4160	1223	53	1173	4123	3863	4786	4314	1287	1119	0	0	45666	34605	-1	-1	0.0	1355	1355	1182	1182	1173	1173	2580	2554	2090	2065	2054	2029	649	619	445	423	443	423
203	5833	1375	9	289	4160	1223	53	1173	2884	2653	3590	3170	939	807	0	0	45666	34577	-1	-1	0.0	1355	1355	1182	1182	1173	1173	2580	2554	2090	2065	2054	2029	519	473	317	293	315	291
204	5833	1375	9	289	4160	1223	53	1173	3237	3076	3944	3624	1038	955	0	0	45666	34496	-1	-1	0.0	1355	1355	1182	1182	1173	1173	2580	2554	2090	2065	2054	2029	546	518	367	345	365	345
205	5833	1375	9	289	4160	1223	53	1173	2887	2706	3688	3331	957	839	0	0	45666	34622	-1	-1	0.0	1355	1355	1182	1182	1173	1173	2580	2554	2090	2065	2054	2029	480	435	310	287	310	287
206	5833	1375	9	289	4160	1223	53	1173	3113	2891	3582	3199	1008	874	28	6	45666	33907	-1	-1	0.0	1355	1355	1182	1182	1173	1173	2580	2554	2090	2065	2054	2029	514	470	315	293	313	293
207	5833	1375	9	289	4160	1223	53	1173	2705	2515	3204	2903	841	751	0	0	45666	34605	-1	-1	0.0	1355	1355	1182	1182	1173	1173	2580	2554	2090	2065	2054	2029	436	407	276	263	276	263
208	5833	1375	9	289	4160	1223	53	1173	2870	2653	3643	3237	1005	867	0	0	45666	34605	-1	-1	0.0	1355	1355	1182	1182	1173	1173	2580	2554	2090	2065	2054	2029	540	495	343	319	343	319
209	5833	1375	9	289	4160	1223	53	1173	3325	3115	4152	3757	1072	932	0	0	45666	34622	-1	-1	0.0	1355	1355	1182	1182	1173	1173	2580	2554	2090	2065	2054	2029	571	535	373	352	369	350
210	5833	1375	9	289	4160	1223	53	1173	3465	3269	4054	3710	1148	1030	0	0	45666	34621	-1	-1	0.0	1355	1355	1182	1182	1173	1173	2580	2554	2090	2065	2054	2029	586	559	376	360	376	360
211	5833	1375	9	289	4160	1223	53	1173	3042	2856	3771	3387	1014	915	0	0	45666	34605	-1	-1	0.0	1355	1355	1182	1182	1173	1173	2580	2554	2090	2065	2054	2029	519	494	366	350	366	350
212	5833	1375	9	289	4160	1223	53	1173	3020	2789	3834	3431	1073	919	0	0	45666	34617	-1	-1	0.0	1355	1355	1182	1182	1173	1173	2580	2554	2090	2065	2054	2029	532	492	348	328	346	326
213	5833	1375	9	289	4160	1223	53	1173	2834	2622	3446	3146	936	843	4	1	45666	34554	-1	-1	0.0	1355	1355	1182	1182	1173	1173	2580	2554	2090	2065	2054	2029	526	472	345	326	343	326
214	5833	1375	9	289	4160	1223	53	1173	3185	2965	3635	3287	1008	892	0	0	45666	34477	-1	-1	0.0	1355	1355	1182	1182	1173	1173	2580	2554	2090	2065	2054	2029	561	516	348	324	348	324
215	5833	1375	9	289	4160	1223	53	1173	3507	3259	4157	3788	1169	1045	0	0	45666	34605	-1	-1	0.0	1355	1355	1182	1182	1173	1173	2580	2554	2090	2065	2054	2029	595	548	363	346	363	346
216	5833	1375	9	289	4160	1223	53	1173	3042	2630	3640	3083	1019	831	28	6	45666	33904	-1	-1	0.0	1355	1355	1182	1182	1173	1173	2580	2554	2090	2065	2054	2029	552	481	373	326	370	323
217	5833	1375	9	289	4160	1223	53	1173	2821	2610	3540	3170	881	786	0	0	45666	34513	-1	-1	0.0	1355	1355	1182	1182	1173	1173	2580	2554	2090	2065	2054	2029	514	469	326	301	326	301
218	5833	1375	9	289	4160	1223	53	1173	3409	3160	4116	3725	1129	984	24	5	45666	33994	-1	-1	0.0	1355	1355	1182	1182	1173	1173	2580	2554	2090	2065	2054	2029	602	557	399	376	399	376
219	5833	1375	9	289	4160	1223	53	1173	3690	3410	4437	3966	1260	1107	0	0	45666	34495	-1	-1	0.0	1355	1355	1182	1182	1173	1173	2580	2554	2090	2065	2054	2029	642	594	422	398	422	398
220	5833	1375	9	289	4160	1223	53	1173	3420	3159	3951	3518	1030	913	0	0	45666	34562	-1	-1	0.0	1355	1355	1182	1182	1173	1173	2580	2554	2090	2065	2054	2029	560	530	379	363	379	363
221	5833	1375	9	289	4160	1223	53	1173	2937	2754	3705	3381	1018	899	0	0	45666	34579	-1	-1	0.0	1355	1355	1182	1182	1173	1173	2580	2554	2090	2065	2054	2029	548	510	362	342	362	342
222	5833	1375	9	289	4160	1223	53	1173	2545	2408	3165	2871	883	796	0	0	45666	34582	-1	-1	0.0	1355	1355	1182	1182	1173	1173	2580	2554	2090	2065	2054	2029	464	432	266	252	266	252
223	5833	1375	9	289	4160	1223	53	1173	2349	2181	3031	2705	799	702	0	0	45666	34576	-1	-1	0.0	1355	1355	1182	1182	1173	1173	2580	2554	2090	2065	2054	2029	425	387	278	258	275	255
224	5833	1375	9	289	4160	1223	53	1173	3574	3126	4260	3669	1185	958	4	1	45666	34406	-1	-1	0.0	1355	1355	1182	1182	1173	1173	2580	2554	2090	2065	2054	2029	585	524	424	382	422	380
225	5833	1375	9	289	4160	1223	53	1173	3249	2903	3757	3256	1132	918	0	0	45666	34440	-1	-1	0.0	1355	1355	1182	1182	1173	1173	2580	2554	2090	2065	2054	2029	564	507	347	316	344	313
226	5833	1375	9	289	4160	1223	53	1173	3312	2997	4015	3575	1145	970	24	5	45666	33986	-1	-1	0.0	1355	1355	1182	1182	1173	1173	2580	2554	2090	2065	2054	2029	536	485	350	318	350	318
227	5833	1375	9	289	4160	1223	53	1173	2717	2586	3346	3077	888	813	0	0	45666	34605	-1	-1	0.0	1355	1355	1182	1182	1173	1173	2580	2554	2090	2065	2054	2029	474	460	331	325	331	325
228	5833	1375	9	289	4160	1223	53	1173	2853	2742	3207	2967	870	815	24	5	45666	33965	-1	-1	0.0	1355	1355	1182	1182	1173	1173	2580	2554	2090	2065	2054	2029	480	465	315	310	310	305
229	5833	1375	9	289	4160	1223	53	1173	3384	3089	4329	3825	1151	994	0	0	45666	34268	-1	-1	0.0	1355	1355	1182	1182	1173	1173	2580	2554	2090	2065	2054	2029	564	512	366	337	364	335
230	5833	1375	9	289	4160	1223	53	1173	4975	4144	5840	4754	1670	1329	40	8	45666	33899	-1	-1	0.0	1355	1355	1182	1182	1173	1173	2580	2554	2090	2065	2054	2029	839	711	596	510	594	508
231	5833	1375	9	289	4160	1223	53	1173	3497	3211	3960	3581	1146	1003	0	0	45666	34622	-1	-1	0.0	1355	1355	1182	1182	1173	1173	2580	2554	2090	2065	2054	2029	591	541	354	336	354	336
232	5833	1375	9	289	4160	1223	53	1173	3472	2983	4368	3721	1248	1010	32	6	45666	33669	-1	-1	0.0	1355	1355	1182	1182	1173	1173	2580	2554	2090	2065	2054	2029	591	517	393	339	393	339
233	5833	1375	9	289	4160	1223	53	1173	3285	3071	3889	3563	1063	947	0	0	45666	34622	-1	-1	0.0	1355	1355	1182	1182	1173	1173	2580	2554	2090	2065	2054	2029	594	548	387	368	387	368
234	5833	1375	9	289	4160	1223	53	1173	3622	3292	4285	3827	1208	1025	12	3	45666	34314	-1	-1	0.0	1355	1355	1182	1182	1173	1173	2580	2554	2090	2065	2054	2029	674	606	429	384	429	384
235	5833	1375	9	289	4160	1223	53	1173	2860	2680	3450	3132	956	844	0	0	45666	34617	-1	-1	0.0	1355	1355	1182	1182	1173	1173	2580	2554	2090	2065	2054	2029	517	485	319	299	317	297
236	5833	1375	9	289	4160	1223	53	1173	3840	3620	4622	4227	1251	1130	0	0	45666	34605	-1	-1	0.0	1355	1355	1182	1182	1173	1173	2580	2554	2090	2065	2054	2029	639	604	432	412	432	412
237	5833	1375	9	289	4160	1223	53	1173	3354	2909	3752	3164	1049	859	52	11	45666	33340	-1	-1	0.0	1355	1355	1182	1182	1173	1173	2580	2554	2090	2065	2054	2029	566	499	350	311	348	309
238	5833	1375	9	289	4160	1223	53	1173	3825	3456	4336	3776	1176	986	16	2	45666	34304	-1	-1	0.0	1355	1355	1182	1182	1173	1173	2580	2554	2090	2065	2054	2029	653	595	427	391	427	391
239	5833	1375	9	289	4160	1223	53	1173	3977	3373	5009	4187	1329	1084	40	8	45666	33933	-1	-1	0.0	1355	1355	1182	1182	1173	1173	2580	2554	2090	2065	2054	2029	667	569	498	431	493	426
240	5833	1375	9	289	4160	1223	53	1173	3321	3046	3989	3567	1149	964	0	0	45666	34622	-1	-1	0.0	1355	1355	1182	1182	1173	1173	2580	2554	2090	2065	2054	2029	560	514	373	348	373	348
241	5833	1375	9	289	4160	1223	53	1173	3100	2745	3696	3172	1026	869	52	11	45666	33328	-1	-1	0.0	1355	1355	1182	1182	1173	1173	2580	2554	2090	2065	2054	2029	540	483	349	311	349	311
242	5833	1375	9	289	4160	1223	53	1173	3232	2950	3853	3358	1006	869	0	0	45666	34602	-1	-1	0.0	1355	1355	1182	1182	1173	1173	2580	2554	2090	2065	2054	2029	581	527	386	357	386	357
243	5833	1375	9	289	4160	1223	53	1173	2975	2725	3714	3250	1040	874	0	0	45666	34541	-1	-1	0.0	1355	1355	1182	1182	1173	1173	2580	2554	2090	2065	2054	2029	524	481	357	336	357	336
244	5833	1375	9	289	4160	1223	53	1173	2740	2559	3514	3179	955	835	4	1	45666	34443	-1	-1	0.0	1355	1355	1182	1182	1173	1173	2580	2554	2090	2065	2054	2029	486	446	334	317	332	315
245	5833	1375	9	289	4160	1223	53	1173	2835	2608	3515	3147	914	804	0	0	45666	34577	-1	-1	0.0	1355	1355	1182	1182	1173	1173	2580	2554	2090	2065	2054	2029	517	467	312	293	312	293
246	5833	1375	9	289	4160	1223	53	1173	3847	3609	4440	4089	1272	1133	0	0	45666	34621	-1	-1	0.0	1355	1355	1182	1182	1173	1173	2580	2554	2090	2065	2054	2029	627	580	414	388	412	386
247	5833	1375	9	289	4160	1223	53	1173	3241	3033	3978	3604	1070	937	0	0	45666	34621	-1	-1	0.0	1355	1355	1182	1182	1173	1173	2580	2554	2090	2065	2054	2029	570	530	362	343	362	343
248	5833	1375	9	289	4160	1223	53	1173	2934	2750	3740	3293	968	871	0	0	45666	34622	-1	-1	0.0	1355	1355	1182	1182	1173	1173	2580	2554	2090	2065	2054	2029	524	474	353	332	351	330
249	5833	1375	9	289	4160	1223	53	1173	2871	2674	3375	3048	962	835	0	0	45666	34600	-1	-1	0.0	1355	1355	1182	1182	1173	1173	2580	2554	2090	2065	2054	2029	495	458	306	284	306	284
250	5833	1375	9	289	4160	1223	53	1173	3410	3108	4147	3709	1164	1024	0	0	45666	34566	-1	-1	0.0	1355	1355	1182	1182	1173	1173	2580	2554	2090	2065	2054	2029	599	545	391	363	389	361
251	5833	1375	9	289	4160	1223	53	1173	3031	2858	3691	3343	1052	925	0	0	45666	34605	-1	-1	0.0	1355	1355	1182	1182	1173	1173	2580	2554	2090	2065	2054	2029	507	483	336	319	331	314
252	5833	1375	9	289	4160	1223	53	1173	2582	2452	3227	2966	844	782	0	0	45666	34620	-1	-1	0.0	1355	1355	1182	1182	1173	1173	2580	2554	2090	2065	2054	2029	449	430	280	276	280	276
253	5833	1375	9	289	4160	1223	53	1173	2721	2535	3492	3149	902	785	8	1	45666	34243	-1	-1	0.0	1355	1355	1182	1182	1173	1173	2580	2554	2090	2065	2054	2029	466	425	317	300	317	300
254	5833	1375	9	289	4160	1223	53	1173	3267	3023	4080	3690	1077	925	0	0	45666	34616	-1	-1	0.0	1355	1355	1182	1182	1173	1173	2580	2554	2090	2065	2054	2029	559	519	391	372	386	367
255	5833	1375	9	289	4160	1223	53	1173	2908	2756	3612	3303	969	883	0	0	45666	34599	-1	-1	0.0	1355	1355	1182	1182	1173	1173	2580	2554	2090	2065	2054	2029	530	493	340	321	336	317
256	5833	1375	9	289	4160	1223	53	1173	3446	3194	4185	3803	1188	1037	0	0	45666	34616	-1	-1	0.0	1355	1355	1182	1182	1173	1173	2580	2554	2090	2065	2054	2029	542	506	389	369	387	369
257	5833	1375	9	289	4160	1223	53	1173	2885	2703	3569	3245	971	853	0	0	45666	34621	-1	-1	0.0	1355	1355	1182	1182	1173	1173	2580	2554	2090	2065	2054	2029	508	471	334	314	334	314
258	5833	1375	9	289	4160	1223	53	1173	2543	2403	3085	2812	832	755	0	0	45666	34598	-1	-1	0.0	1355	1355	1182	1182	1173	1173	2580	2554	2090	2065	2054	2029	429	418	271	264	271	264
259	5833	1375	9	289	4160	1223	53	1173	2642	2448	3335	3014	903	783	4	1	45666	34537	-1	-1	0.0	1355	1355	1182	1182	1173	1173	2580	2554	2090	2065	2054	2029	478	443	296	282	296	282
260	5833	1375	9	289	4160	1223	53	1173	2916	2676	3498	3095	946	810	0	0	45666	34593	-1	-1	0.0	1355	1355	1182	1182	1173	1173	2580	2554	2090	2065	2054	2029	483	443	319	294	319	294
261	5833	1375	9	289	4160	1223	53	1173	2760	2582	3370	3047	901	802	0	0	45666	34572	-1	-1	0.0	1355	1355	1182	1182	1173	1173	2580	2554	2090	2065	2054	2029	486	446	324	308	324	308
262	5833	1375	9	289	4160	1223	53	1173	2741	2579	3549	3233	888	801	8	1	45666	34329	-1	-1	0.0	1355	1355	1182	1182	1173	1173	2580	2554	2090	2065	2054	2029	501	457	328	307	328	307
263	5833	1375	9	289	4160	1223	53	1173	2960	2801	3609	3312	941	847	0	0	45666	34622	-1	-1	0.0	1355	1355	1182	1182	1173	1173	2580	2554	2090	2065	2054	2029	513	483	331	317	329	315
264	5833	1375	9	289	4160	1223	53	1173	3065	2825	3770	3348	1062	923	4	1	45666	34426	-1	-1	0.0	1355	1355	1182	1182	1173	1173	2580	2554	2090	2065	2054	2029	522	481	344	324	338	318
265	5833	1375	9	289	4160	1223	53	1173	3048	2873	3646	3296	1024	910	0	0	45666	34516	-1	-1	0.0	1355	1355	1182	1182	1173	1173	2580	2554	2090	2065	2054	2029	511	487	355	338	351	336
266	5833	1375	9	289	4160	1223	53	1173	4071	3703	4915	4323	1375	1193	8	1	45666	34295	-1	-1	0.0	1355	1355	1182	1182	1173	1173	2580	2554	2090	2065	2054	2029	657	614	479	447	479	447
267	5833	1375	9	289	4160	1223	53	1173	2370	2239	2992	2714	812	732	0	0	45666	34571	-1	-1	0.0	1355	1355	1182	1182	1173	1173	2580	2554	2090	2065	2054	2029	425	391	271	257	271	257
268	5833	1375	9	289	4160	1223	53	1173	2208	2068	2852	2561	749	658	0	0	45666	34622	-1	-1	0.0	1355	1355	1182	1182	1173	1173	2580	2554	2090	2065	2054	2029	425	391	254	238	254	238
269	5833	1375	9	289	4160	1223	53	1173	3213	2974	3901	3484	1074	918	28	6	45666	33905	-1	-1	0.0	1355	1355	1182	1182	1173	1173	2580	2554	2090	2065	2054	2029	552	515	358	336	358	336
270	5833	1375	9	289	4160	1223	53	1173	3389	3130	4158	3675	1161	983	0	0	45666	34621	-1	-1	0.0	1355	1355	1182	1182	1173	1173	2580	2554	2090	2065	2054	2029	591	538	409	378	407	376
271	5833	1375	9	289	4160	1223	53	1173	3121	2914	3609	3289	955	858	0	0	45666	34622	-1	-1	0.0	1355	1355	1182	1182	1173	1173	2580	2554	2090	2065	2054	2029	570	537	342	325	342	325
272	5833	1375	9	289	4160	1223	53	1173	2855	2637	3712	3362	974	860	4	1	45666	34425	-1	-1	0.0	1355	1355	1182	1182	1173	1173	2580	2554	2090	2065	2054	2029	474	424	327	301	323	297
273	5833	1375	9	289	4160	1223	53	1173	2804	2606	3467	3158	892	791	0	0	45666	34600	-1	-1	0.0	1355	1355	1182	1182	1173	1173	2580	2554	2090	2065	2054	2029	488	464	336	319	331	314
274	5833	1375	9	289	4160	1223	53	1173	3372	3158	3890	3530	1141	998	0	0	45666	34621	-1	-1	0.0	1355	1355	1182	1182	1173	1173	2580	2554	2090	2065	2054	2029	575	533	370	349	368	347
275	5833	1375	9	289	4160	1223	53	1173	2674	2487	3198	2857	864	743	0	0	45666	34588	-1	-1	0.0	1355	1355	1182	1182	1173	1173	2580	2554	2090	2065	2054	2029	465	423	280	260	280	260
276	5833	1375	9	289	4160	1223	53	1173	3837	3514	4547	4059	1285	1105	0	0	45666	34588	-1	-1	0.0	1355	1355	1182	1182	1173	1173	2580	2554	2090	2065	2054	2029	673	628	444	417	444	417
277	5833	1375	9	289	4160	1223	53	1173	3179	2978	3939	3589	1040	927	0	0	45666	34622	-1	-1	0.0	1355	1355	1182	1182	1173	1173	2580	2554	2090	2065	2054	2029	550	510	357	340	355	338
278	5833	1375	9	289	4160	1223	53	1173	2928	2743	3720	3400	993	875	0	0	45666	34622	-1	-1	0.0	1355	1355	1182	1182	1173	1173	2580	2554	2090	2065	2054	2029	507	471	331	313	327	309
279	5833	1375	9	289	4160	1223	53	1173	4670	3629	5263	4236	1456	1120	12	3	45666	34168	-1	-1	0.0	1355	1355	1182	1182	1173	1173	2580	2554	2090	2065	2054	2029	790	633	557	474	557	474
280	5833	1375	9	289	4160	1223	53	1173	4090	3872	4895	4485	1336	1200	0	0	45666	34621	-1	-1	0.0	1355	1355	1182	1182	1173	1173	2580	2554	2090	2065	2054	2029	693	647	485	459	483	457
281	5833	1375	9	289	4160	1223	53	1173	3182	2975	3712	3384	1045	923	0	0	45666	34622	-1	-1	0.0	1355	1355	1182	1182	1173	1173	2580	2554	2090	2065	2054	2029	554	510	344	326	339	321
282	5833	1375	9	289	4160	1223	53	1173	2659	2538	3266	3018	861	783	0	0	45666	34622	-1	-1	0.0	1355	1355	1182	1182	1173	1173	2580	2554	2090	2065	2054	2029	450	441	304	299	299	294
283	5833	1375	9	289	4160	1223	53	1173	4007	3346	4508	3847	1267	1030	4	1	45666	34385	-1	-1	0.0	1355	1355	1182	1182	1173	1173	2580	2554	2090	2065	2054	2029	656	559	427	398	425	396
284	5833	1375	9	289	4160	1223	53	1173	2820	2661	3485	3184	881	805	4	1	45666	34409	-1	-1	0.0	1355	1355	1182	1182	1173	1173	2580	2554	2090	2065	2054	2029	476	460	320	310	313	303
285	5833	1375	9	289	4160	1223	53	1173	3410	3160	4115	3726	1155	1007	0	0	45666	34622	-1	-1	0.0	1355	1355	1182	1182	1173	1173	2580	2554	2090	2065	2054	2029	575	535	373	351	368	346
286	5833	1375	9	289	4160	1223	53	1173	3693	3352	4384	3863	1268	1093	12	2	45666	34110	-1	-1	0.0	1355	1355	1182	1182	1173	1173	2580	2554	2090	2065	2054	2029	623	557	408	371	408	371
287	5833	1375	9	289	4160	1223	53	1173	3089	2893	3636	3265	1054	925	0	0	45666	34605	-1	-1	0.0	1355	1355	1182	1182	1173	1173	2580	2554	2090	2065	2054	2029	554	510	363	342	363	342
288	5833	1375	9	289	4160	1223	53	1173	3250	3055	4024	3664	991	878	0	0	45666	34622	-1	-1	0.0	1355	1355	1182	1182	1173	1173	2580	2554	2090	2065	2054	2029	556	526	373	356	373	356
289	5833	1375	9	289	4160	1223	53	1173	3890	3604	4358	3913	1251	1069	0	0	45666	34591	-1	-1	0.0	1355	1355	1182	1182	1173	1173	2580	2554	2090	2065	2054	2029	668	621	433	408	433	408
290	5833	1375	9	289	4160	1223	53	1173	3219	2977	4001	3600	1139	980	0	0	45666	34604	-1	-1	0.0	1355	1355	1182	1182	1173	1173	2580	2554	2090	2065	2054	2029	567	526	360	341	360	341
291	5833	1375	9	289	4160	1223	53	1173	3203	2913	3840	3343	1128	908	0	0	45666	34622	-1	-1	0.0	1355	1355	1182	1182	1173	1173	2580	2554	2090	2065	2054	2029	547	502	372	343	372	343
292	5833	1375	9	289	4160	1223	53	1173	2785	2598	3361	3029	949	831	0	0	45666	34622	-1	-1	0.0	1355	1355	1182	1182	1173	1173	2580	2554	2090	2065	2054	2029	502	462	319	301	317	299
293	5833	1375	9	289	4160	1223	53	1173	3015	2814	3759	3387	1059	924	0	0	45666	34611	-1	-1	0.0	1355	1355	1182	1182	1173	1173	2580	2554	2090	2065	2054	2029	517	484	335	317	328	312
294	5833	1375	9	289	4160	1223	53	1173	3012	2825	3639	3340	954	870	0	0	45666	34622	-1	-1	0.0	1355	1355	1182	1182	1173	1173	2580	2554	2090	2065	2054	2029	519	477	324	311	322	309
295	5833	1375	9	289	4160	1223	53	1173	3178	2966	3857	3520	1073	945	24	5	45666	33996	-1	-1	0.0	1355	1355	1182	1182	1173	1173	2580	2554	2090	2065	2054	2029	551	512	373	355	373	355
296	5833	1375	9	289	4160	1223	53	1173	3870	3358	4466	3854	1249	1052	28	6	45666	33777	-1	-1	0.0	1355	1355	1182	1182	1173	1173	2580	2554	2090	2065	2054	2029	671	585	442	397	442	397
297	5833	1375	9	289	4160	1223	53	1173	3170	2910	3910	3421	1048	924	24	5	45666	33925	-1	-1	0.0	1355	1355	1182	1182	1173	1173	2580	2554	2090	2065	2054	2029	566	505	348	324	348	324
298	5833	1375	9	289	4160	1223	53	1173	2982	2641	3806	3323	990	834	24	5	45666	33945	-1	-1	0.0	1355	1355	1182	1182	1173	1173	2580	2554	2090	2065	2054	2029	513	450	362	323	362	323
299	5833	1375	9	289	4160	1223	53	1173	3332	3114	4031	3621	1044	917	0	0	45666	34583	-1	-1	0.0	1355	1355	1182	1182	1173	1173	2580	2554	2090	2065	2054	2029	586	545	365	345	362	342
300	5833	1375	9	289	4160	1223	53	1173	3759	3554	4456	4095	1253	1137	0	0	45666	34616	-1	-1	0.0	1355	1355	1182	1182	1173	1173	2580	2554	2090	2065	2054	2029	655	616	428	411	424	407
301	5833	1375	9	289	4160	1223	53	1173	3057	2833	3751	3363	1008	852	0	0	45666	34615	-1	-1	0.0	1355	1355	1182	1182	1173	1173	2580	2554	2090	2065	2054	2029	557	528	368	347	365	344
302	5833	1375	9	289	4160	1223	53	1173	4070	3630	4688	4093	1355	1124	4	1	45666	34401	-1	-1	0.0	1355	1355	1182	1182	1173	1173	2580	2554	2090	2065	2054	2029	701	641	461	428	461	428
303	5833	1375	9	289	4160	1223	53	1173	3194	2973	3813	3334	1011	890	0	0	45666	34605	-1	-1	0.0	1355	1355	1182	1182	1173	1173	2580	2554	2090	2065	2054	2029	574	521	405	381	403	379
304	5833	1375	9	289	4160	1223	53	1173	3523	3253	4379	3917	1227	1060	16	2	45666	34344	-1	-1	0.0	1355	1355	1182	1182	1173	1173	2580	2554	2090	2065	2054	2029	611	562	410	384	410	384
305	5833	1375	9	289	4160	1223	53	1173	3065	2942	3766	3508	957	907	4	1	45666	34443	-1	-1	0.0	1355	1355	1182	1182	1173	1173	2580	2554	2090	2065	2054	2029	501	485	340	331	340	331
306	5833	1375	9	289	4160	1223	53	1173	2570	2399	3526	3180	866	784	52	11	45666	33291	-1	-1	0.0	1355	1355	1182	1182	1173	1173	2580	2554	2090	2065	2054	2029	452	421	323	303	323	303
307	5833	1375	9	289	4160	1223	53	1173	3058	2866	3839	3480	1069	934	0	0	45666	34572	-1	-1	0.0	1355	1355	1182	1182	1173	1173	2580	2554	2090	2065	2054	2029	529	491	370	351	370	351
308	5833	1375	9	289	4160	1223	53	1173	3844	3297	4739	4130	1264	1083	4	1	45666	34284	-1	-1	0.0	1355	1355	1182	1182	1173	1173	2580	2554	2090	2065	2054	2029	633	551	430	401	428	399
309	5833	1375	9	289	4160	1223	53	1173	2972	2791	3546	3224	964	857	0	0	45666	34622	-1	-1	0.0	1355	1355	1182	1182	1173	1173	2580	2554	2090	2065	2054	2029	506	469	312	293	310	293
310	5833	1375	9	289	4160	1223	53	1173	2858	2663	3607	3231	956	835	0	0	45666	34589	-1	-1	0.0	1355	1355	1182	1182	1173	1173	2580	2554	2090	2065	2054	2029	497	461	332	316	330	316
311	5833	1375	9	289	4160	1223	53	1173	2937	2604	3562	3141	971	826	32	7	45666	33814	-1	-1	0.0	1355	1355	1182	1182	1173	1173	2580	2554	2090	2065	2054	2029	478	430	313	294	313	294
312	5833	1375	9	289	4160	1223	53	1173	2990	2764	3702	3388	948	844	0	0	45666	34622	-1	-1	0.0	1355	1355	1182	1182	1173	1173	2580	2554	2090	2065	2054	2029	525	477	318	304	318	304
313	5833	1375	9	289	4160	1223	53	1173	2543	2383	3105	2806	835	735	0	0	45666	34622	-1	-1	0.0	1355	1355	1182	1182	1173	1173	2580	2554	2090	2065	2054	2029	447	411	286	270	286	270
314	5833	1375	9	289	4160	1223	53	1173	3956	3682	4494	4025	1203	1068	0	0	45666	34577	-1	-1	0.0	1355	1355	1182	1182	1173	1173	2580	2554	2090	2065	2054	2029	636	596	407	379	404	376
315	5833	1375	9	289	4160	1223	53	1173	3627	3411	4214	3894	1237	1122	0	0	45666	34533	-1	-1	0.0	1355	1355	1182	1182	1173	1173	2580	2554	2090	2065	2054	2029	605	569	391	379	391	379
316	5833	1375	9	289	4160	1223	53	1173	3985	3661	4855	4227	1363	1162	0	0	45666	34579	-1	-1	0.0	1355	1355	1182	1182	1173	1173	2580	2554	2090	2065	2054	2029	689	629	481	451	481	451
317	5833	1375	9	289	4160	1223	53	1173	3751	3166	4242	3662	1188	991	12	3	45666	34143	-1	-1	0.0	1355	1355	1182	1182	1173	1173	2580	2554	2090	2065	2054	2029	641	548	384	354	382	352
318	5833	1375	9	289	4160	1223	53	1173	3444	3058	4122	3561	1140	952	52	11	45666	33344	-1	-1	0.0	1355	1355	1182	1182	1173	1173	2580	2554	2090	2065	2054	2029	607	542	382	340	382	340
319	5833	1375	9	289	4160	1223	53	1173	3502	3176	4343	3860	1168	1017	24	5	45666	33986	-1	-1	0.0	1355	1355	1182	1182	1173	1173	2580	2554	2090	2065	2054	2029	608	550	393	362	393	362
320	5833	1375	9	289	4160	1223	53	1173	3207	2927	3658	3247	959	818	0	0	45666	34605	-1	-1	0.0	1355	1355	1182	1182	1173	1173	2580	2554	2090	2065	2054	2029	557	511	324	303	322	303
321	5833	1375	9	289	4160	1223	53	1173	3071	2873	3816	3472	1034	909	8	1	45666	34447	-1	-1	0.0	1355	1355	1182	1182	1173	1173	2580	2554	2090	2065	2054	2029	534	500	333	317	331	315
322	5833	1375	9	289	4160	1223	53	1173	3025	2833	3781	3446	1054	940	0	0	45666	34604	-1	-1	0.0	1355	1355	1182	1182	1173	1173	2580	2554	2090	2065	2054	2029	536	492	334	313	334	313
323	5833	1375	9	289	4160	1223	53	1173	3361	3107	4011	3639	1075	955	0	0	45666	34614	-1	-1	0.0	1355	1355	1182	1182	1173	1173	2580	2554	2090	2065	2054	2029	604	553	365	340	362	337
324	5833	1375	9	289	4160	1223	53	1173	3479	3298	4007	3646	1103	991	0	0	45666	34622	-1	-1	0.0	1355	1355	1182	1182	1173	1173	2580	2554	2090	2065	2054	2029	551	520	369	351	369	351
325	5833	1375	9	289	4160	1223	53	1173	3472	3147	4246	3731	1139	990	0	0	45666	34605	-1	-1	0.0	1355	1355	1182	1182	1173	1173	2580	2554	2090	2065	2054	2029	627	573	418	390	416	388
326	5833	1375	9	289	4160	1223	53	1173	2978	2716	3789	3349	1054	886	0	0	45666	34622	-1	-1	0.0	1355	1355	1182	1182	1173	1173	2580	2554	2090	2065	2054	2029	518	469	343	318	343	318
327	5833	1375	9	289	4160	1223	53	1173	2712	2557	3405	3117	901	801	0	0	45666	34619	-1	-1	0.0	1355	1355	1182	1182	1173	1173	2580	2554	2090	2065	2054	2029	467	430	316	299	314	297
328	5833	1375	9	289	4160	1223	53	1173	3359	2968	4100	3555	1114	894	52	11	45666	33271	-1	-1	0.0	1355	1355	1182	1182	1173	1173	2580	2554	2090	2065	2054	2029	585	527	386	346	386	346
329	5833	1375	9	289	4160	1223	53	1173	3724	3264	4522	3905	1214	1032	52	11	45666	33336	-1	-1	0.0	1355	1355	1182	1182	1173	1173	2580	2554	2090	2065	2054	2029	621	550	443	396	438	391
330	5833	1375	9	289	4160	1223	53	1173	3162	2897	3863	3343	1035	869	0	0	45666	34622	-1	-1	0.0	1355	1355	1182	1182	1173	1173	2580	2554	2090	2065	2054	2029	563	508	366	338	366	338
331	5833	1375	9	289	4160	1223	53	1173	3233	3039	3826	3491	1085	954	0	0	45666	34579	-1	-1	0.0	1355	1355	1182	1182	1173	1173	2580	2554	2090	2065	2054	2029	569	533	363	347	363	347
332	5833	1375	9	289	4160	1223	53	1173	3429	3149	4060	3656	1175	1010	32	6	45666	33668	-1	-1	0.0	1355	1355	1182	1182	1173	1173	2580	2554	2090	2065	2054	2029	567	519	385	357	383	357
333	5833	1375	9	289	4160	1223	53	1173	2796	2709	3491	3258	858	808	0	0	45666	34580	-1	-1	0.0	1355	1355	1182	1182	1173	1173	2580	2554	2090	2065	2054	2029	499	483	321	313	319	311
334	5833	1375	9	289	4160	1223	53	1173	3121	2885	3903	3518	1055	925	0	0	45666	34572	-1	-1	0.0	1355	1355	1182	1182	1173	1173	2580	2554	2090	2065	2054	2029	527	488	350	330	350	330
335	5833	1375	9	289	4160	1223	53	1173	3102	2868	3719	3304	1001	859	28	6	45666	33976	-1	-1	0.0	1355	1355	1182	1182	1173	1173	2580	2554	2090	2065	2054	2029	547	503	362	338	362	338
336	5833	1375	9	289	4160	1223	53	1173	3050	2776	3711	3296	1026	874	4	1	45666	34339	-1	-1	0.0	1355	1355	1182	1182	1173	1173	2580	2554	2090	2065	2054	2029	547	495	338	309	338	309
337	5833	1375	9	289	4160	1223	53	1173	3454	3276	4229	3895	1128	1022	4	1	45666	34572	-1	-1	0.0	1355	1355	1182	1182	1173	1173	2580	2554	2090	2065	2054	2029	563	536	399	380	399	380
338	5833	1375	9	289	4160	1223	53	1173	3899	3495	4738	4110	1289	1106	52	11	45666	33345	-1	-1	0.0	1355	1355	1182	1182	1173	1173	2580	2554	2090	2065	2054	2029	704	635	459	413	457	411
339	5833	1375	9	289	4160	1223	53	1173	3004	2823	3760	3439	1010	896	4	1	45666	34406	-1	-1	0.0	1355	1355	1182	1182	1173	1173	2580	2554	2090	2065	2054	2029	519	486	354	341	354	341
340	5833	1375	9	289	4160	1223	53	1173	2930	2742	3674	3313	1023	903	0	0	45666	34622	-1	-1	0.0	1355	1355	1182	1182	1173	1173	2580	2554	2090	2065	2054	2029	499	460	339	322	335	320
341	5833	1375	9	289	4160	1223	53	1173	3074	2760	3870	3359	1038	893	60	13	45666	33145	-1	-1	0.0	1355	1355	1182	1182	1173	1173	2580	2554	2090	2065	2054	2029	511	462	339	306	335	302
342	5833	1375	9	289	4160	1223	53	1173	2858	2734	3306	3045	913	842	0	0	45666	34535	-1	-1	0.0	1355	1355	1182	1182	1173	1173	2580	2554	2090	2065	2054	2029	476	458	312	303	310	301
343	5833	1375	9	289	4160	1223	53	1173	2975	2820	3511	3205	937	854	44	7	45666	34083	-1	-1	0.0	1355	1355	1182	1182	1173	1173	2580	2554	2090	2065	2054	2029	525	490	315	301	315	301
344	5833	1375	9	289	4160	1223	53	1173	2730	2458	3307	2914	930	781	0	0	45666	34622	-1	-1	0.0	1355	1355	1182	1182	1173	1173	2580	2554	2090	2065	2054	2029	467	424	288	269	288	269
345	5833	1375	9	289	4160	1223	53	1173	2828	2661	3428	3123	934	825	0	0	45666	34622	-1	-1	0.0	1355	1355	1182	1182	1173	1173	2580	2554	2090	2065	2054	2029	492	459	323	306	323	306
346	5833	1375	9	289	4160	1223	53	1173	2996	2808	3734	3372	1070	933	0	0	45666	34622	-1	-1	0.0	1355	1355	1182	1182	1173	1173	2580	2554	2090	2065	2054	2029	537	495	341	321	341	321
347	5833	1375	9	289	4160	1223	53	1173	3038	2682	3846	3396	980	868	4	1	45666	34410	-1	-1	0.0	1355	1355	1182	1182	1173	1173	2580	2554	2090	2065	2054	2029	548	477	331	312	331	312
348	5833	1375	9	289	4160	1223	53	1173	2730	2536	3323	2992	942	829	4	1	45666	34426	-1	-1	0.0	1355	1355	1182	1182	1173	1173	2580	2554	2090	2065	2054	2029	459	420	275	258	275	258
349	5833	1375	9	289	4160	1223	53	1173	2544	2423	3239	2970	798	736	8	2	45666	34515	-1	-1	0.0	1355	1355	1182	1182	1173	1173	2580	2554	2090	2065	2054	2029	465	450	320	313	320	313
350	5833	1375	9	289	4160	1223	53	1173	3335	3111	4052	3637	1141	1008	4	1	45666	34264	-1	-1	0.0	1355	1355	1182	1182	1173	1173	2580	2554	2090	2065	2054	2029	581	540	390	371	390	371
351	5833	1375	9	289	4160	1223	53	1173	2988	2768	3509	3170	963	832	0	0	45666	34622	-1	-1	0.0	1355	1355	1182	1182	1173	1173	2580	2554	2090	2065	2054	2029	524	483	341	316	339	314
352	5833	1375	9	289	4160	1223	53	1173	3028	2887	3603	3326	1014	936	0	0	45666	34622	-1	-1	0.0	1355	1355	1182	1182	1173	1173	2580	2554	2090	2065	2054	2029	503	484	326	319	324	317
353	5833	1375	9	289	4160	1223	53	1173	3616	3337	4204	3776	1238	1049	0	0	45666	34616	-1	-1	0.0	1355	1355	1182	1182	1173	1173	2580	2554	2090	2065	2054	2029	590	550	398	373	398	373
354	5833	1375	9	289	4160	1223	53	1173	2486	2401	3245	2990	788	747	0	0	45666	34536	-1	-1	0.0	1355	1355	1182	1182	1173	1173	2580	2554	2090	2065	2054	2029	463	441	323	310	321	310
355	5833	1375	9	289	4160	1223	53	1173	2888	2570	3624	3092	964	806	0	0	45666	34402	-1	-1	0.0	1355	1355	1182	1182	1173	1173	2580	2554	2090	2065	2054	2029	520	468	360	328	360	328
356	5833	1375	9	289	4160	1223	53	1173	2905	2771	3557	3268	935	837	0	0	45666	34622	-1	-1	0.0	1355	1355	1182	1182	1173	1173	2580	2554	2090	2065	2054	2029	511	490	357	343	357	343
357	5833	1375	9	289	4160	1223	53	1173	3325	3103	4001	3639	1060	969	4	1	45666	34236	-1	-1	0.0	1355	1355	1182	1182	1173	1173	2580	2554	2090	2065	2054	2029	570	540	376	366	374	364
358	5833	1375	9	289	4160	1223	53	1173	2952	2766	3645	3319	932	810	0	0	45666	34535	-1	-1	0.0	1355	1355	1182	1182	1173	1173	2580	2554	2090	2065	2054	2029	491	449	328	307	326	305
359	5833	1375	9	289	4160	1223	53	1173	3295	3009	3823	3424	1081	921	0	0	45666	34620	-1	-1	0.0	1355	1355	1182	1182	1173	1173	2580	2554	2090	2065	2054	2029	546	499	343	318	343	318
360	5833	1375	9	289	4160	1223	53	1173	3193	2957	3846	3446	1088	943	0	0	45666	34621	-1	-1	0.0	1355	1355	1182	1182	1173	1173	2580	2554	2090	2065	2054	2029	556	506	365	338	365	338
361	5833	1375	9	289	4160	1223	53	1173	3481	3249	4311	3868	1095	970	0	0	45666	34605	-1	-1	0.0	1355	1355	1182	1182	1173	1173	2580	2554	2090	2065	2054	2029	568	544	396	379	396	379
362	5833	1375	9	289	4160	1223	53	1173	2916	2677	3391	3024	972	836	0	0	45666	34549	-1	-1	0.0	1355	1355	1182	1182	1173	1173	2580	2554	2090	2065	2054	2029	509	464	301	282	299	280
363	5833	1375	9	289	4160	1223	53	1173	3150	2871	3944	3492	1039	902	0	0	45666	34588	-1	-1	0.0	1355	1355	1182	1182	1173	1173	2580	2554	2090	2065	2054	2029	565	523	344	324	344	324
364	5833	1375	9	289	4160	1223	53	1173	4785	4023	5419	4482	1503	1205	4	1	45666	34278	-1	-1	0.0	1355	1355	1182	1182	1173	1173	2580	2554	2090	2065	2054	2029	802	681	550	478	550	478
365	5833	1375	9	289	4160	1223	53	1173	2401	2261	2986	2723	830	754	0	0	45666	34622	-1	-1	0.0	1355	1355	1182	1182	1173	1173	2580	2554	2090	2065	2054	2029	455	429	266	258	266	258
366	5833	1375	9	289	4160	1223	53	1173	3334	2744	4023	3454	1067	872	4	1	45666	34436	-1	-1	0.0	1355	1355	1182	1182	1173	1173	2580	2554	2090	2065	2054	2029	578	486	371	345	371	345
367	5833	1375	9	289	4160	1223	53	1173	3212	2980	3887	3485	1027	917	0	0	45666	34605	-1	-1	0.0	1355	1355	1182	1182	1173	1173	2580	2554	2090	2065	2054	2029	523	499	370	355	367	352
368	5833	1375	9	289	4160	1223	53	1173	3757	3358	4355	3777	1159	977	4	1	45666	34307	-1	-1	0.0	1355	1355	1182	1182	1173	1173	2580	2554	2090	2065	2054	2029	611	574	402	377	402	377
369	5833	1375	9	289	4160	1223	53	1173	3742	3321	4594	3956	1253	1062	4	1	45666	34537	-1	-1	0.0	1355	1355	1182	1182	1173	1173	2580	2554	2090	2065	2054	2029	614	541	399	365	399	365
370	5833	1375	9	289	4160	1223	53	1173	2706	2582	3632	3361	941	878	0	0	45666	34622	-1	-1	0.0	1355	1355	1182	1182	1173	1173	2580	2554	2090	2065	2054	2029	463	440	308	299	308	299
371	5833	1375	9	289	4160	1223	53	1173	3585	3057	4545	3742	1179	987	28	6	45666	33908	-1	-1	0.0	1355	1355	1182	1182	1173	1173	2580	2554	2090	2065	2054	2029	642	546	448	384	446	382
372	5833	1375	9	289	4160	1223	53	1173	3210	2969	3917	3546	1119	947	0	0	45666	34622	-1	-1	0.0	1355	1355	1182	1182	1173	1173	2580	2554	2090	2065	2054	2029	556	524	368	350	366	348
373	5833	1375	9	289	4160	1223	53	1173	3515	3269	4176	3808	1149	1002	0	0	45666	34583	-1	-1	0.0	1355	1355	1182	1182	1173	1173	2580	2554	2090	2065	2054	2029	606	568	401	374	399	372
374	5833	1375	9	289	4160	1223	53	1173	3016	2848	3697	3358	965	862	0	0	45666	34622	-1	-1	0.0	1355	1355	1182	1182	1173	1173	2580	2554	2090	2065	2054	2029	533	492	342	324	342	324
375	5833	1375	9	289	4160	1223	53	1173	3080	2858	3697	3318	1049	913	0	0	45666	34587	-1	-1	0.0	1355	1355	1182	1182	1173	1173	2580	2554	2090	2065	2054	2029	539	493	355	331	355	331
376	5833	1375	9	289	4160	1223	53	1173	2882	2688	3769	3375	985	874	0	0	45666	34605	-1	-1	0.0	1355	1355	1182	1182	1173	1173	2580	2554	2090	2065	2054	2029	539	508	371	357	368	354
377	5833	1375	9	289	4160	1223	53	1173	2769	2581	3331	2973	937	828	0	0	45666	34605	-1	-1	0.0	1355	1355	1182	1182	1173	1173	2580	2554	2090	2065	2054	2029	489	456	300	283	298	283
378	5833	1375	9	289	4160	1223	53	1173	2939	2689	3492	3124	1011	893	0	0	45666	34605	-1	-1	0.0	1355	1355	1182	1182	1173	1173	2580	2554	2090	2065	2054	2029	511	474	338	320	336	320
379	5833	1375	9	289	4160	1223	53	1173	3330	3048	4200	3730	1127	964	8	1	45666	34294	-1	-1	0.0	1355	1355	1182	1182	1173	1173	2580	2554	2090	2065	2054	2029	602	542	391	360	391	360
380	5833	1375	9	289	4160	1223	53	1173	3610	3398	4252	3868	1187	1062	0	0	45666	34622	-1	-1	0.0	1355	1355	1182	1182	1173	1173	2580	2554	2090	2065	2054	2029	612	571	381	362	378	359
381	5833	1375	9	289	4160	1223	53	1173	3198	2959	3783	3412	1045	913	0	0	45666	34622	-1	-1	0.0	1355	1355	1182	1182	1173	1173	2580	2554	2090	2065	2054	2029	540	500	359	342	359	342
382	5833	1375	9	289	4160	1223	53	1173	3390	2928	3997	3490	1119	934	4	1	45666	34411	-1	-1	0.0	1355	1355	1182	1182	1173	1173	2580	2554	2090	2065	2054	2029	567	497	363	335	361	333
383	5833	1375	9	289	4160	1223	53	1173	3278	2840	4017	3318	1107	912	24	5	45666	33964	-1	-1	0.0	1355	1355	1182	1182	1173	1173	2580	2554	2090	2065	2054	2029	564	489	356	308	354	306
384	5833	1375	9	289	4160	1223	53	1173	3593	3345	4134	3718	1174	1011	0	0	45666	34621	-1	-1	0.0	1355	1355	1182	1182	1173	1173	2580	2554	2090	2065	2054	2029	590	551	370	351	365	346
385	5833	1375	9	289	4160	1223	53	1173	3215	3005	3919	3531	1100	964	0	0	45666	34605	-1	-1	0.0	1355	1355	1182	1182	1173	1173	2580	2554	2090	2065	2054	2029	529	494	352	334	352	334
386	5833	1375	9	289	4160	1223	53	1173	2858	2740	3673	3390	935	856	0	0	45666	34622	-1	-1	0.0	1355	1355	1182	1182	1173	1173	2580	2554	2090	2065	2054	2029	476	464	320	314	318	312
387	5833	1375	9	289	4160	1223	53	1173	4159	3524	4660	4067	1321	1095	4	1	45666	34436	-1	-1	0.0	1355	1355	1182	1182	1173	1173	2580	2554	2090	2065	2054	2029	671	578	440	410	440	410
388	5833	1375	9	289	4160	1223	53	1173	3106	2869	3655	3275	1037	889	0	0	45666	34563	-1	-1	0.0	1355	1355	1182	1182	1173	1173	2580	2554	2090	2065	2054	2029	561	517	341	319	341	319
389	5833	1375	9	289	4160	1223	53	1173	3084	2907	3617	3327	983	888	0	0	45666	34622	-1	-1	0.0	1355	1355	1182	1182	1173	1173	2580	2554	2090	2065	2054	2029	562	525	348	333	341	326
390	5833	1375	9	289	4160	1223	53	1173	3781	3600	4641	4313	1276	1165	0	0	45666	34622	-1	-1	0.0	1355	1355	1182	1182	1173	1173	2580	2554	2090	2065	2054	2029	638	604	433	418	431	416
391	5833	1375	9	289	4160	1223	53	1173	3066	2819	3662	3279	1021	874	0	0	45666	34622	-1	-1	0.0	1355	1355	1182	1182	1173	1173	2580	2554	2090	2065	2054	2029	514	467	314	295	312	293
392	5833	1375	9	289	4160	1223	53	1173	3462	3207	4138	3723	1156	1006	0	0	45666	34540	-1	-1	0.0	1355	1355	1182	1182	1173	1173	2580	2554	2090	2065	2054	2029	598	553	376	352	376	352
393	5833	1375	9	289	4160	1223	53	1173	3692	3313	4433	3849	1177	991	4	1	45666	34505	-1	-1	0.0	1355	1355	1182	1182	1173	1173	2580	2554	2090	2065	2054	2029	639	567	421	383	421	383
394	5833	1375	9	289	4160	1223	53	1173	3325	3071	4285	3761	1114	959	0	0	45666	34616	-1	-1	0.0	1355	1355	1182	1182	1173	1173	2580	2554	2090	2065	2054	2029	582	529	391	362	388	359
395	5833	1375	9	289	4160	1223	53	1173	2842	2597	3582	3132	958	826	0	0	45666	34588	-1	-1	0.0	1355	1355	1182	1182	1173	1173	2580	2554	2090	2065	2054	2029	502	460	312	289	312	289
396	5833	1375	9	289	4160	1223	53	1173	3867	3565	4430	3952	1257	1079	0	0	45666	34388	-1	-1	0.0	1355	1355	1182	1182	1173	1173	2580	2554	2090	2065	2054	2029	666	608	430	396	430	396
397	5833	1375	9	289	4160	1223	53	1173	2757	2586	3629	3321	864	785	4	1	45666	34573	-1	-1	0.0	1355	1355	1182	1182	1173	1173	2580	2554	2090	2065	2054	2029	489	463	340	321	333	314
398	5833	1375	9	289	4160	1223	53	1173	3309	3099	4003	3680	1081	983	4	1	45666	34409	-1	-1	0.0	1355	1355	1182	1182	1173	1173	2580	2554	2090	2065	2054	2029	570	525	387	367	387	367
399	5833	1375	9	289	4160	1223	53	1173	3306	2916	3851	3403	1056	881	4	1	45666	34443	-1	-1	0.0	1355	1355	1182	1182	1173	1173	2580	2554	2090	2065	2054	2029	587	527	362	341	362	341
400	5833	1375	9	289	4160	1223	53	1173	3535	3277	4175	3801	1141	978	0	0	45666	34622	-1	-1	0.0	1355	1355	1182	1182	1173	1173	2580	2554	2090	2065	2054	2029	572	524	382	356	377	351
401	5833	1375	9	289	4160	1223	53	1173	3281	3066	4000	3684	1064	938	0	0	45666	34621	-1	-1	0.0	1355	1355	1182	1182	1173	1173	2580	2554	2090	2065	2054	2029	578	538	373	356	371	354
402	5833	1375	9	289	4160	1223	53	1173	3521	3067	4168	3514	1147	932	56	11	45666	33633	-1	-1	0.0	1355	1355	1182	1182	1173	1173	2580	2554	2090	2065	2054	2029	631	550	428	368	428	368
403	5833	1375	9	289	4160	1223	53	1173	2713	2566	3355	3083	868	780	0	0	45666	34622	-1	-1	0.0	1355	1355	1182	1182	1173	1173	2580	2554	2090	2065	2054	2029	472	436	302	287	302	287
404	5833	1375	9	289	4160	1223	53	1173	3148	2902	3809	3384	977	857	24	5	45666	33945	-1	-1	0.0	1355	1355	1182	1182	1173	1173	2580	2554	2090	2065	2054	2029	530	494	365	339	365	339
405	5833	1375	9	289	4160	1223	53	1173	2983	2800	3638	3342	970	858	0	0	45666	34536	-1	-1	0.0	1355	1355	1182	1182	1173	1173	2580	2554	2090	2065	2054	2029	511	488	353	338	351	336
406	5833	1375	9	289	4160	1223	53	1173	2888	2690	3508	3160	987	853	0	0	45666	34622	-1	-1	0.0	1355	1355	1182	1182	1173	1173	2580	2554	2090	2065	2054	2029	516	477	319	302	317	300
407	5833	1375	9	289	4160	1223	53	1173	3420	3135	4284	3735	1093	937	28	6	45666	33993	-1	-1	0.0	1355	1355	1182	1182	1173	1173	2580	2554	2090	2065	2054	2029	611	553	406	376	406	376
408	5833	1375	9	289	4160	1223	53	1173	3086	2654	3954	3339	1037	853	52	11	45666	33350	-1	-1	0.0	1355	1355	1182	1182	1173	1173	2580	2554	2090	2065	2054	2029	551	485	384	338	384	338
409	5833	1375	9	289	4160	1223	53	1173	3450	3148	4033	3533	1167	992	0	0	45666	34588	-1	-1	0.0	1355	1355	1182	1182	1173	1173	2580	2554	2090	2065	2054	2029	553	522	370	350	368	348
410	5833	1375	9	289	4160	1223	53	1173	2783	2628	3406	3120	943	853	0	0	45666	34621	-1	-1	0.0	1355	1355	1182	1182	1173	1173	2580	2554	2090	2065	2054	2029	490	461	310	301	308	299
411	5833	1375	9	289	4160	1223	53	1173	2865	2696	3406	3129	944	860	0	0	45666	34622	-1	-1	0.0	1355	1355	1182	1182	1173	1173	2580	2554	2090	2065	2054	2029	509	473	306	294	306	294
412	5833	1375	9	289	4160	1223	53	1173	3422	3140	3985	3532	1126	978	28	6	45666	33932	-1	-1	0.0	1355	1355	1182	1182	1173	1173	2580	2554	2090	2065	2054	2029	587	548	377	355	377	355
413	5833	1375	9	289	4160	1223	53	1173	2869	2690	3558	3233	956	839	0	0	45666	34579	-1	-1	0.0	1355	1355	1182	1182	1173	1173	2580	2554	2090	2065	2054	2029	507	468	324	307	324	307
414	5833	1375	9	289	4160	1223	53	1173	2845	2637	3448	3109	940	823	4	1	45666	34407	-1	-1	0.0	1355	1355	1182	1182	1173	1173	2580	2554	2090	2065	2054	2029	493	458	306	289	304	287
415	5833	1375	9	289	4160	1223	53	1173	3221	3019	3699	3339	1043	908	0	0	45666	34622	-1	-1	0.0	1355	1355	1182	1182	1173	1173	2580	2554	2090	2065	2054	2029	555	521	363	346	363	346
416	5833	1375	9	289	4160	1223	53	1173	3662	3398	4189	3745	1221	1056	0	0	45666	34576	-1	-1	0.0	1355	1355	1182	1182	1173	1173	2580	2554	2090	2065	2054	2029	635	584	409	377	406	374
417	5833	1375	9	289	4160	1223	53	1173	3579	3339	4456	3931	1126	1000	0	0	45666	34514	-1	-1	0.0	1355	1355	1182	1182	1173	1173	2580	2554	2090	2065	2054	2029	644	585	442	414	440	414
418	5833	1375	9	289	4160	1223	53	1173	2795	2622	3258	2931	880	774	0	0	45666	34621	-1	-1	0.0	1355	1355	1182	1182	1173	1173	2580	2554	2090	2065	2054	2029	492	464	290	277	290	277
419	5833	1375	9	289	4160	1223	53	1173	2914	2693	3717	3332	1005	863	0	0	45666	34495	-1	-1	0.0	1355	1355	1182	1182	1173	1173	2580	2554	2090	2065	2054	2029	544	505	380	358	378	358
420	5833	1375	9	289	4160	1223	53	1173	2984	2798	3725	3327	967	870	0	0	45666	34622	-1	-1	0.0	1355	1355	1182	1182	1173	1173	2580	2554	2090	2065	2054	2029	548	511	358	341	356	339
421	5833	1375	9	289	4160	1223	53	1173	2904	2732	3635	3318	978	877	0	0	45666	34622	-1	-1	0.0	1355	1355	1182	1182	1173	1173	2580	2554	2090	2065	2054	2029	524	482	330	315	328	313
422	5833	1375	9	289	4160	1223	53	1173	3123	2785	3797	3300	1080	889	24	5	45666	33969	-1	-1	0.0	1355	1355	1182	1182	1173	1173	2580	2554	2090	2065	2054	2029	553	500	359	325	359	325
423	5833	1375	9	289	4160	1223	53	1173	3152	2874	3794	3396	1025	880	0	0	45666	34622	-1	-1	0.0	1355	1355	1182	1182	1173	1173	2580	2554	2090	2065	2054	2029	563	514	352	332	352	332
424	5833	1375	9	289	4160	1223	53	1173	2979	2712	3677	3296	971	848	0	0	45666	34605	-1	-1	0.0	1355	1355	1182	1182	1173	1173	2580	2554	2090	2065	2054	2029	541	492	364	340	362	338
425	5833	1375	9	289	4160	1223	53	1173	3020	2786	3665	3287	947	833	4	1	45666	34356	-1	-1	0.0	1355	1355	1182	1182	1173	1173	2580	2554	2090	2065	2054	2029	519	479	335	314	335	314
426	5833	1375	9	289	4160	1223	53	1173	3155	3000	3814	3538	1019	937	0	0	45666	34614	-1	-1	0.0	1355	1355	1182	1182	1173	1173	2580	2554	2090	2065	2054	2029	513	493	335	327	333	325
427	5833	1375	9	289	4160	1223	53	1173	2994	2811	3660	3221	978	880	0	0	45666	34605	-1	-1	0.0	1355	1355	1182	1182	1173	1173	2580	2554	2090	2065	2054	2029	533	498	343	324	343	324
428	5833	1375	9	289	4160	1223	53	1173	3527	3227	4392	3944	1092	985	4	1	45666	34443	-1	-1	0.0	1355	1355	1182	1182	1173	1173	2580	2554	2090	2065	2054	2029	598	556	428	412	426	412
429	5833	1375	9	289	4160	1223	53	1173	2824	2560	3384	2975	930	795	24	5	45666	33986	-1	-1	0.0	1355	1355	1182	1182	1173	1173	2580	2554	2090	2065	2054	2029	459	414	294	265	292	263
430	5833	1375	9	289	4160	1223	53	1173	2852	2691	3574	3268	977	872	0	0	45666	34612	-1	-1	0.0	1355	1355	1182	1182	1173	1173	2580	2554	2090	2065	2054	2029	495	467	332	320	330	318
431	5833	1375	9	289	4160	1223	53	1173	3319	2897	3956	3344	1159	924	24	5	45666	33974	-1	-1	0.0	1355	1355	1182	1182	1173	1173	2580	2554	2090	2065	2054	2029	587	517	384	337	382	335
432	5833	1375	9	289	4160	1223	53	1173	3114	2842	3843	3488	1101	963	0	0	45666	34516	-1	-1	0.0	1355	1355	1182	1182	1173	1173	2580	2554	2090	2065	2054	2029	521	477	345	328	343	326
433	5833	1375	9	289	4160	1223	53	1173	3177	2996	3866	3471	1062	945	4	1	45666	34355	-1	-1	0.0	1355	1355	1182	1182	1173	1173	2580	2554	2090	2065	2054	2029	551	509	349	328	349	328
434	5833	1375	9	289	4160	1223	53	1173	3522	3302	4181	3787	1155	1013	0	0	45666	34605	-1	-1	0.0	1355	1355	1182	1182	1173	1173	2580	2554	2090	2065	2054	2029	582	541	408	384	408	384
435	5833	1375	9	289	4160	1223	53	1173	3124	2844	3820	3401	1010	874	4	1	45666	34337	-1	-1	0.0	1355	1355	1182	1182	1173	1173	2580	2554	2090	2065	2054	2029	569	519	390	359	390	359
436	5833	1375	9	289	4160	1223	53	1173	3945	3634	4671	4195	1286	1113	0	0	45666	34604	-1	-1	0.0	1355	1355	1182	1182	1173	1173	2580	2554	2090	2065	2054	2029	635	591	417	393	417	393
437	5833	1375	9	289	4160	1223	53	1173	3381	3159	4351	3879	1150	1022	0	0	45666	34621	-1	-1	0.0	1355	1355	1182	1182	1173	1173	2580	2554	2090	2065	2054	2029	564	532	393	375	391	373
438	5833	1375	9	289	4160	1223	53	1173	3319	3007	3972	3538	1080	919	0	0	45666	34342	-1	-1	0.0	1355	1355	1182	1182	1173	1173	2580	2554	2090	2065	2054	2029	565	526	395	367	393	365
439	5833	1375	9	289	4160	1223	53	1173	3951	3415	4573	3986	1315	1101	4	1	45666	34402	-1	-1	0.0	1355	1355	1182	1182	1173	1173	2580	2554	2090	2065	2054	2029	653	585	450	424	448	422
440	5833	1375	9	289	4160	1223	53	1173	2990	2756	3736	3350	971	856	0	0	45666	34596	-1	-1	0.0	1355	1355	1182	1182	1173	1173	2580	2554	2090	2065	2054	2029	558	507	380	349	380	349
441	5833	1375	9	289	4160	1223	53	1173	3396	3128	4023	3572	1140	982	0	0	45666	34605	-1	-1	0.0	1355	1355	1182	1182	1173	1173	2580	2554	2090	2065	2054	2029	588	540	388	365	386	363
442	5833	1375	9	289	4160	1223	53	1173	2886	2701	3580	3233	1023	908	0	0	45666	34622	-1	-1	0.0	1355	1355	1182	1182	1173	1173	2580	2554	2090	2065	2054	2029	484	451	331	314	326	309
443	5833	1375	9	289	4160	1223	53	1173	2629	2492	3223	2939	787	729	28	6	45666	33779	-1	-1	0.0	1355	1355	1182	1182	1173	1173	2580	2554	2090	2065	2054	2029	460	441	313	307	311	307
444	5833	1375	9	289	4160	1223	53	1173	2942	2754	3541	3228	948	836	0	0	45666	34622	-1	-1	0.0	1355	1355	1182	1182	1173	1173	2580	2554	2090	2065	2054	2029	539	499	329	311	329	311
445	5833	1375	9	289	4160	1223	53	1173	3431	3023	4287	3697	1129	939	24	5	45666	33957	-1	-1	0.0	1355	1355	1182	1182	1173	1173	2580	2554	2090	2065	2054	2029	629	553	426	378	422	376
446	5833	1375	9	289	4160	1223	53	1173	2698	2536	3417	3139	912	822	0	0	45666	34622	-1	-1	0.0	1355	1355	1182	1182	1173	1173	2580	2554	2090	2065	2054	2029	454	413	300	284	298	282
447	5833	1375	9	289	4160	1223	53	1173	3506	3288	4295	3957	1172	1040	0	0	45666	34615	-1	-1	0.0	1355	1355	1182	1182	1173	1173	2580	2554	2090	2065	2054	2029	588	543	393	377	393	377
448	5833	1375	9	289	4160	1223	53	1173	3779	3294	4187	3632	1207	995	8	2	45666	34263	-1	-1	0.0	1355	1355	1182	1182	1173	1173	2580	2554	2090	2065	2054	2029	647	576	415	388	415	388
449	5833	1375	9	289	4160	1223	53	1173	2873	2683	3605	3244	897	793	0	0	45666	34622	-1	-1	0.0	1355	1355	1182	1182	1173	1173	2580	2554	2090	2065	2054	2029	494	465	332	321	332	321
450	5833	1375	9	289	4160	1223	53	1173	3257	2943	3919	3502	1100	957	0	0	45666	34606	-1	-1	0.0	1355	1355	1182	1182	1173	1173	2580	2554	2090	2065	2054	2029	554	501	364	341	361	338
451	5833	1375	9	289	4160	1223	53	1173	3968	3599	4818	4227	1337	1147	4	1	45666	34367	-1	-1	0.0	1355	1355	1182	1182	1173	1173	2580	2554	2090	2065	2054	2029	667	603	461	425	458	422
452	5833	1375	9	289	4160	1223	53	1173	2523	2309	3245	2887	825	733	24	5	45666	33986	-1	-1	0.0	1355	1355	1182	1182	1173	1173	2580	2554	2090	2065	2054	2029	458	410	296	269	296	269
453	5833	1375	9	289	4160	1223	53	1173	2840	2672	3471	3165	965	870	0	0	45666	34582	-1	-1	0.0	1355	1355	1182	1182	1173	1173	2580	2554	2090	2065	2054	2029	508	469	333	316	333	316
454	5833	1375	9	289	4160	1223	53	1173	2810	2606	3427	3087	957	824	0	0	45666	34619	-1	-1	0.0	1355	1355	1182	1182	1173	1173	2580	2554	2090	2065	2054	2029	491	452	321	300	321	300
455	5833	1375	9	289	4160	1223	53	1173	2715	2602	3330	3019	807	746	0	0	45666	34622	-1	-1	0.0	1355	1355	1182	1182	1173	1173	2580	2554	2090	2065	2054	2029	499	478	319	311	319	311
456	5833	1375	9	289	4160	1223	53	1173	2868	2627	3619	3220	984	832	0	0	45666	34605	-1	-1	0.0	1355	1355	1182	1182	1173	1173	2580	2554	2090	2065	2054	2029	518	473	328	305	323	300
457	5833	1375	9	289	4160	1223	53	1173	3260	3025	3879	3491	1004	891	28	6	45666	33975	-1	-1	0.0	1355	1355	1182	1182	1173	1173	2580	2554	2090	2065	2054	2029	551	527	371	359	371	359
458	5833	1375	9	289	4160	1223	53	1173	3042	2825	3597	3232	964	851	0	0	45666	34554	-1	-1	0.0	1355	1355	1182	1182	1173	1173	2580	2554	2090	2065	2054	2029	545	497	333	309	333	309
459	5833	1375	9	289	4160	1223	53	1173	4140	3607	4842	4123	1319	1075	4	1	45666	34406	-1	-1	0.0	1355	1355	1182	1182	1173	1173	2580	2554	2090	2065	2054	2029	697	607	458	406	456	404
460	5833	1375	9	289	4160	1223	53	1173	3081	2788	3629	3178	1018	860	0	0	45666	34555	-1	-1	0.0	1355	1355	1182	1182	1173	1173	2580	2554	2090	2065	2054	2029	529	485	337	312	337	312
461	5833	1375	9	289	4160	1223	53	1173	3170	2996	3717	3472	1013	917	0	0	45666	34622	-1	-1	0.0	1355	1355	1182	1182	1173	1173	2580	2554	2090	2065	2054	2029	546	514	343	331	343	331
462	5833	1375	9	289	4160	1223	53	1173	2849	2469	3416	3003	907	770	28	6	45666	33810	-1	-1	0.0	1355	1355	1182	1182	1173	1173	2580	2554	2090	2065	2054	2029	487	429	310	289	310	289
463	5833	1375	9	289	4160	1223	53	1173	5421	4406	6315	5195	1826	1426	44	9	45666	33662	-1	-1	0.0	1355	1355	1182	1182	1173	1173	2580	2554	2090	2065	2054	2029	886	734	613	522	611	520
464	5833	1375	9	289	4160	1223	53	1173	2595	2450	3363	3073	912	822	0	0	45666	34622	-1	-1	0.0	1355	1355	1182	1182	1173	1173	2580	2554	2090	2065	2054	2029	475	444	298	284	298	284
465	5833	1375	9	289	4160	1223	53	1173	3480	2929	4312	3503	1162	927	24	5	45666	33876	-1	-1	0.0	1355	1355	1182	1182	1173	1173	2580	2554	2090	2065	2054	2029	605	519	415	354	413	352
466	5833	1375	9	289	4160	1223	53	1173	3910	3384	4477	3913	1258	1050	4	1	45666	34376	-1	-1	0.0	1355	1355	1182	1182	1173	1173	2580	2554	2090	2065	2054	2029	621	549	424	397	424	397
467	5833	1375	9	289	4160	1223	53	1173	3154	2958	3775	3393	1013	907	0	0	45666	34605	-1	-1	0.0	1355	1355	1182	1182	1173	1173	2580	2554	2090	2065	2054	2029	543	509	364	349	362	347
468	5833	1375	9	289	4160	1223	53	1173	3504	3284	4125	3669	1071	962	0	0	45666	34494	-1	-1	0.0	1355	1355	1182	1182	1173	1173	2580	2554	2090	2065	2054	2029	630	577	402	381	400	379
469	5833	1375	9	289	4160	1223	53	1173	3228	3000	4283	3796	1098	967	0	0	45666	34622	-1	-1	0.0	1355	1355	1182	1182	1173	1173	2580	2554	2090	2065	2054	2029	596	539	381	352	379	350
470	5833	1375	9	289	4160	1223	53	1173	3253	3036	3946	3578	1087	951	0	0	45666	34622	-1	-1	0.0	1355	1355	1182	1182	1173	1173	2580	2554	2090	2065	2054	2029	552	515	364	345	361	342
471	5833	1375	9	289	4160	1223	53	1173	2900	2760	3414	3122	953	869	24	5	45666	33996	-1	-1	0.0	1355	1355	1182	1182	1173	1173	2580	2554	2090	2065	2054	2029	497	480	338	331	333	326
472	5833	1375	9	289	4160	1223	53	1173	3165	2952	3801	3440	1038	897	0	0	45666	34582	-1	-1	0.0	1355	1355	1182	1182	1173	1173	2580	2554	2090	2065	2054	2029	555	517	367	345	367	345
473	5833	1375	9	289	4160	1223	53	1173	3365	3117	3927	3484	1103	949	0	0	45666	34605	-1	-1	0.0	1355	1355	1182	1182	1173	1173	2580	2554	2090	2065	2054	2029	599	551	398	374	396	372
474	5833	1375	9	289	4160	1223	53	1173	3534	3176	4399	3829	1201	1016	0	0	45666	34481	-1	-1	0.0	1355	1355	1182	1182	1173	1173	2580	2554	2090	2065	2054	2029	599	550	407	377	407	377
475	5833	1375	9	289	4160	1223	53	1173	3579	3243	4266	3725	1224	1049	0	0	45666	34605	-1	-1	0.0	1355	1355	1182	1182	1173	1173	2580	2554	2090	2065	2054	2029	585	527	360	332	360	332
476	5833	1375	9	289	4160	1223	53	1173	3256	3002	4009	3568	1130	973	0	0	45666	34604	-1	-1	0.0	1355	1355	1182	1182	1173	1173	2580	2554	2090	2065	2054	2029	583	535	401	378	401	378
477	5833	1375	9	289	4160	1223	53	1173	2557	2411	3338	3031	913	829	0	0	45666	34605	-1	-1	0.0	1355	1355	1182	1182	1173	1173	2580	2554	2090	2065	2054	2029	484	448	325	310	322	307
478	5833	1375	9	289	4160	1223	53	1173	2904	2746	3526	3192	890	792	8	1	45666	34317	-1	-1	0.0	1355	1355	1182	1182	1173	1173	2580	2554	2090	2065	2054	2029	525	492	336	319	336	319
479	5833	1375	9	289	4160	1223	53	1173	4384	3530	5088	4081	1407	1084	44	9	45666	33736	-1	-1	0.0	1355	1355	1182	1182	1173	1173	2580	2554	2090	2065	2054	2029	720	598	504	428	499	423
480	5833	1375	9	289	4160	1223	53	1173	4197	3526	4675	4025	1366	1146	4	1	45666	34376	-1	-1	0.0	1355	1355	1182	1182	1173	1173	2580	2554	2090	2065	2054	2029	682	583	459	425	455	421
481	5833	1375	9	289	4160	1223	53	1173	3775	3311	4454	3826	1200	996	4	1	45666	34358	-1	-1	0.0	1355	1355	1182	1182	1173	1173	2580	2554	2090	2065	2054	2029	636	560	409	373	409	373
482	5833	1375	9	289	4160	1223	53	1173	2858	2607	3561	3135	938	811	8	1	45666	34316	-1	-1	0.0	1355	1355	1182	1182	1173	1173	2580	2554	2090	2065	2054	2029	501	449	296	277	296	277
483	5833	1375	9	289	4160	1223	53	1173	3161	2968	3844	3513	1051	932	0	0	45666	34602	-1	-1	0.0	1355	1355	1182	1182	1173	1173	2580	2554	2090	2065	2054	2029	548	511	384	363	382	363
484	5833	1375	9	289	4160	1223	53	1173	3595	3380	4539	4139	1207	1077	0	0	45666	34622	-1	-1	0.0	1355	1355	1182	1182	1173	1173	2580	2554	2090	2065	2054	2029	651	600	448	424	446	424
485	5833	1375	9	289	4160	1223	53	1173	3416	3145	4236	3862	1083	990	4	1	45666	34443	-1	-1	0.0	1355	1355	1182	1182	1173	1173	2580	2554	2090	2065	2054	2029	545	506	374	363	372	361
486	5833	1375	9	289	4160	1223	53	1173	3303	3078	3857	3477	1095	941	0	0	45666	34580	-1	-1	0.0	1355	1355	1182	1182	1173	1173	2580	2554	2090	2065	2054	2029	572	531	374	353	372	351
487	5833	1375	9	289	4160	1223	53	1173	3446	3209	4152	3773	1213	1049	4	1	45666	34554	-1	-1	0.0	1355	1355	1182	1182	1173	1173	2580	2554	2090	2065	2054	2029	612	570	411	390	411	390
488	5833	1375	9	289	4160	1223	53	1173	3017	2846	3694	3347	972	861	0	0	45666	34575	-1	-1	0.0	1355	1355	1182	1182	1173	1173	2580	2554	2090	2065	2054	2029	552	510	365	344	363	342
489	5833	1375	9	289	4160	1223	53	1173	2842	2679	3349	3053	956	854	0	0	45666	34622	-1	-1	0.0	1355	1355	1182	1182	1173	1173	2580	2554	2090	2065	2054	2029	469	439	279	264	279	264
490	5833	1375	9	289	4160	1223	53	1173	3445	3186	4111	3587	1097	941	0	0	45666	34573	-1	-1	0.0	1355	1355	1182	1182	1173	1173	2580	2554	2090	2065	2054	2029	596	544	403	374	403	374
491	5833	1375	9	289	4160	1223	53	1173	2922	2669	3647	3274	955	828	0	0	45666	34442	-1	-1	0.0	1355	1355	1182	1182	1173	1173	2580	2554	2090	2065	2054	2029	507	459	321	300	321	300
492	5833	1375	9	289	4160	1223	53	1173	3451	3246	4050	3715	1085	982	8	2	45666	34296	-1	-1	0.0	1355	1355	1182	1182	1173	1173	2580	2554	2090	2065	2054	2029	544	510	348	327	346	325
493	5833	1375	9	289	4160	1223	53	1173	3882	3502	4589	4076	1309	1098	24	5	45666	33986	-1	-1	0.0	1355	1355	1182	1182	1173	1173	2580	2554	2090	2065	2054	2029	624	568	427	390	427	390
494	5833	1375	9	289	4160	1223	53	1173	3036	2830	3664	3276	993	863	0	0	45666	34616	-1	-1	0.0	1355	1355	1182	1182	1173	1173	2580	2554	2090	2065	2054	2029	516	469	344	318	342	316
495	5833	1375	9	289	4160	1223	53	1173	3458	3207	4072	3656	1137	991	24	5	45666	33945	-1	-1	0.0	1355	1355	1182	1182	1173	1173	2580	2554	2090	2065	2054	2029	591	544	379	352	379	352
496	5833	1375	9	289	4160	1223	53	1173	2640	2480	3377	3081	913	818	0	0	45666	34621	-1	-1	0.0	1355	1355	1182	1182	1173	1173	2580	2554	2090	2065	2054	2029	452	419	305	285	305	285
497	5833	1375	9	289	4160	1223	53	1173	2863	2684	3684	3365	997	870	0	0	45666	34620	-1	-1	0.0	1355	1355	1182	1182	1173	1173	2580	2554	2090	2065	2054	2029	526	487	333	317	333	317
498	5833	1375	9	289	4160	1223	53	1173	2604	2396	3283	2917	866	766	28	6	45666	33849	-1	-1	0.0	1355	1355	1182	1182	1173	1173	2580	2554	2090	2065	2054	2029	464	433	322	301	319	298
499	5833	1375	9	289	4160	1223	53	1173	3728	3324	4560	3916	1212	1013	0	0	45666	34605	-1	-1	0.0	1355	1355	1182	1182	1173	1173	2580	2554	2090	2065	2054	2029	625	558	419	385	419	385
500	5833	1375	9	289	4160	1223	53	1173	4065	3598	4631	3934	1288	1071	0	0	45666	34588	-1	-1	0.0	1355	1355	1182	1182	1173	1173	2580	2554	2090	2065	2054	2029	682	610	419	380	419	380
501	5833	1375	9	289	4160	1223	53	1173	3034	2862	3636	3339	926	854	0	0	45666	34579	-1	-1	0.0	1355	1355	1182	1182	1173	1173	2580	2554	2090	2065	2054	2029	529	491	322	308	322	308
502	5833	1375	9	289	4160	1223	53	1173	2698	2523	3465	3111	857	772	16	2	45666	34380	-1	-1	0.0	1355	1355	1182	1182	1173	1173	2580	2554	2090	2065	2054	2029	494	457	304	286	302	284
503	5833	1375	9	289	4160	1223	53	1173	4217	3589	4617	4070	1294	1098	4	1	45666	34419	-1	-1	0.0	1355	1355	1182	1182	1173	1173	2580	2554	2090	2065	2054	2029	693	604	458	438	455	435
504	5833	1375	9	289	4160	1223	53	1173	3150	2919	3846	3413	1069	928	0	0	45666	34588	-1	-1	0.0	1355	1355	1182	1182	1173	1173	2580	2554	2090	2065	2054	2029	546	507	370	347	368	345
505	5833	1375	9	289	4160	1223	53	1173	4020	3648	4940	4296	1311	1147	0	0	45666	34587	-1	-1	0.0	1355	1355	1182	1182	1173	1173	2580	2554	2090	2065	2054	2029	630	577	432	402	432	402
506	5833	1375	9	289	4160	1223	53	1173	3736	3510	4567	4073	1193	1065	0	0	45666	34622	-1	-1	0.0	1355	1355	1182	1182	1173	1173	2580	2554	2090	2065	2054	2029	637	583	434	407	434	407
507	5833	1375	9	289	4160	1223	53	1173	3056	2875	3791	3464	990	894	0	0	45666	34600	-1	-1	0.0	1355	1355	1182	1182	1173	1173	2580	2554	2090	2065	2054	2029	560	524	378	362	372	356
508	5833	1375	9	289	4160	1223	53	1173	3656	3259	4361	3809	1168	999	4	1	45666	34372	-1	-1	0.0	1355	1355	1182	1182	1173	1173	2580	2554	2090	2065	2054	2029	602	538	409	372	406	369
509	5833	1375	9	289	4160	1223	53	1173	2856	2631	3629	3257	952	824	0	0	45666	34614	-1	-1	0.0	1355	1355	1182	1182	1173	1173	2580	2554	2090	2065	2054	2029	508	454	334	301	334	301
510	5833	1375	9	289	4160	1223	53	1173	3579	3389	4060	3707	1114	984	0	0	45666	34622	-1	-1	0.0	1355	1355	1182	1182	1173	1173	2580	2554	2090	2065	2054	2029	607	581	382	363	382	363
511	5833	1375	9	289	4160	1223	53	1173	3204	3067	3839	3545	1034	957	0	0	45666	34605	-1	-1	0.0	1355	1355	1182	1182	1173	1173	2580	2554	2090	2065	2054	2029	565	544	376	370	376	370
512	5833	1375	9	289	4160	1223	53	1173	2886	2680	3448	3131	919	828	0	0	45666	34607	-1	-1	0.0	1355	1355	1182	1182	1173	1173	2580	2554	2090	2065	2054	2029	487	440	319	296	317	294
513	5833	1375	9	289	4160	1223	53	1173	2912	2746	3541	3237	937	854	0	0	45666	34573	-1	-1	0.0	1355	1355	1182	1182	1173	1173	2580	2554	2090	2065	2054	2029	494	467	328	313	328	313
514	5833	1375	9	289	4160	1223	53	1173	3949	3486	4877	4151	1334	1112	28	6	45666	33910	-1	-1	0.0	1355	1355	1182	1182	1173	1173	2580	2554	2090	2065	2054	2029	657	587	462	410	457	405
515	5833	1375	9	289	4160	1223	53	1173	2855	2657	3446	3118	929	809	0	0	45666	34537	-1	-1	0.0	1355	1355	1182	1182	1173	1173	2580	2554	2090	2065	2054	2029	512	474	312	294	312	294
516	5833	1375	9	289	4160	1223	53	1173	3058	2751	3838	3380	1025	869	28	6	45666	33822	-1	-1	0.0	1355	1355	1182	1182	1173	1173	2580	2554	2090	2065	2054	2029	518	470	354	334	352	332
517	5833	1375	9	289	4160	1223	53	1173	2642	2483	3429	3099	894	798	0	0	45666	34579	-1	-1	0.0	1355	1355	1182	1182	1173	1173	2580	2554	2090	2065	2054	2029	478	438	315	299	307	291
518	5833	1375	9	289	4160	1223	53	1173	3546	3300	4474	3989	1176	1027	24	5	45666	33996	-1	-1	0.0	1355	1355	1182	1182	1173	1173	2580	2554	2090	2065	2054	2029	606	556	412	387	409	384
519	5833	1375	9	289	4160	1223	53	1173	3790	3409	4516	3941	1169	1008	48	10	45666	33612	-1	-1	0.0	1355	1355	1182	1182	1173	1173	2580	2554	2090	2065	2054	2029	644	590	435	398	433	396
520	5833	1375	9	289	4160	1223	53	1173	3112	2879	3981	3599	1080	953	0	0	45666	34557	-1	-1	0.0	1355	1355	1182	1182	1173	1173	2580	2554	2090	2065	2054	2029	521	473	358	327	358	327
521	5833	1375	9	289	4160	1223	53	1173	3768	3315	4465	3991	1284	1105	4	1	45666	34442	-1	-1	0.0	1355	1355	1182	1182	1173	1173	2580	2554	2090	2065	2054	2029	624	559	384	367	384	367
522	5833	1375	9	289	4160	1223	53	1173	3646	3381	4356	3926	1181	1023	0	0	45666	34617	-1	-1	0.0	1355	1355	1182	1182	1173	1173	2580	2554	2090	2065	2054	2029	630	587	418	393	418	393
523	5833	1375	9	289	4160	1223	53	1173	2836	2629	3830	3419	960	847	0	0	45666	34606	-1	-1	0.0	1355	1355	1182	1182	1173	1173	2580	2554	2090	2065	2054	2029	522	474	366	332	361	332
524	5833	1375	9	289	4160	1223	53	1173	2614	2427	3124	2769	834	734	0	0	45666	34605	-1	-1	0.0	1355	1355	1182	1182	1173	1173	2580	2554	2090	2065	2054	2029	444	412	258	241	258	241
525	5833	1375	9	289	4160	1223	53	1173	3582	3038	4263	3616	1170	968	32	7	45666	33789	-1	-1	0.0	1355	1355	1182	1182	1173	1173	2580	2554	2090	2065	2054	2029	585	510	379	349	379	349
526	5833	1375	9	289	4160	1223	53	1173	2855	2594	3663	3218	942	796	12	2	45666	34230	-1	-1	0.0	1355	1355	1182	1182	1173	1173	2580	2554	2090	2065	2054	2029	501	470	338	316	333	311
527	5833	1375	9	289	4160	1223	53	1173	3128	2824	3818	3370	1022	854	24	5	45666	33981	-1	-1	0.0	1355	1355	1182	1182	1173	1173	2580	2554	2090	2065	2054	2029	543	488	371	340	368	337
528	5833	1375	9	289	4160	1223	53	1173	3322	2967	4162	3651	1132	963	24	5	45666	33952	-1	-1	0.0	1355	1355	1182	1182	1173	1173	2580	2554	2090	2065	2054	2029	561	508	397	359	397	359
529	5833	1375	9	289	4160	1223	53	1173	2954	2843	3746	3458	968	906	0	0	45666	34605	-1	-1	0.0	1355	1355	1182	1182	1173	1173	2580	2554	2090	2065	2054	2029	519	499	355	344	353	344
530	5833	1375	9	289	4160	1223	53	1173	2993	2646	3487	3064	921	771	4	1	45666	34443	-1	-1	0.0	1355	1355	1182	1182	1173	1173	2580	2554	2090	2065	2054	2029	538	470	336	313	334	311
531	5833	1375	9	289	4160	1223	53	1173	3377	2956	4097	3620	1142	970	4	1	45666	34400	-1	-1	0.0	1355	1355	1182	1182	1173	1173	2580	2554	2090	2065	2054	2029	581	518	358	334	356	334
532	5833	1375	9	289	4160	1223	53	1173	3361	3117	4018	3617	1077	928	0	0	45666	34622	-1	-1	0.0	1355	1355	1182	1182	1173	1173	2580	2554	2090	2065	2054	2029	551	509	342	323	342	323
533	5833	1375	9	289	4160	1223	53	1173	3331	3007	4077	3567	1106	926	4	1	45666	34406	-1	-1	0.0	1355	1355	1182	1182	1173	1173	2580	2554	2090	2065	2054	2029	579	525	362	331	360	329
534	5833	1375	9	289	4160	1223	53	1173	2958	2778	3834	3486	997	882	0	0	45666	34622	-1	-1	0.0	1355	1355	1182	1182	1173	1173	2580	2554	2090	2065	2054	2029	540	500	353	333	346	326
535	5833	1375	9	289	4160	1223	53	1173	3680	3457	4351	4011	1124	1023	24	5	45666	34259	-1	-1	0.0	1355	1355	1182	1182	1173	1173	2580	2554	2090	2065	2054	2029	621	594	411	401	411	401
536	5833	1375	9	289	4160	1223	53	1173	3290	3039	4028	3634	1159	997	0	0	45666	34622	-1	-1	0.0	1355	1355	1182	1182	1173	1173	2580	2554	2090	2065	2054	2029	564	521	375	350	375	350
537	5833	1375	9	289	4160	1223	53	1173	2733	2507	3224	2913	896	782	0	0	45666	34622	-1	-1	0.0	1355	1355	1182	1182	1173	1173	2580	2554	2090	2065	2054	2029	486	440	284	265	284	265
538	5833	1375	9	289	4160	1223	53	1173	3985	3700	5051	4481	1339	1177	24	5	45666	33957	-1	-1	0.0	1355	1355	1182	1182	1173	1173	2580	2554	2090	2065	2054	2029	658	597	459	425	459	425
539	5833	1375	9	289	4160	1223	53	1173	3290	3082	3869	3526	1057	935	0	0	45666	34622	-1	-1	0.0	1355	1355	1182	1182	1173	1173	2580	2554	2090	2065	2054	2029	550	513	348	325	346	323
540	5833	1375	9	289	4160	1223	53	1173	2909	2731	3800	3455	1055	932	0	0	45666	34622	-1	-1	0.0	1355	1355	1182	1182	1173	1173	2580	2554	2090	2065	2054	2029	491	455	343	325	341	323
541	5833	1375	9	289	4160	1223	53	1173	2947	2653	3575	3109	950	815	0	0	45666	34420	-1	-1	0.0	1355	1355	1182	1182	1173	1173	2580	2554	2090	2065	2054	2029	526	477	311	292	311	292
542	5833	1375	9	289	4160	1223	53	1173	3480	3277	3803	3443	1086	991	0	0	45666	34605	-1	-1	0.0	1355	1355	1182	1182	1173	1173	2580	2554	2090	2065	2054	2029	543	504	339	323	339	323
543	5833	1375	9	289	4160	1223	53	1173	3071	2876	3661	3304	1053	927	0	0	45666	34521	-1	-1	0.0	1355	1355	1182	1182	1173	1173	2580	2554	2090	2065	2054	2029	525	487	349	332	344	327
544	5833	1375	9	289	4160	1223	53	1173	2585	2423	3170	2836	804	700	0	0	45666	34622	-1	-1	0.0	1355	1355	1182	1182	1173	1173	2580	2554	2090	2065	2054	2029	486	451	306	289	303	286
545	5833	1375	9	289	4160	1223	53	1173	2988	2836	3588	3269	964	877	0	0	45666	34536	-1	-1	0.0	1355	1355	1182	1182	1173	1173	2580	2554	2090	2065	2054	2029	535	492	322	305	322	305
546	5833	1375	9	289	4160	1223	53	1173	4404	3854	5354	4552	1504	1255	4	1	45666	34372	-1	-1	0.0	1355	1355	1182	1182	1173	1173	2580	2554	2090	2065	2054	2029	702	638	488	444	486	442
547	5833	1375	9	289	4160	1223	53	1173	3418	3097	3930	3495	1079	962	4	1	45666	34443	-1	-1	0.0	1355	1355	1182	1182	1173	1173	2580	2554	2090	2065	2054	2029	569	516	366	351	366	351
548	5833	1375	9	289	4160	1223	53	1173	3772	3446	4551	4022	1185	1021	0	0	45666	34605	-1	-1	0.0	1355	1355	1182	1182	1173	1173	2580	2554	2090	2065	2054	2029	641	601	445	423	442	420
549	5833	1375	9	289	4160	1223	53	1173	3266	3031	3957	3577	1140	997	0	0	45666	34622	-1	-1	0.0	1355	1355	1182	1182	1173	1173	2580	2554	2090	2065	2054	2029	545	496	351	329	349	329
550	5833	1375	9	289	4160	1223	53	1173	2994	2787	3761	3382	1048	932	0	0	45666	34520	-1	-1	0.0	1355	1355	1182	1182	1173	1173	2580	2554	2090	2065	2054	2029	525	495	351	334	351	334
551	5833	1375	9	289	4160	1223	53	1173	4005	3633	4872	4320	1332	1131	0	0	45666	34448	-1	-1	0.0	1355	1355	1182	1182	1173	1173	2580	2554	2090	2065	2054	2029	685	633	458	431	458	431
552	5833	1375	9	289	4160	1223	53	1173	3509	3239	4365	3925	1208	1048	0	0	45666	34593	-1	-1	0.0	1355	1355	1182	1182	1173	1173	2580	2554	2090	2065	2054	2029	597	554	420	397	420	397
553	5833	1375	9	289	4160	1223	53	1173	3231	2888	3804	3291	1047	898	16	2	45666	34365	-1	-1	0.0	1355	1355	1182	1182	1173	1173	2580	2554	2090	2065	2054	2029	571	517	374	343	372	341
554	5833	1375	9	289	4160	1223	53	1173	3419	3185	4210	3804	1183	1026	0	0	45666	34618	-1	-1	0.0	1355	1355	1182	1182	1173	1173	2580	2554	2090	2065	2054	2029	614	580	403	387	400	384
555	5833	1375	9	289	4160	1223	53	1173	3447	3246	4281	3913	1126	1010	0	0	45666	34591	-1	-1	0.0	1355	1355	1182	1182	1173	1173	2580	2554	2090	2065	2054	2029	585	550	403	385	398	380
556	5833	1375	9	289	4160	1223	53	1173	3325	3073	4113	3668	1197	1015	0	0	45666	34621	-1	-1	0.0	1355	1355	1182	1182	1173	1173	2580	2554	2090	2065	2054	2029	580	532	399	373	397	371
557	5833	1375	9	289	4160	1223	53	1173	2731	2594	3401	3098	926	843	0	0	45666	34617	-1	-1	0.0	1355	1355	1182	1182	1173	1173	2580	2554	2090	2065	2054	2029	501	465	341	325	341	325
558	5833	1375	9	289	4160	1223	53	1173	2937	2716	3648	3263	981	834	0	0	45666	34537	-1	-1	0.0	1355	1355	1182	1182	1173	1173	2580	2554	2090	2065	2054	2029	519	475	340	314	338	312
559	5833	1375	9	289	4160	1223	53	1173	3140	2947	3726	3367	1003	885	4	1	45666	34554	-1	-1	0.0	1355	1355	1182	1182	1173	1173	2580	2554	2090	2065	2054	2029	543	515	343	329	343	329
560	5833	1375	9	289	4160	1223	53	1173	3269	3013	3990	3577	1153	980	0	0	45666	34502	-1	-1	0.0	1355	1355	1182	1182	1173	1173	2580	2554	2090	2065	2054	2029	546	506	388	367	388	367
561	5833	1375	9	289	4160	1223	53	1173	2942	2501	3766	3146	1027	805	24	5	45666	33979	-1	-1	0.0	1355	1355	1182	1182	1173	1173	2580	2554	2090	2065	2054	2029	491	425	344	294	342	294
562	5833	1375	9	289	4160	1223	53	1173	2794	2604	3671	3330	951	849	0	0	45666	34620	-1	-1	0.0	1355	1355	1182	1182	1173	1173	2580	2554	2090	2065	2054	2029	524	480	359	340	352	333
563	5833	1375	9	289	4160	1223	53	1173	3970	3392	4762	3973	1266	1043	40	8	45666	33916	-1	-1	0.0	1355	1355	1182	1182	1173	1173	2580	2554	2090	2065	2054	2029	672	580	470	401	465	396
564	5833	1375	9	289	4160	1223	53	1173	3005	2792	3695	3305	991	867	0	0	45666	34622	-1	-1	0.0	1355	1355	1182	1182	1173	1173	2580	2554	2090	2065	2054	2029	523	483	334	315	329	310
565	5833	1375	9	289	4160	1223	53	1173	3090	2804	3845	3443	977	858	0	0	45666	34549	-1	-1	0.0	1355	1355	1182	1182	1173	1173	2580	2554	2090	2065	2054	2029	561	504	363	338	361	336
566	5833	1375	9	289	4160	1223	53	1173	2642	2475	3354	3022	883	790	0	0	45666	34536	-1	-1	0.0	1355	1355	1182	1182	1173	1173	2580	2554	2090	2065	2054	2029	514	479	334	322	334	322
567	5833	1375	9	289	4160	1223	53	1173	3432	3238	3967	3650	1141	1014	0	0	45666	34622	-1	-1	0.0	1355	1355	1182	1182	1173	1173	2580	2554	2090	2065	2054	2029	559	535	361	349	359	347
568	5833	1375	9	289	4160	1223	53	1173	3613	3186	4192	3611	1172	983	4	1	45666	34395	-1	-1	0.0	1355	1355	1182	1182	1173	1173	2580	2554	2090	2065	2054	2029	601	530	396	352	396	352
569	5833	1375	9	289	4160	1223	53	1173	3251	2959	3933	3382	1031	907	0	0	45666	34474	-1	-1	0.0	1355	1355	1182	1182	1173	1173	2580	2554	2090	2065	2054	2029	537	493	342	316	342	316
570	5833	1375	9	289	4160	1223	53	1173	3058	2890	3903	3592	1023	920	0	0	45666	34616	-1	-1	0.0	1355	1355	1182	1182	1173	1173	2580	2554	2090	2065	2054	2029	504	461	328	310	328	310
571	5833	1375	9	289	4160	1223	53	1173	3158	2919	3996	3586	1123	986	0	0	45666	34603	-1	-1	0.0	1355	1355	1182	1182	1173	1173	2580	2554	2090	2065	2054	2029	571	524	397	376	395	374
572	5833	1375	9	289	4160	1223	53	1173	3685	3390	4222	3719	1178	1022	0	0	45666	34493	-1	-1	0.0	1355	1355	1182	1182	1173	1173	2580	2554	2090	2065	2054	2029	582	530	372	344	372	344
573	5833	1375	9	289	4160	1223	53	1173	3108	2866	3754	3359	998	853	4	1	45666	34440	-1	-1	0.0	1355	1355	1182	1182	1173	1173	2580	2554	2090	2065	2054	2029	564	510	356	327	354	325
574	5833	1375	9	289	4160	1223	53	1173	3830	3229	4450	3855	1179	999	4	1	45666	34436	-1	-1	0.0	1355	1355	1182	1182	1173	1173	2580	2554	2090	2065	2054	2029	635	562	423	406	423	406
575	5833	1375	9	289	4160	1223	53	1173	3199	2941	3874	3486	1053	927	24	5	45666	33986	-1	-1	0.0	1355	1355	1182	1182	1173	1173	2580	2554	2090	2065	2054	2029	514	485	366	342	364	340
576	5833	1375	9	289	4160	1223	53	1173	3317	3077	3973	3628	1103	979	0	0	45666	34616	-1	-1	0.0	1355	1355	1182	1182	1173	1173	2580	2554	2090	2065	2054	2029	572	525	368	345	366	343
577	5833	1375	9	289	4160	1223	53	1173	3979	3577	4777	4139	1345	1132	0	0	45666	34588	-1	-1	0.0	1355	1355	1182	1182	1173	1173	2580	2554	2090	2065	2054	2029	641	578	437	401	437	401
578	5833	1375	9	289	4160	1223	53	1173	2791	2562	3719	3306	962	840	0	0	45666	34588	-1	-1	0.0	1355	1355	1182	1182	1173	1173	2580	2554	2090	2065	2054	2029	523	475	348	320	346	318
579	5833	1375	9	289	4160	1223	53	1173	2799	2581	3471	3096	903	779	0	0	45666	34622	-1	-1	0.0	1355	1355	1182	1182	1173	1173	2580	2554	2090	2065	2054	2029	493	456	333	312	333	312
580	5833	1375	9	289	4160	1223	53	1173	3258	2994	4088	3676	1144	978	0	0	45666	34556	-1	-1	0.0	1355	1355	1182	1182	1173	1173	2580	2554	2090	2065	2054	2029	577	534	366	341	364	339
581	5833	1375	9	289	4160	1223	53	1173	3732	3458	4740	4202	1288	1131	4	1	45666	34441	-1	-1	0.0	1355	1355	1182	1182	1173	1173	2580	2554	2090	2065	2054	2029	616	558	425	393	423	391
582	5833	1375	9	289	4160	1223	53	1173	3401	3010	4001	3476	1089	908	4	1	45666	34426	-1	-1	0.0	1355	1355	1182	1182	1173	1173	2580	2554	2090	2065	2054	2029	587	528	395	371	395	371
583	5833	1375	9	289	4160	1223	53	1173	2996	2741	3583	3247	977	851	0	0	45666	34622	-1	-1	0.0	1355	1355	1182	1182	1173	1173	2580	2554	2090	2065	2054	2029	514	469	328	311	326	311
584	5833	1375	9	289	4160	1223	53	1173	3750	3291	4609	4050	1208	1034	4	1	45666	34273	-1	-1	0.0	1355	1355	1182	1182	1173	1173	2580	2554	2090	2065	2054	2029	660	583	475	431	473	431
585	5833	1375	9	289	4160	1223	53	1173	3065	2903	3905	3595	967	868	0	0	45666	34622	-1	-1	0.0	1355	1355	1182	1182	1173	1173	2580	2554	2090	2065	2054	2029	539	506	345	332	343	330
586	5833	1375	9	289	4160	1223	53	1173	3634	3401	4120	3735	1208	1064	0	0	45666	34605	-1	-1	0.0	1355	1355	1182	1182	1173	1173	2580	2554	2090	2065	2054	2029	627	576	392	365	392	365
587	5833	1375	9	289	4160	1223	53	1173	2879	2677	3652	3280	952	826	0	0	45666	34588	-1	-1	0.0	1355	1355	1182	1182	1173	1173	2580	2554	2090	2065	2054	2029	535	485	362	332	362	332
588	5833	1375	9	289	4160	1223	53	1173	3072	2819	3742	3257	993	883	0	0	45666	34428	-1	-1	0.0	1355	1355	1182	1182	1173	1173	2580	2554	2090	2065	2054	2029	524	491	337	318	335	316
589	5833	1375	9	289	4160	1223	53	1173	3060	2670	3786	3216	963	787	8	2	45666	34176	-1	-1	0.0	1355	1355	1182	1182	1173	1173	2580	2554	2090	2065	2054	2029	560	481	395	335	395	335
590	5833	1375	9	289	4160	1223	53	1173	3113	2814	3737	3288	1073	900	32	7	45666	33676	-1	-1	0.0	1355	1355	1182	1182	1173	1173	2580	2554	2090	2065	2054	2029	547	495	350	320	350	320
591	5833	1375	9	289	4160	1223	53	1173	3065	2772	3505	3151	963	828	0	0	45666	34621	-1	-1	0.0	1355	1355	1182	1182	1173	1173	2580	2554	2090	2065	2054	2029	530	475	361	338	361	338
592	5833	1375	9	289	4160	1223	53	1173	2840	2574	3424	3006	955	795	0	0	45666	34605	-1	-1	0.0	1355	1355	1182	1182	1173	1173	2580	2554	2090	2065	2054	2029	478	437	318	294	318	294
593	5833	1375	9	289	4160	1223	53	1173	2883	2720	3402	3116	921	829	0	0	45666	34622	-1	-1	0.0	1355	1355	1182	1182	1173	1173	2580	2554	2090	2065	2054	2029	502	471	305	292	303	290
594	5833	1375	9	289	4160	1223	53	1173	4685	3979	5666	4671	1598	1270	4	1	45666	34389	-1	-1	0.0	1355	1355	1182	1182	1173	1173	2580	2554	2090	2065	2054	2029	789	686	532	463	532	463
595	5833	1375	9	289	4160	1223	53	1173	2991	2768	3678	3282	1005	875	4	1	45666	34553	-1	-1	0.0	1355	1355	1182	1182	1173	1173	2580	2554	2090	2065	2054	2029	540	494	368	340	368	340
596	5833	1375	9	289	4160	1223	53	1173	3623	3296	4405	3941	1214	1001	0	0	45666	34562	-1	-1	0.0	1355	1355	1182	1182	1173	1173	2580	2554	2090	2065	2054	2029	614	561	431	400	429	398
597	5833	1375	9	289	4160	1223	53	1173	2969	2819	3739	3460	971	890	0	0	45666	34622	-1	-1	0.0	1355	1355	1182	1182	1173	1173	2580	2554	2090	2065	2054	2029	510	493	349	340	349	340
598	5833	1375	9	289	4160	1223	53	1173	3005	2671	3814	3392	981	840	4	1	45666	34436	-1	-1	0.0	1355	1355	1182	1182	1173	1173	2580	2554	2090	2065	2054	2029	547	491	348	330	348	330
599	5833	1375	9	289	4160	1223	53	1173	2974	2782	3563	3248	977	859	24	5	45666	33996	-1	-1	0.0	1355	1355	1182	1182	1173	1173	2580	2554	2090	2065	2054	2029	516	479	326	311	324	309
600	5833	1375	9	289	4160	1223	53	1173	3283	3046	4141	3746	1136	983	4	1	45666	34401	-1	-1	0.0	1355	1355	1182	1182	1173	1173	2580	2554	2090	2065	2054	2029	590	548	375	355	375	355
601	5833	1375	9	289	4160	1223	53	1173	3324	2932	4251	3691	1081	956	32	7	45666	33602	-1	-1	0.0	1355	1355	1182	1182	1173	1173	2580	2554	2090	2065	2054	2029	600	518	373	342	373	342
602	5833	1375	9	289	4160	1223	53	1173	3289	3053	3961	3582	1086	932	0	0	45666	34580	-1	-1	0.0	1355	1355	1182	1182	1173	1173	2580	2554	2090	2065	2054	2029	563	519	368	342	366	340
603	5833	1375	9	289	4160	1223	53	1173	3046	2792	3736	3348	1027	885	0	0	45666	34603	-1	-1	0.0	1355	1355	1182	1182	1173	1173	2580	2554	2090	2065	2054	2029	555	509	362	338	362	338
604	5833	1375	9	289	4160	1223	53	1173	3741	3136	4745	3928	1282	1047	40	8	45666	33885	-1	-1	0.0	1355	1355	1182	1182	1173	1173	2580	2554	2090	2065	2054	2029	609	521	441	372	439	370
605	5833	1375	9	289	4160	1223	53	1173	4014	3488	4796	4153	1298	1077	4	1	45666	34426	-1	-1	0.0	1355	1355	1182	1182	1173	1173	2580	2554	2090	2065	2054	2029	667	592	443	411	443	411
606	5833	1375	9	289	4160	1223	53	1173	2849	2561	3661	3170	973	824	28	6	45666	33789	-1	-1	0.0	1355	1355	1182	1182	1173	1173	2580	2554	2090	2065	2054	2029	471	422	320	289	318	289
607	5833	1375	9	289	4160	1223	53	1173	3041	2943	3592	3359	945	894	0	0	45666	34622	-1	-1	0.0	1355	1355	1182	1182	1173	1173	2580	2554	2090	2065	2054	2029	530	520	319	318	317	316
608	5833	1375	9	289	4160	1223	53	1173	3380	2955	4067	3378	1139	971	0	0	45666	34571	-1	-1	0.0	1355	1355	1182	1182	1173	1173	2580	2554	2090	2065	2054	2029	588	524	381	346	381	346
609	5833	1375	9	289	4160	1223	53	1173	3586	3224	4355	3784	1181	1002	4	1	45666	34389	-1	-1	0.0	1355	1355	1182	1182	1173	1173	2580	2554	2090	2065	2054	2029	607	565	425	395	425	395
610	5833	1375	9	289	4160	1223	53	1173	3532	3288	4289	3942	1141	1022	0	0	45666	34622	-1	-1	0.0	1355	1355	1182	1182	1173	1173	2580	2554	2090	2065	2054	2029	606	568	418	402	416	400
611	5833	1375	9	289	4160	1223	53	1173	4448	3560	4800	3945	1378	1110	8	2	45666	34189	-1	-1	0.0	1355	1355	1182	1182	1173	1173	2580	2554	2090	2065	2054	2029	698	576	451	415	451	415
612	5833	1375	9	289	4160	1223	53	1173	2740	2585	3358	3050	873	770	0	0	45666	34622	-1	-1	0.0	1355	1355	1182	1182	1173	1173	2580	2554	2090	2065	2054	2029	497	465	313	299	311	297
613	5833	1375	9	289	4160	1223	53	1173	2479	2316	3044	2723	796	692	0	0	45666	34622	-1	-1	0.0	1355	1355	1182	1182	1173	1173	2580	2554	2090	2065	2054	2029	466	428	277	263	275	261
614	5833	1375	9	289	4160	1223	53	1173	2402	2244	3066	2727	778	696	0	0	45666	34622	-1	-1	0.0	1355	1355	1182	1182	1173	1173	2580	2554	2090	2065	2054	2029	478	438	298	279	298	279
615	5833	1375	9	289	4160	1223	53	1173	2859	2642	3539	3116	986	850	0	0	45666	34622	-1	-1	0.0	1355	1355	1182	1182	1173	1173	2580	2554	2090	2065	2054	2029	512	467	323	301	323	301
616	5833	1375	9	289	4160	1223	53	1173	3216	2985	3787	3473	983	883	0	0	45666	34487	-1	-1	0.0	1355	1355	1182	1182	1173	1173	2580	2554	2090	2065	2054	2029	570	530	362	344	362	344
617	5833	1375	9	289	4160	1223	53	1173	3243	3059	3944	3629	1134	1021	4	1	45666	34554	-1	-1	0.0	1355	1355	1182	1182	1173	1173	2580	2554	2090	2065	2054	2029	552	516	372	354	372	354
618	5833	1375	9	289	4160	1223	53	1173	3066	2905	3935	3602	1001	906	0	0	45666	34589	-1	-1	0.0	1355	1355	1182	1182	1173	1173	2580	2554	2090	2065	2054	2029	543	503	365	346	365	346
619	5833	1375	9	289	4160	1223	53	1173	3010	2790	3712	3365	1017	879	0	0	45666	34536	-1	-1	0.0	1355	1355	1182	1182	1173	1173	2580	2554	2090	2065	2054	2029	533	489	338	315	333	310
620	5833	1375	9	289	4160	1223	53	1173	3592	3217	4271	3703	1142	973	4	1	45666	34389	-1	-1	0.0	1355	1355	1182	1182	1173	1173	2580	2554	2090	2065	2054	2029	631	566	414	383	414	383
621	5833	1375	9	289	4160	1223	53	1173	4158	3692	5043	4416	1406	1180	4	1	45666	34405	-1	-1	0.0	1355	1355	1182	1182	1173	1173	2580	2554	2090	2065	2054	2029	694	613	493	443	493	443
622	5833	1375	9	289	4160	1223	53	1173	4031	3747	4800	4329	1315	1162	0	0	45666	34479	-1	-1	0.0	1355	1355	1182	1182	1173	1173	2580	2554	2090	2065	2054	2029	719	669	504	471	504	471
623	5833	1375	9	289	4160	1223	53	1173	2955	2590	3704	3165	953	795	4	1	45666	34389	-1	-1	0.0	1355	1355	1182	1182	1173	1173	2580	2554	2090	2065	2054	2029	509	445	320	278	318	276
624	5833	1375	9	289	4160	1223	53	1173	3319	3170	4080	3802	1069	980	0	0	45666	34622	-1	-1	0.0	1355	1355	1182	1182	1173	1173	2580	2554	2090	2065	2054	2029	583	553	399	384	399	384
625	5833	1375	9	289	4160	1223	53	1173	3099	2886	3712	3334	993	872	0	0	45666	34588	-1	-1	0.0	1355	1355	1182	1182	1173	1173	2580	2554	2090	2065	2054	2029	555	502	336	309	336	309
626	5833	1375	9	289	4160	1223	53	1173	3791	3473	4388	3874	1241	1048	0	0	45666	34588	-1	-1	0.0	1355	1355	1182	1182	1173	1173	2580	2554	2090	2065	2054	2029	637	587	414	387	411	384
627	5833	1375	9	289	4160	1223	53	1173	3435	3024	4103	3483	1143	953	24	5	45666	33957	-1	-1	0.0	1355	1355	1182	1182	1173	1173	2580	2554	2090	2065	2054	2029	569	503	400	354	396	352
628	5833	1375	9	289	4160	1223	53	1173	2754	2547	3633	3272	1025	879	0	0	45666	34622	-1	-1	0.0	1355	1355	1182	1182	1173	1173	2580	2554	2090	2065	2054	2029	496	458	332	314	332	314
629	5833	1375	9	289	4160	1223	53	1173	2857	2644	3595	3212	958	828	0	0	45666	34560	-1	-1	0.0	1355	1355	1182	1182	1173	1173	2580	2554	2090	2065	2054	2029	497	469	337	319	335	317
630	5833	1375	9	289	4160	1223	53	1173	3720	3519	4545	4189	1230	1122	0	0	45666	34549	-1	-1	0.0	1355	1355	1182	1182	1173	1173	2580	2554	2090	2065	2054	2029	648	597	458	429	458	429
631	5833	1375	9	289	4160	1223	53	1173	3450	3168	4126	3697	1197	1041	0	0	45666	34451	-1	-1	0.0	1355	1355	1182	1182	1173	1173	2580	2554	2090	2065	2054	2029	574	535	385	368	383	366
632	5833	1375	9	289	4160	1223	53	1173	2793	2646	3412	3142	886	807	0	0	45666	34616	-1	-1	0.0	1355	1355	1182	1182	1173	1173	2580	2554	2090	2065	2054	2029	463	444	311	304	311	304
633	5833	1375	9	289	4160	1223	53	1173	3155	2915	4048	3678	1073	929	0	0	45666	34580	-1	-1	0.0	1355	1355	1182	1182	1173	1173	2580	2554	2090	2065	2054	2029	548	499	343	323	343	323
634	5833	1375	9	289	4160	1223	53	1173	3532	3109	4189	3691	1055	910	4	1	45666	34417	-1	-1	0.0	1355	1355	1182	1182	1173	1173	2580	2554	2090	2065	2054	2029	599	523	420	379	416	375
635	5833	1375	9	289	4160	1223	53	1173	2919	2747	3652	3350	963	871	0	0	45666	34606	-1	-1	0.0	1355	1355	1182	1182	1173	1173	2580	2554	2090	2065	2054	2029	519	479	355	335	355	335
636	5833	1375	9	289	4160	1223	53	1173	4109	3613	4737	4109	1307	1115	4	1	45666	34396	-1	-1	0.0	1355	1355	1182	1182	1173	1173	2580	2554	2090	2065	2054	2029	702	636	455	422	455	422
637	5833	1375	9	289	4160	1223	53	1173	3822	3470	4457	3937	1208	1060	0	0	45666	34572	-1	-1	0.0	1355	1355	1182	1182	1173	1173	2580	2554	2090	2065	2054	2029	629	573	377	354	377	354
638	5833	1375	9	289	4160	1223	53	1173	2604	2459	3273	2961	841	751	0	0	45666	34579	-1	-1	0.0	1355	1355	1182	1182	1173	1173	2580	2554	2090	2065	2054	2029	485	451	309	297	309	297
639	5833	1375	9	289	4160	1223	53	1173	4160	3850	4811	4345	1366	1207	0	0	45666	34614	-1	-1	0.0	1355	1355	1182	1182	1173	1173	2580	2554	2090	2065	2054	2029	679	621	463	428	461	428
640	5833	1375	9	289	4160	1223	53	1173	3244	3068	3959	3636	1052	934	0	0	45666	34622	-1	-1	0.0	1355	1355	1182	1182	1173	1173	2580	2554	2090	2065	2054	2029	562	529	358	341	358	341
641	5833	1375	9	289	4160	1223	53	1173	3766	3089	4235	3593	1213	967	32	7	45666	33807	-1	-1	0.0	1355	1355	1182	1182	1173	1173	2580	2554	2090	2065	2054	2029	628	520	400	359	400	359
642	5833	1375	9	289	4160	1223	53	1173	2962	2728	3782	3325	1002	875	0	0	45666	34583	-1	-1	0.0	1355	1355	1182	1182	1173	1173	2580	2554	2090	2065	2054	2029	515	460	336	310	331	305
643	5833	1375	9	289	4160	1223	53	1173	3549	3294	4400	3916	1163	1038	24	5	45666	34175	-1	-1	0.0	1355	1355	1182	1182	1173	1173	2580	2554	2090	2065	2054	2029	594	552	423	392	423	392
644	5833	1375	9	289	4160	1223	53	1173	2986	2824	3694	3372	969	873	0	0	45666	34621	-1	-1	0.0	1355	1355	1182	1182	1173	1173	2580	2554	2090	2065	2054	2029	526	493	328	315	328	315
645	5833	1375	9	289	4160	1223	53	1173	3523	3168	4041	3559	1182	996	48	10	45666	33360	-1	-1	0.0	1355	1355	1182	1182	1173	1173	2580	2554	2090	2065	2054	2029	608	549	365	328	365	328
646	5833	1375	9	289	4160	1223	53	1173	3628	3211	4178	3694	1162	1003	28	6	45666	33774	-1	-1	0.0	1355	1355	1182	1182	1173	1173	2580	2554	2090	2065	2054	2029	608	531	397	368	393	364
647	5833	1375	9	289	4160	1223	53	1173	3663	3225	4179	3608	1203	998	24	5	45666	33961	-1	-1	0.0	1355	1355	1182	1182	1173	1173	2580	2554	2090	2065	2054	2029	607	543	402	353	398	349
648	5833	1375	9	289	4160	1223	53	1173	3278	3127	3748	3460	1028	936	0	0	45666	34537	-1	-1	0.0	1355	1355	1182	1182	1173	1173	2580	2554	2090	2065	2054	2029	537	521	360	351	360	351
649	5833	1375	9	289	4160	1223	53	1173	2989	2745	3777	3361	1052	926	4	1	45666	34424	-1	-1	0.0	1355	1355	1182	1182	1173	1173	2580	2554	2090	2065	2054	2029	525	480	352	329	352	329
650	5833	1375	9	289	4160	1223	53	1173	3090	2822	3930	3419	1045	919	0	0	45666	34605	-1	-1	0.0	1355	1355	1182	1182	1173	1173	2580	2554	2090	2065	2054	2029	491	449	332	307	332	307
651	5833	1375	9	289	4160	1223	53	1173	3496	3227	4036	3562	1116	951	0	0	45666	34488	-1	-1	0.0	1355	1355	1182	1182	1173	1173	2580	2554	2090	2065	2054	2029	604	557	381	354	379	352
652	5833	1375	9	289	4160	1223	53	1173	4320	3722	5433	4521	1468	1205	24	5	45666	33956	-1	-1	0.0	1355	1355	1182	1182	1173	1173	2580	2554	2090	2065	2054	2029	709	612	506	444	503	441
653	5833	1375	9	289	4160	1223	53	1173	2823	2698	3639	3349	959	877	0	0	45666	34579	-1	-1	0.0	1355	1355	1182	1182	1173	1173	2580	2554	2090	2065	2054	2029	482	449	317	302	317	302
654	5833	1375	9	289	4160	1223	53	1173	3236	2884	3639	3185	1023	851	0	0	45666	34519	-1	-1	0.0	1355	1355	1182	1182	1173	1173	2580	2554	2090	2065	2054	2029	603	539	379	335	379	335
655	5833	1375	9	289	4160	1223	53	1173	4194	3649	4910	4188	1341	1097	24	5	45666	33957	-1	-1	0.0	1355	1355	1182	1182	1173	1173	2580	2554	2090	2065	2054	2029	723	640	466	415	466	415
656	5833	1375	9	289	4160	1223	53	1173	3948	3259	4681	3813	1277	1031	68	14	45666	33304	-1	-1	0.0	1355	1355	1182	1182	1173	1173	2580	2554	2090	2065	2054	2029	635	538	437	370	437	370
657	5833	1375	9	289	4160	1223	53	1173	3083	2968	3810	3571	1004	948	0	0	45666	34622	-1	-1	0.0	1355	1355	1182	1182	1173	1173	2580	2554	2090	2065	2054	2029	543	525	363	359	361	359
658	5833	1375	9	289	4160	1223	53	1173	3409	3223	4187	3829	1105	1015	4	1	45666	34441	-1	-1	0.0	1355	1355	1182	1182	1173	1173	2580	2554	2090	2065	2054	2029	589	557	395	378	390	373
659	5833	1375	9	289	4160	1223	53	1173	3823	3526	4785	4217	1223	1063	0	0	45666	34505	-1	-1	0.0	1355	1355	1182	1182	1173	1173	2580	2554	2090	2065	2054	2029	638	578	438	406	436	406
660	5833	1375	9	289	4160	1223	53	1173	3183	3014	3876	3579	1051	950	0	0	45666	34621	-1	-1	0.0	1355	1355	1182	1182	1173	1173	2580	2554	2090	2065	2054	2029	526	496	345	334	345	334
661	5833	1375	9	289	4160	1223	53	1173	3165	2957	3908	3528	1103	957	0	0	45666	34622	-1	-1	0.0	1355	1355	1182	1182	1173	1173	2580	2554	2090	2065	2054	2029	544	504	359	336	357	334
662	5833	1375	9	289	4160	1223	53	1173	4158	3573	4803	4218	1352	1156	4	1	45666	34436	-1	-1	0.0	1355	1355	1182	1182	1173	1173	2580	2554	2090	2065	2054	2029	641	555	417	393	417	393
663	5833	1375	9	289	4160	1223	53	1173	2898	2622	3358	2910	978	820	16	3	45666	34331	-1	-1	0.0	1355	1355	1182	1182	1173	1173	2580	2554	2090	2065	2054	2029	529	478	364	327	362	327
664	5833	1375	9	289	4160	1223	53	1173	2970	2855	3661	3410	921	859	0	0	45666	34585	-1	-1	0.0	1355	1355	1182	1182	1173	1173	2580	2554	2090	2065	2054	2029	504	488	349	346	345	342
665	5833	1375	9	289	4160	1223	53	1173	3516	3300	4194	3850	1146	1006	0	0	45666	34622	-1	-1	0.0	1355	1355	1182	1182	1173	1173	2580	2554	2090	2065	2054	2029	590	566	404	388	404	388
666	5833	1375	9	289	4160	1223	53	1173	2930	2607	3616	3194	927	787	4	1	45666	34443	-1	-1	0.0	1355	1355	1182	1182	1173	1173	2580	2554	2090	2065	2054	2029	500	457	328	315	328	315
667	5833	1375	9	289	4160	1223	53	1173	3080	2893	3784	3431	1003	914	0	0	45666	34535	-1	-1	0.0	1355	1355	1182	1182	1173	1173	2580	2554	2090	2065	2054	2029	521	481	330	316	328	314
668	5833	1375	9	289	4160	1223	53	1173	2870	2525	3757	3297	989	836	4	1	45666	34421	-1	-1	0.0	1355	1355	1182	1182	1173	1173	2580	2554	2090	2065	2054	2029	527	465	345	324	345	324
669	5833	1375	9	289	4160	1223	53	1173	2513	2324	3079	2778	802	700	0	0	45666	34587	-1	-1	0.0	1355	1355	1182	1182	1173	1173	2580	2554	2090	2065	2054	2029	467	428	283	269	281	267
670	5833	1375	9	289	4160	1223	53	1173	3063	2805	4033	3592	1097	927	8	1	45666	34329	-1	-1	0.0	1355	1355	1182	1182	1173	1173	2580	2554	2090	2065	2054	2029	525	478	350	322	350	322
671	5833	1375	9	289	4160	1223	53	1173	2896	2729	3808	3488	1011	906	0	0	45666	34622	-1	-1	0.0	1355	1355	1182	1182	1173	1173	2580	2554	2090	2065	2054	2029	499	468	310	296	308	294
672	5833	1375	9	289	4160	1223	53	1173	3568	3013	4136	3496	1131	895	4	1	45666	34265	-1	-1	0.0	1355	1355	1182	1182	1173	1173	2580	2554	2090	2065	2054	2029	594	515	375	345	373	343
673	5833	1375	9	289	4160	1223	53	1173	3634	3299	4351	3785	1198	1052	0	0	45666	34598	-1	-1	0.0	1355	1355	1182	1182	1173	1173	2580	2554	2090	2065	2054	2029	631	578	399	375	399	375
674	5833	1375	9	289	4160	1223	53	1173	2858	2699	3383	3052	868	785	28	6	45666	33993	-1	-1	0.0	1355	1355	1182	1182	1173	1173	2580	2554	2090	2065	2054	2029	490	450	287	270	285	268
675	5833	1375	9	289	4160	1223	53	1173	2770	2574	3332	2994	889	769	0	0	45666	34622	-1	-1	0.0	1355	1355	1182	1182	1173	1173	2580	2554	2090	2065	2054	2029	504	468	312	293	312	293
676	5833	1375	9	289	4160	1223	53	1173	3332	2926	4112	3545	1128	942	24	5	45666	33941	-1	-1	0.0	1355	1355	1182	1182	1173	1173	2580	2554	2090	2065	2054	2029	534	472	358	312	355	309
677	5833	1375	9	289	4160	1223	53	1173	3273	3052	3908	3505	1043	910	0	0	45666	34622	-1	-1	0.0	1355	1355	1182	1182	1173	1173	2580	2554	2090	2065	2054	2029	560	512	362	337	362	337
678	5833	1375	9	289	4160	1223	53	1173	3162	2923	3899	3451	1016	898	0	0	45666	34572	-1	-1	0.0	1355	1355	1182	1182	1173	1173	2580	2554	2090	2065	2054	2029	529	473	340	316	340	316
679	5833	1375	9	289	4160	1223	53	1173	3706	3468	4421	4076	1246	1108	0	0	45666	34574	-1	-1	0.0	1355	1355	1182	1182	1173	1173	2580	2554	2090	2065	2054	2029	630	590	412	395	405	388
680	5833	1375	9	289	4160	1223	53	1173	3254	3009	3966	3552	1103	967	0	0	45666	34572	-1	-1	0.0	1355	1355	1182	1182	1173	1173	2580	2554	2090	2065	2054	2029	560	519	363	346	361	344
681	5833	1375	9	289	4160	1223	53	1173	2815	2668	3404	3130	925	846	0	0	45666	34622	-1	-1	0.0	1355	1355	1182	1182	1173	1173	2580	2554	2090	2065	2054	2029	491	470	329	320	327	318
682	5833	1375	9	289	4160	1223	53	1173	2885	2649	3534	3171	985	839	12	2	45666	34137	-1	-1	0.0	1355	1355	1182	1182	1173	1173	2580	2554	2090	2065	2054	2029	513	469	355	330	355	330
683	5833	1375	9	289	4160	1223	53	1173	3706	3301	4316	3760	1181	992	24	5	45666	33974	-1	-1	0.0	1355	1355	1182	1182	1173	1173	2580	2554	2090	2065	2054	2029	619	551	400	358	400	358
684	5833	1375	9	289	4160	1223	53	1173	3559	3324	4138	3773	1159	1013	0	0	45666	34622	-1	-1	0.0	1355	1355	1182	1182	1173	1173	2580	2554	2090	2065	2054	2029	626	583	413	394	413	394
685	5833	1375	9	289	4160	1223	53	1173	3397	3155	4138	3735	1157	1009	0	0	45666	34395	-1	-1	0.0	1355	1355	1182	1182	1173	1173	2580	2554	2090	2065	2054	2029	591	546	387	362	385	360
686	5833	1375	9	289	4160	1223	53	1173	3277	3082	4117	3758	1060	950	0	0	45666	34622	-1	-1	0.0	1355	1355	1182	1182	1173	1173	2580	2554	2090	2065	2054	2029	610	568	392	376	392	376
687	5833	1375	9	289	4160	1223	53	1173	2770	2636	3476	3200	852	778	4	1	45666	34554	-1	-1	0.0	1355	1355	1182	1182	1173	1173	2580	2554	2090	2065	2054	2029	499	474	326	314	326	314
688	5833	1375	9	289	4160	1223	53	1173	2833	2614	3305	2948	878	776	0	0	45666	34596	-1	-1	0.0	1355	1355	1182	1182	1173	1173	2580	2554	2090	2065	2054	2029	507	453	330	301	328	301
689	5833	1375	9	289	4160	1223	53	1173	2553	2250	3305	2806	864	725	24	5	45666	33974	-1	-1	0.0	1355	1355	1182	1182	1173	1173	2580	2554	2090	2065	2054	2029	444	388	283	248	283	248
690	5833	1375	9	289	4160	1223	53	1173	2811	2617	3551	3228	948	820	8	1	45666	34329	-1	-1	0.0	1355	1355	1182	1182	1173	1173	2580	2554	2090	2065	2054	2029	511	477	329	312	327	310
691	5833	1375	9	289	4160	1223	53	1173	3068	2822	3409	3057	974	843	0	0	45666	34622	-1	-1	0.0	1355	1355	1182	1182	1173	1173	2580	2554	2090	2065	2054	2029	547	497	328	309	324	307
692	5833	1375	9	289	4160	1223	53	1173	2820	2636	3487	3153	978	862	0	0	45666	34604	-1	-1	0.0	1355	1355	1182	1182	1173	1173	2580	2554	2090	2065	2054	2029	493	454	314	298	314	298
693	5833	1375	9	289	4160	1223	53	1173	3480	3219	4403	3994	1212	1063	4	1	45666	34442	-1	-1	0.0	1355	1355	1182	1182	1173	1173	2580	2554	2090	2065	2054	2029	592	542	419	391	419	391
694	5833	1375	9	289	4160	1223	53	1173	3158	2841	3875	3398	1050	873	4	1	45666	34115	-1	-1	0.0	1355	1355	1182	1182	1173	1173	2580	2554	2090	2065	2054	2029	528	484	366	339	361	334
695	5833	1375	9	289	4160	1223	53	1173	2828	2687	3570	3299	905	825	4	1	45666	34443	-1	-1	0.0	1355	1355	1182	1182	1173	1173	2580	2554	2090	2065	2054	2029	493	466	328	317	328	317
696	5833	1375	9	289	4160	1223	53	1173	3542	3321	4019	3685	1096	975	0	0	45666	34622	-1	-1	0.0	1355	1355	1182	1182	1173	1173	2580	2554	2090	2065	2054	2029	596	560	396	377	391	372
697	5833	1375	9	289	4160	1223	53	1173	4157	3515	5090	4289	1363	1136	28	6	45666	33783	-1	-1	0.0	1355	1355	1182	1182	1173	1173	2580	2554	2090	2065	2054	2029	676	575	487	436	482	433
698	5833	1375	9	289	4160	1223	53	1173	3320	2969	4171	3711	1111	987	4	1	45666	34375	-1	-1	0.0	1355	1355	1182	1182	1173	1173	2580	2554	2090	2065	2054	2029	559	514	389	371	389	371
699	5833	1375	9	289	4160	1223	53	1173	3140	2854	3769	3270	1018	875	0	0	45666	34451	-1	-1	0.0	1355	1355	1182	1182	1173	1173	2580	2554	2090	2065	2054	2029	544	496	340	319	340	319
700	5833	1375	9	289	4160	1223	53	1173	3320	2907	3878	3402	1046	895	4	1	45666	34393	-1	-1	0.0	1355	1355	1182	1182	1173	1173	2580	2554	2090	2065	2054	2029	543	476	341	315	339	315
701	5833	1375	9	289	4160	1223	53	1173	3136	2908	3677	3369	1007	913	0	0	45666	34619	-1	-1	0.0	1355	1355	1182	1182	1173	1173	2580	2554	2090	2065	2054	2029	540	501	344	326	344	326
702	5833	1375	9	289	4160	1223	53	1173	3172	2953	3862	3446	1102	962	0	0	45666	34622	-1	-1	0.0	1355	1355	1182	1182	1173	1173	2580	2554	2090	2065	2054	2029	557	513	378	357	373	352
703	5833	1375	9	289	4160	1223	53	1173	3723	3509	4544	4168	1210	1082	0	0	45666	34622	-1	-1	0.0	1355	1355	1182	1182	1173	1173	2580	2554	2090	2065	2054	2029	634	587	433	414	430	411
704	5833	1375	9	289	4160	1223	53	1173	2626	2474	3405	3094	899	814	0	0	45666	34605	-1	-1	0.0	1355	1355	1182	1182	1173	1173	2580	2554	2090	2065	2054	2029	474	440	315	301	315	301
705	5833	1375	9	289	4160	1223	53	1173	3125	2909	3882	3498	1057	932	4	1	45666	34441	-1	-1	0.0	1355	1355	1182	1182	1173	1173	2580	2554	2090	2065	2054	2029	564	516	366	343	366	343
706	5833	1375	9	289	4160	1223	53	1173	3285	3111	3929	3609	1053	949	0	0	45666	34622	-1	-1	0.0	1355	1355	1182	1182	1173	1173	2580	2554	2090	2065	2054	2029	566	523	377	358	377	358
707	5833	1375	9	289	4160	1223	53	1173	2651	2485	3363	3034	877	780	0	0	45666	34602	-1	-1	0.0	1355	1355	1182	1182	1173	1173	2580	2554	2090	2065	2054	2029	496	453	294	278	294	278
708	5833	1375	9	289	4160	1223	53	1173	3274	2997	4138	3710	1145	997	0	0	45666	34596	-1	-1	0.0	1355	1355	1182	1182	1173	1173	2580	2554	2090	2065	2054	2029	576	516	411	369	404	364
709	5833	1375	9	289	4160	1223	53	1173	4310	3628	4735	4126	1339	1115	4	1	45666	34436	-1	-1	0.0	1355	1355	1182	1182	1173	1173	2580	2554	2090	2065	2054	2029	716	604	477	441	477	441
710	5833	1375	9	289	4160	1223	53	1173	3325	3073	3936	3525	1072	952	0	0	45666	34605	-1	-1	0.0	1355	1355	1182	1182	1173	1173	2580	2554	2090	2065	2054	2029	584	539	390	365	390	365
711	5833	1375	9	289	4160	1223	53	1173	2820	2629	3414	3049	972	832	0	0	45666	34605	-1	-1	0.0	1355	1355	1182	1182	1173	1173	2580	2554	2090	2065	2054	2029	464	441	312	294	308	292
712	5833	1375	9	289	4160	1223	53	1173	2836	2701	3652	3373	953	872	0	0	45666	34622	-1	-1	0.0	1355	1355	1182	1182	1173	1173	2580	2554	2090	2065	2054	2029	497	460	324	310	324	310
713	5833	1375	9	289	4160	1223	53	1173	3273	3037	4001	3584	1056	958	0	0	45666	34600	-1	-1	0.0	1355	1355	1182	1182	1173	1173	2580	2554	2090	2065	2054	2029	591	555	399	381	397	381
714	5833	1375	9	289	4160	1223	53	1173	3172	2958	3798	3458	1121	979	4	1	45666	34443	-1	-1	0.0	1355	1355	1182	1182	1173	1173	2580	2554	2090	2065	2054	2029	559	519	378	358	378	358
715	5833	1375	9	289	4160	1223	53	1173	3150	2898	3658	3314	1005	882	0	0	45666	34622	-1	-1	0.0	1355	1355	1182	1182	1173	1173	2580	2554	2090	2065	2054	2029	530	477	336	311	336	311
716	5833	1375	9	289	4160	1223	53	1173	3166	2829	3888	3370	1079	889	4	1	45666	34209	-1	-1	0.0	1355	1355	1182	1182	1173	1173	2580	2554	2090	2065	2054	2029	578	521	405	368	403	366
717	5833	1375	9	289	4160	1223	53	1173	3947	3720	4751	4240	1284	1161	0	0	45666	34562	-1	-1	0.0	1355	1355	1182	1182	1173	1173	2580	2554	2090	2065	2054	2029	669	616	446	421	444	419
718	5833	1375	9	289	4160	1223	53	1173	3196	2966	3843	3453	1065	928	0	0	45666	34556	-1	-1	0.0	1355	1355	1182	1182	1173	1173	2580	2554	2090	2065	2054	2029	557	517	334	313	329	308
719	5833	1375	9	289	4160	1223	53	1173	2563	2399	3083	2804	855	755	0	0	45666	34615	-1	-1	0.0	1355	1355	1182	1182	1173	1173	2580	2554	2090	2065	2054	2029	438	420	275	266	273	264
720	5833	1375	9	289	4160	1223	53	1173	3210	3007	3847	3518	1066	943	0	0	45666	34569	-1	-1	0.0	1355	1355	1182	1182	1173	1173	2580	2554	2090	2065	2054	2029	539	499	380	361	378	359
721	5833	1375	9	289	4160	1223	53	1173	2811	2581	3473	3113	900	805	24	5	45666	33970	-1	-1	0.0	1355	1355	1182	1182	1173	1173	2580	2554	2090	2065	2054	2029	468	437	322	298	322	298
722	5833	1375	9	289	4160	1223	53	1173	3079	2670	3778	3106	1028	852	24	5	45666	33953	-1	-1	0.0	1355	1355	1182	1182	1173	1173	2580	2554	2090	2065	2054	2029	535	459	350	304	348	302
723	5833	1375	9	289	4160	1223	53	1173	2981	2783	3625	3264	997	871	0	0	45666	34622	-1	-1	0.0	1355	1355	1182	1182	1173	1173	2580	2554	2090	2065	2054	2029	536	500	340	320	338	320
724	5833	1375	9	289	4160	1223	53	1173	3335	3086	4117	3724	1117	964	0	0	45666	34572	-1	-1	0.0	1355	1355	1182	1182	1173	1173	2580	2554	2090	2065	2054	2029	581	540	363	344	363	344
725	5833	1375	9	289	4160	1223	53	1173	3546	3026	4181	3493	1131	924	56	12	45666	33202	-1	-1	0.0	1355	1355	1182	1182	1173	1173	2580	2554	2090	2065	2054	2029	613	547	428	372	426	372
726	5833	1375	9	289	4160	1223	53	1173	3287	2880	3931	3439	1074	903	4	1	45666	34442	-1	-1	0.0	1355	1355	1182	1182	1173	1173	2580	2554	2090	2065	2054	2029	575	508	369	342	369	342
727	5833	1375	9	289	4160	1223	53	1173	3163	2879	3830	3451	950	849	4	1	45666	34443	-1	-1	0.0	1355	1355	1182	1182	1173	1173	2580	2554	2090	2065	2054	2029	562	516	361	348	361	348
728	5833	1375	9	289	4160	1223	53	1173	3050	2845	3599	3265	1033	917	0	0	45666	34620	-1	-1	0.0	1355	1355	1182	1182	1173	1173	2580	2554	2090	2065	2054	2029	531	491	343	324	339	320
729	5833	1375	9	289	4160	1223	53	1173	3827	3140	4711	3764	1267	988	68	14	45666	33283	-1	-1	0.0	1355	1355	1182	1182	1173	1173	2580	2554	2090	2065	2054	2029	659	557	450	371	450	371
730	5833	1375	9	289	4160	1223	53	1173	2921	2773	3642	3330	973	874	0	0	45666	34605	-1	-1	0.0	1355	1355	1182	1182	1173	1173	2580	2554	2090	2065	2054	2029	518	490	354	341	347	334
731	5833	1375	9	289	4160	1223	53	1173	3290	3042	4026	3638	1087	945	0	0	45666	34583	-1	-1	0.0	1355	1355	1182	1182	1173	1173	2580	2554	2090	2065	2054	2029	581	539	392	368	392	368
732	5833	1375	9	289	4160	1223	53	1173	3213	2951	3686	3285	1025	903	0	0	45666	34445	-1	-1	0.0	1355	1355	1182	1182	1173	1173	2580	2554	2090	2065	2054	2029	530	483	328	308	328	308
733	5833	1375	9	289	4160	1223	53	1173	3117	2937	3732	3439	1047	942	0	0	45666	34622	-1	-1	0.0	1355	1355	1182	1182	1173	1173	2580	2554	2090	2065	2054	2029	569	537	369	356	369	356
734	5833	1375	9	289	4160	1223	53	1173	3052	2746	3574	3135	1000	847	0	0	45666	34553	-1	-1	0.0	1355	1355	1182	1182	1173	1173	2580	2554	2090	2065	2054	2029	554	505	355	328	353	326
735	5833	1375	9	289	4160	1223	53	1173	3527	3106	4052	3504	1109	946	4	1	45666	34387	-1	-1	0.0	1355	1355	1182	1182	1173	1173	2580	2554	2090	2065	2054	2029	575	515	382	358	382	358
736	5833	1375	9	289	4160	1223	53	1173	2986	2760	3538	3184	922	815	4	1	45666	34305	-1	-1	0.0	1355	1355	1182	1182	1173	1173	2580	2554	2090	2065	2054	2029	527	490	353	325	353	325
737	5833	1375	9	289	4160	1223	53	1173	3561	3066	4052	3588	1100	926	4	1	45666	34419	-1	-1	0.0	1355	1355	1182	1182	1173	1173	2580	2554	2090	2065	2054	2029	625	551	380	355	378	353
738	5833	1375	9	289	4160	1223	53	1173	3489	3027	4072	3614	1125	965	4	1	45666	34436	-1	-1	0.0	1355	1355	1182	1182	1173	1173	2580	2554	2090	2065	2054	2029	614	533	407	378	404	375
739	5833	1375	9	289	4160	1223	53	1173	3518	3244	4409	3900	1210	1033	0	0	45666	34622	-1	-1	0.0	1355	1355	1182	1182	1173	1173	2580	2554	2090	2065	2054	2029	624	572	429	400	424	395
740	5833	1375	9	289	4160	1223	53	1173	3121	2922	3689	3365	1049	924	0	0	45666	34621	-1	-1	0.0	1355	1355	1182	1182	1173	1173	2580	2554	2090	2065	2054	2029	540	503	333	315	333	315
741	5833	1375	9	289	4160	1223	53	1173	2322	2210	2858	2577	757	680	0	0	45666	34622	-1	-1	0.0	1355	1355	1182	1182	1173	1173	2580	2554	2090	2065	2054	2029	402	380	260	248	260	248
742	5833	1375	9	289	4160	1223	53	1173	3114	2870	3535	3200	1018	889	28	6	45666	33817	-1	-1	0.0	1355	1355	1182	1182	1173	1173	2580	2554	2090	2065	2054	2029	543	497	340	316	338	314
743	5833	1375	9	289	4160	1223	53	1173	3116	2932	3781	3486	1081	957	0	0	45666	34615	-1	-1	0.0	1355	1355	1182	1182	1173	1173	2580	2554	2090	2065	2054	2029	536	500	350	335	348	333
744	5833	1375	9	289	4160	1223	53	1173	3241	3037	4016	3655	1089	950	24	5	45666	33994	-1	-1	0.0	1355	1355	1182	1182	1173	1173	2580	2554	2090	2065	2054	2029	550	517	372	355	370	353
745	5833	1375	9	289	4160	1223	53	1173	2892	2740	3686	3367	956	879	0	0	45666	34598	-1	-1	0.0	1355	1355	1182	1182	1173	1173	2580	2554	2090	2065	2054	2029	531	497	356	340	354	338
746	5833	1375	9	289	4160	1223	53	1173	3272	3127	3918	3655	1079	984	0	0	45666	34622	-1	-1	0.0	1355	1355	1182	1182	1173	1173	2580	2554	2090	2065	2054	2029	537	515	373	363	373	363
747	5833	1375	9	289	4160	1223	53	1173	2782	2621	3507	3218	908	804	0	0	45666	34622	-1	-1	0.0	1355	1355	1182	1182	1173	1173	2580	2554	2090	2065	2054	2029	517	483	321	305	321	305
748	5833	1375	9	289	4160	1223	53	1173	3848	3388	4411	3910	1274	1091	4	1	45666	34442	-1	-1	0.0	1355	1355	1182	1182	1173	1173	2580	2554	2090	2065	2054	2029	649	573	428	402	428	402
749	5833	1375	9	289	4160	1223	53	1173	3292	3109	4045	3691	1077	975	0	0	45666	34599	-1	-1	0.0	1355	1355	1182	1182	1173	1173	2580	2554	2090	2065	2054	2029	599	551	412	392	412	392
750	5833	1375	9	289	4160	1223	53	1173	3623	3324	4566	4030	1230	1089	0	0	45666	34605	-1	-1	0.0	1355	1355	1182	1182	1173	1173	2580	2554	2090	2065	2054	2029	616	561	439	412	437	410
751	5833	1375	9	289	4160	1223	53	1173	2703	2507	3383	3047	894	801	0	0	45666	34484	-1	-1	0.0	1355	1355	1182	1182	1173	1173	2580	2554	2090	2065	2054	2029	466	425	298	277	296	275
752	5833	1375	9	289	4160	1223	53	1173	3094	2732	3853	3386	1048	894	8	2	45666	34052	-1	-1	0.0	1355	1355	1182	1182	1173	1173	2580	2554	2090	2065	2054	2029	531	472	355	329	353	329
753	5833	1375	9	289	4160	1223	53	1173	3812	3415	4593	3989	1266	1077	4	1	45666	34383	-1	-1	0.0	1355	1355	1182	1182	1173	1173	2580	2554	2090	2065	2054	2029	660	595	444	410	444	410
754	5833	1375	9	289	4160	1223	53	1173	3381	3159	3923	3561	1057	928	0	0	45666	34536	-1	-1	0.0	1355	1355	1182	1182	1173	1173	2580	2554	2090	2065	2054	2029	583	537	350	330	350	330
755	5833	1375	9	289	4160	1223	53	1173	3026	2782	3781	3367	999	864	0	0	45666	34521	-1	-1	0.0	1355	1355	1182	1182	1173	1173	2580	2554	2090	2065	2054	2029	544	498	356	330	354	328
756	5833	1375	9	289	4160	1223	53	1173	3615	3337	4196	3740	1220	1036	0	0	45666	34605	-1	-1	0.0	1355	1355	1182	1182	1173	1173	2580	2554	2090	2065	2054	2029	596	550	396	370	391	365
757	5833	1375	9	289	4160	1223	53	1173	2786	2593	3593	3199	923	823	0	0	45666	34587	-1	-1	0.0	1355	1355	1182	1182	1173	1173	2580	2554	2090	2065	2054	2029	488	455	311	296	311	296
758	5833	1375	9	289	4160	1223	53	1173	2984	2763	3774	3408	1035	900	4	1	45666	34441	-1	-1	0.0	1355	1355	1182	1182	1173	1173	2580	2554	2090	2065	2054	2029	527	484	365	341	365	341
759	5833	1375	9	289	4160	1223	53	1173	2727	2609	3187	2952	834	780	0	0	45666	34622	-1	-1	0.0	1355	1355	1182	1182	1173	1173	2580	2554	2090	2065	2054	2029	479	459	300	293	298	291
760	5833	1375	9	289	4160	1223	53	1173	2864	2721	3408	3127	919	838	0	0	45666	34604	-1	-1	0.0	1355	1355	1182	1182	1173	1173	2580	2554	2090	2065	2054	2029	503	482	299	288	299	288
761	5833	1375	9	289	4160	1223	53	1173	3152	2870	4095	3568	1091	950	0	0	45666	34552	-1	-1	0.0	1355	1355	1182	1182	1173	1173	2580	2554	2090	2065	2054	2029	552	503	371	346	371	346
762	5833	1375	9	289	4160	1223	53	1173	2469	2338	3012	2782	815	743	0	0	45666	34586	-1	-1	0.0	1355	1355	1182	1182	1173	1173	2580	2554	2090	2065	2054	2029	420	392	247	238	245	236
763	5833	1375	9	289	4160	1223	53	1173	3972	3677	4732	4224	1258	1146	4	1	45666	34375	-1	-1	0.0	1355	1355	1182	1182	1173	1173	2580	2554	2090	2065	2054	2029	671	633	451	427	449	427
764	5833	1375	9	289	4160	1223	53	1173	3308	3061	4024	3615	1138	983	0	0	45666	34579	-1	-1	0.0	1355	1355	1182	1182	1173	1173	2580	2554	2090	2065	2054	2029	562	520	363	345	360	342
765	5833	1375	9	289	4160	1223	53	1173	3310	3073	3952	3561	1148	997	0	0	45666	34605	-1	-1	0.0	1355	1355	1182	1182	1173	1173	2580	2554	2090	2065	2054	2029	595	554	389	369	389	369
766	5833	1375	9	289	4160	1223	53	1173	2998	2797	3741	3395	1040	919	0	0	45666	34502	-1	-1	0.0	1355	1355	1182	1182	1173	1173	2580	2554	2090	2065	2054	2029	537	499	328	309	326	307
767	5833	1375	9	289	4160	1223	53	1173	3689	3242	4355	3700	1230	1006	28	6	45666	33759	-1	-1	0.0	1355	1355	1182	1182	1173	1173	2580	2554	2090	2065	2054	2029	667	595	452	405	452	405
768	5833	1375	9	289	4160	1223	53	1173	3293	3004	4155	3684	1123	984	0	0	45666	34430	-1	-1	0.0	1355	1355	1182	1182	1173	1173	2580	2554	2090	2065	2054	2029	565	517	378	354	376	352
769	5833	1375	9	289	4160	1223	53	1173	3602	3353	4292	3900	1206	1076	0	0	45666	34563	-1	-1	0.0	1355	1355	1182	1182	1173	1173	2580	2554	2090	2065	2054	2029	623	584	399	381	399	381
770	5833	1375	9	289	4160	1223	53	1173	2908	2732	3549	3245	913	800	0	0	45666	34622	-1	-1	0.0	1355	1355	1182	1182	1173	1173	2580	2554	2090	2065	2054	2029	505	482	325	310	323	308
771	5833	1375	9	289	4160	1223	53	1173	2614	2425	3361	2980	901	796	0	0	45666	34605	-1	-1	0.0	1355	1355	1182	1182	1173	1173	2580	2554	2090	2065	2054	2029	491	449	325	306	322	303
772	5833	1375	9	289	4160	1223	53	1173	2883	2630	3613	3192	972	835	0	0	45666	34411	-1	-1	0.0	1355	1355	1182	1182	1173	1173	2580	2554	2090	2065	2054	2029	513	462	317	290	317	290
773	5833	1375	9	289	4160	1223	53	1173	3077	2835	3566	3159	1053	897	4	1	45666	34364	-1	-1	0.0	1355	1355	1182	1182	1173	1173	2580	2554	2090	2065	2054	2029	496	466	315	292	315	292
774	5833	1375	9	289	4160	1223	53	1173	4257	3523	5282	4286	1384	1113	40	8	45666	33916	-1	-1	0.0	1355	1355	1182	1182	1173	1173	2580	2554	2090	2065	2054	2029	724	622	538	458	538	458
775	5833	1375	9	289	4160	1223	53	1173	3623	3432	4296	3939	1125	1019	0	0	45666	34622	-1	-1	0.0	1355	1355	1182	1182	1173	1173	2580	2554	2090	2065	2054	2029	613	573	398	381	395	378
776	5833	1375	9	289	4160	1223	53	1173	2896	2694	3590	3234	945	826	0	0	45666	34605	-1	-1	0.0	1355	1355	1182	1182	1173	1173	2580	2554	2090	2065	2054	2029	502	463	323	307	321	305
777	5833	1375	9	289	4160	1223	53	1173	3456	3232	4102	3727	1206	1042	0	0	45666	34622	-1	-1	0.0	1355	1355	1182	1182	1173	1173	2580	2554	2090	2065	2054	2029	579	528	359	336	359	336
778	5833	1375	9	289	4160	1223	53	1173	3444	3109	4098	3609	1131	957	0	0	45666	34532	-1	-1	0.0	1355	1355	1182	1182	1173	1173	2580	2554	2090	2065	2054	2029	602	548	400	370	398	368
779	5833	1375	9	289	4160	1223	53	1173	3837	3307	4475	3719	1244	993	24	5	45666	33962	-1	-1	0.0	1355	1355	1182	1182	1173	1173	2580	2554	2090	2065	2054	2029	617	548	460	403	460	403
780	5833	1375	9	289	4160	1223	53	1173	3342	3183	3982	3697	1116	1024	0	0	45666	34622	-1	-1	0.0	1355	1355	1182	1182	1173	1173	2580	2554	2090	2065	2054	2029	580	542	379	364	379	364
781	5833	1375	9	289	4160	1223	53	1173	2680	2570	3503	3251	898	839	0	0	45666	34622	-1	-1	0.0	1355	1355	1182	1182	1173	1173	2580	2554	2090	2065	2054	2029	443	434	301	297	301	297
782	5833	1375	9	289	4160	1223	53	1173	3626	3387	4226	3818	1161	1009	0	0	45666	34622	-1	-1	0.0	1355	1355	1182	1182	1173	1173	2580	2554	2090	2065	2054	2029	637	592	395	370	395	370
783	5833	1375	9	289	4160	1223	53	1173	3205	2920	3724	3294	1038	900	0	0	45666	34605	-1	-1	0.0	1355	1355	1182	1182	1173	1173	2580	2554	2090	2065	2054	2029	530	492	326	304	322	302
784	5833	1375	9	289	4160	1223	53	1173	3656	3073	4270	3705	1177	1012	32	7	45666	33719	-1	-1	0.0	1355	1355	1182	1182	1173	1173	2580	2554	2090	2065	2054	2029	615	527	408	384	408	384
785	5833	1375	9	289	4160	1223	53	1173	2995	2795	3586	3253	1024	884	0	0	45666	34622	-1	-1	0.0	1355	1355	1182	1182	1173	1173	2580	2554	2090	2065	2054	2029	540	501	336	317	336	317
786	5833	1375	9	289	4160	1223	53	1173	3807	3546	4326	3886	1152	1008	4	1	45666	34375	-1	-1	0.0	1355	1355	1182	1182	1173	1173	2580	2554	2090	2065	2054	2029	669	620	426	399	424	399
787	5833	1375	9	289	4160	1223	53	1173	2945	2712	3577	3238	1011	866	0	0	45666	34622	-1	-1	0.0	1355	1355	1182	1182	1173	1173	2580	2554	2090	2065	2054	2029	509	466	337	315	335	315
788	5833	1375	9	289	4160	1223	53	1173	4021	3396	4485	3865	1206	1033	4	1	45666	34265	-1	-1	0.0	1355	1355	1182	1182	1173	1173	2580	2554	2090	2065	2054	2029	637	551	399	379	399	379
789	5833	1375	9	289	4160	1223	53	1173	3411	3038	4190	3680	1099	950	4	1	45666	34437	-1	-1	0.0	1355	1355	1182	1182	1173	1173	2580	2554	2090	2065	2054	2029	600	534	390	365	390	365
790	5833	1375	9	289	4160	1223	53	1173	3005	2834	3755	3399	986	892	0	0	45666	34579	-1	-1	0.0	1355	1355	1182	1182	1173	1173	2580	2554	2090	2065	2054	2029	492	470	335	327	335	327
791	5833	1375	9	289	4160	1223	53	1173	2980	2806	3462	3143	906	810	24	5	45666	33911	-1	-1	0.0	1355	1355	1182	1182	1173	1173	2580	2554	2090	2065	2054	2029	517	488	324	304	324	304
792	5833	1375	9	289	4160	1223	53	1173	3590	3262	4328	3779	1187	1043	24	5	45666	33909	-1	-1	0.0	1355	1355	1182	1182	1173	1173	2580	2554	2090	2065	2054	2029	603	546	407	374	403	370
793	5833	1375	9	289	4160	1223	53	1173	3594	3252	4078	3578	1167	969	0	0	45666	34434	-1	-1	0.0	1355	1355	1182	1182	1173	1173	2580	2554	2090	2065	2054	2029	627	570	395	366	395	366
794	5833	1375	9	289	4160	1223	53	1173	4552	3565	4992	4031	1408	1115	8	2	45666	34201	-1	-1	0.0	1355	1355	1182	1182	1173	1173	2580	2554	2090	2065	2054	2029	730	593	464	411	464	411
795	5833	1375	9	289	4160	1223	53	1173	4271	4025	4986	4574	1427	1270	0	0	45666	34622	-1	-1	0.0	1355	1355	1182	1182	1173	1173	2580	2554	2090	2065	2054	2029	680	632	463	442	463	442
796	5833	1375	9	289	4160	1223	53	1173	2814	2640	3615	3296	987	881	0	0	45666	34621	-1	-1	0.0	1355	1355	1182	1182	1173	1173	2580	2554	2090	2065	2054	2029	469	441	303	291	301	289
797	5833	1375	9	289	4160	1223	53	1173	2899	2803	3651	3409	958	902	0	0	45666	34622	-1	-1	0.0	1355	1355	1182	1182	1173	1173	2580	2554	2090	2065	2054	2029	485	467	325	319	325	319
798	5833	1375	9	289	4160	1223	53	1173	3616	3353	4119	3699	1107	978	0	0	45666	34451	-1	-1	0.0	1355	1355	1182	1182	1173	1173	2580	2554	2090	2065	2054	2029	580	530	378	357	376	355
799	5833	1375	9	289	4160	1223	53	1173	3668	3322	4453	3879	1199	1009	0	0	45666	34603	-1	-1	0.0	1355	1355	1182	1182	1173	1173	2580	2554	2090	2065	2054	2029	662	608	440	411	438	409
800	5833	1375	9	289	4160	1223	53	1173	3470	3252	4165	3791	1085	977	0	0	45666	34562	-1	-1	0.0	1355	1355	1182	1182	1173	1173	2580	2554	2090	2065	2054	2029	590	550	375	355	375	355
801	5833	1375	9	289	4160	1223	53	1173	2795	2579	3434	3087	953	818	4	1	45666	34553	-1	-1	0.0	1355	1355	1182	1182	1173	1173	2580	2554	2090	2065	2054	2029	507	464	319	300	317	298
802	5833	1375	9	289	4160	1223	53	1173	3209	3093	3982	3725	1022	942	0	0	45666	34622	-1	-1	0.0	1355	1355	1182	1182	1173	1173	2580	2554	2090	2065	2054	2029	571	559	386	377	382	373
803	5833	1375	9	289	4160	1223	53	1173	3075	2935	3911	3576	975	915	0	0	45666	34556	-1	-1	0.0	1355	1355	1182	1182	1173	1173	2580	2554	2090	2065	2054	2029	521	503	371	361	369	359
804	5833	1375	9	289	4160	1223	53	1173	2844	2675	3502	3186	942	830	0	0	45666	34622	-1	-1	0.0	1355	1355	1182	1182	1173	1173	2580	2554	2090	2065	2054	2029	511	473	323	306	321	304
805	5833	1375	9	289	4160	1223	53	1173	3881	3663	4816	4318	1255	1132	12	2	45666	34474	-1	-1	0.0	1355	1355	1182	1182	1173	1173	2580	2554	2090	2065	2054	2029	673	622	471	447	471	447
806	5833	1375	9	289	4160	1223	53	1173	3165	3002	3850	3489	1020	935	0	0	45666	34622	-1	-1	0.0	1355	1355	1182	1182	1173	1173	2580	2554	2090	2065	2054	2029	551	537	373	366	370	363
807	5833	1375	9	289	4160	1223	53	1173	3323	3098	4148	3754	1044	941	0	0	45666	34605	-1	-1	0.0	1355	1355	1182	1182	1173	1173	2580	2554	2090	2065	2054	2029	554	522	377	365	372	360
808	5833	1375	9	289	4160	1223	53	1173	2964	2637	3562	3099	1029	872	24	5	45666	33986	-1	-1	0.0	1355	1355	1182	1182	1173	1173	2580	2554	2090	2065	2054	2029	515	452	358	322	358	322
809	5833	1375	9	289	4160	1223	53	1173	2387	2244	3035	2733	819	731	24	5	45666	33996	-1	-1	0.0	1355	1355	1182	1182	1173	1173	2580	2554	2090	2065	2054	2029	437	408	266	253	266	253
810	5833	1375	9	289	4160	1223	53	1173	2945	2665	3595	3171	923	803	8	2	45666	34111	-1	-1	0.0	1355	1355	1182	1182	1173	1173	2580	2554	2090	2065	2054	2029	483	444	322	295	320	293
811	5833	1375	9	289	4160	1223	53	1173	3197	2980	3991	3605	1113	984	0	0	45666	34569	-1	-1	0.0	1355	1355	1182	1182	1173	1173	2580	2554	2090	2065	2054	2029	546	507	362	341	360	339
812	5833	1375	9	289	4160	1223	53	1173	4121	3703	4977	4344	1335	1144	0	0	45666	34434	-1	-1	0.0	1355	1355	1182	1182	1173	1173	2580	2554	2090	2065	2054	2029	682	624	457	429	455	427
813	5833	1375	9	289	4160	1223	53	1173	3483	3154	4260	3753	1156	961	0	0	45666	34615	-1	-1	0.0	1355	1355	1182	1182	1173	1173	2580	2554	2090	2065	2054	2029	600	544	395	365	390	360
814	5833	1375	9	289	4160	1223	53	1173	2711	2579	3407	3132	904	839	0	0	45666	34583	-1	-1	0.0	1355	1355	1182	1182	1173	1173	2580	2554	2090	2065	2054	2029	472	451	302	295	300	293
815	5833	1375	9	289	4160	1223	53	1173	3945	3333	4393	3823	1275	1072	4	1	45666	34436	-1	-1	0.0	1355	1355	1182	1182	1173	1173	2580	2554	2090	2065	2054	2029	654	557	391	362	391	362
816	5833	1375	9	289	4160	1223	53	1173	2912	2701	3683	3292	966	839	0	0	45666	34605	-1	-1	0.0	1355	1355	1182	1182	1173	1173	2580	2554	2090	2065	2054	2029	523	484	348	332	348	332
817	5833	1375	9	289	4160	1223	53	1173	3435	3161	4171	3692	1132	987	0	0	45666	34596	-1	-1	0.0	1355	1355	1182	1182	1173	1173	2580	2554	2090	2065	2054	2029	598	537	404	370	402	370
818	5833	1375	9	289	4160	1223	53	1173	3271	3012	3568	3182	1045	882	0	0	45666	34579	-1	-1	0.0	1355	1355	1182	1182	1173	1173	2580	2554	2090	2065	2054	2029	563	518	320	296	320	296
819	5833	1375	9	289	4160	1223	53	1173	2854	2691	3549	3242	1000	892	0	0	45666	34622	-1	-1	0.0	1355	1355	1182	1182	1173	1173	2580	2554	2090	2065	2054	2029	480	446	316	303	316	303
820	5833	1375	9	289	4160	1223	53	1173	3438	3207	4064	3656	1097	968	4	1	45666	34389	-1	-1	0.0	1355	1355	1182	1182	1173	1173	2580	2554	2090	2065	2054	2029	600	573	413	393	411	391
821	5833	1375	9	289	4160	1223	53	1173	3689	3285	4520	3955	1176	996	32	6	45666	33535	-1	-1	0.0	1355	1355	1182	1182	1173	1173	2580	2554	2090	2065	2054	2029	612	547	445	394	443	392
822	5833	1375	9	289	4160	1223	53	1173	3232	2878	4159	3592	1137	942	0	0	45666	34443	-1	-1	0.0	1355	1355	1182	1182	1173	1173	2580	2554	2090	2065	2054	2029	572	516	405	372	405	372
823	5833	1375	9	289	4160	1223	53	1173	3429	2883	3966	3353	1136	918	4	1	45666	34179	-1	-1	0.0	1355	1355	1182	1182	1173	1173	2580	2554	2090	2065	2054	2029	567	486	358	330	358	330
824	5833	1375	9	289	4160	1223	53	1173	3834	3187	4462	3640	1252	986	40	8	45666	33875	-1	-1	0.0	1355	1355	1182	1182	1173	1173	2580	2554	2090	2065	2054	2029	668	569	438	367	438	367
825	5833	1375	9	289	4160	1223	53	1173	3087	2586	3740	3117	1049	820	24	5	45666	33854	-1	-1	0.0	1355	1355	1182	1182	1173	1173	2580	2554	2090	2065	2054	2029	542	458	354	296	354	296
826	5833	1375	9	289	4160	1223	53	1173	2921	2753	3408	3101	926	818	0	0	45666	34525	-1	-1	0.0	1355	1355	1182	1182	1173	1173	2580	2554	2090	2065	2054	2029	489	469	321	309	319	307
827	5833	1375	9	289	4160	1223	53	1173	3062	2769	3885	3423	1052	908	24	5	45666	33986	-1	-1	0.0	1355	1355	1182	1182	1173	1173	2580	2554	2090	2065	2054	2029	553	501	389	356	387	354
828	5833	1375	9	289	4160	1223	53	1173	3214	2951	3925	3500	1034	893	0	0	45666	34449	-1	-1	0.0	1355	1355	1182	1182	1173	1173	2580	2554	2090	2065	2054	2029	568	523	373	355	368	350
829	5833	1375	9	289	4160	1223	53	1173	3498	3202	4198	3685	1140	990	0	0	45666	34483	-1	-1	0.0	1355	1355	1182	1182	1173	1173	2580	2554	2090	2065	2054	2029	604	552	397	371	392	366
830	5833	1375	9	289	4160	1223	53	1173	4446	3679	5273	4274	1462	1155	40	8	45666	33895	-1	-1	0.0	1355	1355	1182	1182	1173	1173	2580	2554	2090	2065	2054	2029	760	650	520	439	520	439
831	5833	1375	9	289	4160	1223	53	1173	3943	3517	4709	4084	1347	1118	0	0	45666	34570	-1	-1	0.0	1355	1355	1182	1182	1173	1173	2580	2554	2090	2065	2054	2029	679	611	470	435	470	435
832	5833	1375	9	289	4160	1223	53	1173	3493	3161	4306	3799	1198	1026	16	2	45666	34326	-1	-1	0.0	1355	1355	1182	1182	1173	1173	2580	2554	2090	2065	2054	2029	601	544	395	360	395	360
833	5833	1375	9	289	4160	1223	53	1173	3105	2986	3850	3599	1056	989	24	5	45666	33996	-1	-1	0.0	1355	1355	1182	1182	1173	1173	2580	2554	2090	2065	2054	2029	525	505	345	336	345	336
834	5833	1375	9	289	4160	1223	53	1173	3196	2989	3838	3487	1015	906	8	2	45666	34515	-1	-1	0.0	1355	1355	1182	1182	1173	1173	2580	2554	2090	2065	2054	2029	554	523	374	356	374	356
835	5833	1375	9	289	4160	1223	53	1173	2841	2641	3581	3225	981	845	24	5	45666	33964	-1	-1	0.0	1355	1355	1182	1182	1173	1173	2580	2554	2090	2065	2054	2029	523	487	331	314	329	312
836	5833	1375	9	289	4160	1223	53	1173	2784	2630	3449	3174	878	797	0	0	45666	34621	-1	-1	0.0	1355	1355	1182	1182	1173	1173	2580	2554	2090	2065	2054	2029	482	454	303	289	303	289
837	5833	1375	9	289	4160	1223	53	1173	3169	2916	3744	3369	1029	896	0	0	45666	34459	-1	-1	0.0	1355	1355	1182	1182	1173	1173	2580	2554	2090	2065	2054	2029	556	502	335	307	335	307
838	5833	1375	9	289	4160	1223	53	1173	3158	2904	3802	3397	1039	907	28	6	45666	33779	-1	-1	0.0	1355	1355	1182	1182	1173	1173	2580	2554	2090	2065	2054	2029	540	495	365	342	363	340
839	5833	1375	9	289	4160	1223	53	1173	3123	2962	3861	3557	989	899	0	0	45666	34622	-1	-1	0.0	1355	1355	1182	1182	1173	1173	2580	2554	2090	2065	2054	2029	535	502	329	314	324	311
840	5833	1375	9	289	4160	1223	53	1173	2798	2579	3375	3022	930	790	4	1	45666	34392	-1	-1	0.0	1355	1355	1182	1182	1173	1173	2580	2554	2090	2065	2054	2029	516	473	327	304	325	302
841	5833	1375	9	289	4160	1223	53	1173	3152	2969	3897	3583	1045	934	0	0	45666	34622	-1	-1	0.0	1355	1355	1182	1182	1173	1173	2580	2554	2090	2065	2054	2029	544	510	369	352	365	348
842	5833	1375	9	289	4160	1223	53	1173	3077	2804	3613	3194	998	859	0	0	45666	34451	-1	-1	0.0	1355	1355	1182	1182	1173	1173	2580	2554	2090	2065	2054	2029	520	470	339	320	336	317
843	5833	1375	9	289	4160	1223	53	1173	2962	2793	3613	3311	998	894	0	0	45666	34622	-1	-1	0.0	1355	1355	1182	1182	1173	1173	2580	2554	2090	2065	2054	2029	517	492	340	329	340	329
844	5833	1375	9	289	4160	1223	53	1173	3616	3317	4369	3868	1088	960	0	0	45666	34566	-1	-1	0.0	1355	1355	1182	1182	1173	1173	2580	2554	2090	2065	2054	2029	623	575	446	422	446	422
845	5833	1375	9	289	4160	1223	53	1173	3864	3502	4238	3781	1160	999	0	0	45666	34517	-1	-1	0.0	1355	1355	1182	1182	1173	1173	2580	2554	2090	2065	2054	2029	618	572	389	356	387	356
846	5833	1375	9	289	4160	1223	53	1173	3529	3192	4141	3597	1173	993	0	0	45666	34588	-1	-1	0.0	1355	1355	1182	1182	1173	1173	2580	2554	2090	2065	2054	2029	603	563	412	393	412	393
847	5833	1375	9	289	4160	1223	53	1173	3170	2931	3774	3413	992	907	0	0	45666	34451	-1	-1	0.0	1355	1355	1182	1182	1173	1173	2580	2554	2090	2065	2054	2029	534	490	340	327	340	327
848	5833	1375	9	289	4160	1223	53	1173	2757	2563	3465	3146	960	843	0	0	45666	34536	-1	-1	0.0	1355	1355	1182	1182	1173	1173	2580	2554	2090	2065	2054	2029	495	458	318	302	318	302
849	5833	1375	9	289	4160	1223	53	1173	3999	3702	4956	4404	1378	1196	0	0	45666	34619	-1	-1	0.0	1355	1355	1182	1182	1173	1173	2580	2554	2090	2065	2054	2029	683	617	482	446	480	444
850	5833	1375	9	289	4160	1223	53	1173	2878	2661	3480	3125	959	825	0	0	45666	34609	-1	-1	0.0	1355	1355	1182	1182	1173	1173	2580	2554	2090	2065	2054	2029	518	481	301	281	297	277
851	5833	1375	9	289	4160	1223	53	1173	3228	3040	3839	3459	1001	897	0	0	45666	34427	-1	-1	0.0	1355	1355	1182	1182	1173	1173	2580	2554	2090	2065	2054	2029	544	507	339	316	339	316
852	5833	1375	9	289	4160	1223	53	1173	2795	2660	3563	3279	987	899	0	0	45666	34622	-1	-1	0.0	1355	1355	1182	1182	1173	1173	2580	2554	2090	2065	2054	2029	466	440	316	306	316	306
853	5833	1375	9	289	4160	1223	53	1173	2853	2636	3546	3181	989	875	0	0	45666	34537	-1	-1	0.0	1355	1355	1182	1182	1173	1173	2580	2554	2090	2065	2054	2029	500	457	312	290	312	290
854	5833	1375	9	289	4160	1223	53	1173	3144	2862	3989	3538	1127	984	4	1	45666	34375	-1	-1	0.0	1355	1355	1182	1182	1173	1173	2580	2554	2090	2065	2054	2029	552	500	374	347	372	345
855	5833	1375	9	289	4160	1223	53	1173	3412	3216	4162	3826	1140	1039	24	5	45666	33985	-1	-1	0.0	1355	1355	1182	1182	1173	1173	2580	2554	2090	2065	2054	2029	600	558	404	388	404	388
856	5833	1375	9	289	4160	1223	53	1173	3616	3386	4212	3836	1158	1036	0	0	45666	34568	-1	-1	0.0	1355	1355	1182	1182	1173	1173	2580	2554	2090	2065	2054	2029	587	558	397	381	397	381
857	5833	1375	9	289	4160	1223	53	1173	2740	2501	3233	2849	870	752	24	5	45666	33937	-1	-1	0.0	1355	1355	1182	1182	1173	1173	2580	2554	2090	2065	2054	2029	500	467	329	306	329	306
858	5833	1375	9	289	4160	1223	53	1173	3746	3241	4372	3807	1116	944	8	2	45666	34264	-1	-1	0.0	1355	1355	1182	1182	1173	1173	2580	2554	2090	2065	2054	2029	637	564	406	381	404	379
859	5833	1375	9	289	4160	1223	53	1173	3664	3368	4424	3955	1216	1038	0	0	45666	34581	-1	-1	0.0	1355	1355	1182	1182	1173	1173	2580	2554	2090	2065	2054	2029	650	594	422	387	420	385
860	5833	1375	9	289	4160	1223	53	1173	3086	2800	4040	3543	1046	914	0	0	45666	34605	-1	-1	0.0	1355	1355	1182	1182	1173	1173	2580	2554	2090	2065	2054	2029	527	469	376	345	376	345
861	5833	1375	9	289	4160	1223	53	1173	3256	3071	3903	3548	1078	949	0	0	45666	34591	-1	-1	0.0	1355	1355	1182	1182	1173	1173	2580	2554	2090	2065	2054	2029	592	552	382	364	382	364
862	5833	1375	9	289	4160	1223	53	1173	2830	2670	3476	3176	901	811	0	0	45666	34622	-1	-1	0.0	1355	1355	1182	1182	1173	1173	2580	2554	2090	2065	2054	2029	517	482	317	306	317	306
863	5833	1375	9	289	4160	1223	53	1173	2729	2490	3241	2811	841	726	4	1	45666	34407	-1	-1	0.0	1355	1355	1182	1182	1173	1173	2580	2554	2090	2065	2054	2029	476	435	288	271	283	266
864	5833	1375	9	289	4160	1223	53	1173	3024	2837	3651	3315	1022	894	0	0	45666	34622	-1	-1	0.0	1355	1355	1182	1182	1173	1173	2580	2554	2090	2065	2054	2029	548	518	368	353	365	350
865	5833	1375	9	289	4160	1223	53	1173	2596	2448	3237	2908	830	755	24	6	45666	34264	-1	-1	0.0	1355	1355	1182	1182	1173	1173	2580	2554	2090	2065	2054	2029	455	427	297	279	295	277
866	5833	1375	9	289	4160	1223	53	1173	2849	2720	3679	3396	998	930	0	0	45666	34579	-1	-1	0.0	1355	1355	1182	1182	1173	1173	2580	2554	2090	2065	2054	2029	499	485	349	343	347	343
867	5833	1375	9	289	4160	1223	53	1173	4084	3333	4881	3945	1388	1069	84	15	45666	33394	-1	-1	0.0	1355	1355	1182	1182	1173	1173	2580	2554	2090	2065	2054	2029	683	570	479	401	479	401
868	5833	1375	9	289	4160	1223	53	1173	3013	2829	3841	3471	1068	965	0	0	45666	34579	-1	-1	0.0	1355	1355	1182	1182	1173	1173	2580	2554	2090	2065	2054	2029	543	500	362	341	359	338
869	5833	1375	9	289	4160	1223	53	1173	3072	2812	3617	3199	1074	902	0	0	45666	34579	-1	-1	0.0	1355	1355	1182	1182	1173	1173	2580	2554	2090	2065	2054	2029	552	507	335	313	335	313
870	5833	1375	9	289	4160	1223	53	1173	3350	3146	3940	3585	1103	994	4	1	45666	34397	-1	-1	0.0	1355	1355	1182	1182	1173	1173	2580	2554	2090	2065	2054	2029	560	519	357	339	355	337
871	5833	1375	9	289	4160	1223	53	1173	3179	2826	3893	3451	1099	935	4	1	45666	34441	-1	-1	0.0	1355	1355	1182	1182	1173	1173	2580	2554	2090	2065	2054	2029	541	481	354	331	352	329
872	5833	1375	9	289	4160	1223	53	1173	2857	2439	3748	3093	971	761	4	1	45666	34313	-1	-1	0.0	1355	1355	1182	1182	1173	1173	2580	2554	2090	2065	2054	2029	527	454	366	309	361	304
873	5833	1375	9	289	4160	1223	53	1173	2991	2788	3638	3280	954	836	0	0	45666	34573	-1	-1	0.0	1355	1355	1182	1182	1173	1173	2580	2554	2090	2065	2054	2029	527	487	350	329	350	329
874	5833	1375	9	289	4160	1223	53	1173	2844	2692	3554	3240	907	817	0	0	45666	34615	-1	-1	0.0	1355	1355	1182	1182	1173	1173	2580	2554	2090	2065	2054	2029	496	474	325	314	325	314
875	5833	1375	9	289	4160	1223	53	1173	3629	3266	4314	3758	1227	1048	0	0	45666	34603	-1	-1	0.0	1355	1355	1182	1182	1173	1173	2580	2554	2090	2065	2054	2029	633	581	437	411	437	411
876	5833	1375	9	289	4160	1223	53	1173	3651	3399	4250	3790	1147	993	0	0	45666	34604	-1	-1	0.0	1355	1355	1182	1182	1173	1173	2580	2554	2090	2065	2054	2029	588	537	376	355	374	353
877	5833	1375	9	289	4160	1223	53	1173	2802	2603	3576	3227	1003	878	4	1	45666	34443	-1	-1	0.0	1355	1355	1182	1182	1173	1173	2580	2554	2090	2065	2054	2029	497	455	324	304	319	299
878	5833	1375	9	289	4160	1223	53	1173	3501	2982	4437	3645	1222	1009	24	5	45666	33939	-1	-1	0.0	1355	1355	1182	1182	1173	1173	2580	2554	2090	2065	2054	2029	624	540	427	368	423	364
879	5833	1375	9	289	4160	1223	53	1173	3884	3230	4615	4001	1297	1065	4	1	45666	34436	-1	-1	0.0	1355	1355	1182	1182	1173	1173	2580	2554	2090	2065	2054	2029	617	525	408	381	405	378
880	5833	1375	9	289	4160	1223	53	1173	3038	2771	3712	3245	1040	913	0	0	45666	34588	-1	-1	0.0	1355	1355	1182	1182	1173	1173	2580	2554	2090	2065	2054	2029	543	495	324	304	322	302
881	5833	1375	9	289	4160	1223	53	1173	3021	2606	3832	3250	1044	878	48	10	45666	33170	-1	-1	0.0	1355	1355	1182	1182	1173	1173	2580	2554	2090	2065	2054	2029	518	450	369	320	364	315
882	5833	1375	9	289	4160	1223	53	1173	2451	2282	3226	2894	866	768	4	1	45666	34407	-1	-1	0.0	1355	1355	1182	1182	1173	1173	2580	2554	2090	2065	2054	2029	440	403	288	271	288	271
883	5833	1375	9	289	4160	1223	53	1173	3647	3430	4305	3914	1230	1094	0	0	45666	34622	-1	-1	0.0	1355	1355	1182	1182	1173	1173	2580	2554	2090	2065	2054	2029	609	564	414	396	414	396
884	5833	1375	9	289	4160	1223	53	1173	2731	2540	3456	3083	876	767	28	6	45666	33950	-1	-1	0.0	1355	1355	1182	1182	1173	1173	2580	2554	2090	2065	2054	2029	488	459	317	299	317	299
885	5833	1375	9	289	4160	1223	53	1173	3060	2882	3736	3398	1051	942	0	0	45666	34530	-1	-1	0.0	1355	1355	1182	1182	1173	1173	2580	2554	2090	2065	2054	2029	531	493	356	341	356	341
886	5833	1375	9	289	4160	1223	53	1173	3854	3170	4561	3768	1260	997	52	11	45666	33024	-1	-1	0.0	1355	1355	1182	1182	1173	1173	2580	2554	2090	2065	2054	2029	659	560	435	374	435	374
887	5833	1375	9	289	4160	1223	53	1173	3111	2815	3854	3409	1089	920	24	5	45666	33986	-1	-1	0.0	1355	1355	1182	1182	1173	1173	2580	2554	2090	2065	2054	2029	541	484	369	332	369	332
888	5833	1375	9	289	4160	1223	53	1173	2786	2592	3365	3066	865	754	0	0	45666	34496	-1	-1	0.0	1355	1355	1182	1182	1173	1173	2580	2554	2090	2065	2054	2029	460	432	307	292	305	292
889	5833	1375	9	289	4160	1223	53	1173	2926	2730	3495	3152	927	807	0	0	45666	34605	-1	-1	0.0	1355	1355	1182	1182	1173	1173	2580	2554	2090	2065	2054	2029	514	476	318	299	313	294
890	5833	1375	9	289	4160	1223	53	1173	3276	3005	3989	3612	1069	947	0	0	45666	34605	-1	-1	0.0	1355	1355	1182	1182	1173	1173	2580	2554	2090	2065	2054	2029	564	517	378	355	378	355
891	5833	1375	9	289	4160	1223	53	1173	3514	3230	4362	3843	1163	1028	24	5	45666	33977	-1	-1	0.0	1355	1355	1182	1182	1173	1173	2580	2554	2090	2065	2054	2029	620	566	433	407	433	407
892	5833	1375	9	289	4160	1223	53	1173	4202	3454	4724	4084	1298	1084	4	1	45666	34379	-1	-1	0.0	1355	1355	1182	1182	1173	1173	2580	2554	2090	2065	2054	2029	681	577	469	429	469	429
893	5833	1375	9	289	4160	1223	53	1173	2727	2584	3437	3144	919	837	0	0	45666	34620	-1	-1	0.0	1355	1355	1182	1182	1173	1173	2580	2554	2090	2065	2054	2029	495	456	305	288	303	286
894	5833	1375	9	289	4160	1223	53	1173	3157	2925	3892	3478	1076	920	0	0	45666	34616	-1	-1	0.0	1355	1355	1182	1182	1173	1173	2580	2554	2090	2065	2054	2029	564	518	380	357	376	353
895	5833	1375	9	289	4160	1223	53	1173	3157	2986	3836	3547	1010	931	0	0	45666	34622	-1	-1	0.0	1355	1355	1182	1182	1173	1173	2580	2554	2090	2065	2054	2029	530	500	366	354	364	352
896	5833	1375	9	289	4160	1223	53	1173	3232	2949	3833	3398	1096	945	28	6	45666	33645	-1	-1	0.0	1355	1355	1182	1182	1173	1173	2580	2554	2090	2065	2054	2029	571	516	354	320	354	320
897	5833	1375	9	289	4160	1223	53	1173	3020	2757	3582	3177	939	834	0	0	45666	34603	-1	-1	0.0	1355	1355	1182	1182	1173	1173	2580	2554	2090	2065	2054	2029	519	463	294	267	294	267
898	5833	1375	9	289	4160	1223	53	1173	3441	3239	4173	3813	1134	997	0	0	45666	34622	-1	-1	0.0	1355	1355	1182	1182	1173	1173	2580	2554	2090	2065	2054	2029	595	556	391	373	388	370
899	5833	1375	9	289	4160	1223	53	1173	3026	2839	3828	3403	968	890	0	0	45666	34620	-1	-1	0.0	1355	1355	1182	1182	1173	1173	2580	2554	2090	2065	2054	2029	529	495	357	341	357	341
900	5833	1375	9	289	4160	1223	53	1173	2764	2548	3601	3232	963	855	0	0	45666	34604	-1	-1	0.0	1355	1355	1182	1182	1173	1173	2580	2554	2090	2065	2054	2029	510	469	335	321	328	314
901	5833	1375	9	289	4160	1223	53	1173	3341	3062	4075	3640	1103	944	0	0	45666	34605	-1	-1	0.0	1355	1355	1182	1182	1173	1173	2580	2554	2090	2065	2054	2029	581	533	366	340	362	336
902	5833	1375	9	289	4160	1223	53	1173	3266	2953	3892	3420	1022	870	8	2	45666	34191	-1	-1	0.0	1355	1355	1182	1182	1173	1173	2580	2554	2090	2065	2054	2029	536	487	344	315	344	315
903	5833	1375	9	289	4160	1223	53	1173	3062	2843	3884	3516	1030	908	28	6	45666	33993	-1	-1	0.0	1355	1355	1182	1182	1173	1173	2580	2554	2090	2065	2054	2029	530	493	344	326	344	326
904	5833	1375	9	289	4160	1223	53	1173	3789	3485	4255	3800	1288	1099	0	0	45666	34486	-1	-1	0.0	1355	1355	1182	1182	1173	1173	2580	2554	2090	2065	2054	2029	659	595	436	398	436	398
905	5833	1375	9	289	4160	1223	53	1173	3683	3457	4325	3943	1202	1066	28	6	45666	33993	-1	-1	0.0	1355	1355	1182	1182	1173	1173	2580	2554	2090	2065	2054	2029	606	578	425	406	425	406
906	5833	1375	9	289	4160	1223	53	1173	2823	2483	3465	2993	924	798	36	8	45666	33742	-1	-1	0.0	1355	1355	1182	1182	1173	1173	2580	2554	2090	2065	2054	2029	501	439	326	307	322	303
907	5833	1375	9	289	4160	1223	53	1173	3117	2703	3800	3224	1072	872	28	6	45666	33762	-1	-1	0.0	1355	1355	1182	1182	1173	1173	2580	2554	2090	2065	2054	2029	558	492	372	327	372	327
908	5833	1375	9	289	4160	1223	53	1173	2804	2636	3531	3149	921	810	0	0	45666	34622	-1	-1	0.0	1355	1355	1182	1182	1173	1173	2580	2554	2090	2065	2054	2029	517	473	338	315	338	315
909	5833	1375	9	289	4160	1223	53	1173	3237	3025	3632	3276	1041	918	4	1	45666	34401	-1	-1	0.0	1355	1355	1182	1182	1173	1173	2580	2554	2090	2065	2054	2029	552	507	324	304	322	302
910	5833	1375	9	289	4160	1223	53	1173	4174	3836	4783	4351	1336	1164	0	0	45666	34526	-1	-1	0.0	1355	1355	1182	1182	1173	1173	2580	2554	2090	2065	2054	2029	705	642	476	435	476	435
911	5833	1375	9	289	4160	1223	53	1173	3139	2948	3654	3318	1054	925	0	0	45666	34622	-1	-1	0.0	1355	1355	1182	1182	1173	1173	2580	2554	2090	2065	2054	2029	548	514	349	331	349	331
912	5833	1375	9	289	4160	1223	53	1173	3354	3111	3996	3611	1154	990	0	0	45666	34617	-1	-1	0.0	1355	1355	1182	1182	1173	1173	2580	2554	2090	2065	2054	2029	569	529	359	340	357	338
913	5833	1375	9	289	4160	1223	53	1173	4150	3746	5009	4438	1429	1188	0	0	45666	34559	-1	-1	0.0	1355	1355	1182	1182	1173	1173	2580	2554	2090	2065	2054	2029	676	618	440	407	440	407
914	5833	1375	9	289	4160	1223	53	1173	2679	2477	3440	3086	902	772	36	7	45666	33631	-1	-1	0.0	1355	1355	1182	1182	1173	1173	2580	2554	2090	2065	2054	2029	495	452	306	284	306	284
915	5833	1375	9	289	4160	1223	53	1173	3312	2980	3917	3443	1145	952	0	0	45666	34621	-1	-1	0.0	1355	1355	1182	1182	1173	1173	2580	2554	2090	2065	2054	2029	566	508	366	339	364	337
916	5833	1375	9	289	4160	1223	53	1173	3120	2763	3761	3294	994	857	12	3	45666	34109	-1	-1	0.0	1355	1355	1182	1182	1173	1173	2580	2554	2090	2065	2054	2029	532	484	357	338	355	336
917	5833	1375	9	289	4160	1223	53	1173	3271	2973	4086	3622	1026	877	0	0	45666	34440	-1	-1	0.0	1355	1355	1182	1182	1173	1173	2580	2554	2090	2065	2054	2029	547	498	389	348	385	346
918	5833	1375	9	289	4160	1223	53	1173	3295	3034	3718	3432	1036	933	0	0	45666	34536	-1	-1	0.0	1355	1355	1182	1182	1173	1173	2580	2554	2090	2065	2054	2029	563	524	369	352	369	352
919	5833	1375	9	289	4160	1223	53	1173	3464	3083	4015	3539	1179	999	4	1	45666	34409	-1	-1	0.0	1355	1355	1182	1182	1173	1173	2580	2554	2090	2065	2054	2029	577	511	360	332	360	332
920	5833	1375	9	289	4160	1223	53	1173	3761	3547	4678	4215	1233	1111	0	0	45666	34605	-1	-1	0.0	1355	1355	1182	1182	1173	1173	2580	2554	2090	2065	2054	2029	660	605	450	426	450	426
921	5833	1375	9	289	4160	1223	53	1173	3007	2721	3638	3219	1010	868	0	0	45666	34412	-1	-1	0.0	1355	1355	1182	1182	1173	1173	2580	2554	2090	2065	2054	2029	524	476	353	330	350	327
922	5833	1375	9	289	4160	1223	53	1173	2935	2737	3522	3150	885	801	0	0	45666	34465	-1	-1	0.0	1355	1355	1182	1182	1173	1173	2580	2554	2090	2065	2054	2029	501	468	306	295	306	295
923	5833	1375	9	289	4160	1223	53	1173	3880	3607	4599	4172	1294	1147	0	0	45666	34588	-1	-1	0.0	1355	1355	1182	1182	1173	1173	2580	2554	2090	2065	2054	2029	668	629	435	412	435	412
924	5833	1375	9	289	4160	1223	53	1173	3141	2910	3878	3499	1019	888	0	0	45666	34617	-1	-1	0.0	1355	1355	1182	1182	1173	1173	2580	2554	2090	2065	2054	2029	577	532	398	373	396	373
925	5833	1375	9	289	4160	1223	53	1173	3219	2975	3906	3541	1100	936	0	0	45666	34622	-1	-1	0.0	1355	1355	1182	1182	1173	1173	2580	2554	2090	2065	2054	2029	576	537	358	339	356	337
926	5833	1375	9	289	4160	1223	53	1173	3066	2839	3770	3380	1010	878	24	5	45666	33996	-1	-1	0.0	1355	1355	1182	1182	1173	1173	2580	2554	2090	2065	2054	2029	546	505	353	334	349	330
927	5833	1375	9	289	4160	1223	53	1173	2760	2600	3393	3091	907	817	4	1	45666	34443	-1	-1	0.0	1355	1355	1182	1182	1173	1173	2580	2554	2090	2065	2054	2029	470	440	290	277	288	275
928	5833	1375	9	289	4160	1223	53	1173	3134	2932	3728	3354	1006	891	0	0	45666	34613	-1	-1	0.0	1355	1355	1182	1182	1173	1173	2580	2554	2090	2065	2054	2029	556	501	374	345	374	345
929	5833	1375	9	289	4160	1223	53	1173	2866	2625	3473	3110	964	829	0	0	45666	34433	-1	-1	0.0	1355	1355	1182	1182	1173	1173	2580	2554	2090	2065	2054	2029	473	425	307	285	304	282
930	5833	1375	9	289	4160	1223	53	1173	3075	2913	3808	3501	1005	910	0	0	45666	34622	-1	-1	0.0	1355	1355	1182	1182	1173	1173	2580	2554	2090	2065	2054	2029	548	518	373	357	371	355
931	5833	1375	9	289	4160	1223	53	1173	2554	2408	3072	2803	814	735	0	0	45666	34578	-1	-1	0.0	1355	1355	1182	1182	1173	1173	2580	2554	2090	2065	2054	2029	458	428	291	280	289	278
932	5833	1375	9	289	4160	1223	53	1173	3179	2987	3753	3422	1031	910	0	0	45666	34604	-1	-1	0.0	1355	1355	1182	1182	1173	1173	2580	2554	2090	2065	2054	2029	540	505	333	320	333	320
933	5833	1375	9	289	4160	1223	53	1173	2619	2434	3230	2960	875	796	0	0	45666	34622	-1	-1	0.0	1355	1355	1182	1182	1173	1173	2580	2554	2090	2065	2054	2029	489	450	309	299	307	297
934	5833	1375	9	289	4160	1223	53	1173	3200	3035	4030	3728	1066	964	8	1	45666	34317	-1	-1	0.0	1355	1355	1182	1182	1173	1173	2580	2554	2090	2065	2054	2029	528	508	354	342	354	342
935	5833	1375	9	289	4160	1223	53	1173	3392	3125	4145	3698	1187	1026	0	0	45666	34605	-1	-1	0.0	1355	1355	1182	1182	1173	1173	2580	2554	2090	2065	2054	2029	601	548	411	380	409	378
936	5833	1375	9	289	4160	1223	53	1173	3187	2878	4233	3735	1097	944	24	5	45666	33899	-1	-1	0.0	1355	1355	1182	1182	1173	1173	2580	2554	2090	2065	2054	2029	558	507	382	352	377	347
937	5833	1375	9	289	4160	1223	53	1173	3051	2834	3612	3201	1056	903	0	0	45666	34622	-1	-1	0.0	1355	1355	1182	1182	1173	1173	2580	2554	2090	2065	2054	2029	544	508	348	327	344	323
938	5833	1375	9	289	4160	1223	53	1173	3135	2804	3770	3291	1041	870	24	5	45666	33985	-1	-1	0.0	1355	1355	1182	1182	1173	1173	2580	2554	2090	2065	2054	2029	555	491	363	324	361	322
939	5833	1375	9	289	4160	1223	53	1173	3796	3337	4427	3895	1232	1038	4	1	45666	34299	-1	-1	0.0	1355	1355	1182	1182	1173	1173	2580	2554	2090	2065	2054	2029	655	577	413	377	409	373
940	5833	1375	9	289	4160	1223	53	1173	2818	2675	3450	3156	877	786	0	0	45666	34605	-1	-1	0.0	1355	1355	1182	1182	1173	1173	2580	2554	2090	2065	2054	2029	487	470	325	317	325	317
941	5833	1375	9	289	4160	1223	53	1173	3075	2855	3786	3442	996	896	4	1	45666	34573	-1	-1	0.0	1355	1355	1182	1182	1173	1173	2580	2554	2090	2065	2054	2029	519	471	348	323	343	318
942	5833	1375	9	289	4160	1223	53	1173	3008	2732	3836	3328	992	851	0	0	45666	34605	-1	-1	0.0	1355	1355	1182	1182	1173	1173	2580	2554	2090	2065	2054	2029	543	491	377	348	374	345
943	5833	1375	9	289	4160	1223	53	1173	3515	3312	4221	3865	1099	997	24	5	45666	33996	-1	-1	0.0	1355	1355	1182	1182	1173	1173	2580	2554	2090	2065	2054	2029	600	553	387	364	387	364
944	5833	1375	9	289	4160	1223	53	1173	3877	3499	4469	4024	1225	1059	4	1	45666	34443	-1	-1	0.0	1355	1355	1182	1182	1173	1173	2580	2554	2090	2065	2054	2029	660	606	425	403	425	403
945	5833	1375	9	289	4160	1223	53	1173	4154	3803	5092	4449	1393	1224	0	0	45666	34622	-1	-1	0.0	1355	1355	1182	1182	1173	1173	2580	2554	2090	2065	2054	2029	689	630	488	465	481	460
946	5833	1375	9	289	4160	1223	53	1173	2745	2605	3496	3195	876	796	0	0	45666	34622	-1	-1	0.0	1355	1355	1182	1182	1173	1173	2580	2554	2090	2065	2054	2029	467	432	292	278	292	278
947	5833	1375	9	289	4160	1223	53	1173	3566	3136	4221	3739	1191	1014	4	1	45666	34436	-1	-1	0.0	1355	1355	1182	1182	1173	1173	2580	2554	2090	2065	2054	2029	573	518	386	365	386	365
948	5833	1375	9	289	4160	1223	53	1173	4721	3988	5128	4422	1476	1197	8	2	45666	34220	-1	-1	0.0	1355	1355	1182	1182	1173	1173	2580	2554	2090	2065	2054	2029	766	666	492	453	490	451
949	5833	1375	9	289	4160	1223	53	1173	3072	2848	3894	3521	1065	944	0	0	45666	34620	-1	-1	0.0	1355	1355	1182	1182	1173	1173	2580	2554	2090	2065	2054	2029	540	490	356	331	354	329
950	5833	1375	9	289	4160	1223	53	1173	2557	2405	3192	2876	850	768	4	1	45666	34407	-1	-1	0.0	1355	1355	1182	1182	1173	1173	2580	2554	2090	2065	2054	2029	455	422	271	258	271	258
951	5833	1375	9	289	4160	1223	53	1173	3640	3330	4349	3896	1226	1078	24	5	45666	33979	-1	-1	0.0	1355	1355	1182	1182	1173	1173	2580	2554	2090	2065	2054	2029	593	538	385	360	380	355
952	5833	1375	9	289	4160	1223	53	1173	2603	2456	3365	3087	852	757	0	0	45666	34621	-1	-1	0.0	1355	1355	1182	1182	1173	1173	2580	2554	2090	2065	2054	2029	468	446	311	298	311	298
953	5833	1375	9	289	4160	1223	53	1173	3263	3038	3784	3416	1019	908	0	0	45666	34584	-1	-1	0.0	1355	1355	1182	1182	1173	1173	2580	2554	2090	2065	2054	2029	574	527	401	372	401	372
954	5833	1375	9	289	4160	1223	53	1173	2980	2708	3769	3263	1023	889	0	0	45666	34519	-1	-1	0.0	1355	1355	1182	1182	1173	1173	2580	2554	2090	2065	2054	2029	545	494	353	328	351	326
955	5833	1375	9	289	4160	1223	53	1173	3757	3399	4507	3926	1277	1076	0	0	45666	34445	-1	-1	0.0	1355	1355	1182	1182	1173	1173	2580	2554	2090	2065	2054	2029	636	584	443	407	441	405
956	5833	1375	9	289	4160	1223	53	1173	3041	2760	3887	3452	1080	925	4	1	45666	34320	-1	-1	0.0	1355	1355	1182	1182	1173	1173	2580	2554	2090	2065	2054	2029	512	467	337	312	335	310
957	5833	1375	9	289	4160	1223	53	1173	3434	2943	3799	3269	1122	910	4	1	45666	34418	-1	-1	0.0	1355	1355	1182	1182	1173	1173	2580	2554	2090	2065	2054	2029	589	512	367	334	367	334
958	5833	1375	9	289	4160	1223	53	1173	3039	2834	3817	3482	1013	909	0	0	45666	34604	-1	-1	0.0	1355	1355	1182	1182	1173	1173	2580	2554	2090	2065	2054	2029	538	501	342	328	342	328
959	5833	1375	9	289	4160	1223	53	1173	2983	2717	3485	3117	1004	861	0	0	45666	34617	-1	-1	0.0	1355	1355	1182	1182	1173	1173	2580	2554	2090	2065	2054	2029	540	482	335	307	333	307
960	5833	1375	9	289	4160	1223	53	1173	2747	2581	3489	3123	902	810	0	0	45666	34605	-1	-1	0.0	1355	1355	1182	1182	1173	1173	2580	2554	2090	2065	2054	2029	466	433	313	297	311	295
961	5833	1375	9	289	4160	1223	53	1173	2909	2667	3564	3128	999	837	4	1	45666	34553	-1	-1	0.0	1355	1355	1182	1182	1173	1173	2580	2554	2090	2065	2054	2029	537	491	353	329	348	324
962	5833	1375	9	289	4160	1223	53	1173	3416	3137	3967	3486	1092	933	0	0	45666	34605	-1	-1	0.0	1355	1355	1182	1182	1173	1173	2580	2554	2090	2065	2054	2029	589	542	390	367	390	367
963	5833	1375	9	289	4160	1223	53	1173	3275	3124	3813	3514	1035	952	0	0	45666	34621	-1	-1	0.0	1355	1355	1182	1182	1173	1173	2580	2554	2090	2065	2054	2029	562	537	340	326	340	326
964	5833	1375	9	289	4160	1223	53	1173	2737	2567	3400	3092	932	825	0	0	45666	34622	-1	-1	0.0	1355	1355	1182	1182	1173	1173	2580	2554	2090	2065	2054	2029	495	454	312	295	312	295
965	5833	1375	9	289	4160	1223	53	1173	3370	3162	3965	3648	1072	965	0	0	45666	34622	-1	-1	0.0	1355	1355	1182	1182	1173	1173	2580	2554	2090	2065	2054	2029	568	533	364	350	364	350
966	5833	1375	9	289	4160	1223	53	1173	3692	2893	4323	3523	1172	925	28	6	45666	33771	-1	-1	0.0	1355	1355	1182	1182	1173	1173	2580	2554	2090	2065	2054	2029	594	477	409	357	407	355
967	5833	1375	9	289	4160	1223	53	1173	3285	2984	3782	3384	1041	901	24	5	45666	33974	-1	-1	0.0	1355	1355	1182	1182	1173	1173	2580	2554	2090	2065	2054	2029	566	519	360	336	358	334
968	5833	1375	9	289	4160	1223	53	1173	3393	2941	3838	3304	1043	864	4	1	45666	34271	-1	-1	0.0	1355	1355	1182	1182	1173	1173	2580	2554	2090	2065	2054	2029	591	518	355	328	352	325
969	5833	1375	9	289	4160	1223	53	1173	4202	3615	4706	4147	1275	1101	4	1	45666	34436	-1	-1	0.0	1355	1355	1182	1182	1173	1173	2580	2554	2090	2065	2054	2029	660	581	457	439	457	439
970	5833	1375	9	289	4160	1223	53	1173	2889	2650	3595	3179	992	833	0	0	45666	34494	-1	-1	0.0	1355	1355	1182	1182	1173	1173	2580	2554	2090	2065	2054	2029	516	474	328	307	326	307
971	5833	1375	9	289	4160	1223	53	1173	3423	2959	4191	3564	1157	936	24	5	45666	33928	-1	-1	0.0	1355	1355	1182	1182	1173	1173	2580	2554	2090	2065	2054	2029	583	502	395	338	393	336
972	5833	1375	9	289	4160	1223	53	1173	3257	3073	4013	3657	1040	920	0	0	45666	34622	-1	-1	0.0	1355	1355	1182	1182	1173	1173	2580	2554	2090	2065	2054	2029	554	537	389	380	389	380
973	5833	1375	9	289	4160	1223	53	1173	3195	2990	3629	3301	1049	928	0	0	45666	34622	-1	-1	0.0	1355	1355	1182	1182	1173	1173	2580	2554	2090	2065	2054	2029	574	532	356	338	356	338
974	5833	1375	9	289	4160	1223	53	1173	2907	2777	3645	3362	901	835	44	7	45666	34083	-1	-1	0.0	1355	1355	1182	1182	1173	1173	2580	2554	2090	2065	2054	2029	513	492	343	334	343	334
975	5833	1375	9	289	4160	1223	53	1173	4445	3903	5464	4662	1473	1244	24	5	45666	33938	-1	-1	0.0	1355	1355	1182	1182	1173	1173	2580	2554	2090	2065	2054	2029	722	640	513	461	511	459
976	5833	1375	9	289	4160	1223	53	1173	3320	2987	3995	3498	1075	920	28	6	45666	33928	-1	-1	0.0	1355	1355	1182	1182	1173	1173	2580	2554	2090	2065	2054	2029	584	522	398	355	396	353
977	5833	1375	9	289	4160	1223	53	1173	2891	2772	3541	3251	925	859	0	0	45666	34588	-1	-1	0.0	1355	1355	1182	1182	1173	1173	2580	2554	2090	2065	2054	2029	505	480	328	320	326	318
978	5833	1375	9	289	4160	1223	53	1173	3729	3365	4587	3999	1268	1079	8	1	45666	34312	-1	-1	0.0	1355	1355	1182	1182	1173	1173	2580	2554	2090	2065	2054	2029	630	563	417	380	415	378
979	5833	1375	9	289	4160	1223	53	1173	2651	2520	3397	3100	870	795	0	0	45666	34532	-1	-1	0.0	1355	1355	1182	1182	1173	1173	2580	2554	2090	2065	2054	2029	484	450	306	292	306	292
980	5833	1375	9	289	4160	1223	53	1173	4031	3323	4570	3810	1268	989	28	6	45666	33793	-1	-1	0.0	1355	1355	1182	1182	1173	1173	2580	2554	2090	2065	2054	2029	664	562	449	395	449	395
981	5833	1375	9	289	4160	1223	53	1173	3477	3170	4205	3733	1137	971	4	1	45666	34383	-1	-1	0.0	1355	1355	1182	1182	1173	1173	2580	2554	2090	2065	2054	2029	613	559	404	374	399	369
982	5833	1375	9	289	4160	1223	53	1173	2723	2543	3329	2993	879	781	0	0	45666	34622	-1	-1	0.0	1355	1355	1182	1182	1173	1173	2580	2554	2090	2065	2054	2029	488	448	304	283	302	281
983	5833	1375	9	289	4160	1223	53	1173	3674	3431	4129	3698	1113	996	0	0	45666	34588	-1	-1	0.0	1355	1355	1182	1182	1173	1173	2580	2554	2090	2065	2054	2029	589	556	374	359	374	359
984	5833	1375	9	289	4160	1223	53	1173	3462	3167	4148	3681	1219	1029	28	6	45666	33992	-1	-1	0.0	1355	1355	1182	1182	1173	1173	2580	2554	2090	2065	2054	2029	595	542	409	376	409	376
985	5833	1375	9	289	4160	1223	53	1173	3035	2813	3832	3464	1040	899	0	0	45666	34604	-1	-1	0.0	1355	1355	1182	1182	1173	1173	2580	2554	2090	2065	2054	2029	500	458	326	304	324	302
986	5833	1375	9	289	4160	1223	53	1173	3273	3049	3632	3266	1045	901	0	0	45666	34605	-1	-1	0.0	1355	1355	1182	1182	1173	1173	2580	2554	2090	2065	2054	2029	591	541	362	336	362	336
987	5833	1375	9	289	4160	1223	53	1173	3174	2958	3778	3451	1062	951	4	1	45666	34443	-1	-1	0.0	1355	1355	1182	1182	1173	1173	2580	2554	2090	2065	2054	2029	567	520	369	349	369	349
988	5833	1375	9	289	4160	1223	53	1173	3325	3022	3832	3380	1140	952	4	1	45666	34402	-1	-1	0.0	1355	1355	1182	1182	1173	1173	2580	2554	2090	2065	2054	2029	602	546	395	361	391	359
989	5833	1375	9	289	4160	1223	53	1173	2866	2538	3551	3045	957	820	8	1	45666	34150	-1	-1	0.0	1355	1355	1182	1182	1173	1173	2580	2554	2090	2065	2054	2029	480	427	321	293	319	293
990	5833	1375	9	289	4160	1223	53	1173	4077	3654	4893	4223	1345	1172	4	1	45666	34424	-1	-1	0.0	1355	1355	1182	1182	1173	1173	2580	2554	2090	2065	2054	2029	664	607	496	464	492	460
991	5833	1375	9	289	4160	1223	53	1173	4072	3341	4898	4078	1339	1057	8	2	45666	34218	-1	-1	0.0	1355	1355	1182	1182	1173	1173	2580	2554	2090	2065	2054	2029	691	579	471	417	466	412
992	5833	1375	9	289	4160	1223	53	1173	3007	2637	4085	3502	1043	886	4	1	45666	34325	-1	-1	0.0	1355	1355	1182	1182	1173	1173	2580	2554	2090	2065	2054	2029	533	452	389	330	389	330
993	5833	1375	9	289	4160	1223	53	1173	2653	2395	3185	2840	901	791	24	5	45666	33961	-1	-1	0.0	1355	1355	1182	1182	1173	1173	2580	2554	2090	2065	2054	2029	491	450	320	307	318	305
994	5833	1375	9	289	4160	1223	53	1173	3125	2883	3759	3364	1035	921	0	0	45666	34572	-1	-1	0.0	1355	1355	1182	1182	1173	1173	2580	2554	2090	2065	2054	2029	542	508	342	327	342	327
995	5833	1375	9	289	4160	1223	53	1173	2544	2367	3205	2874	868	749	0	0	45666	34622	-1	-1	0.0	1355	1355	1182	1182	1173	1173	2580	2554	2090	2065	2054	2029	433	399	272	257	272	257
996	5833	1375	9	289	4160	1223	53	1173	3415	3180	3985	3591	1090	939	0	0	45666	34487	-1	-1	0.0	1355	1355	1182	1182	1173	1173	2580	2554	2090	2065	2054	2029	551	526	375	354	373	354
997	5833	1375	9	289	4160	1223	53	1173	3369	3117	3933	3552	1114	938	0	0	45666	34622	-1	-1	0.0	1355	1355	1182	1182	1173	1173	2580	2554	2090	2065	2054	2029	594	545	397	371	397	371
998	5833	1375	9	289	4160	1223	53	1173	2804	2653	3388	3098	906	828	0	0	45666	34621	-1	-1	0.0	1355	1355	1182	1182	1173	1173	2580	2554	2090	2065	2054	2029	493	449	310	289	310	289
999	5833	1375	9	289	4160	1223	53	1173	3142	2822	3978	3504	1121	920	0	0	45666	34622	-1	-1	0.0	1355	1355	1182	1182	1173	1173	2580	2554	2090	2065	2054	2029	563	510	376	349	376	349
