name,type,in_this_network,ffl_count_used,T_topology,paper_score,score,paper_rank_overall,rank_overall,rank_change_overall,paper_rank_class,rank_class,rank_change_class,E_evidence,D_expression,R_replication,M_multiomic,C_clinical,F_functional
hsa-miR-21,miRNA,yes,13,0.928896473265074,0.867488461692738,0.865611328586936,1,1,0,1,1,0,0.787435456110155,0.949565217391304,,0.870855148342059,0.791304347826087,
E2F1,TF,yes,63,0.982081911262799,0.825401598206921,0.825401598206921,2,2,0,1,1,0,0.918244406196213,0.949565217391304,1,0.40037211717364,0.627826086956522,0.899721448467967
hsa-miR-195,miRNA,yes,16,0.793515358361775,0.823539884776154,0.82530325223918,3,3,0,2,2,0,0.666092943201377,0.865217391304348,,0.986038394415358,0.815652173913044,
EZH2,TF,yes,12,0.918088737201365,0.819704187971799,0.815722390474643,4,4,0,2,2,0,0.913080895008606,0.953913043478261,1,0.57616940703478,0.744347826086957,0.604456824512535
CCND2,Gene,yes,136,0.880546075085324,0.810489838467959,0.81057109964137,5,5,0,1,1,0,0.826161790017212,0.808695652173913,1,0.543644440598272,0.954782608695652,0.66016713091922
COL1A1,Gene,yes,11,0.782707622298066,0.804376051433639,0.805716860794926,6,6,0,2,2,0,0.881239242685026,0.90695652173913,1,0.832336147864908,0.657391304347826,0.579387186629527
hsa-miR-204,miRNA,yes,1,0.557167235494881,0.790401871409796,0.792335887336986,7,7,0,3,3,0,0.722030981067126,0.9,,0.963350785340314,0.819130434782609,
STAT5A,Gene,no,0,0.344994311717861,0.789323577267212,0.789851774894386,9,8,1,3,3,0,0.700516351118761,0.869565217391305,1,0.832086858917116,0.890434782608696,0.891364902506964
hsa-miR-383,miRNA,yes,3,0.488054607508532,0.789883421664551,0.783967608240206,8,9,-1,4,4,0,0.767641996557659,0.878260869565217,,0.94066317626527,0.845217391304348,
MYBL2,Gene,yes,3,0.49032992036405,0.780355536250387,0.781940129131908,10,10,0,4,4,0,0.779690189328744,0.975652173913043,1,0.531268194012566,0.749565217391304,0.947075208913649
GATA3,TF,yes,3,0.64448236632537,0.780258747104671,0.781843339986192,11,11,0,3,3,0,0.700516351118761,0.669565217391304,1,0.758574397229711,0.758260869565218,0.94150417827298
hsa-miR-124,miRNA,yes,18,0.931456200227531,0.774848018414286,0.77473425277151,12,12,0,5,5,0,0.860585197934596,0.118260869565217,,0.968586387434555,0.994782608695652,
hsa-miR-429,miRNA,yes,24,0.912400455062571,0.770917666621444,0.770917666621444,14,13,1,7,6,1,0.757314974182444,0.911304347826087,,0.650959860383944,0.622608695652174,
PDGFRB,Gene,yes,3,0.568828213879408,0.763311185892041,0.764895778773563,18,14,4,6,5,1,0.957831325301205,0.359130434782609,1,0.907739288157784,0.850434782608696,0.710306406685237
FN1,Gene,yes,38,0.876279863481229,0.763978162723125,0.764546990937005,16,15,1,5,6,-1,0.864888123924269,0.94695652173913,1,0.653802525997424,0.853913043478261,0.155988857938719
MET,Gene,yes,22,0.852673492605233,0.763191942553819,0.764288968394872,19,16,3,7,7,0,0.957831325301205,0.910434782608696,1,0.579995131742977,0.67304347826087,0.376044568245125
hsa-miR-155,miRNA,yes,6,0.863196814562002,0.771305501076448,0.76379696865324,13,17,-4,6,7,-1,0.974182444061962,0.585217391304348,,0.961605584642234,0.434782608695652,
BRCA1,TF,yes,1,0.637656427758817,0.767448497511985,0.763751114121768,15,18,-3,4,4,0,0.896729776247849,0.560869565217391,1,0.517486224856613,0.780869565217391,0.952646239554318
JUN,TF,yes,40,0.968430034129693,0.763471057339987,0.763674210273515,17,19,-2,5,5,0,0.546471600688468,0.843478260869565,1,0.243122548250618,0.869565217391304,0.874651810584958
EGR2,TF,no,0,0.250568828213879,0.756572164902574,0.757100362529748,20,20,0,6,6,0,1,0.927826086956522,1,0.407760329332068,0.897391304347826,0.816155988857939
CXCL12,Gene,yes,9,0.523321956769056,0.74774577312137,0.749045951895952,21,21,0,8,8,0,0.896729776247849,0.929565217391304,1,0.535690906396214,0.594782608695652,0.763231197771588
MMP14,Gene,yes,18,0.75967007963595,0.747201792311082,0.748380079325547,22,22,0,9,9,0,0.821858864027539,0.652173913043478,1,0.816855482270541,0.923478260869565,0.264623955431755
PLAU,Gene,yes,11,0.552616609783845,0.738391230439058,0.739732039800345,23,23,0,10,10,0,0.957831325301205,0.569565217391304,1,0.705886347150648,0.843478260869565,0.54874651810585
ABCA1,Gene,yes,64,0.928327645051194,0.731710490086741,0.73199490419368,25,24,1,11,11,0,0.793459552495697,0.780869565217391,1,0.481033859433916,0.711304347826087,0.428969359331476
ESR1,TF,yes,13,0.923777019340159,0.731842647610692,0.729242290061529,24,25,-1,7,7,0,0.941480206540447,0.195652173913043,0.47329650092081,0.879449800298779,0.777391304347826,0.913649025069638
hsa-miR-141,miRNA,yes,8,0.853526734926052,0.729807063623092,0.728100578981453,26,26,0,8,8,0,0.671256454388985,0.915217391304348,,0.894415357766143,0.306086956521739,
SREBF1,TF,no,0,0.459328782707622,0.726745579475784,0.727273777102958,28,27,1,8,8,0,0.803786574870912,0.606086956521739,1,0.472928852518819,0.829565217391304,0.919220055710306
VIM,Gene,yes,6,0.460466439135381,0.724697308974142,0.726241271268958,29,28,1,12,12,0,0.977624784853701,0.817391304347826,1,0.810936175559723,0.8,0.217270194986072
DNMT1,TF,yes,2,0.718145620022753,0.724399243126725,0.726146358355069,30,29,1,9,9,0,0.972461273666093,0.749565217391304,1,0.643588742324794,0.0382608695652174,0.96100278551532
hsa-miR-34a,miRNA,yes,6,0.848122866894198,0.729424792806183,0.723679627846001,27,30,-3,9,9,0,0.931153184165232,0.0743478260869565,,0.87260034904014,0.892173913043478,
hsa-miR-30a,miRNA,yes,3,0.693401592718999,0.721183316317092,0.723401746351222,33,31,2,12,10,2,0.790877796901893,0.495652173913044,,0.659685863874346,0.977391304347826,
hsa-miR-101,miRNA,yes,8,0.830773606370876,0.724144185163388,0.723177177199793,31,32,-1,10,11,-1,0.716006884681583,0.482608695652174,,0.617801047120419,0.968695652173913,
hsa-miR-200c,miRNA,yes,20,0.943686006825939,0.718457949701908,0.718514832523296,34,33,1,13,12,1,0.779690189328744,0.786956521739131,,0.894415357766143,0.187826086956522,
E2F3,TF,yes,8,0.784129692832765,0.716596283806907,0.717937093168194,36,34,2,10,10,0,0.938898450946644,0.578260869565217,1,0.444755076279747,0.410434782608696,0.86908077994429
hsa-miR-206,miRNA,yes,2,0.626564277588168,0.713451638429994,0.715897599749676,37,35,2,15,13,2,0.896729776247849,0.440869565217391,,0.905759162303665,0.709565217391304,
hsa-miR-205,miRNA,yes,5,0.632536973833902,0.716968065775609,0.712986268278453,35,36,-1,14,14,0,0.877796901893287,0.825217391304348,,0.446771378708552,0.782608695652174,
MYB,TF,yes,2,0.698805460750853,0.710891770894064,0.712638886122408,40,37,3,11,11,0,0.981927710843373,0.622608695652174,0.47329650092081,0.528132732594453,0.803478260869565,0.880222841225627
hsa-miR-9,miRNA,yes,8,0.869738339021616,0.711670233448248,0.711556467805472,38,38,0,16,15,1,0.787435456110155,0.158260869565217,,0.924956369982548,0.817391304347826,
hsa-miR-145,miRNA,yes,16,0.923777019340159,0.711263214143485,0.710637503108217,39,39,0,17,16,1,0.844234079173838,0.930434782608696,,0.738219895287958,0.116521739130435,
ZEB2,TF,yes,1,0.58674630261661,0.70483971696013,0.706221156908123,41,40,1,12,12,0,0.975903614457831,0.846086956521739,1,0.686997248740334,0.0260869565217391,0.821727019498607
FOXM1,TF,yes,3,0.5193401592719,0.702606955947798,0.70419154882932,42,41,1,13,13,0,0.20223752151463,0.983478260869565,1,0.520731551475289,0.798260869565217,0.905292479108635
BCL6,TF,no,0,0.351535836177474,0.702436523748797,0.702964721375971,43,42,1,14,14,0,0.957831325301205,0.813913043478261,1,0.520888128676307,0.549565217391304,0.727019498607242
hsa-miR-100,miRNA,no,0,0.381114903299204,0.723423912851925,0.700670784296749,32,43,-11,11,17,-6,0.618760757314974,0.924347826086957,,1,0.579130434782609,
hsa-miR-143,miRNA,yes,17,0.900455062571104,0.698516240410527,0.699597014016898,44,44,0,18,18,0,0.821858864027539,0.682173913043478,,0.380453752181501,0.71304347826087,
hsa-miR-497,miRNA,yes,7,0.704209328782708,0.694093561098218,0.696027577025408,47,45,2,20,19,1,0.553356282271945,0.815652173913044,,0.989528795811518,0.417391304347826,
HDAC4,TF,yes,5,0.655858930602958,0.693962505175743,0.69558772864397,48,46,2,16,15,1,0.585197934595525,0.742608695652174,1,0.41524386483577,0.857391304347826,0.612813370473538
FOS,TF,yes,18,0.926052332195677,0.698437783436227,0.695512381193419,45,47,-2,15,16,-1,0.922547332185886,0.938260869565218,0.47329650092081,0.230088831742365,0.801739130434783,0.576601671309192
hsa-miR-1,miRNA,yes,10,0.821956769055745,0.694185037378729,0.695208928163712,46,48,-2,19,20,-1,0.856282271944923,0.749565217391304,,0.869109947643979,0.179130434782609,
NT5E,Gene,yes,4,0.424345847554039,0.693045460871812,0.694548792579922,49,49,0,13,13,0,0.657487091222031,0.786086956521739,1,0.784111794459601,0.808695652173913,0.401114206128134
ESR2,TF,yes,1,0.545506257110353,0.692476673107526,0.693858113055518,50,50,0,17,17,0,0.746987951807229,0.902608695652174,1,0.362763763287324,0.956521739130435,0.342618384401114
hsa-miR-150,miRNA,yes,8,0.772468714448237,0.691016005438683,0.691755482116726,51,51,0,21,21,0,0.761617900172117,0.465217391304348,,0.598603839441536,0.860869565217391,
hsa-let-7b,miRNA,yes,8,0.724687144482366,0.68469796506554,0.686575098171342,55,52,3,22,22,0,0.746987951807229,0.498260869565217,,0.595113438045375,0.867826086956522,
BCL2L1,Gene,yes,9,0.76905574516496,0.684899837902177,0.686200016676758,54,53,1,14,14,0,0.856282271944923,0.473913043478261,0.47329650092081,0.278516355640124,0.963478260869565,0.988857938718663
hsa-miR-300,miRNA,yes,2,0.689988623435722,0.681849032619895,0.685925634819364,58,54,4,23,23,0,0.594664371772806,,,0.773123909249564,,
HDAC1,TF,yes,10,0.801763367463026,0.685705683068753,0.684242981947349,53,55,-2,19,18,1,0.618760757314974,0.516521739130435,1,0.436513553988478,0.613913043478261,0.802228412256267
SMAD3,TF,yes,44,0.959613196814562,0.68311567878432,0.68340009289126,56,56,0,20,19,1,0.913080895008606,0.545217391304348,1,0.666012698660292,0.318260869565217,0.381615598885794
hsa-miR-106b,miRNA,yes,16,0.813993174061434,0.681631253322355,0.683394620785381,59,57,2,24,24,0,0.85025817555938,0.476521739130435,,0.907504363001745,0.368695652173913,
MYC,TF,yes,69,0.993174061433447,0.682297888014153,0.682216626840741,57,58,-1,21,20,1,0.943201376936317,0.72695652173913,0.47329650092081,0.254540100768528,0.384347826086957,1
hsa-miR-27a,miRNA,yes,35,0.956769055745165,0.681279768187744,0.68110911972358,60,59,1,25,25,0,0.836488812392427,0.379130434782609,,0.782722513089005,0.450434782608696,
hsa-miR-223,miRNA,yes,3,0.671501706484642,0.680307767952043,0.679511408452612,61,60,1,26,26,0,0.803786574870912,0.366086956521739,,0.902268760907504,0.653913043478261,
hsa-miR-93,miRNA,yes,15,0.802901023890785,0.675115199713641,0.676992332819443,67,61,6,31,27,4,0.769363166953528,0.644347826086957,,0.900523560209424,0.267826086956522,
hsa-miR-224,miRNA,yes,7,0.633390216154721,0.676362190920406,0.676589722205958,64,62,2,28,28,0,0.494836488812392,0.710434782608696,,0.982547993019197,0.561739130434783,
hsa-miR-130a,miRNA,yes,34,0.900455062571104,0.676284170057986,0.676113521593822,65,63,2,29,29,0,0.605851979345955,0.530434782608696,,0.849912739965096,0.493913043478261,
hsa-miR-142,miRNA,yes,11,0.861774744027304,0.675379552953268,0.675948381167147,66,64,2,30,30,0,0.546471600688468,0.745217391304348,,0.554973821989529,0.671304347826087,
hsa-miR-200a,miRNA,yes,11,0.901877133105802,0.676993634695565,0.675173384411151,63,65,-2,27,31,-4,0.714285714285714,0.872173913043478,,0.664921465968586,0.222608695652174,
HOXA10,TF,yes,1,0.673777019340159,0.678117099533657,0.674419716143441,62,66,-4,22,21,1,0.803786574870912,0.837391304347826,1,0.478358069029178,0.28695652173913,0.64066852367688
KLF4,TF,yes,7,0.8467007963595,0.673371530571907,0.672721441184617,69,67,2,23,22,1,0.729776247848537,0.955652173913044,1,0.298330583142049,0.229565217391304,0.649025069637883
COL3A1,Gene,no,0,0.416382252559727,0.670568284166704,0.671096481793877,70,68,2,15,15,0,0.991394148020654,0.684347826086957,1,0.918066587333427,0.514782608695652,0.172701949860724
hsa-miR-137,miRNA,yes,4,0.747724687144482,0.674040495603018,0.671025706069457,68,69,-1,32,32,0,0.685025817555938,0.199130434782609,,0.933682373472949,0.789565217391304,
ETS1,TF,yes,12,0.85580204778157,0.667539865122242,0.66867752155,72,70,2,25,23,2,0.844234079173838,0.673913043478261,1,0.53210049264838,0.693913043478261,0.0807799442896936
CYFIP2,Gene,yes,1,0.232650739476678,0.66673855494233,0.668119994890322,73,71,2,16,16,0,0.20223752151463,0.565217391304348,1,0.782540294739071,0.958260869565217,0.935933147632312
FOSB,Gene,yes,1,0.632252559726963,0.666711344431954,0.668092784379947,74,72,2,17,17,0,0.433734939759036,0.972173913043478,1,0.300311985118162,0.586086956521739,0.752089136490251
ID4,Gene,yes,6,0.685437997724687,0.665246769925719,0.666790732220535,76,73,3,19,18,1,0.444061962134251,0.935652173913043,1,0.532459290669667,0.39304347826087,0.676880222841226
hsa-miR-16,miRNA,yes,25,0.860921501706485,0.664565800147082,0.666044753503169,78,74,4,34,33,1,0.726333907056799,0.65304347826087,,0.853403141361257,0.236521739130435,
hsa-miR-19a,miRNA,yes,36,0.936860068259386,0.664945295797493,0.665684772475536,77,75,2,33,34,-1,0.645438898450947,0.526086956521739,,0.760907504363002,0.459130434782609,
TYMS,Gene,yes,2,0.309726962457338,0.666481027593567,0.664977695885457,75,76,-1,18,19,-1,0.896729776247849,0.911304347826087,1,0.355535007023716,0.198260869565217,0.983286908077995
hsa-miR-193a,miRNA,yes,2,0.507394766780432,0.660399071358082,0.662845032677763,82,77,5,36,35,1,0.832185886402754,0.337391304347826,,0.710296684118674,0.926956521739131,
hsa-miR-449a,miRNA,yes,2,0.429749715585893,0.660169845277432,0.662615806597114,84,78,6,37,36,1,0.675559380378657,0.58,,0.733856893542757,0.893913043478261,
PPARG,TF,yes,2,0.687713310580205,0.667986881841315,0.662461122049343,71,79,-8,24,24,0,0.20223752151463,0.981739130434783,1,0.636493444680023,0.794782608695652,0.334261838440111
JUND,TF,yes,1,0.341581342434585,0.660286272202479,0.661667712150472,83,80,3,27,25,2,1,0.471304347826087,1,0.0787858726053942,0.904347826086956,0.835654596100279
VEGFA,Gene,yes,177,0.687428896473265,0.661094305272317,0.661175566445729,80,81,-1,20,20,0,0.989672977624785,0.425217391304348,1,0.469734333361883,0.554782608695652,0.501392757660167
hsa-miR-23a,miRNA,yes,26,0.914391353811149,0.660716766259526,0.659977289581483,81,82,-1,35,37,-2,0.609294320137694,0.297826086956522,,0.782722513089005,0.695652173913044,
RUNX2,TF,yes,1,0.573378839590444,0.663562133146255,0.659864749756039,79,83,-4,26,26,0,0.927710843373494,0.651304347826087,1,0.417827922843171,0.252173913043478,0.796657381615599
NR1H3,TF,yes,3,0.491183162684869,0.657609789963689,0.659194382845211,87,84,3,29,27,2,0.896729776247849,0.66,1,0.414247183880692,0.96,0.192200557103064
hsa-miR-196a,miRNA,yes,2,0.429749715585893,0.655466865428538,0.65791282674822,88,85,3,39,38,1,0.746987951807229,0.738260869565217,,0.68760907504363,0.686956521739131,
STAT1,TF,yes,5,0.766496018202503,0.659341098332474,0.657715874864247,85,86,-1,28,28,0,0.657487091222031,0.583478260869565,1,0.655815831023404,0.737391304347826,0.203342618384401
hsa-miR-183,miRNA,yes,13,0.877986348122867,0.654262953689366,0.655855672688228,89,87,2,40,39,1,0.451807228915663,0.901739130434783,,0.226876090750436,0.820869565217391,
F3,Gene,yes,33,0.713594994311718,0.652901699946256,0.65342989757343,92,88,4,21,21,0,0.20223752151463,0.915652173913043,1,0.377423466957551,0.476521739130435,0.88857938718663
IRF1,TF,no,0,0.649032992036405,0.687903030992276,0.652798204078575,52,89,-37,18,29,-11,0.629948364888124,0.426956521739131,1,0.52620495741937,0.95304347826087,0.384401114206128
hsa-miR-182,miRNA,yes,20,0.912684869169511,0.650961131221966,0.651871256364173,93,90,3,41,40,1,0.647160068846816,0.927826086956522,,0.359511343804538,0.412173913043478,
HMGA1,TF,no,0,0.444254835039818,0.650907084265988,0.651435281893162,94,91,3,32,30,2,0.746987951807229,0.806086956521739,1,0.264308606896792,0.323478260869565,0.974930362116992
KLF5,TF,yes,4,0.727815699658703,0.652939803876119,0.650786382780718,91,92,-1,31,31,0,0.668674698795181,0.695652173913044,0.47329650092081,0.297639785661363,0.784347826086957,0.908077994428969
hsa-miR-130b,miRNA,yes,2,0.57707622298066,0.647552930472957,0.649998891792638,99,93,6,43,41,2,0.73407917383821,0.708695652173913,,0.416230366492147,0.813913043478261,
HOXA9,TF,no,0,0.357224118316269,0.649448003802246,0.64997620142942,95,94,1,33,32,1,0.957831325301205,0.931304347826087,1,0.536822292414867,0.0591304347826087,0.707520891364903
LEF1,TF,yes,6,0.709897610921502,0.653082521281737,0.649913335518695,90,95,-5,30,33,-3,0.20223752151463,0.872173913043478,1,0.528654607135754,0.991304347826087,0.245125348189415
SERPINE1,Gene,yes,53,0.631399317406143,0.647626254189252,0.648195082403132,98,96,2,22,22,0,0.85197934595525,0.571304347826087,1,0.460432353693059,0.699130434782609,0.323119777158774
hsa-miR-148a,miRNA,yes,10,0.808304891922639,0.645946305010012,0.647823438115814,104,97,7,45,42,3,0.882960413080895,0.315652173913044,,0.757417102966841,0.474782608695652,
hsa-miR-181b,miRNA,yes,14,0.839021615472128,0.649201211439601,0.647779140904902,96,98,-2,42,43,-1,0.562822719449225,0.808695652173913,,0.402268760907504,0.626086956521739,
IRF9,Gene,no,0,0.410693970420933,0.647017654319624,0.647545851946798,100,99,1,23,23,0,0.618760757314974,0.668695652173913,1,0.471332809707834,0.831304347826087,0.532033426183844
IRAK2,Gene,no,0,0.347269624573379,0.646279577738282,0.646807775365456,101,100,1,24,24,0,0.896729776247849,0.641739130434783,1,0.493653815643345,0.730434782608696,0.417827298050139
hsa-miR-655,miRNA,yes,4,0.738623435722412,0.644639565527001,0.646744229918355,106,101,5,46,44,2,0.433734939759036,0.597391304347826,,0.891797556719023,0.572173913043478,
BACE1,Gene,yes,32,0.628270762229807,0.64547548079976,0.64612557018705,105,102,3,25,25,0,0.779690189328744,0.64,1,0.130904475502286,0.664347826086957,0.67966573816156
hsa-miR-199a,miRNA,yes,24,0.877986348122867,0.64622172478415,0.64593731067721,102,103,-1,44,45,-1,0.779690189328744,0.215652173913043,,0.952879581151833,0.403478260869565,
CEBPA,TF,yes,9,0.900739476678043,0.648800923928629,0.643478317070186,97,104,-7,34,34,0,0.629948364888124,0.850434782608696,1,0.370148206434278,0.0539130434782609,0.6991643454039
EDN1,Gene,yes,13,0.590159271899886,0.642675562680384,0.643325652067675,107,105,2,26,26,0,0.927710843373494,0.849565217391304,1,0.0961591161495969,0.674782608695652,0.364902506963788
TWIST1,TF,yes,21,0.959897610921502,0.646057050781452,0.643091017951938,103,106,-3,35,35,0,0.815834767641997,0.755652173913044,1,0.520084231174188,0.372173913043478,0.0779944289693593
hsa-miR-452,miRNA,yes,2,0.412969283276451,0.638258231774206,0.640704193093887,109,107,2,47,46,1,0.562822719449225,0.786086956521739,,0.972076788830716,0.469565217391304,
TFAP2A,TF,yes,14,0.725824800910125,0.638316037907574,0.639616216682156,108,108,0,36,36,0,0.20223752151463,0.776521739130435,1,0.533935704462967,0.394782608695652,0.844011142061281
hsa-miR-106a,miRNA,yes,25,0.853526734926052,0.636010475486781,0.637489428842868,113,109,4,49,47,2,0.675559380378657,0.562608695652174,,0.528795811518325,0.56695652173913,
MMP2,Gene,yes,46,0.905574516496018,0.63721872676022,0.637462510280454,111,110,1,27,27,0,0.984509466437177,0.259130434782609,1,0.796961630691601,0.290434782608696,0.225626740947075
hsa-miR-24,miRNA,yes,18,0.895904436860068,0.63792291055516,0.637297199519893,110,111,-1,48,48,0,0.736660929432014,0.0278260869565217,,0.7521815008726,0.773913043478261,
GJA1,Gene,yes,13,0.743458475540387,0.634945733708193,0.636083390135952,114,112,2,28,28,0,0.838209982788296,0.141739130434783,0.47329650092081,0.643274578896064,0.866086956521739,0.746518105849582
CAV1,Gene,yes,1,0.430602957906712,0.634538465774867,0.63591990572286,115,113,2,29,29,0,1,0.987826086956522,1,0.533070849877662,0.391304347826087,0.108635097493036
HMGCS1,Gene,yes,1,0.60580204778157,0.63443860184824,0.635820041796232,116,114,2,30,30,0,0.20223752151463,0.36,1,0.648271753918095,0.64,0.994428969359331
SOX2,TF,yes,9,0.906712172923777,0.636370498618631,0.634664013976992,112,115,-3,37,37,0,0.685025817555938,0.449565217391304,1,0.639378073933048,0.210434782608696,0.551532033426184
TP63,TF,no,0,0.585608646188851,0.633789601873199,0.634317799500373,117,116,1,38,38,0,0.494836488812392,0.911304347826087,0.47329650092081,0.529127989041258,0.980869565217391,0.465181058495822
hsa-miR-26a,miRNA,yes,10,0.825085324232082,0.63343244605093,0.633716860157869,118,117,1,50,49,1,0.819277108433735,0.304347826086957,,0.713787085514834,0.506086956521739,
ITGB1,Gene,no,0,0.306598407281001,0.631159934747301,0.631688132374474,120,118,2,31,31,0,0.987951807228916,0.626086956521739,0.47329650092081,0.436782370570514,0.786086956521739,0.805013927576602
hsa-miR-29b,miRNA,yes,48,0.965870307167235,0.631680033213379,0.631566267570603,119,119,0,51,50,1,0.934595524956971,0.221739130434783,,0.242582897033159,0.79304347826087,
hsa-miR-767,miRNA,no,0,0.144766780432309,0.630111140202106,0.630850616880149,122,120,2,53,51,2,1,0.383478260869565,,0.977312390924956,0.648695652173913,
hsa-miR-15a,miRNA,yes,16,0.833617747440273,0.628798905263728,0.630562272726754,127,121,6,56,52,4,0.839931153184165,0.71304347826087,,0.287958115183246,0.478260869565217,
hsa-miR-340,miRNA,yes,6,0.658703071672355,0.630415081522861,0.630528847165636,121,122,-1,52,53,-1,0.463855421686747,0.66,,0.399650959860384,0.970434782608696,
FOXD3,TF,no,0,0.311717861205916,0.629558297573156,0.63008649520033,124,123,1,39,39,0,0.20223752151463,0.668695652173913,1,0.756039692498522,0.886956521739131,0.584958217270195
hsa-miR-17,miRNA,yes,53,0.946530147895336,0.629644972328507,0.629701855149895,123,124,-1,54,54,0,0.824440619621343,0.442608695652174,,0.792321116928447,0.142608695652174,
NGF,Gene,no,0,0.281001137656428,0.628922745011477,0.629450942638651,126,125,1,32,32,0,0.585197934595525,0.588695652173913,1,0.347056957004601,0.907826086956522,0.696378830083566
hsa-miR-29a,miRNA,yes,29,0.933162684869169,0.629290587809028,0.629404353451804,125,126,-1,55,55,0,0.869191049913941,0.273913043478261,,0.342059336823735,0.728695652173913,
MEIS1,TF,no,0,0.227815699658703,0.627705215546085,0.628233413173258,128,127,1,40,40,0,0.957831325301205,0.76695652173913,1,0.307571219923363,0.739130434782609,0.398328690807799
SPP1,Gene,yes,1,0.295221843003413,0.625271818020211,0.626653257968204,130,128,2,33,33,0,0.803786574870912,0.820869565217391,1,0.632517760798826,0.747826086956522,0.0863509749303621
ADRB2,Gene,yes,1,0.342150170648464,0.624109096305108,0.625490536253101,131,129,2,34,34,0,0.482788296041308,0.977391304347826,1,0.436934792955735,0.768695652173913,0.370473537604457
hsa-miR-129,miRNA,yes,1,0.609783845278726,0.627344377607098,0.622168040860796,129,130,-1,57,56,1,0.594664371772806,0.595652173913044,,0.837696335078534,0.47304347826087,
hsa-miR-125b,miRNA,no,0,0.602673492605233,0.658895182122178,0.621409402827525,86,131,-45,38,57,-19,0.6815834767642,0.879565217391304,,0.677137870855148,0.266086956521739,
SRF,TF,yes,5,0.691126279863481,0.622609317144641,0.620984093676414,133,132,1,42,41,1,0.657487091222031,0.52695652173913,0.47329650092081,0.213732568396132,0.84,0.944289693593315
BDNF,Gene,yes,1,0.651023890784983,0.619576544568611,0.620957984516604,136,133,3,35,35,0,0.896729776247849,0.722608695652174,0.243093922651934,0.52855782960495,0.641739130434783,0.662952646239554
MEN1,TF,no,0,0.307167235494881,0.620101727211798,0.620629924838972,134,134,0,43,42,1,0.746987951807229,0.68,1,0.438506678480589,0.24695652173913,0.924791086350975
ILF3,TF,no,0,0.155858930602958,0.619978956539732,0.620507154166906,135,135,0,44,43,1,1,0.498260869565217,1,0.378494103633808,0.330434782608696,0.98050139275766
hsa-miR-15b,miRNA,yes,8,0.771899886234357,0.618534106258251,0.620411239364053,137,136,1,58,58,0,0.598967297762479,0.734782608695652,,0.966841186736475,0.0295652173913043,
MYCN,TF,yes,17,0.949374288964733,0.61780786114822,0.618986148162685,138,137,1,45,44,1,0.657487091222031,0.394782608695652,0.47329650092081,0.323749152640157,0.91304347826087,0.62116991643454
hsa-miR-18a,miRNA,yes,14,0.867747440273038,0.61625754532557,0.616997022003613,141,138,3,60,59,1,0.685025817555938,0.482608695652174,,0.760907504363002,0.288695652173913,
MYH11,Gene,no,0,0.292662116040956,0.615944499095746,0.616472696722919,142,139,3,36,36,0,0.20223752151463,0.978260869565217,1,0.832634018480265,0.558260869565217,0.45125348189415
IL11,Gene,yes,3,0.393629124004551,0.614739291010872,0.616323883892394,143,140,3,37,37,0,0.20223752151463,0.75304347826087,1,0.475329208313502,0.88,0.610027855153203
hsa-miR-139,miRNA,yes,1,0.48037542662116,0.612567866631833,0.614501882559023,144,141,3,61,60,1,0.871772805507745,0.984347826086957,,0.603839441535777,0.132173913043478,
hsa-miR-20b,miRNA,yes,14,0.805460750853242,0.611548041492104,0.613368291776518,145,142,3,62,61,1,0.518932874354561,0.584347826086957,,0.453752181500873,0.704347826086957,
STAT6,TF,yes,1,0.449943117178612,0.616960562862444,0.613263179472228,140,143,-3,46,45,1,0.20223752151463,0.533913043478261,1,0.527157923776818,0.805217391304348,0.774373259052925
hsa-miR-221,miRNA,yes,2,0.736348122866894,0.617603013542309,0.611203696136165,139,144,-5,59,62,-3,0.771944922547332,0.202608695652174,,,0.733913043478261,
SOX10,TF,no,0,0.370307167235495,0.610534293135745,0.611062490762918,146,145,1,47,46,1,0.20223752151463,0.888695652173913,0.47329650092081,0.50123412867785,0.911304347826087,0.930362116991643
NGFR,Gene,yes,5,0.472696245733788,0.609109636718654,0.610734860186881,147,146,1,38,38,0,0.525817555938038,0.899130434782609,0.243093922651934,0.380165823446801,0.940869565217391,0.813370473537604
CDH11,Gene,yes,5,0.660978384527873,0.607019706525225,0.608644929993452,151,147,4,39,39,0,0.501721170395869,0.652173913043478,1,0.531439758227708,0.471304347826087,0.442896935933148
EGR1,TF,yes,53,0.983503981797497,0.607630228361661,0.608077164815423,150,148,2,50,47,3,0.518932874354561,0.958260869565217,0.47329650092081,0.238854513723624,0.546086956521739,0.537604456824513
EPAS1,TF,yes,30,0.932025028441411,0.609062143443819,0.607193136455359,148,149,-1,48,48,0,0.440619621342513,0.929565217391304,1,0.423932326597724,0.156521739130435,0.367688022284123
NR4A1,Gene,yes,1,0.40386803185438,0.605607690670057,0.60698913061805,154,150,4,40,40,0,0.957831325301205,0.86695652173913,0.47329650092081,0.319818815605654,0.539130434782609,0.688022284122563
hsa-miR-148b,miRNA,yes,2,0.49032992036405,0.603991714064568,0.606437675384249,156,151,5,64,63,1,0.444061962134251,0.748695652173913,,0.366492146596859,0.982608695652174,
ITGA5,Gene,yes,4,0.513367463026166,0.603888502373694,0.605391834081804,157,152,5,42,41,1,0.938898450946644,0.16,0.47329650092081,0.503746367726483,0.899130434782609,0.749303621169917
NOTCH1,Gene,yes,5,0.661831626848692,0.603580554739205,0.605205778207432,161,153,8,44,42,2,0.97934595524957,0.516521739130435,0.47329650092081,0.490768592845205,0.883478260869565,0.231197771587744
FGL2,Gene,yes,1,0.306313993174061,0.60375606418311,0.605137504131103,158,154,4,43,43,0,0.20223752151463,0.805217391304348,1,0.501154504600835,0.925217391304348,0.495821727019499
CELSR3,Gene,no,0,0.314562002275313,0.604343449688705,0.604871647315879,155,155,0,41,44,-3,0.429432013769363,0.824347826086957,1,0.698415617382776,0.262608695652174,0.704735376044568
hsa-miR-151a,miRNA,no,0,0.156427758816837,0.60343590523883,0.604360251086384,162,156,6,65,64,1,0.986230636833047,0.403478260869565,,,0.871304347826087,
CEBPD,TF,no,0,0.29835039817975,0.603670730083833,0.604198927711006,160,157,3,53,49,4,0.957831325301205,0.552173913043478,0.47329650092081,0.171274327707772,0.996521739130435,0.779944289693593
hsa-miR-31,miRNA,yes,2,0.676336746302617,0.606738963783398,0.604108133294205,153,158,-5,63,65,-2,0.657487091222031,0.176521739130435,,,0.906086956521739,
hsa-miR-133a,miRNA,no,0,0.387372013651877,0.60306113191967,0.603800608597713,163,159,4,66,66,0,0.679862306368331,0.686956521739131,,0.633507853403141,0.631304347826087,
CTNNB1,TF,yes,7,0.802616609783845,0.601088002455651,0.602469442403643,164,160,4,54,50,4,0.832185886402754,0.409565217391304,0.47329650092081,0.244880450814133,0.660869565217391,0.793871866295265
SNAI2,TF,yes,1,0.748577929465301,0.62333283070296,0.600864116254723,132,161,-29,41,51,-10,0.700516351118761,0.686956521739131,0.47329650092081,0.491036014596224,0.509565217391304,0.596100278551532
hsa-miR-29c,miRNA,yes,49,0.897326507394767,0.600354021013464,0.60046778665624,165,162,3,67,67,0,0.874354561101549,0.00695652173913044,,0.31413612565445,0.909565217391304,
hsa-miR-99b,miRNA,no,0,0.257110352673493,0.598964166310824,0.599703642988868,167,163,4,68,68,0,0.746987951807229,0.42,,0.645724258289703,0.928695652173913,
HDAC2,TF,yes,7,0.790955631399318,0.603730826017799,0.598814525026413,159,164,-5,52,52,0,0.20223752151463,0.365217391304348,1,0.308097961534597,0.881739130434783,0.643454038997215
hsa-miR-493,miRNA,yes,1,0.500853242320819,0.595773937165066,0.597707953092256,168,165,3,69,69,0,0.458691910499139,0.655652173913043,,0.835951134380454,0.537391304347826,
TGFBR2,Gene,yes,35,0.669510807736064,0.595245624253447,0.595814452467327,169,166,3,45,45,0,0.924268502581756,0.959130434782609,1,0.304205373969331,0.12695652173913,0.186629526462396
SPI1,TF,yes,3,0.78811149032992,0.593962510380651,0.595547103262172,170,167,3,56,53,3,0.598967297762479,0.465217391304348,0.47329650092081,0.465443655088798,0.659130434782609,0.71866295264624
hsa-miR-381,miRNA,yes,2,0.704493742889647,0.592360114136572,0.594806075456253,172,168,4,71,70,1,0.501721170395869,0.780869565217391,,0.74694589877836,0.24,
hsa-miR-543,miRNA,no,0,0.46188850967008,0.592743653113545,0.593483129791588,171,169,2,70,71,-1,0.469879518072289,0.48,,0.74869109947644,0.80695652173913,
SCARB1,Gene,yes,1,0.381968145620023,0.591635566327562,0.593017006275554,173,170,3,46,46,0,0.918244406196213,0.396521739130435,0.47329650092081,0.482543986589679,0.72695652173913,0.771587743732591
FOXO1,TF,no,0,0.407281001137656,0.591157735673068,0.591685933300242,174,171,3,57,54,3,0.20223752151463,0.934782608695652,1,0.354254670858757,0.466086956521739,0.777158774373259
hsa-miR-152,miRNA,yes,2,0.560580204778157,0.588592393195087,0.591038354514769,178,172,6,74,72,2,0.648881239242685,0.162608695652174,,0.647469458987784,0.935652173913043,
TCF7L2,TF,no,0,0.343003412969283,0.606771128819411,0.590518894137142,152,173,-21,51,55,-4,0.20223752151463,0.805217391304348,1,0.423682592491096,0.84695652173913,0.512534818941504
TCF4,TF,no,0,0.461035267349261,0.58982945640194,0.590357654029114,175,174,1,58,56,2,0.700516351118761,0.704347826086957,1,0.800391223390853,0.0121739130434783,0.454038997214485
hsa-miR-210,miRNA,no,0,0.353526734926052,0.589237452816189,0.589976929494233,176,175,1,72,73,-1,0.844234079173838,0.770434782608696,,0.235602094240838,0.746086956521739,
hsa-miR-125a,miRNA,no,0,0.43230944254835,0.588855382072318,0.589594858750361,177,176,1,73,74,-1,0.675559380378657,0.428260869565217,,0.655322862129145,0.756521739130435,
MME,Gene,yes,2,0.387372013651877,0.585831310466078,0.587578425694422,179,177,2,47,47,0,0.20223752151463,0.98695652173913,1,0.840733861552872,0.269565217391304,0.426183844011142
UGCG,Gene,yes,7,0.556313993174062,0.585418490594409,0.586799930542402,180,178,2,48,48,0,0.20223752151463,0.198260869565217,1,0.466465947515536,0.876521739130435,0.807799442896936
hsa-miR-185,miRNA,yes,1,0.441126279863481,0.584197311601739,0.586131327528929,182,179,3,75,75,0,0.864888123924269,0.539130434782609,,0.584642233856894,0.500869565217391,
NRP1,Gene,yes,5,0.662116040955631,0.583842199959806,0.585467423428033,185,180,5,50,49,1,0.761617900172117,0.767826086956522,0.47329650092081,0.625901810187953,0.60695652173913,0.200557103064067
DNAJB4,Gene,yes,1,0.432025028441411,0.583997622256718,0.585379062204711,183,181,2,49,50,-1,0.20223752151463,0.895652173913044,1,0.39773992265751,0.587826086956522,0.582172701949861
hsa-miR-202,miRNA,no,0,0.290671217292378,0.58393342663921,0.584672903317253,184,182,2,76,76,0,0.700516351118761,0.48695652173913,,0.50087260034904,0.944347826086956,
hsa-miR-411,miRNA,no,0,0.330204778156997,0.583752186861245,0.584491663539289,186,183,3,77,77,0,0.536144578313253,0.639130434782609,,0.881326352530541,0.535652173913043,
DAB2,Gene,no,0,0.282138794084187,0.583389634097245,0.583917831724419,187,184,3,51,51,0,0.572289156626506,0.737391304347826,1,0.807738302872895,0.481739130434783,0.206128133704735
hsa-miR-503,miRNA,yes,9,0.725255972696246,0.582203477697411,0.583170485661006,189,185,4,79,78,1,0.458691910499139,0.508260869565218,,0.797556719022688,0.426086956521739,
hsa-miR-200b,miRNA,yes,35,0.963310580204778,0.582972882846522,0.582802234382358,188,186,2,78,79,-1,0.814113597246127,0.686956521739131,,0.268760907504363,0.180869565217391,
CEBPB,TF,yes,10,0.889931740614335,0.584666021456253,0.58235007801403,181,187,-6,59,57,2,0.546471600688468,0.326086956521739,0.47329650092081,0.317684457053717,0.667826086956522,0.855153203342618
RUNX1,TF,yes,14,0.882536973833902,0.579175212214171,0.580475390988753,193,188,5,60,58,2,0.920826161790017,0.198260869565217,0.138121546961326,0.640801513824942,0.951304347826087,0.331476323119777
PTN,Gene,no,0,0.195676905574517,0.579689966787238,0.580218164414411,192,189,3,52,52,0,0.20223752151463,0.927826086956522,1,0.630411803380584,0.787826086956522,0.317548746518106
hsa-miR-296,miRNA,yes,1,0.304607508532423,0.578147562723278,0.580081578650468,196,190,6,83,80,3,0.803786574870912,0.455217391304348,,0.828970331588133,0.507826086956522,
hsa-miR-181a,miRNA,yes,13,0.864334470989761,0.581905891478732,0.579801227087378,190,191,-1,80,81,-1,0.728055077452668,0.372173913043478,,0.402268760907504,0.532173913043478,
hsa-miR-22,miRNA,yes,2,0.675767918088737,0.581891049972377,0.579786385581023,191,192,-1,81,82,-1,0.790877796901893,0.14,,0.532286212914485,0.76,
KLF10,Gene,no,0,0.415244596131968,0.579005624096447,0.579533821723621,194,193,1,53,53,0,0.41394148020654,0.818260869565217,1,0.270212659498185,0.523478260869565,0.615598885793872
hsa-miR-26b,miRNA,yes,2,0.55745164960182,0.576886193837959,0.579332155157641,197,194,3,84,83,1,0.675559380378657,0.259130434782609,,0.799301919720768,0.605217391304348,
VDR,TF,yes,1,0.59584755403868,0.6001622935758,0.579115649662262,166,195,-29,55,59,-4,0.482788296041308,0.516521739130435,1,0.338661647174348,0.462608695652174,0.657381615598886
ATF3,TF,no,0,0.463879408418658,0.607753477529,0.578946391554679,149,196,-47,49,60,-11,0.981927710843373,0.915652173913043,0.47329650092081,0.31488238992602,0.540869565217391,0.362116991643454
hsa-miR-302a,miRNA,yes,4,0.632536973833902,0.578328665914702,0.57781672052221,195,197,-2,82,84,-2,0.618760757314974,0.0260869565217391,,0.613438045375218,0.998260869565217,
hsa-miR-128,miRNA,yes,5,0.689704209328783,0.575397259417935,0.577672572273453,200,198,2,86,85,1,0.657487091222031,0.376521739130435,,0.336823734729494,0.827826086956522,
hsa-miR-181c,miRNA,yes,12,0.784414106939704,0.574785245068345,0.576377964067207,202,199,3,87,86,1,0.454388984509467,0.40695652173913,,0.387434554973822,0.848695652173913,
hsa-miR-154,miRNA,no,0,0.162116040955631,0.575522288629259,0.576261765307302,199,200,-1,85,87,-2,0.896729776247849,0.52,,0.958115183246073,0.344347826086957,
ANPEP,Gene,no,0,0.204778156996587,0.57572185211613,0.576250049743304,198,201,-3,54,54,0,0.20223752151463,0.786086956521739,1,0.799460841424986,0.570434782608696,0.47075208913649
GAD1,Gene,no,0,0.318828213879408,0.574813092605786,0.575341290232959,201,202,-1,55,55,0,0.20223752151463,0.5,1,0.614970504665888,0.678260869565217,0.713091922005571
PTGER4,Gene,yes,8,0.44226393629124,0.573976393492228,0.575317202853515,204,203,1,56,56,0,0.20223752151463,0.868695652173913,1,0.305424545310314,0.634782608695652,0.573816155988858
hsa-miR-379,miRNA,no,0,0.305460750853242,0.574062979579886,0.574802456257929,203,204,-1,88,88,0,0.562822719449225,0.738260869565217,,0.897033158813264,0.370434782608696,
IL6,Gene,yes,1,0.687428896473265,0.573398505725522,0.574779945673515,205,205,0,57,57,0,0.957831325301205,0.90695652173913,0.47329650092081,0.546009836585753,0.346086956521739,0.105849582172702
SEMA6A,Gene,yes,5,0.49061433447099,0.571545031461471,0.573170254929698,209,206,3,58,58,0,0.525817555938038,0.879130434782609,1,0.579741969913317,0.35304347826087,0.183844011142061
hsa-miR-10b,miRNA,yes,2,0.37542662116041,0.570200406867088,0.57264636818677,213,207,6,92,89,3,0.700516351118761,0.914782608695652,,0.345549738219895,0.52695652173913,
hsa-miR-424,miRNA,yes,26,0.890216154721274,0.570880227026378,0.572074766275525,212,208,4,91,90,1,0.618760757314974,0.0843478260869565,,0.776614310645724,0.490434782608696,
THBS2,Gene,no,0,0.327929465301479,0.571106643156268,0.571634840783442,211,209,2,59,59,0,0.424268502581756,0.486086956521739,1,0.765120932739527,0.878260869565217,0.119777158774373
hsa-miR-96,miRNA,yes,18,0.906996587030717,0.571389842045635,0.571617373331187,210,210,0,90,91,-1,0.572289156626506,0.887826086956522,,0.155322862129145,0.335652173913044,
PAX5,TF,yes,2,0.418373151308305,0.56836942108443,0.570116536312774,216,211,5,63,61,2,0.20223752151463,0.198260869565217,1,0.840162693089871,0.707826086956522,0.623955431754875
SHC1,Gene,no,0,0.285551763367463,0.569295058314352,0.569823255941525,214,212,2,60,60,0,0.871772805507745,0.288695652173913,0.47329650092081,0.52447331922714,0.946086956521739,0.598885793871866
IER3,Gene,yes,7,0.369738339021616,0.568350673498114,0.569732113446107,217,213,4,61,61,0,0.20223752151463,0.685217391304348,1,0.252195924018865,0.690434782608696,0.788300835654596
hsa-let-7e,miRNA,yes,11,0.749431171786121,0.567568772083298,0.5694459051891,219,214,5,95,92,3,0.429432013769363,0.091304347826087,,0.655322862129145,0.921739130434783,
hsa-miR-133b,miRNA,no,0,0.440557451649602,0.568289895971047,0.56902937264909,218,215,3,94,93,1,0.668674698795181,0.406086956521739,,0.825479930191972,0.504347826086957,
XBP1,TF,no,0,0.385949943117179,0.566508803450683,0.567037001077856,220,216,4,64,62,2,0.20223752151463,0.533913043478261,1,0.564009656029329,0.932173913043478,0.350974930362117
POU5F1,TF,yes,5,0.774175199089875,0.571897002415034,0.567021332010353,206,217,-11,61,63,-2,0.508605851979346,0.390434782608696,0.47329650092081,0.337458353165159,0.855652173913044,0.629526462395543
YY1,TF,yes,4,0.772468714448237,0.571638484380467,0.565990832828379,207,218,-11,62,64,-2,0.722030981067126,0.258260869565217,1,0.109720256845964,0.121739130434783,0.977715877437326
TAL1,TF,no,0,0.409271899886234,0.565382287744615,0.565910485371789,221,219,2,65,65,0,0.700516351118761,0.938260869565217,0.47329650092081,0.503663479151342,0.253913043478261,0.682451253481894
hsa-miR-373,miRNA,yes,14,0.806029579067122,0.565008053937734,0.565747530615777,223,220,3,96,94,2,0.817555938037866,0.0217391304347826,,0.731239092495637,0.452173913043478,
FAS,Gene,yes,34,0.587599544937429,0.56524196107788,0.565729528118348,222,221,1,62,62,0,0.494836488812392,0.596521739130435,0.47329650092081,0.477325597303738,0.575652173913043,0.754874651810585
hsa-miR-222,miRNA,yes,2,0.717861205915813,0.571589755456226,0.565190438050083,208,222,-14,89,95,-6,0.722030981067126,0.177391304347826,,,0.643478260869565,
F8,Gene,yes,1,0.425767918088737,0.563011144534605,0.564392584482598,224,223,1,63,63,0,0.20223752151463,0.913913043478261,1,0.457379929236365,0.812173913043478,0.139275766016713
hsa-miR-30c,miRNA,yes,1,0.650739476678043,0.5618080747322,0.56374209065939,228,224,4,97,96,1,0.629948364888124,0.40695652173913,,0.181500872600349,0.949565217391304,
TAGLN,Gene,no,0,0.118600682593857,0.562963451905788,0.563491649532961,225,225,0,64,64,0,0.20223752151463,0.814782608695652,1,0.771334964276597,0.44695652173913,0.590529247910864
S100B,Gene,no,0,0.156712172923777,0.562705166338161,0.563233363965335,226,226,0,65,65,0,0.20223752151463,0.975652173913043,1,0.603831606740275,0.979130434782609,0.0250696378830084
FGF7,Gene,yes,18,0.696245733788396,0.561199695431129,0.562377982445594,229,227,2,66,66,0,0.475043029259897,0.900869565217391,1,0.432597031716499,0.203478260869565,0.22841225626741
NTF3,Gene,yes,3,0.343572241183163,0.560682287710557,0.562266880592079,230,228,2,67,67,0,0.779690189328744,0.858260869565218,0.47329650092081,0.389194178818167,0.398260869565217,0.693593314763231
SP1,TF,yes,191,0.994311717861206,0.562261172578478,0.562261172578478,227,229,-2,66,66,0,0.910499139414802,0.427826086956522,0.138121546961326,0.304168663204043,0.297391304347826,0.863509749303621
hsa-let-7c,miRNA,yes,5,0.684869169510808,0.55915020296537,0.561425515820887,233,230,3,100,97,3,0.585197934595525,0.888695652173913,,0.404886561954625,0.243478260869565,
hsa-miR-27b,miRNA,yes,21,0.885665529010239,0.560615647913856,0.560900062020796,231,231,0,98,98,0,0.585197934595525,0.198260869565217,,0.420593368237347,0.714782608695652,
ASS1,Gene,yes,1,0.260523321956769,0.559135334625867,0.56051677457386,234,232,2,68,68,0,0.20223752151463,0.617391304347826,1,0.665526555534841,0.32,0.857938718662953
hsa-miR-92a,miRNA,yes,16,0.933731513083049,0.5601386399991,0.559740460249385,232,233,-1,99,99,0,0.598967297762479,0.091304347826087,,0.726003490401396,0.448695652173913,
ADAMTS1,Gene,yes,2,0.380261660978384,0.557866768025205,0.559613883253549,236,234,2,69,69,0,0.20223752151463,0.94695652173913,1,0.594982086511693,0.302608695652174,0.49025069637883
hsa-miR-20a,miRNA,yes,47,0.945392491467577,0.558619574111861,0.558619574111861,235,235,0,101,100,1,0.848537005163511,0.187826086956522,,0.760907504363002,0.0504347826086957,
hsa-miR-449b,miRNA,yes,2,0.429749715585893,0.555474791771483,0.557920753091165,240,236,4,103,101,2,0.508605851979346,0.338260869565217,,0.733856893542757,0.779130434782609,
MYL9,Gene,no,0,0.214732650739477,0.556887263970315,0.557415461597489,238,237,1,70,70,0,0.20223752151463,0.851304347826087,1,0.617904027197662,0.274782608695652,0.740947075208914
KLF2,TF,no,0,0.362912400455063,0.556491398252286,0.557019595879459,239,238,1,67,67,0,0.20223752151463,0.815652173913044,1,0.125654925097871,0.740869565217391,0.651810584958217
hsa-miR-30d,miRNA,yes,10,0.841012514220705,0.553925048933805,0.555802182039607,243,239,4,105,102,3,0.448364888123924,0.0643478260869565,,0.769633507853403,0.655652173913043,
NFKB2,TF,no,0,0.172070534698521,0.554858204959842,0.555386402587016,241,240,1,68,68,0,0.20223752151463,0.507826086956522,1,0.428247191834196,0.975652173913043,0.601671309192201
hsa-miR-25,miRNA,yes,5,0.77901023890785,0.554767981932265,0.554540450646713,242,241,1,104,103,1,0.576592082616179,0.16,,0.916230366492147,0.340869565217391,
hsa-miR-144,miRNA,yes,4,0.724402730375427,0.55744716289764,0.554432373364079,237,242,-5,102,104,-2,0.540447504302926,0.795652173913044,,0.602094240837696,0.109565217391304,
FMN2,Gene,yes,3,0.331342434584755,0.552609136985405,0.554193729866926,247,243,4,72,71,1,0.20223752151463,0.780869565217391,1,0.981358083452324,0.349565217391304,0.233983286908078
STAT4,TF,no,0,0.248009101251422,0.553603614000207,0.55413181162738,244,244,0,69,69,0,0.20223752151463,0.592173913043478,1,0.559999783949579,0.961739130434783,0.314763231197772
TERT,Gene,yes,36,0.829067121729238,0.553309174668079,0.553959264055369,245,245,0,71,72,-1,0.20223752151463,0.672173913043478,0.47329650092081,0.887549940143943,0.314782608695652,0.498607242339833
IGFBP5,Gene,yes,1,0.381399317406143,0.552360171658601,0.553741611606594,249,246,3,73,73,0,0.437177280550775,0.360869565217391,1,0.662941073019166,0.638260869565217,0.395543175487465
hsa-miR-126,miRNA,no,0,0.272468714448237,0.552966220398878,0.553705697076921,246,247,-1,106,105,1,0.896729776247849,0.678695652173913,,0.682373472949389,0.238260869565217,
hsa-miR-758,miRNA,no,0,0.33646188850967,0.552361657692137,0.55310113437018,248,248,0,107,106,1,0.618760757314974,0.707826086956522,,0.956369982547993,0.146086956521739,
LPL,Gene,yes,10,0.45221843003413,0.551302609472785,0.552643418834072,251,249,2,74,74,0,0.746987951807229,0.996521739130435,1,0.42057283157641,0.224347826086957,0.0278551532033426
MYD88,Gene,yes,1,0.405005688282139,0.550555101501429,0.551936541449422,252,250,2,75,75,0,0.20223752151463,0.554782608695652,1,0.26516325250614,0.918260869565217,0.518105849582173
FOSL1,Gene,yes,3,0.679465301478953,0.550172864956435,0.551757457837956,253,251,2,76,76,0,0.546471600688468,0.460869565217391,0.47329650092081,0.471350259934179,0.333913043478261,0.896935933147632
hsa-miR-483,miRNA,yes,1,0.287827076222981,0.549245558075949,0.551179574003139,254,252,2,108,107,1,0.700516351118761,0.8,,0.671902268760908,0.295652173913044,
hsa-miR-218,miRNA,yes,2,0.521046643913538,0.547501709077019,0.5499476703967,257,253,4,110,108,2,0.618760757314974,0.733913043478261,,0.855148342059337,0.0208695652173913,
ETS2,TF,no,0,0.343856655290102,0.547836689819217,0.548364887446391,256,254,2,71,70,1,0.957831325301205,0.844347826086957,1,0.498975956615176,0.0486956521739131,0.144846796657382
SPRY1,Gene,yes,5,0.509101251422071,0.545271959884734,0.546897183352961,259,255,4,77,77,0,0.494836488812392,0.928695652173913,1,0.448278597493257,0.386086956521739,0.0612813370473538
EGR3,TF,no,0,0.232935153583618,0.546296607213712,0.546824804840885,258,256,2,72,71,1,0.20223752151463,0.903478260869565,1,0.324394588435521,0.96695652173913,0.197771587743733
hsa-miR-301a,miRNA,yes,5,0.718430034129693,0.549044835821396,0.546769522965878,255,257,-2,109,109,0,0.20223752151463,0.726086956521739,,0.539267015706806,0.547826086956522,
hsa-miR-34c,miRNA,yes,7,0.607508532423208,0.544028505035813,0.545962520963003,260,258,2,111,110,1,0.877796901893287,0.12,,0.795811518324607,0.328695652173913,
FST,Gene,yes,5,0.482935153583618,0.543506443197551,0.545131666665778,262,259,3,79,78,1,0.20223752151463,0.573913043478261,1,0.613321354405847,0.408695652173913,0.534818941504178
SIRT1,TF,yes,3,0.613196814562002,0.543355639174865,0.544940232056386,263,260,3,73,72,1,0.896729776247849,0.544347826086957,0.47329650092081,0.408270243939326,0.419130434782609,0.459610027855153
FHL1,Gene,no,0,0.226678043230944,0.543891306646409,0.544419504273583,261,261,0,78,79,-1,0.803786574870912,0.995652173913044,1,0.51898468885089,0.173913043478261,0.0919220055710306
ZBTB16,TF,no,0,0.250568828213879,0.542970306549714,0.543498504176887,264,262,2,74,73,1,0.20223752151463,0.970434782608696,1,0.588500425482815,0.742608695652174,0.0501392757660167
SMAD6,Gene,no,0,0.371160409556314,0.542324090239968,0.542852287867142,266,263,3,80,80,0,0.20223752151463,0.5,1,0.336838157875759,0.565217391304348,0.824512534818942
OXTR,Gene,yes,16,0.488623435722412,0.541427648415776,0.542687196603652,267,264,3,81,81,0,0.20223752151463,0.985217391304348,1,0.346595416324117,0.645217391304348,0.13091922005571
CACNA1H,Gene,yes,3,0.387372013651877,0.540951421332719,0.54253601421424,269,265,4,82,82,0,0.20223752151463,0.563478260869565,0.47329650092081,0.738183837422295,0.965217391304348,0.467966573816156
hsa-miR-363,miRNA,yes,5,0.737485779294653,0.540195585588465,0.542470898443983,272,266,6,115,111,4,0.41394148020654,0.169565217391304,,0.516579406631763,0.874782608695652,
hsa-miR-495,miRNA,yes,1,0.600967007963595,0.540525237339272,0.542459253266462,271,267,4,114,112,2,0.20223752151463,0.71304347826087,,0.863874345549738,0.332173913043478,
hsa-miR-30e,miRNA,yes,4,0.712457337883959,0.540072524445164,0.542177188836518,274,268,6,116,113,3,0.463855421686747,0.258260869565217,,0.43979057591623,0.836521739130435,
hsa-miR-146a,miRNA,no,0,0.602673492605233,0.56925920731524,0.541955453049028,215,269,-54,93,114,-21,0.562822719449225,0.180869565217391,,0.980802792321117,0.382608695652174,
COL7A1,Gene,yes,8,0.401308304891923,0.540590972822372,0.54193178218366,270,270,0,83,83,0,0.746987951807229,0.293913043478261,0.47329650092081,0.625692585535341,0.441739130434783,0.81058495821727
hsa-miR-99a,miRNA,no,0,0.257679180887372,0.541032860248615,0.541772336926658,268,271,-3,113,115,-2,0.746987951807229,0.915652173913043,,0.205933682373473,0.582608695652174,
ADAMTS5,Gene,yes,1,0.638794084186576,0.540090005645141,0.541471445593133,273,272,1,84,84,0,0.406196213425129,0.987826086956522,1,0.591118226529935,0.0660869565217391,0.100278551532033
FBN1,Gene,yes,7,0.678612059158134,0.539940322559066,0.541321762507059,275,273,2,85,85,0,0.607573149741825,0.397391304347826,0.47329650092081,0.826163990935616,0.516521739130435,0.289693593314763
MITF,TF,yes,1,0.728384527872582,0.552073879227004,0.541103620816472,250,274,-24,70,74,-4,0.20223752151463,0.774782608695652,1,0.574000474479964,0.0347826086956522,0.473537604456825
hsa-miR-1271,miRNA,yes,2,0.510238907849829,0.542655341416837,0.540550677025483,265,275,-10,112,116,-4,0.20223752151463,0.555652173913043,,0.954624781849913,0.48,
TLR4,Gene,yes,2,0.734072810011377,0.538394695049165,0.540141810277509,276,276,0,86,86,0,0.585197934595525,0.86695652173913,0.47329650092081,0.819746729551584,0.151304347826087,0.15041782729805
LDHA,Gene,yes,2,0.434015927189989,0.537107312447102,0.538854427675446,279,277,2,88,87,1,0.844234079173838,0.411304347826087,0.47329650092081,0.524014479176924,0.182608695652174,0.902506963788301
DDR2,Gene,no,0,0.207337883959044,0.538159012786201,0.538687210413374,277,278,-1,87,88,-1,0.20223752151463,0.926956521739131,1,0.789908919908744,0.123478260869565,0.520891364902507
HIC1,Gene,yes,7,0.718430034129693,0.536425697780695,0.537807137728688,281,279,2,89,89,0,0.20223752151463,0.603478260869565,1,0.306566882236317,0.577391304347826,0.356545961002786
hsa-miR-302c,miRNA,yes,4,0.641922639362912,0.537138823042056,0.536626877649564,278,280,-2,117,117,0,0.421686746987952,0.00608695652173913,,0.613438045375218,1,
TBX21,Gene,yes,7,0.469283276450512,0.535018537217486,0.536399977165479,283,281,2,90,90,0,0.896729776247849,0.235652173913044,0.243093922651934,0.528604333864616,0.838260869565217,0.543175487465181
hsa-miR-494,miRNA,yes,3,0.681740614334471,0.536705938754135,0.535909579254704,280,282,-2,118,118,0,0.469879518072289,0.599130434782609,,0.779232111692845,0.149565217391304,
hsa-miR-485,miRNA,no,0,0.35551763367463,0.534938119349565,0.535677596027608,284,283,1,120,119,1,0.20223752151463,0.592173913043478,,0.931937172774869,0.596521739130435,
hsa-miR-372,miRNA,yes,8,0.72127417519909,0.53578309766764,0.535669332024864,282,284,-2,119,120,-1,0.603270223752151,0.0826086956521739,,0.718150087260035,0.55304347826087,
FLI1,TF,no,0,0.246018202502844,0.533364639692479,0.533892837319653,285,285,0,75,75,0,0.20223752151463,0.801739130434783,1,0.387615912683341,0.612173913043478,0.487465181058496
MTA1,TF,no,0,0.315415244596132,0.533034766054314,0.533562963681488,286,286,0,76,76,0,1,0.188695652173913,1,0.171583149230478,0.947826086956522,0.11142061281337
MEF2C,TF,yes,1,0.444254835039818,0.531989397674682,0.533370837622675,287,287,0,77,77,0,0.20223752151463,0.820869565217391,1,0.421418633363563,0.563478260869565,0.28133704735376
PBX1,TF,no,0,0.229522184300341,0.531640571421005,0.532168769048179,288,288,0,78,78,0,0.957831325301205,0.345217391304348,1,0.250151962387758,0.75304347826087,0.18941504178273
POSTN,Gene,no,0,0.144766780432309,0.53077344071914,0.531301638346314,289,289,0,91,91,0,0.20223752151463,0.807826086956522,1,0.752761157030729,0.438260869565217,0.373259052924791
hsa-let-7g,miRNA,yes,1,0.596985210466439,0.529238088955057,0.531172104882247,290,290,0,121,121,0,0.634251290877797,0.358260869565217,,0.579406631762653,0.486956521739131,
FOXO3,TF,yes,4,0.646473265073948,0.528629840872481,0.530133172580591,292,291,1,79,79,0,0.20223752151463,0.522608695652174,0.47329650092081,0.361731024466583,0.610434782608696,0.894150417827298
PEG3,Gene,yes,2,0.333333333333333,0.528365879496387,0.530112994724731,293,292,1,93,92,1,0.20223752151463,0.734782608695652,1,0.601411218798001,0.772173913043478,0.0668523676880223
MT1E,Gene,no,0,0.118600682593857,0.529218181771455,0.529746379398628,291,293,-2,92,93,-1,0.20223752151463,0.616521739130435,1,0.523259044633346,0.292173913043478,0.955431754874652
PTPRZ1,Gene,yes,1,0.248293515358362,0.527377166604057,0.528758606552049,295,294,1,94,94,0,0.20223752151463,0.918260869565217,0.47329650092081,0.563855482686022,0.902608695652174,0.392757660167131
hsa-miR-377,miRNA,no,0,0.277303754266212,0.526725341565047,0.52746481824309,296,295,1,123,122,1,0.618760757314974,0.720869565217391,,0.862129144851658,0.158260869565217,
hsa-miR-23b,miRNA,yes,31,0.902445961319681,0.527710501238545,0.526857258917726,294,296,-2,122,123,-1,0.57487091222031,0.160869565217391,,0.378708551483421,0.617391304347826,
HBEGF,Gene,yes,33,0.683447098976109,0.526076037348865,0.52640108204251,297,297,0,95,95,0,0.569707401032702,0.733913043478261,0.47329650092081,0.301934143914153,0.184347826086957,0.738161559888579
ID1,Gene,yes,5,0.494027303754266,0.52412702461002,0.525752248078247,298,298,0,96,96,0,0.700516351118761,0.71304347826087,0.47329650092081,0.253157081298883,0.413913043478261,0.632311977715878
ADM,Gene,yes,3,0.376279863481229,0.522155845071971,0.523740437953492,300,299,1,97,97,0,0.20223752151463,0.845217391304348,1,0.163349343025688,0.942608695652174,0.136490250696379
STAT3,TF,yes,85,0.993174061433447,0.523358252643951,0.523358252643951,299,300,-1,80,80,0,0.853700516351119,0.169565217391304,0.0294659300184162,0.585038158125048,0.492173913043478,0.540389972144847
APEX1,TF,no,0,0.25028441410694,0.520800170971354,0.521328368598528,301,301,0,81,81,0,0.20223752151463,0.323478260869565,1,0.421105093157202,0.76695652173913,0.685236768802228
hsa-miR-19b,miRNA,yes,36,0.9419795221843,0.519898707012086,0.520638183690129,302,302,0,124,124,0,0.700516351118761,0.184347826086957,,0.699825479930192,0.0765217391304348,
PLAGL1,Gene,yes,3,0.392775881683732,0.518178211353189,0.51976280423471,304,303,1,98,98,0,0.20223752151463,0.921739130434783,1,0.28073933047755,0.361739130434783,0.479108635097493
PPARA,TF,yes,1,0.541240045506257,0.51777275419351,0.519154194141503,305,304,1,82,82,0,0.20223752151463,0.871304347826087,1,0.436960033461699,0.175652173913043,0.406685236768802
hsa-miR-140,miRNA,yes,3,0.691126279863481,0.516609269794182,0.518827699828311,307,305,2,126,125,1,0.717728055077453,0.710434782608696,,0.0191972076788831,0.455652173913044,
GBP1,Gene,no,0,0.166951080773606,0.516945689140237,0.51747388676741,306,306,0,99,99,0,0.20223752151463,0.0617391304347826,1,0.683292102722004,0.914782608695652,0.593314763231198
SOX9,TF,no,0,0.324232081911263,0.516521968539585,0.517050166166758,308,307,1,83,83,0,0.957831325301205,0.211304347826087,0.138121546961326,0.64743313402682,0.429565217391304,0.910863509749304
hsa-miR-32,miRNA,yes,2,0.642207053469852,0.518987125684913,0.516882461293559,303,308,-5,125,126,-1,0.418244406196213,0.699130434782609,,0.638743455497382,0.186086956521739,
FOXD1,Gene,no,0,0.195961319681456,0.516016725614909,0.516544923242083,309,309,0,100,100,0,0.585197934595525,0.525217391304348,1,0.413785643200208,0.895652173913044,0
ASCL1,Gene,no,0,0.247440273037543,0.515362152232251,0.515890349859425,310,310,0,101,101,0,0.20223752151463,0.635652173913044,1,0.467014264491656,0.624347826086957,0.434540389972145
hsa-miR-335,miRNA,no,0,0.448521046643914,0.514372481038848,0.515111957716892,312,311,1,127,127,0,0.585197934595525,0.857391304347826,,0.279232111692845,0.405217391304348,
CYLD,Gene,yes,5,0.688850967007964,0.513119043514884,0.514744266983111,314,312,2,102,102,0,0.555938037865749,0.313913043478261,0.47329650092081,0.520965467604634,0.231304347826087,0.818941504178273
SMAD4,TF,yes,14,0.861490329920364,0.513436418104566,0.514736596879148,313,313,0,85,84,1,0.746987951807229,0.637391304347826,0.47329650092081,0.522667576927453,0.0939130434782609,0.267409470752089
OPTN,Gene,yes,1,0.276734926052332,0.512317738036242,0.513699177984235,316,314,2,103,103,0,0.20223752151463,0.623478260869565,1,0.551605097341695,0.68,0.261838440111421
RGS4,Gene,yes,5,0.448521046643914,0.511664902221645,0.513290125689872,317,315,2,104,104,0,0.20223752151463,0.705217391304348,1,0.623054678147491,0.530434782608696,0.0835654596100279
RELA,TF,yes,129,0.994880546075085,0.512604965273184,0.512361181752949,315,316,-1,86,85,1,0.476764199655766,0.0782608695652174,0.47329650092081,0.0844452065563706,0.551304347826087,0.927576601671309
RXRA,TF,yes,1,0.527303754266212,0.51055526776821,0.511936707716203,318,317,1,87,86,1,0.20223752151463,0.336521739130435,1,0.40854395726855,0.365217391304348,0.743732590529248
TP73,TF,yes,1,0.558873720136519,0.514882354157446,0.51118497076723,311,318,-7,84,87,-3,0.779690189328744,0.185217391304348,0.0294659300184162,0.610582262414723,0.885217391304348,0.52924791086351
CHAC1,Gene,no,0,0.195961319681456,0.509080586634095,0.509608784261269,320,319,1,105,105,0,0.20223752151463,0.550434782608696,1,0.231412170250819,0.972173913043478,0.415041782729805
hsa-miR-302b,miRNA,yes,4,0.627986348122867,0.510022531970613,0.509510586578121,319,320,-1,128,128,0,0.618760757314974,0.0226086956521739,,0.481675392670157,0.796521739130435,
BMP7,Gene,no,0,0.300625711035267,0.507302479481487,0.507830677108661,321,321,0,106,106,0,0.641135972461274,0.424347826086957,1,0.357066620512599,0.511304347826087,0.32033426183844
CITED2,Gene,yes,2,0.660409556313993,0.505570232005187,0.507317347233531,323,322,1,107,107,0,0.20223752151463,0.651304347826087,0.47329650092081,0.254626283519051,0.518260869565217,0.79108635097493
hsa-miR-433,miRNA,no,0,0.319681456200228,0.505947933636198,0.506687410314242,322,323,-1,129,129,0,0.700516351118761,0.595652173913044,,0.806282722513089,0.111304347826087,
SPARC,Gene,no,0,0.274175199089875,0.505473476905876,0.50600167453305,324,324,0,108,108,0,0.957831325301205,0.148695652173913,0.47329650092081,0.714162977635398,0.700869565217391,0.272980501392758
BAALC,Gene,no,0,0.0955631399317406,0.504899928819755,0.505428126446929,325,325,0,109,109,0,0.20223752151463,0.834782608695652,1,0.431699190861495,0.497391304347826,0.476323119777159
REST,TF,yes,7,0.74971558589306,0.503642028856631,0.505023468804624,328,326,2,89,88,1,0.864888123924269,0.233913043478261,0.138121546961326,0.295213640331485,0.495652173913044,0.757660167130919
hsa-miR-215,miRNA,yes,1,0.448521046643914,0.502966540168779,0.504900556095969,330,327,3,132,130,2,0.803786574870912,0.46695652173913,,0.506108202443281,0.299130434782609,
DKK3,Gene,yes,7,0.503981797497156,0.502873528349518,0.50425496829751,331,328,3,110,110,0,0.433734939759036,0.788695652173913,0.47329650092081,0.5152860124743,0.307826086956522,0.506963788300836
GLI1,TF,no,0,0.219852104664391,0.503722159850636,0.50425035747781,327,329,-2,88,89,-1,0.20223752151463,0.650434782608696,0.243093922651934,0.343299727402536,0.987826086956522,0.883008356545961
hsa-miR-346,miRNA,no,0,0.203356086461889,0.503114455408995,0.503853932087038,329,330,-1,131,131,0,0.700516351118761,0.243478260869565,,0.926701570680628,0.445217391304348,
PMEPA1,Gene,yes,4,0.495164960182025,0.500584925070406,0.502088256778516,332,331,1,111,111,0,0.48881239242685,0.133913043478261,0.47329650092081,0.484927812152943,0.87304347826087,0.565459610027855
hsa-miR-219a,miRNA,yes,3,0.476109215017065,0.499850823031633,0.502069253065763,334,332,2,133,132,1,0.494836488812392,0.191304347826087,,0.577661431064573,0.770434782608696,
ATF4,TF,yes,2,0.501137656427759,0.500312052285135,0.502059167513479,333,333,0,90,90,0,0.20223752151463,0.222608695652174,1,0.293853576219116,0.325217391304348,0.969359331476323
ME1,Gene,no,0,0.160409556313993,0.49957445957221,0.500102657199384,335,334,1,112,112,0,0.20223752151463,0.724347826086957,0.47329650092081,0.532288646449452,0.608695652173913,0.799442896935933
hsa-miR-7,miRNA,yes,5,0.753697383390216,0.4974655216652,0.499740834520718,339,335,4,135,133,2,0.731497418244406,0.514782608695652,,0.383944153577661,0.114782608695652,
HRK,Gene,no,0,0.364050056882821,0.499211772948758,0.499739970575931,336,336,0,113,113,0,0.20223752151463,0.138260869565217,1,0.356194020163559,0.56,0.877437325905292
hsa-miR-519d,miRNA,yes,6,0.691695108077361,0.497523288866073,0.499684836078815,338,337,1,134,134,0,0.553356282271945,0.147826086956522,,0.844677137870855,0.260869565217391,
CD44,Gene,yes,2,0.466439135381115,0.497677158031741,0.499424273260085,337,338,-1,114,114,0,1,0.0139130434782609,0.138121546961326,0.467938236170295,0.916521739130435,0.493036211699164
hsa-miR-214,miRNA,yes,2,0.719283276450512,0.503725748336036,0.498606294411121,326,339,-13,130,135,-5,0.451807228915663,0.136521739130435,,0.808027923211169,0.377391304347826,
LIF,Gene,no,0,0.547212741751991,0.497276998476186,0.49780519610336,340,340,0,115,115,0,0.508605851979346,0.614782608695652,0.138121546961326,0.196969696969697,0.824347826086957,0.654596100278552
ETV1,Gene,yes,6,0.743458475540387,0.494921481886463,0.496465444181279,341,341,0,116,116,0,0.458691910499139,0.748695652173913,0.47329650092081,0.667387823979923,0.311304347826087,0.0724233983286908
CXCR5,Gene,no,0,0.245164960182025,0.49200444227049,0.492532639897664,342,342,0,117,117,0,0.20223752151463,0.605217391304348,1,0.395302381261448,0.852173913043478,0.147632311977716
hsa-miR-301b,miRNA,yes,2,0.585893060295791,0.48660014138431,0.489046102703992,346,343,3,137,136,1,0.20223752151463,0.534782608695652,,0.416230366492147,0.706086956521739,
hsa-let-7f,miRNA,yes,1,0.4806598407281,0.487073553743257,0.489007569670447,344,344,0,136,137,-1,0.634251290877797,0.112173913043478,,0.661431064572426,0.556521739130435,
MAP3K1,Gene,yes,10,0.622866894197952,0.486838504382738,0.48756985494344,345,345,0,118,118,0,0.514629948364888,0.118260869565217,0.138121546961326,0.636612450475338,0.822608695652174,0.559888579387187
ARNT,TF,yes,2,0.493174061433447,0.488852065954895,0.487348734246785,343,346,-3,91,91,0,0.20223752151463,0.41304347826087,1,0.581329302449757,0.133913043478261,0.587743732590529
GATA4,TF,no,0,0.273890784982935,0.484249944038212,0.484778141665386,348,347,1,93,92,1,0.20223752151463,0.544347826086957,1,0.5898922590974,0.666086956521739,0.116991643454039
TP53,TF,yes,74,0.996018202502844,0.484628688521198,0.484709949694609,347,348,-1,92,93,-1,0.932874354561102,0.0208695652173913,0.47329650092081,0.488850106651154,0.464347826086957,0.0167130919220056
hsa-miR-376c,miRNA,yes,2,0.563424345847554,0.482133411166338,0.484579372486019,351,349,2,139,138,1,0.20223752151463,0.600869565217391,,0.705061082024433,0.351304347826087,
GADD45G,Gene,yes,3,0.564277588168373,0.482535728782859,0.484120321664381,350,350,0,119,119,0,0.20223752151463,0.661739130434783,1,0.0874331126591955,0.43304347826087,0.440111420612813
TGFB2,Gene,yes,1,0.501706484641638,0.480051184950746,0.481432624898738,352,351,1,120,120,0,0.858864027538726,0.401739130434783,0.138121546961326,0.463735491605818,0.721739130434783,0.284122562674095
hsa-let-7a,miRNA,yes,16,0.854379977246872,0.479570960130747,0.480708616558506,354,352,2,140,139,1,0.76592082616179,0.263913043478261,,0.307155322862129,0.212173913043478,
MYBL1,Gene,yes,8,0.590159271899886,0.479283470427477,0.480624279788764,355,353,2,121,121,0,0.438898450946644,0.720869565217391,1,0.479778748936293,0.0817391304347826,0.052924791086351
TLX1,TF,no,0,0.34613196814562,0.479746110881775,0.480274308508949,353,354,-1,94,94,0,0.20223752151463,0.682608695652174,1,0.482721070774379,0.436521739130435,0.211699164345404
hsa-miR-367,miRNA,yes,2,0.690841865756542,0.482992642459343,0.479484868473753,349,355,-6,138,140,-2,0.20223752151463,,,0.545375218150087,,
VGF,Gene,no,0,0.0918657565415245,0.47875979487781,0.479376025442846,356,356,0,122,122,0,,0.84,0.243093922651934,0.477394329827915,0.984347826086957,0.239554317548747
HDAC3,TF,yes,2,0.494311717861206,0.476266864081445,0.478013979309789,358,357,1,95,95,0,0.20223752151463,0.0982608695652174,0.47329650092081,0.366701430603981,0.725217391304348,0.986072423398329
NKX2-5,TF,yes,1,0.532138794084187,0.476105381591593,0.477486821539586,359,358,1,96,96,0,0.20223752151463,0.24,1,0.449562257510853,0.0521739130434783,0.866295264623956
MEF2A,TF,yes,1,0.603811149032992,0.475289585801168,0.476671025749161,360,359,1,97,97,0,0.585197934595525,0.616521739130435,0.47329650092081,0.41679924980646,0.281739130434783,0.35933147632312
EPHA2,Gene,yes,6,0.513936291240046,0.47468545069874,0.476229412993555,361,360,1,123,123,0,0.641135972461274,0.800869565217391,0.47329650092081,0.587627825133775,0.107826086956522,0.20891364902507
EP300,TF,yes,2,0.638225255972696,0.473951385434495,0.475698500662839,362,361,1,98,98,0,0.803786574870912,0.316521739130435,0.138121546961326,0.430521538001221,0.0695652173913044,0.933147632311978
hsa-miR-455,miRNA,yes,3,0.566552901023891,0.471780947439657,0.473999377473787,363,362,1,142,141,1,0.20223752151463,0.306956521739131,,0.596858638743456,0.697391304347826,
hsa-miR-486,miRNA,no,0,0.20221843003413,0.471367992489784,0.472107469167827,364,363,1,143,142,1,0.700516351118761,0.896521739130435,,0.368237347294939,0.19304347826087,
hsa-miR-217,miRNA,no,0,0.306313993174061,0.470627633058285,0.471367109736329,365,364,1,144,143,1,0.585197934595525,0.432173913043478,,0.530541012216405,0.502608695652174,
hsa-miR-4295,miRNA,no,0,0.386234357224118,0.469503074947475,0.470735536077547,367,365,2,145,144,1,0.20223752151463,,,0.823734729493892,,
EPHB2,Gene,no,0,0.287258248009101,0.470203641609036,0.47073183923621,366,366,0,124,124,0,0.546471600688468,0.652173913043478,0.47329650092081,0.479655202520857,0.6,0.256267409470752
ELF4,Gene,yes,6,0.63509670079636,0.468591839977332,0.470135802272148,368,367,1,125,125,0,0.469879518072289,0.337391304347826,1,0.407909724637209,0.128695652173913,0.311977715877437
hsa-miR-342,miRNA,yes,1,0.395620022753129,0.468130265878271,0.470064281805461,369,368,1,146,145,1,0.525817555938038,0.705217391304348,,0.0541012216404887,0.669565217391304,
hsa-miR-181d,miRNA,yes,5,0.669226393629124,0.466910254147738,0.469185567003256,370,369,1,147,146,1,0.20223752151463,0.342608695652174,,0.408376963350785,0.723478260869565,
HSF1,TF,no,0,0.377701934015927,0.466533903437375,0.467062101064549,371,370,1,99,99,0,0.20223752151463,0.537391304347826,0.47329650092081,0.584584363208299,0.130434782608696,0.963788300835655
ERG,TF,no,0,0.205062571103527,0.465954291732795,0.466482489359969,373,371,2,101,100,1,0.20223752151463,0.905217391304348,1,0.471377563009414,0.0608695652173913,0.420612813370474
PPP2R2B,Gene,yes,2,0.364050056882821,0.464642889045342,0.466390004273686,374,372,2,126,126,0,0.20223752151463,0.879130434782609,0.243093922651934,0.338742013182756,0.989565217391304,0.247910863509749
hsa-miR-410,miRNA,no,0,0.493458475540387,0.464534937847916,0.465274414525959,375,373,2,148,147,1,0.20223752151463,0.527826086956522,,0.819371727748691,0.283478260869565,
RARA,TF,no,0,0.398179749715586,0.464197702946841,0.464725900574015,376,374,2,102,101,1,0.20223752151463,0.601739130434783,0.47329650092081,0.536238065959363,0.375652173913043,0.665738161559889
KLF8,TF,no,0,0.205631399317406,0.464141630633282,0.464669828260456,377,375,2,103,102,1,0.20223752151463,0.805217391304348,1,0.194762955591133,0.20695652173913,0.637883008356546
hsa-miR-448,miRNA,yes,1,0.42320819112628,0.461221313386761,0.464444673265411,380,376,4,150,148,2,0.20223752151463,,,0.767888307155323,,
hsa-miR-193b,miRNA,yes,1,0.472411831626849,0.460868678505837,0.462802694433027,381,377,4,151,149,2,0.618760757314974,0.0895652173913044,,0.816753926701571,0.316521739130435,
LAPTM4B,Gene,no,0,0.144766780432309,0.461949712175861,0.462477909803035,378,378,0,127,127,0,0.20223752151463,0.519130434782609,1,0.374107567824845,0.44,0.557103064066852
hsa-miR-196b,miRNA,no,0,0.390216154721274,0.46166095478302,0.462400431461063,379,379,0,149,150,-1,0.93631669535284,0.0565217391304348,,0.572425828970332,0.356521739130435,
hsa-miR-590,miRNA,no,0,0.446245733788396,0.477920306736057,0.462277530854373,357,380,-23,141,151,-10,0.877796901893287,0.656521739130435,,0.111692844677138,0.219130434782609,
F2R,Gene,yes,4,0.396473265073948,0.459893407382934,0.461396739091043,382,381,1,128,128,0,0.20223752151463,0.463478260869565,1,0.430826590512454,0.00695652173913044,0.729805013927577
AXL,Gene,yes,1,0.386803185437998,0.459577805035238,0.460959244983231,384,382,2,130,129,1,0.494836488812392,0.613913043478261,0.47329650092081,0.511948092817873,0.241739130434783,0.504178272980501
CD151,Gene,no,0,0.139078498293515,0.459864336211918,0.460392533839092,383,383,0,129,130,-1,1,0.199130434782609,0.47329650092081,0.320390904063582,0.358260869565217,0.732590529247911
hsa-miR-369,miRNA,no,0,0.42320819112628,0.458658794008573,0.459398270686616,386,384,2,152,152,0,0.20223752151463,0.492173913043478,,0.819371727748691,0.36,
TGFBI,Gene,no,0,0.160409556313993,0.45880202806125,0.459330225688424,385,385,0,131,131,0,0.896729776247849,0.0765217391304348,0.47329650092081,0.563771228957119,0.986086956521739,0.0584958217270195
TMEM158,Gene,no,0,0.160409556313993,0.458191876369637,0.458720073996811,387,386,1,132,132,0,0.20223752151463,0.452173913043478,1,0.36492002365396,0.702608695652174,0.328690807799443
SMAD7,Gene,yes,31,0.922070534698521,0.457944130363559,0.458675480924261,388,387,1,133,133,0,0.91566265060241,0.153913043478261,0.138121546961326,0.237109313025543,0.15304347826087,0.690807799442897
MAP1LC3A,Gene,no,0,0.127701934015927,0.457485899459319,0.458014097086492,389,388,1,134,134,0,0.20223752151463,0.0165217391304348,1,0.0792814234208985,0.939130434782609,0.841225626740947
hsa-miR-135a,miRNA,no,0,0.280432309442548,0.456780693638533,0.457520170316577,390,389,1,153,153,0,0.746987951807229,0.0956521739130435,,0.301919720767888,0.862608695652174,
hsa-miR-376a,miRNA,no,0,0.335324232081911,0.456522020410489,0.457261497088532,391,390,1,154,154,0,0.20223752151463,0.39304347826087,,0.764397905759162,0.591304347826087,
SNAP25,Gene,yes,9,0.712457337883959,0.455581063362321,0.456881242136903,393,391,2,135,135,0,0.407917383820998,0.334782608695652,0.243093922651934,0.595337085844252,0.681739130434783,0.222841225626741
RBPJ,TF,no,0,0.297212741751991,0.45587784871305,0.456406046340223,392,392,0,104,103,1,0.20223752151463,0.609565217391304,1,0.172468481122209,0.278260869565217,0.635097493036212
DCBLD2,Gene,yes,4,0.562002275312856,0.454425583901333,0.455928915609443,394,393,1,136,136,0,0.20223752151463,0.690434782608696,1,0.366233182863712,0.217391304347826,0.153203342618384
NCOR1,TF,no,0,0.38481228668942,0.46646110637847,0.45528769503441,372,394,-22,100,104,-4,0.20223752151463,0.453913043478261,0.138121546961326,0.754999831136415,0.528695652173913,0.724233983286908
CD2AP,Gene,yes,13,0.718998862343572,0.453586957361588,0.454724613789346,397,395,2,137,137,0,0.20223752151463,0.313913043478261,1,0.393067594876257,0.485217391304348,0.0696378830083566
hsa-miR-708,miRNA,no,0,0.137372013651877,0.453805998152511,0.454545474830555,395,396,-1,155,155,0,0.20223752151463,0.514782608695652,,0.771378708551483,0.64695652173913,
hsa-miR-496,miRNA,no,0,0.379977246871445,0.453720018466658,0.454459495144701,396,397,-1,156,156,0,0.20223752151463,0.257391304347826,,0.898778359511344,0.533913043478261,
CCL2,Gene,yes,5,0.609499431171786,0.452732764573981,0.454357988042208,401,398,3,140,138,2,0.896729776247849,0.596521739130435,0.47329650092081,0.27837393449007,0.161739130434783,0.164345403899721
PTHLH,Gene,yes,27,0.577645051194539,0.452939939376381,0.453671289937083,400,399,1,139,139,0,0.20223752151463,0.723478260869565,1,0.306917340948755,0.170434782608696,0.194986072423398
ACTA2,Gene,no,0,0.311433447098976,0.453084021325267,0.453612218952441,399,400,-1,138,140,-2,0.20223752151463,0.865217391304348,0.47329650092081,0.650430210401653,0.363478260869565,0.309192200557103
hsa-miR-330,miRNA,yes,4,0.624004550625711,0.451247418850045,0.453352083241398,409,401,8,158,157,1,0.426850258175559,0.289565217391304,,0.322862129144852,0.603478260869565,
CDCA7,Gene,yes,18,0.539817974971559,0.451958586655421,0.453136873669886,407,402,5,144,141,3,0.20223752151463,0.243478260869565,1,0.454797859605094,0.589565217391304,0.142061281337047
GLS,Gene,no,0,0.1726393629124,0.452578877904321,0.453107075531494,402,403,-1,141,142,-1,0.20223752151463,0.408695652173913,0.47329650092081,0.333124405453279,0.732173913043478,0.84958217270195
hsa-miR-107,miRNA,yes,3,0.624288964732651,0.450842249709173,0.453060679743303,411,404,7,159,158,1,0.546471600688468,0.607826086956522,,0.431064572425829,0.0556521739130435,
hsa-miR-370,miRNA,yes,1,0.464732650739477,0.450629370980626,0.453046890889614,412,405,7,160,159,1,0.20223752151463,0.661739130434783,,,0.483478260869565,
VHL,TF,no,0,0.368316268486917,0.452394730112421,0.452922927739595,404,406,-2,106,105,1,0.20223752151463,0.0608695652173913,0.47329650092081,0.159682747762498,0.933913043478261,0.972144846796657
MAP2,Gene,no,0,0.254266211604096,0.452129298545712,0.452657496172886,405,407,-2,142,143,-1,0.482788296041308,0.756521739130435,0.47329650092081,0.771975577517912,0.248695652173913,0.181058495821727
IGFBP4,Gene,no,0,0.195961319681456,0.452099039809921,0.452627237437094,406,408,-2,143,144,-1,0.20223752151463,0.313913043478261,0.47329650092081,0.597389446138719,0.859130434782609,0.526462395543176
PROX1,TF,no,0,0.224971558589306,0.45176992559354,0.452298123220714,408,409,-1,107,106,1,0.20223752151463,0.940869565217391,0.47329650092081,0.86825537622777,0.0191304347826087,0.437325905292479
NFKB1,TF,yes,138,0.995449374288965,0.45109316326323,0.451174424436641,410,410,0,108,107,1,0.657487091222031,0.258260869565217,0.138121546961326,0.593712552867805,0.125217391304348,0.389972144846797
UCP2,Gene,yes,4,0.34584755403868,0.449512806178784,0.451016137886894,415,411,4,147,145,2,0.657487091222031,0.37304347826087,0.47329650092081,0.593736027577056,0.415652173913044,0.298050139275766
TLR3,Gene,no,0,0.179180887372014,0.450299609455636,0.45082780708281,413,412,1,145,146,-1,0.20223752151463,0.772173913043478,0.47329650092081,0.567123096923721,0.92,0.0417827298050139
INSM1,Gene,no,0,0.207337883959044,0.450176458413917,0.450704656041091,414,413,1,146,147,-1,0.20223752151463,0.69304347826087,1,0.472669770076649,0.420869565217391,0.158774373259053
MAX,TF,yes,1,0.578213879408419,0.448550418867038,0.449931858815031,416,414,2,109,108,1,0.20223752151463,0.130434782608696,0.138121546961326,0.253602358843249,0.888695652173913,0.958217270194986
PEG10,Gene,yes,7,0.669226393629124,0.448151756805777,0.44953319675377,417,415,2,148,148,0,0.410499139414802,0.470434782608696,0.138121546961326,0.664980731448198,0.718260869565217,0.0752089136490251
ADA,Gene,yes,2,0.295221843003413,0.447461309413013,0.449208424641356,420,416,4,151,149,2,0.803786574870912,0.313913043478261,0.47329650092081,0.282801988779742,0.51304347826087,0.462395543175488
CTGF,Gene,yes,14,0.590159271899886,0.447273782598337,0.449094032882752,421,417,4,152,150,2,0.20223752151463,0.457391304347826,,0.673942936216633,0.321739130434783,
CYR61,Gene,yes,3,0.376279863481229,0.446175339158192,0.448393769192322,424,418,6,153,151,2,0.20223752151463,0.850434782608696,,0.416494939226619,0.396521739130435,
FDFT1,Gene,no,0,0.140784982935154,0.447620027885255,0.448148225512428,418,419,-1,149,152,-3,0.20223752151463,0.320869565217391,1,0.412082168723627,0.208695652173913,0.852367688022284
HOXB4,Gene,no,0,0.254266211604096,0.447617584132572,0.448145781759746,419,420,-1,150,153,-3,0.508605851979346,0.417391304347826,0.47329650092081,0.653648322976861,0.59304347826087,0.236768802228412
hsa-miR-134,miRNA,no,0,0.445961319681456,0.447079819598203,0.447819296276246,423,421,2,161,160,1,0.20223752151463,0.624347826086957,,0.883071553228621,0.0834782608695652,
FOXA2,TF,no,0,0.310011376564278,0.447232809891117,0.44776100751829,422,422,0,110,109,1,0.20223752151463,0.0634782608695652,1,0.821484718676532,0.00173913043478261,0.735376044568245
hsa-miR-299,miRNA,no,0,0.360921501706485,0.445564685504688,0.446304162182731,425,423,2,162,161,1,0.20223752151463,0.663478260869565,,0.904013961605585,0.100869565217391,
hsa-miR-191,miRNA,no,0,0.321672354948805,0.445150838840364,0.445890315518407,426,424,2,163,162,1,0.657487091222031,0.631304347826087,,0.458987783595114,0.16,
CREB1,TF,yes,1,0.709044368600683,0.452481653740803,0.445533823414133,403,425,-22,105,110,-5,0.536144578313253,0.452173913043478,0.138121546961326,0.175319693785327,0.339130434782609,0.768802228412256
BMI1,TF,no,0,0.334186575654152,0.444301581694292,0.444829779321465,428,426,2,112,111,1,0.803786574870912,0.310434782608696,1,0.257431526113106,0.104347826086957,0.303621169916435
DACT1,Gene,yes,1,0.37514220705347,0.443419628143431,0.444801068091424,429,427,2,154,154,0,0.20223752151463,0.123478260869565,1,0.509966394069202,0.735652173913044,0.167130919220056
SNAI1,TF,yes,7,0.783845278725825,0.445022551076811,0.444372461689521,427,428,-1,111,112,-1,0.803786574870912,0.0391304347826087,0.0294659300184162,0.250198318261146,0.864347826086956,0.33983286908078
hsa-miR-10a,miRNA,no,0,0.248862343572241,0.443175517587212,0.443914994265255,430,429,1,164,163,1,0.896729776247849,0.352173913043478,,0.520069808027923,0.201739130434783,
VEGFC,Gene,yes,1,0.324800910125142,0.442217725320273,0.443599165268266,431,430,1,155,155,0,0.700516351118761,0.66,0.47329650092081,0.2239595881248,0.544347826086957,0.178272980501393
hsa-miR-149,miRNA,yes,2,0.511945392491468,0.441102788219447,0.443548749539128,433,431,2,166,164,2,0.508605851979346,0.31304347826087,,0.692844677137871,0.191304347826087,
ASPN,Gene,yes,1,0.333048919226394,0.440599458952308,0.442211138891633,435,432,3,156,156,0,0.20223752151463,0.644347826086957,1,0.442328218695733,0.031304347826087,
hsa-miR-329,miRNA,no,0,0.333333333333333,0.441291152292915,0.442030628970958,432,433,-1,165,165,0,0.20223752151463,0.63304347826087,,0.942408376963351,0.0991304347826087,
hsa-miR-146b,miRNA,yes,1,0.595563139931741,0.45326566343177,0.440523911440871,398,434,-36,157,166,-9,0.508605851979346,0.0991304347826087,,0.804537521815009,0.194782608695652,
SUZ12,TF,no,0,0.270193401592719,0.439643841440617,0.44017203906779,436,435,1,113,113,0,0.20223752151463,0.202608695652174,1,0.382228600458015,0.0852173913043478,0.938718662952646
hsa-miR-92b,miRNA,yes,3,0.690841865756542,0.437717636700526,0.439936066734656,439,436,3,168,167,1,0.469879518072289,0.603478260869565,,0.200698080279232,0.234782608695652,
BHLHE40,Gene,yes,2,0.440557451649602,0.438159128269733,0.439906243498077,438,437,1,157,157,0,0.20223752151463,0.262608695652174,1,0.317212410624719,0.826086956521739,0.0306406685236769
HNF1A,TF,no,0,0.250853242320819,0.439206957460492,0.439735155087666,437,438,-1,114,114,0,0.896729776247849,0.239130434782609,0.243093922651934,0.727243880980197,0.00521739130434783,0.715877437325905
hsa-miR-506,miRNA,yes,6,0.763083048919226,0.436753693666654,0.438915240879396,442,439,3,170,168,2,0.20223752151463,0.146086956521739,,0.910994764397906,0.172173913043478,
hsa-miR-431,miRNA,no,0,0.180602957906712,0.436942816034513,0.437682292712556,441,440,1,169,169,0,0.20223752151463,0.352173913043478,,0.851657940663176,0.601739130434783,
FOXC2,Gene,no,0,0.118600682593857,0.43553150142813,0.436059699055304,443,441,2,158,158,0,0.20223752151463,0.34,0.47329650092081,0.502790878802302,0.568695652173913,0.846796657381616
ELK1,TF,yes,3,0.609499431171786,0.437580781376582,0.433355200359192,440,442,-2,115,115,0,0.20223752151463,0.576521739130435,0.47329650092081,0.476274191489168,0.0243478260869565,0.671309192200557
IL1R1,Gene,no,0,0.2113196814562,0.432241933597706,0.43277013122488,444,443,1,159,159,0,0.20223752151463,0.750434782608696,0.47329650092081,0.37675060937793,0.636521739130435,0.37883008356546
SKIL,Gene,yes,1,0.565699658703072,0.430893107999884,0.432274547947877,445,444,1,160,160,0,0.20223752151463,0.28,1,0.348235351796266,0.12,0.50974930362117
NFYA,TF,no,0,0.264220705346985,0.430695970619647,0.431224168246821,447,445,2,116,116,0,0.20223752151463,0.339130434782609,1,0.200893801780505,0.0956521739130435,0.916434540389972
hsa-miR-454,miRNA,yes,1,0.466439135381115,0.428050499760328,0.429984515687518,449,446,3,172,170,2,0.20223752151463,0.743478260869565,,0.108202443280977,0.629565217391304,
MYH9,Gene,yes,1,0.546928327645051,0.428211487816387,0.42959292776438,448,447,1,161,161,0,0.418244406196213,0.208695652173913,0.0294659300184162,0.573955454083083,0.28,0.949860724233983
hsa-miR-371a,miRNA,yes,1,0.426336746302617,0.426805751443875,0.428739767371065,451,448,3,173,171,2,0.700516351118761,0.0395652173913044,,0.718150087260035,0.259130434782609,
CTSB,Gene,yes,6,0.383959044368601,0.426225299637989,0.427769261932805,453,449,4,163,162,1,0.20223752151463,0.461739130434783,1,0.424327301193696,0.488695652173913,0.0334261838440111
TBX3,Gene,no,0,0.261376564277588,0.427107457755867,0.427635655383041,450,450,0,162,163,-1,0.469879518072289,0.106086956521739,0.47329650092081,0.705239501685638,0.139130434782609,0.838440111420613
hsa-miR-378a,miRNA,no,0,0.159271899886234,0.426121023582098,0.426860500260141,454,451,3,175,172,3,0.20223752151463,0.874782608695652,,0.178010471204188,0.72,
SQSTM1,Gene,yes,5,0.733503981797497,0.425052469508865,0.426677692977092,455,452,3,164,164,0,0.20223752151463,0.288695652173913,0.47329650092081,0.480973377186821,0.106086956521739,0.701949860724234
LOX,Gene,yes,14,0.551763367463026,0.425047702275999,0.42634788105058,456,453,3,165,165,0,0.73407917383821,0.229565217391304,0.138121546961326,0.54993456461893,0.683478260869565,0.0974930362116992
FURIN,Gene,yes,6,0.591581342434585,0.424656431691297,0.426200393986112,458,454,4,167,166,1,0.418244406196213,0.142608695652174,0.138121546961326,0.467563976298794,0.662608695652174,0.562674094707521
hsa-miR-192,miRNA,yes,1,0.544937428896473,0.430760787472308,0.425584450726006,446,455,-9,171,173,-2,0.779690189328744,0.57304347826087,,0.197207678883072,0.0330434782608696,
S100A2,Gene,no,0,0.344994311717861,0.424663150815243,0.425191348442417,457,456,1,166,167,-1,0.20223752151463,0.348695652173913,0.47329650092081,0.405914047901109,0.716521739130435,0.484679665738162
USF1,TF,yes,4,0.6726393629124,0.42326563630762,0.42476896801573,461,457,4,118,117,1,0.20223752151463,0.65304347826087,0.0294659300184162,0.337910011319499,0.245217391304348,0.832869080779944
HOXB7,TF,no,0,0.380830489192264,0.423817251315843,0.424345448943016,459,458,1,117,118,-1,0.927710843373494,0.0608695652173913,0.138121546961326,0.589144629672068,0.205217391304348,0.668523676880223
POU3F2,Gene,no,0,0.521615472127418,0.423599590461049,0.424127788088223,460,459,1,168,168,0,0.20223752151463,0.29304347826087,0.243093922651934,0.5905124543868,0.99304347826087,0.125348189415042
hsa-miR-520d,miRNA,yes,4,0.564562002275313,0.426648983735756,0.423634194202195,452,460,-8,174,174,0,0.444061962134251,0.0226086956521739,,0.994764397905759,0.0921739130434783,
PITX2,TF,no,0,0.148179749715586,0.422671211887453,0.423199409514626,462,461,1,119,119,0,0.20223752151463,0.254782608695652,0.47329650092081,0.709211342362223,0.765217391304348,0.409470752089136
RBM38,Gene,yes,2,0.354664391353811,0.421141518345224,0.422888633573568,464,462,2,170,169,1,0.525817555938038,0.249565217391304,0.47329650092081,0.292819605792264,0.342608695652174,0.721448467966574
DKK1,Gene,yes,18,0.643060295790671,0.421495936891396,0.422674223905861,463,463,0,169,170,-1,0.832185886402754,0.0460869565217391,0.0294659300184162,0.312147215332647,0.31304347826087,0.782729805013928
hsa-miR-487a,miRNA,no,0,0.143629124004551,0.419601012301353,0.420340488979396,466,464,2,177,175,2,0.20223752151463,0.453913043478261,,0.802792321116928,0.499130434782609,
THBD,Gene,yes,8,0.459613196814562,0.418195008587981,0.419535817949268,468,465,3,172,171,1,0.20223752151463,0.748695652173913,0.47329650092081,0.357100660324875,0.213913043478261,0.481894150417827
COL18A1,Gene,no,0,0.135665529010239,0.418851491943799,0.419379689570973,467,466,1,171,172,-1,0.20223752151463,0.285217391304348,0.47329650092081,0.489903352455576,0.900869565217391,0.448467966573816
hsa-miR-136,miRNA,yes,1,0.391069397042093,0.417077925489595,0.419011941416785,469,467,2,178,176,2,0.20223752151463,0.36,,0.753926701570681,0.387826086956522,
hsa-miR-122,miRNA,no,0,0.489192263936291,0.440694264390976,0.4179411358358,434,468,-34,167,177,-10,0.722030981067126,0.0591304347826087,,0.56369982547993,0.255652173913043,
hsa-miR-132,miRNA,yes,5,0.700227531285552,0.420111252675438,0.41783593981992,465,469,-4,176,178,-2,0.562822719449225,0.229565217391304,,0.012216404886562,0.584347826086957,
POU2F1,TF,no,0,0.411831626848692,0.415880969848379,0.416409167475552,470,470,0,120,120,0,0.20223752151463,0.221739130434783,0.47329650092081,0.490458435845994,0.285217391304348,0.83008356545961
HRH1,Gene,no,0,0.118600682593857,0.41339407877252,0.413922276399694,471,471,0,173,173,0,0.20223752151463,0.541739130434783,0.47329650092081,0.499787258592589,0.841739130434783,0.220055710306407
hsa-miR-194,miRNA,yes,1,0.542946530147895,0.411575040516357,0.413509056443547,474,472,2,180,179,1,0.482788296041308,0.392173913043478,,0.270506108202443,0.379130434782609,
hsa-miR-382,miRNA,no,0,0.460182025028441,0.4123466027497,0.413086079427743,472,473,-1,179,180,-1,0.20223752151463,0.389565217391304,,0.865619546247818,0.147826086956522,
KDM2A,TF,no,0,0.169226393629124,0.412016108841559,0.412544306468733,473,474,-1,121,121,0,0.20223752151463,0.0982608695652174,0.47329650092081,0.534736782625795,0.443478260869565,0.966573816155989
NR1H4,TF,yes,2,0.494880546075085,0.410733392189347,0.412480507417691,476,475,1,123,122,1,0.20223752151463,0.337391304347826,0.243093922651934,0.31479598459608,0.620869565217391,0.674094707520891
AR,TF,yes,23,0.931740614334471,0.411388573194235,0.412160554341643,475,476,-1,122,123,-1,0.20223752151463,0.416521739130435,0.138121546961326,0.825273198428839,0.276521739130435,0.0947075208913649
THBS1,Gene,yes,19,0.618031854379977,0.409606997266608,0.410785284281072,477,477,0,174,174,0,0.636833046471601,0.0304347826086957,0.0294659300184162,0.472379674902283,0.751304347826087,0.337047353760446
UBB,Gene,no,0,0.1726393629124,0.408922246345484,0.409450443972657,478,478,0,175,175,0,0.20223752151463,0.258260869565217,0.47329650092081,0.206820705868778,0.692173913043478,0.860724233983287
NANOG,TF,yes,4,0.726962457337884,0.406685481637071,0.408188813345181,479,479,0,124,124,0,0.536144578313253,0.234782608695652,0.47329650092081,0.459002206741379,0.424347826086957,0.00278551532033426
hsa-miR-1193,miRNA,no,0,0.241467576791809,0.406413275536356,0.407645736666428,480,480,0,181,181,0,0.20223752151463,,,0.779232111692845,,
HEY1,TF,no,0,0.218714448236633,0.404810269512181,0.405338467139355,481,481,0,125,125,0,0.20223752151463,0.577391304347826,0.47329650092081,0.0621277025370314,0.685217391304348,0.618384401114206
hsa-miR-320b,miRNA,no,0,0.340728100113766,0.404455210740435,0.405194687418478,482,482,0,182,182,0,0.20223752151463,0.283478260869565,,0.364746945898778,0.834782608695652,
hsa-miR-362,miRNA,no,0,0.27901023890785,0.402982285341442,0.403721762019485,483,483,0,183,183,0,0.525817555938038,0.228695652173913,,0.712041884816754,0.27304347826087,
hsa-miR-539,miRNA,yes,1,0.445961319681456,0.401247447433053,0.403181463360243,484,484,0,184,184,0,0.20223752151463,0.413478260869565,,0.841186736474695,0.11304347826087,
PCSK2,Gene,yes,1,0.295221843003413,0.400145259451996,0.401526699399989,486,485,1,176,176,0,0.20223752151463,0.375652173913044,0.0294659300184162,0.811633709777451,0.973913043478261,0.122562674094708
CREBBP,TF,no,0,0.385949943117179,0.400989158652966,0.40151735628014,485,486,-1,126,126,0,0.20223752151463,0.230434782608696,0.138121546961326,0.582011404494525,0.4,0.871866295264624
hsa-miR-324,miRNA,no,0,0.170648464163823,0.398687253806156,0.3994267304842,487,487,0,185,185,0,0.20223752151463,0.377391304347826,,0.471204188481675,0.775652173913044,
hsa-miR-504,miRNA,no,0,0.141353811149033,0.398219764351962,0.399144110199516,488,488,0,186,186,0,0.957831325301205,0.23304347826087,,,0.264347826086957,
SOX3,Gene,no,0,0.144766780432309,0.396046313520527,0.3965745111477,489,489,0,177,177,0,0.957831325301205,0.237391304347826,0.0294659300184162,0.534666032048231,0.300869565217391,0.571030640668524
hsa-miR-421,miRNA,no,0,0.183731513083049,0.39488486366588,0.395624340343923,491,490,1,187,187,0,0.20223752151463,0.447826086956522,,0.493891797556719,0.650434782608696,
HDAC9,TF,no,0,0.27901023890785,0.394974583556398,0.395502781183572,490,491,-1,127,127,0,0.20223752151463,0.466086956521739,0.47329650092081,0.80665051274285,0.521739130434783,0.0194986072423398
hsa-miR-216a,miRNA,yes,1,0.58646188850967,0.393567199989298,0.395501215916488,493,492,1,188,188,0,0.516351118760757,0.00608695652173913,,0.724258289703316,0.144347826086957,
AHR,TF,no,0,0.32650739476678,0.394825080526311,0.395353278153485,492,493,-1,128,128,0,0.20223752151463,0.650434782608696,0.47329650092081,0.40203077899413,0.453913043478261,0.259052924791086
MKL1,TF,yes,1,0.341296928327645,0.39327443386105,0.39520844978824,494,494,0,129,129,0,0.20223752151463,0.294782608695652,,0.207290407794577,0.930434782608696,
EXT1,Gene,no,0,0.381683731513083,0.39292843037401,0.393456628001184,495,495,0,178,178,0,0.20223752151463,0.150434782608696,0.138121546961326,0.362881463283388,0.63304347826087,0.885793871866295
hsa-miR-33a,miRNA,yes,1,0.417519908987486,0.390711748963135,0.392645764890325,497,496,1,189,189,0,0.832185886402754,0.561739130434783,,0.137870855148342,0.0139130434782609,
LMO7,Gene,no,0,0.236916951080774,0.391385111980101,0.391913309607274,496,497,-1,179,179,0,0.20223752151463,0.470434782608696,1,0.657444459461136,0.165217391304348,0.011142061281337
hsa-miR-135b,miRNA,yes,1,0.556313993174062,0.385552942068228,0.387486957995418,499,498,1,190,190,0,0.641135972461274,0.197391304347826,,0.495636998254799,0.0469565217391304,
LTBP1,Gene,yes,1,0.364334470989761,0.385961950452108,0.387343390400101,498,499,-1,180,180,0,0.20223752151463,0.130434782608696,0.138121546961326,0.696544273509387,0.937391304347826,0.242339832869081
ETV4,TF,yes,6,0.516211604095563,0.384926309316925,0.385007570490337,500,500,0,130,130,0,0.20223752151463,0.0652173913043478,0.47329650092081,0.0691085053293526,0.761739130434783,0.607242339832869
hsa-miR-302d,miRNA,yes,4,0.581626848691695,0.383083951965967,0.382572006573475,501,501,0,191,191,0,0.771944922547332,0.0139130434782609,,0.545375218150087,0,
hsa-miR-613,miRNA,no,0,0.447383390216155,0.380980756324168,0.382213217454241,503,502,1,192,192,0,0.603270223752151,,,0.0959860383944154,,
MBD2,TF,no,0,0.168657565415245,0.381389626412415,0.381917824039589,502,503,-1,131,131,0,1,0.232173913043478,0.138121546961326,0.150511466727731,0.688695652173913,0.295264623955432
IRF3,TF,no,0,0.185153583617747,0.380816792631135,0.381344990258308,504,504,0,132,132,0,0.20223752151463,0.42,1,0.223796867731855,0.337391304347826,0.3008356545961
AFP,Gene,no,0,0.160409556313993,0.380738868316683,0.381267065943856,505,505,0,181,181,0,0.20223752151463,0.841739130434783,0.47329650092081,0.557353641123275,0.0104347826086957,0.423398328690808
FHL2,Gene,yes,2,0.463879408418658,0.377212181124855,0.378959296353199,507,506,1,182,182,0,0.20223752151463,0.328695652173913,0.138121546961326,0.504593831439954,0.460869565217391,0.554317548746518
MAPK7,Gene,yes,1,0.455346985210467,0.377177101949558,0.378558541897551,508,507,1,183,183,0,0.957831325301205,0.154782608695652,0.47329650092081,0.267492145469123,0.0626086956521739,0.278551532033426
hsa-miR-188,miRNA,no,0,0.341581342434585,0.377301783022795,0.378041259700838,506,508,-2,193,193,0,0.20223752151463,0.466086956521739,,0.586387434554974,0.293913043478261,
DBI,Gene,no,0,0.0955631399317406,0.375365390883607,0.375893588510781,509,509,0,184,184,0,0.20223752151463,0.136521739130435,0.47329650092081,0.174642636874026,0.763478260869565,0.785515320334262
hsa-let-7d,miRNA,yes,4,0.627701934015927,0.373569242345686,0.375673906737039,513,510,3,196,194,2,0.20223752151463,0.178260869565217,,0.673647469458988,0.196521739130435,
WNT5A,Gene,no,0,0.228668941979522,0.374920535890477,0.37544873351765,511,511,0,185,185,0,0.864888123924269,0.138260869565217,0.0294659300184162,0.319329111209521,0.83304347826087,0.214484679665738
hsa-miR-30b,miRNA,yes,10,0.794937428896473,0.374973215628231,0.375257629735171,510,512,-2,194,195,-1,0.53184165232358,0.275652173913044,,0.233856893542757,0.04,
hsa-miR-502,miRNA,no,0,0.388794084186576,0.374189509307786,0.374928985985829,512,513,-1,195,196,-1,0.20223752151463,0.185217391304348,,0.788830715532286,0.309565217391304,
CDH3,Gene,no,0,0.243174061433447,0.372823717526777,0.373351915153951,514,514,0,186,186,0,0.20223752151463,0.28,0.47329650092081,0.713168789569798,0.347826086956522,0.353760445682451
CTSV,Gene,yes,1,0.232650739476678,0.370886485464518,0.373304005373505,516,515,1,187,187,0,0.20223752151463,,,0.601503247967894,,0.456824512534819
hsa-miR-138,miRNA,no,0,0.363765642775882,0.37186625000337,0.372605726681414,515,516,-1,197,197,0,0.482788296041308,0.0539130434782609,,0.736474694589878,0.226086956521739,
ACTC1,Gene,no,0,0.267064846416382,0.370341483905111,0.370869681532284,517,517,0,188,188,0,0.20223752151463,0.461739130434783,0.243093922651934,0.378009028889562,0.598260869565217,0.445682451253482
hsa-miR-668,miRNA,no,0,0.245449374288965,0.369797674847802,0.370537151525845,519,518,1,198,198,0,0.20223752151463,0.0660869565217391,,0.93717277486911,0.401739130434783,
hsa-miR-320a,miRNA,yes,4,0.589590443686007,0.368092994971363,0.370197659362717,521,519,2,199,199,0,0.761617900172117,0.297391304347826,,0.18673647469459,0.0156521739130435,
HIF1A,TF,yes,78,0.99089874857793,0.369989680019695,0.369989680019695,518,520,-2,133,133,0,0.827882960413081,0.0121739130434783,0.0294659300184162,0.513456795465363,0.168695652173913,0.0473537604456825
SIX1,TF,no,0,0.209613196814562,0.368487369353823,0.369015566980996,520,521,-1,134,134,0,0.20223752151463,0.384347826086957,0.47329650092081,0.502379819133746,0.0452173913043478,0.766016713091922
DAPK1,Gene,yes,1,0.37514220705347,0.365309671805669,0.366691111753662,522,522,0,189,189,0,0.448364888123924,0.0773913043478261,0.138121546961326,0.581309418688445,0.542608695652174,0.403899721448468
HNF4A,TF,no,0,0.720136518771331,0.364232415867786,0.364760613494959,523,523,0,135,135,0,0.410499139414802,0.124347826086957,0.138121546961326,0.62340443944442,0.422608695652174,0.114206128133705
FBXO32,Gene,yes,10,0.796359499431172,0.360490949989253,0.36183175935054,525,524,1,190,190,0,0.20223752151463,0.568695652173913,0.47329650092081,0.366279405189448,0.0869565217391304,0.0389972144846797
hsa-miR-425,miRNA,yes,3,0.473833902161547,0.359274328029886,0.361492758064016,527,525,2,201,200,1,0.20223752151463,0.578260869565217,,0.525305410122164,0.0278260869565217,
CUX1,TF,no,0,0.17320819112628,0.359557362308876,0.36008555993605,526,526,0,136,136,0,0.20223752151463,0.147826086956522,1,0.533289333834048,0.427826086956522,0.0362116991643454
ETV5,TF,no,0,0.13509670079636,0.3583762254612,0.358904423088374,528,527,1,137,137,0,0.20223752151463,0.788695652173913,0.47329650092081,0.600716830369377,0.0365217391304348,0.275766016713092
hsa-miR-361,miRNA,yes,2,0.501990898748578,0.361238635248177,0.358607804758985,524,528,-4,200,201,-1,0.641135972461274,0.188695652173913,,,0.102608695652174,
hsa-miR-1251,miRNA,no,0,0.159840728100114,0.357729439805343,0.358468916483386,529,529,0,202,202,0,0.20223752151463,0.208695652173913,,0.701570680628272,0.52,
hsa-miR-409,miRNA,no,0,0.364903299203641,0.356929676918528,0.357669153596572,530,530,0,203,203,0,0.20223752151463,0.303478260869565,,0.846422338568936,0.071304347826087,
IL15,Gene,yes,1,0.306313993174061,0.356147821742845,0.357529261690838,532,531,1,192,191,1,0.562822719449225,0.37304347826087,0.138121546961326,0.413399824037616,0.580869565217391,0.128133704735376
RNF144A,Gene,no,0,0.282138794084187,0.356744024393673,0.357272222020847,531,532,-1,191,192,-1,0.20223752151463,0.489565217391304,0.47329650092081,0.395922576550849,0.652173913043478,0.00557103064066852
YBX1,TF,yes,1,0.360068259385666,0.353648176160292,0.355029616108285,533,533,0,138,138,0,0.20223752151463,0.208695652173913,0.138121546961326,0.203571313466073,0.380869565217391,0.991643454038997
hsa-miR-18b,miRNA,yes,6,0.631683731513083,0.347709923856066,0.349871471068808,535,534,1,205,204,1,0.458691910499139,0.00173913043478261,,0.457242582897033,0.2,
hsa-miR-376b,miRNA,no,0,0.262514220705347,0.34905038918002,0.349789865858063,534,535,-1,204,205,-1,0.20223752151463,0.4,,0.706806282722513,0.177391304347826,
hsa-let-7i,miRNA,yes,5,0.688850967007964,0.34281119128348,0.345086504138998,536,536,0,206,206,0,0.20223752151463,0.569565217391304,,0.1239092495637,0.140869565217391,
hsa-miR-338,miRNA,no,0,0.328498293515358,0.342251166129898,0.342990642807941,537,537,0,207,207,0,0.536144578313253,0.0191304347826087,,0.464223385689354,0.36695652173913,
S100A10,Gene,no,0,0.10580204778157,0.339462782403638,0.339990980030812,538,538,0,193,193,0,0.20223752151463,0.330434782608696,0.47329650092081,0.282243759600221,0.810434782608696,0.175487465181059
GRHL1,Gene,yes,6,0.470136518771331,0.335020801932269,0.336564764227085,540,539,1,195,194,1,0.761617900172117,0.190434782608696,0.138121546961326,0.441068300482689,0.220869565217391,0.133704735376045
MSC,Gene,no,0,0.135665529010239,0.335221178399304,0.335749376026478,539,540,-1,194,195,-1,0.20223752151463,0.365217391304348,0.243093922651934,0.601236063634921,0.457391304347826,0.345403899721449
RB1,TF,no,0,0.414391353811149,0.334546216185086,0.335074413812259,541,541,0,139,139,0,0.20223752151463,0.387826086956522,0.47329650092081,0.428108539695615,0.431304347826087,0.00835654596100279
SLC1A3,Gene,no,0,0.160409556313993,0.334330214174273,0.334858411801446,542,542,0,196,196,0,0.20223752151463,0.73304347826087,0.138121546961326,0.568697445660797,0.271304347826087,0.270194986072423
VCAM1,Gene,no,0,0.245164960182025,0.333870129690148,0.334398327317321,543,543,0,197,197,0,0.20223752151463,0.276521739130435,0.47329650092081,0.729392929773701,0.163478260869565,0.250696378830084
DDIT3,TF,no,0,0.372013651877133,0.328338210991369,0.328866408618543,544,544,0,140,140,0,0.20223752151463,0.0156521739130435,0.47329650092081,0.275914788051866,0.135652173913044,0.827298050139276
PERP,Gene,no,0,0.258248009101251,0.326006101792165,0.326534299419338,545,545,0,198,198,0,0.20223752151463,0.198260869565217,0.138121546961326,0.507348593022082,0.354782608695652,0.626740947075209
hsa-miR-542,miRNA,yes,1,0.391922639362912,0.32086603087128,0.32280004679847,546,546,0,208,208,0,0.562822719449225,0.0260869565217391,,0.535776614310646,0.0973913043478261,
SCG3,Gene,yes,1,0.183447098976109,0.318971742887501,0.320353182835494,547,547,0,199,199,0,0.20223752151463,0.674782608695652,0.0294659300184162,0.629002727280443,0.467826086956522,0.0557103064066852
SREBF2,TF,yes,8,0.752559726962457,0.318811208984051,0.320152018345338,548,548,0,141,141,0,0.20223752151463,0.130434782608696,0.47329650092081,0.233389417411135,0.0173913043478261,0.431754874651811
CTCF,TF,no,0,0.340159271899886,0.31859386881967,0.319122066446844,549,549,0,142,142,0,0.20223752151463,0.0547826086956522,0.138121546961326,0.410904248768053,0.0904347826086957,0.997214484679666
MECP2,TF,no,0,0.335324232081911,0.318436516113818,0.318964713740992,550,550,0,143,143,0,0.20223752151463,0.56695652173913,0.138121546961326,0.291307312196836,0.676521739130435,0.0222841225626741
WWC1,Gene,no,0,0.327929465301479,0.31715273232823,0.317680929955404,551,551,0,200,200,0,0.424268502581756,0.281739130434783,0.138121546961326,0.563191454089968,0.32695652173913,0.161559888579387
hsa-miR-375,miRNA,no,0,0.283276450511945,0.306165275387185,0.306904752065229,552,552,0,209,209,0,0.20223752151463,0.633913043478261,,0.340314136125655,0.0747826086956522,
HES1,TF,no,0,0.421786120591581,0.299082908137874,0.299611105765048,555,553,2,146,144,2,0.20223752151463,0.193913043478261,0.138121546961326,0.243382521010458,0.137391304347826,0.760445682451254
SDC4,Gene,no,0,0.20193401592719,0.294932916841598,0.295461114468771,556,554,2,201,201,0,0.20223752151463,0.206086956521739,0.138121546961326,0.291939319034001,0.615652173913044,0.412256267409471
PAX6,TF,no,0,0.265642775881684,0.293712400166914,0.294240597794088,557,555,2,147,145,2,0.20223752151463,0.411304347826087,0.0294659300184162,0.635887672536887,0.16695652173913,0.348189415041783
hsa-miR-28,miRNA,no,0,0.186291240045506,0.292790845024681,0.293530321702725,558,556,2,210,210,0,0.20223752151463,0.52695652173913,,0.2478184991274,0.304347826086957,
hsa-miR-331,miRNA,no,0,0.16353811149033,0.292621128335575,0.293360605013618,559,557,2,211,211,0,0.20223752151463,0.530434782608696,,0.0453752181500873,0.525217391304348,
hsa-miR-499a,miRNA,no,0,0.0955631399317406,0.292533683913834,0.293273160591877,560,558,2,212,212,0,0.20223752151463,0.0869565217391304,,0.462478184991274,0.619130434782609,
ZBTB7A,TF,no,0,0.136803185437998,0.303928019267191,0.292754607923131,553,559,-6,144,146,-2,0.20223752151463,0.135652173913043,0.138121546961326,0.324897039212973,0.189565217391304,0.922005571030641
HSF2,TF,no,0,0.194254835039818,0.291903057173555,0.292431254800729,561,560,1,148,147,1,0.20223752151463,0.29304347826087,0.138121546961326,0.121771478127358,0.573913043478261,0.523676880222841
hsa-miR-1197,miRNA,no,0,0.196245733788396,0.291086167477637,0.291825644155681,562,561,1,213,213,0,0.20223752151463,0.0521739130434783,,0.93542757417103,0.0730434782608696,
CDX2,TF,no,0,0.214163822525597,0.302484146916145,0.291310735572085,554,562,-8,145,148,-3,0.20223752151463,0.08,0.243093922651934,0.609962067125323,0.0434782608695652,0.646239554317549
BAG3,Gene,no,0,0.132252559726962,0.285628701323925,0.286156898951099,563,563,0,202,202,0,0.20223752151463,0.0373913043478261,0.47329650092081,0.384133316405427,0.227826086956522,0.545961002785515
hsa-miR-374a,miRNA,yes,1,0.475255972696246,0.282322878129586,0.284256894056776,565,564,1,214,214,0,0.525817555938038,0.0208695652173913,,0.31064572425829,0.088695652173913,
GATA1,TF,yes,3,0.697952218430034,0.285140476535569,0.282702641333229,564,565,-1,149,149,0,0.20223752151463,0.0643478260869565,0.0294659300184162,0.271551786306665,0.40695652173913,0.306406685236769
MYOD1,TF,yes,1,0.539817974971559,0.280857196546941,0.282238636494933,566,566,0,150,150,0,0.20223752151463,0.0573913043478261,0.138121546961326,0.500173077755182,0.0226086956521739,0.515320334261839
HSD17B2,Gene,no,0,0.118600682593857,0.278512745259261,0.279040942886435,567,567,0,203,203,0,0.20223752151463,0.805217391304348,0.138121546961326,0.442138402968343,0.23304347826087,0.0139275766016713
FOXF2,TF,no,0,0.275597269624573,0.273295119365189,0.273823316992362,568,568,0,151,151,0,0.20223752151463,0.0365217391304348,0.47329650092081,0.481848470425339,0.154782608695652,0.292479108635098
NF1,TF,no,0,0.270762229806598,0.273100472803203,0.273628670430377,569,569,0,152,152,0,0.20223752151463,0.328695652173913,0.0294659300184162,0.539939977156823,0.257391304347826,0.286908077994429
GJB1,Gene,no,0,0.118600682593857,0.271289759285242,0.271817956912415,570,570,0,204,204,0,0.20223752151463,0.503478260869565,0.138121546961326,0.447658402203857,0.389565217391304,0.103064066852368
hsa-miR-212,miRNA,yes,7,0.691410693970421,0.270008295892193,0.270235827177745,571,571,0,215,215,0,0.20223752151463,0.0434782608695652,,0.0401396160558464,0.373913043478261,
hsa-miR-760,miRNA,yes,1,0.376848691695108,0.257716597987237,0.259650613914427,572,572,0,216,216,0,0.20223752151463,0.630434782608696,,0.0104712041884817,0.0782608695652174,
hsa-miR-190a,miRNA,no,0,0.217292377701934,0.255122190243197,0.25586166692124,573,573,0,217,217,0,0.20223752151463,0.414782608695652,,0.43630017452007,0.00869565217391304,
SOX1,Gene,no,0,0.254266211604096,0.252747155456631,0.253275353083804,574,574,0,205,205,0,0.482788296041308,0.0843478260869565,0.243093922651934,0.606471665729162,0.0573913043478261,0.0445682451253482
CDX1,TF,no,0,0.152730375426621,0.246081142389853,0.246609340017027,575,575,0,153,153,0,0.20223752151463,0.465217391304348,0.0294659300184162,0.0577647007918307,0.754782608695652,0.064066852367688
KCTD11,Gene,no,0,0.10580204778157,0.242343595898124,0.242871793525298,576,576,0,206,206,0,0.20223752151463,0.0452173913043478,0.47329650092081,0.225303967807538,0.08,0.568245125348189
SYP,Gene,no,0,0.118600682593857,0.237142239477274,0.237670437104447,577,577,0,207,207,0,0.20223752151463,0.117391304347826,0.243093922651934,0.592116510056821,0.0643478260869565,0.325905292479109
NR1H2,TF,yes,1,0.298634812286689,0.226051634042088,0.22743307399008,578,578,0,154,154,0,0.20223752151463,0.0765217391304348,0.47329650092081,0.253163639972391,0.118260869565217,0.16991643454039
REL,TF,no,0,0.276166097838453,0.222282188016128,0.222810385643302,579,579,0,155,155,0,0.20223752151463,0.122608695652174,0.0294659300184162,0.29157304234428,0.250434782608696,0.387186629526462
GATA6,TF,no,0,0.296359499431172,0.221728562382711,0.222256760009885,580,580,0,156,156,0,0.20223752151463,0.538260869565217,0.138121546961326,0.059509901489911,0.0678260869565218,0.253481894150418
MAFB,TF,yes,1,0.236063708759955,0.22055682507132,0.221938265019313,581,581,0,157,157,0,0.20223752151463,0.228695652173913,0.47329650092081,0.320659720645618,0.00347826086956522,0.0891364902506964
hsa-miR-491,miRNA,no,0,0.136234357224118,0.219780580358872,0.220704926206426,582,582,0,218,218,0,0.20223752151463,0.328695652173913,,,0.215652173913043,
hsa-miR-802,miRNA,yes,1,0.319112627986348,0.1884135113464,0.183237174600097,583,583,0,219,219,0,0.20223752151463,0.0878260869565217,,0.265270506108203,0.0417391304347826,
