rep	total3	comp3	tf3	mir3	other3	recip	TTrecip	bhat3_comp	bhat6_mirFFL_inst	bhat6_mirFFL_sets	bhat6_TFFFL_inst	bhat6_TFFFL_sets	bhat6_comp_inst	bhat6_comp_sets	model6_full_inst	model6_full_sets	model6_def_inst	model6_def_sets	census6c_seeds	census6c	sec	bhat3_mirFFL_inst	bhat3_mirFFL_sets	bhat3_TFFFL_inst	bhat3_TFFFL_sets	bhat3_comp_inst	bhat3_comp_sets	bhat4_mirFFL_inst	bhat4_mirFFL_sets	bhat4_TFFFL_inst	bhat4_TFFFL_sets	bhat4_comp_inst	bhat4_comp_sets	bhat5_mirFFL_inst	bhat5_mirFFL_sets	bhat5_TFFFL_inst	bhat5_TFFFL_sets	bhat5_comp_inst	bhat5_comp_sets
0	4112	1368	9	262	2473	1223	53	1173	1059	991	1147	1047	192	178	0	0	13497	11144	-1	-1	0.0	1355	1355	1182	1182	1173	1173	838	837	616	615	605	604	178	170	89	87	88	86
1	4198	1355	9	266	2568	1223	53	1173	897	843	818	766	332	298	0	0	14547	11427	-1	-1	0.0	1355	1355	1182	1182	1173	1173	984	982	757	755	742	740	129	123	73	71	73	71
2	4279	1358	9	257	2655	1223	53	1173	1143	1096	1072	1017	310	298	0	0	18734	14931	-1	-1	0.0	1355	1355	1182	1182	1173	1173	980	973	711	704	704	697	210	199	120	118	119	117
3	3998	1330	9	255	2404	1223	53	1173	888	821	953	881	316	295	0	0	17137	11735	-1	-1	0.0	1355	1355	1182	1182	1173	1173	895	888	712	705	695	688	154	142	100	94	99	93
4	4177	1332	9	262	2574	1223	53	1173	1023	897	1009	855	234	204	0	0	15243	12804	-1	-1	0.0	1355	1355	1182	1182	1173	1173	840	834	646	640	640	634	151	139	94	88	94	88
5	4237	1331	9	260	2637	1223	53	1173	859	808	953	893	303	289	0	0	12303	10417	-1	-1	0.0	1355	1355	1182	1182	1173	1173	932	931	699	698	689	688	176	163	100	96	100	96
6	4220	1319	10	254	2637	1223	53	1173	2118	1969	1859	1723	629	565	0	0	15457	11385	-1	-1	0.0	1355	1355	1182	1182	1173	1173	1004	998	768	761	758	752	278	265	176	173	176	173
7	4220	1335	9	262	2614	1223	53	1173	510	466	642	570	211	179	0	0	15193	10842	-1	-1	0.0	1355	1355	1182	1182	1173	1173	818	817	642	641	632	631	87	80	63	61	63	61
8	4223	1345	9	274	2595	1223	53	1173	669	612	679	609	168	152	0	0	14999	11230	-1	-1	0.0	1355	1355	1182	1182	1173	1173	848	848	626	626	622	622	100	92	69	64	69	64
9	4217	1346	9	257	2605	1223	53	1173	2236	2057	2664	2448	1038	908	0	0	23746	16437	-1	-1	0.0	1355	1355	1182	1182	1173	1173	1073	1070	825	822	816	813	301	284	214	206	214	206
10	4216	1343	9	258	2606	1223	53	1173	836	786	1179	1042	306	269	0	0	16091	11990	-1	-1	0.0	1355	1355	1182	1182	1173	1173	817	812	644	639	634	629	152	146	88	86	88	86
11	4103	1379	9	253	2462	1223	53	1173	911	879	1106	1000	225	212	0	0	11796	9019	-1	-1	0.0	1355	1355	1182	1182	1173	1173	837	836	656	655	647	646	158	155	101	101	100	100
12	4636	1379	9	274	2974	1223	53	1173	1874	1709	1522	1440	322	309	0	0	15352	12227	-1	-1	0.0	1355	1355	1182	1182	1173	1173	1003	997	719	717	710	708	235	225	143	140	142	139
13	4141	1355	10	257	2519	1223	53	1173	1197	1122	1354	1222	334	313	0	0	21223	16568	-1	-1	0.0	1355	1355	1182	1182	1173	1173	930	925	749	744	736	731	168	157	83	81	81	79
14	4105	1331	10	253	2511	1223	53	1173	1183	1096	955	904	342	329	0	0	16486	12732	-1	-1	0.0	1355	1355	1182	1182	1173	1173	832	831	638	637	622	621	124	120	82	81	82	81
15	4089	1353	9	252	2475	1223	53	1173	1465	1350	1534	1437	521	474	0	0	15247	11735	-1	-1	0.0	1355	1355	1182	1182	1173	1173	839	838	657	656	649	648	195	184	161	154	161	154
16	4215	1370	10	251	2584	1223	53	1173	1498	1360	1363	1219	320	299	0	0	6950	5880	-1	-1	0.0	1355	1355	1182	1182	1173	1173	936	934	701	699	692	690	192	175	122	116	122	116
17	4231	1339	10	270	2612	1223	53	1173	1269	1116	1228	1105	420	365	0	0	9198	7183	-1	-1	0.0	1355	1355	1182	1182	1173	1173	1007	1007	783	783	771	771	213	189	131	122	131	122
18	4041	1320	10	249	2462	1223	53	1173	1946	1702	1937	1708	638	561	0	0	11160	8210	-1	-1	0.0	1355	1355	1182	1182	1173	1173	1005	1001	757	753	744	740	252	222	144	131	144	131
19	4194	1334	9	249	2602	1223	53	1173	1435	1346	1475	1329	319	295	0	0	14368	10498	-1	-1	0.0	1355	1355	1182	1182	1173	1173	922	921	679	678	669	668	175	171	125	123	124	122
20	4166	1337	9	253	2567	1223	53	1173	1703	1641	1424	1356	337	310	0	0	10135	8138	-1	-1	0.0	1355	1355	1182	1182	1173	1173	1013	1010	781	778	764	761	268	260	186	183	182	179
21	4187	1362	9	257	2559	1223	53	1173	1261	1187	1246	1160	464	425	0	0	16364	12131	-1	-1	0.0	1355	1355	1182	1182	1173	1173	1068	1056	826	813	819	807	191	181	117	113	117	113
22	4145	1344	9	256	2536	1223	53	1173	761	733	704	663	197	190	0	0	13555	9719	-1	-1	0.0	1355	1355	1182	1182	1173	1173	938	928	713	703	707	698	99	99	57	57	56	56
23	4085	1335	9	248	2493	1223	53	1173	1525	1413	1358	1228	550	483	20	5	12277	9270	-1	-1	0.0	1355	1355	1182	1182	1173	1173	945	939	746	741	737	732	188	185	133	133	131	131
24	4189	1342	9	250	2588	1223	53	1173	1256	1157	1028	974	307	301	0	0	15458	11741	-1	-1	0.0	1355	1355	1182	1182	1173	1173	787	786	569	568	563	562	169	165	92	92	92	92
25	4182	1336	10	251	2585	1223	53	1173	1004	896	1083	943	328	288	0	0	15312	11759	-1	-1	0.0	1355	1355	1182	1182	1173	1173	923	921	710	708	701	699	125	115	88	84	88	84
26	4267	1339	9	246	2673	1223	53	1173	1272	1136	1089	978	470	396	0	0	10020	7400	-1	-1	0.0	1355	1355	1182	1182	1173	1173	838	834	648	644	641	637	132	125	93	89	92	88
27	4152	1347	9	257	2539	1223	53	1173	897	827	750	723	207	193	0	0	22797	17677	-1	-1	0.0	1355	1355	1182	1182	1173	1173	922	920	675	674	663	662	117	112	62	62	60	60
28	4093	1346	9	265	2473	1223	53	1173	1041	977	1092	964	279	262	0	0	9693	7446	-1	-1	0.0	1355	1355	1182	1182	1173	1173	823	822	630	629	621	620	170	159	87	84	87	84
29	4348	1359	9	268	2712	1223	53	1173	1407	1222	1451	1265	435	384	0	0	12470	9535	-1	-1	0.0	1355	1355	1182	1182	1173	1173	929	927	684	682	677	675	215	189	129	118	128	117
30	4024	1313	11	251	2449	1223	53	1173	1458	1326	1224	1129	418	403	0	0	9715	7720	-1	-1	0.0	1355	1355	1182	1182	1173	1173	1012	1007	792	787	785	780	174	168	94	93	92	91
31	4054	1333	10	259	2452	1223	53	1173	825	753	904	830	289	256	0	0	18670	12728	-1	-1	0.0	1355	1355	1182	1182	1173	1173	872	870	671	669	658	656	134	130	89	86	88	86
32	4330	1368	10	264	2688	1223	53	1173	639	589	688	629	216	193	20	4	17341	12931	-1	-1	0.0	1355	1355	1182	1182	1173	1173	937	934	729	727	719	717	126	119	81	78	81	78
33	4288	1347	9	249	2683	1223	53	1173	1311	1223	1367	1222	419	384	0	0	14434	11936	-1	-1	0.0	1355	1355	1182	1182	1173	1173	1006	1004	772	770	762	760	202	188	115	109	115	109
34	4188	1338	9	257	2584	1223	53	1173	1600	1371	1469	1330	425	375	0	0	19240	12876	-1	-1	0.0	1355	1355	1182	1182	1173	1173	903	902	659	658	652	651	267	235	133	126	132	125
35	4071	1334	9	256	2472	1223	53	1173	943	813	950	842	246	218	4	1	10924	8552	-1	-1	0.0	1355	1355	1182	1182	1173	1173	839	839	626	626	615	615	139	128	85	79	85	79
36	4225	1326	9	250	2640	1223	53	1173	1391	1249	1402	1279	334	315	0	0	14747	11486	-1	-1	0.0	1355	1355	1182	1182	1173	1173	987	984	770	767	759	756	205	196	137	132	137	132
37	3997	1350	9	256	2382	1223	53	1173	1275	1181	1160	1071	392	348	0	0	15484	11322	-1	-1	0.0	1355	1355	1182	1182	1173	1173	1059	1050	795	786	783	774	217	203	138	133	138	133
38	3991	1352	10	254	2375	1223	53	1173	1165	1063	1000	950	279	262	0	0	13027	11136	-1	-1	0.0	1355	1355	1182	1182	1173	1173	1012	1006	790	784	782	776	156	145	107	102	107	102
39	3994	1364	10	247	2373	1223	53	1173	1568	1363	1135	1033	375	338	4	1	10444	8148	-1	-1	0.0	1355	1355	1182	1182	1173	1173	978	976	737	735	725	723	197	174	101	92	101	92
40	4312	1364	9	277	2662	1223	53	1173	921	828	979	897	201	184	0	0	12826	10194	-1	-1	0.0	1355	1355	1182	1182	1173	1173	921	921	690	690	683	683	162	153	97	95	97	95
41	4290	1346	10	259	2675	1223	53	1173	856	799	891	858	240	230	0	0	11426	9742	-1	-1	0.0	1355	1355	1182	1182	1173	1173	849	841	676	667	666	658	113	110	81	78	80	77
42	4112	1315	9	262	2526	1223	53	1173	937	876	1157	1069	330	302	0	0	16730	12418	-1	-1	0.0	1355	1355	1182	1182	1173	1173	989	988	744	743	731	730	163	158	96	95	96	95
43	4275	1348	9	261	2657	1223	53	1173	1237	1042	1088	948	345	292	0	0	11254	8670	-1	-1	0.0	1355	1355	1182	1182	1173	1173	1093	1092	827	826	817	816	211	185	131	121	130	121
44	4258	1365	9	266	2618	1223	53	1173	801	724	1019	892	179	166	0	0	17755	14814	-1	-1	0.0	1355	1355	1182	1182	1173	1173	808	808	591	591	580	580	135	127	86	82	83	79
45	3994	1363	10	255	2366	1223	53	1173	876	833	777	734	210	205	0	0	14124	10200	-1	-1	0.0	1355	1355	1182	1182	1173	1173	827	826	644	643	634	633	141	132	92	86	92	86
46	4105	1349	10	266	2480	1223	53	1173	1149	1041	1042	953	358	306	0	0	14557	10700	-1	-1	0.0	1355	1355	1182	1182	1173	1173	998	996	756	754	747	745	180	167	110	103	109	102
47	4111	1361	9	240	2501	1223	53	1173	1346	1274	1375	1301	476	449	0	0	15202	12064	-1	-1	0.0	1355	1355	1182	1182	1173	1173	827	825	635	633	625	623	183	171	127	122	126	121
48	4235	1331	10	260	2634	1223	53	1173	1546	1443	1721	1567	525	471	4	1	10066	8000	-1	-1	0.0	1355	1355	1182	1182	1173	1173	1069	1068	837	836	828	827	252	238	145	140	143	138
49	4162	1333	10	253	2566	1223	53	1173	972	921	1013	934	337	315	0	0	7764	5744	-1	-1	0.0	1355	1355	1182	1182	1173	1173	911	910	677	676	668	667	165	157	84	80	83	80
50	4019	1339	10	254	2416	1223	53	1173	1467	1399	1225	1141	461	427	0	0	20613	15520	-1	-1	0.0	1355	1355	1182	1182	1173	1173	1064	1058	815	809	803	797	265	256	133	131	133	131
51	4230	1334	9	260	2627	1223	53	1173	968	856	760	719	243	229	0	0	13599	10255	-1	-1	0.0	1355	1355	1182	1182	1173	1173	1008	1001	777	770	764	757	130	123	87	81	87	81
52	4231	1337	9	266	2619	1223	53	1173	1139	1044	1107	981	351	310	0	0	12089	9879	-1	-1	0.0	1355	1355	1182	1182	1173	1173	934	933	723	722	712	711	129	119	85	79	85	79
53	4257	1339	9	249	2660	1223	53	1173	997	919	1079	1005	375	327	0	0	10112	8325	-1	-1	0.0	1355	1355	1182	1182	1173	1173	908	900	696	688	689	681	195	181	96	94	96	94
54	4315	1356	9	279	2671	1223	53	1173	1113	1012	909	837	338	300	0	0	15507	9965	-1	-1	0.0	1355	1355	1182	1182	1173	1173	830	829	627	626	620	619	164	150	85	77	85	77
55	4424	1348	9	257	2810	1223	53	1173	1233	1118	1182	1065	442	391	0	0	15593	12610	-1	-1	0.0	1355	1355	1182	1182	1173	1173	955	948	754	747	738	731	174	164	99	95	99	95
56	4167	1331	9	252	2575	1223	53	1173	1240	1154	1438	1347	377	356	0	0	19849	16077	-1	-1	0.0	1355	1355	1182	1182	1173	1173	1018	1013	789	784	775	770	243	231	153	149	153	149
57	4314	1341	10	267	2696	1223	53	1173	819	796	1194	1140	223	215	0	0	11021	10231	-1	-1	0.0	1355	1355	1182	1182	1173	1173	836	832	619	616	611	608	223	212	137	132	135	132
58	4181	1361	9	263	2548	1223	53	1173	1271	1161	1106	1028	327	303	0	0	11285	9973	-1	-1	0.0	1355	1355	1182	1182	1173	1173	991	986	780	776	766	762	193	182	118	113	118	113
59	4055	1369	9	256	2421	1223	53	1173	1120	1066	1079	1032	407	377	0	0	7765	5151	-1	-1	0.0	1355	1355	1182	1182	1173	1173	891	884	700	692	693	686	137	134	96	95	96	95
60	4230	1330	9	259	2632	1223	53	1173	1580	1482	1412	1315	413	375	0	0	13431	10608	-1	-1	0.0	1355	1355	1182	1182	1173	1173	1042	1036	790	783	777	771	193	184	120	119	120	119
61	4174	1326	10	254	2584	1223	53	1173	1928	1768	1492	1379	519	473	0	0	12306	8935	-1	-1	0.0	1355	1355	1182	1182	1173	1173	1080	1072	846	837	833	825	230	223	148	145	148	145
62	4139	1369	9	239	2522	1223	53	1173	1320	1208	1220	1081	331	294	0	0	9570	8165	-1	-1	0.0	1355	1355	1182	1182	1173	1173	941	941	703	703	692	692	191	177	112	110	110	108
63	4267	1366	9	267	2625	1223	53	1173	1225	1140	1188	1094	297	270	0	0	12298	8955	-1	-1	0.0	1355	1355	1182	1182	1173	1173	916	915	659	658	650	649	164	155	113	109	112	109
64	4227	1338	10	255	2624	1223	53	1173	1649	1485	1559	1408	491	424	0	0	14286	10223	-1	-1	0.0	1355	1355	1182	1182	1173	1173	943	934	733	723	721	712	233	213	142	134	139	131
65	4043	1300	9	248	2486	1223	53	1173	1100	1012	1284	1165	292	271	0	0	15604	11167	-1	-1	0.0	1355	1355	1182	1182	1173	1173	889	886	705	702	692	689	150	141	105	100	105	100
66	4289	1344	9	253	2683	1223	53	1173	1207	1129	1178	1100	403	384	4	1	13535	10566	-1	-1	0.0	1355	1355	1182	1182	1173	1173	1040	1038	760	758	752	750	208	192	116	111	116	111
67	3968	1332	9	253	2374	1223	53	1173	1140	1055	1057	978	427	387	0	0	14678	11424	-1	-1	0.0	1355	1355	1182	1182	1173	1173	988	977	772	760	756	745	167	158	113	108	112	107
68	4237	1342	9	248	2638	1223	53	1173	1242	1164	1520	1353	325	290	0	0	14965	11753	-1	-1	0.0	1355	1355	1182	1182	1173	1173	1060	1046	816	804	800	788	251	236	154	150	154	150
69	4307	1368	10	247	2682	1223	53	1173	900	836	789	727	224	216	0	0	13634	9403	-1	-1	0.0	1355	1355	1182	1182	1173	1173	919	915	738	735	728	725	137	128	87	81	87	81
70	4080	1367	9	266	2438	1223	53	1173	1559	1495	1735	1589	462	430	0	0	11040	9162	-1	-1	0.0	1355	1355	1182	1182	1173	1173	912	910	695	693	685	683	221	214	140	139	140	139
71	4352	1356	10	273	2713	1223	53	1173	768	742	961	917	216	206	0	0	18034	13277	-1	-1	0.0	1355	1355	1182	1182	1173	1173	927	923	717	713	710	706	131	128	85	83	85	83
72	4126	1368	9	246	2503	1223	53	1173	1187	1101	1237	1167	407	367	0	0	19363	14385	-1	-1	0.0	1355	1355	1182	1182	1173	1173	962	961	757	756	740	739	182	174	126	124	124	122
73	4279	1367	9	253	2650	1223	53	1173	1230	1164	1275	1179	409	380	0	0	13549	10052	-1	-1	0.0	1355	1355	1182	1182	1173	1173	908	907	676	675	665	664	169	161	113	110	113	110
74	4112	1335	9	254	2514	1223	53	1173	1153	1023	842	761	264	241	0	0	11151	8350	-1	-1	0.0	1355	1355	1182	1182	1173	1173	758	756	558	556	550	548	176	166	94	92	93	91
75	4278	1339	9	274	2656	1223	53	1173	857	766	978	865	281	250	0	0	21263	16443	-1	-1	0.0	1355	1355	1182	1182	1173	1173	915	908	695	689	688	682	124	114	82	76	82	76
76	4474	1368	9	256	2841	1223	53	1173	1078	1021	904	860	272	266	0	0	15665	12116	-1	-1	0.0	1355	1355	1182	1182	1173	1173	942	937	743	738	727	722	137	130	84	82	83	82
77	4017	1340	9	262	2406	1223	53	1173	767	731	981	950	286	270	0	0	10046	7417	-1	-1	0.0	1355	1355	1182	1182	1173	1173	953	949	739	735	727	723	149	142	95	92	95	92
78	4246	1353	9	247	2637	1223	53	1173	1116	1040	1279	1117	421	372	0	0	14809	12292	-1	-1	0.0	1355	1355	1182	1182	1173	1173	995	989	748	743	739	734	164	155	95	91	95	91
79	4207	1369	9	254	2575	1223	53	1173	1531	1352	1386	1257	498	425	0	0	14583	10856	-1	-1	0.0	1355	1355	1182	1182	1173	1173	950	949	720	719	712	711	213	197	139	135	139	135
80	4172	1364	9	255	2544	1223	53	1173	739	687	926	830	271	252	4	1	24556	16588	-1	-1	0.0	1355	1355	1182	1182	1173	1173	812	805	643	635	633	626	100	93	53	51	53	51
81	4177	1338	9	263	2567	1223	53	1173	1064	1001	1040	998	346	326	16	3	11938	9498	-1	-1	0.0	1355	1355	1182	1182	1173	1173	865	864	715	714	702	701	181	169	114	107	114	107
82	4234	1352	9	264	2609	1223	53	1173	1353	1217	1217	1103	377	349	0	0	9048	7775	-1	-1	0.0	1355	1355	1182	1182	1173	1173	1037	1032	783	778	770	765	171	158	94	90	93	89
83	4086	1361	9	260	2456	1223	53	1173	666	635	843	804	164	160	0	0	12967	10521	-1	-1	0.0	1355	1355	1182	1182	1173	1173	976	976	745	745	737	737	123	121	85	85	85	85
84	4071	1343	9	256	2463	1223	53	1173	1438	1349	1453	1358	491	459	0	0	23377	16214	-1	-1	0.0	1355	1355	1182	1182	1173	1173	882	876	689	683	675	669	206	195	130	127	130	127
85	4143	1360	9	268	2506	1223	53	1173	1042	979	827	775	276	252	0	0	21169	14920	-1	-1	0.0	1355	1355	1182	1182	1173	1173	926	926	677	677	667	667	139	135	70	69	70	69
86	4179	1344	9	260	2566	1223	53	1173	762	713	744	680	166	152	0	0	9481	7532	-1	-1	0.0	1355	1355	1182	1182	1173	1173	760	758	573	571	567	565	168	156	90	88	89	87
87	4256	1333	9	271	2643	1223	53	1173	704	653	632	579	161	147	0	0	10644	8394	-1	-1	0.0	1355	1355	1182	1182	1173	1173	898	882	722	706	713	698	94	93	74	74	74	74
88	4149	1348	9	262	2530	1223	53	1173	1441	1338	1215	1149	391	371	0	0	10643	8247	-1	-1	0.0	1355	1355	1182	1182	1173	1173	1035	1030	793	788	782	777	219	203	123	120	122	119
89	4253	1334	9	260	2650	1223	53	1173	1146	1030	832	762	274	252	0	0	14891	9979	-1	-1	0.0	1355	1355	1182	1182	1173	1173	890	884	656	650	649	643	158	146	72	72	72	72
90	4230	1320	9	252	2649	1223	53	1173	1951	1830	2209	1980	627	574	0	0	10921	8601	-1	-1	0.0	1355	1355	1182	1182	1173	1173	1060	1052	804	796	795	787	272	260	162	159	160	159
91	4181	1359	9	261	2552	1223	53	1173	610	591	636	601	161	156	0	0	15519	10081	-1	-1	0.0	1355	1355	1182	1182	1173	1173	905	900	699	694	692	687	114	107	82	73	80	73
92	4234	1314	9	257	2654	1223	53	1173	660	630	749	673	172	168	0	0	13796	11436	-1	-1	0.0	1355	1355	1182	1182	1173	1173	771	769	588	586	580	578	73	72	54	54	51	51
93	4376	1364	9	275	2728	1223	53	1173	1080	993	1043	951	266	243	0	0	16714	11367	-1	-1	0.0	1355	1355	1182	1182	1173	1173	878	875	693	691	685	683	158	147	128	122	128	122
94	4200	1357	9	267	2567	1223	53	1173	650	592	712	658	174	162	0	0	12572	9848	-1	-1	0.0	1355	1355	1182	1182	1173	1173	969	964	747	744	733	730	117	113	65	65	65	65
95	4195	1354	10	259	2572	1223	53	1173	963	879	931	844	278	258	12	2	20505	14323	-1	-1	0.0	1355	1355	1182	1182	1173	1173	836	831	640	635	635	630	138	124	94	89	94	89
96	3979	1359	9	251	2360	1223	53	1173	989	931	810	756	291	262	0	0	11953	9394	-1	-1	0.0	1355	1355	1182	1182	1173	1173	739	739	550	550	542	542	135	126	73	71	72	70
97	4125	1334	9	265	2517	1223	53	1173	1405	1294	1412	1298	454	404	0	0	15252	12015	-1	-1	0.0	1355	1355	1182	1182	1173	1173	937	935	696	694	686	684	201	189	138	135	138	135
98	4378	1380	9	268	2721	1223	53	1173	959	881	1116	1025	224	218	0	0	11011	8699	-1	-1	0.0	1355	1355	1182	1182	1173	1173	1015	1002	787	775	773	761	206	194	117	116	117	116
99	4326	1328	9	257	2732	1223	53	1173	1487	1256	1726	1396	338	283	0	0	19654	14498	-1	-1	0.0	1355	1355	1182	1182	1173	1173	1036	1034	797	795	786	784	232	202	166	144	164	143
100	4225	1353	10	255	2607	1223	53	1173	1376	1308	1579	1443	391	371	0	0	11760	8912	-1	-1	0.0	1355	1355	1182	1182	1173	1173	1034	1022	772	759	766	754	215	204	150	146	150	146
101	4228	1364	9	255	2600	1223	53	1173	1695	1553	1269	1205	441	413	8	2	18274	13125	-1	-1	0.0	1355	1355	1182	1182	1173	1173	950	943	729	722	719	712	188	173	117	112	117	112
102	4134	1371	9	242	2512	1223	53	1173	1227	1099	1365	1182	349	312	0	0	17859	13333	-1	-1	0.0	1355	1355	1182	1182	1173	1173	1032	1029	797	794	786	783	210	189	122	114	122	114
103	4038	1357	9	248	2424	1223	53	1173	1099	1041	795	771	318	301	0	0	20627	14234	-1	-1	0.0	1355	1355	1182	1182	1173	1173	871	869	636	634	629	627	146	142	82	82	82	82
104	4304	1330	9	255	2710	1223	53	1173	1461	1388	1628	1431	453	423	0	0	11477	9306	-1	-1	0.0	1355	1355	1182	1182	1173	1173	1046	1041	784	779	773	768	233	224	146	145	146	145
105	4088	1368	10	260	2450	1223	53	1173	1669	1501	1358	1266	571	525	0	0	17007	12321	-1	-1	0.0	1355	1355	1182	1182	1173	1173	1000	997	772	769	761	758	227	220	123	120	123	120
106	3939	1338	9	254	2338	1223	53	1173	992	942	1213	1093	363	327	8	2	12370	7867	-1	-1	0.0	1355	1355	1182	1182	1173	1173	921	919	696	694	687	685	182	175	82	82	82	82
107	4244	1332	9	250	2653	1223	53	1173	769	744	837	782	264	255	0	0	20163	13530	-1	-1	0.0	1355	1355	1182	1182	1173	1173	886	879	668	660	658	651	118	117	95	94	95	94
108	3982	1334	10	252	2386	1223	53	1173	1020	960	901	851	280	259	0	0	15176	11609	-1	-1	0.0	1355	1355	1182	1182	1173	1173	951	949	746	744	731	729	181	175	125	124	125	124
109	3989	1352	10	259	2368	1223	53	1173	1208	1100	1108	986	334	291	0	0	10800	8766	-1	-1	0.0	1355	1355	1182	1182	1173	1173	1026	1024	790	788	780	778	190	177	131	124	131	124
110	4053	1339	9	242	2463	1223	53	1173	1045	968	1242	1111	345	316	0	0	10540	7968	-1	-1	0.0	1355	1355	1182	1182	1173	1173	799	796	613	610	606	603	157	150	110	105	109	105
111	4073	1338	9	254	2472	1223	53	1173	1607	1439	1450	1260	455	395	16	1	14792	10379	-1	-1	0.0	1355	1355	1182	1182	1173	1173	996	993	766	763	759	756	221	207	155	146	154	145
112	4336	1352	9	261	2714	1223	53	1173	1201	1132	1129	1057	274	254	0	0	16436	12972	-1	-1	0.0	1355	1355	1182	1182	1173	1173	892	887	678	673	672	667	160	151	102	98	102	98
113	4337	1335	9	251	2742	1223	53	1173	1399	1162	1362	1135	418	334	8	1	28911	18873	-1	-1	0.0	1355	1355	1182	1182	1173	1173	959	951	727	723	719	715	177	148	129	107	128	106
114	4285	1352	9	258	2666	1223	53	1173	972	895	1149	1035	284	260	0	0	11145	8034	-1	-1	0.0	1355	1355	1182	1182	1173	1173	935	928	700	693	694	687	153	150	103	102	102	101
115	4323	1370	9	247	2697	1223	53	1173	1632	1512	1486	1384	429	413	0	0	15734	11893	-1	-1	0.0	1355	1355	1182	1182	1173	1173	932	928	719	715	708	704	245	236	148	143	148	143
116	4300	1349	10	252	2689	1223	53	1173	1297	1241	1062	1026	356	338	0	0	10647	8344	-1	-1	0.0	1355	1355	1182	1182	1173	1173	1070	1061	853	843	839	830	138	138	92	92	92	92
117	4145	1353	10	268	2514	1223	53	1173	1266	1216	1130	1057	408	386	0	0	13149	9939	-1	-1	0.0	1355	1355	1182	1182	1173	1173	996	995	742	741	729	728	199	191	105	103	105	103
118	4169	1340	11	246	2572	1223	53	1173	1027	944	961	869	328	299	0	0	12775	10190	-1	-1	0.0	1355	1355	1182	1182	1173	1173	1025	1020	784	779	770	765	156	142	89	82	89	82
119	4101	1359	9	261	2472	1223	53	1173	1290	1142	1177	1059	365	326	0	0	13567	10524	-1	-1	0.0	1355	1355	1182	1182	1173	1173	938	936	732	730	720	718	211	192	140	132	140	132
120	4263	1366	9	255	2633	1223	53	1173	1029	955	987	905	355	307	0	0	14883	10527	-1	-1	0.0	1355	1355	1182	1182	1173	1173	957	951	772	766	760	754	139	133	94	90	94	90
121	4102	1356	10	249	2487	1223	53	1173	1310	1188	1246	1080	370	323	0	0	12532	9495	-1	-1	0.0	1355	1355	1182	1182	1173	1173	1047	1047	798	798	789	789	224	202	137	128	136	127
122	4250	1330	9	259	2652	1223	53	1173	826	760	904	833	251	228	0	0	16323	12064	-1	-1	0.0	1355	1355	1182	1182	1173	1173	925	918	725	718	712	705	153	141	84	84	83	83
123	4259	1365	10	255	2629	1223	53	1173	866	800	1104	1034	327	296	0	0	20136	14487	-1	-1	0.0	1355	1355	1182	1182	1173	1173	893	893	686	686	677	677	160	148	111	104	111	104
124	4168	1342	9	257	2560	1223	53	1173	1071	985	976	892	332	293	0	0	10738	8906	-1	-1	0.0	1355	1355	1182	1182	1173	1173	866	866	685	685	671	671	130	126	94	93	94	93
125	4154	1338	10	252	2554	1223	53	1173	1185	1124	1144	1082	367	342	0	0	10700	8237	-1	-1	0.0	1355	1355	1182	1182	1173	1173	1014	1010	789	785	778	774	193	183	123	121	122	120
126	4182	1349	10	252	2571	1223	53	1173	1004	958	717	687	281	266	0	0	11039	8586	-1	-1	0.0	1355	1355	1182	1182	1173	1173	779	772	627	619	616	609	117	112	76	72	76	72
127	4237	1331	9	255	2642	1223	53	1173	714	690	985	927	195	192	0	0	20322	16063	-1	-1	0.0	1355	1355	1182	1182	1173	1173	1049	1035	836	822	822	809	103	100	80	77	80	77
128	3996	1334	10	254	2398	1223	53	1173	1468	1367	1534	1406	402	366	0	0	13381	10105	-1	-1	0.0	1355	1355	1182	1182	1173	1173	942	938	760	756	748	744	196	187	132	129	132	129
129	4282	1361	10	261	2650	1223	53	1173	1740	1615	1297	1215	478	443	8	1	16640	11370	-1	-1	0.0	1355	1355	1182	1182	1173	1173	1100	1088	863	851	850	839	266	249	162	157	161	157
130	4248	1328	10	268	2642	1223	53	1173	1478	1365	1529	1405	504	458	4	1	19167	14053	-1	-1	0.0	1355	1355	1182	1182	1173	1173	912	904	718	710	708	700	230	213	145	139	144	138
131	4182	1333	10	252	2587	1223	53	1173	1407	1163	1200	991	588	462	0	0	17863	12825	-1	-1	0.0	1355	1355	1182	1182	1173	1173	942	934	755	747	746	738	170	151	115	103	115	103
132	4209	1361	10	261	2577	1223	53	1173	1033	985	1156	1066	336	316	0	0	20012	15196	-1	-1	0.0	1355	1355	1182	1182	1173	1173	873	871	669	667	658	656	141	135	98	95	97	94
133	4162	1351	9	266	2536	1223	53	1173	1357	1262	1123	1035	489	431	0	0	14852	11320	-1	-1	0.0	1355	1355	1182	1182	1173	1173	1092	1085	809	803	800	794	204	196	98	98	98	98
134	4061	1340	9	269	2443	1223	53	1173	946	903	1144	1036	282	256	0	0	16849	13288	-1	-1	0.0	1355	1355	1182	1182	1173	1173	867	864	660	657	653	650	138	130	85	83	84	82
135	4128	1356	9	247	2516	1223	53	1173	782	729	864	808	209	195	0	0	13696	10093	-1	-1	0.0	1355	1355	1182	1182	1173	1173	837	836	643	642	633	632	143	136	84	82	83	82
136	4105	1343	10	263	2489	1223	53	1173	1561	1439	1401	1311	510	480	0	0	15128	12007	-1	-1	0.0	1355	1355	1182	1182	1173	1173	1074	1072	827	826	814	813	217	209	145	143	145	143
137	4262	1350	10	259	2643	1223	53	1173	987	960	910	877	265	259	0	0	13441	10659	-1	-1	0.0	1355	1355	1182	1182	1173	1173	1014	1008	780	774	771	765	176	170	118	115	118	115
138	4108	1330	9	254	2515	1223	53	1173	1243	1143	1280	1175	379	345	0	0	15111	11412	-1	-1	0.0	1355	1355	1182	1182	1173	1173	836	835	637	636	625	624	202	188	118	116	117	115
139	4172	1365	10	258	2539	1223	53	1173	1066	1021	1244	1158	269	248	0	0	11035	7515	-1	-1	0.0	1355	1355	1182	1182	1173	1173	975	969	746	740	736	730	180	173	116	115	115	114
140	4245	1359	9	264	2613	1223	53	1173	1748	1468	1655	1416	399	347	0	0	9571	7887	-1	-1	0.0	1355	1355	1182	1182	1173	1173	1015	1015	770	770	756	756	264	231	171	157	171	157
141	4187	1367	10	255	2555	1223	53	1173	752	726	896	853	243	233	8	1	11109	9233	-1	-1	0.0	1355	1355	1182	1182	1173	1173	928	919	730	722	716	708	132	131	89	88	88	87
142	4284	1344	9	256	2675	1223	53	1173	923	886	941	921	244	232	0	0	9613	7957	-1	-1	0.0	1355	1355	1182	1182	1173	1173	871	870	678	677	667	666	113	112	77	76	75	75
143	4187	1357	9	261	2560	1223	53	1173	1066	987	1151	1032	287	268	0	0	17851	14154	-1	-1	0.0	1355	1355	1182	1182	1173	1173	929	923	726	720	718	712	118	114	70	67	70	67
144	4088	1347	9	256	2476	1223	53	1173	781	718	885	768	277	253	0	0	21445	15600	-1	-1	0.0	1355	1355	1182	1182	1173	1173	870	870	674	674	664	664	116	107	74	69	74	69
145	4404	1379	9	264	2752	1223	53	1173	1108	1077	1120	1021	305	296	0	0	21417	16629	-1	-1	0.0	1355	1355	1182	1182	1173	1173	974	970	734	731	719	716	175	164	114	111	112	109
146	3927	1354	9	255	2309	1223	53	1173	1533	1417	1629	1494	459	425	0	0	5789	4290	-1	-1	0.0	1355	1355	1182	1182	1173	1173	970	969	740	739	731	730	227	214	128	121	128	121
147	4225	1364	9	253	2599	1223	53	1173	1007	893	982	909	325	277	0	0	19077	14675	-1	-1	0.0	1355	1355	1182	1182	1173	1173	966	966	712	712	703	703	174	162	118	112	117	111
148	4147	1315	10	255	2567	1223	53	1173	924	892	1078	1001	297	282	0	0	15521	11823	-1	-1	0.0	1355	1355	1182	1182	1173	1173	955	945	727	718	712	703	174	165	102	102	100	100
149	4401	1377	9	259	2756	1223	53	1173	1229	1161	1160	1071	318	276	0	0	16681	13462	-1	-1	0.0	1355	1355	1182	1182	1173	1173	907	905	700	698	688	686	177	170	96	96	93	93
150	4290	1347	9	255	2679	1223	53	1173	720	679	871	809	242	225	0	0	16001	11568	-1	-1	0.0	1355	1355	1182	1182	1173	1173	785	785	626	626	615	615	142	132	78	75	78	75
151	4389	1358	10	248	2773	1223	53	1173	693	636	744	661	157	147	0	0	17125	12993	-1	-1	0.0	1355	1355	1182	1182	1173	1173	933	929	697	693	687	683	124	116	66	63	66	63
152	4288	1348	9	262	2669	1223	53	1173	1435	1267	1296	1148	376	339	0	0	13375	11153	-1	-1	0.0	1355	1355	1182	1182	1173	1173	867	867	666	666	655	655	174	158	125	118	125	118
153	4089	1342	10	252	2485	1223	53	1173	887	840	720	697	275	265	0	0	22696	17096	-1	-1	0.0	1355	1355	1182	1182	1173	1173	935	928	758	750	742	735	129	121	79	79	79	79
154	4200	1330	9	263	2598	1223	53	1173	1218	1166	1327	1284	371	345	0	0	18270	13861	-1	-1	0.0	1355	1355	1182	1182	1173	1173	900	899	696	695	685	684	230	225	127	127	127	127
155	4114	1328	9	261	2516	1223	53	1173	968	865	816	775	214	198	0	0	10795	8440	-1	-1	0.0	1355	1355	1182	1182	1173	1173	1029	1025	786	782	771	767	175	163	94	90	93	89
156	4168	1362	9	265	2532	1223	53	1173	1178	1086	1274	1169	361	317	0	0	17544	13046	-1	-1	0.0	1355	1355	1182	1182	1173	1173	939	935	712	709	701	698	211	197	117	114	117	114
157	4284	1327	9	254	2694	1223	53	1173	1324	1249	1175	1105	444	395	0	0	19856	14371	-1	-1	0.0	1355	1355	1182	1182	1173	1173	960	960	729	729	720	720	213	206	144	142	144	142
158	4427	1350	9	262	2806	1223	53	1173	945	867	904	832	225	209	0	0	15432	12610	-1	-1	0.0	1355	1355	1182	1182	1173	1173	993	990	780	777	770	767	138	132	80	79	78	77
159	4066	1347	10	250	2459	1223	53	1173	1733	1602	1711	1567	553	511	0	0	19676	13754	-1	-1	0.0	1355	1355	1182	1182	1173	1173	1038	1036	786	785	775	774	270	256	151	148	150	147
160	4137	1360	9	253	2515	1223	53	1173	1313	1223	1606	1415	562	501	0	0	14941	11674	-1	-1	0.0	1355	1355	1182	1182	1173	1173	1015	1013	758	756	744	742	214	199	101	99	100	98
161	4193	1333	9	250	2601	1223	53	1173	1082	1031	937	894	291	284	8	2	13842	10762	-1	-1	0.0	1355	1355	1182	1182	1173	1173	983	978	747	742	732	727	159	153	91	90	90	89
162	4194	1341	10	269	2574	1223	53	1173	1442	1375	1518	1429	377	350	0	0	10230	8175	-1	-1	0.0	1355	1355	1182	1182	1173	1173	1116	1112	850	847	838	835	275	260	156	153	156	153
163	4274	1355	9	269	2641	1223	53	1173	1650	1531	1584	1405	571	510	0	0	12515	9583	-1	-1	0.0	1355	1355	1182	1182	1173	1173	922	922	726	726	718	718	204	197	140	137	140	137
164	4291	1361	9	249	2672	1223	53	1173	849	791	1175	1049	253	237	8	1	10182	8213	-1	-1	0.0	1355	1355	1182	1182	1173	1173	932	932	719	719	706	706	132	123	71	68	71	68
165	4306	1341	10	273	2682	1223	53	1173	762	714	952	836	255	229	0	0	9180	7235	-1	-1	0.0	1355	1355	1182	1182	1173	1173	971	964	765	757	754	747	115	108	61	60	60	59
166	4435	1368	10	266	2791	1223	53	1173	1112	929	1190	996	313	253	0	0	10529	8386	-1	-1	0.0	1355	1355	1182	1182	1173	1173	920	916	700	696	692	688	161	137	113	103	113	103
167	4103	1373	10	264	2456	1223	53	1173	1074	971	970	909	257	242	0	0	11347	8978	-1	-1	0.0	1355	1355	1182	1182	1173	1173	805	803	592	590	581	579	162	155	97	97	97	97
168	4101	1328	10	243	2520	1223	53	1173	976	921	1003	951	341	306	8	2	8853	7510	-1	-1	0.0	1355	1355	1182	1182	1173	1173	885	885	653	653	648	648	152	149	89	89	89	89
169	4114	1343	9	259	2503	1223	53	1173	1982	1838	1974	1751	770	669	0	0	14389	10543	-1	-1	0.0	1355	1355	1182	1182	1173	1173	1021	1014	766	758	754	747	244	236	152	150	151	150
170	4042	1339	9	250	2444	1223	53	1173	1132	1060	1167	1098	305	278	0	0	12752	9577	-1	-1	0.0	1355	1355	1182	1182	1173	1173	1021	1017	792	788	780	776	166	159	111	108	111	108
171	4128	1358	9	248	2513	1223	53	1173	1062	1014	999	947	363	352	0	0	12505	9744	-1	-1	0.0	1355	1355	1182	1182	1173	1173	922	919	710	708	700	698	107	107	74	74	73	73
172	4061	1331	9	254	2467	1223	53	1173	1943	1717	1944	1727	613	530	0	0	19944	12971	-1	-1	0.0	1355	1355	1182	1182	1173	1173	1060	1056	818	814	806	802	256	230	165	151	165	151
173	3807	1349	9	237	2212	1223	53	1173	1574	1391	1341	1222	514	453	0	0	15782	11398	-1	-1	0.0	1355	1355	1182	1182	1173	1173	902	902	654	654	646	646	222	203	148	137	147	136
174	4055	1360	10	257	2428	1223	53	1173	1038	962	1004	871	307	290	0	0	19365	13134	-1	-1	0.0	1355	1355	1182	1182	1173	1173	817	815	595	593	584	582	149	138	74	72	73	71
175	4320	1354	9	269	2688	1223	53	1173	1134	1073	973	897	220	208	20	4	15579	12842	-1	-1	0.0	1355	1355	1182	1182	1173	1173	931	929	688	686	677	675	171	166	86	86	84	84
176	4193	1345	9	246	2593	1223	53	1173	1057	1001	1193	1060	273	252	0	0	16683	13465	-1	-1	0.0	1355	1355	1182	1182	1173	1173	853	853	647	647	638	638	167	159	105	100	105	100
177	4254	1356	9	241	2648	1223	53	1173	516	497	491	476	144	136	0	0	10139	7618	-1	-1	0.0	1355	1355	1182	1182	1173	1173	918	916	708	706	696	694	88	84	55	54	54	53
178	4168	1348	9	260	2551	1223	53	1173	1476	1380	1111	1053	329	305	0	0	15202	11820	-1	-1	0.0	1355	1355	1182	1182	1173	1173	852	851	605	604	597	596	182	174	102	101	102	101
179	4359	1337	9	260	2753	1223	53	1173	1162	1045	1009	909	383	326	0	0	12811	10596	-1	-1	0.0	1355	1355	1182	1182	1173	1173	857	856	660	659	650	649	137	129	79	75	79	75
180	4176	1324	9	258	2585	1223	53	1173	1400	1255	1486	1347	488	436	0	0	13584	10207	-1	-1	0.0	1355	1355	1182	1182	1173	1173	873	869	679	675	672	668	172	168	131	130	131	130
181	4376	1340	9	253	2774	1223	53	1173	1371	1260	1185	1094	415	355	0	0	11663	9107	-1	-1	0.0	1355	1355	1182	1182	1173	1173	911	903	704	696	695	687	175	165	114	109	113	108
182	4041	1342	9	251	2439	1223	53	1173	1798	1665	1556	1415	519	481	0	0	12699	10470	-1	-1	0.0	1355	1355	1182	1182	1173	1173	955	953	725	723	712	710	263	254	137	134	137	134
183	4335	1342	9	251	2733	1223	53	1173	1005	940	982	877	329	302	0	0	12587	10983	-1	-1	0.0	1355	1355	1182	1182	1173	1173	942	941	703	702	691	690	193	179	124	120	123	119
184	4279	1351	10	260	2658	1223	53	1173	1397	1187	1270	1075	489	388	0	0	16408	12457	-1	-1	0.0	1355	1355	1182	1182	1173	1173	809	809	636	636	628	628	156	146	121	114	121	114
185	4237	1328	10	253	2646	1223	53	1173	1545	1413	1319	1223	524	478	0	0	13568	10501	-1	-1	0.0	1355	1355	1182	1182	1173	1173	1029	1025	761	757	745	741	181	174	105	102	105	102
186	4422	1325	10	257	2830	1223	53	1173	896	831	1054	979	156	139	0	0	15145	12518	-1	-1	0.0	1355	1355	1182	1182	1173	1173	928	927	730	729	718	717	196	183	135	128	135	128
187	4344	1342	9	253	2740	1223	53	1173	1751	1601	1557	1448	540	508	0	0	15387	11124	-1	-1	0.0	1355	1355	1182	1182	1173	1173	1001	992	788	778	775	766	204	196	120	119	120	119
188	4236	1354	9	255	2618	1223	53	1173	906	820	879	793	295	267	0	0	8744	6817	-1	-1	0.0	1355	1355	1182	1182	1173	1173	797	793	593	590	586	583	140	133	92	88	90	86
189	4356	1359	9	262	2726	1223	53	1173	1537	1390	1814	1600	428	380	4	1	12087	9657	-1	-1	0.0	1355	1355	1182	1182	1173	1173	915	914	726	725	718	717	221	204	151	141	149	139
190	4245	1383	9	259	2594	1223	53	1173	1077	987	1005	927	302	279	0	0	12694	9919	-1	-1	0.0	1355	1355	1182	1182	1173	1173	1008	1001	821	815	803	797	207	193	120	116	120	116
191	4299	1358	9	257	2675	1223	53	1173	1107	1019	1101	946	376	331	8	1	25693	17916	-1	-1	0.0	1355	1355	1182	1182	1173	1173	917	915	721	719	710	708	142	131	78	73	77	72
192	4328	1353	10	254	2711	1223	53	1173	1640	1417	1580	1376	598	513	0	0	22035	14038	-1	-1	0.0	1355	1355	1182	1182	1173	1173	946	938	740	731	732	724	232	209	142	134	142	134
193	4154	1344	9	248	2553	1223	53	1173	1130	1047	1064	966	356	318	4	1	21160	15788	-1	-1	0.0	1355	1355	1182	1182	1173	1173	850	848	673	671	659	657	173	159	106	98	105	97
194	4026	1345	9	264	2408	1223	53	1173	1502	1375	1705	1512	498	449	0	0	12917	9716	-1	-1	0.0	1355	1355	1182	1182	1173	1173	1021	1018	778	776	769	767	285	261	152	143	150	142
195	4407	1344	9	263	2791	1223	53	1173	1237	1145	1165	1066	276	255	0	0	12412	9833	-1	-1	0.0	1355	1355	1182	1182	1173	1173	971	959	763	752	752	742	162	155	120	118	118	116
196	4327	1350	9	263	2705	1223	53	1173	1884	1694	1412	1341	439	411	0	0	17619	14322	-1	-1	0.0	1355	1355	1182	1182	1173	1173	967	966	724	723	718	717	211	199	126	122	126	122
197	4256	1350	10	248	2648	1223	53	1173	858	805	998	896	276	248	0	0	13271	10206	-1	-1	0.0	1355	1355	1182	1182	1173	1173	903	900	667	664	657	654	162	153	111	105	111	105
198	4273	1375	10	263	2625	1223	53	1173	1533	1385	1360	1244	464	421	0	0	12966	9602	-1	-1	0.0	1355	1355	1182	1182	1173	1173	993	989	766	762	754	750	215	200	135	128	135	128
199	4279	1349	10	258	2662	1223	53	1173	1416	1276	1252	1116	496	428	0	0	20122	15092	-1	-1	0.0	1355	1355	1182	1182	1173	1173	1033	1033	780	780	770	770	178	161	105	98	105	98
200	4191	1361	9	240	2581	1223	53	1173	1589	1505	1345	1277	409	394	0	0	9720	7572	-1	-1	0.0	1355	1355	1182	1182	1173	1173	1126	1113	878	864	861	848	260	253	169	165	168	165
201	4268	1327	9	259	2673	1223	53	1173	1660	1535	1759	1574	508	457	0	0	22491	15585	-1	-1	0.0	1355	1355	1182	1182	1173	1173	955	948	730	722	713	706	207	199	120	117	119	116
202	4291	1368	9	263	2651	1223	53	1173	1687	1559	1412	1315	486	431	0	0	15209	12006	-1	-1	0.0	1355	1355	1182	1182	1173	1173	1043	1040	798	795	789	786	252	238	164	154	164	154
203	4398	1360	9	276	2753	1223	53	1173	1003	928	999	942	369	325	0	0	11368	9109	-1	-1	0.0	1355	1355	1182	1182	1173	1173	960	958	718	716	709	707	140	131	75	74	75	74
204	4156	1343	9	255	2549	1223	53	1173	1000	945	942	917	282	275	0	0	10938	8783	-1	-1	0.0	1355	1355	1182	1182	1173	1173	973	967	763	756	753	747	170	162	97	95	96	94
205	4183	1347	9	251	2576	1223	53	1173	718	648	706	636	206	184	0	0	12278	9673	-1	-1	0.0	1355	1355	1182	1182	1173	1173	886	885	671	670	661	660	137	122	82	77	82	77
206	4388	1329	9	256	2794	1223	53	1173	1116	1023	1189	1116	347	316	0	0	26186	20465	-1	-1	0.0	1355	1355	1182	1182	1173	1173	957	957	734	734	722	722	138	137	97	97	96	96
207	4272	1347	9	259	2657	1223	53	1173	538	514	598	557	128	123	0	0	22696	14777	-1	-1	0.0	1355	1355	1182	1182	1173	1173	883	879	706	703	695	692	92	87	56	55	56	55
208	4203	1371	10	254	2568	1223	53	1173	1643	1557	1468	1360	418	392	0	0	13326	9826	-1	-1	0.0	1355	1355	1182	1182	1173	1173	1115	1112	841	838	828	825	246	237	125	122	124	121
209	3966	1320	10	262	2374	1223	53	1173	1863	1618	1757	1548	635	531	0	0	20946	14220	-1	-1	0.0	1355	1355	1182	1182	1173	1173	1065	1062	792	789	778	775	268	239	171	158	171	158
210	4256	1349	10	260	2637	1223	53	1173	1231	1172	1704	1505	349	335	0	0	17608	14047	-1	-1	0.0	1355	1355	1182	1182	1173	1173	999	998	761	760	751	750	191	185	133	131	129	127
211	4359	1352	9	260	2738	1223	53	1173	1008	892	724	650	182	165	16	2	10160	7381	-1	-1	0.0	1355	1355	1182	1182	1173	1173	1023	1020	746	743	737	734	133	124	86	77	86	77
212	4191	1344	9	265	2573	1223	53	1173	888	824	869	833	305	289	0	0	14389	10844	-1	-1	0.0	1355	1355	1182	1182	1173	1173	800	799	593	592	584	583	156	150	91	91	89	89
213	4371	1337	9	255	2770	1223	53	1173	1595	1480	1655	1516	597	535	0	0	17078	13212	-1	-1	0.0	1355	1355	1182	1182	1173	1173	1119	1113	870	864	854	848	242	230	148	144	148	144
214	4113	1354	9	274	2476	1223	53	1173	1081	994	1141	1034	315	280	0	0	18162	12889	-1	-1	0.0	1355	1355	1182	1182	1173	1173	985	981	743	739	737	733	152	145	115	112	115	112
215	4264	1362	9	264	2629	1223	53	1173	1091	1015	1156	1063	341	317	0	0	16617	14176	-1	-1	0.0	1355	1355	1182	1182	1173	1173	956	954	715	713	707	705	201	189	87	86	86	85
216	4397	1360	10	279	2748	1223	53	1173	1272	1134	1238	1075	298	253	12	2	13188	9872	-1	-1	0.0	1355	1355	1182	1182	1173	1173	869	865	662	658	655	651	184	162	124	111	123	110
217	4519	1350	9	263	2897	1223	53	1173	1747	1591	1600	1489	471	422	0	0	12480	10352	-1	-1	0.0	1355	1355	1182	1182	1173	1173	1084	1082	822	820	811	809	292	270	189	178	189	178
218	4416	1363	9	253	2791	1223	53	1173	1590	1495	1782	1639	404	373	0	0	16145	13193	-1	-1	0.0	1355	1355	1182	1182	1173	1173	950	949	706	705	698	697	186	180	125	121	125	121
219	4295	1346	10	260	2679	1223	53	1173	810	740	1007	891	288	242	0	0	16850	13848	-1	-1	0.0	1355	1355	1182	1182	1173	1173	923	922	701	700	691	690	138	133	95	93	95	93
220	4143	1331	9	271	2532	1223	53	1173	1678	1593	1521	1441	488	461	0	0	8933	6532	-1	-1	0.0	1355	1355	1182	1182	1173	1173	988	978	814	803	804	794	245	239	175	171	174	170
221	4061	1350	10	251	2450	1223	53	1173	946	869	930	845	335	299	0	0	12825	9783	-1	-1	0.0	1355	1355	1182	1182	1173	1173	870	865	661	656	648	643	116	113	85	82	84	81
222	4331	1353	9	254	2715	1223	53	1173	1643	1408	1906	1608	525	436	0	0	11862	9237	-1	-1	0.0	1355	1355	1182	1182	1173	1173	986	978	763	756	756	749	233	207	171	155	169	155
223	4047	1338	9	241	2459	1223	53	1173	1069	978	1063	960	365	315	0	0	15070	10388	-1	-1	0.0	1355	1355	1182	1182	1173	1173	1048	1038	815	807	804	796	184	170	99	93	99	93
224	4341	1340	10	265	2726	1223	53	1173	947	880	802	722	288	254	0	0	12515	9167	-1	-1	0.0	1355	1355	1182	1182	1173	1173	1015	1014	772	771	761	760	118	112	77	73	77	73
225	4201	1352	9	259	2581	1223	53	1173	1046	930	918	807	270	232	0	0	15175	11267	-1	-1	0.0	1355	1355	1182	1182	1173	1173	783	782	609	608	601	600	169	145	93	77	93	77
226	4213	1354	9	248	2602	1223	53	1173	1125	1026	1008	910	276	256	0	0	12368	10392	-1	-1	0.0	1355	1355	1182	1182	1173	1173	962	959	721	718	707	704	156	152	92	91	91	90
227	4342	1359	10	265	2708	1223	53	1173	1092	1051	982	900	264	244	0	0	19057	14112	-1	-1	0.0	1355	1355	1182	1182	1173	1173	842	841	664	663	655	654	162	158	90	90	90	90
228	4154	1331	9	254	2560	1223	53	1173	1206	1136	1088	1022	408	393	0	0	13125	10496	-1	-1	0.0	1355	1355	1182	1182	1173	1173	928	925	729	726	717	714	177	168	107	103	107	103
229	4240	1341	9	271	2619	1223	53	1173	1167	1071	1006	917	327	292	0	0	16622	13033	-1	-1	0.0	1355	1355	1182	1182	1173	1173	926	926	712	712	704	704	165	154	96	91	96	91
230	4111	1349	9	256	2497	1223	53	1173	945	904	1150	1095	276	264	0	0	16167	12910	-1	-1	0.0	1355	1355	1182	1182	1173	1173	1021	1017	805	801	792	788	163	149	115	104	115	104
231	4004	1356	9	254	2385	1223	53	1173	1824	1680	1503	1390	550	504	32	7	16835	12626	-1	-1	0.0	1355	1355	1182	1182	1173	1173	957	952	713	709	705	701	225	219	142	139	140	137
232	4267	1348	10	261	2648	1223	53	1173	912	876	872	789	277	261	0	0	9178	7249	-1	-1	0.0	1355	1355	1182	1182	1173	1173	972	963	721	711	710	701	174	168	84	83	84	83
233	4092	1335	9	253	2495	1223	53	1173	637	602	930	857	224	206	0	0	10024	7605	-1	-1	0.0	1355	1355	1182	1182	1173	1173	765	765	588	588	580	580	145	142	82	82	82	82
234	4249	1327	9	260	2653	1223	53	1173	1056	989	823	766	319	298	24	6	8719	7076	-1	-1	0.0	1355	1355	1182	1182	1173	1173	1015	1014	790	789	780	779	168	161	86	84	86	84
235	4002	1328	9	255	2410	1223	53	1173	1482	1277	1369	1230	397	352	4	1	11909	9580	-1	-1	0.0	1355	1355	1182	1182	1173	1173	947	937	727	718	722	713	209	189	137	131	137	131
236	4088	1332	9	255	2492	1223	53	1173	1198	1045	1205	1041	297	257	0	0	9378	7521	-1	-1	0.0	1355	1355	1182	1182	1173	1173	949	947	701	699	690	688	204	183	123	112	123	112
237	4142	1333	9	259	2541	1223	53	1173	1806	1642	1473	1354	493	444	0	0	12864	9700	-1	-1	0.0	1355	1355	1182	1182	1173	1173	920	920	702	702	692	692	203	187	144	132	144	132
238	4195	1338	9	248	2600	1223	53	1173	709	685	679	618	200	188	4	1	16496	12067	-1	-1	0.0	1355	1355	1182	1182	1173	1173	940	940	692	692	683	683	129	127	82	82	82	82
239	4316	1345	9	258	2704	1223	53	1173	1077	1016	1215	1130	352	321	0	0	9262	7782	-1	-1	0.0	1355	1355	1182	1182	1173	1173	921	916	728	723	718	713	156	150	111	108	111	108
240	4162	1373	9	257	2523	1223	53	1173	1082	986	1225	1093	331	304	0	0	12985	9301	-1	-1	0.0	1355	1355	1182	1182	1173	1173	1022	1021	773	772	762	761	192	178	110	107	110	107
241	4009	1326	9	251	2423	1223	53	1173	608	578	713	686	171	160	0	0	7312	5831	-1	-1	0.0	1355	1355	1182	1182	1173	1173	1004	1003	799	798	783	782	119	116	88	87	88	87
242	4140	1345	9	249	2537	1223	53	1173	887	796	867	819	259	245	0	0	22821	16148	-1	-1	0.0	1355	1355	1182	1182	1173	1173	930	923	734	726	721	714	140	130	94	91	94	91
243	4096	1333	9	251	2503	1223	53	1173	1197	1144	1170	1082	384	355	0	0	7178	5551	-1	-1	0.0	1355	1355	1182	1182	1173	1173	987	987	764	764	759	759	176	168	118	114	118	114
244	4044	1321	9	274	2440	1223	53	1173	1910	1749	1786	1656	548	507	0	0	13766	10443	-1	-1	0.0	1355	1355	1182	1182	1173	1173	1107	1107	819	819	809	809	289	271	181	172	179	170
245	4283	1351	9	267	2656	1223	53	1173	1356	1238	1250	1154	539	455	0	0	20536	15275	-1	-1	0.0	1355	1355	1182	1182	1173	1173	1090	1086	814	811	806	803	222	213	121	121	121	121
246	4157	1351	9	255	2542	1223	53	1173	1469	1312	1200	1056	515	430	0	0	11728	8402	-1	-1	0.0	1355	1355	1182	1182	1173	1173	1065	1062	822	819	808	805	195	188	115	114	114	113
247	4265	1345	9	261	2650	1223	53	1173	1729	1629	1698	1601	564	531	0	0	10986	8748	-1	-1	0.0	1355	1355	1182	1182	1173	1173	947	942	730	725	723	718	228	218	147	144	147	144
248	4360	1348	10	258	2744	1223	53	1173	1045	996	1184	1093	195	184	0	0	13149	10555	-1	-1	0.0	1355	1355	1182	1182	1173	1173	1006	1002	784	780	774	770	149	147	102	100	102	100
249	4151	1357	10	270	2514	1223	53	1173	827	795	918	864	307	292	0	0	19354	14927	-1	-1	0.0	1355	1355	1182	1182	1173	1173	834	828	629	622	621	615	140	138	94	94	92	92
250	3974	1319	10	247	2398	1223	53	1173	733	706	776	709	225	209	0	0	15350	11264	-1	-1	0.0	1355	1355	1182	1182	1173	1173	809	808	590	589	582	581	113	112	72	71	71	70
251	4201	1351	9	259	2582	1223	53	1173	767	736	801	745	187	184	0	0	15768	12027	-1	-1	0.0	1355	1355	1182	1182	1173	1173	932	931	690	689	683	682	146	137	89	88	89	88
252	4362	1342	9	273	2738	1223	53	1173	1269	1161	1537	1324	407	355	0	0	26107	18507	-1	-1	0.0	1355	1355	1182	1182	1173	1173	914	908	712	706	704	698	176	165	127	121	127	121
253	4193	1365	9	257	2562	1223	53	1173	1077	975	879	811	281	257	0	0	21825	16392	-1	-1	0.0	1355	1355	1182	1182	1173	1173	1027	1026	765	764	755	754	166	151	80	73	79	73
254	4332	1350	9	266	2707	1223	53	1173	630	608	711	658	193	178	0	0	14316	11588	-1	-1	0.0	1355	1355	1182	1182	1173	1173	913	913	697	697	681	681	111	108	66	65	66	65
255	4251	1343	9	263	2636	1223	53	1173	982	898	818	758	338	301	0	0	13622	10709	-1	-1	0.0	1355	1355	1182	1182	1173	1173	1013	1005	790	783	777	770	182	168	119	112	119	112
256	4163	1361	9	261	2532	1223	53	1173	1256	1141	1392	1222	359	322	0	0	12299	10053	-1	-1	0.0	1355	1355	1182	1182	1173	1173	999	987	790	777	781	769	211	187	159	138	159	138
257	4199	1355	9	254	2581	1223	53	1173	955	907	915	859	303	273	0	0	11531	8458	-1	-1	0.0	1355	1355	1182	1182	1173	1173	840	832	650	642	641	633	156	151	93	93	93	93
258	4103	1335	9	247	2512	1223	53	1173	1653	1557	1920	1815	545	528	0	0	13748	10059	-1	-1	0.0	1355	1355	1182	1182	1173	1173	956	950	716	710	704	698	272	258	145	144	144	143
259	4250	1354	9	253	2634	1223	53	1173	1224	1130	1308	1200	358	322	0	0	13691	10465	-1	-1	0.0	1355	1355	1182	1182	1173	1173	958	951	720	712	703	696	199	186	130	120	129	119
260	4325	1370	10	266	2679	1223	53	1173	1026	908	1103	968	254	232	0	0	10349	7992	-1	-1	0.0	1355	1355	1182	1182	1173	1173	956	955	714	713	702	701	168	150	107	104	105	102
261	4248	1342	9	267	2630	1223	53	1173	1097	1026	1160	1062	310	286	4	1	13911	10766	-1	-1	0.0	1355	1355	1182	1182	1173	1173	910	910	675	675	668	668	169	160	108	103	108	103
262	4266	1369	9	260	2628	1223	53	1173	668	603	894	776	219	194	0	0	11628	9008	-1	-1	0.0	1355	1355	1182	1182	1173	1173	898	896	664	662	658	656	133	125	74	69	74	69
263	4308	1344	9	255	2700	1223	53	1173	922	847	809	762	224	206	0	0	11731	10114	-1	-1	0.0	1355	1355	1182	1182	1173	1173	963	961	745	743	734	732	147	136	84	78	84	78
264	4182	1341	9	245	2587	1223	53	1173	803	769	955	890	173	162	0	0	11851	9018	-1	-1	0.0	1355	1355	1182	1182	1173	1173	992	985	789	782	779	772	146	139	82	79	82	79
265	3972	1341	9	247	2375	1223	53	1173	1394	1246	1539	1394	605	524	0	0	16278	12030	-1	-1	0.0	1355	1355	1182	1182	1173	1173	900	898	708	706	700	698	241	225	152	147	150	145
266	4017	1336	9	253	2419	1223	53	1173	848	818	770	731	218	211	0	0	10684	8392	-1	-1	0.0	1355	1355	1182	1182	1173	1173	883	882	664	663	655	654	128	122	78	78	78	78
267	4407	1374	9	255	2769	1223	53	1173	1767	1671	1620	1495	470	434	0	0	20343	15215	-1	-1	0.0	1355	1355	1182	1182	1173	1173	945	942	715	712	702	699	207	203	111	110	110	110
268	4464	1351	9	266	2838	1223	53	1173	952	904	1017	958	250	243	0	0	10193	8973	-1	-1	0.0	1355	1355	1182	1182	1173	1173	959	957	719	717	708	706	128	121	67	64	67	64
269	4299	1339	10	256	2694	1223	53	1173	984	931	1020	953	282	263	0	0	9750	7616	-1	-1	0.0	1355	1355	1182	1182	1173	1173	983	982	801	800	785	784	126	121	98	95	96	93
270	4255	1351	9	250	2645	1223	53	1173	1076	962	1129	1037	302	280	0	0	23899	16979	-1	-1	0.0	1355	1355	1182	1182	1173	1173	835	830	617	612	610	605	161	151	94	92	94	92
271	4120	1327	9	260	2524	1223	53	1173	1715	1551	1687	1472	648	554	8	1	18382	11655	-1	-1	0.0	1355	1355	1182	1182	1173	1173	1014	1012	795	793	781	779	195	184	126	123	124	121
272	4236	1353	9	274	2600	1223	53	1173	1107	1037	908	846	297	282	0	0	7375	6019	-1	-1	0.0	1355	1355	1182	1182	1173	1173	1090	1089	826	825	814	813	184	175	105	99	105	99
273	4291	1357	10	263	2661	1223	53	1173	1368	1305	1212	1146	418	402	0	0	20568	15662	-1	-1	0.0	1355	1355	1182	1182	1173	1173	870	864	692	686	680	674	178	174	112	111	112	111
274	4236	1333	9	246	2648	1223	53	1173	1001	959	1016	948	251	241	0	0	14290	10930	-1	-1	0.0	1355	1355	1182	1182	1173	1173	994	991	743	740	734	731	189	183	119	117	119	117
275	4236	1346	9	248	2633	1223	53	1173	1089	989	1184	1062	309	289	0	0	12391	9510	-1	-1	0.0	1355	1355	1182	1182	1173	1173	1019	1006	798	785	786	774	145	140	88	87	88	87
276	4362	1349	10	261	2742	1223	53	1173	600	573	676	647	180	175	0	0	13981	10770	-1	-1	0.0	1355	1355	1182	1182	1173	1173	909	905	695	692	686	683	106	101	72	71	72	71
277	4026	1347	9	256	2414	1223	53	1173	1052	999	971	911	326	299	0	0	11807	9218	-1	-1	0.0	1355	1355	1182	1182	1173	1173	994	994	792	792	782	782	144	139	97	96	97	96
278	4304	1344	9	259	2692	1223	53	1173	1184	1136	1172	1117	366	347	0	0	17950	13167	-1	-1	0.0	1355	1355	1182	1182	1173	1173	918	916	701	699	689	687	175	170	96	95	95	94
279	4219	1351	9	259	2600	1223	53	1173	1419	1300	1480	1386	317	295	8	1	9986	8149	-1	-1	0.0	1355	1355	1182	1182	1173	1173	1114	1110	844	840	826	822	259	240	153	145	153	145
280	4252	1362	10	263	2617	1223	53	1173	1408	1257	1654	1401	537	448	0	0	16622	12259	-1	-1	0.0	1355	1355	1182	1182	1173	1173	975	970	759	754	747	742	230	205	143	130	143	130
281	4245	1345	9	253	2638	1223	53	1173	1374	1240	1214	1138	440	400	0	0	12622	10261	-1	-1	0.0	1355	1355	1182	1182	1173	1173	968	967	723	722	711	710	222	207	121	117	121	117
282	4381	1345	9	263	2764	1223	53	1173	999	928	934	843	244	222	0	0	17640	13424	-1	-1	0.0	1355	1355	1182	1182	1173	1173	956	952	744	740	733	729	145	142	82	81	82	81
283	4224	1326	10	250	2638	1223	53	1173	1380	1310	1381	1256	405	390	0	0	10077	6931	-1	-1	0.0	1355	1355	1182	1182	1173	1173	1031	1029	794	792	778	776	237	226	143	138	143	138
284	4045	1338	9	270	2428	1223	53	1173	2412	2057	2040	1873	627	570	0	0	8696	6667	-1	-1	0.0	1355	1355	1182	1182	1173	1173	921	913	710	702	704	696	269	245	175	169	175	169
285	4232	1358	9	255	2610	1223	53	1173	1277	1166	1181	1091	432	387	0	0	20783	14153	-1	-1	0.0	1355	1355	1182	1182	1173	1173	909	905	680	676	668	664	156	149	110	106	108	104
286	4186	1343	10	258	2575	1223	53	1173	1543	1388	1385	1219	415	374	0	0	12666	10124	-1	-1	0.0	1355	1355	1182	1182	1173	1173	1037	1035	794	792	782	780	233	204	133	120	131	118
287	4208	1356	9	255	2588	1223	53	1173	1041	957	968	912	275	266	0	0	9946	7428	-1	-1	0.0	1355	1355	1182	1182	1173	1173	954	942	747	735	735	724	152	144	92	90	92	90
288	4272	1365	10	265	2632	1223	53	1173	780	732	1012	910	205	193	0	0	17981	12973	-1	-1	0.0	1355	1355	1182	1182	1173	1173	824	823	629	628	625	624	146	138	64	63	63	62
289	4406	1342	9	247	2808	1223	53	1173	1132	1076	1221	1131	342	312	0	0	19861	14800	-1	-1	0.0	1355	1355	1182	1182	1173	1173	859	852	684	676	673	666	146	140	100	99	100	99
290	4229	1340	9	259	2621	1223	53	1173	1018	929	918	838	199	183	0	0	11087	8744	-1	-1	0.0	1355	1355	1182	1182	1173	1173	955	954	722	721	718	717	150	143	97	94	96	93
291	4056	1351	9	255	2441	1223	53	1173	933	848	1002	901	286	251	0	0	15290	11683	-1	-1	0.0	1355	1355	1182	1182	1173	1173	859	858	656	655	644	643	139	136	123	121	123	121
292	4104	1346	10	248	2500	1223	53	1173	933	897	1079	1018	309	290	0	0	15859	11885	-1	-1	0.0	1355	1355	1182	1182	1173	1173	832	822	640	629	633	623	191	184	106	106	106	106
293	4157	1322	9	256	2570	1223	53	1173	982	864	880	788	220	209	0	0	26832	19496	-1	-1	0.0	1355	1355	1182	1182	1173	1173	1002	1000	734	733	720	719	138	129	79	76	78	75
294	4284	1345	9	253	2677	1223	53	1173	1498	1381	1464	1340	383	363	0	0	17587	12469	-1	-1	0.0	1355	1355	1182	1182	1173	1173	968	966	758	756	741	739	192	180	129	126	128	125
295	4031	1357	10	249	2415	1223	53	1173	966	915	930	889	288	272	0	0	13057	9868	-1	-1	0.0	1355	1355	1182	1182	1173	1173	965	965	726	726	716	716	157	151	99	97	98	96
296	4307	1353	9	259	2686	1223	53	1173	853	775	829	738	242	208	0	0	19989	12614	-1	-1	0.0	1355	1355	1182	1182	1173	1173	889	888	704	703	694	693	89	85	62	61	62	61
297	4170	1362	10	258	2540	1223	53	1173	714	659	717	662	204	185	0	0	20880	13870	-1	-1	0.0	1355	1355	1182	1182	1173	1173	825	824	641	640	632	631	120	113	65	62	65	62
298	4093	1334	9	249	2501	1223	53	1173	1301	1202	1222	1121	438	395	0	0	11832	8725	-1	-1	0.0	1355	1355	1182	1182	1173	1173	1036	1033	764	761	754	751	215	203	135	130	135	130
299	3999	1318	9	252	2420	1223	53	1173	1482	1309	1508	1346	379	336	0	0	17501	12603	-1	-1	0.0	1355	1355	1182	1182	1173	1173	817	815	605	603	593	591	235	219	131	123	130	122
300	4326	1356	9	266	2695	1223	53	1173	733	694	761	708	233	220	0	0	17738	13357	-1	-1	0.0	1355	1355	1182	1182	1173	1173	829	828	645	644	639	638	102	98	46	46	46	46
301	4301	1337	9	263	2692	1223	53	1173	756	716	963	855	185	176	0	0	11872	9802	-1	-1	0.0	1355	1355	1182	1182	1173	1173	848	847	668	667	657	656	133	130	107	105	106	104
302	4149	1355	9	250	2535	1223	53	1173	1145	1052	979	857	273	236	0	0	12376	9090	-1	-1	0.0	1355	1355	1182	1182	1173	1173	957	954	745	742	730	727	160	149	96	92	96	92
303	4350	1368	9	255	2718	1223	53	1173	1136	1096	1077	1037	352	340	0	0	18491	14359	-1	-1	0.0	1355	1355	1182	1182	1173	1173	889	888	671	670	662	661	180	165	107	106	107	106
304	4180	1316	9	258	2597	1223	53	1173	629	596	657	619	176	172	0	0	8436	7257	-1	-1	0.0	1355	1355	1182	1182	1173	1173	947	947	723	723	716	716	102	101	62	62	62	62
305	4311	1335	9	260	2707	1223	53	1173	1071	1018	1168	1076	363	335	8	1	13858	10645	-1	-1	0.0	1355	1355	1182	1182	1173	1173	958	952	763	758	746	741	186	174	104	101	104	101
306	4179	1356	9	273	2541	1223	53	1173	1125	1041	1397	1255	356	330	12	2	13927	10586	-1	-1	0.0	1355	1355	1182	1182	1173	1173	892	892	678	678	671	671	184	174	130	125	130	125
307	4267	1358	10	262	2637	1223	53	1173	1550	1418	1538	1425	557	521	4	1	13710	9998	-1	-1	0.0	1355	1355	1182	1182	1173	1173	986	980	746	739	734	728	211	190	134	130	134	130
308	4149	1352	9	244	2544	1223	53	1173	997	940	1100	1024	346	325	0	0	11372	8607	-1	-1	0.0	1355	1355	1182	1182	1173	1173	961	955	737	731	727	721	152	149	97	95	96	95
309	4099	1350	9	248	2492	1223	53	1173	1162	1061	1289	1167	418	373	0	0	11652	9358	-1	-1	0.0	1355	1355	1182	1182	1173	1173	1012	1003	780	772	768	760	212	198	128	122	127	121
310	4159	1339	10	262	2548	1223	53	1173	838	788	823	761	246	232	0	0	7868	6230	-1	-1	0.0	1355	1355	1182	1182	1173	1173	1046	1045	809	808	794	793	160	153	96	92	96	92
311	3963	1320	10	252	2381	1223	53	1173	1211	1120	1452	1260	350	315	0	0	9606	6619	-1	-1	0.0	1355	1355	1182	1182	1173	1173	991	987	778	774	765	761	175	164	135	127	135	127
312	4287	1351	9	251	2676	1223	53	1173	1798	1591	1769	1543	523	463	4	1	21314	15715	-1	-1	0.0	1355	1355	1182	1182	1173	1173	1076	1069	841	834	835	828	191	175	121	110	121	110
313	4252	1348	9	255	2640	1223	53	1173	1327	1171	1050	982	350	325	0	0	23669	16416	-1	-1	0.0	1355	1355	1182	1182	1173	1173	896	894	699	697	688	686	141	135	88	84	88	84
314	4339	1356	10	256	2717	1223	53	1173	882	828	1019	944	327	310	0	0	24809	16055	-1	-1	0.0	1355	1355	1182	1182	1173	1173	912	909	671	668	659	656	147	144	100	98	96	96
315	4033	1316	10	253	2454	1223	53	1173	749	716	852	785	209	203	0	0	10358	7758	-1	-1	0.0	1355	1355	1182	1182	1173	1173	1028	1013	768	754	760	746	147	141	75	73	75	73
316	4216	1351	9	254	2602	1223	53	1173	1009	934	878	822	329	290	0	0	16703	11978	-1	-1	0.0	1355	1355	1182	1182	1173	1173	819	818	621	620	615	614	131	129	83	83	83	83
317	4353	1351	10	268	2724	1223	53	1173	1291	1145	919	842	360	313	4	1	9245	8026	-1	-1	0.0	1355	1355	1182	1182	1173	1173	958	946	745	733	734	723	149	136	99	90	99	90
318	4158	1346	10	258	2544	1223	53	1173	955	804	1067	889	349	284	0	0	11179	8746	-1	-1	0.0	1355	1355	1182	1182	1173	1173	749	749	569	569	564	564	143	122	101	84	101	84
319	4212	1322	9	252	2629	1223	53	1173	990	927	1294	1175	386	358	0	0	13768	10412	-1	-1	0.0	1355	1355	1182	1182	1173	1173	896	890	710	703	700	694	163	155	106	101	106	101
320	4393	1360	10	272	2751	1223	53	1173	1042	854	985	844	257	219	0	0	19930	15699	-1	-1	0.0	1355	1355	1182	1182	1173	1173	934	929	717	714	707	704	134	115	98	88	97	87
321	4118	1355	9	256	2498	1223	53	1173	1090	972	1018	923	314	290	0	0	21507	14719	-1	-1	0.0	1355	1355	1182	1182	1173	1173	888	888	650	650	642	642	165	151	100	93	99	93
322	4434	1386	9	246	2793	1223	53	1173	657	647	790	736	181	177	0	0	12782	9881	-1	-1	0.0	1355	1355	1182	1182	1173	1173	967	966	738	737	724	723	129	126	75	75	74	74
323	4183	1372	9	263	2539	1223	53	1173	2488	2164	2148	1868	699	605	0	0	12930	10662	-1	-1	0.0	1355	1355	1182	1182	1173	1173	1062	1054	812	804	804	796	375	321	256	223	255	222
324	4199	1347	10	246	2596	1223	53	1173	1233	1144	1180	1090	472	410	0	0	20734	13778	-1	-1	0.0	1355	1355	1182	1182	1173	1173	1039	1038	817	816	802	801	146	140	81	79	81	79
325	4179	1351	10	252	2566	1223	53	1173	1220	1114	1144	1028	346	329	8	1	13570	9651	-1	-1	0.0	1355	1355	1182	1182	1173	1173	912	901	690	678	681	670	217	204	120	117	120	117
326	4338	1350	9	266	2713	1223	53	1173	1077	1016	943	869	330	297	0	0	16403	13433	-1	-1	0.0	1355	1355	1182	1182	1173	1173	1009	1001	791	782	776	768	169	161	92	91	92	91
327	4435	1357	9	279	2790	1223	53	1173	1377	1296	1209	1117	335	315	0	0	9967	8348	-1	-1	0.0	1355	1355	1182	1182	1173	1173	936	936	716	716	707	707	206	197	132	129	130	128
328	4237	1355	9	247	2626	1223	53	1173	1275	1156	1235	1093	387	354	0	0	20376	14006	-1	-1	0.0	1355	1355	1182	1182	1173	1173	826	824	629	627	619	617	201	185	112	108	112	108
329	4265	1369	10	263	2623	1223	53	1173	1401	1240	1318	1157	516	442	12	3	12179	9769	-1	-1	0.0	1355	1355	1182	1182	1173	1173	1000	999	762	761	750	749	230	200	143	129	141	128
330	4166	1348	9	255	2554	1223	53	1173	1126	1044	967	907	366	337	0	0	17261	12610	-1	-1	0.0	1355	1355	1182	1182	1173	1173	973	972	738	737	726	725	167	159	96	94	96	94
331	4098	1326	9	250	2513	1223	53	1173	1269	1165	1078	983	431	398	0	0	9309	6814	-1	-1	0.0	1355	1355	1182	1182	1173	1173	910	902	682	674	670	662	188	174	103	103	103	103
332	3979	1363	10	249	2357	1223	53	1173	1103	1058	1111	1062	373	355	0	0	13118	8947	-1	-1	0.0	1355	1355	1182	1182	1173	1173	1116	1114	816	815	803	802	201	195	129	125	129	125
333	4221	1358	9	266	2588	1223	53	1173	1009	895	1131	961	329	279	0	0	9167	6507	-1	-1	0.0	1355	1355	1182	1182	1173	1173	942	941	741	740	728	727	152	137	102	98	102	98
334	4214	1326	9	259	2620	1223	53	1173	954	888	1017	941	245	234	0	0	9498	8007	-1	-1	0.0	1355	1355	1182	1182	1173	1173	940	938	722	720	714	712	135	129	79	79	79	79
335	4204	1322	10	266	2606	1223	53	1173	1268	1208	1112	1026	349	341	0	0	13256	8991	-1	-1	0.0	1355	1355	1182	1182	1173	1173	979	976	742	739	732	729	161	159	86	85	86	85
336	4286	1332	9	257	2688	1223	53	1173	1220	1144	1185	1114	277	270	0	0	9283	7774	-1	-1	0.0	1355	1355	1182	1182	1173	1173	1012	1011	756	755	744	743	174	168	99	98	99	98
337	4210	1363	9	249	2589	1223	53	1173	1053	981	1071	1012	255	248	0	0	14229	10877	-1	-1	0.0	1355	1355	1182	1182	1173	1173	935	935	722	722	710	710	181	176	117	114	117	114
338	4252	1363	9	261	2619	1223	53	1173	1546	1463	1422	1356	353	333	0	0	14808	11754	-1	-1	0.0	1355	1355	1182	1182	1173	1173	965	965	768	768	756	756	247	238	154	150	154	150
339	4297	1361	9	265	2662	1223	53	1173	782	748	878	841	237	231	0	0	23436	16888	-1	-1	0.0	1355	1355	1182	1182	1173	1173	912	905	673	665	662	655	124	121	77	77	76	76
340	4477	1373	9	276	2819	1223	53	1173	834	761	708	645	268	236	0	0	14530	11128	-1	-1	0.0	1355	1355	1182	1182	1173	1173	930	927	719	716	706	703	137	127	70	68	70	68
341	4271	1339	9	255	2668	1223	53	1173	906	853	938	856	253	236	0	0	21483	16385	-1	-1	0.0	1355	1355	1182	1182	1173	1173	941	937	716	712	708	704	122	116	66	64	66	64
342	4122	1355	9	261	2497	1223	53	1173	1360	1264	940	907	291	274	0	0	15603	12678	-1	-1	0.0	1355	1355	1182	1182	1173	1173	966	964	719	717	709	707	216	205	103	102	103	102
343	4273	1331	9	248	2685	1223	53	1173	859	820	761	737	273	260	4	1	11638	9978	-1	-1	0.0	1355	1355	1182	1182	1173	1173	883	881	673	671	662	660	97	94	68	68	68	68
344	4228	1352	9	244	2623	1223	53	1173	1030	847	1152	927	347	275	0	0	16365	12026	-1	-1	0.0	1355	1355	1182	1182	1173	1173	929	925	713	710	699	696	198	173	139	115	139	115
345	4315	1351	9	264	2691	1223	53	1173	1603	1454	1233	1145	400	358	0	0	12623	10003	-1	-1	0.0	1355	1355	1182	1182	1173	1173	981	977	737	733	728	724	240	223	139	134	139	134
346	4144	1320	9	257	2558	1223	53	1173	664	626	819	729	195	185	0	0	9031	7252	-1	-1	0.0	1355	1355	1182	1182	1173	1173	892	892	659	659	651	651	139	130	83	79	82	79
347	4134	1335	9	250	2540	1223	53	1173	646	628	727	694	184	178	0	0	14133	10980	-1	-1	0.0	1355	1355	1182	1182	1173	1173	933	932	714	713	705	704	96	96	74	74	74	74
348	4260	1352	10	238	2660	1223	53	1173	1517	1456	1684	1561	375	356	0	0	13583	10539	-1	-1	0.0	1355	1355	1182	1182	1173	1173	1098	1092	826	819	816	810	282	270	158	155	158	155
349	4294	1340	9	248	2697	1223	53	1173	987	890	1040	955	261	245	0	0	12304	10174	-1	-1	0.0	1355	1355	1182	1182	1173	1173	833	828	653	648	647	642	153	142	117	108	117	108
350	4384	1353	10	263	2758	1223	53	1173	1331	1146	1091	966	281	243	12	2	16624	12427	-1	-1	0.0	1355	1355	1182	1182	1173	1173	976	974	744	742	736	734	172	159	125	116	125	116
351	4313	1349	10	254	2700	1223	53	1173	801	734	757	711	191	182	0	0	11220	8338	-1	-1	0.0	1355	1355	1182	1182	1173	1173	825	825	600	600	590	590	105	103	49	49	49	49
352	4373	1353	9	258	2753	1223	53	1173	970	906	921	867	284	266	0	0	14125	11154	-1	-1	0.0	1355	1355	1182	1182	1173	1173	910	907	714	711	706	703	114	111	84	82	84	82
353	4088	1345	9	254	2480	1223	53	1173	1228	1154	1162	1041	361	333	0	0	13432	9596	-1	-1	0.0	1355	1355	1182	1182	1173	1173	1048	1044	789	786	772	769	214	206	98	96	98	96
354	4311	1342	9	258	2702	1223	53	1173	726	678	607	579	210	198	0	0	17843	13235	-1	-1	0.0	1355	1355	1182	1182	1173	1173	838	831	653	645	645	638	77	75	59	57	59	57
355	4303	1363	9	259	2672	1223	53	1173	767	714	711	648	210	193	0	0	14275	11165	-1	-1	0.0	1355	1355	1182	1182	1173	1173	857	849	652	645	643	636	113	108	65	62	65	62
356	4192	1340	10	256	2586	1223	53	1173	1446	1346	1408	1299	394	365	0	0	12212	9629	-1	-1	0.0	1355	1355	1182	1182	1173	1173	924	924	705	705	696	696	144	142	97	96	97	96
357	4385	1368	9	267	2741	1223	53	1173	1237	1148	1183	1138	372	336	0	0	14864	10199	-1	-1	0.0	1355	1355	1182	1182	1173	1173	976	975	749	748	742	741	207	201	111	109	111	109
358	3866	1322	9	250	2285	1223	53	1173	608	575	617	573	204	190	0	0	17597	11743	-1	-1	0.0	1355	1355	1182	1182	1173	1173	836	836	630	630	624	624	102	100	66	65	66	65
359	4260	1321	9	263	2667	1223	53	1173	1416	1191	1113	994	437	390	4	1	18727	12663	-1	-1	0.0	1355	1355	1182	1182	1173	1173	898	896	670	669	664	663	164	143	97	92	97	92
360	4254	1349	9	261	2635	1223	53	1173	1829	1764	2196	1967	540	511	0	0	12152	9186	-1	-1	0.0	1355	1355	1182	1182	1173	1173	1050	1045	777	772	765	760	195	192	119	118	119	118
361	4306	1369	9	252	2676	1223	53	1173	409	388	483	454	128	119	0	0	13524	10775	-1	-1	0.0	1355	1355	1182	1182	1173	1173	822	822	612	612	607	607	61	59	42	40	42	40
362	4150	1353	9	280	2508	1223	53	1173	857	766	848	774	175	171	0	0	15964	11728	-1	-1	0.0	1355	1355	1182	1182	1173	1173	814	814	638	638	630	630	93	89	75	71	73	69
363	3961	1338	9	241	2373	1223	53	1173	1185	1063	885	814	410	360	0	0	18900	11263	-1	-1	0.0	1355	1355	1182	1182	1173	1173	1076	1073	839	836	827	824	163	148	103	95	103	95
364	4287	1364	11	251	2661	1223	53	1173	1704	1531	1946	1731	480	425	0	0	9337	7472	-1	-1	0.0	1355	1355	1182	1182	1173	1173	1015	1014	768	767	760	759	286	265	181	171	181	171
365	4386	1360	9	265	2752	1223	53	1173	1171	1102	1084	1018	331	317	0	0	10788	8847	-1	-1	0.0	1355	1355	1182	1182	1173	1173	829	827	640	638	626	624	177	172	102	99	102	99
366	4060	1357	10	240	2453	1223	53	1173	732	703	892	822	240	236	0	0	13029	10073	-1	-1	0.0	1355	1355	1182	1182	1173	1173	859	858	657	656	647	646	118	116	69	68	69	68
367	4100	1354	11	251	2484	1223	53	1173	1538	1322	1486	1255	621	512	0	0	19219	14371	-1	-1	0.0	1355	1355	1182	1182	1173	1173	1009	1007	752	750	740	738	192	176	123	116	122	115
368	4308	1335	9	246	2718	1223	53	1173	1039	991	872	814	239	230	0	0	12076	10834	-1	-1	0.0	1355	1355	1182	1182	1173	1173	1032	1026	782	776	772	766	180	174	113	110	113	110
369	4087	1328	10	244	2505	1223	53	1173	1103	998	1085	960	396	348	0	0	17138	13576	-1	-1	0.0	1355	1355	1182	1182	1173	1173	911	896	716	705	709	699	123	111	93	83	93	83
370	4270	1334	9	269	2658	1223	53	1173	1034	955	1019	930	315	287	0	0	13495	10714	-1	-1	0.0	1355	1355	1182	1182	1173	1173	862	858	665	661	657	653	163	156	125	122	125	122
371	4155	1336	9	253	2557	1223	53	1173	1119	999	1253	1108	397	340	0	0	13428	11338	-1	-1	0.0	1355	1355	1182	1182	1173	1173	833	832	663	662	650	649	174	153	128	114	128	114
372	4174	1338	9	247	2580	1223	53	1173	1115	1042	1254	1117	349	332	0	0	17463	12491	-1	-1	0.0	1355	1355	1182	1182	1173	1173	1016	1013	784	781	771	768	141	137	74	73	74	73
373	4345	1352	10	273	2710	1223	53	1173	923	825	907	824	277	250	0	0	18136	13215	-1	-1	0.0	1355	1355	1182	1182	1173	1173	914	911	700	697	690	687	131	119	83	78	83	78
374	4340	1370	9	266	2695	1223	53	1173	1028	968	1003	906	289	274	0	0	14194	9937	-1	-1	0.0	1355	1355	1182	1182	1173	1173	808	808	605	605	599	599	171	163	100	99	100	99
375	4255	1366	9	265	2615	1223	53	1173	1150	1098	1586	1398	431	409	0	0	12702	9697	-1	-1	0.0	1355	1355	1182	1182	1173	1173	857	855	663	661	655	653	167	157	80	78	80	78
376	4154	1366	9	254	2525	1223	53	1173	930	893	966	895	297	287	0	0	15727	12809	-1	-1	0.0	1355	1355	1182	1182	1173	1173	1022	1017	804	800	792	788	127	127	85	85	85	85
377	4309	1343	10	262	2694	1223	53	1173	1289	1153	882	798	261	237	0	0	13040	10432	-1	-1	0.0	1355	1355	1182	1182	1173	1173	945	942	738	735	728	725	156	144	87	85	87	85
378	4163	1325	9	245	2584	1223	53	1173	615	584	542	523	163	155	0	0	10944	8557	-1	-1	0.0	1355	1355	1182	1182	1173	1173	966	959	750	742	739	732	98	98	61	61	61	61
379	4067	1385	10	258	2414	1223	53	1173	1218	1095	1133	1007	425	355	0	0	18881	12979	-1	-1	0.0	1355	1355	1182	1182	1173	1173	1005	997	772	765	762	755	186	175	97	95	97	95
380	4252	1354	9	256	2633	1223	53	1173	1609	1440	1375	1261	375	338	0	0	9854	7368	-1	-1	0.0	1355	1355	1182	1182	1173	1173	874	874	683	683	674	674	189	173	130	118	130	118
381	4144	1358	9	259	2518	1223	53	1173	1248	1132	1315	1204	498	428	0	0	15337	12233	-1	-1	0.0	1355	1355	1182	1182	1173	1173	998	995	727	724	715	712	156	153	120	119	119	118
382	4129	1359	10	249	2511	1223	53	1173	894	864	868	847	297	293	0	0	12216	9894	-1	-1	0.0	1355	1355	1182	1182	1173	1173	1001	999	769	767	755	753	112	112	82	82	81	81
383	4232	1327	9	254	2642	1223	53	1173	1295	1204	1207	1120	386	364	0	0	10836	8752	-1	-1	0.0	1355	1355	1182	1182	1173	1173	1011	1007	731	727	725	721	187	181	109	109	108	108
384	4080	1327	10	258	2485	1223	53	1173	1266	1150	1025	940	343	301	0	0	14188	11811	-1	-1	0.0	1355	1355	1182	1182	1173	1173	937	935	729	727	720	718	143	139	86	83	86	83
385	4089	1344	9	265	2471	1223	53	1173	927	905	906	885	413	396	0	0	17509	12201	-1	-1	0.0	1355	1355	1182	1182	1173	1173	962	958	758	755	746	743	166	163	95	95	94	94
386	4235	1361	9	270	2595	1223	53	1173	1063	1016	1166	1080	278	263	8	1	15530	11990	-1	-1	0.0	1355	1355	1182	1182	1173	1173	912	904	712	704	702	694	195	185	99	95	99	95
387	4078	1344	9	254	2471	1223	53	1173	857	817	880	811	292	272	0	0	16992	11639	-1	-1	0.0	1355	1355	1182	1182	1173	1173	1024	1018	799	792	785	779	111	111	78	78	77	77
388	4177	1361	9	253	2554	1223	53	1173	1395	1306	1485	1344	456	417	12	2	15210	10873	-1	-1	0.0	1355	1355	1182	1182	1173	1173	985	977	713	704	702	694	237	216	134	130	134	130
389	4154	1334	9	252	2559	1223	53	1173	1325	1245	1207	1111	432	392	0	0	14930	10508	-1	-1	0.0	1355	1355	1182	1182	1173	1173	1012	1010	747	745	732	730	161	154	95	92	93	91
390	4151	1328	10	249	2564	1223	53	1173	1147	1075	1130	1061	309	297	0	0	8549	7157	-1	-1	0.0	1355	1355	1182	1182	1173	1173	956	947	747	739	738	730	194	185	105	104	104	103
391	4177	1336	9	264	2568	1223	53	1173	1515	1385	1533	1366	537	479	0	0	16973	11977	-1	-1	0.0	1355	1355	1182	1182	1173	1173	998	995	748	745	739	736	195	189	144	140	144	140
392	4197	1339	9	255	2594	1223	53	1173	870	828	951	881	293	277	0	0	13227	10012	-1	-1	0.0	1355	1355	1182	1182	1173	1173	999	991	794	787	779	772	146	138	89	88	86	85
393	4256	1356	9	254	2637	1223	53	1173	1129	1019	1239	1058	422	359	0	0	17915	13486	-1	-1	0.0	1355	1355	1182	1182	1173	1173	854	854	634	634	624	624	162	139	101	90	100	89
394	4031	1343	9	264	2415	1223	53	1173	755	730	748	710	210	201	0	0	14357	10477	-1	-1	0.0	1355	1355	1182	1182	1173	1173	937	927	729	720	717	708	88	86	59	57	59	57
395	4299	1357	9	268	2665	1223	53	1173	926	864	918	868	299	277	0	0	18798	13948	-1	-1	0.0	1355	1355	1182	1182	1173	1173	833	831	655	653	642	640	144	137	87	83	87	83
396	4278	1338	10	260	2670	1223	53	1173	1196	1158	1081	994	322	304	0	0	10307	8616	-1	-1	0.0	1355	1355	1182	1182	1173	1173	997	996	766	765	753	752	136	132	81	81	81	81
397	4266	1359	9	259	2639	1223	53	1173	1947	1650	1537	1282	515	416	0	0	16422	11539	-1	-1	0.0	1355	1355	1182	1182	1173	1173	1044	1038	810	804	799	793	252	222	163	145	163	145
398	4225	1347	9	254	2615	1223	53	1173	711	693	805	783	248	246	0	0	24331	15890	-1	-1	0.0	1355	1355	1182	1182	1173	1173	788	787	615	614	609	608	71	69	46	46	46	46
399	4162	1343	9	246	2564	1223	53	1173	1592	1488	1306	1210	527	476	0	0	10200	7343	-1	-1	0.0	1355	1355	1182	1182	1173	1173	1024	1012	770	757	757	745	161	157	106	103	106	103
400	4245	1369	9	263	2604	1223	53	1173	585	526	693	605	145	126	0	0	13003	9457	-1	-1	0.0	1355	1355	1182	1182	1173	1173	926	925	714	713	705	704	87	85	58	55	57	55
401	3995	1346	9	243	2397	1223	53	1173	1045	918	1246	1056	298	268	8	1	24351	15751	-1	-1	0.0	1355	1355	1182	1182	1173	1173	837	832	660	655	651	646	145	130	84	82	84	82
402	4203	1332	10	268	2593	1223	53	1173	1492	1382	1496	1359	331	312	0	0	12575	9754	-1	-1	0.0	1355	1355	1182	1182	1173	1173	957	957	737	737	727	727	248	232	134	129	132	127
403	4415	1356	9	257	2793	1223	53	1173	1545	1454	1409	1321	466	415	0	0	14934	11709	-1	-1	0.0	1355	1355	1182	1182	1173	1173	967	960	761	753	751	744	217	209	139	134	139	134
404	4080	1342	9	257	2472	1223	53	1173	982	927	1239	1137	292	277	0	0	21775	15036	-1	-1	0.0	1355	1355	1182	1182	1173	1173	735	732	563	560	556	553	146	140	110	108	109	107
405	4359	1375	9	257	2718	1223	53	1173	1039	953	1116	994	441	380	0	0	18248	14149	-1	-1	0.0	1355	1355	1182	1182	1173	1173	880	875	683	678	676	671	141	136	67	67	67	67
406	4240	1349	10	265	2616	1223	53	1173	941	861	1032	937	274	251	0	0	12839	9018	-1	-1	0.0	1355	1355	1182	1182	1173	1173	888	888	652	652	642	642	171	168	107	106	107	106
407	4164	1332	9	264	2559	1223	53	1173	1424	1322	1416	1300	405	374	0	0	15659	11761	-1	-1	0.0	1355	1355	1182	1182	1173	1173	955	946	698	690	689	681	237	229	127	124	127	124
408	4409	1360	9	257	2783	1223	53	1173	1280	1220	1471	1352	433	407	0	0	15877	12210	-1	-1	0.0	1355	1355	1182	1182	1173	1173	1058	1051	832	825	818	811	225	213	154	148	152	146
409	4227	1364	9	276	2578	1223	53	1173	1325	1231	1464	1308	428	400	0	0	10929	7359	-1	-1	0.0	1355	1355	1182	1182	1173	1173	1135	1123	881	869	871	860	198	188	117	113	117	113
410	4294	1358	10	254	2672	1223	53	1173	1404	1303	1296	1199	384	363	0	0	13892	11133	-1	-1	0.0	1355	1355	1182	1182	1173	1173	925	923	708	707	700	699	178	167	124	120	123	119
411	4170	1309	9	244	2608	1223	53	1173	725	680	832	773	236	224	0	0	12755	10244	-1	-1	0.0	1355	1355	1182	1182	1173	1173	813	801	617	606	607	596	83	81	59	57	59	57
412	4060	1313	10	247	2490	1223	53	1173	1092	1031	1196	1104	326	304	0	0	13850	10140	-1	-1	0.0	1355	1355	1182	1182	1173	1173	1041	1035	796	795	783	782	171	168	119	118	118	117
413	4268	1352	10	257	2649	1223	53	1173	823	765	785	693	194	188	0	0	12829	9441	-1	-1	0.0	1355	1355	1182	1182	1173	1173	940	938	732	730	718	716	120	117	63	63	62	62
414	4254	1341	9	252	2652	1223	53	1173	1347	1188	1407	1198	469	392	0	0	18792	13366	-1	-1	0.0	1355	1355	1182	1182	1173	1173	869	867	647	645	637	635	187	169	120	113	119	112
415	4206	1325	10	256	2615	1223	53	1173	1552	1523	1422	1373	531	509	0	0	10676	8527	-1	-1	0.0	1355	1355	1182	1182	1173	1173	1068	1062	820	815	809	804	270	263	149	149	146	146
416	4397	1366	10	263	2758	1223	53	1173	1088	1005	1092	1001	310	290	4	1	22702	16005	-1	-1	0.0	1355	1355	1182	1182	1173	1173	834	826	649	640	638	630	163	152	86	85	86	85
417	4231	1343	9	252	2627	1223	53	1173	1220	1133	1129	1048	376	331	0	0	21900	16385	-1	-1	0.0	1355	1355	1182	1182	1173	1173	877	877	632	632	625	625	227	212	101	98	101	98
418	4277	1353	10	253	2661	1223	53	1173	1163	1110	1020	988	331	316	0	0	16028	12948	-1	-1	0.0	1355	1355	1182	1182	1173	1173	915	912	703	700	695	692	186	181	85	84	85	84
419	4354	1339	9	249	2757	1223	53	1173	745	692	1028	915	230	195	0	0	21009	16291	-1	-1	0.0	1355	1355	1182	1182	1173	1173	955	949	723	716	712	706	144	136	83	83	83	83
420	4252	1349	9	250	2644	1223	53	1173	973	933	1231	1123	319	297	0	0	15974	12725	-1	-1	0.0	1355	1355	1182	1182	1173	1173	890	875	691	678	683	670	146	142	94	92	93	91
421	4295	1359	10	263	2663	1223	53	1173	1336	1215	1421	1236	382	340	0	0	8240	6667	-1	-1	0.0	1355	1355	1182	1182	1173	1173	1010	1008	776	774	763	761	222	203	142	135	140	133
422	4215	1365	9	245	2596	1223	53	1173	1599	1483	1585	1409	345	325	0	0	12968	10823	-1	-1	0.0	1355	1355	1182	1182	1173	1173	987	987	743	743	735	735	203	197	92	92	92	92
423	4109	1354	9	258	2488	1223	53	1173	2103	1898	1853	1695	725	625	0	0	14684	11906	-1	-1	0.0	1355	1355	1182	1182	1173	1173	1041	1033	802	794	786	778	245	229	150	145	150	145
424	4153	1340	10	257	2546	1223	53	1173	1088	1037	977	959	298	285	0	0	12864	10098	-1	-1	0.0	1355	1355	1182	1182	1173	1173	975	975	747	747	735	735	185	175	126	121	122	117
425	4106	1323	9	250	2524	1223	53	1173	1037	981	1094	956	337	311	0	0	12955	9210	-1	-1	0.0	1355	1355	1182	1182	1173	1173	939	929	703	695	694	686	165	160	88	87	88	87
426	4189	1356	9	263	2561	1223	53	1173	924	868	968	859	236	211	0	0	11399	8481	-1	-1	0.0	1355	1355	1182	1182	1173	1173	881	877	652	648	645	641	131	127	76	75	76	75
427	4176	1360	10	247	2559	1223	53	1173	1833	1711	1543	1449	526	487	0	0	11226	7763	-1	-1	0.0	1355	1355	1182	1182	1173	1173	1088	1081	899	893	882	876	201	193	159	154	158	153
428	4247	1371	9	260	2607	1223	53	1173	850	823	915	881	234	222	0	0	18331	12532	-1	-1	0.0	1355	1355	1182	1182	1173	1173	956	955	690	689	682	681	160	152	89	88	89	88
429	4271	1337	9	253	2672	1223	53	1173	1377	1200	1530	1284	393	342	0	0	13044	10048	-1	-1	0.0	1355	1355	1182	1182	1173	1173	915	911	699	696	686	683	229	199	117	104	117	104
430	4146	1344	10	263	2529	1223	53	1173	1601	1463	1840	1621	648	580	0	0	11997	9562	-1	-1	0.0	1355	1355	1182	1182	1173	1173	1055	1050	803	798	793	788	290	263	175	161	175	161
431	4279	1333	11	248	2687	1223	53	1173	1311	1183	1307	1195	417	368	0	0	16883	12841	-1	-1	0.0	1355	1355	1182	1182	1173	1173	997	986	765	755	757	747	231	212	136	125	136	125
432	4163	1372	9	256	2526	1223	53	1173	1310	1140	1253	1083	567	461	0	0	12636	8950	-1	-1	0.0	1355	1355	1182	1182	1173	1173	811	810	616	615	608	607	176	164	121	114	119	113
433	4098	1332	10	248	2508	1223	53	1173	895	849	849	764	196	189	0	0	10099	7570	-1	-1	0.0	1355	1355	1182	1182	1173	1173	944	939	734	729	726	721	126	119	71	69	71	69
434	4110	1349	9	247	2505	1223	53	1173	868	776	843	771	286	256	0	0	12355	8724	-1	-1	0.0	1355	1355	1182	1182	1173	1173	951	948	744	741	733	730	121	116	72	72	72	72
435	4420	1375	9	261	2775	1223	53	1173	659	629	783	724	213	198	0	0	10651	9367	-1	-1	0.0	1355	1355	1182	1182	1173	1173	872	868	694	690	682	678	114	109	72	71	72	71
436	4131	1356	10	262	2503	1223	53	1173	1610	1464	1424	1311	557	481	0	0	9173	7291	-1	-1	0.0	1355	1355	1182	1182	1173	1173	1002	1002	761	761	748	748	209	194	131	124	131	124
437	4359	1351	9	265	2734	1223	53	1173	890	841	969	872	216	209	0	0	11265	9010	-1	-1	0.0	1355	1355	1182	1182	1173	1173	928	928	702	702	692	692	122	118	74	71	72	69
438	4183	1323	9	246	2605	1223	53	1173	808	756	773	711	215	191	0	0	10638	9073	-1	-1	0.0	1355	1355	1182	1182	1173	1173	1034	1033	791	790	777	776	127	121	83	81	83	81
439	4344	1354	9	263	2718	1223	53	1173	855	813	898	842	341	311	0	0	8762	6950	-1	-1	0.0	1355	1355	1182	1182	1173	1173	852	849	654	651	643	640	97	96	60	60	60	60
440	4224	1330	9	257	2628	1223	53	1173	730	696	900	816	222	205	8	1	18650	12061	-1	-1	0.0	1355	1355	1182	1182	1173	1173	948	948	710	710	698	698	154	148	74	72	74	72
441	4422	1354	9	270	2789	1223	53	1173	1148	1105	944	894	219	212	0	0	9215	7417	-1	-1	0.0	1355	1355	1182	1182	1173	1173	956	953	733	730	723	720	149	147	103	103	102	102
442	4307	1350	9	258	2690	1223	53	1173	1069	1014	972	892	312	286	0	0	17076	13029	-1	-1	0.0	1355	1355	1182	1182	1173	1173	897	892	697	692	684	679	145	135	89	86	89	86
443	4368	1361	9	270	2728	1223	53	1173	708	650	724	659	199	179	0	0	10704	9028	-1	-1	0.0	1355	1355	1182	1182	1173	1173	1052	1044	844	835	828	820	131	117	78	76	78	76
444	4161	1320	9	255	2577	1223	53	1173	1341	1271	1462	1339	358	343	0	0	17770	14323	-1	-1	0.0	1355	1355	1182	1182	1173	1173	956	953	750	747	738	735	224	210	135	127	134	126
445	4124	1349	9	264	2502	1223	53	1173	1072	988	845	797	284	260	4	1	13874	10575	-1	-1	0.0	1355	1355	1182	1182	1173	1173	923	921	702	700	693	691	140	130	89	85	89	85
446	4379	1346	9	261	2763	1223	53	1173	976	872	1201	1035	332	289	0	0	21449	17534	-1	-1	0.0	1355	1355	1182	1182	1173	1173	961	959	720	718	714	712	200	181	110	104	110	104
447	4284	1357	9	259	2659	1223	53	1173	1255	1077	1058	948	287	250	0	0	7985	6509	-1	-1	0.0	1355	1355	1182	1182	1173	1173	895	883	697	684	691	679	147	129	119	104	119	104
448	4372	1358	9	272	2733	1223	53	1173	1453	1247	1343	1172	425	360	0	0	14897	12028	-1	-1	0.0	1355	1355	1182	1182	1173	1173	964	961	731	729	724	722	227	200	169	148	169	148
449	4049	1352	9	248	2440	1223	53	1173	1320	1213	1328	1208	372	348	0	0	10081	6756	-1	-1	0.0	1355	1355	1182	1182	1173	1173	972	972	707	707	701	701	176	168	103	102	103	102
450	4129	1354	9	256	2510	1223	53	1173	599	568	737	667	272	255	0	0	14478	10077	-1	-1	0.0	1355	1355	1182	1182	1173	1173	859	858	683	682	675	674	78	75	55	55	55	55
451	4108	1329	10	258	2511	1223	53	1173	433	424	670	628	127	124	0	0	13445	9316	-1	-1	0.0	1355	1355	1182	1182	1173	1173	926	925	694	693	682	681	110	106	60	60	60	60
452	4114	1354	9	254	2497	1223	53	1173	903	869	837	784	276	264	0	0	14346	10549	-1	-1	0.0	1355	1355	1182	1182	1173	1173	920	915	670	666	658	654	140	137	76	76	75	75
453	4385	1364	9	255	2757	1223	53	1173	1423	1335	1268	1219	382	371	0	0	13683	11569	-1	-1	0.0	1355	1355	1182	1182	1173	1173	972	968	752	748	735	731	158	153	105	103	105	103
454	4133	1340	9	262	2522	1223	53	1173	1529	1420	1318	1191	549	501	0	0	12100	9450	-1	-1	0.0	1355	1355	1182	1182	1173	1173	883	882	675	674	663	662	189	180	131	126	131	126
455	4157	1343	9	250	2555	1223	53	1173	1425	1323	1140	1077	542	506	0	0	23510	14057	-1	-1	0.0	1355	1355	1182	1182	1173	1173	1049	1042	809	804	797	792	205	199	123	121	123	121
456	4342	1375	9	264	2694	1223	53	1173	929	855	971	880	219	195	0	0	13011	10334	-1	-1	0.0	1355	1355	1182	1182	1173	1173	895	889	676	669	672	666	117	107	84	80	84	80
457	3930	1336	9	257	2328	1223	53	1173	2088	1914	2052	1857	807	720	0	0	18782	13023	-1	-1	0.0	1355	1355	1182	1182	1173	1173	978	977	739	738	725	724	263	248	168	164	168	164
458	4131	1356	9	255	2511	1223	53	1173	1111	1052	1070	1000	445	410	0	0	18267	12780	-1	-1	0.0	1355	1355	1182	1182	1173	1173	946	943	716	713	702	699	188	181	116	115	114	113
459	4118	1340	9	275	2494	1223	53	1173	1079	1016	1056	991	336	325	0	0	11515	8657	-1	-1	0.0	1355	1355	1182	1182	1173	1173	879	879	665	665	659	659	174	167	95	95	95	95
460	3926	1333	9	243	2341	1223	53	1173	1399	1230	1591	1333	557	479	0	0	22123	14911	-1	-1	0.0	1355	1355	1182	1182	1173	1173	927	922	715	710	701	696	211	194	145	138	145	138
461	4331	1354	9	256	2712	1223	53	1173	1355	1175	1208	1090	382	323	16	2	14949	11129	-1	-1	0.0	1355	1355	1182	1182	1173	1173	909	908	679	678	667	666	155	148	109	106	109	106
462	4368	1329	9	266	2764	1223	53	1173	967	931	1141	1076	284	268	0	0	13165	10560	-1	-1	0.0	1355	1355	1182	1182	1173	1173	821	817	637	633	624	620	180	173	99	96	98	95
463	4185	1347	10	252	2576	1223	53	1173	881	808	866	790	334	295	0	0	10538	8310	-1	-1	0.0	1355	1355	1182	1182	1173	1173	898	897	683	682	673	672	136	124	79	77	79	77
464	4069	1342	9	252	2466	1223	53	1173	1192	1091	1183	1059	337	316	0	0	14932	12478	-1	-1	0.0	1355	1355	1182	1182	1173	1173	884	873	675	663	664	653	175	163	106	103	105	102
465	4266	1372	10	265	2619	1223	53	1173	1256	1178	1387	1292	394	370	0	0	13761	10314	-1	-1	0.0	1355	1355	1182	1182	1173	1173	938	932	724	718	711	705	223	206	123	118	122	117
466	4185	1348	9	252	2576	1223	53	1173	1141	1061	1075	955	263	240	0	0	9079	7641	-1	-1	0.0	1355	1355	1182	1182	1173	1173	948	947	702	701	692	691	174	165	98	97	98	97
467	4148	1337	10	242	2559	1223	53	1173	1367	1279	1508	1386	433	390	4	1	18729	12667	-1	-1	0.0	1355	1355	1182	1182	1173	1173	1102	1102	835	835	822	822	265	251	154	150	149	145
468	4454	1356	9	254	2835	1223	53	1173	1285	1180	1256	1158	232	224	0	0	11570	9617	-1	-1	0.0	1355	1355	1182	1182	1173	1173	1009	1005	755	751	744	740	196	185	131	127	130	126
469	4175	1322	9	249	2595	1223	53	1173	824	674	814	676	257	212	0	0	14247	11890	-1	-1	0.0	1355	1355	1182	1182	1173	1173	827	827	615	615	608	608	118	104	85	77	85	77
470	4237	1367	9	258	2603	1223	53	1173	808	767	1007	909	205	188	0	0	10915	8811	-1	-1	0.0	1355	1355	1182	1182	1173	1173	1068	1061	819	813	809	803	148	139	70	69	70	69
471	4082	1328	9	260	2485	1223	53	1173	674	626	529	513	158	154	0	0	12050	8665	-1	-1	0.0	1355	1355	1182	1182	1173	1173	820	805	666	651	654	640	99	97	76	76	76	76
472	4114	1372	9	258	2475	1223	53	1173	871	794	991	920	371	339	0	0	23678	15986	-1	-1	0.0	1355	1355	1182	1182	1173	1173	906	902	756	753	741	738	118	108	96	91	94	90
473	4231	1343	10	259	2619	1223	53	1173	615	591	706	619	159	156	0	0	11214	8776	-1	-1	0.0	1355	1355	1182	1182	1173	1173	973	971	752	750	739	737	73	71	45	44	44	43
474	4313	1335	9	255	2714	1223	53	1173	1373	1207	1223	1152	373	347	0	0	18444	14399	-1	-1	0.0	1355	1355	1182	1182	1173	1173	888	885	666	663	656	653	157	149	109	106	108	106
475	4270	1334	9	265	2662	1223	53	1173	914	862	1066	980	290	264	0	0	12442	9672	-1	-1	0.0	1355	1355	1182	1182	1173	1173	915	914	711	710	700	699	137	136	100	100	100	100
476	4213	1319	9	260	2625	1223	53	1173	1227	1137	1371	1206	387	359	0	0	10589	8006	-1	-1	0.0	1355	1355	1182	1182	1173	1173	941	940	712	711	699	698	192	181	109	107	108	106
477	4142	1348	9	260	2525	1223	53	1173	1349	1228	1395	1258	324	304	0	0	9002	6891	-1	-1	0.0	1355	1355	1182	1182	1173	1173	894	893	669	668	660	659	206	198	109	108	108	107
478	4176	1345	9	267	2555	1223	53	1173	844	820	1132	1088	263	249	0	0	10985	9136	-1	-1	0.0	1355	1355	1182	1182	1173	1173	944	943	691	690	681	680	220	206	95	95	95	95
479	4066	1356	9	253	2448	1223	53	1173	1247	1122	1173	1074	497	432	16	3	13676	10302	-1	-1	0.0	1355	1355	1182	1182	1173	1173	892	884	667	660	655	648	125	120	80	79	80	79
480	4103	1325	9	253	2516	1223	53	1173	1134	1053	1101	1017	357	332	0	0	11777	9774	-1	-1	0.0	1355	1355	1182	1182	1173	1173	992	989	752	749	744	741	144	135	95	89	95	89
481	4120	1331	10	251	2528	1223	53	1173	1337	1278	1586	1441	441	421	0	0	16848	12694	-1	-1	0.0	1355	1355	1182	1182	1173	1173	767	766	592	591	587	586	194	187	142	137	142	137
482	4197	1331	9	254	2603	1223	53	1173	1255	1188	1292	1148	320	293	0	0	13140	10245	-1	-1	0.0	1355	1355	1182	1182	1173	1173	1021	1013	786	779	774	767	206	195	124	120	123	120
483	4314	1349	10	252	2703	1223	53	1173	1335	1225	1478	1308	340	318	0	0	15352	12610	-1	-1	0.0	1355	1355	1182	1182	1173	1173	1037	1033	797	793	783	779	194	180	118	115	118	115
484	4249	1356	10	251	2632	1223	53	1173	1302	1170	1259	1109	434	372	0	0	9159	7068	-1	-1	0.0	1355	1355	1182	1182	1173	1173	1008	1005	741	738	730	727	196	178	119	113	119	113
485	4020	1338	9	255	2418	1223	53	1173	1170	1101	1117	1017	375	352	0	0	9832	7995	-1	-1	0.0	1355	1355	1182	1182	1173	1173	951	943	748	739	737	729	189	174	127	121	127	121
486	4349	1337	9	255	2748	1223	53	1173	1555	1453	1575	1443	416	380	0	0	12916	10811	-1	-1	0.0	1355	1355	1182	1182	1173	1173	904	899	703	698	688	683	187	183	126	124	126	124
487	4337	1353	10	263	2711	1223	53	1173	1221	1140	1272	1166	414	374	0	0	15999	11290	-1	-1	0.0	1355	1355	1182	1182	1173	1173	905	899	692	686	680	674	197	181	127	125	127	125
488	4197	1337	9	266	2585	1223	53	1173	1008	953	1137	1003	313	288	8	1	16441	12213	-1	-1	0.0	1355	1355	1182	1182	1173	1173	923	914	671	662	664	655	180	171	116	114	116	114
489	4354	1353	10	254	2737	1223	53	1173	627	553	484	456	122	109	0	0	14289	11748	-1	-1	0.0	1355	1355	1182	1182	1173	1173	917	916	666	665	657	656	86	80	44	42	44	42
490	4205	1368	10	257	2570	1223	53	1173	2263	2095	1917	1747	593	551	0	0	16531	11104	-1	-1	0.0	1355	1355	1182	1182	1173	1173	1079	1073	813	807	802	796	302	280	189	176	189	176
491	4115	1371	10	267	2467	1223	53	1173	499	451	561	519	154	135	0	0	12909	9850	-1	-1	0.0	1355	1355	1182	1182	1173	1173	885	881	701	698	689	686	63	61	37	37	36	36
492	4236	1351	9	263	2613	1223	53	1173	1183	1080	1150	1061	321	286	0	0	14845	11091	-1	-1	0.0	1355	1355	1182	1182	1173	1173	928	927	750	749	736	735	154	146	113	109	113	109
493	4349	1352	10	253	2734	1223	53	1173	776	738	813	718	192	185	0	0	11419	8933	-1	-1	0.0	1355	1355	1182	1182	1173	1173	855	847	657	648	646	638	112	109	84	82	84	82
494	4169	1333	9	248	2579	1223	53	1173	989	938	974	909	312	294	0	0	10522	7444	-1	-1	0.0	1355	1355	1182	1182	1173	1173	994	990	753	749	744	740	152	143	78	78	78	78
495	3977	1332	9	253	2383	1223	53	1173	1439	1314	1447	1302	516	454	0	0	12981	9318	-1	-1	0.0	1355	1355	1182	1182	1173	1173	965	960	751	746	740	735	219	207	126	121	126	121
496	4397	1342	9	269	2777	1223	53	1173	719	632	804	712	192	173	12	2	12616	9355	-1	-1	0.0	1355	1355	1182	1182	1173	1173	793	789	591	588	585	582	124	110	89	83	89	83
497	4100	1317	9	258	2516	1223	53	1173	732	712	923	863	250	243	0	0	16005	10907	-1	-1	0.0	1355	1355	1182	1182	1173	1173	899	899	689	689	682	682	157	147	79	77	79	77
498	4176	1335	9	259	2573	1223	53	1173	834	776	816	774	202	185	0	0	8566	6530	-1	-1	0.0	1355	1355	1182	1182	1173	1173	825	818	641	634	635	628	128	122	94	93	94	93
499	4211	1328	9	249	2625	1223	53	1173	703	674	709	638	229	205	0	0	9052	7389	-1	-1	0.0	1355	1355	1182	1182	1173	1173	819	814	634	629	626	621	97	95	49	49	49	49
500	4194	1339	9	255	2591	1223	53	1173	1118	1053	1204	1090	374	352	0	0	16689	11312	-1	-1	0.0	1355	1355	1182	1182	1173	1173	799	794	605	600	598	593	157	146	88	85	87	84
501	4378	1360	10	260	2748	1223	53	1173	1307	1240	1073	1033	335	320	0	0	10704	9296	-1	-1	0.0	1355	1355	1182	1182	1173	1173	1006	1002	753	750	743	740	176	172	103	103	101	101
502	4267	1367	10	269	2621	1223	53	1173	642	631	892	821	147	145	0	0	10720	8169	-1	-1	0.0	1355	1355	1182	1182	1173	1173	870	865	656	651	645	640	161	155	74	73	74	73
503	4217	1355	10	254	2598	1223	53	1173	802	748	864	779	296	270	0	0	14305	10951	-1	-1	0.0	1355	1355	1182	1182	1173	1173	960	955	726	721	717	712	122	118	67	66	66	65
504	4103	1351	9	250	2493	1223	53	1173	1162	1008	1060	935	360	300	0	0	9869	7830	-1	-1	0.0	1355	1355	1182	1182	1173	1173	1018	1018	751	751	738	738	172	156	100	93	99	92
505	4230	1353	10	261	2606	1223	53	1173	1330	1192	1302	1144	456	405	0	0	15528	11854	-1	-1	0.0	1355	1355	1182	1182	1173	1173	930	930	698	698	685	685	194	176	127	119	124	117
506	4174	1364	9	269	2532	1223	53	1173	1223	1135	1140	1029	447	400	0	0	13958	10165	-1	-1	0.0	1355	1355	1182	1182	1173	1173	990	986	765	761	753	749	161	155	93	91	93	91
507	4025	1315	9	256	2445	1223	53	1173	1495	1367	1868	1650	472	436	0	0	16478	12329	-1	-1	0.0	1355	1355	1182	1182	1173	1173	1104	1101	873	870	862	859	198	192	130	127	130	127
508	4381	1351	9	253	2768	1223	53	1173	1054	929	1164	953	293	252	0	0	12344	10011	-1	-1	0.0	1355	1355	1182	1182	1173	1173	975	973	714	712	705	703	199	181	108	101	108	101
509	4120	1342	9	261	2508	1223	53	1173	1517	1354	1335	1194	426	359	0	0	9420	8067	-1	-1	0.0	1355	1355	1182	1182	1173	1173	943	942	704	703	695	694	169	163	103	100	102	99
510	4204	1360	9	269	2566	1223	53	1173	1900	1716	1962	1795	665	605	0	0	12174	8914	-1	-1	0.0	1355	1355	1182	1182	1173	1173	1050	1045	808	803	794	789	268	249	179	176	178	175
511	4228	1342	10	259	2617	1223	53	1173	979	852	1124	979	403	339	0	0	13693	10111	-1	-1	0.0	1355	1355	1182	1182	1173	1173	943	942	733	732	720	719	175	151	113	97	112	96
512	4277	1317	9	257	2694	1223	53	1173	1512	1356	1589	1397	375	337	0	0	11498	9901	-1	-1	0.0	1355	1355	1182	1182	1173	1173	952	950	717	715	706	704	215	196	124	120	124	120
513	3889	1334	9	256	2290	1223	53	1173	1812	1626	1489	1345	703	610	0	0	14122	9353	-1	-1	0.0	1355	1355	1182	1182	1173	1173	1185	1179	914	909	898	893	246	224	150	144	150	144
514	4142	1338	9	260	2535	1223	53	1173	1046	970	870	835	245	238	0	0	15645	10875	-1	-1	0.0	1355	1355	1182	1182	1173	1173	1063	1057	804	797	794	788	156	147	96	93	95	92
515	4330	1344	10	256	2720	1223	53	1173	1191	1045	1026	900	375	307	0	0	15102	10784	-1	-1	0.0	1355	1355	1182	1182	1173	1173	856	852	640	636	631	627	166	150	104	99	103	98
516	4237	1351	9	268	2609	1223	53	1173	1507	1399	1520	1401	406	388	0	0	9012	7454	-1	-1	0.0	1355	1355	1182	1182	1173	1173	909	909	670	670	659	659	181	171	108	103	107	102
517	4198	1315	9	256	2618	1223	53	1173	869	827	908	847	317	290	0	0	13354	10149	-1	-1	0.0	1355	1355	1182	1182	1173	1173	1018	1010	771	764	763	756	146	140	79	78	79	78
518	4270	1359	11	268	2632	1223	53	1173	1202	1138	1460	1354	329	306	0	0	9030	7238	-1	-1	0.0	1355	1355	1182	1182	1173	1173	891	884	704	696	695	688	210	200	140	135	140	135
519	4273	1347	9	274	2643	1223	53	1173	1242	1172	1342	1233	392	362	0	0	12479	9229	-1	-1	0.0	1355	1355	1182	1182	1173	1173	922	921	709	708	702	701	152	143	88	86	88	86
520	4185	1359	9	255	2562	1223	53	1173	1078	1024	1115	984	327	314	0	0	13189	11055	-1	-1	0.0	1355	1355	1182	1182	1173	1173	915	915	704	704	691	691	148	146	92	92	92	92
521	4245	1363	10	264	2608	1223	53	1173	2028	1829	1783	1658	627	583	0	0	11491	8784	-1	-1	0.0	1355	1355	1182	1182	1173	1173	1118	1114	864	860	850	846	276	260	179	175	179	175
522	4157	1338	9	246	2564	1223	53	1173	882	825	1044	916	241	219	0	0	14072	10956	-1	-1	0.0	1355	1355	1182	1182	1173	1173	882	876	663	657	653	647	149	142	83	80	83	80
523	4152	1347	10	270	2525	1223	53	1173	720	668	746	695	272	234	4	1	18770	14537	-1	-1	0.0	1355	1355	1182	1182	1173	1173	862	862	649	649	643	643	106	99	58	56	58	56
524	4160	1333	9	256	2562	1223	53	1173	1442	1199	1382	1178	473	382	0	0	13259	9961	-1	-1	0.0	1355	1355	1182	1182	1173	1173	822	822	582	582	577	577	185	161	121	109	120	108
525	4481	1360	9	268	2844	1223	53	1173	1190	1097	1225	1104	272	253	0	0	18387	14947	-1	-1	0.0	1355	1355	1182	1182	1173	1173	927	926	678	677	673	672	149	140	100	95	99	95
526	4053	1329	10	252	2462	1223	53	1173	1187	1106	935	849	361	336	0	0	11925	9370	-1	-1	0.0	1355	1355	1182	1182	1173	1173	955	948	738	731	725	718	158	147	82	79	81	79
527	4422	1364	9	260	2789	1223	53	1173	769	710	825	748	223	205	0	0	12903	9307	-1	-1	0.0	1355	1355	1182	1182	1173	1173	955	950	747	743	739	735	119	114	91	88	90	87
528	4093	1316	9	262	2506	1223	53	1173	1406	1291	1290	1184	562	484	0	0	15391	11545	-1	-1	0.0	1355	1355	1182	1182	1173	1173	944	943	721	720	710	709	178	170	105	101	103	99
529	4207	1358	9	265	2575	1223	53	1173	1078	984	998	927	347	314	4	1	8015	5767	-1	-1	0.0	1355	1355	1182	1182	1173	1173	901	893	688	681	679	672	143	134	106	101	105	100
530	4161	1345	9	252	2555	1223	53	1173	717	654	724	680	232	199	0	0	17010	13061	-1	-1	0.0	1355	1355	1182	1182	1173	1173	930	929	736	735	721	720	109	106	74	73	74	73
531	4222	1353	9	266	2594	1223	53	1173	1379	1263	988	948	359	349	0	0	15398	11617	-1	-1	0.0	1355	1355	1182	1182	1173	1173	1094	1091	845	842	827	824	166	161	91	88	90	87
532	4105	1317	10	256	2522	1223	53	1173	752	651	769	670	216	181	0	0	12631	9471	-1	-1	0.0	1355	1355	1182	1182	1173	1173	827	823	640	636	632	628	118	109	56	51	56	51
533	4200	1355	10	262	2573	1223	53	1173	1382	1234	1205	1067	373	327	8	2	10746	8729	-1	-1	0.0	1355	1355	1182	1182	1173	1173	869	866	660	657	650	647	145	135	92	88	92	88
534	4376	1337	9	256	2774	1223	53	1173	1297	1223	1257	1203	378	359	0	0	15373	11811	-1	-1	0.0	1355	1355	1182	1182	1173	1173	977	966	732	722	723	713	182	178	106	103	106	103
535	4211	1357	9	249	2596	1223	53	1173	1060	953	992	909	377	311	0	0	11906	9374	-1	-1	0.0	1355	1355	1182	1182	1173	1173	799	798	623	622	612	611	118	115	72	70	71	69
536	4417	1348	10	257	2802	1223	53	1173	1425	1334	1251	1175	452	414	0	0	21544	15908	-1	-1	0.0	1355	1355	1182	1182	1173	1173	991	990	748	747	738	737	192	177	125	123	125	123
537	4126	1339	9	269	2509	1223	53	1173	1753	1646	1639	1537	563	505	0	0	19233	15221	-1	-1	0.0	1355	1355	1182	1182	1173	1173	1090	1081	823	813	811	802	274	266	160	158	160	158
538	4183	1350	9	256	2568	1223	53	1173	812	767	881	817	193	184	0	0	12304	10105	-1	-1	0.0	1355	1355	1182	1182	1173	1173	815	804	620	608	612	601	140	137	91	91	91	91
539	4128	1388	9	264	2467	1223	53	1173	1084	965	919	825	334	302	0	0	13247	10495	-1	-1	0.0	1355	1355	1182	1182	1173	1173	892	892	661	661	651	651	149	137	85	82	85	82
540	4374	1354	9	265	2746	1223	53	1173	1236	1155	1429	1323	297	288	0	0	15019	11918	-1	-1	0.0	1355	1355	1182	1182	1173	1173	996	994	768	766	759	757	169	161	96	93	96	93
541	4303	1335	9	274	2685	1223	53	1173	1365	1267	1312	1168	368	336	4	1	14678	10588	-1	-1	0.0	1355	1355	1182	1182	1173	1173	921	919	690	688	678	676	199	186	100	96	100	96
542	4267	1346	9	252	2660	1223	53	1173	909	867	1001	927	244	230	0	0	12328	9934	-1	-1	0.0	1355	1355	1182	1182	1173	1173	910	910	685	685	673	673	129	119	67	65	67	65
543	4011	1340	9	255	2407	1223	53	1173	1004	929	944	868	338	286	0	0	15641	11213	-1	-1	0.0	1355	1355	1182	1182	1173	1173	944	944	683	683	678	678	167	159	100	97	99	96
544	4198	1336	9	255	2598	1223	53	1173	1183	1124	1253	1177	418	404	0	0	10167	8098	-1	-1	0.0	1355	1355	1182	1182	1173	1173	878	874	678	674	666	662	178	169	113	113	113	113
545	4269	1367	10	267	2625	1223	53	1173	1182	1112	1179	1103	379	333	0	0	12928	10038	-1	-1	0.0	1355	1355	1182	1182	1173	1173	890	883	681	674	669	662	208	197	98	95	98	95
546	4081	1335	9	256	2481	1223	53	1173	1919	1736	1452	1300	575	490	0	0	13867	9820	-1	-1	0.0	1355	1355	1182	1182	1173	1173	1140	1134	842	835	829	823	211	192	120	117	120	117
547	4352	1346	10	259	2737	1223	53	1173	946	902	992	945	253	242	0	0	7439	6388	-1	-1	0.0	1355	1355	1182	1182	1173	1173	991	990	783	782	771	770	146	143	100	98	100	98
548	4219	1353	9	267	2590	1223	53	1173	1826	1664	1400	1285	326	308	0	0	20122	14298	-1	-1	0.0	1355	1355	1182	1182	1173	1173	1103	1098	833	829	823	819	221	202	126	121	126	121
549	4025	1334	9	245	2437	1223	53	1173	1472	1407	1511	1404	451	442	0	0	12048	9078	-1	-1	0.0	1355	1355	1182	1182	1173	1173	959	957	751	749	741	739	219	214	135	135	135	135
550	4195	1344	9	259	2583	1223	53	1173	1079	1011	1093	1024	335	296	0	0	9659	7453	-1	-1	0.0	1355	1355	1182	1182	1173	1173	866	865	663	662	657	656	157	150	102	100	101	99
551	4270	1373	9	264	2624	1223	53	1173	937	905	899	862	240	231	0	0	20790	15835	-1	-1	0.0	1355	1355	1182	1182	1173	1173	1004	1004	773	773	763	763	163	158	103	103	103	103
552	4198	1353	10	256	2579	1223	53	1173	914	860	944	856	207	198	0	0	17960	13293	-1	-1	0.0	1355	1355	1182	1182	1173	1173	877	869	684	675	675	667	131	123	95	91	94	90
553	4358	1377	11	249	2721	1223	53	1173	923	851	1006	903	296	266	0	0	19697	13712	-1	-1	0.0	1355	1355	1182	1182	1173	1173	971	970	734	734	723	723	148	139	95	91	94	90
554	4240	1347	9	270	2614	1223	53	1173	1363	1241	1299	1206	498	429	0	0	21415	15924	-1	-1	0.0	1355	1355	1182	1182	1173	1173	916	915	682	681	671	670	231	218	123	121	123	121
555	4237	1349	9	253	2626	1223	53	1173	1532	1351	1399	1250	409	359	0	0	17807	13977	-1	-1	0.0	1355	1355	1182	1182	1173	1173	910	908	705	703	698	696	220	199	154	148	154	148
556	4237	1335	9	259	2634	1223	53	1173	1158	1107	988	949	447	430	0	0	13033	10378	-1	-1	0.0	1355	1355	1182	1182	1173	1173	885	883	684	682	672	670	170	160	95	95	93	93
557	4308	1340	11	251	2706	1223	53	1173	1062	909	1110	988	375	306	0	0	12903	9667	-1	-1	0.0	1355	1355	1182	1182	1173	1173	917	916	693	692	687	686	129	112	90	82	89	81
558	4246	1336	9	260	2641	1223	53	1173	837	772	873	819	236	225	0	0	22815	15540	-1	-1	0.0	1355	1355	1182	1182	1173	1173	781	776	571	566	561	556	144	133	97	92	96	91
559	4309	1334	10	266	2699	1223	53	1173	1006	909	1165	1024	272	237	0	0	16049	12559	-1	-1	0.0	1355	1355	1182	1182	1173	1173	942	933	730	721	720	711	171	159	117	112	117	112
560	4153	1342	9	251	2551	1223	53	1173	1001	930	983	916	302	276	0	0	10829	8426	-1	-1	0.0	1355	1355	1182	1182	1173	1173	1002	997	779	774	768	763	175	168	97	94	97	94
561	4181	1357	10	251	2563	1223	53	1173	1176	1080	1037	926	479	422	0	0	13330	10327	-1	-1	0.0	1355	1355	1182	1182	1173	1173	838	830	644	637	636	629	172	160	106	99	105	98
562	4432	1371	9	261	2791	1223	53	1173	958	868	774	725	311	279	0	0	17233	13222	-1	-1	0.0	1355	1355	1182	1182	1173	1173	783	782	615	614	607	606	129	121	72	70	72	70
563	4233	1330	9	264	2630	1223	53	1173	827	770	883	806	257	237	0	0	12226	9597	-1	-1	0.0	1355	1355	1182	1182	1173	1173	841	840	652	651	642	641	128	121	84	80	84	80
564	3962	1338	10	259	2355	1223	53	1173	1461	1310	1146	1053	562	508	0	0	20497	14986	-1	-1	0.0	1355	1355	1182	1182	1173	1173	905	899	699	692	692	686	173	166	99	98	99	98
565	4098	1364	9	272	2453	1223	53	1173	1167	1086	1095	1031	312	277	0	0	12163	9750	-1	-1	0.0	1355	1355	1182	1182	1173	1173	863	859	678	674	669	665	160	156	114	112	114	112
566	4115	1322	9	249	2535	1223	53	1173	843	767	882	813	321	288	0	0	6668	5105	-1	-1	0.0	1355	1355	1182	1182	1173	1173	846	842	671	667	663	659	172	157	105	97	105	97
567	4525	1355	9	269	2892	1223	53	1173	1430	1369	1534	1421	439	412	0	0	14311	10856	-1	-1	0.0	1355	1355	1182	1182	1173	1173	854	854	660	660	646	646	194	192	132	130	132	130
568	4099	1340	9	256	2494	1223	53	1173	1155	1028	1111	960	287	247	0	0	13275	10780	-1	-1	0.0	1355	1355	1182	1182	1173	1173	889	883	689	682	678	672	149	137	93	89	93	89
569	4343	1319	9	257	2758	1223	53	1173	434	415	525	460	121	119	0	0	7862	6210	-1	-1	0.0	1355	1355	1182	1182	1173	1173	854	853	651	650	646	645	69	67	43	43	43	43
570	4163	1368	9	246	2540	1223	53	1173	1284	1184	950	893	375	343	0	0	25359	17048	-1	-1	0.0	1355	1355	1182	1182	1173	1173	956	953	730	727	722	719	163	151	89	86	89	86
571	3989	1330	9	258	2392	1223	53	1173	591	567	557	517	180	173	0	0	16236	10269	-1	-1	0.0	1355	1355	1182	1182	1173	1173	849	845	659	655	651	647	76	76	52	52	51	51
572	4086	1349	9	250	2478	1223	53	1173	721	678	804	759	213	199	0	0	8174	6967	-1	-1	0.0	1355	1355	1182	1182	1173	1173	909	905	685	681	676	672	125	114	74	71	74	71
573	4281	1355	10	268	2648	1223	53	1173	1437	1362	1285	1155	448	396	0	0	11434	9280	-1	-1	0.0	1355	1355	1182	1182	1173	1173	911	911	669	669	661	661	166	159	100	97	99	96
574	4300	1351	9	260	2680	1223	53	1173	846	752	990	894	227	206	0	0	13399	10543	-1	-1	0.0	1355	1355	1182	1182	1173	1173	877	866	677	665	669	658	112	110	86	85	86	85
575	4101	1357	10	249	2485	1223	53	1173	969	900	1033	939	391	357	0	0	15210	10974	-1	-1	0.0	1355	1355	1182	1182	1173	1173	1032	1029	817	815	799	797	160	155	111	108	110	108
576	4004	1355	9	252	2388	1223	53	1173	750	709	836	786	287	266	0	0	15501	11409	-1	-1	0.0	1355	1355	1182	1182	1173	1173	911	905	712	705	700	694	125	119	77	76	77	76
577	4159	1340	9	254	2556	1223	53	1173	1202	1105	1237	1140	345	314	0	0	19096	13642	-1	-1	0.0	1355	1355	1182	1182	1173	1173	988	987	736	735	726	725	203	193	121	117	121	117
578	4363	1371	10	256	2726	1223	53	1173	947	879	1285	1130	262	230	0	0	13723	12322	-1	-1	0.0	1355	1355	1182	1182	1173	1173	926	924	710	708	700	698	134	127	83	80	82	79
579	4364	1317	9	269	2769	1223	53	1173	327	305	322	304	71	62	0	0	13762	10470	-1	-1	0.0	1355	1355	1182	1182	1173	1173	828	821	663	656	654	647	50	50	28	28	28	28
580	4041	1351	9	262	2419	1223	53	1173	1417	1325	1633	1461	345	322	0	0	14866	11060	-1	-1	0.0	1355	1355	1182	1182	1173	1173	986	984	733	731	722	720	204	196	118	117	117	116
581	4153	1336	9	254	2554	1223	53	1173	1449	1243	1303	1169	572	466	0	0	10081	7454	-1	-1	0.0	1355	1355	1182	1182	1173	1173	930	929	696	695	688	687	156	149	95	94	95	94
582	4059	1343	9	253	2454	1223	53	1173	1495	1353	1458	1289	617	532	0	0	18850	12293	-1	-1	0.0	1355	1355	1182	1182	1173	1173	908	907	715	714	703	702	210	207	129	127	129	127
583	4230	1372	9	245	2604	1223	53	1173	701	668	744	674	194	182	0	0	12169	8647	-1	-1	0.0	1355	1355	1182	1182	1173	1173	895	890	669	665	657	653	97	91	58	56	58	56
584	4255	1348	9	263	2635	1223	53	1173	1629	1409	1682	1411	552	456	16	3	18396	13526	-1	-1	0.0	1355	1355	1182	1182	1173	1173	1007	1003	794	791	781	778	176	160	117	108	117	108
585	4250	1364	9	252	2625	1223	53	1173	1126	1034	1253	1141	269	254	0	0	12242	10166	-1	-1	0.0	1355	1355	1182	1182	1173	1173	897	897	685	685	677	677	172	160	108	102	108	102
586	4483	1365	10	254	2854	1223	53	1173	1322	1205	1313	1189	347	320	0	0	8714	7452	-1	-1	0.0	1355	1355	1182	1182	1173	1173	833	829	627	623	617	613	192	176	113	107	113	107
587	4137	1352	9	248	2528	1223	53	1173	1130	1073	1080	998	354	329	0	0	17978	12542	-1	-1	0.0	1355	1355	1182	1182	1173	1173	1023	1019	780	776	772	768	165	157	99	96	99	96
588	4155	1369	9	249	2528	1223	53	1173	1145	1098	984	902	320	309	0	0	14663	10685	-1	-1	0.0	1355	1355	1182	1182	1173	1173	1037	1034	796	793	785	782	178	171	100	98	98	96
589	4232	1328	9	250	2645	1223	53	1173	1185	1093	1109	1009	333	288	0	0	10063	8005	-1	-1	0.0	1355	1355	1182	1182	1173	1173	1017	1016	758	757	745	744	213	199	122	119	122	119
590	4238	1358	9	259	2612	1223	53	1173	1035	907	1148	1016	381	341	0	0	15436	11094	-1	-1	0.0	1355	1355	1182	1182	1173	1173	924	924	718	718	703	703	130	121	90	90	89	89
591	4166	1333	10	270	2553	1223	53	1173	769	705	933	838	209	191	0	0	6324	4891	-1	-1	0.0	1355	1355	1182	1182	1173	1173	830	825	629	624	614	609	123	115	98	94	97	94
592	4063	1349	10	269	2435	1223	53	1173	1544	1432	1582	1455	473	431	0	0	16344	12113	-1	-1	0.0	1355	1355	1182	1182	1173	1173	952	950	752	750	741	739	215	212	163	163	162	162
593	4133	1370	9	260	2494	1223	53	1173	2115	1893	1964	1770	725	621	0	0	13560	9733	-1	-1	0.0	1355	1355	1182	1182	1173	1173	932	929	699	696	691	688	234	227	162	159	161	158
594	4154	1338	10	243	2563	1223	53	1173	745	698	706	670	244	225	0	0	14874	10795	-1	-1	0.0	1355	1355	1182	1182	1173	1173	876	876	637	637	630	630	114	107	69	67	69	67
595	4230	1372	9	256	2593	1223	53	1173	1068	976	1074	1012	399	355	0	0	10401	7866	-1	-1	0.0	1355	1355	1182	1182	1173	1173	980	972	784	775	771	763	176	172	101	101	101	101
596	3971	1342	10	243	2376	1223	53	1173	1054	977	1377	1265	364	343	0	0	21475	14501	-1	-1	0.0	1355	1355	1182	1182	1173	1173	890	884	676	671	662	657	166	161	75	74	75	74
597	4168	1326	10	250	2582	1223	53	1173	904	854	1163	1034	222	207	0	0	10886	8935	-1	-1	0.0	1355	1355	1182	1182	1173	1173	959	959	760	760	752	752	150	141	100	97	99	97
598	4379	1342	10	259	2768	1223	53	1173	1104	1016	1259	1140	269	256	0	0	9380	7775	-1	-1	0.0	1355	1355	1182	1182	1173	1173	947	947	723	723	712	712	178	159	118	110	117	109
599	3897	1335	9	261	2292	1223	53	1173	1222	1109	1058	953	359	313	0	0	13469	10116	-1	-1	0.0	1355	1355	1182	1182	1173	1173	938	933	727	722	716	711	153	147	110	105	110	105
600	4212	1369	11	273	2559	1223	53	1173	1393	1225	1447	1310	555	470	0	0	12857	9603	-1	-1	0.0	1355	1355	1182	1182	1173	1173	989	982	758	751	746	739	200	187	135	130	133	130
601	4258	1343	9	262	2644	1223	53	1173	1408	1278	1431	1282	519	469	0	0	21688	15818	-1	-1	0.0	1355	1355	1182	1182	1173	1173	935	933	715	713	704	702	197	178	128	118	128	118
602	4109	1351	10	250	2498	1223	53	1173	801	734	751	676	282	265	0	0	17434	12277	-1	-1	0.0	1355	1355	1182	1182	1173	1173	814	812	617	615	607	605	127	123	74	73	74	73
603	4213	1369	10	269	2565	1223	53	1173	781	740	956	889	262	255	0	0	18497	14082	-1	-1	0.0	1355	1355	1182	1182	1173	1173	909	906	700	697	687	684	166	163	73	73	73	73
604	4131	1331	9	262	2529	1223	53	1173	1214	1097	1245	1114	436	404	0	0	13266	9553	-1	-1	0.0	1355	1355	1182	1182	1173	1173	878	874	675	671	667	663	155	152	94	91	94	91
605	4036	1353	9	254	2420	1223	53	1173	1074	931	1005	892	245	223	0	0	21107	14675	-1	-1	0.0	1355	1355	1182	1182	1173	1173	866	865	692	691	684	683	163	146	102	98	102	98
606	4288	1382	9	267	2630	1223	53	1173	1571	1390	1576	1397	388	362	0	0	10410	7924	-1	-1	0.0	1355	1355	1182	1182	1173	1173	999	997	738	736	729	727	202	185	112	110	111	109
607	4104	1371	10	259	2464	1223	53	1173	1139	1071	1036	965	363	333	8	1	14094	8660	-1	-1	0.0	1355	1355	1182	1182	1173	1173	847	846	642	641	637	636	197	183	97	95	97	95
608	3987	1330	9	250	2398	1223	53	1173	1019	963	880	846	282	267	0	0	12293	9531	-1	-1	0.0	1355	1355	1182	1182	1173	1173	1060	1051	814	806	804	796	174	169	104	101	104	101
609	4205	1349	9	254	2593	1223	53	1173	819	753	803	724	247	233	0	0	27135	17520	-1	-1	0.0	1355	1355	1182	1182	1173	1173	891	890	672	671	665	664	125	115	82	77	82	77
610	4272	1365	9	262	2636	1223	53	1173	769	722	685	639	246	224	0	0	15668	11936	-1	-1	0.0	1355	1355	1182	1182	1173	1173	847	846	636	635	629	628	89	83	55	53	55	53
611	4240	1355	9	261	2615	1223	53	1173	995	940	1175	1066	244	227	0	0	8290	7182	-1	-1	0.0	1355	1355	1182	1182	1173	1173	889	882	671	665	657	651	178	166	125	120	125	120
612	4285	1361	10	260	2654	1223	53	1173	1448	1319	1262	1135	436	392	0	0	9781	7749	-1	-1	0.0	1355	1355	1182	1182	1173	1173	1041	1035	800	793	784	778	195	179	138	130	137	129
613	4093	1312	9	243	2529	1223	53	1173	969	894	843	795	292	278	8	2	16763	12745	-1	-1	0.0	1355	1355	1182	1182	1173	1173	848	844	653	650	644	641	127	124	59	59	58	58
614	4219	1337	9	246	2627	1223	53	1173	1366	1253	1007	938	306	277	0	0	14779	11679	-1	-1	0.0	1355	1355	1182	1182	1173	1173	1053	1045	775	766	764	756	192	184	130	124	130	124
615	4110	1329	9	254	2518	1223	53	1173	726	679	908	799	212	187	0	0	11265	8166	-1	-1	0.0	1355	1355	1182	1182	1173	1173	877	872	699	695	693	689	116	109	63	61	63	61
616	4261	1353	9	256	2643	1223	53	1173	1638	1518	1954	1732	545	494	0	0	11290	9237	-1	-1	0.0	1355	1355	1182	1182	1173	1173	831	827	603	599	595	591	223	209	126	125	126	125
617	4178	1351	9	277	2541	1223	53	1173	719	654	715	645	207	189	0	0	20712	15619	-1	-1	0.0	1355	1355	1182	1182	1173	1173	850	840	664	655	656	647	127	123	63	60	63	60
618	4476	1344	9	268	2855	1223	53	1173	1112	1029	1120	1033	253	228	0	0	16930	14009	-1	-1	0.0	1355	1355	1182	1182	1173	1173	856	855	655	654	646	645	174	157	114	107	114	107
619	4039	1335	9	258	2437	1223	53	1173	1565	1375	1524	1364	406	373	16	3	12275	9017	-1	-1	0.0	1355	1355	1182	1182	1173	1173	877	874	649	646	640	637	229	210	128	124	128	124
620	4279	1334	9	253	2683	1223	53	1173	1318	1208	1252	1184	358	340	0	0	9659	7600	-1	-1	0.0	1355	1355	1182	1182	1173	1173	864	859	660	656	648	644	218	204	125	122	123	120
621	4255	1357	9	267	2622	1223	53	1173	1151	1067	1202	1062	378	351	0	0	15472	9646	-1	-1	0.0	1355	1355	1182	1182	1173	1173	947	943	710	706	700	696	161	156	89	88	89	88
622	4255	1353	9	258	2635	1223	53	1173	1199	1081	923	879	287	277	0	0	11286	9113	-1	-1	0.0	1355	1355	1182	1182	1173	1173	958	948	716	706	706	697	195	183	102	98	102	98
623	4254	1342	10	255	2647	1223	53	1173	1381	1269	1479	1371	515	464	0	0	14231	11277	-1	-1	0.0	1355	1355	1182	1182	1173	1173	905	903	688	686	675	673	234	216	131	128	131	128
624	4216	1349	9	255	2603	1223	53	1173	1067	994	1132	1003	310	280	0	0	9829	7139	-1	-1	0.0	1355	1355	1182	1182	1173	1173	920	917	692	689	683	680	149	140	108	104	108	104
625	4129	1325	9	257	2538	1223	53	1173	717	691	1028	917	265	255	0	0	17502	11952	-1	-1	0.0	1355	1355	1182	1182	1173	1173	948	944	712	708	702	698	119	115	78	74	76	74
626	4216	1356	10	259	2591	1223	53	1173	1077	1027	855	826	311	298	0	0	11419	9139	-1	-1	0.0	1355	1355	1182	1182	1173	1173	1054	1052	780	778	766	764	175	167	75	74	74	73
627	4142	1321	9	247	2565	1223	53	1173	1110	1026	953	916	365	350	0	0	17331	13376	-1	-1	0.0	1355	1355	1182	1182	1173	1173	915	910	717	713	706	702	168	160	95	95	95	95
628	4173	1341	10	261	2561	1223	53	1173	959	907	895	847	211	201	12	2	12117	9251	-1	-1	0.0	1355	1355	1182	1182	1173	1173	906	899	693	686	683	676	164	156	93	89	91	89
629	4127	1358	9	254	2506	1223	53	1173	554	521	721	638	200	180	0	0	18452	13312	-1	-1	0.0	1355	1355	1182	1182	1173	1173	933	929	749	746	743	740	76	72	62	60	62	60
630	4012	1326	9	252	2425	1223	53	1173	1828	1539	1809	1512	630	525	0	0	13088	9293	-1	-1	0.0	1355	1355	1182	1182	1173	1173	1115	1110	840	836	825	821	235	211	140	131	139	130
631	4188	1349	9	257	2573	1223	53	1173	1729	1536	1519	1376	614	545	0	0	15492	11352	-1	-1	0.0	1355	1355	1182	1182	1173	1173	1050	1046	808	804	797	793	234	216	136	132	136	132
632	4267	1343	9	254	2661	1223	53	1173	1898	1674	2229	1941	634	576	0	0	11467	7885	-1	-1	0.0	1355	1355	1182	1182	1173	1173	919	915	714	710	703	699	266	234	169	159	169	159
633	4115	1346	9	259	2501	1223	53	1173	1576	1437	1332	1249	327	305	0	0	10351	8327	-1	-1	0.0	1355	1355	1182	1182	1173	1173	1034	1026	755	747	745	738	226	204	125	115	125	115
634	4197	1342	9	250	2596	1223	53	1173	862	776	989	851	245	222	0	0	13530	10012	-1	-1	0.0	1355	1355	1182	1182	1173	1173	958	958	754	754	746	746	153	145	89	86	89	86
635	4170	1347	10	244	2569	1223	53	1173	773	719	694	658	182	170	0	0	12765	9225	-1	-1	0.0	1355	1355	1182	1182	1173	1173	959	954	726	722	714	710	150	144	69	68	67	66
636	4233	1363	9	261	2600	1223	53	1173	696	639	682	635	211	195	8	1	18837	11605	-1	-1	0.0	1355	1355	1182	1182	1173	1173	885	884	657	656	648	647	109	102	69	67	69	67
637	4343	1345	9	261	2728	1223	53	1173	1188	1097	1212	1086	254	236	0	0	16719	12598	-1	-1	0.0	1355	1355	1182	1182	1173	1173	991	989	761	759	753	751	175	170	109	106	108	106
638	4031	1344	10	241	2436	1223	53	1173	790	727	803	745	285	258	0	0	12145	8263	-1	-1	0.0	1355	1355	1182	1182	1173	1173	959	952	769	763	753	747	109	107	88	87	87	86
639	3900	1321	9	241	2329	1223	53	1173	614	584	577	554	185	175	0	0	10850	7473	-1	-1	0.0	1355	1355	1182	1182	1173	1173	840	835	657	652	647	642	105	100	68	64	67	64
640	4296	1350	9	249	2688	1223	53	1173	2071	1919	1936	1730	631	572	0	0	18504	13982	-1	-1	0.0	1355	1355	1182	1182	1173	1173	1115	1106	875	868	861	854	233	218	152	144	152	144
641	4166	1349	9	258	2550	1223	53	1173	433	400	640	581	83	77	0	0	12144	10172	-1	-1	0.0	1355	1355	1182	1182	1173	1173	944	943	759	758	746	745	94	89	73	69	73	69
642	4325	1357	9	276	2683	1223	53	1173	1033	978	828	796	211	202	0	0	16747	13197	-1	-1	0.0	1355	1355	1182	1182	1173	1173	987	980	740	732	727	720	184	170	93	93	93	93
643	4199	1371	9	263	2556	1223	53	1173	829	759	685	636	199	188	0	0	10764	6850	-1	-1	0.0	1355	1355	1182	1182	1173	1173	921	919	693	691	678	676	126	115	63	58	63	58
644	4181	1348	9	267	2557	1223	53	1173	886	837	1004	958	259	242	0	0	18595	13992	-1	-1	0.0	1355	1355	1182	1182	1173	1173	916	916	680	680	669	669	151	147	80	79	80	79
645	3972	1331	10	246	2385	1223	53	1173	1225	1174	1181	1119	451	424	0	0	14218	11267	-1	-1	0.0	1355	1355	1182	1182	1173	1173	922	920	726	724	718	716	194	185	124	121	124	121
646	4148	1319	9	255	2565	1223	53	1173	1141	1034	1107	1008	392	364	0	0	19179	13409	-1	-1	0.0	1355	1355	1182	1182	1173	1173	839	839	619	619	608	608	170	159	91	85	90	84
647	4137	1330	9	267	2531	1223	53	1173	1333	1187	1472	1325	357	326	0	0	13282	10221	-1	-1	0.0	1355	1355	1182	1182	1173	1173	777	772	602	597	592	587	163	147	121	108	121	108
648	3961	1330	9	249	2373	1223	53	1173	1822	1642	1691	1501	679	607	0	0	25093	16188	-1	-1	0.0	1355	1355	1182	1182	1173	1173	964	956	748	740	740	732	214	197	156	150	153	147
649	4181	1343	9	264	2565	1223	53	1173	1234	1173	1573	1415	362	337	0	0	17328	13809	-1	-1	0.0	1355	1355	1182	1182	1173	1173	925	925	694	694	678	678	162	157	100	99	100	99
650	4143	1327	9	258	2549	1223	53	1173	873	842	1073	1006	348	332	0	0	15223	12009	-1	-1	0.0	1355	1355	1182	1182	1173	1173	850	847	656	653	649	646	169	164	105	105	105	105
651	4280	1368	9	248	2655	1223	53	1173	954	874	922	880	257	238	0	0	12311	9065	-1	-1	0.0	1355	1355	1182	1182	1173	1173	997	984	778	764	766	753	176	164	100	98	100	98
652	4137	1343	10	251	2533	1223	53	1173	1151	1056	1137	1069	381	353	0	0	18617	13270	-1	-1	0.0	1355	1355	1182	1182	1173	1173	971	968	758	755	747	744	159	149	121	118	120	118
653	4088	1316	10	252	2510	1223	53	1173	889	809	855	801	279	257	0	0	12914	8988	-1	-1	0.0	1355	1355	1182	1182	1173	1173	883	881	665	663	655	653	155	143	87	86	86	85
654	4355	1368	10	271	2706	1223	53	1173	1353	1253	1058	1009	406	382	0	0	10692	9489	-1	-1	0.0	1355	1355	1182	1182	1173	1173	873	866	663	655	651	644	166	158	88	87	88	87
655	3950	1360	9	256	2325	1223	53	1173	1162	1090	1212	1102	417	389	12	2	21755	14343	-1	-1	0.0	1355	1355	1182	1182	1173	1173	986	984	726	724	712	710	211	199	102	98	102	98
656	4219	1342	9	254	2614	1223	53	1173	1248	1147	1406	1248	403	367	0	0	16955	12767	-1	-1	0.0	1355	1355	1182	1182	1173	1173	914	913	707	706	696	695	196	188	117	115	117	115
657	4103	1346	9	253	2495	1223	53	1173	656	647	612	597	197	193	0	0	12080	8531	-1	-1	0.0	1355	1355	1182	1182	1173	1173	976	971	768	763	757	752	115	110	68	67	68	67
658	4149	1340	10	256	2543	1223	53	1173	1011	898	976	890	340	315	0	0	15978	11599	-1	-1	0.0	1355	1355	1182	1182	1173	1173	933	928	723	718	716	711	122	111	76	73	75	72
659	4290	1371	9	266	2644	1223	53	1173	844	765	855	762	177	161	0	0	16117	11550	-1	-1	0.0	1355	1355	1182	1182	1173	1173	790	787	631	628	620	617	131	118	89	82	89	82
660	4267	1328	9	267	2663	1223	53	1173	1101	1002	999	903	361	308	0	0	16759	12994	-1	-1	0.0	1355	1355	1182	1182	1173	1173	829	827	616	614	609	607	182	168	105	98	105	98
661	4296	1350	10	265	2671	1223	53	1173	1469	1369	1423	1319	415	378	0	0	9962	7402	-1	-1	0.0	1355	1355	1182	1182	1173	1173	920	919	682	681	676	675	198	182	127	120	127	120
662	4069	1323	10	244	2492	1223	53	1173	854	816	888	824	294	278	0	0	19388	14234	-1	-1	0.0	1355	1355	1182	1182	1173	1173	884	875	677	669	669	661	128	121	87	83	87	83
663	4169	1353	9	255	2552	1223	53	1173	1082	949	882	824	251	233	20	3	13098	10734	-1	-1	0.0	1355	1355	1182	1182	1173	1173	903	895	723	715	713	706	154	141	109	101	109	101
664	4218	1345	9	257	2607	1223	53	1173	1133	1053	1010	931	362	339	0	0	12676	9630	-1	-1	0.0	1355	1355	1182	1182	1173	1173	981	974	773	765	763	756	175	170	119	117	119	117
665	4101	1324	9	257	2511	1223	53	1173	1240	1151	1234	1167	390	360	0	0	14595	10549	-1	-1	0.0	1355	1355	1182	1182	1173	1173	1042	1040	772	770	763	761	211	196	152	144	151	143
666	4219	1329	10	249	2631	1223	53	1173	855	807	1052	949	297	273	0	0	18598	12567	-1	-1	0.0	1355	1355	1182	1182	1173	1173	859	857	669	667	661	659	118	115	75	75	74	74
667	4085	1365	10	256	2454	1223	53	1173	1196	1127	1226	1107	376	336	0	0	12803	9784	-1	-1	0.0	1355	1355	1182	1182	1173	1173	1060	1059	795	794	780	779	195	187	102	99	101	99
668	4222	1375	9	256	2582	1223	53	1173	1191	1136	1135	1062	379	361	0	0	13578	11402	-1	-1	0.0	1355	1355	1182	1182	1173	1173	902	892	656	647	647	638	164	162	97	96	97	96
669	4326	1336	10	254	2726	1223	53	1173	879	791	1043	950	362	308	0	0	11788	9917	-1	-1	0.0	1355	1355	1182	1182	1173	1173	908	899	677	669	668	660	145	137	89	86	86	83
670	4099	1342	9	262	2486	1223	53	1173	988	906	942	865	310	295	0	0	14031	10062	-1	-1	0.0	1355	1355	1182	1182	1173	1173	941	933	702	693	691	683	176	173	88	88	87	87
671	4092	1338	9	245	2500	1223	53	1173	789	737	699	664	251	223	0	0	10957	8309	-1	-1	0.0	1355	1355	1182	1182	1173	1173	936	936	678	678	667	667	168	157	65	63	65	63
672	4192	1340	9	255	2588	1223	53	1173	1045	1008	1003	989	374	368	0	0	13096	9847	-1	-1	0.0	1355	1355	1182	1182	1173	1173	871	870	670	669	662	661	139	135	103	102	103	102
673	4131	1322	10	250	2549	1223	53	1173	1132	1063	1243	1128	405	377	0	0	13929	9911	-1	-1	0.0	1355	1355	1182	1182	1173	1173	925	917	696	692	688	684	181	174	118	113	117	112
674	4173	1359	10	254	2550	1223	53	1173	662	594	687	627	140	129	0	0	10629	9160	-1	-1	0.0	1355	1355	1182	1182	1173	1173	897	893	688	685	675	672	102	95	42	40	42	40
675	4245	1327	11	263	2644	1223	53	1173	750	689	724	672	217	208	0	0	9845	8675	-1	-1	0.0	1355	1355	1182	1182	1173	1173	887	886	655	654	646	645	127	118	79	78	77	76
676	4241	1336	9	267	2629	1223	53	1173	1437	1392	1464	1373	480	457	0	0	19556	13570	-1	-1	0.0	1355	1355	1182	1182	1173	1173	1072	1068	796	792	784	780	230	224	122	121	122	121
677	4314	1347	9	265	2693	1223	53	1173	1070	1009	1157	1079	342	320	0	0	13476	11140	-1	-1	0.0	1355	1355	1182	1182	1173	1173	929	924	718	715	708	705	162	155	111	106	111	106
678	4297	1353	10	260	2674	1223	53	1173	1204	1112	1283	1146	423	382	0	0	11489	9608	-1	-1	0.0	1355	1355	1182	1182	1173	1173	915	910	691	687	682	678	170	155	104	97	104	97
679	4393	1352	9	262	2770	1223	53	1173	720	677	817	730	155	141	0	0	13584	12119	-1	-1	0.0	1355	1355	1182	1182	1173	1173	902	898	710	706	695	691	101	95	80	77	80	77
680	4124	1329	10	254	2531	1223	53	1173	1033	995	951	871	262	247	0	0	18904	12360	-1	-1	0.0	1355	1355	1182	1182	1173	1173	938	934	710	706	698	694	154	150	93	91	92	90
681	4130	1360	9	248	2513	1223	53	1173	815	734	717	641	200	181	8	1	16588	11582	-1	-1	0.0	1355	1355	1182	1182	1173	1173	842	834	646	639	637	630	112	105	74	71	74	71
682	4492	1357	9	268	2858	1223	53	1173	1022	909	1186	1042	373	307	0	0	18253	14929	-1	-1	0.0	1355	1355	1182	1182	1173	1173	930	929	729	728	720	719	187	175	95	90	95	90
683	4269	1328	9	255	2677	1223	53	1173	1084	983	1140	1011	335	299	0	0	12193	9844	-1	-1	0.0	1355	1355	1182	1182	1173	1173	888	888	698	698	689	689	159	143	134	120	134	120
684	4184	1348	9	262	2565	1223	53	1173	1616	1373	1654	1427	645	567	8	1	20194	13575	-1	-1	0.0	1355	1355	1182	1182	1173	1173	931	929	727	725	719	717	202	177	122	114	122	114
685	4376	1378	9	253	2736	1223	53	1173	1094	1038	1276	1161	297	282	0	0	11594	9273	-1	-1	0.0	1355	1355	1182	1182	1173	1173	841	835	682	680	675	673	151	141	93	87	93	87
686	4165	1367	9	253	2536	1223	53	1173	1118	1081	1274	1158	291	273	8	2	14373	11555	-1	-1	0.0	1355	1355	1182	1182	1173	1173	1030	1021	784	776	774	766	212	203	114	110	114	110
687	4270	1322	9	272	2667	1223	53	1173	889	812	708	691	231	219	0	0	11658	9606	-1	-1	0.0	1355	1355	1182	1182	1173	1173	909	906	691	689	680	678	112	110	88	86	88	86
688	4217	1348	9	261	2599	1223	53	1173	919	862	1000	938	365	325	0	0	16771	11685	-1	-1	0.0	1355	1355	1182	1182	1173	1173	1032	1027	751	746	738	733	125	122	68	66	68	66
689	4208	1337	10	254	2607	1223	53	1173	790	730	865	820	245	220	0	0	17996	14409	-1	-1	0.0	1355	1355	1182	1182	1173	1173	826	816	654	644	642	632	126	121	92	90	92	90
690	4364	1352	9	257	2746	1223	53	1173	1379	1286	1297	1194	301	290	0	0	14462	11687	-1	-1	0.0	1355	1355	1182	1182	1173	1173	1030	1022	773	764	753	745	195	185	129	123	129	123
691	4227	1373	10	277	2567	1223	53	1173	1256	1149	987	903	362	315	0	0	10871	7423	-1	-1	0.0	1355	1355	1182	1182	1173	1173	1131	1130	856	855	841	840	231	213	126	116	126	116
692	4330	1368	9	266	2687	1223	53	1173	998	939	979	926	276	261	0	0	13914	10649	-1	-1	0.0	1355	1355	1182	1182	1173	1173	860	859	647	646	640	639	149	144	83	82	82	81
693	4377	1354	9	258	2756	1223	53	1173	1101	1032	1032	960	401	367	8	1	26111	16039	-1	-1	0.0	1355	1355	1182	1182	1173	1173	948	943	757	753	750	746	135	128	98	94	98	94
694	4274	1360	9	255	2650	1223	53	1173	1810	1596	1812	1624	586	490	0	0	17446	12263	-1	-1	0.0	1355	1355	1182	1182	1173	1173	1123	1118	822	817	807	802	317	291	182	173	182	173
695	4336	1362	9	276	2689	1223	53	1173	854	807	1039	937	207	195	0	0	9299	7821	-1	-1	0.0	1355	1355	1182	1182	1173	1173	710	710	539	539	534	534	190	178	89	86	87	85
696	4120	1339	9	257	2515	1223	53	1173	669	639	613	587	219	208	0	0	16524	11661	-1	-1	0.0	1355	1355	1182	1182	1173	1173	817	813	612	608	598	594	91	88	58	58	58	58
697	4203	1355	10	268	2570	1223	53	1173	1271	1154	1365	1223	369	329	8	2	19530	14005	-1	-1	0.0	1355	1355	1182	1182	1173	1173	939	937	743	741	734	732	212	199	127	124	126	123
698	4072	1339	10	261	2462	1223	53	1173	1132	1066	1149	1075	398	369	0	0	20665	15076	-1	-1	0.0	1355	1355	1182	1182	1173	1173	864	864	680	680	666	666	122	115	85	83	84	83
699	4230	1335	10	261	2624	1223	53	1173	1170	1058	1059	946	521	446	0	0	19153	13644	-1	-1	0.0	1355	1355	1182	1182	1173	1173	937	927	715	705	704	695	164	159	99	98	99	98
700	4169	1355	9	262	2543	1223	53	1173	1251	1206	1158	1126	272	263	0	0	9048	7550	-1	-1	0.0	1355	1355	1182	1182	1173	1173	912	908	666	663	657	654	208	202	124	123	123	122
701	4203	1315	9	253	2626	1223	53	1173	812	755	810	746	287	260	0	0	14454	10210	-1	-1	0.0	1355	1355	1182	1182	1173	1173	861	856	678	673	668	663	123	116	94	88	92	88
702	4112	1343	9	257	2503	1223	53	1173	1216	1092	1154	1063	304	272	0	0	9514	7323	-1	-1	0.0	1355	1355	1182	1182	1173	1173	954	948	734	732	719	717	159	148	103	96	103	96
703	4393	1352	9	259	2773	1223	53	1173	932	898	1020	967	269	256	0	0	12212	9295	-1	-1	0.0	1355	1355	1182	1182	1173	1173	875	874	690	689	680	679	142	138	105	104	104	103
704	4174	1360	10	264	2540	1223	53	1173	1475	1312	1465	1284	521	432	0	0	11579	9107	-1	-1	0.0	1355	1355	1182	1182	1173	1173	880	877	697	695	691	689	213	199	153	145	153	145
705	4129	1346	9	244	2530	1223	53	1173	1058	963	1011	906	386	337	0	0	20205	14050	-1	-1	0.0	1355	1355	1182	1182	1173	1173	806	805	595	594	585	584	114	107	60	59	60	59
706	4076	1358	10	246	2462	1223	53	1173	1032	973	985	883	301	277	0	0	10346	7120	-1	-1	0.0	1355	1355	1182	1182	1173	1173	793	793	608	608	600	600	165	158	91	89	90	88
707	4301	1361	9	258	2673	1223	53	1173	585	538	579	541	185	168	0	0	14321	10669	-1	-1	0.0	1355	1355	1182	1182	1173	1173	769	768	597	596	586	585	69	66	36	34	36	34
708	4224	1335	9	260	2620	1223	53	1173	905	842	987	927	205	199	0	0	9171	7141	-1	-1	0.0	1355	1355	1182	1182	1173	1173	861	855	682	676	664	658	136	129	90	88	90	88
709	4009	1341	9	254	2405	1223	53	1173	586	567	651	631	185	185	0	0	17734	12698	-1	-1	0.0	1355	1355	1182	1182	1173	1173	937	935	715	713	703	701	105	102	69	69	68	68
710	4252	1357	9	262	2624	1223	53	1173	1093	972	877	788	296	248	0	0	17030	13989	-1	-1	0.0	1355	1355	1182	1182	1173	1173	948	943	711	706	702	697	146	132	91	88	91	88
711	4312	1340	9	261	2702	1223	53	1173	545	522	594	570	134	129	0	0	11072	9453	-1	-1	0.0	1355	1355	1182	1182	1173	1173	802	802	617	617	609	609	97	94	69	68	69	68
712	4329	1357	9	266	2697	1223	53	1173	1175	1145	1230	1158	243	232	0	0	15630	11990	-1	-1	0.0	1355	1355	1182	1182	1173	1173	995	987	712	705	703	696	250	239	136	134	136	134
713	4219	1354	9	248	2608	1223	53	1173	1050	962	1277	1127	324	296	0	0	11618	9402	-1	-1	0.0	1355	1355	1182	1182	1173	1173	877	872	691	687	677	673	167	157	109	107	109	107
714	3962	1309	9	235	2409	1223	53	1173	807	736	845	747	210	189	0	0	13296	9624	-1	-1	0.0	1355	1355	1182	1182	1173	1173	806	806	600	600	596	596	147	138	83	78	82	77
715	4041	1326	9	256	2450	1223	53	1173	877	829	899	827	203	192	0	0	7342	6600	-1	-1	0.0	1355	1355	1182	1182	1173	1173	790	790	590	590	581	581	115	113	75	74	75	74
716	4287	1336	9	240	2702	1223	53	1173	797	749	922	855	232	221	0	0	19335	12845	-1	-1	0.0	1355	1355	1182	1182	1173	1173	819	818	621	620	613	612	135	134	87	87	87	87
717	4354	1336	9	265	2744	1223	53	1173	803	747	886	813	240	225	0	0	11370	9263	-1	-1	0.0	1355	1355	1182	1182	1173	1173	876	870	696	691	691	686	119	117	64	64	64	64
718	4198	1334	10	252	2602	1223	53	1173	1269	1199	1228	1182	292	283	0	0	15468	11855	-1	-1	0.0	1355	1355	1182	1182	1173	1173	1078	1073	802	797	790	785	188	178	122	117	121	116
719	4332	1354	9	265	2704	1223	53	1173	1272	1182	1313	1204	384	352	4	1	13630	10463	-1	-1	0.0	1355	1355	1182	1182	1173	1173	1023	1019	762	758	752	748	172	166	105	103	105	103
720	4223	1350	9	255	2609	1223	53	1173	1138	1038	1142	1051	411	368	0	0	7626	6486	-1	-1	0.0	1355	1355	1182	1182	1173	1173	1058	1048	826	816	818	808	177	166	105	102	105	102
721	4175	1346	9	252	2568	1223	53	1173	1238	1140	1489	1315	587	502	0	0	9347	7164	-1	-1	0.0	1355	1355	1182	1182	1173	1173	930	926	691	687	681	677	163	160	103	103	102	102
722	4274	1337	9	272	2656	1223	53	1173	974	926	1191	1083	339	315	0	0	12845	10588	-1	-1	0.0	1355	1355	1182	1182	1173	1173	909	908	711	710	697	696	145	141	102	100	102	100
723	4470	1347	9	278	2836	1223	53	1173	1104	1014	1019	943	258	239	0	0	18711	14644	-1	-1	0.0	1355	1355	1182	1182	1173	1173	838	837	659	658	651	650	160	154	105	102	105	102
724	4209	1348	10	261	2590	1223	53	1173	1254	1128	1247	1092	479	418	16	2	13325	9993	-1	-1	0.0	1355	1355	1182	1182	1173	1173	924	921	705	702	695	692	205	185	119	108	119	108
725	4203	1352	9	275	2567	1223	53	1173	1660	1553	1446	1358	540	523	0	0	14358	11660	-1	-1	0.0	1355	1355	1182	1182	1173	1173	858	856	620	618	610	608	186	184	110	110	109	109
726	4214	1370	9	259	2576	1223	53	1173	1373	1303	1249	1207	444	411	0	0	14792	10810	-1	-1	0.0	1355	1355	1182	1182	1173	1173	1076	1070	804	799	793	788	214	200	131	130	131	130
727	4123	1353	10	270	2490	1223	53	1173	786	727	873	784	252	230	0	0	22922	15572	-1	-1	0.0	1355	1355	1182	1182	1173	1173	998	991	763	755	751	744	119	110	82	78	82	78
728	4104	1339	9	245	2511	1223	53	1173	1099	998	1011	946	344	320	0	0	9295	7313	-1	-1	0.0	1355	1355	1182	1182	1173	1173	944	943	741	740	728	727	179	170	104	100	104	100
729	4266	1360	10	243	2653	1223	53	1173	1364	1249	1226	1101	348	313	0	0	11386	8711	-1	-1	0.0	1355	1355	1182	1182	1173	1173	856	853	637	634	628	625	180	165	119	112	119	112
730	4190	1341	9	262	2578	1223	53	1173	1169	1109	1336	1221	405	378	0	0	16412	11967	-1	-1	0.0	1355	1355	1182	1182	1173	1173	851	849	642	640	632	630	180	172	115	113	115	113
731	4063	1346	10	272	2435	1223	53	1173	1143	1073	1052	965	466	416	0	0	21549	15266	-1	-1	0.0	1355	1355	1182	1182	1173	1173	899	897	723	721	712	710	151	147	98	98	98	98
732	4440	1352	9	256	2823	1223	53	1173	1491	1420	1589	1461	469	429	0	0	18616	14123	-1	-1	0.0	1355	1355	1182	1182	1173	1173	964	961	745	742	733	730	196	191	145	144	145	144
733	4224	1317	9	257	2641	1223	53	1173	1621	1510	1268	1199	356	329	0	0	8512	7350	-1	-1	0.0	1355	1355	1182	1182	1173	1173	1057	1054	812	809	801	798	235	224	147	145	147	145
734	4183	1364	9	256	2554	1223	53	1173	1440	1344	1313	1234	404	371	0	0	11377	8650	-1	-1	0.0	1355	1355	1182	1182	1173	1173	1075	1069	840	835	829	824	185	178	119	117	119	117
735	4383	1339	9	258	2777	1223	53	1173	877	801	984	886	299	280	0	0	13218	10843	-1	-1	0.0	1355	1355	1182	1182	1173	1173	970	962	758	749	746	738	112	108	67	67	67	67
736	3947	1335	9	249	2354	1223	53	1173	802	740	714	663	314	279	0	0	16237	11548	-1	-1	0.0	1355	1355	1182	1182	1173	1173	943	942	733	732	723	722	133	128	89	88	89	88
737	4020	1341	9	258	2412	1223	53	1173	1270	1194	1270	1187	483	446	0	0	17005	12779	-1	-1	0.0	1355	1355	1182	1182	1173	1173	1072	1060	869	856	855	843	178	173	144	141	143	140
738	4216	1338	9	259	2610	1223	53	1173	951	905	937	904	273	254	0	0	14451	11692	-1	-1	0.0	1355	1355	1182	1182	1173	1173	979	968	761	749	747	736	168	160	99	97	98	96
739	4162	1344	10	262	2546	1223	53	1173	1382	1253	1491	1322	472	421	0	0	18139	14028	-1	-1	0.0	1355	1355	1182	1182	1173	1173	937	929	752	744	738	730	189	175	122	115	122	115
740	4074	1358	9	271	2436	1223	53	1173	1012	917	950	859	337	317	0	0	20491	13049	-1	-1	0.0	1355	1355	1182	1182	1173	1173	851	847	622	619	614	611	170	156	102	95	102	95
741	4318	1356	9	273	2680	1223	53	1173	466	453	529	501	109	105	0	0	15742	13560	-1	-1	0.0	1355	1355	1182	1182	1173	1173	890	889	685	684	674	673	92	84	53	53	53	53
742	4053	1347	9	250	2447	1223	53	1173	1178	1070	1180	1031	466	410	0	0	17397	12803	-1	-1	0.0	1355	1355	1182	1182	1173	1173	969	967	734	733	721	720	210	191	117	111	116	110
743	4323	1355	9	261	2698	1223	53	1173	926	861	769	732	303	289	0	0	9750	7514	-1	-1	0.0	1355	1355	1182	1182	1173	1173	1037	1036	796	795	778	777	133	128	93	92	91	91
744	4010	1364	10	260	2376	1223	53	1173	987	906	981	884	373	316	0	0	17617	13093	-1	-1	0.0	1355	1355	1182	1182	1173	1173	933	926	737	729	724	717	147	140	88	84	87	84
745	4208	1388	9	263	2548	1223	53	1173	764	710	835	780	197	184	0	0	19922	14223	-1	-1	0.0	1355	1355	1182	1182	1173	1173	830	825	630	625	621	616	105	103	70	69	70	69
746	4093	1341	10	257	2485	1223	53	1173	672	621	698	637	160	149	0	0	8396	5697	-1	-1	0.0	1355	1355	1182	1182	1173	1173	887	886	660	659	656	655	108	101	55	53	55	53
747	4371	1353	9	258	2751	1223	53	1173	957	883	884	846	286	270	0	0	13380	10712	-1	-1	0.0	1355	1355	1182	1182	1173	1173	855	850	655	650	646	641	152	146	79	79	79	79
748	4290	1381	9	261	2639	1223	53	1173	811	776	864	815	206	196	0	0	18798	13993	-1	-1	0.0	1355	1355	1182	1182	1173	1173	980	979	735	734	729	728	135	123	82	79	82	79
749	4113	1352	10	258	2493	1223	53	1173	703	673	639	609	167	163	0	0	12417	9721	-1	-1	0.0	1355	1355	1182	1182	1173	1173	902	895	682	675	673	666	103	102	65	65	65	65
750	4122	1359	10	253	2500	1223	53	1173	664	635	840	778	251	237	0	0	14087	10482	-1	-1	0.0	1355	1355	1182	1182	1173	1173	917	913	686	682	678	674	143	136	80	79	79	78
751	4048	1324	9	263	2452	1223	53	1173	1125	1046	1068	980	379	355	0	0	10871	8330	-1	-1	0.0	1355	1355	1182	1182	1173	1173	1043	1033	806	795	794	784	154	144	90	86	90	86
752	4151	1331	9	263	2548	1223	53	1173	443	404	598	548	148	131	0	0	11235	8797	-1	-1	0.0	1355	1355	1182	1182	1173	1173	863	857	656	650	652	646	102	95	47	46	47	46
753	4080	1333	10	260	2477	1223	53	1173	1075	1035	956	896	336	325	0	0	18914	13686	-1	-1	0.0	1355	1355	1182	1182	1173	1173	947	944	741	738	733	730	170	163	109	105	109	105
754	4037	1333	9	250	2445	1223	53	1173	1013	928	999	909	268	232	0	0	15172	11744	-1	-1	0.0	1355	1355	1182	1182	1173	1173	882	871	641	630	636	625	150	144	85	83	85	83
755	4056	1351	9	252	2444	1223	53	1173	1209	1128	1220	1092	457	407	0	0	24334	16000	-1	-1	0.0	1355	1355	1182	1182	1173	1173	933	930	738	735	726	723	208	201	138	135	138	135
756	4151	1328	9	263	2551	1223	53	1173	1207	1114	1338	1243	464	420	0	0	16384	11767	-1	-1	0.0	1355	1355	1182	1182	1173	1173	833	832	668	667	655	654	235	219	121	115	120	114
757	4050	1339	9	273	2429	1223	53	1173	871	819	933	832	319	291	0	0	17241	12040	-1	-1	0.0	1355	1355	1182	1182	1173	1173	940	936	731	727	718	714	143	135	67	63	67	63
758	4329	1369	9	269	2682	1223	53	1173	1001	929	982	903	189	176	0	0	10100	8383	-1	-1	0.0	1355	1355	1182	1182	1173	1173	816	815	632	631	623	622	125	122	72	72	72	72
759	4187	1352	10	270	2555	1223	53	1173	736	714	902	861	211	201	0	0	11052	8452	-1	-1	0.0	1355	1355	1182	1182	1173	1173	768	767	585	584	576	575	131	128	92	92	91	91
760	4549	1386	10	265	2888	1223	53	1173	1023	956	1024	948	218	207	4	1	11284	9331	-1	-1	0.0	1355	1355	1182	1182	1173	1173	932	925	681	674	672	665	199	189	103	99	103	99
761	4269	1350	10	268	2641	1223	53	1173	1447	1299	1244	1105	440	388	0	0	12033	9024	-1	-1	0.0	1355	1355	1182	1182	1173	1173	946	942	739	735	729	725	203	186	127	121	126	120
762	4085	1382	10	255	2438	1223	53	1173	869	804	815	758	249	226	0	0	8020	6198	-1	-1	0.0	1355	1355	1182	1182	1173	1173	912	911	665	664	654	653	145	137	77	75	77	75
763	4308	1346	9	258	2695	1223	53	1173	1524	1402	1327	1214	500	429	0	0	18955	13374	-1	-1	0.0	1355	1355	1182	1182	1173	1173	1004	1001	777	774	767	764	216	203	137	129	137	129
764	4066	1351	10	256	2449	1223	53	1173	749	707	823	760	229	211	0	0	12380	10176	-1	-1	0.0	1355	1355	1182	1182	1173	1173	818	815	610	607	602	599	98	98	61	61	61	61
765	4204	1397	9	255	2543	1223	53	1173	1647	1519	1457	1326	553	499	0	0	23338	15757	-1	-1	0.0	1355	1355	1182	1182	1173	1173	1018	1017	775	774	763	762	238	223	141	135	141	135
766	4291	1340	10	253	2688	1223	53	1173	783	716	675	615	143	136	0	0	9081	7263	-1	-1	0.0	1355	1355	1182	1182	1173	1173	877	873	697	694	682	679	105	102	68	66	67	66
767	4304	1355	9	258	2682	1223	53	1173	1087	982	794	742	298	271	0	0	10742	8653	-1	-1	0.0	1355	1355	1182	1182	1173	1173	898	892	696	690	683	677	109	105	67	64	66	63
768	4215	1374	9	269	2563	1223	53	1173	666	637	758	730	209	197	0	0	15496	11554	-1	-1	0.0	1355	1355	1182	1182	1173	1173	888	887	682	681	671	670	113	108	80	78	80	78
769	4251	1319	9	266	2657	1223	53	1173	834	781	841	785	275	249	0	0	10910	8607	-1	-1	0.0	1355	1355	1182	1182	1173	1173	862	856	657	650	652	646	142	131	88	83	88	83
770	4303	1344	10	262	2687	1223	53	1173	1685	1429	1563	1336	541	445	4	1	16343	12146	-1	-1	0.0	1355	1355	1182	1182	1173	1173	1028	1028	781	781	772	772	244	216	155	136	155	136
771	4229	1368	10	250	2601	1223	53	1173	871	781	979	855	316	265	28	5	13658	10732	-1	-1	0.0	1355	1355	1182	1182	1173	1173	757	757	598	598	592	592	96	91	56	54	56	54
772	4458	1379	10	275	2794	1223	53	1173	1814	1652	1524	1393	412	367	0	0	16129	12700	-1	-1	0.0	1355	1355	1182	1182	1173	1173	1057	1050	807	799	794	787	266	238	166	159	165	158
773	3956	1324	9	241	2382	1223	53	1173	816	765	835	763	271	250	0	0	14955	9320	-1	-1	0.0	1355	1355	1182	1182	1173	1173	862	862	666	666	653	653	118	112	70	70	70	70
774	4256	1350	10	243	2653	1223	53	1173	1604	1494	1350	1265	444	416	0	0	10668	8841	-1	-1	0.0	1355	1355	1182	1182	1173	1173	953	946	745	738	735	728	230	225	140	138	139	138
775	4157	1358	10	258	2531	1223	53	1173	823	748	1071	965	219	199	0	0	25744	17586	-1	-1	0.0	1355	1355	1182	1182	1173	1173	791	790	604	603	596	595	187	176	80	75	80	75
776	4325	1343	9	262	2711	1223	53	1173	628	562	786	691	191	170	4	1	12277	10078	-1	-1	0.0	1355	1355	1182	1182	1173	1173	961	960	687	686	678	677	120	108	77	72	77	72
777	4108	1354	10	268	2476	1223	53	1173	1330	1257	1427	1345	413	391	0	0	13910	10382	-1	-1	0.0	1355	1355	1182	1182	1173	1173	990	987	742	739	732	729	216	209	133	132	133	132
778	4033	1368	10	245	2410	1223	53	1173	1053	983	1128	1042	358	311	0	0	9299	7085	-1	-1	0.0	1355	1355	1182	1182	1173	1173	975	971	755	755	749	749	135	129	106	103	106	103
779	4333	1348	10	263	2712	1223	53	1173	1494	1311	1507	1336	416	371	0	0	14649	11430	-1	-1	0.0	1355	1355	1182	1182	1173	1173	1028	1028	767	767	758	758	219	205	122	115	122	115
780	4589	1336	9	265	2979	1223	53	1173	1093	1071	1189	1128	268	261	0	0	11213	10132	-1	-1	0.0	1355	1355	1182	1182	1173	1173	908	907	678	677	671	670	166	159	113	112	113	112
781	4036	1327	9	252	2448	1223	53	1173	1444	1240	1317	1167	425	381	0	0	13459	9729	-1	-1	0.0	1355	1355	1182	1182	1173	1173	980	974	755	748	742	736	178	163	126	115	126	115
782	4180	1334	11	258	2577	1223	53	1173	1394	1311	1253	1163	408	376	0	0	14641	11616	-1	-1	0.0	1355	1355	1182	1182	1173	1173	1036	1028	808	800	796	788	201	191	132	128	131	127
783	4449	1360	9	266	2814	1223	53	1173	1170	1079	1086	1013	324	309	0	0	14591	11978	-1	-1	0.0	1355	1355	1182	1182	1173	1173	1035	1032	785	782	775	772	170	161	100	96	100	96
784	4351	1338	9	251	2753	1223	53	1173	1089	1001	1010	919	281	247	0	0	11173	8680	-1	-1	0.0	1355	1355	1182	1182	1173	1173	1077	1077	818	818	809	809	126	124	81	80	81	80
785	4260	1338	9	254	2659	1223	53	1173	659	605	872	786	146	139	0	0	14604	11507	-1	-1	0.0	1355	1355	1182	1182	1173	1173	858	848	674	665	667	658	110	106	58	58	58	58
786	4209	1360	9	256	2584	1223	53	1173	975	900	986	925	351	310	0	0	10000	7637	-1	-1	0.0	1355	1355	1182	1182	1173	1173	916	915	691	690	685	684	162	156	105	102	105	102
787	4302	1364	9	264	2665	1223	53	1173	1053	974	1031	924	214	199	0	0	19731	15845	-1	-1	0.0	1355	1355	1182	1182	1173	1173	980	979	741	740	728	727	155	143	88	84	87	83
788	4263	1347	9	248	2659	1223	53	1173	1549	1461	1593	1501	418	396	0	0	12113	10064	-1	-1	0.0	1355	1355	1182	1182	1173	1173	1022	1021	729	728	718	717	273	250	160	155	159	154
789	4234	1357	9	258	2610	1223	53	1173	1300	1258	1506	1398	423	403	0	0	10161	8182	-1	-1	0.0	1355	1355	1182	1182	1173	1173	947	947	730	730	719	719	185	179	137	132	137	132
790	4149	1356	9	263	2521	1223	53	1173	1260	1167	1206	1139	443	412	0	0	15277	11308	-1	-1	0.0	1355	1355	1182	1182	1173	1173	950	936	735	720	722	708	162	162	98	98	98	98
791	4163	1352	9	253	2549	1223	53	1173	829	799	979	892	300	281	0	0	17103	12031	-1	-1	0.0	1355	1355	1182	1182	1173	1173	885	883	649	647	644	642	177	172	93	92	93	92
792	4445	1352	10	256	2827	1223	53	1173	1027	974	957	914	235	225	0	0	16068	12959	-1	-1	0.0	1355	1355	1182	1182	1173	1173	1026	1026	774	774	762	762	166	154	94	92	94	92
793	4068	1347	9	255	2457	1223	53	1173	1515	1420	1201	1164	498	473	0	0	22961	16257	-1	-1	0.0	1355	1355	1182	1182	1173	1173	867	867	636	636	628	628	177	176	125	124	124	123
794	4197	1355	9	241	2592	1223	53	1173	850	785	1146	1028	260	241	0	0	13506	10179	-1	-1	0.0	1355	1355	1182	1182	1173	1173	882	875	680	672	671	664	145	135	85	83	85	83
795	4107	1347	10	259	2491	1223	53	1173	669	600	696	648	176	164	0	0	8490	6334	-1	-1	0.0	1355	1355	1182	1182	1173	1173	901	894	686	680	677	671	144	124	88	85	88	85
796	4188	1341	9	259	2579	1223	53	1173	1696	1526	1746	1557	438	395	0	0	16289	12891	-1	-1	0.0	1355	1355	1182	1182	1173	1173	874	870	670	666	661	657	252	233	154	147	154	147
797	4376	1373	9	259	2735	1223	53	1173	1172	1055	1128	1006	263	250	0	0	15960	11024	-1	-1	0.0	1355	1355	1182	1182	1173	1173	861	856	692	688	681	677	137	131	72	72	72	72
798	4413	1357	9	261	2786	1223	53	1173	1349	1245	1442	1316	402	352	0	0	10474	8973	-1	-1	0.0	1355	1355	1182	1182	1173	1173	1074	1072	849	847	837	835	179	171	125	123	125	123
799	4329	1314	9	250	2756	1223	53	1173	1519	1384	1442	1294	438	388	0	0	12762	10762	-1	-1	0.0	1355	1355	1182	1182	1173	1173	1037	1029	797	788	784	776	209	193	134	126	134	126
800	4232	1331	9	260	2632	1223	53	1173	994	962	1059	986	339	324	0	0	10636	8445	-1	-1	0.0	1355	1355	1182	1182	1173	1173	899	894	685	680	674	669	140	138	96	94	95	93
801	4148	1340	9	254	2545	1223	53	1173	1425	1274	1414	1264	520	460	0	0	18722	13732	-1	-1	0.0	1355	1355	1182	1182	1173	1173	992	987	764	763	750	749	214	195	128	123	128	123
802	4066	1313	10	256	2487	1223	53	1173	1410	1271	1705	1483	425	364	0	0	10584	7550	-1	-1	0.0	1355	1355	1182	1182	1173	1173	863	858	685	681	675	671	211	194	161	148	161	148
803	4256	1329	9	262	2656	1223	53	1173	1013	929	1078	1001	208	197	0	0	18043	14792	-1	-1	0.0	1355	1355	1182	1182	1173	1173	894	893	690	689	680	679	144	138	108	105	107	104
804	4176	1344	10	262	2560	1223	53	1173	1190	1091	878	841	259	252	0	0	10548	8351	-1	-1	0.0	1355	1355	1182	1182	1173	1173	950	947	719	716	709	706	167	165	104	103	103	102
805	4212	1392	9	252	2559	1223	53	1173	817	747	793	732	335	287	0	0	16596	12053	-1	-1	0.0	1355	1355	1182	1182	1173	1173	877	872	693	688	686	681	153	146	80	79	80	79
806	4489	1378	9	254	2848	1223	53	1173	1208	1135	1044	961	253	240	0	0	12951	10512	-1	-1	0.0	1355	1355	1182	1182	1173	1173	1001	994	730	722	720	713	176	166	116	112	114	110
807	4230	1359	9	256	2606	1223	53	1173	1467	1349	1196	1113	332	312	4	1	14525	12274	-1	-1	0.0	1355	1355	1182	1182	1173	1173	1095	1088	822	814	810	803	201	188	126	119	124	117
808	4025	1318	9	244	2454	1223	53	1173	754	718	712	678	256	238	0	0	16364	10911	-1	-1	0.0	1355	1355	1182	1182	1173	1173	929	925	709	705	701	697	106	101	74	70	74	70
809	4121	1332	9	250	2530	1223	53	1173	1036	959	1080	960	240	219	16	2	15770	11022	-1	-1	0.0	1355	1355	1182	1182	1173	1173	860	855	637	633	631	627	155	144	95	88	94	87
810	4071	1358	9	249	2455	1223	53	1173	1318	1233	1295	1202	501	457	0	0	17428	12792	-1	-1	0.0	1355	1355	1182	1182	1173	1173	995	991	748	744	739	735	257	233	147	139	147	139
811	4070	1353	9	262	2446	1223	53	1173	997	933	1038	970	419	393	16	2	14219	9204	-1	-1	0.0	1355	1355	1182	1182	1173	1173	769	769	592	592	584	584	134	123	83	81	81	79
812	4124	1344	9	266	2505	1223	53	1173	1526	1351	1629	1422	634	540	0	0	13079	9557	-1	-1	0.0	1355	1355	1182	1182	1173	1173	934	934	701	701	693	693	164	156	110	108	110	108
813	4303	1332	9	260	2702	1223	53	1173	901	766	815	713	270	226	0	0	16344	12543	-1	-1	0.0	1355	1355	1182	1182	1173	1173	950	947	740	737	733	730	143	124	72	62	72	62
814	4370	1336	9	255	2770	1223	53	1173	968	869	880	778	239	217	0	0	13014	10268	-1	-1	0.0	1355	1355	1182	1182	1173	1173	971	968	757	754	743	740	115	108	66	65	65	64
815	4129	1357	9	257	2506	1223	53	1173	1618	1494	1878	1671	540	486	0	0	12349	8935	-1	-1	0.0	1355	1355	1182	1182	1173	1173	979	978	741	740	728	727	305	281	155	152	155	152
816	4103	1336	10	246	2511	1223	53	1173	1635	1427	1409	1249	409	355	0	0	9825	7031	-1	-1	0.0	1355	1355	1182	1182	1173	1173	1035	1029	795	789	780	774	220	193	161	140	159	138
817	4303	1312	9	272	2710	1223	53	1173	1295	1157	975	948	322	302	0	0	12872	8918	-1	-1	0.0	1355	1355	1182	1182	1173	1173	1039	1035	781	777	774	770	161	152	103	101	102	100
818	4088	1338	10	252	2488	1223	53	1173	924	870	831	792	202	191	0	0	9509	8161	-1	-1	0.0	1355	1355	1182	1182	1173	1173	843	834	610	603	602	595	163	158	78	76	78	76
819	4324	1353	9	260	2702	1223	53	1173	846	784	934	884	183	173	0	0	10854	9098	-1	-1	0.0	1355	1355	1182	1182	1173	1173	953	952	770	769	758	757	166	159	111	109	111	109
820	4096	1353	9	250	2484	1223	53	1173	1598	1379	1391	1206	493	441	8	2	12317	8711	-1	-1	0.0	1355	1355	1182	1182	1173	1173	935	933	718	716	713	711	223	203	152	144	152	144
821	4251	1351	9	264	2627	1223	53	1173	989	918	1069	973	256	240	0	0	16263	12357	-1	-1	0.0	1355	1355	1182	1182	1173	1173	927	925	715	714	701	700	155	144	85	82	85	82
822	4053	1340	9	255	2449	1223	53	1173	1314	1213	1077	992	356	329	0	0	6829	5128	-1	-1	0.0	1355	1355	1182	1182	1173	1173	881	880	662	661	653	652	202	184	117	109	117	109
823	4197	1344	9	250	2594	1223	53	1173	715	667	829	736	169	156	0	0	12622	11196	-1	-1	0.0	1355	1355	1182	1182	1173	1173	814	813	629	628	620	619	126	113	62	58	61	57
824	4122	1362	9	257	2494	1223	53	1173	860	828	927	896	270	259	0	0	21759	15013	-1	-1	0.0	1355	1355	1182	1182	1173	1173	895	894	663	662	656	655	140	132	87	84	87	84
825	4390	1330	9	258	2793	1223	53	1173	1233	1138	1349	1242	432	372	0	0	11339	9147	-1	-1	0.0	1355	1355	1182	1182	1173	1173	901	900	672	671	661	660	184	177	115	111	111	107
826	4213	1343	9	264	2597	1223	53	1173	869	781	912	818	279	245	0	0	24167	17779	-1	-1	0.0	1355	1355	1182	1182	1173	1173	806	799	632	624	620	613	114	108	91	87	91	87
827	4278	1342	9	273	2654	1223	53	1173	935	814	921	791	338	289	0	0	12984	9042	-1	-1	0.0	1355	1355	1182	1182	1173	1173	855	846	664	656	649	641	141	127	71	68	70	67
828	4101	1332	9	257	2503	1223	53	1173	1093	1036	1002	955	421	397	0	0	14643	10056	-1	-1	0.0	1355	1355	1182	1182	1173	1173	941	936	767	762	750	745	146	141	117	116	114	113
829	4194	1352	9	264	2569	1223	53	1173	1337	1281	1275	1208	322	294	0	0	11960	9097	-1	-1	0.0	1355	1355	1182	1182	1173	1173	1020	1012	804	795	793	785	220	212	137	137	137	137
830	4220	1348	10	252	2610	1223	53	1173	1010	922	1019	929	348	308	4	1	14547	10762	-1	-1	0.0	1355	1355	1182	1182	1173	1173	936	926	726	717	719	710	154	146	107	103	107	103
831	4323	1355	10	259	2699	1223	53	1173	1357	1246	1163	1079	375	338	4	1	16832	11515	-1	-1	0.0	1355	1355	1182	1182	1173	1173	991	986	725	720	714	709	246	225	134	128	131	125
832	4364	1344	10	258	2752	1223	53	1173	1167	1067	1266	1171	250	219	0	0	16362	13705	-1	-1	0.0	1355	1355	1182	1182	1173	1173	1000	992	787	779	774	766	173	159	114	105	114	105
833	4076	1334	9	258	2475	1223	53	1173	1013	930	923	868	365	330	0	0	8824	6752	-1	-1	0.0	1355	1355	1182	1182	1173	1173	991	987	775	771	761	757	137	134	89	88	88	88
834	4228	1357	9	268	2594	1223	53	1173	951	886	876	819	275	262	0	0	15621	11906	-1	-1	0.0	1355	1355	1182	1182	1173	1173	866	862	651	647	640	636	145	136	89	86	88	85
835	4078	1346	9	247	2476	1223	53	1173	1680	1569	1419	1373	441	411	0	0	16329	12982	-1	-1	0.0	1355	1355	1182	1182	1173	1173	985	983	715	713	706	704	248	233	144	139	144	139
836	4174	1362	9	256	2547	1223	53	1173	1442	1259	1330	1162	433	373	0	0	8193	5465	-1	-1	0.0	1355	1355	1182	1182	1173	1173	911	905	704	698	698	692	238	210	159	142	159	142
837	4267	1348	10	259	2650	1223	53	1173	651	593	789	736	197	175	0	0	15799	11669	-1	-1	0.0	1355	1355	1182	1182	1173	1173	873	872	678	677	666	665	105	95	62	58	62	58
838	4160	1332	9	251	2568	1223	53	1173	988	953	739	720	300	284	0	0	14131	11397	-1	-1	0.0	1355	1355	1182	1182	1173	1173	949	944	702	698	694	690	163	159	94	93	94	93
839	4047	1310	9	245	2483	1223	53	1173	1165	1103	1205	1121	433	415	0	0	17959	14158	-1	-1	0.0	1355	1355	1182	1182	1173	1173	852	848	642	638	636	632	143	136	88	88	87	87
840	4101	1382	9	246	2464	1223	53	1173	779	715	801	732	335	291	0	0	19480	12851	-1	-1	0.0	1355	1355	1182	1182	1173	1173	883	881	667	665	659	657	113	104	74	70	74	70
841	3976	1362	9	253	2352	1223	53	1173	959	888	1150	1081	339	307	0	0	18946	13282	-1	-1	0.0	1355	1355	1182	1182	1173	1173	1112	1111	868	867	854	853	167	157	87	85	87	85
842	3984	1330	9	258	2387	1223	53	1173	1381	1319	1234	1173	482	448	0	0	17801	12257	-1	-1	0.0	1355	1355	1182	1182	1173	1173	936	936	721	721	708	708	212	203	137	134	136	134
843	4274	1354	9	270	2641	1223	53	1173	1938	1760	1662	1511	716	623	0	0	16367	11428	-1	-1	0.0	1355	1355	1182	1182	1173	1173	969	968	758	757	752	751	231	216	129	123	129	123
844	4290	1361	10	248	2671	1223	53	1173	749	683	639	602	205	192	0	0	9288	7161	-1	-1	0.0	1355	1355	1182	1182	1173	1173	894	892	682	680	668	666	102	96	61	58	61	58
845	4232	1366	9	262	2595	1223	53	1173	888	825	951	865	322	294	0	0	11521	9044	-1	-1	0.0	1355	1355	1182	1182	1173	1173	901	900	716	715	708	707	121	112	84	78	84	78
846	4126	1328	9	254	2535	1223	53	1173	1970	1829	1913	1787	703	630	0	0	13648	9717	-1	-1	0.0	1355	1355	1182	1182	1173	1173	953	949	756	752	748	744	234	228	179	174	179	174
847	4343	1363	10	264	2706	1223	53	1173	613	587	936	855	121	116	0	0	20461	13557	-1	-1	0.0	1355	1355	1182	1182	1173	1173	824	824	637	637	626	626	122	116	51	51	51	51
848	4210	1348	11	256	2595	1223	53	1173	1344	1193	1458	1260	436	381	0	0	13002	9186	-1	-1	0.0	1355	1355	1182	1182	1173	1173	1025	1016	809	800	797	788	255	224	177	152	176	151
849	4307	1376	9	278	2644	1223	53	1173	1239	1171	1048	1009	279	264	0	0	15412	12338	-1	-1	0.0	1355	1355	1182	1182	1173	1173	940	940	699	699	688	688	150	140	86	84	86	84
850	4408	1350	10	258	2790	1223	53	1173	543	504	654	590	173	157	0	0	15361	12077	-1	-1	0.0	1355	1355	1182	1182	1173	1173	732	731	530	529	527	526	74	67	55	52	55	52
851	4147	1340	9	255	2543	1223	53	1173	1186	1117	1390	1260	369	339	8	1	15478	10685	-1	-1	0.0	1355	1355	1182	1182	1173	1173	887	883	700	696	691	687	185	182	139	137	138	137
852	4280	1335	10	257	2678	1223	53	1173	1288	1169	1221	1113	408	376	0	0	12385	9901	-1	-1	0.0	1355	1355	1182	1182	1173	1173	1012	1009	777	774	764	761	225	207	106	102	106	102
853	4277	1358	9	253	2657	1223	53	1173	1588	1474	1623	1484	479	414	0	0	15704	12085	-1	-1	0.0	1355	1355	1182	1182	1173	1173	1088	1087	831	830	818	817	235	224	148	144	148	144
854	4338	1334	9	244	2751	1223	53	1173	1225	1141	1027	953	277	254	0	0	13758	11087	-1	-1	0.0	1355	1355	1182	1182	1173	1173	1062	1055	799	791	790	783	176	171	104	102	104	102
855	4263	1360	9	254	2640	1223	53	1173	1583	1402	1937	1663	519	445	0	0	19845	14182	-1	-1	0.0	1355	1355	1182	1182	1173	1173	997	993	777	773	770	766	309	285	179	165	178	164
856	4072	1345	9	266	2452	1223	53	1173	938	869	793	764	303	284	0	0	18205	12350	-1	-1	0.0	1355	1355	1182	1182	1173	1173	937	936	722	721	708	707	163	154	92	91	91	90
857	4157	1345	9	261	2542	1223	53	1173	1597	1507	1515	1382	367	346	0	0	16611	12343	-1	-1	0.0	1355	1355	1182	1182	1173	1173	987	980	770	763	757	750	216	209	133	131	129	127
858	4303	1330	9	270	2694	1223	53	1173	1028	939	852	815	180	172	0	0	8930	7769	-1	-1	0.0	1355	1355	1182	1182	1173	1173	766	761	575	571	561	557	171	162	83	83	82	82
859	4289	1329	9	255	2696	1223	53	1173	797	781	771	730	205	199	0	0	13886	11076	-1	-1	0.0	1355	1355	1182	1182	1173	1173	885	883	679	677	666	664	96	95	68	68	64	64
860	4153	1336	9	240	2568	1223	53	1173	960	900	896	797	311	268	0	0	19824	14365	-1	-1	0.0	1355	1355	1182	1182	1173	1173	960	955	744	739	738	733	139	132	82	81	81	80
861	4221	1363	10	255	2593	1223	53	1173	782	693	809	694	199	175	0	0	19518	14328	-1	-1	0.0	1355	1355	1182	1182	1173	1173	820	819	594	593	588	587	140	118	90	79	90	79
862	4382	1386	9	254	2733	1223	53	1173	1139	1068	1204	1064	380	347	0	0	13804	11118	-1	-1	0.0	1355	1355	1182	1182	1173	1173	1027	1014	806	793	792	779	196	178	140	129	140	129
863	4305	1343	9	262	2691	1223	53	1173	1108	1019	959	924	278	263	0	0	15088	11794	-1	-1	0.0	1355	1355	1182	1182	1173	1173	955	951	742	738	736	732	141	135	100	95	100	95
864	4347	1334	9	263	2741	1223	53	1173	976	899	1010	945	206	195	0	0	11087	9042	-1	-1	0.0	1355	1355	1182	1182	1173	1173	894	894	673	673	663	663	190	171	104	95	104	95
865	4263	1369	9	261	2624	1223	53	1173	1547	1444	1225	1120	463	424	0	0	17056	13101	-1	-1	0.0	1355	1355	1182	1182	1173	1173	992	984	786	777	772	764	165	162	100	100	100	100
866	4176	1361	10	248	2557	1223	53	1173	1060	994	1066	989	414	382	0	0	16110	11497	-1	-1	0.0	1355	1355	1182	1182	1173	1173	942	940	731	729	715	713	173	166	93	89	92	89
867	4152	1339	10	254	2549	1223	53	1173	953	872	931	848	352	311	0	0	14048	11834	-1	-1	0.0	1355	1355	1182	1182	1173	1173	970	970	747	747	742	742	156	144	96	90	96	90
868	4165	1332	9	252	2572	1223	53	1173	1341	1254	1230	1160	445	402	0	0	11726	9563	-1	-1	0.0	1355	1355	1182	1182	1173	1173	952	942	774	764	762	752	196	187	129	125	129	125
869	4291	1364	9	254	2664	1223	53	1173	1202	1108	1072	1002	341	311	0	0	14121	11303	-1	-1	0.0	1355	1355	1182	1182	1173	1173	950	943	741	733	731	724	149	147	104	103	104	103
870	4282	1358	9	252	2663	1223	53	1173	827	769	886	804	207	186	0	0	17396	14208	-1	-1	0.0	1355	1355	1182	1182	1173	1173	793	783	596	588	586	578	149	142	98	97	98	97
871	4126	1345	9	250	2522	1223	53	1173	1176	1101	1250	1146	372	345	0	0	15952	10948	-1	-1	0.0	1355	1355	1182	1182	1173	1173	1008	1005	771	768	760	757	159	150	94	91	94	91
872	4189	1351	10	245	2583	1223	53	1173	985	929	1141	1058	283	278	0	0	11385	8887	-1	-1	0.0	1355	1355	1182	1182	1173	1173	813	813	607	607	605	605	169	161	121	115	119	113
873	4124	1332	9	254	2529	1223	53	1173	1027	962	967	897	386	352	0	0	15084	11209	-1	-1	0.0	1355	1355	1182	1182	1173	1173	897	891	714	708	702	696	139	131	88	85	88	85
874	4198	1340	9	264	2585	1223	53	1173	1788	1644	1810	1699	704	632	0	0	26871	17416	-1	-1	0.0	1355	1355	1182	1182	1173	1173	926	925	713	712	702	701	262	245	156	148	156	148
875	4159	1373	11	252	2523	1223	53	1173	2252	2104	1756	1618	611	571	0	0	16272	11490	-1	-1	0.0	1355	1355	1182	1182	1173	1173	980	975	752	747	747	742	302	288	182	176	182	176
876	4148	1336	10	255	2547	1223	53	1173	769	724	757	713	199	191	0	0	22579	16615	-1	-1	0.0	1355	1355	1182	1182	1173	1173	971	967	730	726	720	716	169	161	79	79	79	79
877	4290	1347	9	252	2682	1223	53	1173	893	842	974	910	288	262	0	0	13401	9011	-1	-1	0.0	1355	1355	1182	1182	1173	1173	958	957	749	748	735	734	157	150	118	115	118	115
878	4194	1343	9	264	2578	1223	53	1173	1401	1274	995	931	452	411	0	0	20534	14527	-1	-1	0.0	1355	1355	1182	1182	1173	1173	922	917	680	675	671	666	192	175	99	96	98	95
879	4308	1352	10	272	2674	1223	53	1173	2011	1859	2026	1869	714	636	0	0	13920	11756	-1	-1	0.0	1355	1355	1182	1182	1173	1173	1111	1107	837	833	827	823	335	316	204	199	204	199
880	4115	1353	9	250	2503	1223	53	1173	1415	1338	1049	1004	523	493	0	0	15276	11643	-1	-1	0.0	1355	1355	1182	1182	1173	1173	979	974	735	730	727	722	177	174	107	107	106	106
881	4096	1323	9	252	2512	1223	53	1173	1691	1574	1816	1673	695	601	0	0	13199	10833	-1	-1	0.0	1355	1355	1182	1182	1173	1173	1083	1078	841	836	827	822	211	202	141	138	141	138
882	4222	1337	9	242	2634	1223	53	1173	1709	1513	1485	1303	467	410	0	0	13612	11093	-1	-1	0.0	1355	1355	1182	1182	1173	1173	1110	1108	861	859	849	847	211	197	136	130	136	130
883	4186	1331	9	245	2601	1223	53	1173	1099	1041	1065	1022	447	432	0	0	21887	16485	-1	-1	0.0	1355	1355	1182	1182	1173	1173	940	938	690	688	681	679	164	155	87	86	87	86
884	4160	1339	9	256	2556	1223	53	1173	921	838	916	815	318	280	12	2	17549	12612	-1	-1	0.0	1355	1355	1182	1182	1173	1173	1051	1048	822	819	812	809	153	140	81	77	81	77
885	4319	1340	9	267	2703	1223	53	1173	999	933	988	940	288	251	0	0	13493	10645	-1	-1	0.0	1355	1355	1182	1182	1173	1173	853	852	662	661	657	656	147	142	98	97	98	97
886	4290	1347	10	249	2684	1223	53	1173	936	860	1112	941	254	232	0	0	15991	12258	-1	-1	0.0	1355	1355	1182	1182	1173	1173	951	944	731	723	719	712	137	129	85	82	85	82
887	4084	1310	10	246	2518	1223	53	1173	1502	1382	1333	1236	580	519	0	0	17365	14204	-1	-1	0.0	1355	1355	1182	1182	1173	1173	957	955	725	723	716	714	235	224	133	129	133	129
888	4229	1347	9	261	2612	1223	53	1173	1178	1137	986	915	222	220	0	0	14711	10124	-1	-1	0.0	1355	1355	1182	1182	1173	1173	945	944	717	716	707	706	193	183	103	99	103	99
889	4150	1333	9	252	2556	1223	53	1173	1039	977	1149	1048	316	285	0	0	13734	10017	-1	-1	0.0	1355	1355	1182	1182	1173	1173	969	958	765	754	752	741	150	145	108	105	108	105
890	4377	1352	9	257	2759	1223	53	1173	1134	1071	836	812	269	259	0	0	10882	8506	-1	-1	0.0	1355	1355	1182	1182	1173	1173	865	863	640	638	630	628	188	179	100	100	99	99
891	4233	1321	10	249	2653	1223	53	1173	1007	914	1079	999	403	359	0	0	14997	12163	-1	-1	0.0	1355	1355	1182	1182	1173	1173	902	893	719	711	709	701	171	156	120	113	120	113
892	4300	1345	9	269	2677	1223	53	1173	896	793	947	822	308	256	0	0	18884	12305	-1	-1	0.0	1355	1355	1182	1182	1173	1173	864	861	674	671	665	662	149	140	79	77	79	77
893	4301	1360	9	263	2669	1223	53	1173	517	459	560	501	190	166	0	0	16374	11564	-1	-1	0.0	1355	1355	1182	1182	1173	1173	867	862	654	649	640	635	80	73	41	40	41	40
894	4252	1373	9	263	2607	1223	53	1173	1312	1220	1132	1087	372	337	0	0	18615	15187	-1	-1	0.0	1355	1355	1182	1182	1173	1173	880	877	721	718	708	705	159	153	114	111	114	111
895	4253	1346	9	262	2636	1223	53	1173	1080	1002	1212	1100	311	291	0	0	13783	10569	-1	-1	0.0	1355	1355	1182	1182	1173	1173	931	929	689	687	681	679	193	187	100	100	100	100
896	4094	1341	9	246	2498	1223	53	1173	1115	1024	998	945	318	305	0	0	11933	8507	-1	-1	0.0	1355	1355	1182	1182	1173	1173	977	969	720	711	710	702	206	197	112	110	112	110
897	4230	1336	9	253	2632	1223	53	1173	1506	1373	1515	1391	507	443	0	0	18004	13232	-1	-1	0.0	1355	1355	1182	1182	1173	1173	877	875	697	695	686	684	187	178	113	109	113	109
898	4172	1335	9	257	2571	1223	53	1173	1251	1158	1250	1128	482	420	0	0	16809	11225	-1	-1	0.0	1355	1355	1182	1182	1173	1173	909	909	674	674	666	666	159	148	116	111	116	111
899	4258	1356	9	250	2643	1223	53	1173	1069	1013	1054	979	234	224	0	0	14348	10836	-1	-1	0.0	1355	1355	1182	1182	1173	1173	1002	998	742	738	733	729	139	136	79	79	77	77
900	4285	1337	9	258	2681	1223	53	1173	550	535	479	451	116	115	0	0	16675	13602	-1	-1	0.0	1355	1355	1182	1182	1173	1173	877	871	684	679	678	673	70	69	35	34	35	34
901	4271	1374	10	264	2623	1223	53	1173	1249	1166	1458	1311	341	325	0	0	9997	8168	-1	-1	0.0	1355	1355	1182	1182	1173	1173	928	927	733	732	718	717	197	190	117	116	114	113
902	4202	1361	9	261	2571	1223	53	1173	1115	885	1239	947	290	212	0	0	20007	13560	-1	-1	0.0	1355	1355	1182	1182	1173	1173	868	868	648	648	639	639	195	165	119	97	119	97
903	4138	1373	10	262	2493	1223	53	1173	1029	910	987	899	292	261	0	0	16504	13276	-1	-1	0.0	1355	1355	1182	1182	1173	1173	1034	1031	792	789	779	776	155	138	93	88	93	88
904	4346	1361	9	265	2711	1223	53	1173	810	728	1074	955	223	202	0	0	12360	9237	-1	-1	0.0	1355	1355	1182	1182	1173	1173	889	884	692	687	686	681	146	131	94	89	94	89
905	4061	1343	9	246	2463	1223	53	1173	1956	1729	1780	1573	549	468	0	0	20310	13144	-1	-1	0.0	1355	1355	1182	1182	1173	1173	1022	1020	794	792	781	779	257	238	161	153	160	152
906	4045	1336	9	242	2458	1223	53	1173	1355	1316	1173	1109	466	445	0	0	10100	7692	-1	-1	0.0	1355	1355	1182	1182	1173	1173	1029	1025	772	768	760	756	188	181	120	117	119	116
907	4344	1344	9	264	2727	1223	53	1173	946	863	983	900	236	216	0	0	9715	7563	-1	-1	0.0	1355	1355	1182	1182	1173	1173	884	878	688	682	682	676	116	109	91	86	91	86
908	4273	1343	9	268	2653	1223	53	1173	943	902	1124	1030	336	310	0	0	23891	16586	-1	-1	0.0	1355	1355	1182	1182	1173	1173	1041	1038	838	835	825	822	174	168	130	127	129	126
909	4268	1336	10	257	2665	1223	53	1173	1073	1022	1281	1202	359	336	0	0	10561	8226	-1	-1	0.0	1355	1355	1182	1182	1173	1173	981	969	741	730	732	721	186	170	115	109	112	106
910	4439	1369	9	266	2795	1223	53	1173	506	482	463	445	89	85	8	1	23601	19258	-1	-1	0.0	1355	1355	1182	1182	1173	1173	789	788	612	611	608	607	64	64	48	48	48	48
911	4205	1363	9	253	2580	1223	53	1173	2413	2164	2228	2054	745	664	0	0	9097	6495	-1	-1	0.0	1355	1355	1182	1182	1173	1173	1155	1146	897	888	884	875	341	315	232	222	232	222
912	4317	1316	9	256	2736	1223	53	1173	1094	1040	917	899	279	271	0	0	18566	13482	-1	-1	0.0	1355	1355	1182	1182	1173	1173	858	855	663	660	657	654	122	119	79	77	79	77
913	4211	1345	9	259	2598	1223	53	1173	1099	1029	1030	942	358	333	0	0	20517	15143	-1	-1	0.0	1355	1355	1182	1182	1173	1173	810	809	624	623	615	614	149	143	98	96	98	96
914	4253	1350	9	261	2633	1223	53	1173	1041	962	1372	1219	235	201	0	0	10842	9150	-1	-1	0.0	1355	1355	1182	1182	1173	1173	983	982	743	742	731	730	202	187	95	90	94	89
915	3961	1339	9	259	2354	1223	53	1173	1002	939	1271	1112	350	322	0	0	18154	12567	-1	-1	0.0	1355	1355	1182	1182	1173	1173	841	838	629	627	627	625	139	130	72	71	72	71
916	4156	1350	9	260	2537	1223	53	1173	1039	897	892	787	319	280	0	0	14181	11501	-1	-1	0.0	1355	1355	1182	1182	1173	1173	944	943	739	738	727	726	159	145	105	99	105	99
917	4042	1352	9	252	2429	1223	53	1173	1022	929	897	855	276	266	0	0	12917	9786	-1	-1	0.0	1355	1355	1182	1182	1173	1173	935	932	718	716	709	707	191	179	100	99	100	99
918	4216	1349	9	248	2610	1223	53	1173	1173	1075	1071	971	279	257	0	0	8651	6514	-1	-1	0.0	1355	1355	1182	1182	1173	1173	936	932	717	713	708	704	180	164	105	100	105	100
919	4074	1358	9	255	2452	1223	53	1173	1042	956	945	877	348	307	0	0	15094	12234	-1	-1	0.0	1355	1355	1182	1182	1173	1173	822	822	628	628	618	618	106	103	75	75	75	75
920	4286	1366	9	256	2655	1223	53	1173	1576	1435	1390	1262	534	451	0	0	15633	11821	-1	-1	0.0	1355	1355	1182	1182	1173	1173	976	969	751	744	744	737	211	199	122	116	121	116
921	4086	1324	9	273	2480	1223	53	1173	1185	1112	1345	1272	384	357	0	0	11653	9258	-1	-1	0.0	1355	1355	1182	1182	1173	1173	955	951	745	741	735	731	205	194	133	128	131	126
922	4066	1312	9	251	2494	1223	53	1173	949	835	756	693	223	204	0	0	13575	11073	-1	-1	0.0	1355	1355	1182	1182	1173	1173	926	926	659	659	650	650	149	134	90	89	88	87
923	4182	1341	9	255	2577	1223	53	1173	1032	932	765	723	300	280	0	0	17386	12196	-1	-1	0.0	1355	1355	1182	1182	1173	1173	926	922	742	738	734	730	130	125	101	98	99	96
924	4369	1350	10	265	2744	1223	53	1173	980	926	1036	945	291	271	0	0	19385	15079	-1	-1	0.0	1355	1355	1182	1182	1173	1173	922	913	710	701	701	692	180	171	108	102	108	102
925	4277	1360	9	269	2639	1223	53	1173	674	628	825	763	258	236	0	0	14378	10673	-1	-1	0.0	1355	1355	1182	1182	1173	1173	744	743	576	575	569	568	104	100	63	62	63	62
926	4123	1330	9	251	2533	1223	53	1173	1372	1299	1198	1112	479	463	0	0	9415	7086	-1	-1	0.0	1355	1355	1182	1182	1173	1173	918	912	687	681	676	670	193	187	91	90	91	90
927	4154	1347	9	253	2545	1223	53	1173	2136	1801	2006	1719	738	629	0	0	14572	10636	-1	-1	0.0	1355	1355	1182	1182	1173	1173	950	949	733	732	725	724	325	280	215	190	215	190
928	4176	1357	10	259	2550	1223	53	1173	1107	1021	934	885	319	310	0	0	14687	10749	-1	-1	0.0	1355	1355	1182	1182	1173	1173	808	804	625	622	614	611	154	142	107	103	107	103
929	4045	1347	9	247	2442	1223	53	1173	1367	1187	1323	1139	320	283	0	0	12764	10871	-1	-1	0.0	1355	1355	1182	1182	1173	1173	871	868	662	659	654	651	208	183	151	137	151	137
930	4109	1368	9	253	2479	1223	53	1173	1281	1216	1307	1242	364	348	16	4	17412	13305	-1	-1	0.0	1355	1355	1182	1182	1173	1173	981	979	753	751	746	744	212	197	139	135	139	135
931	4088	1332	9	254	2493	1223	53	1173	1496	1418	1423	1325	527	496	8	1	12193	10108	-1	-1	0.0	1355	1355	1182	1182	1173	1173	987	984	739	736	729	726	198	191	112	110	112	110
932	4220	1373	9	261	2577	1223	53	1173	1255	1083	1090	970	226	208	0	0	9627	8442	-1	-1	0.0	1355	1355	1182	1182	1173	1173	1017	1012	756	752	742	738	184	173	105	103	104	102
933	4155	1361	10	271	2513	1223	53	1173	1017	960	1077	1005	313	279	0	0	15290	10041	-1	-1	0.0	1355	1355	1182	1182	1173	1173	994	992	766	764	752	750	148	140	72	71	71	70
934	3950	1333	9	252	2356	1223	53	1173	819	772	831	771	255	241	0	0	15489	11424	-1	-1	0.0	1355	1355	1182	1182	1173	1173	805	805	610	610	599	599	135	133	87	86	87	86
935	4184	1354	9	263	2558	1223	53	1173	1241	1190	1124	1078	388	368	0	0	13040	10183	-1	-1	0.0	1355	1355	1182	1182	1173	1173	853	851	633	631	621	619	177	168	88	87	87	86
936	4248	1369	9	259	2611	1223	53	1173	1434	1327	1571	1423	499	460	0	0	15680	12228	-1	-1	0.0	1355	1355	1182	1182	1173	1173	972	972	718	718	709	709	223	211	145	140	145	140
937	4157	1354	9	244	2550	1223	53	1173	1689	1558	1323	1214	449	421	0	0	10592	7477	-1	-1	0.0	1355	1355	1182	1182	1173	1173	1042	1037	795	790	783	778	239	229	132	128	132	128
938	4179	1339	9	254	2577	1223	53	1173	865	807	965	863	229	196	0	0	11092	8801	-1	-1	0.0	1355	1355	1182	1182	1173	1173	864	862	636	634	630	628	127	123	75	73	74	72
939	4146	1309	9	259	2569	1223	53	1173	1301	1203	1452	1318	475	426	0	0	16913	12633	-1	-1	0.0	1355	1355	1182	1182	1173	1173	974	966	735	727	728	720	199	190	151	148	151	148
940	4164	1339	9	263	2553	1223	53	1173	726	661	778	704	210	196	0	0	20374	15526	-1	-1	0.0	1355	1355	1182	1182	1173	1173	981	980	758	757	748	747	136	129	87	83	86	82
941	4167	1323	10	238	2596	1223	53	1173	871	825	983	888	229	223	0	0	8716	7083	-1	-1	0.0	1355	1355	1182	1182	1173	1173	978	977	743	742	732	731	134	133	98	98	98	98
942	4143	1321	9	258	2555	1223	53	1173	1144	1064	901	845	319	299	0	0	13114	10077	-1	-1	0.0	1355	1355	1182	1182	1173	1173	825	820	631	626	623	618	144	139	77	77	77	77
943	4267	1321	9	261	2676	1223	53	1173	625	592	594	553	154	148	0	0	10404	8455	-1	-1	0.0	1355	1355	1182	1182	1173	1173	866	865	674	673	660	659	65	64	43	42	43	42
944	4166	1345	9	255	2557	1223	53	1173	936	902	868	834	291	283	0	0	7666	5994	-1	-1	0.0	1355	1355	1182	1182	1173	1173	904	903	676	675	664	663	166	159	102	97	101	96
945	4159	1350	9	261	2539	1223	53	1173	974	909	900	816	302	270	0	0	15894	11599	-1	-1	0.0	1355	1355	1182	1182	1173	1173	929	927	721	719	713	711	161	153	95	94	95	94
946	4093	1351	9	253	2480	1223	53	1173	1096	952	1217	1048	276	231	0	0	7682	6650	-1	-1	0.0	1355	1355	1182	1182	1173	1173	893	887	693	686	682	676	176	152	139	121	139	121
947	3964	1323	9	252	2380	1223	53	1173	685	607	828	718	194	175	0	0	9759	7401	-1	-1	0.0	1355	1355	1182	1182	1173	1173	859	858	668	667	657	656	115	102	76	75	76	75
948	4262	1377	10	261	2614	1223	53	1173	903	818	977	886	278	246	0	0	20645	14115	-1	-1	0.0	1355	1355	1182	1182	1173	1173	900	899	679	678	673	672	147	140	85	83	85	83
949	4308	1352	10	267	2679	1223	53	1173	968	924	891	856	233	218	0	0	12361	9542	-1	-1	0.0	1355	1355	1182	1182	1173	1173	865	861	655	651	647	643	155	147	101	98	100	97
950	4232	1351	9	271	2601	1223	53	1173	1473	1327	1249	1120	386	336	0	0	17857	15032	-1	-1	0.0	1355	1355	1182	1182	1173	1173	1018	1016	761	759	747	745	189	175	108	105	108	105
951	4138	1341	9	255	2533	1223	53	1173	1262	1198	1100	1028	337	307	4	1	9252	7587	-1	-1	0.0	1355	1355	1182	1182	1173	1173	908	904	742	739	735	732	138	131	102	97	101	96
952	4062	1338	9	267	2448	1223	53	1173	948	896	1237	1123	278	262	0	0	13414	11057	-1	-1	0.0	1355	1355	1182	1182	1173	1173	887	887	676	676	669	669	123	118	87	84	87	84
953	4476	1367	9	265	2835	1223	53	1173	841	776	1082	990	221	206	0	0	16132	12458	-1	-1	0.0	1355	1355	1182	1182	1173	1173	957	952	728	723	717	712	177	167	98	94	97	93
954	4186	1364	9	268	2545	1223	53	1173	1469	1364	1271	1150	400	373	0	0	14929	11225	-1	-1	0.0	1355	1355	1182	1182	1173	1173	1000	999	749	748	740	739	216	202	142	133	142	133
955	4177	1357	10	262	2548	1223	53	1173	1643	1497	1621	1476	487	446	0	0	14272	9876	-1	-1	0.0	1355	1355	1182	1182	1173	1173	1063	1056	826	819	814	807	210	203	143	140	142	139
956	3949	1347	10	250	2342	1223	53	1173	1013	954	1052	975	420	387	0	0	10723	7577	-1	-1	0.0	1355	1355	1182	1182	1173	1173	948	947	714	713	700	699	173	161	95	90	94	89
957	4421	1347	9	258	2807	1223	53	1173	1006	920	928	885	267	254	0	0	13692	11101	-1	-1	0.0	1355	1355	1182	1182	1173	1173	959	958	718	717	710	709	160	151	85	84	85	84
958	4131	1349	9	268	2505	1223	53	1173	1241	1121	1167	1069	578	494	0	0	11265	8401	-1	-1	0.0	1355	1355	1182	1182	1173	1173	936	924	720	709	704	693	165	159	102	101	100	99
959	4264	1364	10	265	2625	1223	53	1173	1581	1476	1688	1554	627	593	0	0	20138	13594	-1	-1	0.0	1355	1355	1182	1182	1173	1173	944	941	746	743	737	734	177	165	106	106	106	106
960	4345	1330	9	251	2755	1223	53	1173	1026	949	833	796	302	285	0	0	12015	8728	-1	-1	0.0	1355	1355	1182	1182	1173	1173	938	938	686	686	675	675	173	162	81	79	81	79
961	4206	1325	9	256	2616	1223	53	1173	1568	1454	1769	1557	505	451	0	0	23175	17119	-1	-1	0.0	1355	1355	1182	1182	1173	1173	1017	1009	764	756	753	746	208	198	112	107	112	107
962	4312	1355	9	256	2692	1223	53	1173	963	880	1083	964	363	311	0	0	8817	7397	-1	-1	0.0	1355	1355	1182	1182	1173	1173	870	867	692	689	679	676	125	123	96	96	96	96
963	4134	1342	9	261	2522	1223	53	1173	1334	1188	830	787	337	305	0	0	8712	6767	-1	-1	0.0	1355	1355	1182	1182	1173	1173	974	973	730	729	720	719	196	185	96	93	96	93
964	4220	1339	9	254	2618	1223	53	1173	1114	1025	1071	1015	369	345	0	0	13275	10102	-1	-1	0.0	1355	1355	1182	1182	1173	1173	924	922	711	709	699	697	144	143	94	94	93	93
965	4259	1371	10	255	2623	1223	53	1173	1345	1285	1541	1425	446	414	0	0	13785	11080	-1	-1	0.0	1355	1355	1182	1182	1173	1173	1056	1051	820	815	804	799	222	211	137	135	135	133
966	4304	1353	9	263	2679	1223	53	1173	1049	886	1212	1008	326	253	0	0	9519	7239	-1	-1	0.0	1355	1355	1182	1182	1173	1173	942	939	713	710	706	703	171	147	122	105	122	105
967	4088	1371	9	242	2466	1223	53	1173	1899	1640	1614	1386	503	422	0	0	11451	8438	-1	-1	0.0	1355	1355	1182	1182	1173	1173	1008	1006	776	774	768	766	315	279	192	176	191	175
968	3996	1359	9	257	2371	1223	53	1173	1384	1283	1179	1072	344	321	0	0	11258	7988	-1	-1	0.0	1355	1355	1182	1182	1173	1173	1036	1033	793	791	778	776	218	203	104	103	104	103
969	4194	1357	9	267	2561	1223	53	1173	1287	1226	1451	1351	382	357	0	0	16308	11810	-1	-1	0.0	1355	1355	1182	1182	1173	1173	1033	1027	787	781	776	770	190	187	122	121	121	120
970	4275	1335	9	252	2679	1223	53	1173	1479	1340	1482	1326	381	322	0	0	12383	10914	-1	-1	0.0	1355	1355	1182	1182	1173	1173	842	841	582	581	573	572	283	255	154	148	154	148
971	4346	1375	9	258	2704	1223	53	1173	1673	1567	1411	1325	503	476	0	0	19086	12831	-1	-1	0.0	1355	1355	1182	1182	1173	1173	1112	1108	833	829	822	818	222	216	141	139	141	139
972	4192	1342	9	262	2579	1223	53	1173	1130	1040	1069	984	329	303	0	0	16120	11962	-1	-1	0.0	1355	1355	1182	1182	1173	1173	922	917	703	698	695	690	218	201	116	113	116	113
973	4295	1360	9	253	2673	1223	53	1173	1194	1119	1039	943	331	299	0	0	10408	8695	-1	-1	0.0	1355	1355	1182	1182	1173	1173	964	952	763	751	756	745	179	169	113	108	113	108
974	4187	1338	9	257	2583	1223	53	1173	1180	1114	1361	1270	379	360	0	0	13031	11046	-1	-1	0.0	1355	1355	1182	1182	1173	1173	898	897	679	678	666	665	201	189	93	92	92	91
975	4308	1356	9	258	2685	1223	53	1173	1550	1470	1823	1686	450	420	0	0	8921	7385	-1	-1	0.0	1355	1355	1182	1182	1173	1173	1046	1038	817	809	800	792	240	232	169	164	168	163
976	4149	1334	9	246	2560	1223	53	1173	1776	1570	2286	2010	627	539	0	0	19847	16983	-1	-1	0.0	1355	1355	1182	1182	1173	1173	969	968	744	743	730	729	239	208	150	134	149	133
977	4270	1371	10	259	2630	1223	53	1173	1044	1008	1235	1138	394	383	0	0	15792	10994	-1	-1	0.0	1355	1355	1182	1182	1173	1173	1025	1014	753	742	743	732	204	194	135	129	134	128
978	4428	1334	9	254	2831	1223	53	1173	1067	997	958	892	250	227	0	0	8175	6887	-1	-1	0.0	1355	1355	1182	1182	1173	1173	848	842	623	618	613	608	152	148	88	87	88	87
979	4199	1374	11	247	2567	1223	53	1173	1506	1298	1246	1098	445	393	0	0	11893	9213	-1	-1	0.0	1355	1355	1182	1182	1173	1173	940	938	712	710	705	703	209	179	133	120	133	120
980	4218	1345	9	252	2612	1223	53	1173	1367	1219	1411	1224	411	362	0	0	14725	11258	-1	-1	0.0	1355	1355	1182	1182	1173	1173	1087	1083	798	794	787	783	191	177	97	94	96	93
981	4201	1354	9	259	2579	1223	53	1173	1091	987	1220	1084	349	329	0	0	18255	12003	-1	-1	0.0	1355	1355	1182	1182	1173	1173	735	733	572	570	561	559	158	146	95	92	95	92
982	4177	1337	9	254	2577	1223	53	1173	925	870	1072	970	347	310	0	0	24937	16495	-1	-1	0.0	1355	1355	1182	1182	1173	1173	810	808	614	612	603	601	121	117	82	81	82	81
983	4363	1354	10	265	2734	1223	53	1173	936	863	1065	981	279	258	0	0	14349	11248	-1	-1	0.0	1355	1355	1182	1182	1173	1173	979	979	734	734	725	725	150	143	105	104	105	104
984	4049	1324	11	261	2453	1223	53	1173	1635	1391	1492	1309	531	436	8	2	15041	10654	-1	-1	0.0	1355	1355	1182	1182	1173	1173	1072	1067	815	810	803	798	243	219	142	137	141	136
985	4035	1337	9	257	2432	1223	53	1173	1130	1055	1270	1159	411	351	0	0	10647	8934	-1	-1	0.0	1355	1355	1182	1182	1173	1173	978	974	756	752	742	738	172	167	126	124	126	124
986	4108	1335	10	252	2511	1223	53	1173	1172	1058	1268	1111	348	311	0	0	14807	12185	-1	-1	0.0	1355	1355	1182	1182	1173	1173	900	900	675	675	664	664	169	153	102	100	102	100
987	4222	1345	9	254	2614	1223	53	1173	960	932	1273	1171	302	288	0	0	13627	10973	-1	-1	0.0	1355	1355	1182	1182	1173	1173	929	926	709	706	697	694	157	151	101	101	100	100
988	4267	1337	9	259	2662	1223	53	1173	1356	1255	1188	1092	565	496	16	4	13378	9667	-1	-1	0.0	1355	1355	1182	1182	1173	1173	835	831	639	636	629	626	162	156	121	117	120	116
989	4258	1334	9	264	2651	1223	53	1173	1415	1205	1117	983	287	269	0	0	18696	14022	-1	-1	0.0	1355	1355	1182	1182	1173	1173	928	923	706	702	697	693	173	153	104	95	102	93
990	4173	1360	9	267	2537	1223	53	1173	1227	1167	1313	1178	353	327	0	0	16425	10519	-1	-1	0.0	1355	1355	1182	1182	1173	1173	1067	1064	833	830	821	818	175	171	105	104	105	104
991	4255	1374	9	249	2623	1223	53	1173	531	500	598	538	125	120	0	0	10745	8870	-1	-1	0.0	1355	1355	1182	1182	1173	1173	859	855	660	656	647	643	88	82	39	37	38	36
992	4166	1340	9	258	2559	1223	53	1173	610	557	749	685	148	141	16	4	13125	10491	-1	-1	0.0	1355	1355	1182	1182	1173	1173	871	859	666	655	655	644	107	101	65	63	65	63
993	4373	1337	9	253	2774	1223	53	1173	740	706	704	668	234	221	0	0	17771	14037	-1	-1	0.0	1355	1355	1182	1182	1173	1173	1005	1001	826	823	815	812	111	105	71	70	71	70
994	4177	1354	9	254	2560	1223	53	1173	649	607	803	744	204	187	0	0	17277	13460	-1	-1	0.0	1355	1355	1182	1182	1173	1173	911	909	700	698	689	687	122	117	74	73	73	72
995	3860	1336	9	232	2283	1223	53	1173	1473	1372	1217	1133	399	349	0	0	11317	8020	-1	-1	0.0	1355	1355	1182	1182	1173	1173	1063	1057	829	823	817	811	250	240	153	148	153	148
996	4102	1339	9	257	2497	1223	53	1173	1132	1079	1020	915	291	268	0	0	20647	14299	-1	-1	0.0	1355	1355	1182	1182	1173	1173	1027	1022	753	749	745	741	225	207	103	101	103	101
997	4259	1345	9	245	2660	1223	53	1173	1290	1226	1577	1425	410	396	0	0	13222	10969	-1	-1	0.0	1355	1355	1182	1182	1173	1173	982	982	741	741	727	727	187	179	142	139	141	138
998	4045	1340	9	262	2434	1223	53	1173	785	736	693	631	211	192	0	0	16853	13754	-1	-1	0.0	1355	1355	1182	1182	1173	1173	881	881	672	672	661	661	90	87	58	58	58	58
999	4198	1342	9	242	2605	1223	53	1173	771	739	956	898	290	268	0	0	19114	14020	-1	-1	0.0	1355	1355	1182	1182	1173	1173	813	813	613	613	607	607	151	146	86	85	84	83
