name,type,degree,betweenness,ffl_cores,as_regulator,as_intermediate,as_target,T_topology,n_edges,frac_strong,E_evidence,logFC,de_fdr,D_expression,n_coh,frac_same_dir,R_replication,prot_rho,meth_delta,mut_freq,M_multiomic,surv_minp,C_clinical,chronos,F_functional,n_domains,priority,rank_overall,rank_within_type
hsa-miR-103,miRNA,18,28.4108797161224,0,0,1,0,0.351535836177474,16,0,0.20223752151463,,,,,,,,,,,,,,,2,,1,1
hsa-miR-203,miRNA,45,541.589484710513,0,0,8,0,0.614903299203641,35,0,0.20223752151463,,,,,,,,,,,,,,,2,,2,2
hsa-miR-487,miRNA,2,0,0,0,0,0,0.108646188850967,1,0,0.20223752151463,,,,,,,,,,,,,,,2,,3,3
hsa-miR-544,miRNA,6,7.12223664902814,0,0,0,0,0.20193401592719,4,0,0.20223752151463,,,,,,,,,,,,,,,2,,4,4
E2F1,TF,80,7872.67205620913,701,65,1,0,0.975824800910125,32,0.375,0.918244406196213,2.45627612787667,1.38948714033776e-81,0.949565217391304,3,1,1,,-0.000658050969857129,0.00632111251580278,0.40037211717364,0.130830715766697,0.627826086956522,-0.283005208892194,0.899721448467967,7,0.824507725299396,5,1
hsa-miR-21,miRNA,67,4668.59180685945,0,0,19,0,0.717292377701934,40,0.225,0.787435456110155,2.04256054931336,9.65600967658931e-124,0.949565217391304,,,,,-0.133821130047105,,0.870855148342059,0.0539590101794933,0.791304347826087,,,5,0.823290509474308,6,5
hsa-miR-195,miRNA,40,312.167316014255,73,0,16,0,0.745449374288965,34,0.147058823529412,0.666092943201377,-1.48431335830212,2.65638196871925e-65,0.865217391304348,,,,,0.211812217167122,,0.986038394415358,0.0447504630077797,0.815652173913044,,,5,0.815690055424618,7,6
EZH2,TF,60,4120.93953906724,124,31,2,0,0.911547212741752,27,0.37037037037037,0.913080895008606,2.25909202130212,2.73669799147262e-102,0.953913043478261,3,1,1,0.765095397292687,-0.0159498801350303,0.00379266750948167,0.57616940703478,0.0757830967073831,0.744347826086957,-0.0735276332222741,0.604456824512535,7,0.814787886980413,8,2
COL1A1,Gene,31,702.945516365257,767,0,0,11,0.824232081911263,22,0.318181818181818,0.881239242685026,2.35068576180652,5.942802889035e-50,0.90695652173913,3,1,1,0.774518271641997,0.076901238079482,0.0126422250316056,0.832336147864908,0.112477603370186,0.657391304347826,-0.0630665561278236,0.579387186629527,7,0.811648926453954,9,1
STAT5A,Gene,7,296.784671448148,6,0,0,0,0.458191126279863,6,0.166666666666667,0.700516351118761,-1.54429408754338,1.47143208621464e-62,0.869565217391305,3,1,1,0.756634088318,0.153293101854167,0.00632111251580278,0.832086858917116,0.0179842868234462,0.890434782608696,-0.273502188443481,0.891364902506964,7,0.806022748403244,10,2
GATA3,TF,15,1182.04785415032,173,3,0,0,0.723265073947668,6,0.166666666666667,0.700516351118761,1.48167130451471,4.691058925187e-13,0.669565217391304,3,1,1,0.859208502990199,-0.0114549682202675,0.122629582806574,0.758574397229711,0.0688978431728205,0.758260869565218,-0.452411329524771,0.94150417827298,7,0.793098012503663,11,3
hsa-miR-204,miRNA,25,234.945004224202,0,0,1,0,0.482366325369738,22,0.181818181818182,0.722030981067126,-1.58169787765293,7.51405655032514e-94,0.9,,,,,-0.173999007755968,,0.963350785340314,0.0445135068710207,0.819130434782609,,,5,0.777375705311957,12,7
PDGFRB,Gene,13,343.393819124367,161,0,0,3,0.644766780432309,12,0.5,0.957831325301205,-0.440810983703561,1.6887520078158e-05,0.359130434782609,3,1,1,0.822659723133774,0.172737010052429,0.00758533501896334,0.907739288157784,0.0319788977872558,0.850434782608696,-0.107559554002427,0.710306406685237,7,0.775744145423977,13,3
CCND2,Gene,90,338.276641728317,0,0,0,136,0.62514220705347,74,0.27027027027027,0.826161790017212,-1.40285835372387,2.08105719077574e-44,0.808695652173913,3,1,1,,0.127991445193711,0.00126422250316056,0.543644440598272,0.00515107964168796,0.954782608695652,-0.0895341269978831,0.66016713091922,7,0.774084832779677,14,4
hsa-miR-429,miRNA,64,1440.56345194151,660,0,31,0,0.920648464163822,43,0.209302325581395,0.757314974182444,2.32434519350811,1.85670035024385e-53,0.911304347826087,,,,,0.0636972057389835,,0.650959860383944,0.131862232978274,0.622608695652174,,,5,0.772567268441694,15,8
BRCA1,TF,19,2069.53543715829,6,2,0,0,0.662969283276451,6,0.333333333333333,0.896729776247849,0.781423659422028,6.12139253499759e-14,0.560869565217391,3,1,1,0.386216567288723,-0.0150645930779902,0.0278128950695322,0.517486224856613,0.0563506266251563,0.780869565217391,-0.513654938528346,0.952646239554318,7,0.767367236338573,16,4
FN1,Gene,28,4748.31141848391,1848,0,0,39,0.885949943117179,20,0.3,0.864888123924269,2.68323633833901,9.2517127886667e-72,0.94695652173913,3,1,1,0.752005581937537,0.00683725155624901,0.0151706700379267,0.653802525997424,0.0308466230555941,0.853913043478261,0.078167035167906,0.155988857938719,7,0.765928430884997,17,5
MET,Gene,35,1230.1206007834,394,0,0,22,0.852104664391354,28,0.5,0.957831325301205,-2.48450774840474,7.61864678046905e-50,0.910434782608696,3,1,1,0.58889970788705,0.0265685984740162,0.00632111251580278,0.579995131742977,0.106987814937148,0.67304347826087,-0.002826236420308,0.376044568245125,7,0.764207707221461,18,6
MYBL2,Gene,12,101.650934404495,0,0,0,3,0.35580204778157,9,0.222222222222222,0.779690189328744,3.71832621663548,4.66568330269549e-89,0.975652173913043,3,1,1,0.425583982202447,0.0881078947961349,0.00379266750948167,0.531268194012566,0.0737065501737837,0.749565217391304,-0.499001653126425,0.947075208913649,7,0.762721861620125,19,7
JUN,TF,66,8948.23160878323,444,45,0,0,0.959328782707622,21,0.0952380952380952,0.546471600688468,-1.58228238097523,4.77936219647171e-47,0.843478260869565,3,1,1,0.117658017124525,-0.000759656297599894,0.00505689001264223,0.243122548250618,0.0241125480446147,0.869565217391304,-0.258152292154383,0.874651810584958,7,0.762374031498934,20,5
EGR2,TF,5,88.9429436985014,0,0,0,0,0.263651877133106,1,1,1,-2.42938788402181,3.33074528654977e-61,0.927826086956522,3,1,1,0.233395338658497,0.0318357208977859,0.00505689001264223,0.407760329332068,0.0170712826980454,0.897391304347826,-0.180612206912282,0.816155988857939,7,0.758969369518209,21,6
hsa-miR-383,miRNA,15,54.781660061079,0,1,5,0,0.353526734926052,14,0.214285714285714,0.767641996557659,-1.73182958801498,8.06526534074554e-59,0.878260869565217,,,,,-0.162633354131461,,0.94066317626527,0.0333905036308837,0.845217391304348,,,5,0.75706203372371,22,9
SREBF1,TF,12,980.534895138421,57,0,0,0,0.639362912400455,4,0.25,0.803786574870912,0.899697740248525,1.77881232136232e-16,0.606086956521739,3,1,1,0.363889468561556,0.0456736040881319,0.00505689001264223,0.472928852518819,0.0405074490244066,0.829565217391304,-0.335030149932815,0.919220055710306,7,0.752992938487648,23,7
MMP14,Gene,25,595.048879357091,669,0,0,18,0.776166097838453,15,0.266666666666667,0.821858864027539,1.00172983735547,5.45552574487584e-20,0.652173913043478,3,1,1,0.770475395325934,0.161491681687537,0.00505689001264223,0.816855482270541,0.0122772450135344,0.923478260869565,0.0366713052912111,0.264623955431755,7,0.750736653354476,24,8
CXCL12,Gene,12,51.7862085591133,85,0,0,9,0.506541524459613,6,0.333333333333333,0.896729776247849,-2.23550344640087,1.50533881651418e-69,0.929565217391304,3,1,1,0.684247962676333,0.106089598021026,0,0.535690906396214,0.15177450664484,0.594782608695652,-0.138509442286858,0.763231197771588,7,0.746648747280317,25,9
PLAU,Gene,22,8.04628941688494,159,0,0,11,0.556029579067122,6,0.5,0.957831325301205,0.890798349565802,6.29563943983786e-13,0.569565217391304,3,1,1,0.792284881555146,0.115455868791253,0.00252844500632111,0.705886347150648,0.0338789830498789,0.843478260869565,-0.0533908461664678,0.54874651810585,7,0.740219606840813,26,10
DNMT1,TF,29,1589.74608291725,84,2,0,0,0.784982935153584,13,0.538461538461538,0.972461273666093,0.943016760223257,7.05368332972021e-48,0.749565217391304,3,1,1,0.688689838197372,-0.010081272152173,0.0126422250316056,0.643588742324794,0.782716101164455,0.0382608695652174,-0.548576852444854,0.96100278551532,7,0.735694546230902,27,8
ESR1,TF,58,6476.09402635387,216,24,2,0,0.93287827076223,26,0.423076923076923,0.941480206540447,0.369854227638376,0.259052068177584,0.195652173913043,3,0.666666666666667,0.47329650092081,0.90386618321865,-0.110557730317373,0.00758533501896334,0.879449800298779,0.0569250758828999,0.777391304347826,-0.317839021856754,0.913649025069638,7,0.730542468836111,28,9
hsa-miR-124,miRNA,68,2375.957745723,0,2,23,0,0.704778156996587,57,0.298245614035088,0.860585197934596,0.129711610486892,0.102635397192218,0.118260869565217,,,,,0.181966941507442,,0.968586387434555,0.000298112288596243,0.994782608695652,,,5,0.729398644125321,29,10
hsa-miR-155,miRNA,56,1831.18611916816,0,0,16,0,0.688282138794084,35,0.542857142857143,0.974182444061962,0.815138264669164,2.10081722591048e-16,0.585217391304348,,,,,-0.173696991854066,,0.961605584642234,0.265645630042914,0.434782608695652,,,5,0.728814033499656,30,11
hsa-miR-300,miRNA,27,1140.19816542669,266,0,2,0,0.804607508532423,26,0.115384615384615,0.594664371772806,,,,,,,,-0.0958716710429397,,0.773123909249564,,,,,3,0.724131929851597,31,12
MYB,TF,25,1779.7281075196,91,2,0,0,0.770762229806598,10,0.6,0.981927710843373,1.25633921860257,6.43018685607987e-12,0.622608695652174,3,0.666666666666667,0.47329650092081,0.616369952236214,-0.00338822924984362,0.00884955752212389,0.528132732594453,0.0511728820734979,0.803478260869565,-0.26218144179685,0.880222841225627,7,0.722918424558943,32,10
BCL6,TF,6,442.282263906587,17,0,0,0,0.49089874857793,2,0.5,0.957831325301205,-1.29716419581314,1.65851374087e-52,0.813913043478261,3,1,1,0.502313786661258,0.0233401770438892,0.00632111251580278,0.520888128676307,0.17659808202804,0.549565217391304,-0.113037806302487,0.727019498607242,7,0.72287370886175,33,11
ABCA1,Gene,68,1208.94622831377,30,0,0,64,0.822525597269625,58,0.241379310344828,0.793459552495697,-1.28066609093381,1.12858254812524e-39,0.780869565217391,3,1,1,0.233605031823076,0.0338183492273573,0.00884955752212389,0.481033859433916,0.0894092547878336,0.711304347826087,-0.015007760022765,0.428969359331476,7,0.71688032593917,34,11
E2F3,TF,38,486.01035316342,56,8,0,0,0.757679180887372,19,0.421052631578947,0.938898450946644,0.708533720353756,6.74331427228632e-18,0.578260869565217,3,1,1,0.631918370825822,-0.00425489645217644,0.00379266750948167,0.444755076279747,0.292068587475606,0.410434782608696,-0.249322336939395,0.86908077994429,7,0.714158448604566,35,12
hsa-miR-141,miRNA,50,1332.16745431982,7,0,12,0,0.766211604095563,33,0.151515151515152,0.671256454388985,1.99440418227216,1.00823887368479e-66,0.915217391304348,,,,,-0.146475636292734,,0.894415357766143,0.388341728423389,0.306086956521739,,,5,0.710637552815356,36,13
FOXM1,TF,13,147.517918025494,46,3,0,0,0.542946530147895,6,0,0.20223752151463,3.43499048441523,3.1539415523854e-112,0.983478260869565,3,1,1,0.659235209235209,-0.00724372491535277,0.00505689001264223,0.520731551475289,0.0521767148585582,0.798260869565217,-0.300226355336341,0.905292479108635,7,0.70756388752589,37,13
hsa-miR-145,miRNA,65,2463.66938865574,141,0,22,0,0.907281001137656,42,0.285714285714286,0.844234079173838,-2.00657490636704,2.3146671897351e-80,0.930434782608696,,,,,0.0861755558444183,,0.738219895287958,0.637882214795163,0.116521739130435,,,5,0.707338299467717,38,14
hsa-miR-100,miRNA,14,148.87628190958,0,0,2,0,0.39419795221843,8,0.125,0.618760757314974,-2.2132684144819,7.81760497727834e-66,0.924347826086957,,,,,-0.294624610685038,,1,0.161292630846265,0.579130434782609,,,5,0.703287394080594,39,15
COL3A1,Gene,10,609.114171502393,167,0,0,0,0.640784982935154,9,0.777777777777778,0.991394148020654,1.32329183258968,1.13591937598125e-17,0.684347826086957,3,1,1,0.853719958620753,0.153084242673715,0.00884955752212389,0.918066587333427,0.19635230475089,0.514782608695652,0.0711258665952719,0.172701949860724,7,0.703154014704652,40,12
VIM,Gene,19,0,0,0,0,6,0.285551763367463,9,0.555555555555556,0.977624784853701,-1.39679372771034,4.59228724184199e-48,0.817391304347826,3,1,1,0.755120427861085,0.129406297820968,0.00632111251580278,0.810936175559723,0.0515731621622036,0.8,0.0529516647220638,0.217270194986072,7,0.701253460444969,41,13
NT5E,Gene,11,14.6406602093476,87,0,0,4,0.458191126279863,7,0.142857142857143,0.657487091222031,-1.42501799165187,4.26113929750208e-34,0.786086956521739,3,1,1,0.62841184868646,0.174801052808951,0.00632111251580278,0.784111794459601,0.0481776333875278,0.808695652173913,-0.00912349819666861,0.401114206128134,7,0.699383832397897,42,14
HDAC4,TF,19,447.92326923411,90,4,1,0,0.677189988623436,9,0.111111111111111,0.585197934595525,-0.993520286587024,7.17742588637325e-42,0.742608695652174,3,1,1,0.549718278619132,0.00331654167954387,0.00505689001264223,0.41524386483577,0.030170287344408,0.857391304347826,-0.0800993696141225,0.612813370473538,7,0.698635022646896,43,14
ESR2,TF,13,760.384254989598,5,1,0,0,0.566552901023891,5,0.2,0.746987951807229,-1.85111372323242,1.53418429202264e-75,0.902608695652174,2,1,1,,0.0140874620867454,0.00252844500632111,0.362763763287324,0.00493920401257059,0.956521739130435,0.01653278285557,0.342618384401114,7,0.696864776471738,44,15
hsa-miR-30a,miRNA,39,272.322245752936,0,0,3,0,0.558873720136519,34,0.235294117647059,0.790877796901893,-0.796117041198501,1.35683801979121e-07,0.495652173913044,,,,,-0.066032408105493,,0.659685863874346,0.00202356820738882,0.977391304347826,,,5,0.696496171834725,45,16
hsa-miR-143,miRNA,53,1644.34266862413,141,0,18,0,0.881399317406143,30,0.266666666666667,0.821858864027539,-1.04341073657928,1.36717944788172e-23,0.682173913043478,,,,,0.018887671302916,,0.380453752181501,0.0881293606438937,0.71304347826087,,,5,0.695785864983906,46,17
ZEB2,TF,26,341.425590673572,0,1,0,0,0.511945392491468,11,0.545454545454545,0.975903614457831,-1.53629955700555,3.5325290036909e-49,0.846086956521739,3,1,1,0.533535883206849,0.0743957082373458,0.0151706700379267,0.686997248740334,0.835115252526364,0.0260869565217391,-0.182496475263496,0.821727019498607,7,0.695535312604531,47,16
hsa-let-7b,miRNA,36,200.034339082687,309,0,8,0,0.762229806598407,25,0.2,0.746987951807229,-0.649171972534333,3.69109788813916e-11,0.498260869565217,,,,,0.0520403168825916,,0.595113438045375,0.0241790977308566,0.867826086956522,,,5,0.69408363059455,48,18
hsa-miR-497,miRNA,34,189.990309607244,73,0,7,0,0.693401592718999,31,0.0967741935483871,0.553356282271945,-1.46382709113608,1.82203852445861e-43,0.815652173913044,,,,,0.218196597700651,,0.989528795811518,0.285690284844771,0.417391304347826,,,5,0.693866029812666,49,19
hsa-miR-200c,miRNA,69,3221.99107434831,7,0,26,0,0.818543799772469,45,0.222222222222222,0.779690189328744,1.36155493133583,1.26849916669716e-37,0.786956521739131,,,,,-0.146475636292734,,0.894415357766143,0.550086756239384,0.187826086956522,,,5,0.693486391112602,50,20
hsa-miR-206,miRNA,31,210.964672233007,0,0,2,0,0.513651877133106,27,0.333333333333333,0.896729776247849,-0.627507490636704,5.90483338570945e-07,0.440869565217391,,,,,-0.147934042419515,,0.905759162303665,0.0901130629232502,0.709565217391304,,,5,0.693315119658663,51,21
FOS,TF,52,3864.75184865591,111,4,14,37,0.896188850967008,23,0.391304347826087,0.922547332185886,-3.00019422987734,4.33173595919959e-60,0.938260869565218,3,0.666666666666667,0.47329650092081,0.497998944257521,-0.00246582788104625,0.00126422250316056,0.230088831742365,0.0515545617237161,0.801739130434783,-0.0627725791743814,0.576601671309192,7,0.691246169589323,52,17
BCL2L1,Gene,28,872.369789188353,295,0,0,9,0.800056882821388,17,0.294117647058824,0.856282271944923,0.417225047577924,1.66681198274312e-16,0.473913043478261,3,0.666666666666667,0.47329650092081,0.582272735841611,-0.00222645485239662,0.00126422250316056,0.278516355640124,0.00377233216312427,0.963478260869565,-1.33161831400733,0.988857938718663,7,0.690628750627676,53,15
hsa-miR-34a,miRNA,55,1455.97172367544,0,0,13,0,0.67320819112628,32,0.40625,0.931153184165232,0.0885374531835204,0.357340434810506,0.0743478260869565,,,,,0.136260789173419,,0.87260034904014,0.0178534468336371,0.892173913043478,,,5,0.688696692692417,54,22
HDAC1,TF,25,2961.89765830848,382,16,0,0,0.830489192263936,8,0.125,0.618760757314974,0.4750057573286,7.38775180053523e-20,0.516521739130435,3,1,1,0.541556866868376,-0.00125460486651439,0.00758533501896334,0.436513553988478,0.138914471634348,0.613913043478261,-0.168244969809444,0.802228412256267,7,0.688346671204622,55,18
hsa-miR-106b,miRNA,47,334.486592522893,430,2,14,0,0.827645051194539,38,0.289473684210526,0.85025817555938,0.607752496878901,7.77642262684949e-11,0.476521739130435,,,,,0.148442884873695,,0.907504363001745,0.333414137207094,0.368695652173913,,,5,0.686124996212003,56,23
hsa-miR-101,miRNA,42,1078.03606172935,0,1,10,0,0.638509670079636,34,0.176470588235294,0.716006884681583,-0.56723127340824,4.98283267445574e-12,0.482608695652174,,,,,0.0555887047749037,,0.617801047120419,0.00279496962439312,0.968695652173913,,,5,0.684724389941545,57,24
MYC,TF,125,22498.6783968076,1947,83,2,0,0.996587030716723,58,0.448275862068966,0.943201376936317,-1.28571134993363,2.8860817663202e-25,0.72695652173913,3,0.666666666666667,0.47329650092081,0.361836734693878,-0.00498696241052801,0.00252844500632111,0.254540100768528,0.322658806402087,0.384347826086957,-1.97199066189167,1,7,0.682704193881209,58,19
IRF1,TF,41,1826.19300334206,108,0,0,29,0.857224118316269,31,0.129032258064516,0.629948364888124,0.502418477826289,6.9827645201002e-08,0.426956521739131,3,1,1,0.664649857926496,-0.0158290615711251,0.00379266750948167,0.52620495741937,0.00552658556488421,0.95304347826087,-0.00407159829966829,0.384401114206128,7,0.682539793547127,59,20
HOXA10,TF,32,1075.08197536816,15,0,1,1,0.719852104664391,24,0.25,0.803786574870912,-1.85124526219834,2.68388101259844e-37,0.837391304347826,3,1,1,,0.139613177849081,0,0.478358069029178,0.409626840773394,0.28695652173913,-0.0837144640194558,0.64066852367688,7,0.68100187118976,60,21
hsa-miR-205,miRNA,24,209.210529431414,0,0,8,0,0.469567690557452,16,0.3125,0.877796901893287,-2.63919725343321,5.13025425838386e-24,0.825217391304348,,,,,-0.0271584969638448,,0.446771378708552,0.056132381607224,0.782608695652174,,,5,0.680392411623163,61,25
FOSB,Gene,26,942.139689502076,49,0,0,1,0.717292377701934,25,0.04,0.433734939759036,-4.26183187001232,1.67198594374611e-77,0.972173913043478,3,1,1,0.293449197860963,-0.00251795517494324,0.00505689001264223,0.300311985118162,0.154774778819884,0.586086956521739,-0.123610382798967,0.752089136490251,7,0.680241329804943,62,16
hsa-miR-93,miRNA,44,326.690206601166,427,2,13,0,0.818259385665529,37,0.216216216216216,0.769363166953528,0.938533395755306,3.19469344895823e-21,0.644347826086957,,,,,0.1474164913099,,0.900523560209424,0.428871763176341,0.267826086956522,,,5,0.680064005174392,63,26
HMGA1,TF,10,1133.67717343578,82,0,0,0,0.635949943117179,5,0.2,0.746987951807229,1.37841129715812,2.0007531444575e-44,0.806086956521739,3,1,1,0.116424320635814,-0.0735529974792465,0,0.264308606896792,0.371060465767994,0.323478260869565,-0.785552860033521,0.974930362116992,7,0.678820297332785,64,22
hsa-miR-27a,miRNA,68,3543.09064691636,257,0,44,0,0.938566552901024,51,0.274509803921569,0.836488812392427,-0.425886704119851,8.44665642998051e-07,0.379130434782609,,,,,0.0988594832965033,,0.782722513089005,0.255455568658623,0.450434782608696,,,5,0.677468619154752,65,27
KLF4,TF,40,2075.94254952358,124,8,1,0,0.864903299203641,16,0.1875,0.729776247848537,-2.59752690751491,7.64488206425787e-87,0.955652173913044,3,1,1,0.488031914893617,0.000102083387495122,0.00379266750948167,0.298330583142049,0.484855456394124,0.229565217391304,-0.085509042585721,0.649025069637883,7,0.67532179873378,66,23
PPARG,TF,19,3410.48742903413,98,5,0,0,0.764789533560865,7,0,0.20223752151463,-3.23897527547218,5.02723059172936e-114,0.981739130434783,3,1,1,,0.0538211751197294,0.00505689001264223,0.636493444680023,0.0535785265624804,0.794782608695652,0.0195238567794797,0.334261838440111,7,0.673472011046581,67,24
SMAD3,TF,60,6475.69536471249,78,40,5,0,0.888509670079636,27,0.37037037037037,0.913080895008606,-0.632866589902285,5.8697217152674e-17,0.545217391304348,3,1,1,0.795432721624559,0.0144431024334322,0.00632111251580278,0.666012698660292,0.379795256705929,0.318260869565217,-0.00393795149251216,0.381615598885794,7,0.673242446214842,68,25
hsa-miR-9,miRNA,45,2258.74072242003,0,2,8,0,0.677474402730375,40,0.225,0.787435456110155,0.257819288389513,0.210463451401396,0.158260869565217,,,,,0.153579522891959,,0.924956369982548,0.0446732626630241,0.817391304347826,,,5,0.673103680547224,69,28
IRAK2,Gene,16,51.3325912919872,50,0,0,0,0.521331058020478,15,0.333333333333333,0.896729776247849,-0.946238785203666,2.69552207070488e-20,0.641739130434783,3,1,1,,0.0516856789180641,0.00252844500632111,0.493653815643345,0.0816254618322797,0.730434782608696,-0.0129725224571792,0.417827298050139,7,0.671673694429327,70,17
RUNX2,TF,15,973.163336739013,44,2,0,0,0.655290102389079,5,0.4,0.927710843373494,1.03770674407075,3.1849365421749e-18,0.651304347826087,3,1,1,0.423029633841449,-0.00589838570589243,0.00632111251580278,0.417827922843171,0.457867293022533,0.252173913043478,-0.164957527568828,0.796657381615599,7,0.671566358727273,71,26
HOXA9,TF,6,464.612059602816,25,0,0,0,0.506541524459613,2,0.5,0.957831325301205,-2.65603160133698,1.33533338939619e-59,0.931304347826087,3,1,1,,0.243711491697361,0,0.536822292414867,0.744186264522925,0.0591304347826087,-0.106401900326149,0.707520891364903,7,0.671307259449898,72,27
hsa-miR-449a,miRNA,15,17.2713321777133,40,0,2,0,0.472127417519909,13,0.153846153846154,0.675559380378657,1.2000836454432,1.46941271193485e-08,0.58,,,,,-0.0835898879934139,,0.733856893542757,0.0172920035837043,0.893913043478261,,,5,0.671091346983917,73,29
TYMS,Gene,9,0,30,0,0,3,0.343003412969283,3,0.333333333333333,0.896729776247849,1.98021166178893,2.41980626178201e-66,0.911304347826087,3,1,1,0.668685370161572,-0.00371996945274919,0.00126422250316056,0.355535007023716,0.526597950649986,0.198260869565217,-1.16379838354448,0.983286908077995,7,0.669731474530021,74,18
ETS1,TF,39,1612.57840833821,167,12,0,0,0.858361774744027,14,0.285714285714286,0.844234079173838,-0.981712885221257,6.74378331964492e-24,0.673913043478261,3,1,1,0.594942282897807,0.0195102657594149,0.00505689001264223,0.53210049264838,0.100000612348967,0.693913043478261,0.105362754516512,0.0807799442896936,7,0.669043196830352,75,28
ITGB1,Gene,10,76.5212762299155,413,0,0,0,0.552901023890785,7,0.714285714285714,0.987951807228916,-0.676235346799085,1.11149236520822e-27,0.626086956521739,3,0.666666666666667,0.47329650092081,0.385585018078015,0.0217884307895132,0.00505689001264223,0.436782370570514,0.0554746169464886,0.786086956521739,-0.170389038857555,0.805013927576602,7,0.666874220461586,76,19
STAT1,TF,26,2609.24953806447,184,7,0,0,0.818543799772469,7,0.142857142857143,0.657487091222031,0.845980265156968,1.80219557702123e-15,0.583478260869565,3,1,1,0.87647824901604,-0.0128641431998393,0.00505689001264223,0.655815831023404,0.077353676543518,0.737391304347826,0.0583187765680373,0.203342618384401,7,0.665151272231385,77,29
hsa-miR-130b,miRNA,29,98.5264479861194,94,0,2,0,0.650739476678043,26,0.192307692307692,0.73407917383821,1.18349968789014,5.99465396779215e-25,0.708695652173913,,,,,0.0222082081979287,,0.416230366492147,0.0461812700207353,0.813913043478261,,,5,0.664731542532115,78,30
JUND,TF,4,125.368623578488,3,0,1,0,0.35551763367463,1,1,1,-0.572820051496106,7.23597947620747e-11,0.471304347826087,3,1,1,0.243719039764866,-0.00145242491206091,0,0.0787858726053942,0.0165411112497437,0.904347826086956,-0.196263928633016,0.835654596100279,7,0.66365861089905,79,30
hsa-miR-16,miRNA,45,758.675225644465,214,8,17,0,0.84641638225256,38,0.184210526315789,0.726333907056799,0.866745526425302,1.24146941235346e-24,0.65304347826087,,,,,-0.124337387134047,,0.853403141361257,0.476141297786057,0.236521739130435,,,5,0.663143729612384,80,31
hsa-miR-183,miRNA,50,1467.20694747712,670,0,13,0,0.910409556313993,36,0.0555555555555556,0.451807228915663,1.86600780274657,1.37018999364413e-74,0.901739130434783,,,,,0.0074142991773597,,0.226876090750436,0.0426560718739355,0.820869565217391,,,5,0.662340314326453,81,32
hsa-miR-200a,miRNA,64,2052.67120759529,24,0,17,0,0.830489192263936,40,0.175,0.714285714285714,1.90109394506866,1.68178875366709e-48,0.872173913043478,,,,,0.0676656855216364,,0.664921465968586,0.488803335996036,0.222608695652174,,,5,0.660895796242778,82,33
CYFIP2,Gene,6,0,0,0,0,1,0.157849829351536,4,0,0.20223752151463,0.911117881303075,1.31477860278389e-11,0.565217391304348,3,1,1,0.702320044053351,-0.0758101967224705,0.0101137800252845,0.782540294739071,0.00447550393456265,0.958260869565217,-0.393086963209115,0.935933147632312,7,0.657434150586731,83,20
hsa-miR-23a,miRNA,65,1387.84976602989,188,0,36,0,0.89448236632537,49,0.122448979591837,0.609294320137694,-0.336552746566792,0.000136157500177853,0.297826086956522,,,,,0.0988594832965033,,0.782722513089005,0.0995001789393008,0.695652173913044,,,5,0.655995492084327,84,34
CAV1,Gene,7,287.137384923222,170,0,0,1,0.567974971558589,2,1,1,-3.38056045994658,3.84052161970877e-155,0.987826086956522,3,1,1,0.542581963989061,0.0562460540238743,0.00379266750948167,0.533070849877662,0.316201024718061,0.391304347826087,0.0964158649943262,0.108635097493036,7,0.6555444791017,85,21
TP63,TF,27,1697.65652797949,23,0,0,0,0.732935153583618,14,0.0714285714285714,0.494836488812392,-3.3976047913768,3.04406047879357e-44,0.911304347826087,3,0.666666666666667,0.47329650092081,0.753153153153153,-0.00813852747326793,0.00379266750948167,0.529127989041258,0.00172537005143308,0.980869565217391,-0.0261610818787221,0.465181058495822,7,0.655364443413911,86,31
hsa-miR-1,miRNA,34,1382.40649896929,0,11,0,0,0.619738339021616,34,0.294117647058824,0.856282271944923,-1.39721535580524,4.30834773822559e-27,0.749565217391304,,,,,-0.133073211206698,,0.869109947643979,0.560115403655239,0.179130434782609,,,5,0.654765242156886,87,35
hsa-miR-182,miRNA,54,1706.88228425864,656,0,24,0,0.923777019340159,37,0.135135135135135,0.647160068846816,2.16308801498127,5.33296747990974e-70,0.927826086956522,,,,,-0.0168843123309379,,0.359511343804538,0.289598774408235,0.412173913043478,,,5,0.654089686398303,88,36
ID4,Gene,22,461.008797523173,2,0,0,6,0.594425483503982,20,0.05,0.444061962134251,-3.11433023077292,8.16878090009666e-59,0.935652173913043,3,1,1,,0.215739881710646,0,0.532459290669667,0.314955531680757,0.39304347826087,-0.0959282122224707,0.676880222841226,7,0.65378894447472,89,22
hsa-miR-150,miRNA,32,710.139769311368,0,0,9,0,0.580204778156997,19,0.210526315789474,0.761617900172117,-0.743833957553059,2.53062190682564e-06,0.465217391304348,,,,,0.0524245016392966,,0.598603839441536,0.0272652264503022,0.860869565217391,,,5,0.653302694858478,90,37
NR1H3,TF,8,247.179786648192,4,3,0,0,0.448521046643914,3,0.333333333333333,0.896729776247849,-0.83789977450463,1.49818847026398e-27,0.66,3,1,1,,0.0250190001581523,0.00252844500632111,0.414247183880692,0.00434143768144578,0.96,0.0681600467649414,0.192200557103064,7,0.65309979483936,91,32
F3,Gene,35,71.6051678171213,442,0,0,33,0.709897610921502,28,0,0.20223752151463,-2.33528018999184,1.6487743298699e-54,0.915652173913043,3,1,1,0.718751483680963,0.0111853529471236,0,0.377423466957551,0.233775257830392,0.476521739130435,-0.272328011736941,0.88857938718663,7,0.652901699946256,92,23
hsa-miR-223,miRNA,25,666.603135387127,0,0,4,0,0.536973833902161,16,0.25,0.803786574870912,-0.477098314606741,3.83927060501958e-05,0.366086956521739,,,,,-0.147784993717232,,0.902268760907504,0.114411215934873,0.653913043478261,,,5,0.652605833936116,93,38
hsa-miR-181b,miRNA,45,669.211145042543,259,10,11,0,0.848407281001138,40,0.1,0.562822719449225,1.43887858926342,2.56401241322295e-41,0.808695652173913,,,,,-0.020771769264576,,0.402268760907504,0.131052906905,0.626086956521739,,,5,0.649656274010704,94,39
hsa-miR-655,miRNA,27,1474.19357696181,52,1,3,0,0.752844141069397,25,0.04,0.433734939759036,-0.784881398252186,6.3024701031433e-18,0.597391304347826,,,,,-0.146148346909889,,0.891797556719023,0.164447990017253,0.572173913043478,,,5,0.649588370987752,95,40
IRF9,Gene,17,165.103192634697,0,0,0,0,0.423777019340159,16,0.125,0.618760757314974,0.926179532696829,7.17038963225739e-25,0.668695652173913,3,1,1,0.855054939178045,-0.00118102969991951,0.00252844500632111,0.471332809707834,0.0403767117817337,0.831304347826087,-0.0480935651054858,0.532033426183844,7,0.649414858935259,96,24
SPP1,Gene,11,0,202,0,0,1,0.439419795221843,4,0.25,0.803786574870912,2.0099453853412,1.1998201523885e-27,0.820869565217391,3,1,1,0.7102098465832,-0.0326523978508599,0.00505689001264223,0.632517760798826,0.0741502715433404,0.747826086956522,0.102545607048833,0.0863509749303621,7,0.64725296542798,97,25
SERPINE1,Gene,39,0,581,0,0,53,0.621729237770193,24,0.291666666666667,0.85197934595525,0.94153904588271,9.13400674961504e-12,0.571304347826087,3,1,1,0.422900417438355,0.0240271641607809,0.00505689001264223,0.460432353693059,0.0976507108312773,0.699130434782609,0.0208615605286211,0.323119777158774,7,0.646813642455139,98,26
CEBPA,TF,54,3947.76541864936,188,4,5,23,0.918941979522184,31,0.129032258064516,0.629948364888124,-1.62193102400486,8.30072558557974e-48,0.850434782608696,3,1,1,0.52468723214975,0.0602438955017858,0,0.370148206434278,0.753046276503229,0.0539130434782609,-0.101041972032108,0.6991643454039,7,0.646078674619349,99,33
EDN1,Gene,27,12.0229965432125,262,0,0,14,0.604948805460751,20,0.4,0.927710843373494,-1.94946848662221,1.18111911281134e-36,0.849565217391304,3,1,1,,0.00297712517873391,0,0.0961591161495969,0.106882240325442,0.674782608695652,0.00200929950240015,0.364902506963788,7,0.64543844257637,100,27
LEF1,TF,21,959.602840859293,24,8,3,0,0.670079635949943,9,0,0.20223752151463,1.88540661133234,3.23793003049051e-49,0.872173913043478,3,1,1,0.737155297532656,0.0480667195023877,0.00126422250316056,0.528654607135754,0.000930690645258763,0.991304347826087,0.0424318793495543,0.245125348189415,7,0.644225053379901,101,34
FOXD3,TF,8,133.307730547677,2,0,0,0,0.408703071672355,3,0,0.20223752151463,1.41113963121112,2.14511027020531e-14,0.668695652173913,2,1,1,,0.123069333060025,0.00505689001264223,0.756039692498522,0.0192430813691246,0.886956521739131,-0.0646458895014027,0.584958217270195,7,0.643941525266964,102,35
HMGCS1,Gene,23,718.976355131441,16,0,0,1,0.654436860068259,22,0,0.20223752151463,0.368247373218827,3.58522047171055e-07,0.36,3,1,1,0.75792222708611,-0.0114911070670306,0.00758533501896334,0.648271753918095,0.121026229405329,0.64,-1.7451692924312,0.994428969359331,7,0.642767872122902,103,28
KLF5,TF,28,1041.49407106118,3,3,1,2,0.667519908987486,20,0.15,0.668674698795181,-1.42919229477522,6.90659292033114e-17,0.695652173913044,3,0.666666666666667,0.47329650092081,0.699692780337942,0.00179343530193384,0,0.297639785661363,0.0558500558800461,0.784347826086957,-0.304362293740415,0.908077994428969,7,0.642172698399116,104,36
hsa-miR-137,miRNA,38,621.910482258445,0,0,6,0,0.598691695108077,31,0.161290322580645,0.685025817555938,0.211639200998751,0.00495322102632269,0.199130434782609,,,,,0.158320823197341,,0.933682373472949,0.0548711372327169,0.789565217391304,,,5,0.641219107662176,105,41
hsa-miR-193a,miRNA,16,108.481712114647,0,0,2,0,0.39448236632537,11,0.272727272727273,0.832185886402754,-0.371411048689139,1.11173984474997e-05,0.337391304347826,,,,,-0.0781835312405214,,0.710296684118674,0.0120298214713138,0.926956521739131,,,5,0.640262552586751,106,42
hsa-miR-106a,miRNA,49,496.017933557877,735,2,23,0,0.86575654152446,39,0.153846153846154,0.675559380378657,0.94793570536829,1.70397233376269e-10,0.562608695652174,,,,,-0.0407942665337897,,0.528795811518325,0.166305438932547,0.56695652173913,,,5,0.639935390162549,107,43
hsa-miR-224,miRNA,20,195.552338335813,0,0,8,0,0.449374288964733,14,0.0714285714285714,0.494836488812392,-1.45132240948814,3.72737977380377e-18,0.710434782608696,,,,,-0.205769287952973,,0.982547993019197,0.171694836965806,0.561739130434783,,,5,0.63978653676796,108,44
TWIST1,TF,83,5332.18391038754,139,11,13,45,0.93230944254835,47,0.25531914893617,0.815834767641997,-1.45625141934143,1.0428137662517e-25,0.755652173913044,3,1,1,,0.109515400513524,0.00126422250316056,0.520084231174188,0.332718501749027,0.372173913043478,0.106856816610078,0.0779944289693593,7,0.639149851041488,109,37
MMP2,Gene,35,3811.30747792664,1715,0,0,46,0.912400455062571,13,0.615384615384615,0.984509466437177,-0.365979625453789,0.00707414315432361,0.259130434782609,3,1,1,0.816609594265605,0.104220275975162,0.00505689001264223,0.796961630691601,0.408400593985001,0.290434782608696,0.0509377724075183,0.225626740947075,7,0.63843764436139,110,29
hsa-miR-196a,miRNA,10,73.7568563440817,0,2,0,0,0.31683731513083,10,0.2,0.746987951807229,2.02293196004994,1.46015227016497e-14,0.738260869565217,,,,,0.0728082510201533,,0.68760907504363,0.102821016921675,0.686956521739131,,,5,0.635330346657208,111,45
hsa-miR-221,miRNA,36,1172.23660685226,145,1,3,0,0.830773606370876,23,0.217391304347826,0.771944922547332,-0.240612671660425,0.0119350016342503,0.202608695652174,,,,,,,,0.0780606730905165,0.733913043478261,,,4,0.634810067012161,112,46
hsa-miR-142,miRNA,51,1139.76495700771,0,2,11,0,0.655290102389079,42,0.0952380952380952,0.546471600688468,1.53229837702871,2.09769814380754e-22,0.745217391304348,,,,,-0.0459414867652653,,0.554973821989529,0.107235880452849,0.671304347826087,,,5,0.634651452839502,113,47
BDNF,Gene,35,453.320367746142,57,0,0,1,0.743174061433447,33,0.333333333333333,0.896729776247849,-1.49184346463241,4.25660532978473e-19,0.722608695652174,2,0.5,0.243093922651934,,0.0661476758244184,0.00252844500632111,0.52855782960495,0.12002446878741,0.641739130434783,-0.089860419088358,0.662952646239554,7,0.634122294609241,114,30
hsa-miR-543,miRNA,17,404.033655640682,97,0,0,0,0.664106939704209,16,0.0625,0.469879518072289,-0.483637328339576,8.77756549924733e-14,0.48,,,,,-0.0887082033209604,,0.74869109947644,0.0505947026605258,0.80695652173913,,,5,0.633926815798414,115,48
hsa-miR-767,miRNA,6,0,0,0,0,0,0.157849829351536,1,1,1,0.564593320848938,9.86262189121795e-05,0.383478260869565,,,,,-0.196779394254517,,0.977312390924956,0.117650017707648,0.648695652173913,,,5,0.633467226663994,116,49
hsa-miR-29b,miRNA,75,3147.30227526235,2159,18,41,0,0.973833902161547,53,0.415094339622642,0.934595524956971,0.261763004577612,0.00618903478862069,0.221739130434783,,,,,-0.00822064719205606,,0.242582897033159,0.0536607751456663,0.79304347826087,,,5,0.633158986569466,117,50
hsa-miR-29a,miRNA,69,1696.09248601824,1159,3,30,0,0.948521046643913,46,0.304347826086957,0.869191049913941,-0.290025905118602,0.000200666765833705,0.273913043478261,,,,,-0.0153302656094283,,0.342059336823735,0.0823759608344385,0.728695652173913,,,5,0.632476025806753,118,51
hsa-miR-24,miRNA,44,1881.23508964691,115,20,6,0,0.867747440273038,41,0.195121951219512,0.736660929432014,0.0288256346233874,0.787226364806847,0.0278260869565217,,,,,0.0906132612183953,,0.7521815008726,0.0585963173901293,0.773913043478261,,,5,0.631665800202487,119,52
NGF,Gene,11,29.7356077621875,0,0,0,0,0.294084186575654,9,0.111111111111111,0.585197934595525,-0.896643237537782,2.01223548708204e-14,0.588695652173913,2,1,1,,-0.0118892117770675,0.00252844500632111,0.347056957004601,0.0152635097753763,0.907826086956522,-0.100567850620834,0.696378830083566,7,0.631319949627112,120,31
GJA1,Gene,31,287.130956986925,68,0,0,13,0.703640500568828,29,0.275862068965517,0.838209982788296,-0.221145628428408,0.1884483176714,0.141739130434783,3,0.666666666666667,0.47329650092081,0.836659728797651,0.0494145558010888,0.00252844500632111,0.643274578896064,0.0252793431155198,0.866086956521739,-0.12206679557903,0.746518105849582,7,0.630395107997158,121,32
MEIS1,TF,5,55.6712170314345,0,0,0,0,0.24089874857793,2,0.5,0.957831325301205,-1.26063898351165,6.87017955657208e-36,0.76695652173913,3,1,1,0.419786866359447,0.00878689763662011,0.00252844500632111,0.307571219923363,0.0769691655956335,0.739130434782609,-0.00901642632985171,0.398328690807799,7,0.630102420161719,122,38
MYH11,Gene,2,375.983961012189,1,0,0,0,0.38424345847554,1,0,0.20223752151463,-4.21095219818005,3.20332282580069e-91,0.978260869565217,3,1,1,0.819490170650617,0.0684999511073766,0.0101137800252845,0.832634018480265,0.17195792118925,0.558260869565217,-0.0203574625159897,0.45125348189415,7,0.629555745642146,123,33
hsa-miR-130a,miRNA,66,928.191204999605,0,1,41,0,0.658987485779295,58,0.120689655172414,0.605851979345955,-0.694725343320848,2.88588688662419e-13,0.530434782608696,,,,,0.123431412250675,,0.849912739965096,0.218763400860965,0.493913043478261,,,5,0.627820006235461,124,53
TFAP2A,TF,25,374.520843888706,17,14,0,0,0.635949943117179,8,0,0.20223752151463,1.40455572614307,2.43572723769349e-32,0.776521739130435,3,1,1,0.563431041256602,0.00937545606862615,0.00884955752212389,0.533935704462967,0.314370584795674,0.394782608695652,-0.20249542856317,0.844011142061281,7,0.626776951283163,125,39
hsa-miR-15a,miRNA,44,557.328372609719,121,0,16,0,0.812571103526735,36,0.277777777777778,0.839931153184165,0.995166666666667,3.68940289852036e-31,0.71304347826087,,,,,-0.0109807379002559,,0.287958115183246,0.23326702345387,0.478260869565217,,,5,0.626352943944047,126,54
hsa-miR-411,miRNA,12,78.1969831874512,107,0,0,0,0.537542662116041,11,0.0909090909090909,0.536144578313253,-0.85148002496879,1.91292742682214e-23,0.639130434782609,,,,,-0.141273373567807,,0.881326352530541,0.181980719961884,0.535652173913043,,,5,0.625959240331097,127,55
SOX10,TF,10,263.255849144126,2,0,0,0,0.467292377701934,6,0,0.20223752151463,-4.36088710838171,1.11400836514269e-32,0.888695652173913,3,0.666666666666667,0.47329650092081,0.569153918857905,0.0989236177477356,0.00126422250316056,0.50123412867785,0.0143130733517974,0.911304347826087,-0.361127930808754,0.930362116991643,7,0.624917520829553,128,40
VEGFA,Gene,77,0,0,0,0,180,0.430887372013652,39,0.743589743589744,0.989672977624785,0.486354251627245,6.32496714833469e-08,0.425217391304348,3,1,1,0.56193537206763,0.0789469719802995,0.00126422250316056,0.469734333361883,0.175172037961435,0.554782608695652,-0.0370413038712678,0.501392757660167,7,0.624526777237212,129,34
hsa-miR-125b,miRNA,33,1418.83902791861,0,2,5,0,0.61575654152446,25,0.16,0.6815834767642,-1.5971658343737,1.00823887368479e-66,0.879565217391304,,,,,0.071220269690679,,0.677137870855148,0.43422782314816,0.266086956521739,,,5,0.62402601261137,130,56
SOX2,TF,55,5363.2846113195,10,9,0,6,0.823663253697383,31,0.161290322580645,0.685025817555938,0.899151673623439,0.00044057513452532,0.449565217391304,3,1,1,,0.142069760464233,0.00252844500632111,0.639378073933048,0.50058824285038,0.210434782608696,-0.053472021645634,0.551532033426184,7,0.622799882658936,131,41
MEN1,TF,10,77.3349790237879,0,0,0,0,0.320250284414107,5,0.2,0.746987951807229,0.697848198435926,8.93286507196108e-43,0.68,3,1,1,0.283421173960546,-0.00867549559857794,0.0139064475347661,0.438506678480589,0.468140291076402,0.24695652173913,-0.355495452338914,0.924791086350975,7,0.622498931827433,132,42
ILF3,TF,4,4.1553387269549,0,0,0,0,0.168941979522184,2,1,1,0.372071918629756,7.54129142871608e-23,0.498260869565217,3,1,1,0.443676689383702,0.0042272997096928,0.00505689001264223,0.378494103633808,0.366055001181945,0.330434782608696,-0.851971258383536,0.98050139275766,7,0.622376161155366,133,43
IL11,Gene,9,20.1004776396969,58,0,0,3,0.427189988623436,7,0,0.20223752151463,1.36762949991204,5.3387826406045e-29,0.75304347826087,2,1,1,,-0.0460508141600589,0.00252844500632111,0.475329208313502,0.0207712059194955,0.88,-0.0762327529276462,0.610027855153203,7,0.621118293123663,134,35
MYCN,TF,73,6841.61696145679,346,17,0,0,0.955915813424346,35,0.142857142857143,0.657487091222031,0.65165019430984,0.000359403431151253,0.394782608695652,3,0.666666666666667,0.47329650092081,,0.0223061746609472,0.00126422250316056,0.323749152640157,0.0142858735575345,0.91304347826087,-0.0810385545735067,0.62116991643454,7,0.619920651656915,135,44
hsa-miR-20b,miRNA,45,339.896862631515,706,2,12,0,0.835039817974972,37,0.0810810810810811,0.518932874354561,1.0095284019975,2.00734142995165e-11,0.584347826086957,,,,,-0.0295944330343602,,0.453752181500873,0.0914861137438085,0.704347826086957,,,5,0.619284105200864,136,57
hsa-miR-15b,miRNA,40,363.203172413051,93,0,8,0,0.765073947667804,34,0.117647058823529,0.598967297762479,1.25572097378277,4.4805780653314e-28,0.734782608695652,,,,,-0.179986619282796,,0.966841186736475,0.805700982192285,0.0295652173913043,,,5,0.619046051650743,137,58
hsa-miR-452,miRNA,12,27.1506430652194,0,0,2,0,0.300056882821388,10,0.1,0.562822719449225,-1.7314456928839,5.6058652113078e-26,0.786086956521739,,,,,-0.190739986351228,,0.972076788830716,0.241338204768185,0.469565217391304,,,5,0.618121713002875,138,59
hsa-miR-381,miRNA,29,1151.40417187812,293,0,2,0,0.819681456200228,27,0.0740740740740741,0.501721170395869,-1.09894662921348,6.75452696992047e-49,0.780869565217391,,,,,-0.0881320005199533,,0.74694589877836,0.474476998927476,0.24,,,5,0.61784361811837,139,60
TCF4,TF,13,807.21284530931,83,0,0,0,0.653299203640501,6,0.166666666666667,0.700516351118761,-1.06766028562747,5.85507083623314e-27,0.704347826086957,3,1,1,0.63256924647612,0.145089479327265,0.00884955752212389,0.800391223390853,0.924198244437974,0.0121739130434783,-0.0207143120898518,0.454038997214485,7,0.617823930642148,140,45
NR4A1,Gene,5,297.931124788039,31,0,0,1,0.477246871444824,2,0.5,0.957831325301205,-2.08618265124982,1.30858506426619e-39,0.86695652173913,3,0.666666666666667,0.47329650092081,0.190842245989305,-0.0167628255123705,0.00379266750948167,0.319818815605654,0.180094362627771,0.539130434782609,-0.0994377500681511,0.688022284122563,7,0.617471821988114,141,36
hsa-miR-19a,miRNA,74,1557.87719488462,0,0,38,0,0.69226393629124,52,0.134615384615385,0.645438898450947,0.863405742821474,5.98681122731725e-09,0.526086956521739,,,,,-0.0933667850402722,,0.760907504363002,0.248296262087342,0.459130434782609,,,5,0.616765546081907,142,61
STAT6,TF,9,273.875570445222,5,2,0,0,0.47098976109215,2,0,0.20223752151463,-0.538979513505733,8.6392583519662e-19,0.533913043478261,3,1,1,0.656077362195464,0.00370439434736586,0.00632111251580278,0.527157923776818,0.050951464557016,0.805217391304348,-0.145039161871368,0.774373259052925,7,0.616269842888447,143,46
SRF,TF,22,752.639733753269,17,5,2,0,0.654436860068259,7,0.142857142857143,0.657487091222031,-0.52688600489373,7.14517934235323e-18,0.52695652173913,3,0.666666666666667,0.47329650092081,0.341480185550235,-0.00182722987708886,0.00252844500632111,0.213732568396132,0.035825383525916,0.84,-0.485326913530714,0.944289693593315,7,0.615742747991383,144,47
hsa-miR-379,miRNA,11,57.0257481231662,96,0,0,0,0.506825938566553,10,0.1,0.562822719449225,-1.06123127340824,1.16535036738881e-34,0.738260869565217,,,,,-0.146687977753431,,0.897033158813264,0.333212925440621,0.370434782608696,,,5,0.615075493800591,145,62
ADRB2,Gene,16,0,0,0,0,1,0.267349260523322,15,0.0666666666666667,0.482788296041308,-3.13930592205217,3.49687047093577e-104,0.977391304347826,3,1,1,,0.0333758125516179,0.00252844500632111,0.436934792955735,0.0604781468241403,0.768695652173913,0.000995862326814645,0.370473537604457,7,0.614804691949509,146,37
SNAI2,TF,50,1661.40884881162,56,2,1,25,0.839590443686007,24,0.166666666666667,0.700516351118761,-1.11830630587407,4.97304972121009e-23,0.686956521739131,3,0.666666666666667,0.47329650092081,,0.0497386018210745,0.00252844500632111,0.491036014596224,0.203803573541625,0.509565217391304,-0.0704854531889241,0.596100278551532,7,0.613865904000538,147,48
FOXO1,TF,6,1478.06928205891,19,0,0,0,0.550625711035267,2,0,0.20223752151463,-1.97575996737514,6.17468795756351e-97,0.934782608695652,3,1,1,0.612972916786891,0.0218916851683349,0,0.354254670858757,0.24538509245461,0.466086956521739,-0.145756259114744,0.777158774373259,7,0.612163748999901,148,49
BACE1,Gene,41,0,0,0,0,32,0.388794084186576,36,0.222222222222222,0.779690189328744,-0.722233683570823,2.08721259374866e-28,0.64,3,1,1,,0.000616413969409382,0.00126422250316056,0.130904475502286,0.11061050470354,0.664347826086957,-0.0963278307567673,0.67966573816156,7,0.611914616180875,149,38
ITGA5,Gene,22,21.8590804444583,95,0,0,4,0.552047781569966,19,0.421052631578947,0.938898450946644,0.178094804010939,0.0296213184159439,0.16,3,0.666666666666667,0.47329650092081,0.703466099754098,0.0022624874189895,0.00505689001264223,0.503746367726483,0.0166997581413642,0.899130434782609,-0.123591341533796,0.749303621169917,7,0.610917593873776,150,39
EGR1,TF,85,7969.30302439515,926,51,4,0,0.983503981797497,37,0.0810810810810811,0.518932874354561,-3.10134737481808,1.41784754100049e-76,0.958260869565217,3,0.666666666666667,0.47329650092081,,-0.00194096636302733,0.00252844500632111,0.238854513723624,0.177614555051002,0.546086956521739,-0.0482996783066259,0.537604456824513,7,0.608077164815423,151,50
TCF7L2,TF,8,246.877854905838,8,2,0,0,0.465585893060296,3,0,0.20223752151463,-1.35929536694974,2.16478984967599e-46,0.805217391304348,3,1,1,0.565398010712729,-0.00326474095967719,0.00505689001264223,0.423682592491096,0.0328679981222885,0.84695652173913,-0.0396310640643413,0.512534818941504,7,0.608030677007286,152,51
hsa-miR-151a,miRNA,4,4.24959931250365,0,0,0,0,0.169510807736064,3,0.666666666666667,0.986230636833047,0.43902215980025,5.21521742073605e-08,0.403478260869565,,,,,,,,0.0240728327512202,0.871304347826087,,,4,0.607631013316191,153,63
hsa-miR-148a,miRNA,37,789.979643864057,0,1,9,0,0.60608646188851,28,0.321428571428571,0.882960413080895,0.402830212234707,0.000331106013944504,0.315652173913044,,,,,0.0930318397677541,,0.757417102966841,0.23720556756128,0.474782608695652,,,5,0.607379752108988,154,64
SCARB1,Gene,11,40.9039184086449,76,0,0,1,0.481797497155859,8,0.375,0.918244406196213,-0.447928880999216,1.43393911249262e-07,0.396521739130435,3,0.666666666666667,0.47329650092081,0.546658515045608,-0.00783811349835645,0.00632111251580278,0.482543986589679,0.083682831024055,0.72695652173913,-0.143054010867376,0.771587743732591,7,0.607278342209245,155,40
hsa-miR-129,miRNA,28,399.837346683781,0,1,1,0,0.534982935153584,26,0.115384615384615,0.594664371772806,-0.646871826883063,8.60465915904611e-24,0.595652173913044,,,,,0.118026733442535,,0.837696335078534,0.239964466956553,0.47304347826087,,,5,0.607207858835767,156,65
CELSR3,Gene,27,0,0,0,0,0,0.327645051194539,26,0.0384615384615385,0.429432013769363,1.9043508612004,1.87501131465487e-31,0.824347826086957,3,1,1,,0.0362493118649745,0.0101137800252845,0.698415617382776,0.43536944938008,0.262608695652174,-0.105508852342064,0.704735376044568,7,0.60674065430434,157,41
NGFR,Gene,13,27.0904191475833,21,0,0,5,0.44254835039818,12,0.0833333333333333,0.525817555938038,-2.82983431687697,1.65276287632792e-43,0.899130434782609,2,0.5,0.243093922651934,0.424271054788825,0.0281250161402141,0.00252844500632111,0.380165823446801,0.00984730260337974,0.940869565217391,-0.177665912016879,0.813370473537604,7,0.60642801799608,158,42
hsa-miR-133a,miRNA,20,76.2672827816357,0,0,0,0,0.400455062571104,19,0.157894736842105,0.679862306368331,-0.822093945068664,5.69391658304769e-34,0.686956521739131,,,,,-0.0607279678232996,,0.633507853403141,0.12707443531901,0.631304347826087,,,5,0.606417218381559,159,66
CEBPD,TF,5,230.082233713097,0,0,0,0,0.311433447098976,2,0.5,0.957831325301205,-0.865011754545891,2.06416328652333e-11,0.552173913043478,3,0.666666666666667,0.47329650092081,0.501977545625675,0.0015419162201328,0,0.171274327707772,0.000149301508085518,0.996521739130435,-0.14674983196962,0.779944289693593,7,0.606067934699467,160,52
CTNNB1,TF,27,3854.11387972761,143,7,0,0,0.825085324232082,11,0.272727272727273,0.832185886402754,-0.395960114506869,6.2139526045185e-11,0.409565217391304,3,0.666666666666667,0.47329650092081,0.144179571610193,0.0121555586140105,0.00252844500632111,0.244880450814133,0.111445753601347,0.660869565217391,-0.163098619431917,0.793871866295265,7,0.605679258753391,161,53
SHC1,Gene,14,11.5480866063736,249,0,0,0,0.521615472127418,13,0.307692307692308,0.871772805507745,0.218988629276016,1.26824455810318e-06,0.288695652173913,3,0.666666666666667,0.47329650092081,0.492039432828285,0.0452230072785598,0.00505689001264223,0.52447331922714,0.00785035870804236,0.946086956521739,-0.0717528005670786,0.598885793871866,7,0.603546642907233,162,43
hsa-miR-99b,miRNA,8,38.3911102079796,0,0,0,0,0.270193401592719,5,0.2,0.746987951807229,0.500476279650437,1.1273352057124e-07,0.42,,,,,0.0627051401707183,,0.645724258289703,0.0106787859355601,0.928695652173913,,,5,0.602320252772713,163,67
ATF3,TF,15,579.975250327148,33,0,0,9,0.627417519908988,5,0.6,0.981927710843373,-2.40249244350621,5.57322333398518e-54,0.915652173913043,3,0.666666666666667,0.47329650092081,0.400725488104129,-0.0113171602950733,0.00252844500632111,0.31488238992602,0.179596445411464,0.540869565217391,0.00391009713334671,0.362116991643454,7,0.60230897891044,164,54
HDAC2,TF,30,1464.04082096039,142,18,0,0,0.812855517633675,12,0,0.20223752151463,0.357032097106943,9.82330042311653e-08,0.365217391304348,3,1,1,0.501702022468888,-0.000255693834221582,0.00379266750948167,0.308097961534597,0.0205484919848936,0.881739130434783,-0.0841059283510429,0.643454038997215,7,0.60194308020275,165,55
hsa-miR-29c,miRNA,61,784.634784649798,1000,3,54,0,0.899032992036405,42,0.30952380952381,0.874354561101549,0.00700967540574261,0.952705718239559,0.00695652173913044,,,,,0.0127689696969695,,0.31413612565445,0.0145079055974678,0.909565217391304,,,5,0.600809083584568,166,68
IL6,Gene,26,3979.14997027552,829,0,0,1,0.861205915813424,2,0.5,0.957831325301205,-3.05076932303411,9.18284151141699e-45,0.90695652173913,3,0.666666666666667,0.47329650092081,,-0.0752338731747479,0.00252844500632111,0.546009836585753,0.358690468001101,0.346086956521739,0.096546062944894,0.105849582172702,7,0.599605234150681,167,44
NOTCH1,Gene,25,305.015569561852,16,0,0,5,0.622298065984073,23,0.565217391304348,0.97934595524957,-0.635729501511299,1.05149808804133e-13,0.516521739130435,3,0.666666666666667,0.47329650092081,0.566269528789513,-0.00202921378742575,0.0101137800252845,0.490768592845205,0.0198441772123649,0.883478260869565,0.0479652119045798,0.231197771587744,7,0.599558126655343,168,45
hsa-miR-139,miRNA,17,117.333657120871,0,0,1,0,0.405574516496018,13,0.307692307692308,0.871772805507745,-3.17245755305868,4.27913251611139e-137,0.984347826086957,,,,,-0.0532392434680878,,0.603839441535777,0.611556867284856,0.132173913043478,,,5,0.599541700533995,169,69
hsa-miR-199a,miRNA,41,1292.74712479152,0,19,13,0,0.64448236632537,36,0.222222222222222,0.779690189328744,-0.277535268414482,0.012994749919257,0.215652173913043,,,,,0.168922600834814,,0.952879581151833,0.29954411139044,0.403478260869565,,,5,0.599236514317711,170,70
EPAS1,TF,61,2056.57451122427,85,6,24,35,0.87514220705347,43,0.0465116279069768,0.440619621342513,-1.93675950359033,8.89711098525835e-92,0.929565217391304,3,1,1,,0.00189777763334641,0.00632111251580278,0.423932326597724,0.590008919950677,0.156521739130435,0.00185441248006363,0.367688022284123,7,0.599067019114224,171,56
hsa-miR-154,miRNA,4,6.66059532018624,5,0,0,0,0.271046643913538,3,0.333333333333333,0.896729776247849,-0.617509987515606,1.64702354697448e-14,0.52,,,,,-0.172304785110081,,0.958115183246073,0.359651620415674,0.344347826086957,,,5,0.598047885898883,172,71
SPI1,TF,36,2391.59819056732,33,3,0,0,0.804038680318544,17,0.117647058823529,0.598967297762479,0.616247741048154,2.60352024211051e-09,0.465217391304348,3,0.666666666666667,0.47329650092081,0.521126951388138,-0.0537367864966225,0.00252844500632111,0.465443655088798,0.111726538850927,0.659130434782609,-0.109360526872612,0.71866295264624,7,0.59782241611769,173,57
TGFBR2,Gene,72,0,693,0,0,35,0.671217292377702,66,0.393939393939394,0.924268502581756,-2.40997872986934,6.45316366596637e-104,0.959130434782609,3,1,1,0.294451871657754,0.00749320417829062,0.00379266750948167,0.304205373969331,0.627228234349445,0.12695652173913,0.0689343502834179,0.186629526462396,7,0.59605823598756,174,46
hsa-miR-340,miRNA,34,94.4885826017065,0,0,7,0,0.483788395904437,33,0.0606060606060606,0.463855421686747,0.858648876404495,1.94138652841072e-26,0.66,,,,,-0.0206114828776527,,0.399650959860384,0.00266940267048388,0.970434782608696,,,5,0.595545912012053,175,72
ANPEP,Gene,6,18.7435241072179,15,0,0,0,0.338737201365188,3,0,0.20223752151463,-1.88821115002639,3.65556233731441e-24,0.786086956521739,3,1,1,0.757267840635155,0.0720646920360499,0.0101137800252845,0.799460841424986,0.16494524363109,0.570434782608696,-0.0267429241078864,0.47075208913649,7,0.595387056081675,176,47
FGL2,Gene,12,0,0,0,0,1,0.231513083048919,11,0,0.20223752151463,-1.57121879447936,1.28281211954607e-33,0.805217391304348,3,1,1,0.521978291923001,0.0462724654447768,0.00379266750948167,0.501154504600835,0.0121982654156489,0.925217391304348,-0.0350051859160038,0.495821727019499,7,0.594451659827511,177,48
hsa-miR-26a,miRNA,41,839.942640786424,0,8,4,0,0.622866894197952,34,0.264705882352941,0.819277108433735,-0.306844569288389,1.62374448823668e-05,0.304347826086957,,,,,0.0787561556879075,,0.713787085514834,0.204866784911714,0.506086956521739,,,5,0.593273174151043,178,73
hsa-miR-210,miRNA,13,102.428426175036,0,0,0,0,0.366609783845279,7,0.285714285714286,0.844234079173838,1.48003995006242,8.9119038259476e-28,0.770434782608696,,,,,0.00781325410236897,,0.235602094240838,0.075194175833642,0.746086956521739,,,5,0.592593539278078,179,74
hsa-miR-125a,miRNA,18,223.196283077712,0,0,0,0,0.445392491467577,13,0.153846153846154,0.675559380378657,-0.451951935081149,3.3026800501835e-10,0.428260869565217,,,,,0.0647598361064173,,0.655322862129145,0.0699021401565825,0.756521739130435,,,5,0.592211468534206,180,75
THBS2,Gene,29,0,19,0,0,0,0.47127417519909,28,0.0357142857142857,0.424268502581756,0.763692046890244,1.58926272061896e-07,0.486086956521739,3,1,1,0.677246831385485,0.0803187680632552,0.00884955752212389,0.765120932739527,0.0213395194607871,0.878260869565217,0.0906289399139251,0.119777158774373,7,0.5921126564831,181,49
GAD1,Gene,12,60.7343045455693,6,0,0,0,0.432025028441411,7,0,0.20223752151463,0.95756808840698,1.6194216242996e-05,0.5,2,1,1,,0.0724923258517844,0.00379266750948167,0.614970504665888,0.106263477993005,0.678260869565217,-0.108288496598486,0.713091922005571,7,0.591512263741817,182,50
hsa-miR-222,miRNA,34,1030.55181369195,145,1,3,0,0.812286689419795,22,0.181818181818182,0.722030981067126,-0.227951310861423,0.0426324718749335,0.177391304347826,,,,,,,,0.118704584114149,0.643478260869565,,,4,0.588796808926078,183,76
hsa-miR-30c,miRNA,34,477.108694372887,109,0,1,0,0.771899886234357,31,0.129032258064516,0.629948364888124,-0.435662089055347,2.36937988577794e-08,0.40695652173913,,,,,-0.00524453702500127,,0.181500872600349,0.00660962147801951,0.949565217391304,,,5,0.587974172570653,184,77
hsa-miR-202,miRNA,10,54.7707281261495,0,0,0,0,0.303754266211604,6,0.166666666666667,0.700516351118761,-0.569150436953808,1.59271981987009e-12,0.48695652173913,,,,,0.0368034807978396,,0.50087260034904,0.00806232917503768,0.944347826086956,,,5,0.587289513101098,185,78
XBP1,TF,7,673.168038868112,14,0,0,0,0.518202502844141,1,0,0.20223752151463,0.879680228374035,1.58533415124358e-09,0.533913043478261,3,1,1,0.582958764901309,-0.0373697294076866,0.00505689001264223,0.564009656029329,0.010549953463354,0.932173913043478,0.0125688147520832,0.350974930362117,7,0.585930223895994,186,58
hsa-miR-302a,miRNA,29,143.838059059765,97,1,4,0,0.6726393629124,24,0.125,0.618760757314974,0.00310861423220974,0.541026559530311,0.0260869565217391,,,,,0.0541477330040294,,0.613438045375218,3.41387252674878e-05,0.998260869565217,,,5,0.58583719833791,187,79
DAB2,Gene,21,0,0,0,0,0,0.295221843003413,19,0.105263157894737,0.572289156626506,-1.0937450622911,6.88496332076264e-34,0.737391304347826,3,1,1,0.805128734914545,0.0618804190408648,0.00884955752212389,0.807738302872895,0.230873836348068,0.481739130434783,0.0553746563108308,0.206128133704735,7,0.58578683871288,188,51
CDH11,Gene,28,207.268618693257,0,0,0,5,0.498009101251422,27,0.0740740740740741,0.501721170395869,1.10884197732252,2.94908858370496e-17,0.652173913043478,3,1,1,0.803916189156416,0.000415923183103961,0.00505689001264223,0.531439758227708,0.240466307983691,0.471304347826087,-0.0194166433027004,0.442896935933148,7,0.585363603811102,189,52
hsa-miR-148b,miRNA,21,36.0957085965086,0,1,1,0,0.377417519908988,20,0.05,0.444061962134251,1.09860205992509,1.69067488611234e-36,0.748695652173913,,,,,0.0180783599809348,,0.366492146596859,0.00151658279679477,0.982608695652174,,,5,0.583855195293237,190,80
VDR,TF,30,264.287672509357,7,0,2,18,0.625995449374289,15,0.0666666666666667,0.482788296041308,0.629973132466536,6.12257889771689e-14,0.516521739130435,3,1,1,0.490061736053826,-0.00998556770723974,0.00252844500632111,0.338661647174348,0.24723158129886,0.462608695652174,-0.0895302711959832,0.657381615598886,7,0.583422491853063,191,59
hsa-miR-758,miRNA,9,176.382628271764,26,0,0,0,0.487485779294653,8,0.125,0.618760757314974,-1.15976279650437,2.28775721951423e-25,0.707826086956522,,,,,-0.172085359450983,,0.956369982547993,0.599991138702553,0.146086956521739,,,5,0.583305912527176,192,81
hsa-miR-493,miRNA,18,152.634878752965,0,0,1,0,0.426052332195677,17,0.0588235294117647,0.458691910499139,0.947589263420724,3.15477177399241e-22,0.655652173913043,,,,,-0.117744341132631,,0.835951134380454,0.18019357683802,0.537391304347826,,,5,0.582747771067228,193,82
hsa-miR-200b,miRNA,80,3316.41644269425,664,0,44,0,0.962741751990899,51,0.254901960784314,0.814113597246127,1.15841011235955,1.03166049194827e-22,0.686956521739131,,,,,0.00985785018257457,,0.268760907504363,0.557814880165225,0.180869565217391,,,5,0.582688468739582,194,83
hsa-miR-181a,miRNA,52,1043.28948344658,259,9,11,0,0.878270762229807,43,0.186046511627907,0.728055077452668,0.402314606741573,5.2219008874938e-07,0.372173913043478,,,,,-0.020771769264576,,0.402268760907504,0.183127380288663,0.532173913043478,,,5,0.582588485335387,195,84
PTN,Gene,4,31.2015248030442,0,0,0,0,0.208759954493743,2,0,0.20223752151463,-3.12874554206848,1.28393830324383e-52,0.927826086956522,3,1,1,0.720367701477292,-0.0832726788082537,0.00252844500632111,0.630411803380584,0.0551005216157615,0.787826086956522,0.0212526370006587,0.317548746518106,7,0.582087171402872,196,53
KLF10,Gene,35,18.7581372585506,0,0,0,0,0.428327645051195,34,0.0294117647058824,0.41394148020654,-1.23054678629116,3.9590917677169e-60,0.818260869565217,3,1,1,0.105575165605719,-0.00345379007921033,0.00505689001264223,0.270212659498185,0.191594986325223,0.523478260869565,-0.0803032981663802,0.615598885793872,7,0.581402828712082,197,54
F8,Gene,4,583.276773236956,104,0,0,1,0.544368600682594,1,0,0.20223752151463,-1.82649714532457,1.66211947934086e-91,0.913913043478261,3,1,1,0.133641674780915,-0.0168967815907675,0.0303413400758534,0.457379929236365,0.0469239720089078,0.812173913043478,0.0845698844547957,0.139275766016713,7,0.581335539138863,198,55
hsa-miR-17,miRNA,75,1619.17241752743,0,2,62,0,0.696245733788396,52,0.269230769230769,0.824440619621343,0.618891697877653,4.16117630332518e-07,0.442608695652174,,,,,-0.100771736481217,,0.792321116928447,0.6006789084879,0.142608695652174,,,5,0.579644972328507,199,85
hsa-miR-181c,miRNA,41,311.471006496072,242,2,10,0,0.79778156996587,35,0.0571428571428571,0.454388984509467,0.517543071161048,2.5362117548154e-06,0.40695652173913,,,,,0.0194785055678322,,0.387434554973822,0.0325149589533335,0.848695652173913,,,5,0.579051456672441,200,86
TAL1,TF,13,283.854427488911,1,0,0,0,0.500853242320819,6,0.166666666666667,0.700516351118761,-2.12015696716723,1.21067406803651e-82,0.938260869565217,3,0.666666666666667,0.47329650092081,,0.157407711339313,0,0.503663479151342,0.457615553906866,0.253913043478261,-0.0970784779606426,0.682451253481894,7,0.578993534291015,201,60
hsa-miR-485,miRNA,11,163.464401406015,122,0,0,0,0.569397042093288,10,0,0.20223752151463,-0.640038389513109,1.25678374031526e-23,0.592173913043478,,,,,-0.158171499516155,,0.931937172774869,0.151482340453222,0.596521739130435,,,5,0.57845347771134,202,87
NRP1,Gene,39,85.2181371078435,9,0,0,5,0.611490329920364,38,0.210526315789474,0.761617900172117,-1.18452302131811,8.29369953947685e-41,0.767826086956522,3,0.666666666666667,0.47329650092081,0.749104112631418,0.0129415029897309,0.00632111251580278,0.625901810187953,0.145256807154572,0.60695652173913,0.0604456206645895,0.200557103064067,7,0.578235178994423,203,56
YY1,TF,29,2555.87595055898,425,8,1,0,0.857224118316269,11,0.181818181818182,0.722030981067126,0.175224215963793,6.62852594354065e-06,0.258260869565217,3,1,1,0.248226338198305,-9.09724424801757e-05,0.00126422250316056,0.109720256845964,0.632623137086488,0.121739130434783,-0.79061048970926,0.977715877437326,7,0.578098747666669,204,61
hsa-miR-31,miRNA,34,405.7921466272,0,0,3,0,0.563424345847554,21,0.142857142857143,0.657487091222031,-0.248364544319601,0.081659532351106,0.176521739130435,,,,,,,,0.0161358805771165,0.906086956521739,,,4,0.57588003318044,205,88
hsa-miR-96,miRNA,54,1665.16297187619,730,1,23,0,0.926621160409556,38,0.105263157894737,0.572289156626506,1.49718258426966,4.66469259995359e-83,0.887826086956522,,,,,0.00407693672458354,,0.155322862129145,0.362656686976159,0.335652173913044,,,5,0.575542288006955,206,89
ETS2,TF,7,289.942025442898,75,0,0,0,0.531001137656428,2,0.5,0.957831325301205,-1.41618744902365,9.89200251106729e-60,0.844347826086957,3,1,1,,-0.00774577176942967,0.00632111251580278,0.498975956615176,0.760173842999928,0.0486956521739131,0.0828619639433132,0.144846796657382,7,0.575099813498723,207,62
DNAJB4,Gene,33,0,0,0,0,1,0.357224118316269,32,0,0.20223752151463,-1.59767323961682,1.4311131882282e-82,0.895652173913044,3,1,1,0.626021216982222,0.00549905715152305,0.00252844500632111,0.39773992265751,0.154031646101796,0.587826086956522,-0.0637506218590997,0.582172701949861,7,0.574693217901119,208,57
SMAD6,Gene,27,16.2570978639423,141,0,0,0,0.589021615472127,26,0,0.20223752151463,-0.638386028882598,6.68029743408353e-12,0.5,3,1,1,,0.0268198992545058,0.00126422250316056,0.336838157875759,0.16735910795749,0.565217391304348,-0.1875655593833,0.824512534818942,7,0.573975317283687,209,58
hsa-miR-18a,miRNA,53,994.218883081336,0,0,16,0,0.651592718998862,31,0.161290322580645,0.685025817555938,0.691317415730337,2.4485658091755e-08,0.482608695652174,,,,,-0.0933667850402722,,0.760907504363002,0.409315196418324,0.288695652173913,,,5,0.573766077748778,210,90
hsa-miR-503,miRNA,27,402.795358567608,29,0,10,0,0.671217292377702,17,0.0588235294117647,0.458691910499139,0.732487203495632,3.3026800501835e-10,0.508260869565218,,,,,0.103546375852364,,0.797556719022688,0.273245858561645,0.426086956521739,,,5,0.572362749597297,211,91
PAX5,TF,6,162.534010279036,18,1,1,0,0.434015927189989,2,0,0.20223752151463,0.330574453453598,0.113954200965123,0.198260869565217,3,1,1,,0.151866574894926,0.00632111251580278,0.840162693089871,0.0901753772620911,0.707826086956522,-0.0813682528160511,0.623955431754875,7,0.572351218581586,212,63
hsa-miR-133b,miRNA,23,165.42942979449,0,0,0,0,0.453640500568828,20,0.15,0.668674698795181,-0.424957553058677,4.99602658973534e-09,0.406086956521739,,,,,-0.113774208587894,,0.825479930191972,0.205301866649996,0.504347826086957,,,5,0.571645982432935,213,92
MME,Gene,17,0,0,0,0,2,0.274459613196815,14,0,0.20223752151463,-4.22747005389499,1.99236332373729e-107,0.98695652173913,3,1,1,0.769027022284427,0.151772634146015,0.00632111251580278,0.840733861552872,0.428040040138624,0.269565217391304,-0.0145149705444822,0.426183844011142,7,0.571448082772271,214,59
hsa-miR-185,miRNA,14,83.626242413772,0,0,1,0,0.366325369738339,10,0.3,0.864888123924269,0.653450686641699,5.02387254436069e-15,0.539130434782609,,,,,-0.0495133183413495,,0.584642233856894,0.210703448372053,0.500869565217391,,,5,0.5711711455039,215,93
CEBPB,TF,46,2997.41824300076,10,8,2,8,0.802332195676906,21,0.0952380952380952,0.546471600688468,-0.400681923587455,0.000117144815604522,0.326086956521739,3,0.666666666666667,0.47329650092081,0.783926593792206,9.7998849800468e-05,0,0.317684457053717,0.108301063582086,0.667826086956522,-0.224067558136405,0.855153203342618,7,0.569835857308683,216,64
NFKB2,TF,3,24.5961072171877,2,0,0,0,0.26905574516496,1,0,0.20223752151463,0.562166754625854,9.48088925784168e-15,0.507826086956522,3,1,1,0.547577031362418,0.000204769516299087,0.00758533501896334,0.428247191834196,0.00225542592906505,0.975652173913043,-0.0720933705857935,0.601671309192201,7,0.56924143265365,217,65
hsa-miR-152,miRNA,25,124.848323595761,0,1,1,0,0.447667804323094,22,0.136363636363636,0.648881239242685,-0.206325842696629,0.0451950376112513,0.162608695652174,,,,,0.062792047652748,,0.647469458987784,0.0102633937103716,0.935652173913043,,,5,0.568455874423756,218,94
POU5F1,TF,28,1960.04804055029,58,11,0,0,0.77929465301479,13,0.0769230769230769,0.508605851979346,-0.549567880503447,2.20641465307401e-05,0.390434782608696,3,0.666666666666667,0.47329650092081,,0.0104675185233329,0.00252844500632111,0.337458353165159,0.0306893774133136,0.855652173913044,-0.0818235566273692,0.629526462395543,7,0.567752682571055,219,66
hsa-miR-449b,miRNA,15,17.2713321777133,40,0,2,0,0.472127417519909,13,0.0769230769230769,0.508605851979346,0.412720973782772,4.81442503923885e-05,0.338260869565217,,,,,-0.0835898879934139,,0.733856893542757,0.0565295862845075,0.779130434782609,,,5,0.566396293477968,220,95
NTF3,Gene,10,0,52,0,0,3,0.372298065984073,9,0.222222222222222,0.779690189328744,-2.1464849110013,7.62163074964825e-35,0.858260869565218,3,0.666666666666667,0.47329650092081,,-0.0449756919309361,0.00126422250316056,0.389194178818167,0.311233843173469,0.398260869565217,-0.100111387592521,0.693593314763231,7,0.566370569849351,221,60
hsa-miR-377,miRNA,9,51.4208302298397,85,0,0,0,0.47127417519909,8,0.125,0.618760757314974,-0.909335205992509,2.12176165065695e-38,0.720869565217391,,,,,-0.131854609426422,,0.862129144851658,0.589658175157387,0.158260869565217,,,5,0.566258902429666,222,96
hsa-miR-373,miRNA,35,624.744432231938,193,1,15,0,0.80745164960182,27,0.259259259259259,0.817555938037866,-0.00659113607989996,0.67160879320883,0.0217391304347826,,,,,-0.0833860607023146,,0.731239092495637,0.254264399364713,0.452173913043478,,,5,0.566031944722717,223,97
TAGLN,Gene,4,0,0,0,0,0,0.131683731513083,1,0,0.20223752151463,-1.5589316157303,3.68434604575973e-36,0.814782608695652,3,1,1,0.81168074572209,0.258399906913934,0.00252844500632111,0.771334964276597,0.25845993747999,0.44695652173913,-0.0664492635548018,0.590529247910864,7,0.565360656521422,224,61
hsa-miR-296,miRNA,6,28.5022073023441,0,0,1,0,0.229806598407281,4,0.25,0.803786574870912,-0.580326466916354,6.24523043941368e-09,0.455217391304348,,,,,-0.114877214621517,,0.828970331588133,0.204563751758522,0.507826086956522,,,5,0.565121396625439,225,98
S100B,Gene,2,18.9517767303316,0,0,0,0,0.169795221843003,1,0,0.20223752151463,-4.48838714836316,7.44994056104415e-77,0.975652173913043,3,1,1,0.78410784446552,-0.0421561917760734,0.00252844500632111,0.603831606740275,0.00174247825244991,0.979130434782609,0.142573428682618,0.0250696378830084,7,0.565102370953795,226,62
SEMA6A,Gene,27,0,7,0,0,5,0.43259385665529,24,0.0833333333333333,0.525817555938038,-1.9932423355563,9.694875322421e-48,0.879130434782609,3,1,1,,0.00923480110617203,0.0101137800252845,0.579741969913317,0.349893737673292,0.35304347826087,0.069428053231291,0.183844011142061,7,0.564881615241741,227,63
MYD88,Gene,3,463.746448833358,50,0,0,1,0.491183162684869,2,0,0.20223752151463,0.501950454988886,1.4276903675509e-23,0.554782608695652,3,1,1,0.596776051545048,0.00475764405489217,0,0.26516325250614,0.0135458087508126,0.918260869565217,-0.041220898385113,0.518105849582173,7,0.56424760922124,228,64
hsa-miR-495,miRNA,25,470.661848530685,81,1,0,0,0.703640500568828,24,0,0.20223752151463,-0.858496878901373,3.01401063166819e-42,0.71304347826087,,,,,-0.132594748544853,,0.863874345549738,0.364393772703898,0.332173913043478,,,5,0.562993951787509,229,99
FGF7,Gene,34,73.4279929194415,297,0,0,18,0.698805460750853,31,0.0645161290322581,0.475043029259897,-2.0763899150794,1.9055527442429e-53,0.900869565217391,3,1,1,,0.0134241991998495,0.00379266750948167,0.432597031716499,0.509662663420004,0.203478260869565,0.050672043182336,0.22841225626741,7,0.562743657725945,230,65
SP1,TF,119,12758.5420348804,2271,210,16,0,0.994311717861206,28,0.357142857142857,0.910499139414802,-0.337547697868189,1.6706644889462e-14,0.427826086956522,3,0.333333333333333,0.138121546961326,0.205977692140243,-0.00485903440357031,0.00505689001264223,0.304168663204043,0.395097863726371,0.297391304347826,-0.241908938046461,0.863509749303621,7,0.562261172578478,231,67
RUNX1,TF,39,2863.69570418823,2,13,1,0,0.75028441410694,18,0.388888888888889,0.920826161790017,0.225439156231508,0.00853197084210584,0.198260869565217,3,0.333333333333333,0.138121546961326,0.435158135415068,-0.056280541810623,0.0404551201011378,0.640801513824942,0.00561102631465022,0.951304347826087,0.0202472013780115,0.331476323119777,7,0.561582168170615,232,68
FHL1,Gene,5,54.9451905136848,6,0,0,0,0.339874857792947,4,0.25,0.803786574870912,-4.33502190983384,4.49680734422326e-142,0.995652173913044,3,1,1,0.797815984573759,-0.00933816255627906,0.00252844500632111,0.51898468885089,0.568697707087572,0.173913043478261,0.101786754757137,0.0919220055710306,7,0.560590477782441,233,66
UGCG,Gene,36,0,0,0,0,7,0.372298065984073,35,0,0.20223752151463,0.306718322698268,0.0607908034291987,0.198260869565217,3,1,1,0.557576332362225,0.0201690009315829,0.00379266750948167,0.466465947515536,0.0216419245562222,0.876521739130435,-0.173359123149175,0.807799442896936,7,0.560511940943832,234,67
hsa-miR-30d,miRNA,47,907.729929369235,251,0,10,0,0.862627986348123,38,0.0526315789473684,0.448364888123924,-0.0712674781523097,0.392282312421827,0.0643478260869565,,,,,0.0957746189176312,,0.769633507853403,0.113493017516236,0.655652173913043,,,5,0.56012527646509,235,100
MYL9,Gene,5,37.549251963659,0,0,0,0,0.227815699658703,3,0,0.20223752151463,-1.6132337795263,1.37725165615049e-48,0.851304347826087,3,1,1,0.703352758691932,0.139174153621412,0.00126422250316056,0.617904027197662,0.422125309392039,0.274782608695652,-0.119556998047505,0.740947075208914,7,0.55928446858595,236,68
KLF2,TF,11,186.300099426564,0,0,0,0,0.375995449374289,5,0,0.20223752151463,-1.51098546274529,2.25301647442734e-38,0.815652173913044,3,1,1,0.214442815249267,0.00708615204298288,0,0.125654925097871,0.0761534567906679,0.740869565217391,-0.0890141728372293,0.651810584958217,7,0.55888860286792,237,69
hsa-miR-27b,miRNA,55,983.749200482365,200,0,26,0,0.872866894197952,45,0.111111111111111,0.585197934595525,0.226561173533084,0.010532269085582,0.198260869565217,,,,,0.0232715589930245,,0.420593368237347,0.0881130988895029,0.714782608695652,,,5,0.558340335058339,238,101
TLR4,Gene,30,1955.94510223515,487,0,0,2,0.859499431171786,27,0.111111111111111,0.585197934595525,-1.61483543635753,1.6512599700522e-54,0.86695652173913,3,0.666666666666667,0.47329650092081,,0.0743149823071479,0.0151706700379267,0.819746729551584,0.596227475948568,0.151304347826087,0.0807950988544184,0.15041782729805,7,0.55805989901471,239,69
POSTN,Gene,6,0,68,0,0,0,0.329635949943117,4,0,0.20223752151463,1.80196132994291,9.35563692536721e-30,0.807826086956522,3,1,1,0.67712150876441,0.0832780257810131,0.00758533501896334,0.752761157030729,0.263432065623319,0.438260869565217,-0.00280831391835888,0.373259052924791,7,0.557711519705001,240,70
MTA1,TF,7,184.336470239783,39,0,0,0,0.482081911262799,1,1,1,0.173100961154025,0.00423939299552992,0.188695652173913,3,1,1,0.350636637970696,0.00902779960136907,0,0.171583149230478,0.00683750163270748,0.947826086956522,0.0947817560531247,0.11142061281337,7,0.557372487491012,241,70
hsa-miR-22,miRNA,27,864.30163048132,0,0,3,0,0.562855517633675,17,0.235294117647059,0.790877796901893,0.155332397003745,0.0451950376112513,0.14,,,,,0.0411316404764312,,0.532286212914485,0.0679135936064421,0.76,,,5,0.557203905490011,242,102
hsa-miR-26b,miRNA,27,83.9683436446663,0,1,1,0,0.444539249146758,26,0.153846153846154,0.675559380378657,-0.301537453183521,0.00150488417738206,0.259130434782609,,,,,0.103909317027539,,0.799301919720768,0.146135071260979,0.605217391304348,,,5,0.556749675066628,243,103
hsa-miR-126,miRNA,10,31.039129021589,0,0,0,0,0.285551763367463,6,0.333333333333333,0.896729776247849,-1.02817197253433,1.36717944788172e-23,0.678695652173913,,,,,0.0717139468781138,,0.682373472949389,0.476107750522254,0.238260869565217,,,5,0.556322306860766,244,104
FLI1,TF,5,81.5561672073427,29,0,0,0,0.402730375426621,1,0,0.20223752151463,-1.3113584896608,4.90813573522263e-47,0.801739130434783,3,1,1,0.619752944276789,0.000450384211224453,0.00379266750948167,0.387615912683341,0.142334744472861,0.612173913043478,-0.0323493290841531,0.487465181058496,7,0.556280290594478,245,71
STAT4,TF,4,114.293765729934,0,0,0,0,0.261092150170648,1,0,0.20223752151463,-1.03944121927426,8.2106306873359e-12,0.592173913043478,3,1,1,0.63965695647185,-0.0020610749032588,0.0151706700379267,0.559999783949579,0.00381555329425018,0.961739130434783,0.0214210875415607,0.314763231197772,7,0.556000818615841,246,72
hsa-miR-25,miRNA,45,567.450534047306,63,0,6,0,0.785551763367463,37,0.108108108108108,0.576592082616179,0.148605493133583,0.0108845468278723,0.16,,,,,0.152442592953671,,0.916230366492147,0.361801453018121,0.340869565217391,,,5,0.555848755538636,247,105
hsa-miR-424,miRNA,52,1086.23355653192,29,0,26,0,0.79806598407281,40,0.125,0.618760757314974,0.114767166042447,0.34059261672503,0.0843478260869565,,,,,0.0977734295580063,,0.776614310645724,0.220119083490914,0.490434782608696,,,5,0.553644732145832,248,106
MITF,TF,35,2877.17988187414,50,4,1,0,0.814562002275313,19,0,0.20223752151463,-1.27898031313471,7.94661487963496e-37,0.774782608695652,3,1,1,0.544732479002826,-0.0874746132556896,0.00379266750948167,0.574000474479964,0.794584550686952,0.0347826086956522,-0.0270295480482892,0.473537604456825,7,0.553414688588291,249,73
hsa-miR-30e,miRNA,37,324.685738174954,109,0,4,0,0.75938566552901,33,0.0606060606060606,0.463855421686747,-0.244179151061174,0.000230576927636697,0.258260869565217,,,,,0.0258672908704881,,0.43979057591623,0.0367615433862512,0.836521739130435,,,5,0.551562854365528,250,107
FOSL1,Gene,25,797.579898355547,18,0,0,3,0.67349260523322,21,0.0952380952380952,0.546471600688468,-0.747261510659054,4.80801864085437e-06,0.460869565217391,3,0.666666666666667,0.47329650092081,0.713765182186235,-0.0233419478205295,0.00126422250316056,0.471350259934179,0.362697698975772,0.333913043478261,-0.279822380488007,0.896935933147632,7,0.550904215517137,251,71
SIRT1,TF,12,1123.24986116375,68,3,0,0,0.650455062571104,3,0.333333333333333,0.896729776247849,-0.552728334053,2.42190779630631e-20,0.544347826086957,3,0.666666666666667,0.47329650092081,0.578439475247657,0.00122560890710313,0.00505689001264223,0.408270243939326,0.283817327559187,0.419130434782609,-0.021460499000802,0.459610027855153,7,0.55026283891483,252,74
hsa-miR-10b,miRNA,9,24.4261133427314,0,0,2,0,0.262514220705347,6,0.166666666666667,0.700516351118761,-1.89337265917603,2.30523995049809e-78,0.914782608695652,,,,,-0.0155703283017027,,0.345549738219895,0.191328409074574,0.52695652173913,,,5,0.550063888095757,253,108
ASS1,Gene,8,0,0,0,0,1,0.185722411831627,6,0,0.20223752151463,-1.21991340018231,2.51714275396915e-12,0.617391304347826,3,1,1,0.883311091410942,0.0302275001624854,0.00379266750948167,0.665526555534841,0.379089126258663,0.32,-0.225887868827358,0.857938718662953,7,0.549830930270268,254,72
FBN1,Gene,34,121.891767853106,433,0,0,7,0.7306598407281,33,0.121212121212121,0.607573149741825,-0.603349405875673,4.58949574667328e-05,0.397391304347826,3,0.666666666666667,0.47329650092081,0.661642420539616,0.118354615667923,0.0176991150442478,0.826163990935616,0.195808815249414,0.516521739130435,0.0301088582856983,0.289693593314763,7,0.548757159874197,255,73
EGR3,TF,7,28.6028695882383,0,0,0,0,0.246018202502844,3,0,0.20223752151463,-2.65665083401302,6.86827779172749e-46,0.903478260869565,3,1,1,,0.002563155560545,0.00379266750948167,0.324394588435521,0.00298288044161404,0.96695652173913,0.0669955864331852,0.197771587743733,7,0.548693811829346,256,75
hsa-miR-494,miRNA,20,1346.25834672325,112,0,4,0,0.744596131968146,16,0.0625,0.469879518072289,-0.78688077403246,5.92949680828982e-18,0.599130434782609,,,,,-0.0987475165012929,,0.779232111692845,0.598189703411419,0.149565217391304,,,5,0.548480682781439,257,109
PTGER4,Gene,14,0,0,0,0,8,0.25,11,0,0.20223752151463,-1.72182827168194,3.81548251118854e-53,0.868695652173913,3,1,1,,0.018979742339856,0.00126422250316056,0.305424545310314,0.123516203945332,0.634782608695652,-0.0618982843149279,0.573816155988858,7,0.547850926240481,258,74
ADAMTS5,Gene,72,127.197753115508,8,0,0,1,0.67349260523322,71,0.0140845070422535,0.406196213425129,-3.54220753570343,4.54900158566112e-134,0.987826086956522,3,1,1,-0.0100966722975959,0.165470973648483,0.00758533501896334,0.591118226529935,0.714002111553828,0.0660869565217391,0.0990425540298167,0.100278551532033,7,0.546428377171226,259,75
ZBTB16,TF,7,48.6902731186499,0,0,0,0,0.263651877133106,3,0,0.20223752151463,-4.44189592029299,8.33585871678005e-75,0.970434782608696,3,1,1,,0.0382110824559124,0.00505689001264223,0.588500425482815,0.0759132494733612,0.742608695652174,0.125077791126973,0.0501392757660167,7,0.545367511165348,260,76
hsa-miR-128,miRNA,36,181.333448803567,0,4,1,0,0.526734926052332,35,0.142857142857143,0.657487091222031,0.394361423220974,1.0435578924372e-07,0.376521739130435,,,,,-0.0147145866258002,,0.336823734729494,0.0408204690280579,0.827826086956522,,,5,0.545078715618163,261,110
hsa-miR-146a,miRNA,38,955.065261458523,0,0,3,0,0.61575654152446,20,0.1,0.562822719449225,0.239278401997503,0.0431814780177132,0.180869565217391,,,,,-0.203616277784999,,0.980802792321117,0.325492341536301,0.382608695652174,,,5,0.544572062832873,262,111
hsa-miR-99a,miRNA,8,39.3020940946423,0,0,0,0,0.270762229806598,5,0.2,0.746987951807229,-1.99379993757803,4.3938499596466e-69,0.915652173913043,,,,,-0.00633203525571657,,0.205933682373473,0.160181022161422,0.582608695652174,,,5,0.544388946710504,263,112
hsa-miR-363,miRNA,40,330.349951853954,62,0,5,0,0.743458475540387,34,0.0294117647058824,0.41394148020654,0.262940699126092,0.137579560369092,0.169565217391304,,,,,-0.0393052010485724,,0.516579406631763,0.0234631469121829,0.874782608695652,,,5,0.543665437693129,264,113
hsa-miR-302c,miRNA,33,125.834629829809,89,1,4,0,0.676621160409556,29,0.0344827586206897,0.421686746987952,0.000589887640449438,0.851044166878772,0.00608695652173913,,,,,0.0541477330040294,,0.613438045375218,3.32964929058407e-05,1,,,5,0.543566581858893,265,114
ADAMTS1,Gene,16,0,0,0,0,2,0.267349260523322,14,0,0.20223752151463,-2.62186553439204,7.19654516926848e-75,0.94695652173913,3,1,1,0.470893047304966,0.0570439629100048,0.00758533501896334,0.594982086511693,0.391592471840164,0.302608695652174,-0.0331095848422913,0.49025069637883,7,0.543483540331397,266,76
IER3,Gene,8,0,0,0,0,7,0.185722411831627,3,0,0.20223752151463,1.19041292840122,2.06812894677747e-21,0.685217391304348,3,1,1,,-0.0102064606207663,0.00126422250316056,0.252195924018865,0.101083242770293,0.690434782608696,-0.161665216926568,0.788300835654596,7,0.543444123847537,267,77
IGFBP5,Gene,24,0,0,0,0,1,0.306598407281001,23,0.0434782608695652,0.437177280550775,-0.568447600313455,0.00119496593990285,0.360869565217391,3,1,1,0.809885583852642,0.0407343509382136,0.00379266750948167,0.662941073019166,0.122030421914093,0.638260869565217,-0.00898754770356891,0.395543175487465,7,0.543055767303002,268,78
LDHA,Gene,12,44.793154450573,17,0,0,2,0.447383390216155,7,0.285714285714286,0.844234079173838,0.414604343584577,6.87118291690863e-10,0.411304347826087,3,0.666666666666667,0.47329650092081,0.735583713538001,-0.00839547188160476,0.00379266750948167,0.524014479176924,0.55604551796304,0.182608695652174,-0.289204900125464,0.902506963788301,7,0.540764065250613,269,79
hsa-miR-372,miRNA,31,275.802776153322,193,1,9,0,0.746587030716724,25,0.12,0.603270223752151,0.0544747191011236,0.135265575020617,0.0826086956521739,,,,,-0.0792122459693779,,0.718150087260035,0.175227712649465,0.55304347826087,,,5,0.540731903128391,270,115
FST,Gene,26,0,20,0,0,5,0.45164960182025,22,0,0.20223752151463,-1.05416910553503,6.94388342595787e-10,0.573913043478261,3,1,1,0.783098496138735,0.0238999003423025,0.00379266750948167,0.613321354405847,0.29796149000655,0.408695652173913,-0.048162001374709,0.534818941504178,7,0.540662302128154,271,80
DDR2,Gene,11,0,0,0,0,0,0.220420932878271,10,0,0.20223752151463,-2.61765596763102,7.79516524031793e-59,0.926956521739131,3,1,1,0.584256222632289,0.166250694680336,0.0101137800252845,0.789908919908744,0.632421600409521,0.123478260869565,-0.0428554322514973,0.520891364902507,7,0.540556217401835,272,81
SPARC,Gene,11,25.7810886014911,265,0,0,0,0.514220705346985,10,0.5,0.957831325301205,0.194997761038878,0.0988641740046155,0.148695652173913,3,0.666666666666667,0.47329650092081,0.823041671328632,0.194939991767407,0.00126422250316056,0.714162977635398,0.0951715597726949,0.700869565217391,0.0346870148363705,0.272980501392758,7,0.540293889712637,273,82
SOX9,TF,6,278.109703795372,27,0,0,0,0.476678043230944,2,0.5,0.957831325301205,-0.31108525644101,0.033824141369236,0.211304347826087,3,0.333333333333333,0.138121546961326,0.772807023503869,0.0136269101308157,0.00632111251580278,0.64743313402682,0.270593432162902,0.429565217391304,-0.304887063136621,0.910863509749304,7,0.538828160640999,274,77
APEX1,TF,4,118.757012530384,4,0,0,0,0.355233219567691,2,0,0.20223752151463,0.243597050968351,5.79988470386604e-08,0.323478260869565,3,1,1,0.614191817811826,-0.00368388342018915,0.00379266750948167,0.421105093157202,0.0627750942212317,0.76695652173913,-0.0980972844347223,0.685236768802228,7,0.536321055092921,275,78
hsa-miR-483,miRNA,7,4.57876364830538,0,0,1,0,0.213026166097838,6,0.166666666666667,0.700516351118761,-1.46714950062422,6.3602449991685e-36,0.8,,,,,-0.0700733643138782,,0.671902268760908,0.397334550283975,0.295652173913044,,,5,0.53621939197811,276,116
MEF2C,TF,7,369.219595660767,4,1,0,0,0.4613196814562,2,0,0.20223752151463,-1.35304602664364,4.4913094989728e-53,0.820869565217391,3,1,1,0.381934851989593,0.0621354162302799,0.00252844500632111,0.421418633363563,0.167872208874554,0.563478260869565,0.0332988402379475,0.28133704735376,7,0.535808672825016,277,79
FMN2,Gene,9,0,0,0,0,3,0.196814562002275,8,0,0.20223752151463,-1.68635800988341,1.34882180908016e-25,0.780869565217391,3,1,1,,0.242607127108863,0.0240202275600506,0.981358083452324,0.356003636142435,0.349565217391304,0.045436439517892,0.233983286908078,7,0.534975462355143,278,83
PEG3,Gene,11,0,29,0,0,2,0.364050056882821,10,0,0.20223752151463,-1.91306233907467,3.99457460998488e-16,0.734782608695652,3,1,1,0.631977252006707,-0.00634526247245471,0.0202275600505689,0.601411218798001,0.0586526784023501,0.772173913043478,0.111167991987829,0.0668523676880223,7,0.534501098088944,279,84
PBX1,TF,5,59.0801437884489,0,0,0,0,0.242605233219568,2,0.5,0.957831325301205,0.425691039357738,4.3409653553757e-05,0.345217391304348,3,1,1,0.470882911813133,-0.000593592876641139,0.00252844500632111,0.250151962387758,0.072335319368999,0.75304347826087,0.0684146910902742,0.18941504178273,7,0.53403777603664,280,80
LIF,Gene,40,269.164761383494,463,0,0,0,0.79806598407281,39,0.0769230769230769,0.508605851979346,-1.09432887140367,2.09772278276526e-13,0.614782608695652,3,0.333333333333333,0.138121546961326,,5.6230859222739e-05,0.00252844500632111,0.196969696969697,0.041339241829926,0.824347826086957,-0.0892977847327452,0.654596100278552,7,0.533641373577763,281,85
ASCL1,Gene,6,69.5475724681067,7,0,0,0,0.36547212741752,5,0,0.20223752151463,1.63820555262358,6.48618226983571e-08,0.635652173913044,3,1,1,,0.126815331745437,0,0.467014264491656,0.131676553411262,0.624347826086957,-0.0169858313542191,0.434540389972145,7,0.532752043342279,282,86
HRK,Gene,38,0,190,0,0,0,0.593856655290102,37,0,0.20223752151463,0.186623886516656,0.128795453418584,0.138260869565217,3,1,1,,0.0607425428378113,0,0.356194020163559,0.171869042329282,0.56,-0.261931905422002,0.877437325905292,7,0.532569484634114,283,87
ID1,Gene,10,96.1926022629603,146,0,0,5,0.539249146757679,6,0.166666666666667,0.700516351118761,-1.23039245789953,7.21197489545232e-25,0.71304347826087,3,0.666666666666667,0.47329650092081,0.228723166867497,0.0281143500151652,0.00126422250316056,0.253157081298883,0.287863178326271,0.413913043478261,-0.0818366690941581,0.632311977715878,7,0.532212511364449,284,88
MT1E,Gene,4,0,0,0,0,0,0.131683731513083,3,0,0.20223752151463,-1.16612467814934,5.84701402878648e-13,0.616521739130435,3,1,1,0.644717254975276,0.117056817615581,0,0.523259044633346,0.399427894620094,0.292173913043478,-0.521848951431045,0.955431754874652,7,0.531615386387089,285,89
OPTN,Gene,4,27.442164257246,116,0,0,1,0.401023890784983,2,0,0.20223752151463,-0.781362567768555,4.16248632900083e-23,0.623478260869565,3,1,1,0.736532980544275,0.00253788179730485,0.00632111251580278,0.551605097341695,0.105904533192996,0.68,0.0367186451303088,0.261838440111421,7,0.531454744374614,286,90
FAS,Gene,30,0,0,0,0,34,0.34613196814562,14,0.0714285714285714,0.494836488812392,-0.848261206800044,1.18232809792255e-16,0.596521739130435,3,0.666666666666667,0.47329650092081,0.675503575073564,0.037272216787989,0.00126422250316056,0.477325597303738,0.164124739909336,0.575652173913043,-0.124703025440374,0.754874651810585,7,0.531234160005232,287,91
FOXO3,TF,15,955.982575040533,35,2,2,0,0.649317406143345,7,0,0.20223752151463,-0.58080642581842,1.28448315817874e-15,0.522608695652174,3,0.666666666666667,0.47329650092081,0.78475425984116,0.00330025062254202,0,0.361731024466583,0.144878043799635,0.610434782608696,-0.277781704341249,0.894150417827298,7,0.530539478447648,288,81
hsa-let-7c,miRNA,33,222.717712086588,0,0,5,0,0.521899886234357,27,0.111111111111111,0.585197934595525,-1.92012546816479,9.94677958303082e-54,0.888695652173913,,,,,-0.0209526205641497,,0.404886561954625,0.472625579778092,0.243478260869565,,,5,0.528831659165597,289,117
CHAC1,Gene,10,0,15,0,0,0,0.329920364050057,9,0,0.20223752151463,0.92284348062499,4.58519669402055e-10,0.550434782608696,3,1,1,,-0.0191948706255326,0,0.231412170250819,0.00237604424033466,0.972173913043478,-0.0120015345358837,0.415041782729805,7,0.528745790599641,290,92
BMP7,Gene,16,8.08114367114332,20,0,0,0,0.445392491467577,15,0.133333333333333,0.641135972461274,-0.775051895920293,0.000388831131744488,0.424347826086957,3,1,1,,0.0607544165691756,0,0.357066620512599,0.202612265070803,0.511304347826087,0.0211242310768919,0.32033426183844,7,0.528511645741848,291,93
hsa-let-7e,miRNA,38,223.19906646627,0,0,11,0,0.542946530147895,26,0.0384615384615385,0.429432013769363,-0.100230961298377,0.193682060912901,0.091304347826087,,,,,0.0647598361064173,,0.655322862129145,0.012425783733665,0.921739130434783,,,5,0.528148976861455,292,118
HBEGF,Gene,35,30.5437901749374,1052,0,0,34,0.695108077360637,29,0.103448275862069,0.569707401032702,-1.17325632906332,2.18218013721407e-30,0.733913043478261,3,0.666666666666667,0.47329650092081,,0.0187056035356818,0.00126422250316056,0.301934143914153,0.555000751688419,0.184347826086957,-0.117181158861769,0.738161559888579,7,0.528066936097443,293,94
hsa-miR-218,miRNA,19,96.9078446761132,0,1,1,0,0.408134243458476,16,0.125,0.618760757314974,-1.1487709113608,9.07181698616409e-32,0.733913043478261,,,,,-0.124935178705028,,0.855148342059337,0.856784751521773,0.0208695652173913,,,5,0.527365190305688,294,119
PPARA,TF,14,520.88831694066,12,0,1,0,0.583902161547213,6,0,0.20223752151463,-1.66739952661965,1.89301751788533e-57,0.871304347826087,3,1,1,,0.014073412007205,0.00379266750948167,0.436960033461699,0.568033181694607,0.175652173913043,-0.0106786266959384,0.406685236768802,7,0.525248782147354,295,82
hsa-miR-144,miRNA,39,359.552470831602,0,1,5,0,0.575369738339022,32,0.09375,0.540447504302926,-1.61450655430712,1.7626998402088e-29,0.795652173913044,,,,,0.0530100610222853,,0.602094240837696,0.646337677885805,0.109565217391304,,,5,0.524625774956799,296,120
LPL,Gene,9,13.3099992153576,0,0,0,10,0.25,5,0.2,0.746987951807229,-4.72205496649555,3.20514166828723e-125,0.996521739130435,3,1,1,0.589969482354971,-0.00143954833398335,0.00505689001264223,0.42057283157641,0.487125249778598,0.224347826086957,0.138731682495689,0.0278551532033426,7,0.523755071686339,297,95
SPRY1,Gene,30,0,0,0,0,5,0.34613196814562,28,0.0714285714285714,0.494836488812392,-2.12112483807513,1.10652031442105e-74,0.928695652173913,3,1,1,,0.0369890201980812,0.00252844500632111,0.448278597493257,0.321822480898611,0.386086956521739,0.115852884636118,0.0612813370473538,7,0.523615857170611,298,96
CACNA1H,Gene,9,15.9958683507807,0,0,0,3,0.252844141069397,7,0,0.20223752151463,1.17212869228678,1.04548319479716e-07,0.563478260869565,3,0.666666666666667,0.47329650092081,,0.0446902898120121,0.0126422250316056,0.738183837422295,0.0033418698458123,0.965217391304348,-0.0263256804422475,0.467966573816156,7,0.523317746702457,299,97
TP73,TF,20,349.662473693432,44,2,0,0,0.640784982935154,9,0.222222222222222,0.779690189328744,0.273722992531465,0.0872137062775832,0.185217391304348,2,0,0.0294659300184162,,0.114523103537838,0.00252844500632111,0.610582262414723,0.0197069847557933,0.885217391304348,-0.0476930548303602,0.52924791086351,7,0.522886579738463,300,83
STAT3,TF,98,22733.2571026436,921,105,23,0,0.988623435722412,41,0.292682926829268,0.853700516351119,-0.153822466375602,0.00667575944274748,0.169565217391304,3,0,0.0294659300184162,0.684209724181085,-0.0035141572425148,0.0101137800252845,0.585038158125048,0.219966690244356,0.492173913043478,-0.0501559496285503,0.540389972144847,7,0.522708163256661,301,84
CYLD,Gene,42,123.770655806245,176,0,0,5,0.739761092150171,41,0.0975609756097561,0.555938037865749,-0.296689536055271,3.06832702824921e-06,0.313913043478261,3,0.666666666666667,0.47329650092081,0.610824040568792,-0.00442683448550235,0.00758533501896334,0.520965467604634,0.479613962446843,0.231304347826087,-0.182249535104954,0.818941504178273,7,0.522017142003426,302,98
hsa-miR-23b,miRNA,60,1133.40549183977,154,0,43,0,0.872582480091013,47,0.106382978723404,0.57487091222031,-0.171367665418227,0.0155087623906566,0.160869565217391,,,,,0.0187993374929594,,0.378708551483421,0.135511976877463,0.617391304347826,,,5,0.520884562671992,303,121
hsa-let-7f,miRNA,24,59.9755054659695,404,0,1,0,0.638509670079636,23,0.130434782608696,0.634251290877797,0.119721285892633,0.12130016809594,0.112173913043478,,,,,-0.0660403438623856,,0.661431064572426,0.172980738476306,0.556521739130435,,,5,0.520577535540754,304,122
ME1,Gene,7,0,17,0,0,0,0.299772468714448,6,0,0.20223752151463,-1.48478561947256,6.53778323154544e-20,0.724347826086957,3,0.666666666666667,0.47329650092081,0.824316611834639,0.0238166329935066,0.00126422250316056,0.532288646449452,0.145165471870084,0.608695652173913,-0.167370607998432,0.799442896935933,7,0.520011644685163,305,99
GBP1,Gene,5,3.86425718791059,0,0,0,0,0.180034129692833,4,0,0.20223752151463,0.0878362040013442,0.567472520012878,0.0617391304347826,3,1,1,0.85691059676624,0.0715194073031511,0.00252844500632111,0.683292102722004,0.013751017144238,0.914782608695652,-0.0665496207778788,0.593314763231198,7,0.519342893755871,306,100
TERT,Gene,39,417.74975701291,0,0,0,37,0.584470989761092,12,0,0.20223752151463,1.2368954405156,1.40194174590877e-17,0.672173913043478,3,0.666666666666667,0.47329650092081,,0.165542621322414,0.00758533501896334,0.887549940143943,0.381173438337106,0.314782608695652,-0.0358961876713291,0.498607242339833,7,0.519016959488491,307,101
CD44,Gene,9,189.612048515841,761,0,0,2,0.600967007963595,1,1,1,-0.0182656047593917,0.874369145963652,0.0139130434782609,3,0.333333333333333,0.138121546961326,0.622803897862595,-0.0089619632325682,0.00379266750948167,0.467938236170295,0.0137197541776805,0.916521739130435,-0.0331229337988274,0.493036211699164,7,0.518642540771868,308,102
hsa-miR-302b,miRNA,29,129.307262422809,107,1,4,0,0.67320819112628,24,0.125,0.618760757314974,0.0022191011235955,0.57590537504784,0.0226086956521739,,,,,0.033588120802461,,0.481675392670157,0.053284070081759,0.796521739130435,,,5,0.518554955178804,309,123
FOXD1,Gene,10,0,0,0,0,0,0.209044368600683,9,0.111111111111111,0.585197934595525,1.03518743303108,3.16778463896881e-06,0.525217391304348,3,1,1,,0.0902140558805264,0,0.413785643200208,0.0172516736664623,0.895652173913044,0.45184573934153,0,7,0.518413930230544,310,103
PTPRZ1,Gene,7,0,0,0,0,1,0.17349260523322,5,0,0.20223752151463,-4.02637176350174,6.33494068655299e-45,0.918260869565217,3,0.666666666666667,0.47329650092081,0.308562781308984,0.0692858888311163,0.00884955752212389,0.563855482686022,0.0166122930503449,0.902608695652174,-0.00746742489279557,0.392757660167131,7,0.518072762248458,311,104
hsa-miR-1271,miRNA,24,49.8773107004505,0,1,2,0,0.397326507394767,23,0,0.20223752151463,-0.760363920099876,5.52194345054968e-14,0.555652173913043,,,,,0.170884948329651,,0.954624781849913,0.231448744757749,0.48,,,5,0.517968196934471,312,124
hsa-miR-335,miRNA,19,271.00053207354,0,0,0,0,0.46160409556314,9,0.111111111111111,0.585197934595525,-1.89276716604245,5.27606078278745e-44,0.857391304347826,,,,,0.0103446409073183,,0.279232111692845,0.299469604074917,0.405217391304348,,,5,0.517728567500737,313,125
hsa-let-7g,miRNA,25,453.498997231174,0,0,1,0,0.522184300341297,23,0.130434782608696,0.634251290877797,0.42362734082397,1.02913610045952e-05,0.358260869565217,,,,,-0.0494143515750249,,0.579406631762653,0.223526092315423,0.486956521739131,,,5,0.516211922857219,314,126
hsa-miR-92a,miRNA,73,2741.82718439965,0,0,21,0,0.712457337883959,51,0.117647058823529,0.598967297762479,-0.117615480649188,0.257083982464778,0.091304347826087,,,,,-0.082597454986627,,0.726003490401396,0.257026356750753,0.448695652173913,,,5,0.515485625209567,315,127
COL7A1,Gene,10,0,0,0,0,8,0.209044368600683,5,0.2,0.746987951807229,-0.482783668377874,0.0173098639401215,0.293913043478261,3,0.666666666666667,0.47329650092081,0.425323581405161,0.0603655461990238,0.0151706700379267,0.625692585535341,0.260560766713646,0.441739130434783,-0.176164965125125,0.81058495821727,7,0.514465505570625,316,105
hsa-miR-301a,miRNA,33,390.735942774055,0,0,7,0,0.555460750853242,28,0,0.20223752151463,1.42567259675406,2.38925409257907e-22,0.726086956521739,,,,,-0.0418581648901599,,0.539267015706806,0.17704410355863,0.547826086956522,,,5,0.514175666310588,317,128
RXRA,TF,12,613.633465873885,1,1,0,0,0.531001137656428,4,0,0.20223752151463,-0.33003214508468,6.78601181148193e-07,0.336521739130435,3,1,1,0.565220337010891,-0.00630945231595811,0.00379266750948167,0.40854395726855,0.336173890621504,0.365217391304348,-0.121487980645241,0.743732590529248,7,0.512464905343377,318,85
RELA,TF,130,14941.2644687835,1743,173,11,17,0.994880546075085,46,0.0652173913043478,0.476764199655766,0.0543962001631245,0.165373961261746,0.0782608695652174,3,0.666666666666667,0.47329650092081,0.317603342871356,0.000315086817742005,0,0.0844452065563706,0.176234536953055,0.551304347826087,-0.356363776307683,0.927576601671309,7,0.512361181752949,319,86
CXCR5,Gene,15,0,16,0,0,0,0.381683731513083,13,0,0.20223752151463,1.22043707719618,5.30220396153655e-11,0.605217391304348,2,1,1,,-0.0464441453725306,0.00126422250316056,0.395302381261448,0.0313346939146838,0.852173913043478,0.0813489545115522,0.147632311977716,7,0.512035321516386,320,106
HIC1,Gene,28,397.201822282128,0,0,0,7,0.534414106939704,26,0,0.20223752151463,-0.900064929872539,6.13874661447103e-16,0.603478260869565,3,1,1,0.491396829697873,0.034988715274475,0,0.306566882236317,0.161544927623596,0.577391304347826,0.0104541967373352,0.356545961002786,7,0.511519148130118,321,107
OXTR,Gene,16,0,0,0,0,16,0.267349260523322,11,0,0.20223752151463,-4.29211829711014,1.71056125305925e-100,0.985217391304348,3,1,1,,0.0543480248671559,0,0.346595416324117,0.11831187380294,0.645217391304348,0.0862364186083621,0.13091922005571,7,0.511076600146639,322,108
TBX21,Gene,9,44.2810602584829,0,0,0,7,0.285267349260523,3,0.333333333333333,0.896729776247849,-0.357639495274192,0.0319661417227375,0.235652173913044,2,0.5,0.243093922651934,0.513070033222992,0.182571784463641,0.00126422250316056,0.528604333864616,0.0364443224070402,0.838260869565217,-0.0504581321046093,0.543175487465181,7,0.510111987566909,323,109
hsa-miR-433,miRNA,8,158.357952414714,0,0,0,0,0.332764505119454,6,0.166666666666667,0.700516351118761,-0.513201935081149,6.52695288987935e-31,0.595652173913044,,,,,-0.10596601424094,,0.806282722513089,0.646192377716907,0.111304347826087,,,5,0.509304020098087,324,129
hsa-miR-34c,miRNA,21,113.845303177088,0,0,7,0,0.42349260523322,16,0.3125,0.877796901893287,-0.167951310861424,0.161330576595654,0.12,,,,,0.103142285239566,,0.795811518324607,0.366225852333855,0.328695652173913,,,5,0.509159335525006,325,130
hsa-miR-20a,miRNA,75,1656.70719921268,0,2,54,0,0.697383390216155,52,0.288461538461538,0.848537005163511,0.253919163545568,0.0451950376112513,0.187826086956522,,,,,-0.0933667850402722,,0.760907504363002,0.757798603070414,0.0504347826086957,,,5,0.509017753861577,326,131
SMAD4,TF,34,2591.23587294638,67,10,4,0,0.815984072810011,15,0.2,0.746987951807229,-0.639956740072607,3.49569523961321e-33,0.637391304347826,3,0.666666666666667,0.47329650092081,0.600044711701934,-0.00529255796978265,0.00758533501896334,0.522667576927453,0.67262546495822,0.0939130434782609,0.0352811070293211,0.267409470752089,7,0.50823570300624,327,87
hsa-miR-410,miRNA,22,429.614215615238,114,0,0,0,0.704493742889647,20,0,0.20223752151463,-0.576135143570537,1.32097495534711e-16,0.527826086956522,,,,,-0.112092529500123,,0.819371727748691,0.415623153296611,0.283478260869565,,,5,0.507481467995811,328,132
BAALC,Gene,2,0,0,0,0,0,0.108646188850967,1,0,0.20223752151463,-1.96217706983959,5.65186154828026e-32,0.834782608695652,2,1,1,,0.0316409084737929,0.00252844500632111,0.431699190861495,0.217124924968732,0.497391304347826,-0.0277185544970808,0.476323119777159,7,0.50729713343539,329,110
hsa-miR-346,miRNA,7,6.64218859393539,0,0,0,0,0.216439135381115,6,0.166666666666667,0.700516351118761,-0.160419475655431,1.60665513842661e-05,0.243478260869565,,,,,-0.153880906415645,,0.926701570680628,0.260087144473198,0.445217391304348,,,5,0.506470541870883,330,133
GLI1,TF,5,44.6440210704095,0,0,0,0,0.232935153583618,2,0,0.20223752151463,-1.23127412880423,2.19976226011531e-15,0.650434782608696,2,0.5,0.243093922651934,,0.000442907578317914,0.00505689001264223,0.343299727402536,0.00123596356107706,0.987826086956522,-0.267906065624509,0.883008356545961,7,0.506119364466271,331,88
ADM,Gene,13,0,0,0,0,3,0.241751990898749,11,0,0.20223752151463,-1.95692150842009,5.75696009227388e-35,0.845217391304348,3,1,1,,-0.00857323291099886,0,0.163349343025688,0.00904835097354762,0.942608695652174,0.0850812628357283,0.136490250696379,7,0.50452217044171,332,111
hsa-miR-301b,miRNA,27,151.274105199767,94,0,2,0,0.659556313993174,25,0,0.20223752151463,0.670388264669164,2.41699476466959e-14,0.534782608695652,,,,,0.0222082081979287,,0.416230366492147,0.0911403573694038,0.706086956521739,,,5,0.503778753443468,333,134
ATF4,TF,15,114.479541941211,9,2,0,0,0.500568828213879,3,0,0.20223752151463,-0.196057749204369,0.000993595359436561,0.222608695652174,3,1,1,,-0.00102695229429356,0.00379266750948167,0.293853576219116,0.368390508203969,0.325217391304348,-0.756487249057451,0.969359331476323,7,0.501977906340067,334,89
PLAGL1,Gene,15,0,0,0,0,3,0.258248009101251,14,0,0.20223752151463,-2.2094255465464,5.4537232448688e-64,0.921739130434783,3,1,1,,0.00454542128302249,0.00252844500632111,0.28073933047755,0.338338587266841,0.361739130434783,-0.0296610691722835,0.479108635097493,7,0.500544536722927,335,112
hsa-miR-519d,miRNA,33,198.156957523456,78,2,4,0,0.69254835039818,31,0.0967741935483871,0.553356282271945,-0.0710480649188514,0.00470877105600829,0.147826086956522,,,,,-0.120310172884441,,0.844677137870855,0.451190814191786,0.260869565217391,,,5,0.499855484542979,336,135
DKK3,Gene,26,0,28,0,0,7,0.460750853242321,25,0.04,0.433734939759036,-1.42858049864863,4.03067371373728e-34,0.788695652173913,3,0.666666666666667,0.47329650092081,0.384351691621888,0.153339272590028,0.00252844500632111,0.5152860124743,0.384974289726196,0.307826086956522,-0.0383734499093295,0.506963788300836,7,0.498079119118248,337,113
hsa-miR-217,miRNA,12,44.0379573630772,9,0,0,0,0.431740614334471,9,0.111111111111111,0.585197934595525,-0.652629837702872,9.37475387812602e-06,0.432173913043478,,,,,-0.041051414478835,,0.530541012216405,0.207244351467456,0.502608695652174,,,5,0.496452433968411,338,136
TGFB2,Gene,38,11.7370210806678,65,0,0,1,0.596985210466439,37,0.297297297297297,0.858864027538726,-0.640427401685617,0.000144174117888709,0.401739130434783,3,0.333333333333333,0.138121546961326,0.75828478525945,0.0347206184291899,0,0.463735491605818,0.0855578648288355,0.721739130434783,0.0320808348566986,0.284122562674095,7,0.495043871445139,339,114
hsa-miR-376c,miRNA,11,774.377918085037,52,0,2,0,0.613765642775882,8,0,0.20223752151463,-0.735351123595506,2.06013990888386e-21,0.600869565217391,,,,,-0.0766326693294576,,0.705061082024433,0.353282948281271,0.351304347826087,,,5,0.494647631871685,340,137
hsa-miR-32,miRNA,34,227.004172470346,0,0,3,0,0.52929465301479,31,0.032258064516129,0.418244406196213,0.897361111111111,4.92240089994567e-33,0.699130434782609,,,,,-0.0609751466701323,,0.638743455497382,0.551200629168182,0.186086956521739,,,5,0.494299981202547,341,138
REST,TF,24,1433.37930179184,5,5,2,0,0.661547212741752,10,0.3,0.864888123924269,-0.336511298757377,0.0136348100210741,0.233913043478261,3,0.333333333333333,0.138121546961326,0.0631027347901272,-0.0143091639152476,0.00379266750948167,0.295213640331485,0.217855598863713,0.495652173913044,-0.125187514051421,0.757660167130919,7,0.492427986925865,342,90
hsa-miR-140,miRNA,42,220.450522856745,0,0,3,0,0.556598407281001,39,0.17948717948718,0.717728055077453,-0.994513108614233,1.36266089174916e-30,0.710434782608696,,,,,0.000413468412842843,,0.0191972076788831,0.250799304304407,0.455652173913044,,,5,0.491922125311815,343,139
CITED2,Gene,23,1041.96661741078,0,0,0,2,0.547497155858931,21,0,0.20223752151463,-0.915791872571127,8.57420704773654e-23,0.651304347826087,3,0.666666666666667,0.47329650092081,0.374600243781573,-0.00393715795435555,0.00252844500632111,0.254626283519051,0.19431402878974,0.518260869565217,-0.162905414759579,0.79108635097493,7,0.49118700431138,344,115
hsa-miR-369,miRNA,18,188.81865508594,28,0,0,0,0.57707622298066,17,0,0.20223752151463,-0.634492509363296,2.20621498633573e-11,0.492173913043478,,,,,-0.112092529500123,,0.819371727748691,0.343626289870106,0.36,,,5,0.490171877057492,345,140
RGS4,Gene,19,0,0,0,0,5,0.285551763367463,16,0,0.20223752151463,1.39016496345696,2.85731428611921e-20,0.705217391304348,3,1,1,,-0.0187403357412119,0.00884955752212389,0.623054678147491,0.185392322898603,0.530434782608696,0.104424162370165,0.0835654596100279,7,0.490008799507522,346,116
hsa-miR-215,miRNA,6,509.565537569324,0,0,1,0,0.373720136518771,4,0.25,0.803786574870912,-0.463593008739076,1.36474060778036e-13,0.46695652173913,,,,,0.037132433164349,,0.506108202443281,0.394136824180552,0.299130434782609,,,5,0.489940374070941,347,141
HSF1,TF,6,824.725998451105,30,0,0,0,0.536973833902162,1,0,0.20223752151463,0.589844472164916,5.0191212567824e-17,0.537391304347826,3,0.666666666666667,0.47329650092081,0.661328510210175,-0.0126816743576411,0.00632111251580278,0.584584363208299,0.613491286243364,0.130434782608696,-0.63810823660675,0.963788300835655,7,0.489815229619725,348,91
hsa-miR-376a,miRNA,9,170.867683329025,31,0,0,0,0.496587030716724,7,0,0.20223752151463,-0.382315543071161,1.2101907406286e-09,0.39304347826087,,,,,-0.0951131895210317,,0.764397905759162,0.153115590192207,0.591304347826087,,,5,0.489514056815495,349,142
RARA,TF,10,409.713791011215,47,0,0,0,0.569965870307167,3,0,0.20223752151463,0.870774760511123,1.30158724431628e-16,0.601739130434783,3,0.666666666666667,0.47329650092081,0.768736769124757,0.00726558903410809,0.00379266750948167,0.536238065959363,0.330999492182658,0.375652173913043,-0.092589350965221,0.665738161559889,7,0.489266774944241,350,92
ARNT,TF,12,164.486800757491,10,3,0,0,0.494880546075085,4,0,0.20223752151463,-0.345794111532249,1.12543948283743e-12,0.41304347826087,3,1,1,0.56369591893554,-0.0263854186164912,0.00758533501896334,0.581329302449757,0.611268367934474,0.133913043478261,-0.0662988085825944,0.587743732590529,7,0.487592517767019,351,93
EP300,TF,12,4125.11212766553,102,2,0,0,0.716723549488055,4,0.25,0.803786574870912,-0.312249116409986,5.9927548812375e-06,0.316521739130435,3,0.333333333333333,0.138121546961326,0.364397866974811,-0.0033928462382831,0.0164348925410872,0.430521538001221,0.701662794832804,0.0695652173913044,-0.368737525526003,0.933147632311978,7,0.486912542593604,352,94
GATA4,TF,3,231.256777359431,0,0,0,0,0.286973833902162,1,0,0.20223752151463,1.15313302627581,1.29141500746545e-06,0.544347826086957,2,1,1,,0.167493103328746,0.00126422250316056,0.5898922590974,0.110101071150422,0.666086956521739,0.0907590311336393,0.116991643454039,7,0.486647148653847,353,95
hsa-let-7a,miRNA,41,1043.22771316861,857,7,10,0,0.882252559726963,33,0.212121212121212,0.76592082616179,-0.245946733250104,0.000136157500177853,0.263913043478261,,,,,-0.0122233358319974,,0.307155322862129,0.498396372738142,0.212173913043478,,,5,0.486283133054524,354,143
TP53,TF,140,37017.2266355807,1555,71,6,0,0.996018202502844,61,0.409836065573771,0.932874354561102,0.0199771306113963,0.833904143836644,0.0208695652173913,3,0.666666666666667,0.47329650092081,0.379754295866363,0.00833949544132423,0.333754740834387,0.488850106651154,0.245546985794273,0.464347826086957,0.15287418259661,0.0167130919220056,7,0.484709949694609,355,96
HDAC3,TF,13,133.742338906083,39,2,0,0,0.534982935153584,5,0,0.20223752151463,0.0653708679172863,0.085955890754453,0.0982608695652174,3,0.666666666666667,0.47329650092081,0.165779450421356,0.0199115428944728,0.00505689001264223,0.366701430603981,0.0849974371426599,0.725217391304348,-1.24805276265825,0.986072423398329,7,0.4838241532087,356,97
hsa-miR-496,miRNA,11,255.995432422918,21,0,0,0,0.525881683731513,9,0,0.20223752151463,-0.301879525593009,0.00155147512642527,0.257391304347826,,,,,-0.147280196664653,,0.898778359511344,0.182124545171148,0.533913043478261,,,5,0.483640382516715,357,144
TLX1,TF,13,84.0950152145726,0,0,0,0,0.359215017064846,6,0,0.20223752151463,1.71941331222313,3.8610857815477e-12,0.682608695652174,2,1,1,,0.144556930042963,0,0.482721070774379,0.265290845060363,0.436521739130435,0.0538175831502254,0.211699164345404,7,0.48214331549741,358,98
VGF,Gene,1,0,0,0,0,0,0.104948805460751,,,,2.2507841161701,2.60852866110503e-29,0.84,2,0.5,0.243093922651934,0.404860174805699,0.0963816790697169,0.00252844500632111,0.477394329827915,0.00150561068549574,0.984347826086957,0.0453920512529773,0.239554317548747,6,0.481556533596051,359,117
CD151,Gene,3,1.98747467946013,22,0,0,0,0.285836177474403,2,1,1,-0.206445489292968,0.0047400060476819,0.199130434782609,3,0.666666666666667,0.47329650092081,0.273300004089629,-0.0288194364078663,0.00252844500632111,0.320390904063582,0.347774090886944,0.358260869565217,-0.116818469184983,0.732590529247911,7,0.481357916579219,360,118
hsa-miR-181d,miRNA,35,132.049983098347,242,2,3,0,0.728384527872582,32,0,0.20223752151463,0.458266541822721,0.000272347527142082,0.342608695652174,,,,,-0.0216216214475883,,0.408376963350785,0.0851842163812838,0.723478260869565,,,5,0.481017193851947,361,145
KLF8,TF,7,7.39522783930085,6,0,0,0,0.318828213879408,2,0,0.20223752151463,-1.48168082009947,4.47548727375844e-36,0.805217391304348,3,1,1,,0.0127612335746926,0,0.194762955591133,0.506572989792547,0.20695652173913,-0.0834489048298944,0.637883008356546,7,0.480840801769314,362,99
PMEPA1,Gene,30,0,0,0,0,4,0.34613196814562,29,0.0689655172413793,0.48881239242685,0.171835708231381,0.106834701354691,0.133913043478261,3,0.666666666666667,0.47329650092081,,-0.0491073454217873,0.00252844500632111,0.484927812152943,0.0240254504392039,0.87304347826087,-0.0569378216839266,0.565459610027855,7,0.480797829344744,363,119
MEF2A,TF,17,1248.64855729882,2,0,1,0,0.612912400455063,9,0.111111111111111,0.585197934595525,-0.701010810983704,1.07957345972344e-24,0.616521739130435,3,0.666666666666667,0.47329650092081,0.420803989729388,0.00352506759391644,0.00758533501896334,0.41679924980646,0.418066999871574,0.281739130434783,0.00880969003439022,0.35933147632312,7,0.477971204523742,364,100
MAP1LC3A,Gene,2,1.74673689606067,12,0,0,0,0.258248009101251,1,0,0.20223752151463,-0.01885757008748,0.867740319546174,0.0165217391304348,3,1,1,0.198611337890305,0.00207751355489116,0,0.0792814234208985,0.00993578287741733,0.939130434782609,-0.200130313368025,0.841225626740947,7,0.476663536384396,365,120
TLR3,Gene,6,3.22591209583339,54,0,0,0,0.356655290102389,1,0,0.20223752151463,-1.43433454876937,1.3670386791566e-29,0.772173913043478,3,0.666666666666667,0.47329650092081,0.640360610263523,0.00304665882403921,0.0126422250316056,0.567123096923721,0.0125023050965949,0.92,0.129142299819069,0.0417827298050139,7,0.476181293187149,366,121
hsa-miR-214,miRNA,29,1610.54703185509,0,0,4,0,0.606370875995449,18,0.0555555555555556,0.451807228915663,-0.179307740324594,0.121260547931284,0.136521739130435,,,,,0.106020533385329,,0.808027923211169,0.330240099574629,0.377391304347826,,,5,0.476023814320108,367,146
ACTA2,Gene,9,113.146526088956,26,0,0,0,0.462457337883959,8,0,0.20223752151463,-1.78288210270435,2.15634255260851e-49,0.865217391304348,3,0.666666666666667,0.47329650092081,0.789048157775575,0.0394758817940953,0.00379266750948167,0.650430210401653,0.336762576873403,0.363478260869565,0.0250152935859512,0.309192200557103,7,0.475187060493153,368,122
hsa-miR-219a,miRNA,15,37.5107985075947,0,2,1,0,0.341581342434585,14,0.0714285714285714,0.494836488812392,0.130580524344569,0.00121975395539957,0.191304347826087,,,,,0.0494108667904069,,0.577661431064573,0.0599717836313901,0.770434782608696,,,5,0.475163678549266,369,147
hsa-miR-4295,miRNA,25,40.614332947176,0,0,0,0,0.399317406143345,24,0,0.20223752151463,,,,,,,,-0.113589743489752,,0.823734729493892,,,,,3,0.475096552383956,370,148
TGFBI,Gene,7,0,5,0,0,0,0.2693401592719,6,0.333333333333333,0.896729776247849,0.106310511922468,0.358489031304666,0.0765217391304348,3,0.666666666666667,0.47329650092081,0.509650770376456,-0.0431468465704751,0.00632111251580278,0.563771228957119,0.00148803806661786,0.986086956521739,0.117494446691865,0.0584958217270195,7,0.474891740396696,371,123
hsa-miR-486,miRNA,7,5.75594832729362,0,0,0,0,0.215301478953356,6,0.166666666666667,0.700516351118761,-1.92223970037453,2.60540299377987e-59,0.896521739130435,,,,,-0.0181116127215216,,0.368237347294939,0.534736487602073,0.19304347826087,,,5,0.474724078951672,372,149
VHL,TF,7,451.492186169105,25,0,0,0,0.517633674630262,1,0,0.20223752151463,0.0624016856178733,0.364420911422315,0.0608695652173913,3,0.666666666666667,0.47329650092081,0.182650935878778,-0.0164787895922699,0,0.159682747762498,0.01036817493049,0.933913043478261,-0.772246890056129,0.972144846796657,7,0.474253985760073,373,101
NCOR1,TF,7,666.882058095608,13,1,0,0,0.516211604095563,3,0,0.20223752151463,-0.485408210590286,5.21985837544074e-11,0.453913043478261,3,0.333333333333333,0.138121546961326,0.680763935227339,0.0472981832510073,0.0480404551201011,0.754999831136415,0.18953397515595,0.528695652173913,-0.112891497510014,0.724233983286908,7,0.474059026092431,374,102
hsa-miR-134,miRNA,10,1143.05687003713,11,0,0,0,0.575369738339022,7,0,0.20223752151463,-0.890893570536829,3.09865446616187e-19,0.624347826086957,,,,,-0.141794585698398,,0.883071553228621,0.682168619101002,0.0834782608695652,,,5,0.473700980007759,375,150
hsa-miR-329,miRNA,11,102.615671490357,29,0,0,0,0.49004550625711,10,0,0.20223752151463,-0.712669787765294,3.78646485136778e-27,0.63304347826087,,,,,-0.164734254240868,,0.942408376963351,0.657730448921607,0.0991304347826087,,,5,0.473373063555714,376,151
RBPJ,TF,5,226.712198944457,7,0,0,0,0.415244596131968,2,0,0.20223752151463,-0.55842704984887,6.52974039326019e-32,0.609565217391304,3,1,1,0.285377498592047,0.00416171342331884,0.00126422250316056,0.172468481122209,0.422031757725232,0.278260869565217,-0.0824830047895522,0.635097493036212,7,0.473267739823077,377,103
hsa-miR-299,miRNA,15,82.9549094873574,15,0,0,0,0.494880546075085,14,0,0.20223752151463,-0.759306179775281,8.26143740158919e-32,0.663478260869565,,,,,-0.147857522466311,,0.904013961605585,0.654112746528633,0.100869565217391,,,5,0.473095971056451,378,152
EPHA2,Gene,17,22.6595529348616,37,0,0,6,0.491467576791809,15,0.133333333333333,0.641135972461274,-1.37165635145293,9.13508892994257e-44,0.800869565217391,3,0.666666666666667,0.47329650092081,,0.0373775165193469,0.00505689001264223,0.587627825133775,0.651669812266216,0.107826086956522,0.0553282954362475,0.20891364902507,7,0.473019596643807,379,124
EPHB2,Gene,22,0,0,0,0,0,0.300341296928328,21,0.0952380952380952,0.546471600688468,0.984555966031762,1.92878669917133e-20,0.652173913043478,3,0.666666666666667,0.47329650092081,0.347159444329256,0.0247195555699989,0.00758533501896334,0.479655202520857,0.149730340483906,0.6,0.0404142368498564,0.256267409470752,7,0.472600846224671,380,125
hsa-miR-19b,miRNA,63,2249.91779504336,0,28,10,0,0.697383390216155,54,0.166666666666667,0.700516351118761,0.240320848938827,0.0346870075895353,0.184347826086957,,,,,-0.0755459235468807,,0.699825479930192,0.688920072746255,0.0765217391304348,,,5,0.4717189572965,381,153
ETV1,Gene,52,202.07928398076,0,0,0,6,0.568543799772469,51,0.0588235294117647,0.458691910499139,-1.34255009675511,5.28201426851715e-29,0.748695652173913,3,0.666666666666667,0.47329650092081,,0.048184075728581,0.00632111251580278,0.667387823979923,0.383344808941892,0.311304347826087,0.109361561650565,0.0724233983286908,7,0.47147763335729,382,126
hsa-miR-367,miRNA,36,427.32440979489,2,0,3,0,0.661831626848692,32,0,0.20223752151463,,,,,,,,0.0434720340569347,,0.545375218150087,,,,,3,0.469814788837803,383,154
GLS,Gene,8,0,6,0,0,0,0.285836177474403,7,0,0.20223752151463,-0.464188056741672,9.08367374903799e-08,0.408695652173913,3,0.666666666666667,0.47329650092081,0.621373264973375,-0.000206895205357487,0.00252844500632111,0.333124405453279,0.0805840583910873,0.732173913043478,-0.21412971615991,0.84958217270195,7,0.469278049040352,384,127
ERG,TF,5,30.2084671777703,0,0,0,0,0.218145620022753,1,0,0.20223752151463,-1.86026683618801,1.92484069224069e-76,0.905217391304348,3,1,1,0.534173707404318,0.0138354057747306,0.00505689001264223,0.471377563009414,0.736992334060236,0.0608695652173913,-0.0130512869869251,0.420612813370474,7,0.46835149634843,385,104
FDFT1,Gene,3,3.60844467583164,16,0,0,0,0.277303754266212,1,0,0.20223752151463,-0.3159132562491,3.45704291018257e-06,0.320869565217391,3,1,1,0.650996504682965,0.00506346339385024,0.00252844500632111,0.412082168723627,0.501717332089811,0.208695652173913,-0.21522723788248,0.852367688022284,7,0.467650907131151,386,128
hsa-miR-7,miRNA,27,1517.78112216906,0,1,4,0,0.590728100113766,21,0.19047619047619,0.731497418244406,0.574329796088223,8.88058127831319e-15,0.514782608695652,,,,,0.0190342603520098,,0.383944153577661,0.643021788569981,0.114782608695652,,,5,0.467146977865428,387,155
NKX2-5,TF,17,289.475367276016,0,1,0,0,0.457337883959044,8,0,0.20223752151463,0.411387516192487,0.0827035237741266,0.24,3,1,1,,0.11349602575292,0,0.449562257510853,0.757045803222476,0.0521739130434783,-0.247599511927297,0.866295264623956,7,0.466800977235995,388,105
AXL,Gene,15,13.769529236436,8,0,0,1,0.421501706484642,14,0.0714285714285714,0.494836488812392,-0.810630427481648,1.20000006178971e-20,0.613913043478261,3,0.666666666666667,0.47329650092081,0.373580972300003,0.065085281424672,0.00505689001264223,0.511948092817873,0.473147991809192,0.241739130434783,-0.0381672508193293,0.504178272980501,7,0.465916176561323,389,129
hsa-miR-196b,miRNA,17,114.043836636494,0,0,0,0,0.403299203640501,12,0.416666666666667,0.93631669535284,-0.0672933832709115,0.49246816096578,0.0565217391304348,,,,,0.0482371563181537,,0.572425828970332,0.347890676908367,0.356521739130435,,,5,0.465017041244908,390,156
GADD45G,Gene,15,250.789461087501,0,0,0,3,0.429749715585893,11,0,0.20223752151463,1.22571854659438,7.03585058766322e-17,0.661739130434783,3,1,1,,-0.00230625070410331,0,0.0874331126591955,0.266926440324765,0.43304347826087,-0.0184092970955215,0.440111420612813,7,0.464902054152598,391,130
hsa-miR-590,miRNA,19,261.987145722956,0,0,1,0,0.459328782707622,16,0.3125,0.877796901893287,0.970664794007491,1.97616823562218e-21,0.656521739130435,,,,,0.00290842887473497,,0.111692844677138,0.49133003965204,0.219130434782609,,,5,0.464894140638218,392,157
LAPTM4B,Gene,6,0,0,0,0,0,0.157849829351536,5,0,0.20223752151463,0.776370324169585,3.55694997293834e-10,0.519130434782609,3,1,1,,0.016528525427156,0.00252844500632111,0.374107567824845,0.262907167748177,0.44,-0.0556899885448963,0.557103064066852,7,0.464346916791496,393,131
CREB1,TF,31,2609.46204869615,135,3,0,0,0.837315130830489,11,0.0909090909090909,0.536144578313253,-0.371269810807785,2.34534075953539e-16,0.452173913043478,3,0.333333333333333,0.138121546961326,-0.0470700615423524,0.0114054100047662,0.00126422250316056,0.175319693785327,0.361896813048489,0.339130434782609,-0.141397836758527,0.768802228412256,7,0.463858218018391,394,106
CCL2,Gene,17,250.985258905221,183,0,0,5,0.660978384527873,3,0.333333333333333,0.896729776247849,-0.999618736906075,5.42337290933823e-13,0.596521739130435,3,0.666666666666667,0.47329650092081,,0.0138722245640752,0.00126422250316056,0.27837393449007,0.579337542978167,0.161739130434783,0.0724902239645974,0.164345403899721,7,0.461712124235934,395,132
TMEM158,Gene,7,0,0,0,0,0,0.17349260523322,6,0,0.20223752151463,0.751415103392027,1.58885655555026e-05,0.452173913043478,3,1,1,,0.0639154434148544,0,0.36492002365396,0.0923959814869045,0.702608695652174,0.0202600249324294,0.328690807799443,7,0.460589080985272,396,133
hsa-miR-135a,miRNA,11,28.7031270931758,0,0,0,0,0.293515358361775,10,0.2,0.746987951807229,-0.119236267166042,0.214966368101163,0.0956521739130435,,,,,0.0118961563697363,,0.301919720767888,0.0270880123123675,0.862608695652174,,,5,0.460136780100422,397,158
SMAD7,Gene,50,2201.99984479939,543,0,0,31,0.92292377701934,43,0.372093023255814,0.91566265060241,-0.144134801452126,0.0134532840309362,0.153913043478261,3,0.333333333333333,0.138121546961326,,0.00188592826221391,0.00252844500632111,0.237109313025543,0.593510960944311,0.15304347826087,-0.0997755455719146,0.690807799442897,7,0.458797372684378,398,134
F2R,Gene,8,19.2164524937445,19,0,0,4,0.377701934015927,4,0,0.20223752151463,0.612040013433767,4.03426472080884e-09,0.463478260869565,3,1,1,,0.0316291413772759,0.00252844500632111,0.430826590512454,0.944538405285687,0.00695652173913044,-0.11420028366754,0.729805013927577,7,0.458715120368469,399,135
MAP3K1,Gene,65,0,0,0,0,11,0.420648464163823,64,0.078125,0.514629948364888,-0.155389259383646,0.160924980767969,0.118260869565217,3,0.333333333333333,0.138121546961326,0.632228388869279,-0.0102149917871028,0.0834386852085967,0.636612450475338,0.0418837766707287,0.822608695652174,-0.0563135525099834,0.559888579387187,7,0.458681507795707,400,136
hsa-miR-708,miRNA,3,1.62445893821446,0,0,0,0,0.150455062571104,2,0,0.20223752151463,0.70623720349563,2.3526139829148e-11,0.514782608695652,,,,,-0.0958333062524373,,0.771378708551483,0.118239405847575,0.64695652173913,,,5,0.4571620846144,401,159
ADA,Gene,5,4.33018313259184,40,0,0,2,0.337599544937429,4,0.25,0.803786574870912,0.3695634825441,0.000120366870129075,0.313913043478261,3,0.666666666666667,0.47329650092081,0.681439983472024,0.0013528312535205,0,0.282801988779742,0.19836145418361,0.51304347826087,-0.0232650013553726,0.462395543175488,7,0.455262382060502,402,137
hsa-miR-342,miRNA,14,28.1010063075644,0,0,1,0,0.320819112627986,12,0.0833333333333333,0.525817555938038,1.29509488139825,3.54877018217027e-22,0.705217391304348,,,,,0.00125620000866546,,0.0541012216404887,0.107875020721685,0.669565217391304,,,5,0.455104099780433,403,160
MAP2,Gene,16,0,0,0,0,0,0.267349260523322,15,0.0666666666666667,0.482788296041308,-1.51145700395017,5.56922337795954e-24,0.756521739130435,3,0.666666666666667,0.47329650092081,0.8278939640541,-0.0215700847136039,0.0189633375474083,0.771975577517912,0.464721525206578,0.248695652173913,0.0695640440051029,0.181058495821727,7,0.454526503161347,404,138
IGFBP4,Gene,10,0,0,0,0,0,0.209044368600683,9,0,0.20223752151463,-0.396053191319228,0.000293314563380136,0.313913043478261,3,0.666666666666667,0.47329650092081,0.778747993162382,0.0414828497226915,0.00252844500632111,0.597389446138719,0.027994492609709,0.859130434782609,-0.044199262189924,0.526462395543176,7,0.454496244425555,405,139
PROX1,TF,3,87.0817676558651,0,0,0,0,0.238054607508532,1,0,0.20223752151463,-2.90116234067393,2.33828060338112e-63,0.940869565217391,3,0.666666666666667,0.47329650092081,,0.133059120528041,0.00884955752212389,0.86825537622777,0.85934551220322,0.0191304347826087,-0.0180841675830401,0.437325905292479,7,0.454167130209175,406,107
SNAP25,Gene,47,78.3808611635436,81,0,0,9,0.69226393629124,46,0.0217391304347826,0.407917383820998,-0.57064250187913,0.00613626183885923,0.334782608695652,2,0.5,0.243093922651934,0.569794245709895,0.0583434553924187,0.00505689001264223,0.595337085844252,0.105823844014888,0.681739130434783,0.0512820002629069,0.222841225626741,7,0.4539964704808,407,140
MYBL1,Gene,45,0,0,0,0,8,0.397895335608646,44,0.0454545454545455,0.438898450946644,1.43562762878025,6.63219712370142e-21,0.720869565217391,3,1,1,,-0.00565755868577905,0.00632111251580278,0.479778748936293,0.683183873297755,0.0817391304347826,0.120091680538937,0.052924791086351,7,0.45315800317573,408,141
INSM1,Gene,11,0,0,0,0,0,0.220420932878271,10,0,0.20223752151463,1.90192222808617,1.27573249727314e-11,0.69304347826087,3,1,1,0.5735951930765,0.119232617104937,0,0.472669770076649,0.281948775053787,0.420869565217391,0.0741646594552636,0.158774373259053,7,0.452573663029552,409,142
NFKB1,TF,120,16265.4972520428,1696,132,18,29,0.993174061433447,42,0.142857142857143,0.657487091222031,-0.225742055686162,8.06944278528209e-05,0.258260869565217,3,0.333333333333333,0.138121546961326,0.798146539572039,-0.00287525349163031,0.00632111251580278,0.593712552867805,0.629177842166661,0.125217391304348,-0.00745743670092034,0.389972144846797,7,0.450849379742996,410,108
PPP2R2B,Gene,7,31.2208243128805,0,0,0,2,0.251137656427759,5,0,0.20223752151463,-1.99978713876761,6.740266507266e-47,0.879130434782609,2,0.5,0.243093922651934,,0.0526748984561977,0,0.338742013182756,0.00120958326518398,0.989565217391304,0.0424124218443181,0.247910863509749,7,0.450259661351534,411,143
HOXB4,Gene,16,0,0,0,0,0,0.267349260523322,13,0.0769230769230769,0.508605851979346,-0.66351924706936,4.92410980279384e-05,0.417391304347826,3,0.666666666666667,0.47329650092081,0.758279840613965,0.149700924915413,0.00126422250316056,0.653648322976861,0.15208729321868,0.59304347826087,0.0454316454860714,0.236768802228412,7,0.450014788748207,412,144
FOXA2,TF,10,81.1991188601737,0,0,0,0,0.323094425483504,4,0,0.20223752151463,0.0783191799005263,0.490257093202064,0.0634782608695652,2,1,1,,0.196828820312839,0.00505689001264223,0.821484718676532,0.981959485556363,0.00173913043478261,-0.117172333062931,0.735376044568245,7,0.449630014506751,413,109
IL1R1,Gene,5,32.8159129562332,6,0,0,0,0.324516496018203,3,0,0.20223752151463,-1.34924123206832,4.53746766956076e-29,0.750434782608696,3,0.666666666666667,0.47329650092081,,-0.00637090645175242,0.00379266750948167,0.37675060937793,0.123286812693278,0.636521739130435,-0.00317246915724194,0.37883008356546,7,0.448941104733738,414,145
hsa-miR-191,miRNA,12,69.8801442197592,0,0,0,0,0.334755403868032,7,0.142857142857143,0.657487091222031,0.956628277153559,2.0372354634266e-17,0.631304347826087,,,,,-0.0297886876893201,,0.458987783595114,0.579724708734762,0.16,,,5,0.448506925302253,415,161
hsa-miR-382,miRNA,14,638.029583163482,51,0,0,0,0.635381114903299,12,0,0.20223752151463,-0.444950686641698,5.6746779797782e-07,0.389565217391304,,,,,-0.133056634974281,,0.865619546247818,0.599824325679574,0.147826086956522,,,5,0.448125897402715,416,162
hsa-miR-193b,miRNA,11,271.704537103537,0,0,1,0,0.397610921501706,8,0.125,0.618760757314974,0.120524032459426,0.288068470129616,0.0895652173913044,,,,,-0.111745964556523,,0.816753926701571,0.380802281706199,0.316521739130435,,,5,0.447842512407998,417,163
hsa-miR-455,miRNA,27,70.2206879202263,0,0,3,0,0.432025028441411,20,0,0.20223752151463,0.432615168539326,0.00244669897632535,0.306956521739131,,,,,-0.0520867609081852,,0.596858638743456,0.0988281655094234,0.697391304347826,,,5,0.447093802957291,418,164
hsa-miR-1193,miRNA,9,17.2475743137912,7,0,0,0,0.359499431171786,8,0,0.20223752151463,,,,,,,,-0.0987475165012929,,0.779232111692845,,,,,3,0.44698968812642,419,165
BMI1,TF,9,165.477158883827,0,0,0,0,0.347269624573379,4,0.25,0.803786574870912,0.337498840537991,4.21115310961395e-05,0.310434782608696,3,1,1,,-0.0108540398706806,0.00126422250316056,0.257431526113106,0.652143123882508,0.104347826086957,0.0256799209914665,0.303621169916435,7,0.446698786309926,420,110
hsa-miR-10a,miRNA,9,24.0033227907315,0,0,0,0,0.261945392491468,6,0.333333333333333,0.896729776247849,-0.478867665418228,0.000269063696982776,0.352173913043478,,,,,-0.0395820437874879,,0.520069808027923,0.521295161407453,0.201739130434783,,,5,0.4465316040491,421,166
ELF4,Gene,18,281.750396641014,0,0,0,6,0.460182025028441,16,0.0625,0.469879518072289,0.336989236994035,2.09939713516659e-06,0.337391304347826,3,1,1,0.194341943475956,-0.0203796468317852,0.00632111251580278,0.407909724637209,0.614523489995143,0.128695652173913,0.0231055310902956,0.311977715877437,7,0.445147991448159,422,146
VEGFC,Gene,14,0,2,0,0,1,0.333902161547213,12,0.166666666666667,0.700516351118761,-0.880366389995042,5.93372697800812e-25,0.66,3,0.666666666666667,0.47329650092081,0.366736990154712,-0.00166470212458669,0.00252844500632111,0.2239595881248,0.178113127686632,0.544347826086957,0.0702929970045294,0.178272980501393,7,0.444899344042848,423,147
CTGF,Gene,21,31.8625753918793,101,0,0,14,0.564562002275313,15,0,0.20223752151463,-0.671456204321195,6.59711869285253e-07,0.457391304347826,,,,0.697955547743611,0.0559468472781894,0.00505689001264223,0.673942936216633,0.378475551300337,0.321739130434783,,,5,0.443974578957837,424,148
PEG10,Gene,41,55.0725770511331,29,0,0,7,0.628839590443686,40,0.025,0.410499139414802,-1.02642142046091,0.000709747921530336,0.470434782608696,3,0.333333333333333,0.138121546961326,0.827371768936479,0.0371126417707424,0.00379266750948167,0.664980731448198,0.0867992275679282,0.718260869565217,0.10866293426549,0.0752089136490251,7,0.443763653441564,425,149
COL18A1,Gene,3,0.643811743811744,39,0,0,0,0.302332195676906,1,0,0.20223752151463,0.338941930944042,0.000554033275734529,0.285217391304348,3,0.666666666666667,0.47329650092081,0.362477666298613,0.0154980740933316,0.0126422250316056,0.489903352455576,0.0166370079360484,0.900869565217391,-0.0195666662779675,0.448467966573816,7,0.443189213380497,426,150
SUZ12,TF,6,102.529777431969,0,0,0,0,0.283276450511945,2,0,0.20223752151463,0.188124310320012,0.00301390599431077,0.202608695652174,3,1,1,0.272267376558463,-0.00347270664529084,0.0101137800252845,0.382228600458015,0.68121431395757,0.0852173913043478,-0.438559244381895,0.938718662952646,7,0.442041046056251,427,111
POU2F1,TF,11,426.090854895865,55,0,0,0,0.589874857792947,2,0,0.20223752151463,0.234282732811976,0.00291876073783257,0.221739130434783,3,0.666666666666667,0.47329650092081,0.407968810793849,-0.0253817566330143,0.00632111251580278,0.490458435845994,0.411625748114365,0.285217391304348,-0.191276593811593,0.83008356545961,7,0.441843914753303,428,112
HNF1A,TF,8,31.6782776817371,0,0,0,0,0.263936291240046,3,0.333333333333333,0.896729776247849,0.271206560156088,0.00277138962720439,0.239130434782609,2,0.5,0.243093922651934,,-0.0995348098078581,0.00505689001264223,0.727243880980197,0.962605223640437,0.00521739130434783,-0.108342175861672,0.715877437325905,7,0.441604162076127,429,113
CD2AP,Gene,46,72.8961844083663,14,0,0,13,0.626564277588168,44,0,0.20223752151463,0.304489836715764,5.0590108973848e-06,0.313913043478261,3,1,1,0.734617840325436,0.00481261614695411,0.00126422250316056,0.393067594876257,0.225344642720633,0.485217391304348,0.110007598836131,0.0696378830083566,7,0.441519673110003,430,151
hsa-miR-487a,miRNA,2,11.4758453884312,3,0,0,0,0.245449374288965,2,0,0.20223752151463,-0.41189481897628,2.18293211680839e-14,0.453913043478261,,,,,-0.104522933691524,,0.802792321116928,0.215069237015662,0.499130434782609,,,5,0.440704539036279,431,167
hsa-miR-431,miRNA,3,30.2511283722243,0,0,0,0,0.193686006825939,2,0,0.20223752151463,-0.405905742821473,8.54891181919648e-06,0.352173913043478,,,,,-0.123441697159756,,0.851657940663176,0.148296188710919,0.601739130434783,,,5,0.440298902496401,432,168
POU3F2,Gene,32,286.609672774168,5,0,0,0,0.630546075085324,31,0,0.20223752151463,0.40134233715556,0.00206180306736279,0.29304347826087,2,0.5,0.243093922651934,,0.0992554014981789,0.00252844500632111,0.5905124543868,0.000354519281373973,0.99304347826087,0.0879283391778422,0.125348189415042,7,0.439689302796496,433,152
hsa-miR-448,miRNA,16,33.6315973344241,0,0,1,0,0.348407281001138,15,0,0.20223752151463,,,,,,,,-0.0955120136632149,,0.767888307155323,,,,,3,0.43951103655703,434,169
MAX,TF,31,177.882555812167,0,1,0,0,0.503412969283276,15,0,0.20223752151463,0.0987703305666173,0.0191424463036022,0.130434782608696,3,0.333333333333333,0.138121546961326,0.456310072019163,-0.00654166230483708,0.00126422250316056,0.253602358843249,0.0191616647366207,0.888695652173913,-0.540824344019689,0.958217270194986,7,0.43924601451144,435,114
HOXB7,TF,16,106.959062717162,2,0,0,0,0.477815699658703,5,0.4,0.927710843373494,-0.0791517535863365,0.567094777599895,0.0608695652173913,3,0.333333333333333,0.138121546961326,0.688369374634717,0.0635421519400753,0.00252844500632111,0.589144629672068,0.507254278924345,0.205217391304348,-0.0927233263757693,0.668523676880223,7,0.43820047900965,436,115
SNAI1,TF,27,1707.67790602177,28,8,1,0,0.74061433447099,12,0.25,0.803786574870912,-0.0470208223384347,0.686080026938243,0.0391304347826087,2,0,0.0294659300184162,,0.00269582626822845,0.00252844500632111,0.250198318261146,0.0270516618109065,0.864347826086956,0.0167472847755474,0.33983286908078,7,0.438196612510258,437,116
FOXC2,Gene,4,0,0,0,0,0,0.131683731513083,2,0,0.20223752151463,-0.500887108381711,0.00171617284851506,0.34,3,0.666666666666667,0.47329650092081,,0.154076434290914,0,0.502790878802302,0.164968095731117,0.568695652173913,-0.205235451140566,0.846796657381616,7,0.437928706043765,438,153
PITX2,TF,2,12.3945515476887,2,0,0,0,0.245164960182025,1,0,0.20223752151463,-0.385088518927217,0.0146839499292574,0.254782608695652,3,0.666666666666667,0.47329650092081,,0.136606428112343,0.00379266750948167,0.709211342362223,0.0629637395445899,0.765217391304348,-0.0111902820375647,0.409470752089136,7,0.437054439581261,439,117
DCBLD2,Gene,55,0,0,0,0,4,0.412969283276451,54,0,0.20223752151463,-0.943861248380752,5.57135746907818e-29,0.690434782608696,3,1,1,0.196216853007457,0.0097108805880198,0.00632111251580278,0.366233182863712,0.494219404249281,0.217391304347826,0.0787203624007726,0.153203342618384,7,0.434638488175671,440,154
hsa-miR-370,miRNA,9,344.140310460612,0,0,1,0,0.389931740614334,8,0,0.20223752151463,-0.947048064918852,2.22875052459993e-23,0.661739130434783,,,,,,,,0.22606601883969,0.483478260869565,,,4,0.434346663358328,441,170
DACT1,Gene,22,0,0,0,0,1,0.300341296928328,21,0,0.20223752151463,0.174733163811992,0.183957254483745,0.123478260869565,3,1,1,,0.0166578314856425,0.00505689001264223,0.509966394069202,0.0779172455375989,0.735652173913044,0.0719508738096603,0.167130919220056,7,0.434115223787832,442,155
SQSTM1,Gene,20,2273.82102959311,157,0,0,5,0.779863481228669,17,0,0.20223752151463,0.273350045578852,2.76718387591216e-05,0.288695652173913,3,0.666666666666667,0.47329650092081,0.576159411506768,0.0200395782578493,0.00379266750948167,0.480973377186821,0.652031287183974,0.106086956521739,-0.101386934274403,0.701949860724234,7,0.433300478610117,443,156
NFYA,TF,7,70.2015799200827,0,0,0,0,0.277303754266212,1,0,0.20223752151463,0.314851668825665,1.68469448351507e-07,0.339130434782609,3,1,1,0.151323466514558,-0.000355613379109637,0.00379266750948167,0.200893801780505,0.661057652864135,0.0956521739130435,-0.323079236115128,0.916434540389972,7,0.433093175235282,444,118
UBB,Gene,8,0,33,0,0,0,0.33617747440273,7,0,0.20223752151463,0.217764397319644,4.00087624296222e-05,0.258260869565217,3,0.666666666666667,0.47329650092081,,0.00533049435074662,0.00126422250316056,0.206820705868778,0.10078329259006,0.692173913043478,-0.238979693053139,0.860724233983287,7,0.432813031328419,445,157
hsa-miR-539,miRNA,7,386.881193199513,172,0,1,0,0.583902161547213,5,0,0.20223752151463,-0.44984581772784,6.24523043941368e-09,0.413478260869565,,,,,-0.118530447679709,,0.841186736474695,0.643333625894538,0.11304347826087,,,5,0.430769631733394,446,171
ASPN,Gene,15,0,0,0,0,1,0.258248009101251,14,0,0.20223752151463,1.37689791936542,1.15389769354352e-12,0.644347826086957,3,1,1,0.626074556812609,-0.0342377556797668,0.00126422250316056,0.442328218695733,0.80508316324268,0.031304347826087,,,6,0.429744320537443,447,158
FURIN,Gene,33,18.1698632082461,120,0,0,6,0.616325369738339,31,0.032258064516129,0.418244406196213,0.169268819267859,0.0463194759470644,0.142608695652174,3,0.333333333333333,0.138121546961326,0.330146317440723,-0.0490624268815807,0.00505689001264223,0.467563976298794,0.110813837461831,0.662608695652174,-0.0564132643519981,0.562674094707521,7,0.429735255029506,448,159
UCP2,Gene,9,0,0,0,0,4,0.196814562002275,7,0.142857142857143,0.657487091222031,0.47823266004574,1.9869207412469e-05,0.37304347826087,3,0.666666666666667,0.47329650092081,,-0.0404158248840939,0.00505689001264223,0.593736027577056,0.287813270162043,0.415652173913044,0.0290245751576037,0.298050139275766,7,0.429725710453122,449,160
TBX3,Gene,17,0,0,0,0,0,0.274459613196815,16,0.0625,0.469879518072289,-0.171214636408707,0.286801924638941,0.106086956521739,3,0.666666666666667,0.47329650092081,0.848146241356958,-0.00469435689121305,0.034134007585335,0.705239501685638,0.606978286303917,0.139130434782609,-0.196414820242579,0.838440111420613,7,0.429504662371502,450,161
hsa-miR-378a,miRNA,4,4.9310009291081,0,0,0,0,0.172354948805461,3,0,0.20223752151463,-1.87837234706617,5.13828579772625e-51,0.874782608695652,,,,,-0.00499447658044113,,0.178010471204188,0.0863858873254676,0.72,,,5,0.429477110043986,451,172
CTSB,Gene,10,0,94,0,0,6,0.395620022753129,4,0,0.20223752151463,0.478142381934783,1.33202386663906e-12,0.461739130434783,3,1,1,0.605487465176431,-0.0129672731525591,0.00252844500632111,0.424327301193696,0.221056144384516,0.488695652173913,0.133690948484988,0.0334261838440111,7,0.429435115987737,452,162
hsa-miR-520d,miRNA,21,92.4063856475984,78,1,5,0,0.591296928327645,20,0.05,0.444061962134251,-0.0115090511860175,0.720441052568446,0.0226086956521739,,,,,-0.243529910714286,,0.994764397905759,0.674328595331092,0.0921739130434783,,,5,0.428981179412662,453,173
S100A2,Gene,9,204.405684904193,0,0,0,0,0.358077360637088,8,0,0.20223752151463,-0.660033184602344,0.012162052736554,0.348695652173913,3,0.666666666666667,0.47329650092081,0.639899742582306,0.0351481226921059,0,0.405914047901109,0.0869546525372005,0.716521739130435,-0.0315289024438957,0.484679665738162,7,0.427060355430878,454,163
LOX,Gene,28,0,211,0,0,14,0.555176336746303,26,0.192307692307692,0.73407917383821,-0.332102144604903,0.015400304208836,0.229565217391304,3,0.333333333333333,0.138121546961326,0.762391865592994,0.0506529512437448,0.00126422250316056,0.54993456461893,0.105162039506847,0.683478260869565,0.100190593197352,0.0974930362116992,7,0.426835448091048,455,164
ELK1,TF,25,205.415310313522,3,6,0,0,0.563708759954494,11,0,0.20223752151463,0.477747125333845,2.46757737444649e-29,0.576521739130435,3,0.666666666666667,0.47329650092081,0.303249902330357,-0.039245498375146,0.00632111251580278,0.476274191489168,0.837653004250478,0.0243478260869565,-0.0929723873377607,0.671309192200557,7,0.426813675899579,456,119
hsa-miR-107,miRNA,26,239.142737901469,0,0,3,0,0.489761092150171,21,0.0952380952380952,0.546471600688468,0.752813358302123,4.38124698964251e-22,0.607826086956522,,,,,-0.0246472510724035,,0.431064572425829,0.748751241432537,0.0556521739130435,,,5,0.426155105226807,457,174
hsa-miR-146b,miRNA,24,480.817252065082,0,0,4,0,0.520762229806598,13,0.0769230769230769,0.508605851979346,-0.132319600499376,0.243572186402302,0.0991304347826087,,,,,0.105855352430781,,0.804537521815009,0.53063599407752,0.194782608695652,,,5,0.425563729415843,458,175
BHLHE40,Gene,27,0,0,0,0,2,0.327645051194539,23,0,0.20223752151463,0.326518655343921,0.0017737565046476,0.262608695652174,3,1,1,0.622366963717713,-0.00318440242802391,0.00126422250316056,0.317212410624719,0.041196535046946,0.826086956521739,0.136725458504217,0.0306406685236769,7,0.423775900575925,459,165
hsa-miR-132,miRNA,27,454.43589612715,103,0,7,0,0.729806598407281,20,0.1,0.562822719449225,-0.23140418227216,0.00175071362885378,0.229565217391304,,,,,-0.000227591119829465,,0.012216404886562,0.158529510555812,0.584347826086957,,,5,0.423751753244266,460,176
hsa-miR-330,miRNA,29,123.907193746954,0,1,3,0,0.474971558589306,27,0.037037037037037,0.426850258175559,0.336629837702871,0.00032779695195318,0.289565217391304,,,,,-0.0136035677214977,,0.322862129144852,0.147756685856074,0.603478260869565,,,5,0.423545484834117,461,177
hsa-miR-362,miRNA,13,11.9952380952381,1,0,0,0,0.370591581342435,12,0.0833333333333333,0.525817555938038,0.255264669163546,0.00437422174027942,0.228695652173913,,,,,-0.0782693236275397,,0.712041884816754,0.423451215446754,0.27304347826087,,,5,0.422038030506402,462,178
SKIL,Gene,30,150.168583713602,0,0,0,1,0.49089874857793,29,0,0.20223752151463,0.340088518927218,0.00154046823127255,0.28,3,1,1,0.115719370028501,-0.00911259262491781,0.00632111251580278,0.348235351796266,0.634789837258453,0.12,-0.0387476941845399,0.50974930362117,7,0.421588703644285,463,166
CYR61,Gene,13,0,0,0,0,3,0.241751990898749,11,0,0.20223752151463,-1.87198843736506,4.03638684683024e-43,0.850434782608696,,,,0.508168819452532,0.0619256483461942,0.00126422250316056,0.416494939226619,0.312675838335967,0.396521739130435,,,5,0.421488194675826,464,167
hsa-miR-149,miRNA,15,135.306211426611,0,0,2,0,0.399032992036405,13,0.0769230769230769,0.508605851979346,0.42639481897628,0.00156676455998338,0.31304347826087,,,,,-0.0742367116329902,,0.692844677137871,0.546879314189867,0.191304347826087,,,5,0.420966269448116,465,179
THBD,Gene,16,0,123,0,0,8,0.468714448236633,8,0,0.20223752151463,-1.24264485278831,1.08413721781925e-31,0.748695652173913,3,0.666666666666667,0.47329650092081,0.391870265656673,0.0512725829650332,0.00126422250316056,0.357100660324875,0.496561152550651,0.213913043478261,-0.0308302094567637,0.481894150417827,7,0.42083599672385,466,168
CDCA7,Gene,25,0,0,0,0,18,0.313139931740614,23,0,0.20223752151463,0.408803595131859,0.0515734551321808,0.243478260869565,3,1,1,,0.116552606785389,0,0.454797859605094,0.153142120112538,0.589565217391304,0.0840427967282059,0.142061281337047,7,0.420754296065465,467,169
hsa-miR-122,miRNA,20,463.901332837454,0,0,2,0,0.502275312855518,11,0.181818181818182,0.722030981067126,0.0314041822721598,0.245562153020271,0.0591304347826087,,,,,-0.0467906073703366,,0.56369982547993,0.45618533403556,0.255652173913043,,,5,0.420557745619645,468,180
AHR,TF,8,180.061585617909,48,0,0,0,0.498862343572241,5,0,0.20223752151463,-0.95141670264997,3.9992345834666e-21,0.650434782608696,3,0.666666666666667,0.47329650092081,,-0.0216608886144693,0.00252844500632111,0.40203077899413,0.25282918262256,0.453913043478261,0.0395173866630862,0.259052924791086,7,0.419975413697122,469,120
PTHLH,Gene,29,0,0,0,0,27,0.341012514220705,24,0,0.20223752151463,-1.67289097858594,7.22206320397654e-17,0.723478260869565,3,1,1,,-0.0068495478406943,0.00252844500632111,0.306917340948755,0.571027810458509,0.170434782608696,0.0681189675720385,0.194986072423398,7,0.419866641797964,470,170
USF1,TF,19,954.778063347008,10,4,0,0,0.638225255972696,3,0,0.20223752151463,0.679060675846408,8.03211427857445e-34,0.65304347826087,2,0,0.0294659300184162,0.359377355694492,-0.0107261099720723,0.00379266750948167,0.337910011319499,0.469576485667655,0.245217391304348,-0.191602553010703,0.832869080779944,7,0.419852667024343,471,121
MYH9,Gene,32,85.5767413504706,0,0,0,1,0.472127417519909,31,0.032258064516129,0.418244406196213,-0.187787986374322,0.00195249523744349,0.208695652173913,3,0,0.0294659300184162,0.575518270985938,-0.00802730039574215,0.0316055625790139,0.573955454083083,0.418601952342391,0.28,-0.511627092562701,0.949860724233983,7,0.418907083460788,472,171
HEY1,TF,3,79.6923534160109,1,0,0,0,0.310295790671217,1,0,0.20223752151463,-0.805963392985655,1.30080298534753e-15,0.577391304347826,3,0.666666666666667,0.47329650092081,,-0.00107001683657983,0,0.0621277025370314,0.102852788769585,0.685217391304348,-0.0803807352850045,0.618384401114206,7,0.418421516058581,473,122
NR1H4,TF,13,134.94866737488,31,2,0,0,0.530147895335609,5,0,0.20223752151463,-0.344164627612788,3.30184383315369e-06,0.337391304347826,2,0.5,0.243093922651934,,0.00194104900558956,0.00379266750948167,0.31479598459608,0.133436944348591,0.620869565217391,-0.0940135222857454,0.674094707520891,7,0.417518700169194,474,123
HRH1,Gene,4,0,0,0,0,0,0.131683731513083,3,0,0.20223752151463,-0.741283644389004,2.51743137553408e-13,0.541739130434783,3,0.666666666666667,0.47329650092081,,-0.0296409538118511,0.00379266750948167,0.499787258592589,0.0340064452036278,0.841739130434783,0.0518232856557331,0.220055710306407,7,0.415791283388155,475,172
hsa-miR-454,miRNA,19,72.7786660302351,0,1,0,0,0.391638225255973,19,0,0.20223752151463,1.27754556803995,4.00965895883368e-29,0.743478260869565,,,,,0.00281584990684214,,0.108202443280977,0.12958633743815,0.629565217391304,,,5,0.41502433366249,476,181
KDM2A,TF,3,21.5790238894838,0,0,0,0,0.18230944254835,1,0,0.20223752151463,0.0829453533560425,0.124044134140682,0.0982608695652174,3,0.666666666666667,0.47329650092081,0.445455330895983,0.018245401842622,0.011378002528445,0.534736782625795,0.260436343375557,0.443478260869565,-0.701319881088257,0.966573816155989,7,0.414413313457194,477,124
NANOG,TF,25,1595.22377666601,102,4,0,0,0.7693401592719,11,0.0909090909090909,0.536144578313253,-0.269966575508964,0.00363921698123546,0.234782608695652,3,0.666666666666667,0.47329650092081,,0.0730642875774516,0.00126422250316056,0.459002206741379,0.276504936113946,0.424347826086957,0.403545522033093,0.00278551532033426,7,0.414242770764326,478,125
THBS1,Gene,41,0,1034,0,0,19,0.640216154721274,38,0.131578947368421,0.636833046471601,-0.033233939452094,0.786201128040218,0.0304347826086957,3,0,0.0294659300184162,0.470927544560953,0.00670605426420706,0.00884955752212389,0.472379674902283,0.0735781509080259,0.751304347826087,0.0176245391026772,0.337047353760446,7,0.413954470044115,479,173
hsa-miR-371a,miRNA,14,65.6221578400529,0,0,1,0,0.351535836177474,12,0.166666666666667,0.700516351118761,0.0105118601747815,0.357340434810506,0.0395652173913044,,,,,-0.0792122459693779,,0.718150087260035,0.452757521447063,0.259130434782609,,,5,0.413779585346037,480,182
AR,TF,46,7579.80163420837,556,20,5,0,0.939135381114903,21,0,0.20223752151463,-0.812877944633691,0.00175874301319655,0.416521739130435,3,0.333333333333333,0.138121546961326,0.909683035402497,-0.0462379383986755,0.011378002528445,0.825273198428839,0.422088521646966,0.276521739130435,0.100881581199023,0.0947075208913649,7,0.41321694959599,481,126
hsa-miR-92b,miRNA,36,293.063686492898,0,0,3,0,0.556313993174061,32,0.0625,0.469879518072289,0.771365480649188,2.42726533499583e-20,0.603478260869565,,,,,-0.00618661822102674,,0.200698080279232,0.478143261620888,0.234782608695652,,,5,0.41303049221816,482,183
DKK1,Gene,18,125.976080712228,33,0,0,18,0.56683731513083,11,0.272727272727273,0.832185886402754,-0.0735693038430156,0.797969188647638,0.0460869565217391,3,0,0.0294659300184162,0.275590327169275,0.0861827620847458,0,0.312147215332647,0.38162379265546,0.31304347826087,-0.151489152403617,0.782729805013928,7,0.411785226668741,483,174
hsa-miR-192,miRNA,16,416.952452304556,0,0,2,0,0.470136518771331,9,0.222222222222222,0.779690189328744,0.744687578027466,1.20627678971304e-16,0.57304347826087,,,,,0.00596581604560376,,0.197207678883072,0.80223051545353,0.0330434782608696,,,5,0.410624268700977,484,184
hsa-miR-320b,miRNA,17,32.2907565978891,0,0,0,0,0.353811149032992,16,0,0.20223752151463,0.347543695380774,0.00154245554662369,0.283478260869565,,,,,0.0180337446379826,,0.364746945898778,0.0372405936209099,0.834782608695652,,,5,0.407811297202324,485,185
RBM38,Gene,13,0,0,0,0,2,0.241751990898749,12,0.0833333333333333,0.525817555938038,0.302055926050313,0.00248359779284634,0.249565217391304,3,0.666666666666667,0.47329650092081,0.418881118881119,0.00660117357771162,0.00252844500632111,0.292819605792264,0.361124091172501,0.342608695652174,-0.111102162674086,0.721448467966574,7,0.406758290651416,486,175
hsa-miR-136,miRNA,6,192.08865166504,0,0,1,0,0.316268486916951,4,0,0.20223752151463,-0.456366104868914,2.79716093392862e-05,0.36,,,,,-0.0918061936951113,,0.753926701570681,0.316555835362336,0.387826086956522,,,5,0.404051759391757,487,186
hsa-miR-506,miRNA,32,843.34448101071,0,0,6,0,0.588168373151308,28,0,0.20223752151463,0.107700374531835,0.0113405293523712,0.146086956521739,,,,,-0.150714787815764,,0.910994764397906,0.569307098536026,0.172173913043478,,,5,0.403932305725812,488,187
CREBBP,TF,5,1251.58453491009,0,0,0,0,0.399032992036405,1,0,0.20223752151463,-0.195425082761599,0.000337041308528701,0.230434782608696,3,0.333333333333333,0.138121546961326,0.629571733566045,-0.0040635434810867,0.0214917825537295,0.582011404494525,0.309303366303117,0.4,-0.253616949426855,0.871866295264624,7,0.403386363268601,489,127
hsa-miR-216a,miRNA,39,115.359646672563,9,0,1,0,0.624004550625711,38,0.0789473684210526,0.516351118760757,0.0055970661672908,0.92333642654844,0.00608695652173913,,,,,-0.0823221911694614,,0.724258289703316,0.60065157754081,0.144347826086957,,,5,0.403009748339696,490,188
LTBP1,Gene,11,27.2609827244029,86,0,0,1,0.47155858930603,10,0,0.20223752151463,-0.1768696124998,0.133343919269764,0.130434782608696,3,0.333333333333333,0.138121546961326,0.787587599155947,-0.0121850427156,0.0101137800252845,0.696544273509387,0.0100666680480902,0.937391304347826,0.0429990717018308,0.242339832869081,7,0.402661121588139,491,176
hsa-miR-504,miRNA,3,3.6623379955726,0,0,0,0,0.154436860068259,2,0.5,0.957831325301205,-0.296931960049937,0.00519467149973051,0.23304347826087,,,,,,,,0.43454755547345,0.264347826086957,,,4,0.402414872429323,492,189
MKL1,TF,9,27.4051354768052,8,1,0,0,0.375995449374289,4,0,0.20223752151463,-0.23042332357786,1.44659800994666e-06,0.294782608695652,,,,0.316751599207502,0.00174063152649595,0.00252844500632111,0.207290407794577,0.0105794953367078,0.930434782608696,,,5,0.402148153997569,493,128
hsa-miR-324,miRNA,4,12.156739805589,0,0,0,0,0.183731513083049,3,0,0.20223752151463,0.479015293383272,1.63345394767005e-05,0.377391304347826,,,,,0.0317662984386962,,0.471204188481675,0.0574382546509588,0.775652173913044,,,5,0.402043340268045,494,190
HNF4A,TF,81,12119.8184470925,523,0,0,0,0.972127417519909,40,0.025,0.410499139414802,0.13008843896432,0.0767073006438535,0.124347826086957,3,0.333333333333333,0.138121546961326,,-0.049508019302033,0.00505689001264223,0.62340443944442,0.280983689359229,0.422608695652174,0.0935252327187057,0.114206128133705,7,0.400759313316185,495,129
hsa-miR-194,miRNA,18,315.441229034835,0,0,1,0,0.468145620022753,15,0.0666666666666667,0.482788296041308,0.409365480649188,4.38088686694798e-08,0.392173913043478,,,,,0.00988764147060128,,0.270506108202443,0.329531039111149,0.379130434782609,,,5,0.398548874418518,496,191
SOX3,Gene,6,0,0,0,0,0,0.157849829351536,2,0.5,0.957831325301205,0.326029202450063,0.00819622684788282,0.237391304347826,2,0,0.0294659300184162,,0.0712121153882643,0.00252844500632111,0.534666032048231,0.392132868602649,0.300869565217391,-0.0609284445160245,0.571030640668524,7,0.398443518136161,497,177
hsa-miR-421,miRNA,6,4.54620921066187,0,0,0,0,0.196814562002275,5,0,0.20223752151463,0.537566167290887,1.49205294574214e-09,0.447826086956522,,,,,-0.0355807039588663,,0.493891797556719,0.11716872826894,0.650434782608696,,,5,0.398240950127768,498,192
HDAC9,TF,3,257.782096303709,0,0,0,0,0.292093287827076,1,0,0.20223752151463,-0.711460682243439,7.50605917846851e-07,0.466086956521739,3,0.666666666666667,0.47329650092081,,0.167425067293018,0.00505689001264223,0.80665051274285,0.191977536320901,0.521739130434783,0.148364019123974,0.0194986072423398,7,0.397371788172033,499,130
EXT1,Gene,44,0,0,0,0,0,0.394766780432309,43,0,0.20223752151463,-0.150821778694686,0.01735201464149,0.150434782608696,3,0.333333333333333,0.138121546961326,0.345256933041202,0.0182596945668831,0.00379266750948167,0.362881463283388,0.12655485450047,0.63304347826087,-0.270659772682196,0.885793871866295,7,0.395325634989645,500,178
hsa-miR-668,miRNA,5,81.3268854272492,8,0,0,0,0.368031854379977,4,0,0.20223752151463,-0.0333920099875156,0.194578894069312,0.0660869565217391,,,,,-0.160374750805761,,0.93717277486911,0.30479777351508,0.401739130434783,,,5,0.395053647544048,501,193
LMO7,Gene,14,0,0,0,0,0,0.25,13,0,0.20223752151463,0.618522925362632,9.03609059633898e-10,0.470434782608696,3,1,1,0.843581701468774,-0.0555932413094941,0.00252844500632111,0.657444459461136,0.576287507379279,0.165217391304348,0.196358869745132,0.011142061281337,7,0.393782316595735,502,179
hsa-miR-502,miRNA,9,427.06217905718,1,0,0,0,0.48037542662116,7,0,0.20223752151463,0.186328027465668,0.00751416281906958,0.185217391304348,,,,,-0.09927075287986,,0.788830715532286,0.384283534935488,0.309565217391304,,,5,0.393245254472746,503,194
hsa-let-7d,miRNA,27,169.03865718406,432,0,4,0,0.714163822525597,24,0,0.20223752151463,0.217479400749063,0.0190651248756673,0.178260869565217,,,,,0.0709060015598596,,0.673647469458988,0.529046705026842,0.196521739130435,,,5,0.392966284438973,504,195
WNT5A,Gene,13,0,5,0,0,0,0.337599544937429,10,0.3,0.864888123924269,-0.214151433734747,0.185724279419625,0.138260869565217,3,0,0.0294659300184162,0.693041018033018,0.00374852593742761,0,0.319329111209521,0.0403301026098651,0.83304347826087,0.053468000208232,0.214484679665738,7,0.391010248225923,505,180
PCSK2,Gene,11,0,0,0,0,1,0.220420932878271,10,0,0.20223752151463,-0.663146220153853,0.00266057295475959,0.375652173913044,2,0,0.0294659300184162,,0.101711406083452,0.00758533501896334,0.811633709777451,0.00236232723598167,0.973913043478261,0.0890712945518149,0.122562674094708,7,0.390840855096397,506,181
hsa-miR-302d,miRNA,27,70.9242273080417,87,1,4,0,0.61547212741752,23,0.217391304347826,0.771944922547332,0.00090823970037453,0.783574033543834,0.0139130434782609,,,,,0.0434720340569347,,0.545375218150087,0.992555451189751,0,,,5,0.38934106231864,507,196
hsa-miR-613,miRNA,27,123.667813453194,0,0,0,0,0.460466439135381,25,0.12,0.603270223752151,,,,,,,,-0.00230159668963037,,0.0959860383944154,,,,,3,0.386574233760649,508,197
ACTC1,Gene,18,0,4,0,0,0,0.372013651877133,17,0,0.20223752151463,-0.764948343968399,7.79690978252383e-06,0.461739130434783,2,0.5,0.243093922651934,,0.0712448632956366,0,0.378009028889562,0.150862647056391,0.598260869565217,-0.0195644808341677,0.445682451253482,7,0.385862368026677,509,182
MBD2,TF,3,20.4310781297468,0,0,0,0,0.181740614334471,1,1,1,-0.181848822146524,0.00016523606741012,0.232173913043478,3,0.333333333333333,0.138121546961326,0.296335562859848,-0.00766009359157677,0,0.150511466727731,0.102185253238004,0.688695652173913,0.0296981305572781,0.295264623955432,7,0.38378683102805,510,131
CTSV,Gene,6,0,11,0,0,1,0.274175199089875,5,0,0.20223752151463,,,,,,,0.594734379544506,,0.00505689001264223,0.601503247967894,,,-0.0211396377231959,0.456824512534819,4,0.383685120276805,511,183
IRF3,TF,5,14.2254701393766,0,0,0,0,0.198236632536974,1,0,0.20223752151463,0.457375617713381,4.62080611299478e-09,0.42,3,1,1,0.251312536133056,-0.000444414497240711,0.00379266750948167,0.223796867731855,0.362116863406057,0.337391304347826,0.0263964994429005,0.3008356545961,7,0.383213997246769,512,132
AFP,Gene,7,0,0,0,0,0,0.17349260523322,2,0,0.20223752151463,-2.68792192422716,1.15954835326038e-26,0.841739130434783,3,0.666666666666667,0.47329650092081,,-0.0801885077343039,0.00252844500632111,0.557353641123275,0.930179958611254,0.0104347826086957,-0.0140348284397326,0.423398328690808,7,0.383136072932317,513,184
hsa-miR-376b,miRNA,7,68.5918255418195,31,0,0,0,0.423777019340159,6,0,0.20223752151463,-0.373742197253433,2.59531693579031e-10,0.4,,,,,-0.0767390174328757,,0.706806282722513,0.564593739400628,0.177391304347826,,,5,0.382042425585026,514,198
MAPK7,Gene,6,626.840558156171,4,0,0,1,0.472411831626849,4,0.5,0.957831325301205,-0.133931215915815,0.0120135251547048,0.154782608695652,3,0.666666666666667,0.47329650092081,0.527875626608861,0.00433964083708657,0.00126422250316056,0.267492145469123,0.721085316117012,0.0626086956521739,0.0341089472114794,0.278551532033426,7,0.380996377099891,515,185
hsa-miR-188,miRNA,5,462.00732896998,0,0,0,0,0.354664391353811,4,0,0.20223752151463,0.553889513108615,5.77302164772916e-11,0.466086956521739,,,,,-0.0495351583690805,,0.586387434554974,0.39848558986973,0.293913043478261,,,5,0.380657869484683,516,199
ETV4,TF,14,50.0467181454611,26,0,6,1,0.479237770193402,5,0,0.20223752151463,0.106916790609157,0.616281090290137,0.0652173913043478,3,0.666666666666667,0.47329650092081,,-0.00136473801580084,0,0.0691085053293526,0.0678438345146386,0.761739130434783,-0.0743932645002723,0.607242339832869,7,0.379725594218599,517,133
hsa-miR-30b,miRNA,41,418.578135205763,251,0,12,0,0.816552901023891,35,0.0857142857142857,0.53184165232358,-0.322888264669163,0.000434958509658176,0.275652173913044,,,,,-0.00777212205901467,,0.233856893542757,0.778201162811622,0.04,,,5,0.379580724160654,518,200
DBI,Gene,2,0,0,0,0,0,0.108646188850967,1,0,0.20223752151463,-0.158645988261446,0.0607527797756963,0.136521739130435,3,0.666666666666667,0.47329650092081,0.515066785727543,-0.00128538083067623,0,0.174642636874026,0.0647754414516515,0.763478260869565,-0.157992964411341,0.785515320334262,7,0.377762595499242,519,186
hsa-miR-33a,miRNA,13,63.5556404711573,0,1,0,0,0.342718998862344,11,0.272727272727273,0.832185886402754,0.846826466916355,4.9804915293051e-13,0.561739130434783,,,,,0.00349949152909568,,0.137870855148342,0.903204737027474,0.0139130434782609,,,5,0.377685582865297,520,201
hsa-miR-409,miRNA,12,156.463615681249,1,0,0,0,0.456484641638225,11,0,0.20223752151463,-0.390266853932585,0.0004566583782752,0.303478260869565,,,,,-0.12187692880974,,0.846422338568936,0.697313557525806,0.071304347826087,,,5,0.375985422083489,521,202
hsa-miR-138,miRNA,16,74.9213865001196,0,0,0,0,0.376848691695108,15,0.0666666666666667,0.482788296041308,0.0563089887640449,0.479856184867056,0.0539130434782609,,,,,-0.0852784943743956,,0.736474694589878,0.486574821607009,0.226086956521739,,,5,0.375222336465259,522,203
CDH3,Gene,7,37.5003783469041,0,0,0,0,0.256257110352674,2,0,0.20223752151463,-0.471819235874554,0.0317768789858509,0.28,3,0.666666666666667,0.47329650092081,0.858077692992637,0.0953161234238917,0.00252844500632111,0.713168789569798,0.358560557835672,0.347826086956522,0.012096399804711,0.353760445682451,7,0.375220922142412,523,187
hsa-miR-135b,miRNA,21,306.402001474355,0,0,1,0,0.481513083048919,15,0.133333333333333,0.641135972461274,0.299852684144819,0.0510319394070235,0.197391304347826,,,,,-0.0357601295550065,,0.495636998254799,0.76257239066794,0.0469565217391304,,,5,0.37252677597039,524,204
SIX1,TF,7,11.647715192818,0,0,0,0,0.222696245733788,3,0,0.20223752151463,0.68618696924627,0.00219909554739512,0.384347826086957,3,0.666666666666667,0.47329650092081,,0.0538872739647879,0.00252844500632111,0.502379819133746,0.77219187440843,0.0452173913043478,-0.140752928650694,0.766016713091922,7,0.370884573969457,525,134
VCAM1,Gene,15,0,395,0,0,0,0.49032992036405,7,0,0.20223752151463,-0.38297501959091,0.00444414893254883,0.276521739130435,3,0.666666666666667,0.47329650092081,0.655346966448831,0.0924976570691969,0.00632111251580278,0.729392929773701,0.578354220696483,0.163478260869565,0.040586706033648,0.250696378830084,7,0.369421893057611,526,188
HIF1A,TF,108,14579.320401213,669,76,14,0,0.98037542662116,48,0.270833333333333,0.827882960413081,-0.0178529962097579,0.879002451299303,0.0121739130434783,3,0,0.0294659300184162,,0.0170643414648238,0.00505689001264223,0.513456795465363,0.572001585017405,0.168695652173913,0.125912251722009,0.0473537604456825,7,0.368486348311585,527,135
YBX1,TF,5,138.969913791001,45,0,1,0,0.44283276450512,1,0,0.20223752151463,-0.223389867101665,0.00466444420774606,0.208695652173913,3,0.333333333333333,0.138121546961326,0.555816927070183,-0.00179636238571861,0,0.203571313466073,0.328483866457277,0.380869565217391,-1.34665170264726,0.991643454038997,7,0.366853116839636,528,136
FHL2,Gene,10,142.280017975142,0,0,0,2,0.350967007963595,7,0,0.20223752151463,-0.452632778390826,0.000707954101624554,0.328695652173913,3,0.333333333333333,0.138121546961326,0.599763580582659,0.011733530352739,0.00505689001264223,0.504593831439954,0.247565919770763,0.460869565217391,-0.0551505335233991,0.554317548746518,7,0.362828953431047,529,189
CUX1,TF,3,26.2939984208345,0,0,0,0,0.186291240045506,1,0,0.20223752151463,0.152271026243823,0.0219510712389936,0.147826086956522,3,1,1,0.627554659666763,0.00294275149781972,0.00884955752212389,0.533289333834048,0.272910099753132,0.427826086956522,0.132391667588298,0.0362116991643454,7,0.36195456692451,530,137
hsa-miR-1251,miRNA,4,4.95519006934431,0,0,0,0,0.17292377701934,3,0,0.20223752151463,0.223048064918851,0.00445687801086845,0.208695652173913,,,,,-0.0757858898565798,,0.701570680628272,0.19402752871786,0.52,,,5,0.361085526267231,531,205
ETV5,TF,3,0.288210948362273,0,0,0,0,0.148179749715586,1,0,0.20223752151463,-1.35018031633322,2.03237907730496e-40,0.788695652173913,3,0.666666666666667,0.47329650092081,,0.0418514971698001,0.00505689001264223,0.600716830369377,0.784863476648784,0.0365217391304348,0.0344824088833592,0.275766016713092,7,0.360773430076835,532,138
hsa-miR-18b,miRNA,25,147.959111071582,237,0,6,0,0.678043230944255,17,0.0588235294117647,0.458691910499139,-0.00115605493133591,0.980068147897108,0.00173913043478261,,,,,-0.0296711963689933,,0.457242582897033,0.52291402193643,0.2,,,5,0.359143370955042,533,206
RNF144A,Gene,21,0,0,0,0,0,0.295221843003413,20,0,0.20223752151463,-0.640640582769595,1.59138996594366e-10,0.489565217391304,3,0.666666666666667,0.47329650092081,,0.0204324505980734,0.00252844500632111,0.395922576550849,0.117102456087151,0.652173913043478,0.223444241117315,0.00557103064066852,7,0.359141229009308,534,190
DAPK1,Gene,22,0,0,0,0,1,0.300341296928328,19,0.0526315789473684,0.448364888123924,-0.108424331110365,0.387344276516999,0.0773913043478261,3,0.333333333333333,0.138121546961326,0.526612427951576,0.0481978665429372,0.00632111251580278,0.581309418688445,0.17883341935364,0.542608695652174,-0.0104393033367914,0.403899721448468,7,0.35600526745007,535,191
RB1,TF,7,1248.1064043158,7,0,0,0,0.532423208191126,2,0,0.20223752151463,-0.425961553839019,2.73565633153868e-07,0.387826086956522,3,0.666666666666667,0.47329650092081,0.421325926993569,-0.000480160548295722,0.0252844500632111,0.428108539695615,0.268351831019633,0.431304347826087,0.222873246918454,0.00835654596100279,7,0.351936107295113,536,139
IL15,Gene,12,0,0,0,0,1,0.231513083048919,10,0.1,0.562822719449225,-0.479000543747701,2.39034781492718e-05,0.37304347826087,3,0.333333333333333,0.138121546961326,,-0.01050991440812,0.00379266750948167,0.413399824037616,0.160828260048942,0.580869565217391,0.0868220557220708,0.128133704735376,7,0.346843417387246,537,192
DDIT3,TF,4,1247.42680906147,7,0,0,0,0.49004550625711,1,0,0.20223752151463,-0.0175618513009961,0.835366163348023,0.0156521739130435,3,0.666666666666667,0.47329650092081,,0.0319004641160074,0,0.275914788051866,0.6105281405333,0.135652173913044,-0.188963949632389,0.827298050139276,7,0.345728102101397,538,140
hsa-miR-338,miRNA,13,60.5683282359319,0,0,0,0,0.341581342434585,11,0.0909090909090909,0.536144578313253,0.0231835205992505,0.870808847538364,0.0191304347826087,,,,,-0.0310881317136005,,0.464223385689354,0.335150289888064,0.36695652173913,,,5,0.345607252591786,539,207
S100A10,Gene,3,0,0,0,0,0,0.118885096700796,2,0,0.20223752151463,-0.418661421100609,0.000194009390343829,0.330434782608696,3,0.666666666666667,0.47329650092081,0.528781261122509,0.00620691047805688,0.00126422250316056,0.282243759600221,0.0476707213436648,0.810434782608696,0.0710317192003707,0.175487465181059,7,0.341859987019273,540,193
hsa-miR-320a,miRNA,23,126.506446398511,0,0,4,0,0.440557451649602,19,0.210526315789474,0.761617900172117,-0.344450062421973,0.000278767629293481,0.297391304347826,,,,,0.00536699825237961,,0.18673647469459,0.902749009541961,0.0156521739130435,,,5,0.340391060955436,541,208
CTCF,TF,6,368.367007498777,18,0,0,0,0.481797497155859,2,0,0.20223752151463,-0.0362113579299206,0.354805346152642,0.0547826086956522,3,0.333333333333333,0.138121546961326,0.187564047132964,-0.0067852726254638,0.0202275600505689,0.410904248768053,0.67468876500845,0.0904347826086957,-1.83290390132422,0.997214484679666,7,0.339356098626269,542,141
MSC,Gene,2,4.66174780988728,0,0,0,0,0.148748577929465,1,0,0.20223752151463,0.486173535479538,0.00012166170283103,0.365217391304348,2,0.5,0.243093922651934,,0.193298349200953,0.00126422250316056,0.601236063634921,0.249803904259149,0.457391304347826,0.0147200984409118,0.345403899721449,7,0.337618383014939,543,194
SLC1A3,Gene,7,0,0,0,0,0,0.17349260523322,6,0,0.20223752151463,-1.27217083273361,1.76421339818644e-27,0.73304347826087,3,0.333333333333333,0.138121546961326,,0.0876723862158118,0.00252844500632111,0.568697445660797,0.426921272095656,0.271304347826087,0.0351162611894585,0.270194986072423,7,0.336727418789907,544,195
hsa-miR-425,miRNA,13,55.9882233712584,0,0,3,0,0.339306029579067,10,0,0.20223752151463,0.817952247191012,4.57543809590184e-15,0.578260869565217,,,,,-0.0404292317526344,,0.525305410122164,0.813000645752542,0.0278260869565217,,,5,0.33458718354752,545,209
FBXO32,Gene,42,407.992932545004,0,0,0,10,0.594141069397042,40,0,0.20223752151463,-0.859020614434902,2.78219345670239e-13,0.568695652173913,3,0.666666666666667,0.47329650092081,,0.00538433731241961,0.00379266750948167,0.366279405189448,0.677359431693831,0.0869565217391304,0.132018539918303,0.0389972144846797,7,0.332943412202808,546,196
hsa-miR-361,miRNA,18,74.1406979913162,0,0,3,0,0.389078498293515,15,0.133333333333333,0.641135972461274,-0.185139513108615,0.00543452499092395,0.188695652173913,,,,,,,,0.652836234786299,0.102608695652174,,,4,0.330379704645219,547,210
PERP,Gene,6,79.8667490639907,0,0,0,0,0.271331058020478,5,0,0.20223752151463,-0.266833469270258,0.0327483797742988,0.198260869565217,3,0.333333333333333,0.138121546961326,,-0.0162631687958268,0.00505689001264223,0.507348593022082,0.347945288368565,0.354782608695652,-0.0815751625596315,0.626740947075209,7,0.328403306407799,548,197
MECP2,TF,3,765.437990036788,0,0,0,0,0.348407281001138,1,0,0.20223752151463,-0.485665531193527,9.11657309770318e-26,0.56695652173913,3,0.333333333333333,0.138121546961326,0.28120728915436,-0.039696544610985,0.00126422250316056,0.291307312196836,0.106357175318257,0.676521739130435,0.143097399086408,0.0222841225626741,7,0.320833720729453,549,142
WWC1,Gene,29,0,0,0,0,0,0.341012514220705,28,0.0357142857142857,0.424268502581756,0.33239201010731,0.000390942743751372,0.281739130434783,3,0.333333333333333,0.138121546961326,0.614930231045058,0.00558809946271513,0.011378002528445,0.563191454089968,0.367345664905836,0.32695652173913,0.0726563338177909,0.161559888579387,7,0.319549936943865,550,198
hsa-miR-1197,miRNA,6,12.1287371659517,16,0,0,0,0.332764505119454,5,0,0.20223752151463,-0.0209906367041199,0.282103965358523,0.0521739130434783,,,,,-0.160309389026849,,0.93542757417103,0.695048521898742,0.0730434782608696,,,5,0.319129398421892,551,211
SDC4,Gene,6,17.0496079455237,28,0,0,0,0.35580204778157,5,0,0.20223752151463,0.23719386204801,0.00771866372196926,0.206086956521739,3,0.333333333333333,0.138121546961326,0.585481592882348,-0.00316255049426507,0.00126422250316056,0.291939319034001,0.136983594074226,0.615652173913044,-0.0118118425925347,0.412256267409471,7,0.31744226187654,552,199
HES1,TF,15,271.125967511186,7,0,0,0,0.539817974971559,7,0,0.20223752151463,0.221111884085785,0.0102649458386704,0.193913043478261,3,0.333333333333333,0.138121546961326,0.477357097416761,-0.0043602004154716,0.00126422250316056,0.243382521010458,0.609716768001944,0.137391304347826,-0.134257632266398,0.760445682451254,7,0.316472799247902,553,143
hsa-let-7i,miRNA,33,234.362177589027,0,0,5,0,0.525881683731513,27,0,0.20223752151463,-0.695716604244694,2.51199880311485e-17,0.569565217391304,,,,,-0.0032511413996983,,0.1239092495637,0.604282568072961,0.140869565217391,,,5,0.312492647483708,554,212
SREBF2,TF,20,1668.12609512881,26,6,2,0,0.698236632536974,9,0,0.20223752151463,0.138837659326073,0.05374597576974,0.130434782608696,3,0.666666666666667,0.47329650092081,0.361825470243602,-0.00300854446803492,0.00252844500632111,0.233389417411135,0.893459193016696,0.0173913043478261,-0.0155951265954917,0.431754874651811,7,0.312391576284555,555,144
GRHL1,Gene,21,0,0,0,0,6,0.295221843003413,19,0.210526315789474,0.761617900172117,-0.251662908410497,0.0398724450063573,0.190434782608696,3,0.333333333333333,0.138121546961326,0.773836036988991,-0.00175625552450278,0.00252844500632111,0.441068300482689,0.490885402124549,0.220869565217391,0.0857912005960599,0.133704735376045,7,0.311576953403097,556,200
SCG3,Gene,2,0,0,0,0,1,0.108646188850967,1,0,0.20223752151463,-1.47287122775033,8.54114592756114e-14,0.674782608695652,2,0,0.0294659300184162,0.386381477620305,0.111565464881494,0.00758533501896334,0.629002727280443,0.242438831958755,0.467826086956522,0.119993821479219,0.0557103064066852,7,0.309667338531902,557,201
hsa-miR-375,miRNA,11,30.7626122599523,0,0,0,0,0.296359499431172,9,0,0.20223752151463,1.4780493133583,8.91394881026673e-10,0.633913043478261,,,,,-0.0153272484004219,,0.340314136125655,0.68933574951041,0.0747826086956522,,,5,0.309521361849074,558,213
hsa-miR-542,miRNA,12,39.7120747353325,0,0,1,0,0.31712172923777,10,0.1,0.562822719449225,-0.0285533707865168,0.791718945462213,0.0260869565217391,,,,,-0.0417853308635557,,0.535776614310646,0.659857216556676,0.0973913043478261,,,5,0.307839864773441,559,214
BAG3,Gene,2,3.96723479633853,2,0,0,0,0.229237770193402,1,0,0.20223752151463,0.0354423547473976,0.664109412292994,0.0373913043478261,3,0.666666666666667,0.47329650092081,0.724734238534312,-0.00391421270418996,0.00126422250316056,0.384133316405427,0.486262584952212,0.227826086956522,-0.0516923149481767,0.545961002785515,7,0.300011929017733,560,202
hsa-miR-28,miRNA,5,15.8533416976482,0,0,0,0,0.199374288964733,4,0,0.20223752151463,-0.547155742821473,1.72556477836092e-17,0.52695652173913,,,,,0.00849614454699077,,0.2478184991274,0.390582602400956,0.304347826086957,,,5,0.29614693148657,561,215
PAX6,TF,6,94.2673347449062,0,0,0,0,0.27872582480091,1,0,0.20223752151463,-0.517390490812263,8.87389211167262e-07,0.411304347826087,3,0,0.0294659300184162,,0.139195650632588,0.00252844500632111,0.635887672536887,0.575563189805521,0.16695652173913,0.0145692856744178,0.348189415041783,7,0.296109604782549,562,145
hsa-miR-331,miRNA,5,1.88033649448412,0,0,0,0,0.176621160409556,4,0,0.20223752151463,0.677433520599251,1.84079903591092e-13,0.530434782608696,,,,,0.00103361049727779,,0.0453752181500873,0.191415514370728,0.525217391304348,,,5,0.295977214797463,563,216
hsa-miR-499a,miRNA,2,0,0,0,0,0,0.108646188850967,1,0,0.20223752151463,0.049321161048689,0.113613857868239,0.0869565217391304,,,,,0.0309861882478195,,0.462478184991274,0.133594929763073,0.619130434782609,,,5,0.295889770375722,564,217
ZBTB7A,TF,3,1.45220540753559,0,1,0,0,0.149886234357224,1,0,0.20223752151463,0.114315357674039,0.0200700301693586,0.135652173913043,3,0.333333333333333,0.138121546961326,0.390396737601817,0.0366606371966753,0.00126422250316056,0.324897039212973,0.549842256071901,0.189565217391304,-0.342185177180999,0.922005571030641,7,0.294623614911592,565,146
HSF2,TF,7,2.60781483993545,0,0,0,0,0.207337883959044,3,0,0.20223752151463,-0.248507092708983,6.74594775518521e-06,0.29304347826087,3,0.333333333333333,0.138121546961326,0.268642951251647,-0.000500083665197416,0.00126422250316056,0.121771478127358,0.164209757105961,0.573913043478261,-0.0432702930370525,0.523676880222841,7,0.29430026178919,566,147
CDX2,TF,3,73.7918728584793,0,1,0,0,0.227246871444824,1,0,0.20223752151463,0.102622942954469,0.338150778018453,0.08,2,0.5,0.243093922651934,,0.219951410270651,0.00126422250316056,0.609962067125323,0.776201747046303,0.0434782608695652,-0.0850750115465816,0.646239554317549,7,0.293179742560546,567,148
NF1,TF,4,173.4954273026,3,0,0,0,0.372582480091012,1,0,0.20223752151463,-0.345950119144717,1.21680676090988e-05,0.328695652173913,3,0,0.0294659300184162,0.608326897859624,0.00170577447423677,0.0379266750948167,0.539939977156823,0.453433152009276,0.257391304347826,0.0316703367745825,0.286908077994429,7,0.288174420471007,568,149
GJB1,Gene,4,0,2,0,0,0,0.215585893060296,2,0,0.20223752151463,-1.09039277775113,5.89005022291254e-05,0.503478260869565,3,0.333333333333333,0.138121546961326,,-0.0679639637332642,0.00126422250316056,0.447658402203857,0.316412807127686,0.389565217391304,0.0988336294890505,0.103064066852368,7,0.285672986979049,569,203
HSD17B2,Gene,4,0,0,0,0,0,0.131683731513083,1,0,0.20223752151463,-2.5356173135665,3.96103109452017e-22,0.805217391304348,3,0.333333333333333,0.138121546961326,0.546195719310261,0.0353642925386715,0.00252844500632111,0.442138402968343,0.479157312295154,0.23304347826087,0.174035147016619,0.0139275766016713,7,0.280909949874896,570,204
GATA1,TF,21,1658.39468709454,8,3,2,0,0.67292377701934,10,0,0.20223752151463,-0.0767080074845274,0.450579518273374,0.0643478260869565,2,0,0.0294659300184162,,-0.0313276332921704,0,0.271551786306665,0.299401578401454,0.40695652173913,0.0254918067411784,0.306406685236769,7,0.27912714970313,571,150
FOXF2,TF,9,50.5027306463159,0,0,0,0,0.2886803185438,3,0,0.20223752151463,-0.0450266276447724,0.730234312176026,0.0365217391304348,3,0.666666666666667,0.47329650092081,,0.143819370459436,0,0.481848470425339,0.592503215665512,0.154782608695652,0.0298474936768446,0.292479108635098,7,0.275692323980823,572,151
hsa-miR-212,miRNA,31,189.800071093188,103,0,8,0,0.699943117178612,27,0,0.20223752151463,-0.0530605493133584,0.632771077927681,0.0434782608695652,,,,,-0.000881243515356234,,0.0401396160558464,0.33177278523814,0.373913043478261,,,5,0.271942311819383,573,218
MYOD1,TF,12,835.690824567413,0,1,0,0,0.465017064846416,6,0,0.20223752151463,0.0586493467031299,0.3983420049278,0.0573913043478261,3,0.333333333333333,0.138121546961326,,0.153543160394731,0,0.500173077755182,0.850935345146181,0.0226086956521739,-0.0400902679004403,0.515320334261839,7,0.271552792191342,574,152
hsa-miR-374a,miRNA,25,41.8471533543027,0,1,0,0,0.400455062571104,24,0.0833333333333333,0.525817555938038,-0.019348314606742,0.8207732276501,0.0208695652173913,,,,,-0.0127269204327168,,0.31064572425829,0.676677029319234,0.088695652173913,,,5,0.269296712031747,575,219
SYP,Gene,4,0,81,0,0,0,0.309158134243459,3,0,0.20223752151463,0.184552047849796,0.278825110117416,0.117391304347826,2,0.5,0.243093922651934,0.479941115337283,-0.0536446615042743,0.00758533501896334,0.592116510056821,0.720859818277597,0.0643478260869565,0.020859702841686,0.325905292479109,7,0.264892930197248,576,205
CDX1,TF,3,8.87425609913184,4,0,0,0,0.257679180887372,1,0,0.20223752151463,0.639239472884581,3.34927980090434e-08,0.465217391304348,3,0,0.0294659300184162,,-0.000802445643225624,0,0.0577647007918307,0.0703925953337765,0.754782608695652,0.114441779626167,0.064066852367688,7,0.26160202651142,577,153
hsa-miR-190a,miRNA,8,7.23617974781503,0,0,0,0,0.23037542662116,7,0,0.20223752151463,-0.469101123595506,4.71572224872902e-08,0.414782608695652,,,,,-0.0252679098314486,,0.43630017452007,0.933336180982033,0.00869565217391304,,,5,0.258478276705085,578,220
SOX1,Gene,16,0,0,0,0,0,0.267349260523322,15,0.0666666666666667,0.482788296041308,-0.0701435334005022,0.18492117938578,0.0843478260869565,2,0.5,0.243093922651934,,0.207858972841111,0.00126422250316056,0.606471665729162,0.748650958339403,0.0573913043478261,0.127893070435443,0.0445682451253482,7,0.255144360072265,579,206
KCTD11,Gene,3,0,0,0,0,0,0.118885096700796,2,0,0.20223752151463,-0.0396893441443171,0.518627422260973,0.0452173913043478,3,0.666666666666667,0.47329650092081,,0.0183819854557535,0,0.225303967807538,0.686087627968337,0.08,-0.0576936487609237,0.568245125348189,7,0.244740800513759,580,207
hsa-miR-760,miRNA,11,33.9072923203969,0,0,1,0,0.302047781569966,10,0,0.20223752151463,1.04378339575531,1.0792616538431e-15,0.630434782608696,,,,,0.000210062039870979,,0.0104712041884817,0.687057473666204,0.0782608695652174,,,5,0.244690431889398,581,221
GATA6,TF,8,101.084811138241,5,0,0,0,0.405290102389079,2,0,0.20223752151463,-0.831988677253754,5.42185512059407e-11,0.538260869565217,3,0.333333333333333,0.138121546961326,,-0.00091909601802509,0,0.059509901489911,0.713429336149266,0.0678260869565218,0.0405081974630296,0.253481894150418,7,0.237818274718157,582,154
REL,TF,9,51.18299821094,0,0,0,0,0.289249146757679,2,0,0.20223752151463,-0.179730684962178,0.195577468785944,0.122608695652174,3,0,0.0294659300184162,0.618682446937069,0.00131869194629625,0.00126422250316056,0.29157304234428,0.463771054294451,0.250434782608696,-0.00575534900434807,0.387186629526462,7,0.224679392631762,583,155
hsa-miR-491,miRNA,3,0.867742426680238,0,0,0,0,0.149317406143345,2,0,0.20223752151463,-0.335106117353308,3.38636644202331e-06,0.328695652173913,,,,,,,,0.495080288052979,0.215652173913043,,,4,0.223975688436233,584,222
NR1H2,TF,5,32.6109731133296,0,1,0,0,0.223833902161547,2,0,0.20223752151463,0.0696827072238483,0.221142231730131,0.0765217391304348,3,0.666666666666667,0.47329650092081,0.111553593666328,0.00616955761250002,0.00379266750948167,0.253163639972391,0.63480239608444,0.118260869565217,0.0712777041863986,0.16991643454039,7,0.216747229686489,585,156
MAFB,TF,3,5.96905788288205,0,1,0,0,0.161262798634812,1,0,0.20223752151463,-0.251534088183083,0.0035031668528558,0.228695652173913,3,0.666666666666667,0.47329650092081,0.398761851536066,0.032985702962289,0.00126422250316056,0.320659720645618,0.974219727589855,0.00347826086956522,0.102180677722606,0.0891364902506964,7,0.211252420715721,586,157
hsa-miR-802,miRNA,9,10.1399688291881,0,0,2,0,0.244311717861206,8,0,0.20223752151463,0.0570923845193508,0.12387276292976,0.0878260869565217,,,,,-0.00965762966332995,,0.265270506108203,0.778133702269204,0.0417391304347826,,,5,0.168276992575069,587,223
